INSERT INTO "Table" ("tableId", "tableName", "schemaId")
VALUES (1, "Books", 3);

INSERT INTO "Table" ("tableId", "tableName", "schemaId")
VALUES (2, "Authors", 3);

INSERT INTO "Table" ("tableId", "tableName", "schemaId")
VALUES (3, "Publishers", 3);

INSERT INTO "Table" ("tableId", "tableName", "schemaId")
VALUES (4, "Customers", 3);

INSERT INTO "Table" ("tableId", "tableName", "schemaId")
VALUES (5, "Orders", 3);

INSERT INTO "Column" ("columnName", "tableId", "columnTypeId")
VALUES
    ('book_id', 1, 7),
    ('title', 1, 11),
    ('author', 1, 11),
    ('publication_date', 1, 4),
    ('publisher', 1, 11),
    ('price', 1, 5),
    ('category_id', 1, 7);

INSERT INTO "Column" ("columnName", "tableId", "columnTypeId")
VALUES
    ('author_id', 2, 7),
    ('first_name', 2, 11),
    ('last_name', 2, 11),
    ('birth_date', 2, 4),
    ('country', 2, 11);

INSERT INTO "Column" ("columnName", "tableId", "columnTypeId")
VALUES
    ('publisher_id', 3, 7),
    ('publisher_name', 3, 11),
    ('established_date', 3, 4),
    ('country', 3, 11),
    ('website', 3, 11);

INSERT INTO "Column" ("columnName", "tableId", "columnTypeId")
VALUES
    ('customer_id', 4, 7),
    ('first_name', 4, 11),
    ('last_name', 4, 11),
    ('email', 4, 11),
    ('phone_number', 4, 11),
    ('address', 4, 11),
    ('city', 4, 11),
    ('state', 4, 11),
    ('zip_code', 4, 11),
    ('country', 4, 11);

INSERT INTO "Column" ("columnName", "tableId", "columnTypeId")
VALUES
    ('order_id', 5, 7),
    ('customer_id', 5, 7),
    ('order_date', 5, 4),
    ('total_amount', 5, 5),
    ('status', 5, 11),
    ('shipping_address', 5, 11),
    ('shipping_city', 5, 11),
    ('shipping_state', 5, 11),
    ('shipping_zip_code', 5, 11),
    ('shipping_country', 5, 11);

SELECT 'author' FROM Books;
INSERT INTO "SqlQuery" ("queryId", "userId", "issuedAt", "finishedAt", "hasError", "errorMessage", "statement", "projectId", "queryTypeId")
    VALUES ('1', '9', '2023-04-24 22:04:14.760581', '2023-04-24 22:04:18.760581', 'False', 'None', 'SELECT author FROM Books', '3', '1');
INSERT INTO "QueryColumnAccess" ("queryId", "columnId")
    VALUES ('1', '3');
INSERT INTO "QueryTableAccess" ("queryId", "tableId")
    VALUES ('1', '1');
SELECT 'order_date' FROM Orders;
INSERT INTO "SqlQuery" ("queryId", "userId", "issuedAt", "finishedAt", "hasError", "errorMessage", "statement", "projectId", "queryTypeId")
    VALUES ('2', '1', '2023-06-19 22:04:14.760614', '2023-06-19 22:04:15.760614', 'False', 'None', 'SELECT order_date FROM Orders', '3', '1');
INSERT INTO "QueryColumnAccess" ("queryId", "columnId")
    VALUES ('2', '3');
INSERT INTO "QueryTableAccess" ("queryId", "tableId")
    VALUES ('2', '5');
SELECT 'publisher' FROM Books;
INSERT INTO "SqlQuery" ("queryId", "userId", "issuedAt", "finishedAt", "hasError", "errorMessage", "statement", "projectId", "queryTypeId")
    VALUES ('3', '1', '2023-04-19 22:04:14.760624', '2023-04-19 22:04:16.760624', 'False', 'None', 'SELECT publisher FROM Books', '3', '1');
INSERT INTO "QueryColumnAccess" ("queryId", "columnId")
    VALUES ('3', '5');
INSERT INTO "QueryTableAccess" ("queryId", "tableId")
    VALUES ('3', '1');
SELECT 'phone_number' FROM Customers;
INSERT INTO "SqlQuery" ("queryId", "userId", "issuedAt", "finishedAt", "hasError", "errorMessage", "statement", "projectId", "queryTypeId")
    VALUES ('4', '15', '2023-04-12 22:04:14.760637', '2023-04-12 22:04:16.760637', 'False', 'None', 'SELECT phone_number FROM Customers', '3', '1');
INSERT INTO "QueryColumnAccess" ("queryId", "columnId")
    VALUES ('4', '5');
INSERT INTO "QueryTableAccess" ("queryId", "tableId")
    VALUES ('4', '4');
SELECT 'author' FROM Books;
INSERT INTO "SqlQuery" ("queryId", "userId", "issuedAt", "finishedAt", "hasError", "errorMessage", "statement", "projectId", "queryTypeId")
    VALUES ('5', '3', '2023-06-15 22:04:14.760644', '2023-06-15 22:04:16.760644', 'False', 'None', 'SELECT author FROM Books', '3', '1');
INSERT INTO "QueryColumnAccess" ("queryId", "columnId")
    VALUES ('5', '3');
INSERT INTO "QueryTableAccess" ("queryId", "tableId")
    VALUES ('5', '1');
SELECT 'zip_code' FROM Customers;
INSERT INTO "SqlQuery" ("queryId", "userId", "issuedAt", "finishedAt", "hasError", "errorMessage", "statement", "projectId", "queryTypeId")
    VALUES ('6', '15', '2023-06-28 22:04:14.760651', '2023-06-28 22:04:16.760651', 'False', 'None', 'SELECT zip_code FROM Customers', '3', '1');
INSERT INTO "QueryColumnAccess" ("queryId", "columnId")
    VALUES ('6', '9');
INSERT INTO "QueryTableAccess" ("queryId", "tableId")
    VALUES ('6', '4');
SELECT 'zip_code' FROM Customers;
INSERT INTO "SqlQuery" ("queryId", "userId", "issuedAt", "finishedAt", "hasError", "errorMessage", "statement", "projectId", "queryTypeId")
    VALUES ('7', '3', '2023-05-20 22:04:14.760658', '2023-05-20 22:04:16.760658', 'False', 'None', 'SELECT zip_code FROM Customers', '3', '1');
INSERT INTO "QueryColumnAccess" ("queryId", "columnId")
    VALUES ('7', '9');
INSERT INTO "QueryTableAccess" ("queryId", "tableId")
    VALUES ('7', '4');
SELECT 'title' FROM Books;
INSERT INTO "SqlQuery" ("queryId", "userId", "issuedAt", "finishedAt", "hasError", "errorMessage", "statement", "projectId", "queryTypeId")
    VALUES ('8', '4', '2023-04-20 22:04:14.760665', '2023-04-20 22:04:15.760665', 'False', 'None', 'SELECT title FROM Books', '3', '1');
INSERT INTO "QueryColumnAccess" ("queryId", "columnId")
    VALUES ('8', '2');
INSERT INTO "QueryTableAccess" ("queryId", "tableId")
    VALUES ('8', '1');
SELECT 'order_id' FROM Orders;
INSERT INTO "SqlQuery" ("queryId", "userId", "issuedAt", "finishedAt", "hasError", "errorMessage", "statement", "projectId", "queryTypeId")
    VALUES ('9', '11', '2023-04-20 22:04:14.760672', '2023-04-20 22:04:18.760672', 'False', 'None', 'SELECT order_id FROM Orders', '3', '1');
INSERT INTO "QueryColumnAccess" ("queryId", "columnId")
    VALUES ('9', '1');
INSERT INTO "QueryTableAccess" ("queryId", "tableId")
    VALUES ('9', '5');
SELECT 'customer_id' FROM Customers;
INSERT INTO "SqlQuery" ("queryId", "userId", "issuedAt", "finishedAt", "hasError", "errorMessage", "statement", "projectId", "queryTypeId")
    VALUES ('10', '4', '2023-04-12 22:04:14.760679', '2023-04-12 22:04:16.760679', 'False', 'None', 'SELECT customer_id FROM Customers', '3', '1');
INSERT INTO "QueryColumnAccess" ("queryId", "columnId")
    VALUES ('10', '1');
INSERT INTO "QueryTableAccess" ("queryId", "tableId")
    VALUES ('10', '4');
SELECT 'country' FROM Authors;
INSERT INTO "SqlQuery" ("queryId", "userId", "issuedAt", "finishedAt", "hasError", "errorMessage", "statement", "projectId", "queryTypeId")
    VALUES ('11', '13', '2023-06-02 22:04:14.760686', '2023-06-02 22:04:17.760686', 'False', 'None', 'SELECT country FROM Authors', '3', '1');
INSERT INTO "QueryColumnAccess" ("queryId", "columnId")
    VALUES ('11', '5');
INSERT INTO "QueryTableAccess" ("queryId", "tableId")
    VALUES ('11', '2');
SELECT 'country' FROM Authors;
INSERT INTO "SqlQuery" ("queryId", "userId", "issuedAt", "finishedAt", "hasError", "errorMessage", "statement", "projectId", "queryTypeId")
    VALUES ('12', '14', '2023-06-18 22:04:14.760693', '2023-06-18 22:04:16.760693', 'False', 'None', 'SELECT country FROM Authors', '3', '1');
INSERT INTO "QueryColumnAccess" ("queryId", "columnId")
    VALUES ('12', '5');
INSERT INTO "QueryTableAccess" ("queryId", "tableId")
    VALUES ('12', '2');
SELECT 'first_name' FROM Authors;
INSERT INTO "SqlQuery" ("queryId", "userId", "issuedAt", "finishedAt", "hasError", "errorMessage", "statement", "projectId", "queryTypeId")
    VALUES ('13', '8', '2023-06-13 22:04:14.760700', '2023-06-13 22:04:15.760700', 'False', 'None', 'SELECT first_name FROM Authors', '3', '1');
INSERT INTO "QueryColumnAccess" ("queryId", "columnId")
    VALUES ('13', '2');
INSERT INTO "QueryTableAccess" ("queryId", "tableId")
    VALUES ('13', '2');
SELECT 'shipping_address' FROM Orders;
INSERT INTO "SqlQuery" ("queryId", "userId", "issuedAt", "finishedAt", "hasError", "errorMessage", "statement", "projectId", "queryTypeId")
    VALUES ('14', '4', '2023-05-24 22:04:14.760707', '2023-05-24 22:04:18.760707', 'False', 'None', 'SELECT shipping_address FROM Orders', '3', '1');
INSERT INTO "QueryColumnAccess" ("queryId", "columnId")
    VALUES ('14', '6');
INSERT INTO "QueryTableAccess" ("queryId", "tableId")
    VALUES ('14', '5');
SELECT 'first_name' FROM Authors;
INSERT INTO "SqlQuery" ("queryId", "userId", "issuedAt", "finishedAt", "hasError", "errorMessage", "statement", "projectId", "queryTypeId")
    VALUES ('15', '2', '2023-05-08 22:04:14.760713', '2023-05-08 22:04:16.760713', 'False', 'None', 'SELECT first_name FROM Authors', '3', '1');
INSERT INTO "QueryColumnAccess" ("queryId", "columnId")
    VALUES ('15', '2');
INSERT INTO "QueryTableAccess" ("queryId", "tableId")
    VALUES ('15', '2');
SELECT 'customer_id' FROM Orders;
INSERT INTO "SqlQuery" ("queryId", "userId", "issuedAt", "finishedAt", "hasError", "errorMessage", "statement", "projectId", "queryTypeId")
    VALUES ('16', '1', '2023-06-30 22:04:14.760720', '2023-06-30 22:04:16.760720', 'False', 'None', 'SELECT customer_id FROM Orders', '3', '1');
INSERT INTO "QueryColumnAccess" ("queryId", "columnId")
    VALUES ('16', '2');
INSERT INTO "QueryTableAccess" ("queryId", "tableId")
    VALUES ('16', '5');
SELECT 'publication_date' FROM Books;
INSERT INTO "SqlQuery" ("queryId", "userId", "issuedAt", "finishedAt", "hasError", "errorMessage", "statement", "projectId", "queryTypeId")
    VALUES ('17', '15', '2023-06-10 22:04:14.760726', '2023-06-10 22:04:18.760726', 'False', 'None', 'SELECT publication_date FROM Books', '3', '1');
INSERT INTO "QueryColumnAccess" ("queryId", "columnId")
    VALUES ('17', '4');
INSERT INTO "QueryTableAccess" ("queryId", "tableId")
    VALUES ('17', '1');
SELECT 'state' FROM Customers;
INSERT INTO "SqlQuery" ("queryId", "userId", "issuedAt", "finishedAt", "hasError", "errorMessage", "statement", "projectId", "queryTypeId")
    VALUES ('18', '9', '2023-05-18 22:04:14.760733', '2023-05-18 22:04:16.760733', 'False', 'None', 'SELECT state FROM Customers', '3', '1');
INSERT INTO "QueryColumnAccess" ("queryId", "columnId")
    VALUES ('18', '8');
INSERT INTO "QueryTableAccess" ("queryId", "tableId")
    VALUES ('18', '4');
SELECT 'email' FROM Customers;
INSERT INTO "SqlQuery" ("queryId", "userId", "issuedAt", "finishedAt", "hasError", "errorMessage", "statement", "projectId", "queryTypeId")
    VALUES ('19', '12', '2023-05-01 22:04:14.760762', '2023-05-01 22:04:15.760762', 'False', 'None', 'SELECT email FROM Customers', '3', '1');
INSERT INTO "QueryColumnAccess" ("queryId", "columnId")
    VALUES ('19', '4');
INSERT INTO "QueryTableAccess" ("queryId", "tableId")
    VALUES ('19', '4');
SELECT 'first_name' FROM Authors;
INSERT INTO "SqlQuery" ("queryId", "userId", "issuedAt", "finishedAt", "hasError", "errorMessage", "statement", "projectId", "queryTypeId")
    VALUES ('20', '8', '2023-05-13 22:04:14.760770', '2023-05-13 22:04:16.760770', 'False', 'None', 'SELECT first_name FROM Authors', '3', '1');
INSERT INTO "QueryColumnAccess" ("queryId", "columnId")
    VALUES ('20', '2');
INSERT INTO "QueryTableAccess" ("queryId", "tableId")
    VALUES ('20', '2');
SELECT 'customer_id' FROM Customers;
INSERT INTO "SqlQuery" ("queryId", "userId", "issuedAt", "finishedAt", "hasError", "errorMessage", "statement", "projectId", "queryTypeId")
    VALUES ('21', '11', '2023-06-19 22:04:14.760777', '2023-06-19 22:04:17.760777', 'False', 'None', 'SELECT customer_id FROM Customers', '3', '1');
INSERT INTO "QueryColumnAccess" ("queryId", "columnId")
    VALUES ('21', '1');
INSERT INTO "QueryTableAccess" ("queryId", "tableId")
    VALUES ('21', '4');
SELECT 'publisher' FROM Books;
INSERT INTO "SqlQuery" ("queryId", "userId", "issuedAt", "finishedAt", "hasError", "errorMessage", "statement", "projectId", "queryTypeId")
    VALUES ('22', '11', '2023-04-28 22:04:14.760784', '2023-04-28 22:04:15.760784', 'False', 'None', 'SELECT publisher FROM Books', '3', '1');
INSERT INTO "QueryColumnAccess" ("queryId", "columnId")
    VALUES ('22', '5');
INSERT INTO "QueryTableAccess" ("queryId", "tableId")
    VALUES ('22', '1');
SELECT 'country' FROM Publishers;
INSERT INTO "SqlQuery" ("queryId", "userId", "issuedAt", "finishedAt", "hasError", "errorMessage", "statement", "projectId", "queryTypeId")
    VALUES ('23', '9', '2023-06-25 22:04:14.760812', '2023-06-25 22:04:16.760812', 'False', 'None', 'SELECT country FROM Publishers', '3', '1');
INSERT INTO "QueryColumnAccess" ("queryId", "columnId")
    VALUES ('23', '4');
INSERT INTO "QueryTableAccess" ("queryId", "tableId")
    VALUES ('23', '3');
SELECT 'customer_id' FROM Customers;
INSERT INTO "SqlQuery" ("queryId", "userId", "issuedAt", "finishedAt", "hasError", "errorMessage", "statement", "projectId", "queryTypeId")
    VALUES ('24', '4', '2023-06-03 22:04:14.760823', '2023-06-03 22:04:15.760823', 'False', 'None', 'SELECT customer_id FROM Customers', '3', '1');
INSERT INTO "QueryColumnAccess" ("queryId", "columnId")
    VALUES ('24', '1');
INSERT INTO "QueryTableAccess" ("queryId", "tableId")
    VALUES ('24', '4');
SELECT 'author_id' FROM Authors;
INSERT INTO "SqlQuery" ("queryId", "userId", "issuedAt", "finishedAt", "hasError", "errorMessage", "statement", "projectId", "queryTypeId")
    VALUES ('25', '11', '2023-06-06 22:04:14.760830', '2023-06-06 22:04:16.760830', 'False', 'None', 'SELECT author_id FROM Authors', '3', '1');
INSERT INTO "QueryColumnAccess" ("queryId", "columnId")
    VALUES ('25', '1');
INSERT INTO "QueryTableAccess" ("queryId", "tableId")
    VALUES ('25', '2');
SELECT 'shipping_address' FROM Orders;
INSERT INTO "SqlQuery" ("queryId", "userId", "issuedAt", "finishedAt", "hasError", "errorMessage", "statement", "projectId", "queryTypeId")
    VALUES ('26', '15', '2023-07-08 22:04:14.760837', '2023-07-08 22:04:15.760837', 'False', 'None', 'SELECT shipping_address FROM Orders', '3', '1');
INSERT INTO "QueryColumnAccess" ("queryId", "columnId")
    VALUES ('26', '6');
INSERT INTO "QueryTableAccess" ("queryId", "tableId")
    VALUES ('26', '5');
SELECT 'country' FROM Publishers;
INSERT INTO "SqlQuery" ("queryId", "userId", "issuedAt", "finishedAt", "hasError", "errorMessage", "statement", "projectId", "queryTypeId")
    VALUES ('27', '3', '2023-06-08 22:04:14.760844', '2023-06-08 22:04:15.760844', 'False', 'None', 'SELECT country FROM Publishers', '3', '1');
INSERT INTO "QueryColumnAccess" ("queryId", "columnId")
    VALUES ('27', '4');
INSERT INTO "QueryTableAccess" ("queryId", "tableId")
    VALUES ('27', '3');
SELECT 'state' FROM Customers;
INSERT INTO "SqlQuery" ("queryId", "userId", "issuedAt", "finishedAt", "hasError", "errorMessage", "statement", "projectId", "queryTypeId")
    VALUES ('28', '12', '2023-05-16 22:04:14.760851', '2023-05-16 22:04:17.760851', 'False', 'None', 'SELECT state FROM Customers', '3', '1');
INSERT INTO "QueryColumnAccess" ("queryId", "columnId")
    VALUES ('28', '8');
INSERT INTO "QueryTableAccess" ("queryId", "tableId")
    VALUES ('28', '4');
SELECT 'first_name' FROM Authors;
INSERT INTO "SqlQuery" ("queryId", "userId", "issuedAt", "finishedAt", "hasError", "errorMessage", "statement", "projectId", "queryTypeId")
    VALUES ('29', '15', '2023-06-23 22:04:14.760858', '2023-06-23 22:04:16.760858', 'False', 'None', 'SELECT first_name FROM Authors', '3', '1');
INSERT INTO "QueryColumnAccess" ("queryId", "columnId")
    VALUES ('29', '2');
INSERT INTO "QueryTableAccess" ("queryId", "tableId")
    VALUES ('29', '2');
SELECT 'order_id' FROM Orders;
INSERT INTO "SqlQuery" ("queryId", "userId", "issuedAt", "finishedAt", "hasError", "errorMessage", "statement", "projectId", "queryTypeId")
    VALUES ('30', '6', '2023-05-26 22:04:14.760864', '2023-05-26 22:04:17.760864', 'False', 'None', 'SELECT order_id FROM Orders', '3', '1');
INSERT INTO "QueryColumnAccess" ("queryId", "columnId")
    VALUES ('30', '1');
INSERT INTO "QueryTableAccess" ("queryId", "tableId")
    VALUES ('30', '5');
SELECT 'email' FROM Customers;
INSERT INTO "SqlQuery" ("queryId", "userId", "issuedAt", "finishedAt", "hasError", "errorMessage", "statement", "projectId", "queryTypeId")
    VALUES ('31', '2', '2023-06-19 22:04:14.760871', '2023-06-19 22:04:15.760871', 'False', 'None', 'SELECT email FROM Customers', '3', '1');
INSERT INTO "QueryColumnAccess" ("queryId", "columnId")
    VALUES ('31', '4');
INSERT INTO "QueryTableAccess" ("queryId", "tableId")
    VALUES ('31', '4');
SELECT 'website' FROM Publishers;
INSERT INTO "SqlQuery" ("queryId", "userId", "issuedAt", "finishedAt", "hasError", "errorMessage", "statement", "projectId", "queryTypeId")
    VALUES ('32', '14', '2023-05-23 22:04:14.760878', '2023-05-23 22:04:16.760878', 'False', 'None', 'SELECT website FROM Publishers', '3', '1');
INSERT INTO "QueryColumnAccess" ("queryId", "columnId")
    VALUES ('32', '5');
INSERT INTO "QueryTableAccess" ("queryId", "tableId")
    VALUES ('32', '3');
SELECT 'city' FROM Customers;
INSERT INTO "SqlQuery" ("queryId", "userId", "issuedAt", "finishedAt", "hasError", "errorMessage", "statement", "projectId", "queryTypeId")
    VALUES ('33', '12', '2023-05-29 22:04:14.760884', '2023-05-29 22:04:17.760884', 'False', 'None', 'SELECT city FROM Customers', '3', '1');
INSERT INTO "QueryColumnAccess" ("queryId", "columnId")
    VALUES ('33', '7');
INSERT INTO "QueryTableAccess" ("queryId", "tableId")
    VALUES ('33', '4');
SELECT 'publisher' FROM Books;
INSERT INTO "SqlQuery" ("queryId", "userId", "issuedAt", "finishedAt", "hasError", "errorMessage", "statement", "projectId", "queryTypeId")
    VALUES ('34', '15', '2023-06-03 22:04:14.760891', '2023-06-03 22:04:16.760891', 'False', 'None', 'SELECT publisher FROM Books', '3', '1');
INSERT INTO "QueryColumnAccess" ("queryId", "columnId")
    VALUES ('34', '5');
INSERT INTO "QueryTableAccess" ("queryId", "tableId")
    VALUES ('34', '1');
SELECT 'email' FROM Customers;
INSERT INTO "SqlQuery" ("queryId", "userId", "issuedAt", "finishedAt", "hasError", "errorMessage", "statement", "projectId", "queryTypeId")
    VALUES ('35', '8', '2023-06-02 22:04:14.760898', '2023-06-02 22:04:15.760898', 'False', 'None', 'SELECT email FROM Customers', '3', '1');
INSERT INTO "QueryColumnAccess" ("queryId", "columnId")
    VALUES ('35', '4');
INSERT INTO "QueryTableAccess" ("queryId", "tableId")
    VALUES ('35', '4');
SELECT 'phone_number' FROM Customers;
INSERT INTO "SqlQuery" ("queryId", "userId", "issuedAt", "finishedAt", "hasError", "errorMessage", "statement", "projectId", "queryTypeId")
    VALUES ('36', '15', '2023-05-26 22:04:14.760930', '2023-05-26 22:04:18.760930', 'False', 'None', 'SELECT phone_number FROM Customers', '3', '1');
INSERT INTO "QueryColumnAccess" ("queryId", "columnId")
    VALUES ('36', '5');
INSERT INTO "QueryTableAccess" ("queryId", "tableId")
    VALUES ('36', '4');
SELECT 'city' FROM Customers;
INSERT INTO "SqlQuery" ("queryId", "userId", "issuedAt", "finishedAt", "hasError", "errorMessage", "statement", "projectId", "queryTypeId")
    VALUES ('37', '5', '2023-04-22 22:04:14.760939', '2023-04-22 22:04:16.760939', 'False', 'None', 'SELECT city FROM Customers', '3', '1');
INSERT INTO "QueryColumnAccess" ("queryId", "columnId")
    VALUES ('37', '7');
INSERT INTO "QueryTableAccess" ("queryId", "tableId")
    VALUES ('37', '4');
SELECT 'birth_date' FROM Authors;
INSERT INTO "SqlQuery" ("queryId", "userId", "issuedAt", "finishedAt", "hasError", "errorMessage", "statement", "projectId", "queryTypeId")
    VALUES ('38', '9', '2023-05-03 22:04:14.760946', '2023-05-03 22:04:18.760946', 'False', 'None', 'SELECT birth_date FROM Authors', '3', '1');
INSERT INTO "QueryColumnAccess" ("queryId", "columnId")
    VALUES ('38', '4');
INSERT INTO "QueryTableAccess" ("queryId", "tableId")
    VALUES ('38', '2');
SELECT 'first_name' FROM Authors;
INSERT INTO "SqlQuery" ("queryId", "userId", "issuedAt", "finishedAt", "hasError", "errorMessage", "statement", "projectId", "queryTypeId")
    VALUES ('39', '1', '2023-05-10 22:04:14.760953', '2023-05-10 22:04:18.760953', 'False', 'None', 'SELECT first_name FROM Authors', '3', '1');
INSERT INTO "QueryColumnAccess" ("queryId", "columnId")
    VALUES ('39', '2');
INSERT INTO "QueryTableAccess" ("queryId", "tableId")
    VALUES ('39', '2');
SELECT 'established_date' FROM Publishers;
INSERT INTO "SqlQuery" ("queryId", "userId", "issuedAt", "finishedAt", "hasError", "errorMessage", "statement", "projectId", "queryTypeId")
    VALUES ('40', '3', '2023-06-16 22:04:14.760960', '2023-06-16 22:04:16.760960', 'False', 'None', 'SELECT established_date FROM Publishers', '3', '1');
INSERT INTO "QueryColumnAccess" ("queryId", "columnId")
    VALUES ('40', '3');
INSERT INTO "QueryTableAccess" ("queryId", "tableId")
    VALUES ('40', '3');
SELECT 'author' FROM Books;
INSERT INTO "SqlQuery" ("queryId", "userId", "issuedAt", "finishedAt", "hasError", "errorMessage", "statement", "projectId", "queryTypeId")
    VALUES ('41', '7', '2023-06-13 22:04:14.760966', '2023-06-13 22:04:18.760966', 'False', 'None', 'SELECT author FROM Books', '3', '1');
INSERT INTO "QueryColumnAccess" ("queryId", "columnId")
    VALUES ('41', '3');
INSERT INTO "QueryTableAccess" ("queryId", "tableId")
    VALUES ('41', '1');
SELECT 'status' FROM Orders;
INSERT INTO "SqlQuery" ("queryId", "userId", "issuedAt", "finishedAt", "hasError", "errorMessage", "statement", "projectId", "queryTypeId")
    VALUES ('42', '15', '2023-06-27 22:04:14.760973', '2023-06-27 22:04:18.760973', 'False', 'None', 'SELECT status FROM Orders', '3', '1');
INSERT INTO "QueryColumnAccess" ("queryId", "columnId")
    VALUES ('42', '5');
INSERT INTO "QueryTableAccess" ("queryId", "tableId")
    VALUES ('42', '5');
SELECT 'publisher_id' FROM Publishers;
INSERT INTO "SqlQuery" ("queryId", "userId", "issuedAt", "finishedAt", "hasError", "errorMessage", "statement", "projectId", "queryTypeId")
    VALUES ('43', '4', '2023-05-09 22:04:14.760980', '2023-05-09 22:04:17.760980', 'False', 'None', 'SELECT publisher_id FROM Publishers', '3', '1');
INSERT INTO "QueryColumnAccess" ("queryId", "columnId")
    VALUES ('43', '1');
INSERT INTO "QueryTableAccess" ("queryId", "tableId")
    VALUES ('43', '3');
SELECT 'shipping_zip_code' FROM Orders;
INSERT INTO "SqlQuery" ("queryId", "userId", "issuedAt", "finishedAt", "hasError", "errorMessage", "statement", "projectId", "queryTypeId")
    VALUES ('44', '12', '2023-04-25 22:04:14.760986', '2023-04-25 22:04:15.760986', 'False', 'None', 'SELECT shipping_zip_code FROM Orders', '3', '1');
INSERT INTO "QueryColumnAccess" ("queryId", "columnId")
    VALUES ('44', '9');
INSERT INTO "QueryTableAccess" ("queryId", "tableId")
    VALUES ('44', '5');
SELECT 'state' FROM Customers;
INSERT INTO "SqlQuery" ("queryId", "userId", "issuedAt", "finishedAt", "hasError", "errorMessage", "statement", "projectId", "queryTypeId")
    VALUES ('45', '12', '2023-05-26 22:04:14.760992', '2023-05-26 22:04:18.760992', 'False', 'None', 'SELECT state FROM Customers', '3', '1');
INSERT INTO "QueryColumnAccess" ("queryId", "columnId")
    VALUES ('45', '8');
INSERT INTO "QueryTableAccess" ("queryId", "tableId")
    VALUES ('45', '4');
SELECT 'shipping_city' FROM Orders;
INSERT INTO "SqlQuery" ("queryId", "userId", "issuedAt", "finishedAt", "hasError", "errorMessage", "statement", "projectId", "queryTypeId")
    VALUES ('46', '7', '2023-06-21 22:04:14.760998', '2023-06-21 22:04:17.760998', 'False', 'None', 'SELECT shipping_city FROM Orders', '3', '1');
INSERT INTO "QueryColumnAccess" ("queryId", "columnId")
    VALUES ('46', '7');
INSERT INTO "QueryTableAccess" ("queryId", "tableId")
    VALUES ('46', '5');
SELECT 'order_date' FROM Orders;
INSERT INTO "SqlQuery" ("queryId", "userId", "issuedAt", "finishedAt", "hasError", "errorMessage", "statement", "projectId", "queryTypeId")
    VALUES ('47', '3', '2023-04-21 22:04:14.761005', '2023-04-21 22:04:16.761005', 'False', 'None', 'SELECT order_date FROM Orders', '3', '1');
INSERT INTO "QueryColumnAccess" ("queryId", "columnId")
    VALUES ('47', '3');
INSERT INTO "QueryTableAccess" ("queryId", "tableId")
    VALUES ('47', '5');
SELECT 'publisher_name' FROM Publishers;
INSERT INTO "SqlQuery" ("queryId", "userId", "issuedAt", "finishedAt", "hasError", "errorMessage", "statement", "projectId", "queryTypeId")
    VALUES ('48', '3', '2023-04-13 22:04:14.761011', '2023-04-13 22:04:15.761011', 'False', 'None', 'SELECT publisher_name FROM Publishers', '3', '1');
INSERT INTO "QueryColumnAccess" ("queryId", "columnId")
    VALUES ('48', '2');
INSERT INTO "QueryTableAccess" ("queryId", "tableId")
    VALUES ('48', '3');
SELECT 'first_name' FROM Authors;
INSERT INTO "SqlQuery" ("queryId", "userId", "issuedAt", "finishedAt", "hasError", "errorMessage", "statement", "projectId", "queryTypeId")
    VALUES ('49', '13', '2023-05-30 22:04:14.761017', '2023-05-30 22:04:15.761017', 'False', 'None', 'SELECT first_name FROM Authors', '3', '1');
INSERT INTO "QueryColumnAccess" ("queryId", "columnId")
    VALUES ('49', '2');
INSERT INTO "QueryTableAccess" ("queryId", "tableId")
    VALUES ('49', '2');
SELECT 'website' FROM Publishers;
INSERT INTO "SqlQuery" ("queryId", "userId", "issuedAt", "finishedAt", "hasError", "errorMessage", "statement", "projectId", "queryTypeId")
    VALUES ('50', '5', '2023-07-03 22:04:14.761023', '2023-07-03 22:04:16.761023', 'False', 'None', 'SELECT website FROM Publishers', '3', '1');
INSERT INTO "QueryColumnAccess" ("queryId", "columnId")
    VALUES ('50', '5');
INSERT INTO "QueryTableAccess" ("queryId", "tableId")
    VALUES ('50', '3');
SELECT 'country' FROM Publishers;
INSERT INTO "SqlQuery" ("queryId", "userId", "issuedAt", "finishedAt", "hasError", "errorMessage", "statement", "projectId", "queryTypeId")
    VALUES ('51', '4', '2023-06-15 22:04:14.761030', '2023-06-15 22:04:18.761030', 'False', 'None', 'SELECT country FROM Publishers', '3', '1');
INSERT INTO "QueryColumnAccess" ("queryId", "columnId")
    VALUES ('51', '4');
INSERT INTO "QueryTableAccess" ("queryId", "tableId")
    VALUES ('51', '3');
SELECT 'email' FROM Customers;
INSERT INTO "SqlQuery" ("queryId", "userId", "issuedAt", "finishedAt", "hasError", "errorMessage", "statement", "projectId", "queryTypeId")
    VALUES ('52', '10', '2023-05-24 22:04:14.761036', '2023-05-24 22:04:16.761036', 'False', 'None', 'SELECT email FROM Customers', '3', '1');
INSERT INTO "QueryColumnAccess" ("queryId", "columnId")
    VALUES ('52', '4');
INSERT INTO "QueryTableAccess" ("queryId", "tableId")
    VALUES ('52', '4');
SELECT 'category_id' FROM Books;
INSERT INTO "SqlQuery" ("queryId", "userId", "issuedAt", "finishedAt", "hasError", "errorMessage", "statement", "projectId", "queryTypeId")
    VALUES ('53', '2', '2023-04-14 22:04:14.761053', '2023-04-14 22:04:15.761053', 'False', 'None', 'SELECT category_id FROM Books', '3', '1');
INSERT INTO "QueryColumnAccess" ("queryId", "columnId")
    VALUES ('53', '7');
INSERT INTO "QueryTableAccess" ("queryId", "tableId")
    VALUES ('53', '1');
SELECT 'state' FROM Customers;
INSERT INTO "SqlQuery" ("queryId", "userId", "issuedAt", "finishedAt", "hasError", "errorMessage", "statement", "projectId", "queryTypeId")
    VALUES ('54', '2', '2023-04-25 22:04:14.761061', '2023-04-25 22:04:15.761061', 'False', 'None', 'SELECT state FROM Customers', '3', '1');
INSERT INTO "QueryColumnAccess" ("queryId", "columnId")
    VALUES ('54', '8');
INSERT INTO "QueryTableAccess" ("queryId", "tableId")
    VALUES ('54', '4');
SELECT 'website' FROM Publishers;
INSERT INTO "SqlQuery" ("queryId", "userId", "issuedAt", "finishedAt", "hasError", "errorMessage", "statement", "projectId", "queryTypeId")
    VALUES ('55', '10', '2023-05-07 22:04:14.761067', '2023-05-07 22:04:18.761067', 'False', 'None', 'SELECT website FROM Publishers', '3', '1');
INSERT INTO "QueryColumnAccess" ("queryId", "columnId")
    VALUES ('55', '5');
INSERT INTO "QueryTableAccess" ("queryId", "tableId")
    VALUES ('55', '3');
SELECT 'author' FROM Books;
INSERT INTO "SqlQuery" ("queryId", "userId", "issuedAt", "finishedAt", "hasError", "errorMessage", "statement", "projectId", "queryTypeId")
    VALUES ('56', '7', '2023-05-23 22:04:14.761073', '2023-05-23 22:04:16.761073', 'False', 'None', 'SELECT author FROM Books', '3', '1');
INSERT INTO "QueryColumnAccess" ("queryId", "columnId")
    VALUES ('56', '3');
INSERT INTO "QueryTableAccess" ("queryId", "tableId")
    VALUES ('56', '1');
SELECT 'publisher' FROM Books;
INSERT INTO "SqlQuery" ("queryId", "userId", "issuedAt", "finishedAt", "hasError", "errorMessage", "statement", "projectId", "queryTypeId")
    VALUES ('57', '12', '2023-06-25 22:04:14.761079', '2023-06-25 22:04:18.761079', 'False', 'None', 'SELECT publisher FROM Books', '3', '1');
INSERT INTO "QueryColumnAccess" ("queryId", "columnId")
    VALUES ('57', '5');
INSERT INTO "QueryTableAccess" ("queryId", "tableId")
    VALUES ('57', '1');
SELECT 'shipping_country' FROM Orders;
INSERT INTO "SqlQuery" ("queryId", "userId", "issuedAt", "finishedAt", "hasError", "errorMessage", "statement", "projectId", "queryTypeId")
    VALUES ('58', '1', '2023-05-28 22:04:14.761086', '2023-05-28 22:04:18.761086', 'False', 'None', 'SELECT shipping_country FROM Orders', '3', '1');
INSERT INTO "QueryColumnAccess" ("queryId", "columnId")
    VALUES ('58', '10');
INSERT INTO "QueryTableAccess" ("queryId", "tableId")
    VALUES ('58', '5');
SELECT 'last_name' FROM Authors;
INSERT INTO "SqlQuery" ("queryId", "userId", "issuedAt", "finishedAt", "hasError", "errorMessage", "statement", "projectId", "queryTypeId")
    VALUES ('59', '12', '2023-05-13 22:04:14.761092', '2023-05-13 22:04:18.761092', 'False', 'None', 'SELECT last_name FROM Authors', '3', '1');
INSERT INTO "QueryColumnAccess" ("queryId", "columnId")
    VALUES ('59', '3');
INSERT INTO "QueryTableAccess" ("queryId", "tableId")
    VALUES ('59', '2');
SELECT 'last_name' FROM Customers;
INSERT INTO "SqlQuery" ("queryId", "userId", "issuedAt", "finishedAt", "hasError", "errorMessage", "statement", "projectId", "queryTypeId")
    VALUES ('60', '13', '2023-04-24 22:04:14.761099', '2023-04-24 22:04:17.761099', 'False', 'None', 'SELECT last_name FROM Customers', '3', '1');
INSERT INTO "QueryColumnAccess" ("queryId", "columnId")
    VALUES ('60', '3');
INSERT INTO "QueryTableAccess" ("queryId", "tableId")
    VALUES ('60', '4');
SELECT 'title' FROM Books;
INSERT INTO "SqlQuery" ("queryId", "userId", "issuedAt", "finishedAt", "hasError", "errorMessage", "statement", "projectId", "queryTypeId")
    VALUES ('61', '9', '2023-05-19 22:04:14.761105', '2023-05-19 22:04:18.761105', 'False', 'None', 'SELECT title FROM Books', '3', '1');
INSERT INTO "QueryColumnAccess" ("queryId", "columnId")
    VALUES ('61', '2');
INSERT INTO "QueryTableAccess" ("queryId", "tableId")
    VALUES ('61', '1');
SELECT 'last_name' FROM Authors;
INSERT INTO "SqlQuery" ("queryId", "userId", "issuedAt", "finishedAt", "hasError", "errorMessage", "statement", "projectId", "queryTypeId")
    VALUES ('62', '14', '2023-07-04 22:04:14.761111', '2023-07-04 22:04:16.761111', 'False', 'None', 'SELECT last_name FROM Authors', '3', '1');
INSERT INTO "QueryColumnAccess" ("queryId", "columnId")
    VALUES ('62', '3');
INSERT INTO "QueryTableAccess" ("queryId", "tableId")
    VALUES ('62', '2');
SELECT 'book_id' FROM Books;
INSERT INTO "SqlQuery" ("queryId", "userId", "issuedAt", "finishedAt", "hasError", "errorMessage", "statement", "projectId", "queryTypeId")
    VALUES ('63', '9', '2023-06-04 22:04:14.761117', '2023-06-04 22:04:16.761117', 'False', 'None', 'SELECT book_id FROM Books', '3', '1');
INSERT INTO "QueryColumnAccess" ("queryId", "columnId")
    VALUES ('63', '1');
INSERT INTO "QueryTableAccess" ("queryId", "tableId")
    VALUES ('63', '1');
SELECT 'established_date' FROM Publishers;
INSERT INTO "SqlQuery" ("queryId", "userId", "issuedAt", "finishedAt", "hasError", "errorMessage", "statement", "projectId", "queryTypeId")
    VALUES ('64', '15', '2023-04-29 22:04:14.761123', '2023-04-29 22:04:16.761123', 'False', 'None', 'SELECT established_date FROM Publishers', '3', '1');
INSERT INTO "QueryColumnAccess" ("queryId", "columnId")
    VALUES ('64', '3');
INSERT INTO "QueryTableAccess" ("queryId", "tableId")
    VALUES ('64', '3');
SELECT 'country' FROM Publishers;
INSERT INTO "SqlQuery" ("queryId", "userId", "issuedAt", "finishedAt", "hasError", "errorMessage", "statement", "projectId", "queryTypeId")
    VALUES ('65', '8', '2023-05-11 22:04:14.761130', '2023-05-11 22:04:17.761130', 'False', 'None', 'SELECT country FROM Publishers', '3', '1');
INSERT INTO "QueryColumnAccess" ("queryId", "columnId")
    VALUES ('65', '4');
INSERT INTO "QueryTableAccess" ("queryId", "tableId")
    VALUES ('65', '3');
SELECT 'country' FROM Authors;
INSERT INTO "SqlQuery" ("queryId", "userId", "issuedAt", "finishedAt", "hasError", "errorMessage", "statement", "projectId", "queryTypeId")
    VALUES ('66', '1', '2023-06-08 22:04:14.761136', '2023-06-08 22:04:16.761136', 'False', 'None', 'SELECT country FROM Authors', '3', '1');
INSERT INTO "QueryColumnAccess" ("queryId", "columnId")
    VALUES ('66', '5');
INSERT INTO "QueryTableAccess" ("queryId", "tableId")
    VALUES ('66', '2');
SELECT 'website' FROM Publishers;
INSERT INTO "SqlQuery" ("queryId", "userId", "issuedAt", "finishedAt", "hasError", "errorMessage", "statement", "projectId", "queryTypeId")
    VALUES ('67', '5', '2023-07-08 22:04:14.761143', '2023-07-08 22:04:16.761143', 'False', 'None', 'SELECT website FROM Publishers', '3', '1');
INSERT INTO "QueryColumnAccess" ("queryId", "columnId")
    VALUES ('67', '5');
INSERT INTO "QueryTableAccess" ("queryId", "tableId")
    VALUES ('67', '3');
SELECT 'last_name' FROM Authors;
INSERT INTO "SqlQuery" ("queryId", "userId", "issuedAt", "finishedAt", "hasError", "errorMessage", "statement", "projectId", "queryTypeId")
    VALUES ('68', '10', '2023-06-10 22:04:14.761149', '2023-06-10 22:04:16.761149', 'False', 'None', 'SELECT last_name FROM Authors', '3', '1');
INSERT INTO "QueryColumnAccess" ("queryId", "columnId")
    VALUES ('68', '3');
INSERT INTO "QueryTableAccess" ("queryId", "tableId")
    VALUES ('68', '2');
SELECT 'website' FROM Publishers;
INSERT INTO "SqlQuery" ("queryId", "userId", "issuedAt", "finishedAt", "hasError", "errorMessage", "statement", "projectId", "queryTypeId")
    VALUES ('69', '12', '2023-05-22 22:04:14.761155', '2023-05-22 22:04:18.761155', 'False', 'None', 'SELECT website FROM Publishers', '3', '1');
INSERT INTO "QueryColumnAccess" ("queryId", "columnId")
    VALUES ('69', '5');
INSERT INTO "QueryTableAccess" ("queryId", "tableId")
    VALUES ('69', '3');
SELECT 'total_amount' FROM Orders;
INSERT INTO "SqlQuery" ("queryId", "userId", "issuedAt", "finishedAt", "hasError", "errorMessage", "statement", "projectId", "queryTypeId")
    VALUES ('70', '12', '2023-06-19 22:04:14.761170', '2023-06-19 22:04:18.761170', 'False', 'None', 'SELECT total_amount FROM Orders', '3', '1');
INSERT INTO "QueryColumnAccess" ("queryId", "columnId")
    VALUES ('70', '4');
INSERT INTO "QueryTableAccess" ("queryId", "tableId")
    VALUES ('70', '5');
SELECT 'country' FROM Customers;
INSERT INTO "SqlQuery" ("queryId", "userId", "issuedAt", "finishedAt", "hasError", "errorMessage", "statement", "projectId", "queryTypeId")
    VALUES ('71', '12', '2023-05-22 22:04:14.761177', '2023-05-22 22:04:17.761177', 'False', 'None', 'SELECT country FROM Customers', '3', '1');
INSERT INTO "QueryColumnAccess" ("queryId", "columnId")
    VALUES ('71', '10');
INSERT INTO "QueryTableAccess" ("queryId", "tableId")
    VALUES ('71', '4');
SELECT 'shipping_country' FROM Orders;
INSERT INTO "SqlQuery" ("queryId", "userId", "issuedAt", "finishedAt", "hasError", "errorMessage", "statement", "projectId", "queryTypeId")
    VALUES ('72', '15', '2023-06-06 22:04:14.761183', '2023-06-06 22:04:15.761183', 'False', 'None', 'SELECT shipping_country FROM Orders', '3', '1');
INSERT INTO "QueryColumnAccess" ("queryId", "columnId")
    VALUES ('72', '10');
INSERT INTO "QueryTableAccess" ("queryId", "tableId")
    VALUES ('72', '5');
SELECT 'established_date' FROM Publishers;
INSERT INTO "SqlQuery" ("queryId", "userId", "issuedAt", "finishedAt", "hasError", "errorMessage", "statement", "projectId", "queryTypeId")
    VALUES ('73', '4', '2023-05-13 22:04:14.761190', '2023-05-13 22:04:15.761190', 'False', 'None', 'SELECT established_date FROM Publishers', '3', '1');
INSERT INTO "QueryColumnAccess" ("queryId", "columnId")
    VALUES ('73', '3');
INSERT INTO "QueryTableAccess" ("queryId", "tableId")
    VALUES ('73', '3');
SELECT 'first_name' FROM Authors;
INSERT INTO "SqlQuery" ("queryId", "userId", "issuedAt", "finishedAt", "hasError", "errorMessage", "statement", "projectId", "queryTypeId")
    VALUES ('74', '5', '2023-05-10 22:04:14.761196', '2023-05-10 22:04:16.761196', 'False', 'None', 'SELECT first_name FROM Authors', '3', '1');
INSERT INTO "QueryColumnAccess" ("queryId", "columnId")
    VALUES ('74', '2');
INSERT INTO "QueryTableAccess" ("queryId", "tableId")
    VALUES ('74', '2');
SELECT 'publisher_name' FROM Publishers;
INSERT INTO "SqlQuery" ("queryId", "userId", "issuedAt", "finishedAt", "hasError", "errorMessage", "statement", "projectId", "queryTypeId")
    VALUES ('75', '9', '2023-05-01 22:04:14.761202', '2023-05-01 22:04:17.761202', 'False', 'None', 'SELECT publisher_name FROM Publishers', '3', '1');
INSERT INTO "QueryColumnAccess" ("queryId", "columnId")
    VALUES ('75', '2');
INSERT INTO "QueryTableAccess" ("queryId", "tableId")
    VALUES ('75', '3');
SELECT 'title' FROM Books;
INSERT INTO "SqlQuery" ("queryId", "userId", "issuedAt", "finishedAt", "hasError", "errorMessage", "statement", "projectId", "queryTypeId")
    VALUES ('76', '15', '2023-07-02 22:04:14.761209', '2023-07-02 22:04:18.761209', 'False', 'None', 'SELECT title FROM Books', '3', '1');
INSERT INTO "QueryColumnAccess" ("queryId", "columnId")
    VALUES ('76', '2');
INSERT INTO "QueryTableAccess" ("queryId", "tableId")
    VALUES ('76', '1');
SELECT 'website' FROM Publishers;
INSERT INTO "SqlQuery" ("queryId", "userId", "issuedAt", "finishedAt", "hasError", "errorMessage", "statement", "projectId", "queryTypeId")
    VALUES ('77', '10', '2023-04-21 22:04:14.761215', '2023-04-21 22:04:15.761215', 'False', 'None', 'SELECT website FROM Publishers', '3', '1');
INSERT INTO "QueryColumnAccess" ("queryId", "columnId")
    VALUES ('77', '5');
INSERT INTO "QueryTableAccess" ("queryId", "tableId")
    VALUES ('77', '3');
SELECT 'publisher' FROM Books;
INSERT INTO "SqlQuery" ("queryId", "userId", "issuedAt", "finishedAt", "hasError", "errorMessage", "statement", "projectId", "queryTypeId")
    VALUES ('78', '8', '2023-04-26 22:04:14.761221', '2023-04-26 22:04:15.761221', 'False', 'None', 'SELECT publisher FROM Books', '3', '1');
INSERT INTO "QueryColumnAccess" ("queryId", "columnId")
    VALUES ('78', '5');
INSERT INTO "QueryTableAccess" ("queryId", "tableId")
    VALUES ('78', '1');
SELECT 'publication_date' FROM Books;
INSERT INTO "SqlQuery" ("queryId", "userId", "issuedAt", "finishedAt", "hasError", "errorMessage", "statement", "projectId", "queryTypeId")
    VALUES ('79', '7', '2023-05-02 22:04:14.761228', '2023-05-02 22:04:16.761228', 'False', 'None', 'SELECT publication_date FROM Books', '3', '1');
INSERT INTO "QueryColumnAccess" ("queryId", "columnId")
    VALUES ('79', '4');
INSERT INTO "QueryTableAccess" ("queryId", "tableId")
    VALUES ('79', '1');
SELECT 'publisher_name' FROM Publishers;
INSERT INTO "SqlQuery" ("queryId", "userId", "issuedAt", "finishedAt", "hasError", "errorMessage", "statement", "projectId", "queryTypeId")
    VALUES ('80', '6', '2023-06-16 22:04:14.761234', '2023-06-16 22:04:15.761234', 'False', 'None', 'SELECT publisher_name FROM Publishers', '3', '1');
INSERT INTO "QueryColumnAccess" ("queryId", "columnId")
    VALUES ('80', '2');
INSERT INTO "QueryTableAccess" ("queryId", "tableId")
    VALUES ('80', '3');
SELECT 'shipping_city' FROM Orders;
INSERT INTO "SqlQuery" ("queryId", "userId", "issuedAt", "finishedAt", "hasError", "errorMessage", "statement", "projectId", "queryTypeId")
    VALUES ('81', '4', '2023-06-30 22:04:14.761241', '2023-06-30 22:04:16.761241', 'False', 'None', 'SELECT shipping_city FROM Orders', '3', '1');
INSERT INTO "QueryColumnAccess" ("queryId", "columnId")
    VALUES ('81', '7');
INSERT INTO "QueryTableAccess" ("queryId", "tableId")
    VALUES ('81', '5');
SELECT 'country' FROM Authors;
INSERT INTO "SqlQuery" ("queryId", "userId", "issuedAt", "finishedAt", "hasError", "errorMessage", "statement", "projectId", "queryTypeId")
    VALUES ('82', '10', '2023-05-20 22:04:14.761247', '2023-05-20 22:04:15.761247', 'False', 'None', 'SELECT country FROM Authors', '3', '1');
INSERT INTO "QueryColumnAccess" ("queryId", "columnId")
    VALUES ('82', '5');
INSERT INTO "QueryTableAccess" ("queryId", "tableId")
    VALUES ('82', '2');
SELECT 'author' FROM Books;
INSERT INTO "SqlQuery" ("queryId", "userId", "issuedAt", "finishedAt", "hasError", "errorMessage", "statement", "projectId", "queryTypeId")
    VALUES ('83', '14', '2023-05-31 22:04:14.761253', '2023-05-31 22:04:16.761253', 'False', 'None', 'SELECT author FROM Books', '3', '1');
INSERT INTO "QueryColumnAccess" ("queryId", "columnId")
    VALUES ('83', '3');
INSERT INTO "QueryTableAccess" ("queryId", "tableId")
    VALUES ('83', '1');
SELECT 'shipping_zip_code' FROM Orders;
INSERT INTO "SqlQuery" ("queryId", "userId", "issuedAt", "finishedAt", "hasError", "errorMessage", "statement", "projectId", "queryTypeId")
    VALUES ('84', '13', '2023-06-04 22:04:14.761260', '2023-06-04 22:04:15.761260', 'False', 'None', 'SELECT shipping_zip_code FROM Orders', '3', '1');
INSERT INTO "QueryColumnAccess" ("queryId", "columnId")
    VALUES ('84', '9');
INSERT INTO "QueryTableAccess" ("queryId", "tableId")
    VALUES ('84', '5');
SELECT 'price' FROM Books;
INSERT INTO "SqlQuery" ("queryId", "userId", "issuedAt", "finishedAt", "hasError", "errorMessage", "statement", "projectId", "queryTypeId")
    VALUES ('85', '8', '2023-06-05 22:04:14.761266', '2023-06-05 22:04:15.761266', 'False', 'None', 'SELECT price FROM Books', '3', '1');
INSERT INTO "QueryColumnAccess" ("queryId", "columnId")
    VALUES ('85', '6');
INSERT INTO "QueryTableAccess" ("queryId", "tableId")
    VALUES ('85', '1');
SELECT 'publisher_id' FROM Publishers;
INSERT INTO "SqlQuery" ("queryId", "userId", "issuedAt", "finishedAt", "hasError", "errorMessage", "statement", "projectId", "queryTypeId")
    VALUES ('86', '12', '2023-05-13 22:04:14.761273', '2023-05-13 22:04:15.761273', 'False', 'None', 'SELECT publisher_id FROM Publishers', '3', '1');
INSERT INTO "QueryColumnAccess" ("queryId", "columnId")
    VALUES ('86', '1');
INSERT INTO "QueryTableAccess" ("queryId", "tableId")
    VALUES ('86', '3');
SELECT 'address' FROM Customers;
INSERT INTO "SqlQuery" ("queryId", "userId", "issuedAt", "finishedAt", "hasError", "errorMessage", "statement", "projectId", "queryTypeId")
    VALUES ('87', '8', '2023-04-16 22:04:14.761288', '2023-04-16 22:04:17.761288', 'False', 'None', 'SELECT address FROM Customers', '3', '1');
INSERT INTO "QueryColumnAccess" ("queryId", "columnId")
    VALUES ('87', '6');
INSERT INTO "QueryTableAccess" ("queryId", "tableId")
    VALUES ('87', '4');
SELECT 'birth_date' FROM Authors;
INSERT INTO "SqlQuery" ("queryId", "userId", "issuedAt", "finishedAt", "hasError", "errorMessage", "statement", "projectId", "queryTypeId")
    VALUES ('88', '2', '2023-05-22 22:04:14.761295', '2023-05-22 22:04:17.761295', 'False', 'None', 'SELECT birth_date FROM Authors', '3', '1');
INSERT INTO "QueryColumnAccess" ("queryId", "columnId")
    VALUES ('88', '4');
INSERT INTO "QueryTableAccess" ("queryId", "tableId")
    VALUES ('88', '2');
SELECT 'state' FROM Customers;
INSERT INTO "SqlQuery" ("queryId", "userId", "issuedAt", "finishedAt", "hasError", "errorMessage", "statement", "projectId", "queryTypeId")
    VALUES ('89', '15', '2023-04-15 22:04:14.761302', '2023-04-15 22:04:15.761302', 'False', 'None', 'SELECT state FROM Customers', '3', '1');
INSERT INTO "QueryColumnAccess" ("queryId", "columnId")
    VALUES ('89', '8');
INSERT INTO "QueryTableAccess" ("queryId", "tableId")
    VALUES ('89', '4');
SELECT 'author_id' FROM Authors;
INSERT INTO "SqlQuery" ("queryId", "userId", "issuedAt", "finishedAt", "hasError", "errorMessage", "statement", "projectId", "queryTypeId")
    VALUES ('90', '8', '2023-05-07 22:04:14.761308', '2023-05-07 22:04:15.761308', 'False', 'None', 'SELECT author_id FROM Authors', '3', '1');
INSERT INTO "QueryColumnAccess" ("queryId", "columnId")
    VALUES ('90', '1');
INSERT INTO "QueryTableAccess" ("queryId", "tableId")
    VALUES ('90', '2');
SELECT 'country' FROM Authors;
INSERT INTO "SqlQuery" ("queryId", "userId", "issuedAt", "finishedAt", "hasError", "errorMessage", "statement", "projectId", "queryTypeId")
    VALUES ('91', '10', '2023-06-09 22:04:14.761314', '2023-06-09 22:04:18.761314', 'False', 'None', 'SELECT country FROM Authors', '3', '1');
INSERT INTO "QueryColumnAccess" ("queryId", "columnId")
    VALUES ('91', '5');
INSERT INTO "QueryTableAccess" ("queryId", "tableId")
    VALUES ('91', '2');
SELECT 'price' FROM Books;
INSERT INTO "SqlQuery" ("queryId", "userId", "issuedAt", "finishedAt", "hasError", "errorMessage", "statement", "projectId", "queryTypeId")
    VALUES ('92', '8', '2023-06-19 22:04:14.761321', '2023-06-19 22:04:16.761321', 'False', 'None', 'SELECT price FROM Books', '3', '1');
INSERT INTO "QueryColumnAccess" ("queryId", "columnId")
    VALUES ('92', '6');
INSERT INTO "QueryTableAccess" ("queryId", "tableId")
    VALUES ('92', '1');
SELECT 'category_id' FROM Books;
INSERT INTO "SqlQuery" ("queryId", "userId", "issuedAt", "finishedAt", "hasError", "errorMessage", "statement", "projectId", "queryTypeId")
    VALUES ('93', '4', '2023-05-16 22:04:14.761327', '2023-05-16 22:04:18.761327', 'False', 'None', 'SELECT category_id FROM Books', '3', '1');
INSERT INTO "QueryColumnAccess" ("queryId", "columnId")
    VALUES ('93', '7');
INSERT INTO "QueryTableAccess" ("queryId", "tableId")
    VALUES ('93', '1');
SELECT 'shipping_country' FROM Orders;
INSERT INTO "SqlQuery" ("queryId", "userId", "issuedAt", "finishedAt", "hasError", "errorMessage", "statement", "projectId", "queryTypeId")
    VALUES ('94', '9', '2023-07-05 22:04:14.761333', '2023-07-05 22:04:17.761333', 'False', 'None', 'SELECT shipping_country FROM Orders', '3', '1');
INSERT INTO "QueryColumnAccess" ("queryId", "columnId")
    VALUES ('94', '10');
INSERT INTO "QueryTableAccess" ("queryId", "tableId")
    VALUES ('94', '5');
SELECT 'birth_date' FROM Authors;
INSERT INTO "SqlQuery" ("queryId", "userId", "issuedAt", "finishedAt", "hasError", "errorMessage", "statement", "projectId", "queryTypeId")
    VALUES ('95', '10', '2023-04-29 22:04:14.761339', '2023-04-29 22:04:18.761339', 'False', 'None', 'SELECT birth_date FROM Authors', '3', '1');
INSERT INTO "QueryColumnAccess" ("queryId", "columnId")
    VALUES ('95', '4');
INSERT INTO "QueryTableAccess" ("queryId", "tableId")
    VALUES ('95', '2');
SELECT 'shipping_state' FROM Orders;
INSERT INTO "SqlQuery" ("queryId", "userId", "issuedAt", "finishedAt", "hasError", "errorMessage", "statement", "projectId", "queryTypeId")
    VALUES ('96', '2', '2023-06-03 22:04:14.761345', '2023-06-03 22:04:15.761345', 'False', 'None', 'SELECT shipping_state FROM Orders', '3', '1');
INSERT INTO "QueryColumnAccess" ("queryId", "columnId")
    VALUES ('96', '8');
INSERT INTO "QueryTableAccess" ("queryId", "tableId")
    VALUES ('96', '5');
SELECT 'order_id' FROM Orders;
INSERT INTO "SqlQuery" ("queryId", "userId", "issuedAt", "finishedAt", "hasError", "errorMessage", "statement", "projectId", "queryTypeId")
    VALUES ('97', '7', '2023-05-08 22:04:14.761352', '2023-05-08 22:04:18.761352', 'False', 'None', 'SELECT order_id FROM Orders', '3', '1');
INSERT INTO "QueryColumnAccess" ("queryId", "columnId")
    VALUES ('97', '1');
INSERT INTO "QueryTableAccess" ("queryId", "tableId")
    VALUES ('97', '5');
SELECT 'email' FROM Customers;
INSERT INTO "SqlQuery" ("queryId", "userId", "issuedAt", "finishedAt", "hasError", "errorMessage", "statement", "projectId", "queryTypeId")
    VALUES ('98', '11', '2023-06-03 22:04:14.761358', '2023-06-03 22:04:15.761358', 'False', 'None', 'SELECT email FROM Customers', '3', '1');
INSERT INTO "QueryColumnAccess" ("queryId", "columnId")
    VALUES ('98', '4');
INSERT INTO "QueryTableAccess" ("queryId", "tableId")
    VALUES ('98', '4');
SELECT 'shipping_state' FROM Orders;
INSERT INTO "SqlQuery" ("queryId", "userId", "issuedAt", "finishedAt", "hasError", "errorMessage", "statement", "projectId", "queryTypeId")
    VALUES ('99', '5', '2023-06-23 22:04:14.761365', '2023-06-23 22:04:18.761365', 'False', 'None', 'SELECT shipping_state FROM Orders', '3', '1');
INSERT INTO "QueryColumnAccess" ("queryId", "columnId")
    VALUES ('99', '8');
INSERT INTO "QueryTableAccess" ("queryId", "tableId")
    VALUES ('99', '5');
SELECT 'publisher_id' FROM Publishers;
INSERT INTO "SqlQuery" ("queryId", "userId", "issuedAt", "finishedAt", "hasError", "errorMessage", "statement", "projectId", "queryTypeId")
    VALUES ('100', '4', '2023-06-21 22:04:14.761371', '2023-06-21 22:04:15.761371', 'False', 'None', 'SELECT publisher_id FROM Publishers', '3', '1');
INSERT INTO "QueryColumnAccess" ("queryId", "columnId")
    VALUES ('100', '1');
INSERT INTO "QueryTableAccess" ("queryId", "tableId")
    VALUES ('100', '3');
SELECT 'last_name' FROM Authors;
INSERT INTO "SqlQuery" ("queryId", "userId", "issuedAt", "finishedAt", "hasError", "errorMessage", "statement", "projectId", "queryTypeId")
    VALUES ('101', '15', '2023-07-02 22:04:14.761378', '2023-07-02 22:04:18.761378', 'False', 'None', 'SELECT last_name FROM Authors', '3', '1');
INSERT INTO "QueryColumnAccess" ("queryId", "columnId")
    VALUES ('101', '3');
INSERT INTO "QueryTableAccess" ("queryId", "tableId")
    VALUES ('101', '2');
SELECT 'email' FROM Customers;
INSERT INTO "SqlQuery" ("queryId", "userId", "issuedAt", "finishedAt", "hasError", "errorMessage", "statement", "projectId", "queryTypeId")
    VALUES ('102', '2', '2023-05-11 22:04:14.761385', '2023-05-11 22:04:18.761385', 'False', 'None', 'SELECT email FROM Customers', '3', '1');
INSERT INTO "QueryColumnAccess" ("queryId", "columnId")
    VALUES ('102', '4');
INSERT INTO "QueryTableAccess" ("queryId", "tableId")
    VALUES ('102', '4');
SELECT 'city' FROM Customers;
INSERT INTO "SqlQuery" ("queryId", "userId", "issuedAt", "finishedAt", "hasError", "errorMessage", "statement", "projectId", "queryTypeId")
    VALUES ('103', '13', '2023-05-21 22:04:14.761391', '2023-05-21 22:04:15.761391', 'False', 'None', 'SELECT city FROM Customers', '3', '1');
INSERT INTO "QueryColumnAccess" ("queryId", "columnId")
    VALUES ('103', '7');
INSERT INTO "QueryTableAccess" ("queryId", "tableId")
    VALUES ('103', '4');
SELECT 'last_name' FROM Authors;
INSERT INTO "SqlQuery" ("queryId", "userId", "issuedAt", "finishedAt", "hasError", "errorMessage", "statement", "projectId", "queryTypeId")
    VALUES ('104', '1', '2023-05-05 22:04:14.761408', '2023-05-05 22:04:16.761408', 'False', 'None', 'SELECT last_name FROM Authors', '3', '1');
INSERT INTO "QueryColumnAccess" ("queryId", "columnId")
    VALUES ('104', '3');
INSERT INTO "QueryTableAccess" ("queryId", "tableId")
    VALUES ('104', '2');
SELECT 'publisher_name' FROM Publishers;
INSERT INTO "SqlQuery" ("queryId", "userId", "issuedAt", "finishedAt", "hasError", "errorMessage", "statement", "projectId", "queryTypeId")
    VALUES ('105', '15', '2023-05-28 22:04:14.761415', '2023-05-28 22:04:18.761415', 'False', 'None', 'SELECT publisher_name FROM Publishers', '3', '1');
INSERT INTO "QueryColumnAccess" ("queryId", "columnId")
    VALUES ('105', '2');
INSERT INTO "QueryTableAccess" ("queryId", "tableId")
    VALUES ('105', '3');
SELECT 'shipping_state' FROM Orders;
INSERT INTO "SqlQuery" ("queryId", "userId", "issuedAt", "finishedAt", "hasError", "errorMessage", "statement", "projectId", "queryTypeId")
    VALUES ('106', '9', '2023-04-11 22:04:14.761422', '2023-04-11 22:04:15.761422', 'False', 'None', 'SELECT shipping_state FROM Orders', '3', '1');
INSERT INTO "QueryColumnAccess" ("queryId", "columnId")
    VALUES ('106', '8');
INSERT INTO "QueryTableAccess" ("queryId", "tableId")
    VALUES ('106', '5');
SELECT 'author' FROM Books;
INSERT INTO "SqlQuery" ("queryId", "userId", "issuedAt", "finishedAt", "hasError", "errorMessage", "statement", "projectId", "queryTypeId")
    VALUES ('107', '2', '2023-04-25 22:04:14.761429', '2023-04-25 22:04:16.761429', 'False', 'None', 'SELECT author FROM Books', '3', '1');
INSERT INTO "QueryColumnAccess" ("queryId", "columnId")
    VALUES ('107', '3');
INSERT INTO "QueryTableAccess" ("queryId", "tableId")
    VALUES ('107', '1');
SELECT 'established_date' FROM Publishers;
INSERT INTO "SqlQuery" ("queryId", "userId", "issuedAt", "finishedAt", "hasError", "errorMessage", "statement", "projectId", "queryTypeId")
    VALUES ('108', '15', '2023-07-06 22:04:14.761435', '2023-07-06 22:04:16.761435', 'False', 'None', 'SELECT established_date FROM Publishers', '3', '1');
INSERT INTO "QueryColumnAccess" ("queryId", "columnId")
    VALUES ('108', '3');
INSERT INTO "QueryTableAccess" ("queryId", "tableId")
    VALUES ('108', '3');
SELECT 'email' FROM Customers;
INSERT INTO "SqlQuery" ("queryId", "userId", "issuedAt", "finishedAt", "hasError", "errorMessage", "statement", "projectId", "queryTypeId")
    VALUES ('109', '6', '2023-04-16 22:04:14.761442', '2023-04-16 22:04:16.761442', 'False', 'None', 'SELECT email FROM Customers', '3', '1');
INSERT INTO "QueryColumnAccess" ("queryId", "columnId")
    VALUES ('109', '4');
INSERT INTO "QueryTableAccess" ("queryId", "tableId")
    VALUES ('109', '4');
SELECT 'publication_date' FROM Books;
INSERT INTO "SqlQuery" ("queryId", "userId", "issuedAt", "finishedAt", "hasError", "errorMessage", "statement", "projectId", "queryTypeId")
    VALUES ('110', '7', '2023-05-25 22:04:14.761449', '2023-05-25 22:04:16.761449', 'False', 'None', 'SELECT publication_date FROM Books', '3', '1');
INSERT INTO "QueryColumnAccess" ("queryId", "columnId")
    VALUES ('110', '4');
INSERT INTO "QueryTableAccess" ("queryId", "tableId")
    VALUES ('110', '1');
SELECT 'shipping_city' FROM Orders;
INSERT INTO "SqlQuery" ("queryId", "userId", "issuedAt", "finishedAt", "hasError", "errorMessage", "statement", "projectId", "queryTypeId")
    VALUES ('111', '1', '2023-06-29 22:04:14.761455', '2023-06-29 22:04:18.761455', 'False', 'None', 'SELECT shipping_city FROM Orders', '3', '1');
INSERT INTO "QueryColumnAccess" ("queryId", "columnId")
    VALUES ('111', '7');
INSERT INTO "QueryTableAccess" ("queryId", "tableId")
    VALUES ('111', '5');
SELECT 'phone_number' FROM Customers;
INSERT INTO "SqlQuery" ("queryId", "userId", "issuedAt", "finishedAt", "hasError", "errorMessage", "statement", "projectId", "queryTypeId")
    VALUES ('112', '4', '2023-04-23 22:04:14.761462', '2023-04-23 22:04:18.761462', 'False', 'None', 'SELECT phone_number FROM Customers', '3', '1');
INSERT INTO "QueryColumnAccess" ("queryId", "columnId")
    VALUES ('112', '5');
INSERT INTO "QueryTableAccess" ("queryId", "tableId")
    VALUES ('112', '4');
SELECT 'shipping_city' FROM Orders;
INSERT INTO "SqlQuery" ("queryId", "userId", "issuedAt", "finishedAt", "hasError", "errorMessage", "statement", "projectId", "queryTypeId")
    VALUES ('113', '9', '2023-05-29 22:04:14.761469', '2023-05-29 22:04:16.761469', 'False', 'None', 'SELECT shipping_city FROM Orders', '3', '1');
INSERT INTO "QueryColumnAccess" ("queryId", "columnId")
    VALUES ('113', '7');
INSERT INTO "QueryTableAccess" ("queryId", "tableId")
    VALUES ('113', '5');
SELECT 'shipping_zip_code' FROM Orders;
INSERT INTO "SqlQuery" ("queryId", "userId", "issuedAt", "finishedAt", "hasError", "errorMessage", "statement", "projectId", "queryTypeId")
    VALUES ('114', '13', '2023-06-10 22:04:14.761476', '2023-06-10 22:04:16.761476', 'False', 'None', 'SELECT shipping_zip_code FROM Orders', '3', '1');
INSERT INTO "QueryColumnAccess" ("queryId", "columnId")
    VALUES ('114', '9');
INSERT INTO "QueryTableAccess" ("queryId", "tableId")
    VALUES ('114', '5');
SELECT 'publisher_id' FROM Publishers;
INSERT INTO "SqlQuery" ("queryId", "userId", "issuedAt", "finishedAt", "hasError", "errorMessage", "statement", "projectId", "queryTypeId")
    VALUES ('115', '1', '2023-06-12 22:04:14.761483', '2023-06-12 22:04:16.761483', 'False', 'None', 'SELECT publisher_id FROM Publishers', '3', '1');
INSERT INTO "QueryColumnAccess" ("queryId", "columnId")
    VALUES ('115', '1');
INSERT INTO "QueryTableAccess" ("queryId", "tableId")
    VALUES ('115', '3');
SELECT 'shipping_zip_code' FROM Orders;
INSERT INTO "SqlQuery" ("queryId", "userId", "issuedAt", "finishedAt", "hasError", "errorMessage", "statement", "projectId", "queryTypeId")
    VALUES ('116', '6', '2023-04-30 22:04:14.761489', '2023-04-30 22:04:17.761489', 'False', 'None', 'SELECT shipping_zip_code FROM Orders', '3', '1');
INSERT INTO "QueryColumnAccess" ("queryId", "columnId")
    VALUES ('116', '9');
INSERT INTO "QueryTableAccess" ("queryId", "tableId")
    VALUES ('116', '5');
SELECT 'price' FROM Books;
INSERT INTO "SqlQuery" ("queryId", "userId", "issuedAt", "finishedAt", "hasError", "errorMessage", "statement", "projectId", "queryTypeId")
    VALUES ('117', '9', '2023-06-24 22:04:14.761496', '2023-06-24 22:04:17.761496', 'False', 'None', 'SELECT price FROM Books', '3', '1');
INSERT INTO "QueryColumnAccess" ("queryId", "columnId")
    VALUES ('117', '6');
INSERT INTO "QueryTableAccess" ("queryId", "tableId")
    VALUES ('117', '1');
SELECT 'first_name' FROM Authors;
INSERT INTO "SqlQuery" ("queryId", "userId", "issuedAt", "finishedAt", "hasError", "errorMessage", "statement", "projectId", "queryTypeId")
    VALUES ('118', '14', '2023-07-06 22:04:14.761502', '2023-07-06 22:04:15.761502', 'False', 'None', 'SELECT first_name FROM Authors', '3', '1');
INSERT INTO "QueryColumnAccess" ("queryId", "columnId")
    VALUES ('118', '2');
INSERT INTO "QueryTableAccess" ("queryId", "tableId")
    VALUES ('118', '2');
SELECT 'last_name' FROM Customers;
INSERT INTO "SqlQuery" ("queryId", "userId", "issuedAt", "finishedAt", "hasError", "errorMessage", "statement", "projectId", "queryTypeId")
    VALUES ('119', '4', '2023-04-17 22:04:14.761509', '2023-04-17 22:04:16.761509', 'False', 'None', 'SELECT last_name FROM Customers', '3', '1');
INSERT INTO "QueryColumnAccess" ("queryId", "columnId")
    VALUES ('119', '3');
INSERT INTO "QueryTableAccess" ("queryId", "tableId")
    VALUES ('119', '4');
SELECT 'website' FROM Publishers;
INSERT INTO "SqlQuery" ("queryId", "userId", "issuedAt", "finishedAt", "hasError", "errorMessage", "statement", "projectId", "queryTypeId")
    VALUES ('120', '7', '2023-05-11 22:04:14.761516', '2023-05-11 22:04:15.761516', 'False', 'None', 'SELECT website FROM Publishers', '3', '1');
INSERT INTO "QueryColumnAccess" ("queryId", "columnId")
    VALUES ('120', '5');
INSERT INTO "QueryTableAccess" ("queryId", "tableId")
    VALUES ('120', '3');
SELECT 'order_date' FROM Orders;
INSERT INTO "SqlQuery" ("queryId", "userId", "issuedAt", "finishedAt", "hasError", "errorMessage", "statement", "projectId", "queryTypeId")
    VALUES ('121', '2', '2023-04-26 22:04:14.761535', '2023-04-26 22:04:17.761535', 'False', 'None', 'SELECT order_date FROM Orders', '3', '1');
INSERT INTO "QueryColumnAccess" ("queryId", "columnId")
    VALUES ('121', '3');
INSERT INTO "QueryTableAccess" ("queryId", "tableId")
    VALUES ('121', '5');
SELECT 'price' FROM Books;
INSERT INTO "SqlQuery" ("queryId", "userId", "issuedAt", "finishedAt", "hasError", "errorMessage", "statement", "projectId", "queryTypeId")
    VALUES ('122', '2', '2023-04-28 22:04:14.761542', '2023-04-28 22:04:16.761542', 'False', 'None', 'SELECT price FROM Books', '3', '1');
INSERT INTO "QueryColumnAccess" ("queryId", "columnId")
    VALUES ('122', '6');
INSERT INTO "QueryTableAccess" ("queryId", "tableId")
    VALUES ('122', '1');
SELECT 'order_date' FROM Orders;
INSERT INTO "SqlQuery" ("queryId", "userId", "issuedAt", "finishedAt", "hasError", "errorMessage", "statement", "projectId", "queryTypeId")
    VALUES ('123', '5', '2023-06-14 22:04:14.761549', '2023-06-14 22:04:18.761549', 'False', 'None', 'SELECT order_date FROM Orders', '3', '1');
INSERT INTO "QueryColumnAccess" ("queryId", "columnId")
    VALUES ('123', '3');
INSERT INTO "QueryTableAccess" ("queryId", "tableId")
    VALUES ('123', '5');
SELECT 'author' FROM Books;
INSERT INTO "SqlQuery" ("queryId", "userId", "issuedAt", "finishedAt", "hasError", "errorMessage", "statement", "projectId", "queryTypeId")
    VALUES ('124', '8', '2023-06-17 22:04:14.761556', '2023-06-17 22:04:15.761556', 'False', 'None', 'SELECT author FROM Books', '3', '1');
INSERT INTO "QueryColumnAccess" ("queryId", "columnId")
    VALUES ('124', '3');
INSERT INTO "QueryTableAccess" ("queryId", "tableId")
    VALUES ('124', '1');
SELECT 'total_amount' FROM Orders;
INSERT INTO "SqlQuery" ("queryId", "userId", "issuedAt", "finishedAt", "hasError", "errorMessage", "statement", "projectId", "queryTypeId")
    VALUES ('125', '1', '2023-06-28 22:04:14.761562', '2023-06-28 22:04:16.761562', 'False', 'None', 'SELECT total_amount FROM Orders', '3', '1');
INSERT INTO "QueryColumnAccess" ("queryId", "columnId")
    VALUES ('125', '4');
INSERT INTO "QueryTableAccess" ("queryId", "tableId")
    VALUES ('125', '5');
SELECT 'publisher_id' FROM Publishers;
INSERT INTO "SqlQuery" ("queryId", "userId", "issuedAt", "finishedAt", "hasError", "errorMessage", "statement", "projectId", "queryTypeId")
    VALUES ('126', '6', '2023-05-05 22:04:14.761569', '2023-05-05 22:04:18.761569', 'False', 'None', 'SELECT publisher_id FROM Publishers', '3', '1');
INSERT INTO "QueryColumnAccess" ("queryId", "columnId")
    VALUES ('126', '1');
INSERT INTO "QueryTableAccess" ("queryId", "tableId")
    VALUES ('126', '3');
SELECT 'shipping_city' FROM Orders;
INSERT INTO "SqlQuery" ("queryId", "userId", "issuedAt", "finishedAt", "hasError", "errorMessage", "statement", "projectId", "queryTypeId")
    VALUES ('127', '15', '2023-05-10 22:04:14.761575', '2023-05-10 22:04:18.761575', 'False', 'None', 'SELECT shipping_city FROM Orders', '3', '1');
INSERT INTO "QueryColumnAccess" ("queryId", "columnId")
    VALUES ('127', '7');
INSERT INTO "QueryTableAccess" ("queryId", "tableId")
    VALUES ('127', '5');
SELECT 'customer_id' FROM Customers;
INSERT INTO "SqlQuery" ("queryId", "userId", "issuedAt", "finishedAt", "hasError", "errorMessage", "statement", "projectId", "queryTypeId")
    VALUES ('128', '4', '2023-04-30 22:04:14.761582', '2023-04-30 22:04:18.761582', 'False', 'None', 'SELECT customer_id FROM Customers', '3', '1');
INSERT INTO "QueryColumnAccess" ("queryId", "columnId")
    VALUES ('128', '1');
INSERT INTO "QueryTableAccess" ("queryId", "tableId")
    VALUES ('128', '4');
SELECT 'country' FROM Authors;
INSERT INTO "SqlQuery" ("queryId", "userId", "issuedAt", "finishedAt", "hasError", "errorMessage", "statement", "projectId", "queryTypeId")
    VALUES ('129', '6', '2023-05-14 22:04:14.761588', '2023-05-14 22:04:16.761588', 'False', 'None', 'SELECT country FROM Authors', '3', '1');
INSERT INTO "QueryColumnAccess" ("queryId", "columnId")
    VALUES ('129', '5');
INSERT INTO "QueryTableAccess" ("queryId", "tableId")
    VALUES ('129', '2');
SELECT 'shipping_zip_code' FROM Orders;
INSERT INTO "SqlQuery" ("queryId", "userId", "issuedAt", "finishedAt", "hasError", "errorMessage", "statement", "projectId", "queryTypeId")
    VALUES ('130', '11', '2023-07-07 22:04:14.761595', '2023-07-07 22:04:17.761595', 'False', 'None', 'SELECT shipping_zip_code FROM Orders', '3', '1');
INSERT INTO "QueryColumnAccess" ("queryId", "columnId")
    VALUES ('130', '9');
INSERT INTO "QueryTableAccess" ("queryId", "tableId")
    VALUES ('130', '5');
SELECT 'shipping_city' FROM Orders;
INSERT INTO "SqlQuery" ("queryId", "userId", "issuedAt", "finishedAt", "hasError", "errorMessage", "statement", "projectId", "queryTypeId")
    VALUES ('131', '12', '2023-06-28 22:04:14.761601', '2023-06-28 22:04:16.761601', 'False', 'None', 'SELECT shipping_city FROM Orders', '3', '1');
INSERT INTO "QueryColumnAccess" ("queryId", "columnId")
    VALUES ('131', '7');
INSERT INTO "QueryTableAccess" ("queryId", "tableId")
    VALUES ('131', '5');
SELECT 'city' FROM Customers;
INSERT INTO "SqlQuery" ("queryId", "userId", "issuedAt", "finishedAt", "hasError", "errorMessage", "statement", "projectId", "queryTypeId")
    VALUES ('132', '11', '2023-06-11 22:04:14.761609', '2023-06-11 22:04:18.761609', 'False', 'None', 'SELECT city FROM Customers', '3', '1');
INSERT INTO "QueryColumnAccess" ("queryId", "columnId")
    VALUES ('132', '7');
INSERT INTO "QueryTableAccess" ("queryId", "tableId")
    VALUES ('132', '4');
SELECT 'last_name' FROM Authors;
INSERT INTO "SqlQuery" ("queryId", "userId", "issuedAt", "finishedAt", "hasError", "errorMessage", "statement", "projectId", "queryTypeId")
    VALUES ('133', '14', '2023-05-05 22:04:14.761616', '2023-05-05 22:04:17.761616', 'False', 'None', 'SELECT last_name FROM Authors', '3', '1');
INSERT INTO "QueryColumnAccess" ("queryId", "columnId")
    VALUES ('133', '3');
INSERT INTO "QueryTableAccess" ("queryId", "tableId")
    VALUES ('133', '2');
SELECT 'publication_date' FROM Books;
INSERT INTO "SqlQuery" ("queryId", "userId", "issuedAt", "finishedAt", "hasError", "errorMessage", "statement", "projectId", "queryTypeId")
    VALUES ('134', '5', '2023-05-04 22:04:14.761622', '2023-05-04 22:04:17.761622', 'False', 'None', 'SELECT publication_date FROM Books', '3', '1');
INSERT INTO "QueryColumnAccess" ("queryId", "columnId")
    VALUES ('134', '4');
INSERT INTO "QueryTableAccess" ("queryId", "tableId")
    VALUES ('134', '1');
SELECT 'country' FROM Publishers;
INSERT INTO "SqlQuery" ("queryId", "userId", "issuedAt", "finishedAt", "hasError", "errorMessage", "statement", "projectId", "queryTypeId")
    VALUES ('135', '11', '2023-05-12 22:04:14.761629', '2023-05-12 22:04:18.761629', 'False', 'None', 'SELECT country FROM Publishers', '3', '1');
INSERT INTO "QueryColumnAccess" ("queryId", "columnId")
    VALUES ('135', '4');
INSERT INTO "QueryTableAccess" ("queryId", "tableId")
    VALUES ('135', '3');
SELECT 'publisher_id' FROM Publishers;
INSERT INTO "SqlQuery" ("queryId", "userId", "issuedAt", "finishedAt", "hasError", "errorMessage", "statement", "projectId", "queryTypeId")
    VALUES ('136', '3', '2023-05-05 22:04:14.761635', '2023-05-05 22:04:17.761635', 'False', 'None', 'SELECT publisher_id FROM Publishers', '3', '1');
INSERT INTO "QueryColumnAccess" ("queryId", "columnId")
    VALUES ('136', '1');
INSERT INTO "QueryTableAccess" ("queryId", "tableId")
    VALUES ('136', '3');
SELECT 'publisher_name' FROM Publishers;
INSERT INTO "SqlQuery" ("queryId", "userId", "issuedAt", "finishedAt", "hasError", "errorMessage", "statement", "projectId", "queryTypeId")
    VALUES ('137', '12', '2023-05-17 22:04:14.761642', '2023-05-17 22:04:16.761642', 'False', 'None', 'SELECT publisher_name FROM Publishers', '3', '1');
INSERT INTO "QueryColumnAccess" ("queryId", "columnId")
    VALUES ('137', '2');
INSERT INTO "QueryTableAccess" ("queryId", "tableId")
    VALUES ('137', '3');
SELECT 'shipping_country' FROM Orders;
INSERT INTO "SqlQuery" ("queryId", "userId", "issuedAt", "finishedAt", "hasError", "errorMessage", "statement", "projectId", "queryTypeId")
    VALUES ('138', '7', '2023-06-08 22:04:14.761658', '2023-06-08 22:04:15.761658', 'False', 'None', 'SELECT shipping_country FROM Orders', '3', '1');
INSERT INTO "QueryColumnAccess" ("queryId", "columnId")
    VALUES ('138', '10');
INSERT INTO "QueryTableAccess" ("queryId", "tableId")
    VALUES ('138', '5');
SELECT 'publisher_name' FROM Publishers;
INSERT INTO "SqlQuery" ("queryId", "userId", "issuedAt", "finishedAt", "hasError", "errorMessage", "statement", "projectId", "queryTypeId")
    VALUES ('139', '12', '2023-04-28 22:04:14.761665', '2023-04-28 22:04:15.761665', 'False', 'None', 'SELECT publisher_name FROM Publishers', '3', '1');
INSERT INTO "QueryColumnAccess" ("queryId", "columnId")
    VALUES ('139', '2');
INSERT INTO "QueryTableAccess" ("queryId", "tableId")
    VALUES ('139', '3');
SELECT 'shipping_city' FROM Orders;
INSERT INTO "SqlQuery" ("queryId", "userId", "issuedAt", "finishedAt", "hasError", "errorMessage", "statement", "projectId", "queryTypeId")
    VALUES ('140', '3', '2023-06-12 22:04:14.761672', '2023-06-12 22:04:16.761672', 'False', 'None', 'SELECT shipping_city FROM Orders', '3', '1');
INSERT INTO "QueryColumnAccess" ("queryId", "columnId")
    VALUES ('140', '7');
INSERT INTO "QueryTableAccess" ("queryId", "tableId")
    VALUES ('140', '5');
SELECT 'established_date' FROM Publishers;
INSERT INTO "SqlQuery" ("queryId", "userId", "issuedAt", "finishedAt", "hasError", "errorMessage", "statement", "projectId", "queryTypeId")
    VALUES ('141', '7', '2023-05-04 22:04:14.761679', '2023-05-04 22:04:15.761679', 'False', 'None', 'SELECT established_date FROM Publishers', '3', '1');
INSERT INTO "QueryColumnAccess" ("queryId", "columnId")
    VALUES ('141', '3');
INSERT INTO "QueryTableAccess" ("queryId", "tableId")
    VALUES ('141', '3');
SELECT 'author' FROM Books;
INSERT INTO "SqlQuery" ("queryId", "userId", "issuedAt", "finishedAt", "hasError", "errorMessage", "statement", "projectId", "queryTypeId")
    VALUES ('142', '11', '2023-05-23 22:04:14.761685', '2023-05-23 22:04:18.761685', 'False', 'None', 'SELECT author FROM Books', '3', '1');
INSERT INTO "QueryColumnAccess" ("queryId", "columnId")
    VALUES ('142', '3');
INSERT INTO "QueryTableAccess" ("queryId", "tableId")
    VALUES ('142', '1');
SELECT 'book_id' FROM Books;
INSERT INTO "SqlQuery" ("queryId", "userId", "issuedAt", "finishedAt", "hasError", "errorMessage", "statement", "projectId", "queryTypeId")
    VALUES ('143', '6', '2023-05-07 22:04:14.761692', '2023-05-07 22:04:15.761692', 'False', 'None', 'SELECT book_id FROM Books', '3', '1');
INSERT INTO "QueryColumnAccess" ("queryId", "columnId")
    VALUES ('143', '1');
INSERT INTO "QueryTableAccess" ("queryId", "tableId")
    VALUES ('143', '1');
SELECT 'first_name' FROM Authors;
INSERT INTO "SqlQuery" ("queryId", "userId", "issuedAt", "finishedAt", "hasError", "errorMessage", "statement", "projectId", "queryTypeId")
    VALUES ('144', '11', '2023-05-29 22:04:14.761699', '2023-05-29 22:04:17.761699', 'False', 'None', 'SELECT first_name FROM Authors', '3', '1');
INSERT INTO "QueryColumnAccess" ("queryId", "columnId")
    VALUES ('144', '2');
INSERT INTO "QueryTableAccess" ("queryId", "tableId")
    VALUES ('144', '2');
SELECT 'website' FROM Publishers;
INSERT INTO "SqlQuery" ("queryId", "userId", "issuedAt", "finishedAt", "hasError", "errorMessage", "statement", "projectId", "queryTypeId")
    VALUES ('145', '6', '2023-05-29 22:04:14.761706', '2023-05-29 22:04:16.761706', 'False', 'None', 'SELECT website FROM Publishers', '3', '1');
INSERT INTO "QueryColumnAccess" ("queryId", "columnId")
    VALUES ('145', '5');
INSERT INTO "QueryTableAccess" ("queryId", "tableId")
    VALUES ('145', '3');
SELECT 'title' FROM Books;
INSERT INTO "SqlQuery" ("queryId", "userId", "issuedAt", "finishedAt", "hasError", "errorMessage", "statement", "projectId", "queryTypeId")
    VALUES ('146', '1', '2023-06-04 22:04:14.761713', '2023-06-04 22:04:16.761713', 'False', 'None', 'SELECT title FROM Books', '3', '1');
INSERT INTO "QueryColumnAccess" ("queryId", "columnId")
    VALUES ('146', '2');
INSERT INTO "QueryTableAccess" ("queryId", "tableId")
    VALUES ('146', '1');
SELECT 'zip_code' FROM Customers;
INSERT INTO "SqlQuery" ("queryId", "userId", "issuedAt", "finishedAt", "hasError", "errorMessage", "statement", "projectId", "queryTypeId")
    VALUES ('147', '6', '2023-05-24 22:04:14.761719', '2023-05-24 22:04:18.761719', 'False', 'None', 'SELECT zip_code FROM Customers', '3', '1');
INSERT INTO "QueryColumnAccess" ("queryId", "columnId")
    VALUES ('147', '9');
INSERT INTO "QueryTableAccess" ("queryId", "tableId")
    VALUES ('147', '4');
SELECT 'publisher_id' FROM Publishers;
INSERT INTO "SqlQuery" ("queryId", "userId", "issuedAt", "finishedAt", "hasError", "errorMessage", "statement", "projectId", "queryTypeId")
    VALUES ('148', '8', '2023-04-30 22:04:14.761726', '2023-04-30 22:04:15.761726', 'False', 'None', 'SELECT publisher_id FROM Publishers', '3', '1');
INSERT INTO "QueryColumnAccess" ("queryId", "columnId")
    VALUES ('148', '1');
INSERT INTO "QueryTableAccess" ("queryId", "tableId")
    VALUES ('148', '3');
SELECT 'address' FROM Customers;
INSERT INTO "SqlQuery" ("queryId", "userId", "issuedAt", "finishedAt", "hasError", "errorMessage", "statement", "projectId", "queryTypeId")
    VALUES ('149', '9', '2023-06-19 22:04:14.761733', '2023-06-19 22:04:15.761733', 'False', 'None', 'SELECT address FROM Customers', '3', '1');
INSERT INTO "QueryColumnAccess" ("queryId", "columnId")
    VALUES ('149', '6');
INSERT INTO "QueryTableAccess" ("queryId", "tableId")
    VALUES ('149', '4');
SELECT 'birth_date' FROM Authors;
INSERT INTO "SqlQuery" ("queryId", "userId", "issuedAt", "finishedAt", "hasError", "errorMessage", "statement", "projectId", "queryTypeId")
    VALUES ('150', '14', '2023-05-15 22:04:14.761740', '2023-05-15 22:04:15.761740', 'False', 'None', 'SELECT birth_date FROM Authors', '3', '1');
INSERT INTO "QueryColumnAccess" ("queryId", "columnId")
    VALUES ('150', '4');
INSERT INTO "QueryTableAccess" ("queryId", "tableId")
    VALUES ('150', '2');
SELECT 'author_id' FROM Authors;
INSERT INTO "SqlQuery" ("queryId", "userId", "issuedAt", "finishedAt", "hasError", "errorMessage", "statement", "projectId", "queryTypeId")
    VALUES ('151', '13', '2023-06-16 22:04:14.761746', '2023-06-16 22:04:17.761746', 'False', 'None', 'SELECT author_id FROM Authors', '3', '1');
INSERT INTO "QueryColumnAccess" ("queryId", "columnId")
    VALUES ('151', '1');
INSERT INTO "QueryTableAccess" ("queryId", "tableId")
    VALUES ('151', '2');
SELECT 'birth_date' FROM Authors;
INSERT INTO "SqlQuery" ("queryId", "userId", "issuedAt", "finishedAt", "hasError", "errorMessage", "statement", "projectId", "queryTypeId")
    VALUES ('152', '14', '2023-06-24 22:04:14.761753', '2023-06-24 22:04:17.761753', 'False', 'None', 'SELECT birth_date FROM Authors', '3', '1');
INSERT INTO "QueryColumnAccess" ("queryId", "columnId")
    VALUES ('152', '4');
INSERT INTO "QueryTableAccess" ("queryId", "tableId")
    VALUES ('152', '2');
SELECT 'shipping_country' FROM Orders;
INSERT INTO "SqlQuery" ("queryId", "userId", "issuedAt", "finishedAt", "hasError", "errorMessage", "statement", "projectId", "queryTypeId")
    VALUES ('153', '4', '2023-06-14 22:04:14.761760', '2023-06-14 22:04:18.761760', 'False', 'None', 'SELECT shipping_country FROM Orders', '3', '1');
INSERT INTO "QueryColumnAccess" ("queryId", "columnId")
    VALUES ('153', '10');
INSERT INTO "QueryTableAccess" ("queryId", "tableId")
    VALUES ('153', '5');
SELECT 'author_id' FROM Authors;
INSERT INTO "SqlQuery" ("queryId", "userId", "issuedAt", "finishedAt", "hasError", "errorMessage", "statement", "projectId", "queryTypeId")
    VALUES ('154', '1', '2023-06-04 22:04:14.761777', '2023-06-04 22:04:18.761777', 'False', 'None', 'SELECT author_id FROM Authors', '3', '1');
INSERT INTO "QueryColumnAccess" ("queryId", "columnId")
    VALUES ('154', '1');
INSERT INTO "QueryTableAccess" ("queryId", "tableId")
    VALUES ('154', '2');
SELECT 'established_date' FROM Publishers;
INSERT INTO "SqlQuery" ("queryId", "userId", "issuedAt", "finishedAt", "hasError", "errorMessage", "statement", "projectId", "queryTypeId")
    VALUES ('155', '2', '2023-06-12 22:04:14.761784', '2023-06-12 22:04:17.761784', 'False', 'None', 'SELECT established_date FROM Publishers', '3', '1');
INSERT INTO "QueryColumnAccess" ("queryId", "columnId")
    VALUES ('155', '3');
INSERT INTO "QueryTableAccess" ("queryId", "tableId")
    VALUES ('155', '3');
SELECT 'country' FROM Publishers;
INSERT INTO "SqlQuery" ("queryId", "userId", "issuedAt", "finishedAt", "hasError", "errorMessage", "statement", "projectId", "queryTypeId")
    VALUES ('156', '5', '2023-06-20 22:04:14.761792', '2023-06-20 22:04:15.761792', 'False', 'None', 'SELECT country FROM Publishers', '3', '1');
INSERT INTO "QueryColumnAccess" ("queryId", "columnId")
    VALUES ('156', '4');
INSERT INTO "QueryTableAccess" ("queryId", "tableId")
    VALUES ('156', '3');
SELECT 'first_name' FROM Customers;
INSERT INTO "SqlQuery" ("queryId", "userId", "issuedAt", "finishedAt", "hasError", "errorMessage", "statement", "projectId", "queryTypeId")
    VALUES ('157', '3', '2023-05-06 22:04:14.761798', '2023-05-06 22:04:15.761798', 'False', 'None', 'SELECT first_name FROM Customers', '3', '1');
INSERT INTO "QueryColumnAccess" ("queryId", "columnId")
    VALUES ('157', '2');
INSERT INTO "QueryTableAccess" ("queryId", "tableId")
    VALUES ('157', '4');
SELECT 'total_amount' FROM Orders;
INSERT INTO "SqlQuery" ("queryId", "userId", "issuedAt", "finishedAt", "hasError", "errorMessage", "statement", "projectId", "queryTypeId")
    VALUES ('158', '15', '2023-05-19 22:04:14.761806', '2023-05-19 22:04:17.761806', 'False', 'None', 'SELECT total_amount FROM Orders', '3', '1');
INSERT INTO "QueryColumnAccess" ("queryId", "columnId")
    VALUES ('158', '4');
INSERT INTO "QueryTableAccess" ("queryId", "tableId")
    VALUES ('158', '5');
SELECT 'publisher_id' FROM Publishers;
INSERT INTO "SqlQuery" ("queryId", "userId", "issuedAt", "finishedAt", "hasError", "errorMessage", "statement", "projectId", "queryTypeId")
    VALUES ('159', '8', '2023-05-19 22:04:14.761812', '2023-05-19 22:04:18.761812', 'False', 'None', 'SELECT publisher_id FROM Publishers', '3', '1');
INSERT INTO "QueryColumnAccess" ("queryId", "columnId")
    VALUES ('159', '1');
INSERT INTO "QueryTableAccess" ("queryId", "tableId")
    VALUES ('159', '3');
SELECT 'publisher_id' FROM Publishers;
INSERT INTO "SqlQuery" ("queryId", "userId", "issuedAt", "finishedAt", "hasError", "errorMessage", "statement", "projectId", "queryTypeId")
    VALUES ('160', '12', '2023-05-16 22:04:14.761819', '2023-05-16 22:04:15.761819', 'False', 'None', 'SELECT publisher_id FROM Publishers', '3', '1');
INSERT INTO "QueryColumnAccess" ("queryId", "columnId")
    VALUES ('160', '1');
INSERT INTO "QueryTableAccess" ("queryId", "tableId")
    VALUES ('160', '3');
SELECT 'customer_id' FROM Customers;
INSERT INTO "SqlQuery" ("queryId", "userId", "issuedAt", "finishedAt", "hasError", "errorMessage", "statement", "projectId", "queryTypeId")
    VALUES ('161', '12', '2023-06-13 22:04:14.761825', '2023-06-13 22:04:16.761825', 'False', 'None', 'SELECT customer_id FROM Customers', '3', '1');
INSERT INTO "QueryColumnAccess" ("queryId", "columnId")
    VALUES ('161', '1');
INSERT INTO "QueryTableAccess" ("queryId", "tableId")
    VALUES ('161', '4');
SELECT 'birth_date' FROM Authors;
INSERT INTO "SqlQuery" ("queryId", "userId", "issuedAt", "finishedAt", "hasError", "errorMessage", "statement", "projectId", "queryTypeId")
    VALUES ('162', '9', '2023-06-14 22:04:14.761833', '2023-06-14 22:04:16.761833', 'False', 'None', 'SELECT birth_date FROM Authors', '3', '1');
INSERT INTO "QueryColumnAccess" ("queryId", "columnId")
    VALUES ('162', '4');
INSERT INTO "QueryTableAccess" ("queryId", "tableId")
    VALUES ('162', '2');
SELECT 'zip_code' FROM Customers;
INSERT INTO "SqlQuery" ("queryId", "userId", "issuedAt", "finishedAt", "hasError", "errorMessage", "statement", "projectId", "queryTypeId")
    VALUES ('163', '9', '2023-05-31 22:04:14.761839', '2023-05-31 22:04:17.761839', 'False', 'None', 'SELECT zip_code FROM Customers', '3', '1');
INSERT INTO "QueryColumnAccess" ("queryId", "columnId")
    VALUES ('163', '9');
INSERT INTO "QueryTableAccess" ("queryId", "tableId")
    VALUES ('163', '4');
SELECT 'shipping_zip_code' FROM Orders;
INSERT INTO "SqlQuery" ("queryId", "userId", "issuedAt", "finishedAt", "hasError", "errorMessage", "statement", "projectId", "queryTypeId")
    VALUES ('164', '10', '2023-06-24 22:04:14.761846', '2023-06-24 22:04:15.761846', 'False', 'None', 'SELECT shipping_zip_code FROM Orders', '3', '1');
INSERT INTO "QueryColumnAccess" ("queryId", "columnId")
    VALUES ('164', '9');
INSERT INTO "QueryTableAccess" ("queryId", "tableId")
    VALUES ('164', '5');
SELECT 'publisher_name' FROM Publishers;
INSERT INTO "SqlQuery" ("queryId", "userId", "issuedAt", "finishedAt", "hasError", "errorMessage", "statement", "projectId", "queryTypeId")
    VALUES ('165', '8', '2023-06-15 22:04:14.761853', '2023-06-15 22:04:15.761853', 'False', 'None', 'SELECT publisher_name FROM Publishers', '3', '1');
INSERT INTO "QueryColumnAccess" ("queryId", "columnId")
    VALUES ('165', '2');
INSERT INTO "QueryTableAccess" ("queryId", "tableId")
    VALUES ('165', '3');
SELECT 'category_id' FROM Books;
INSERT INTO "SqlQuery" ("queryId", "userId", "issuedAt", "finishedAt", "hasError", "errorMessage", "statement", "projectId", "queryTypeId")
    VALUES ('166', '10', '2023-06-30 22:04:14.761860', '2023-06-30 22:04:17.761860', 'False', 'None', 'SELECT category_id FROM Books', '3', '1');
INSERT INTO "QueryColumnAccess" ("queryId", "columnId")
    VALUES ('166', '7');
INSERT INTO "QueryTableAccess" ("queryId", "tableId")
    VALUES ('166', '1');
SELECT 'last_name' FROM Authors;
INSERT INTO "SqlQuery" ("queryId", "userId", "issuedAt", "finishedAt", "hasError", "errorMessage", "statement", "projectId", "queryTypeId")
    VALUES ('167', '14', '2023-05-03 22:04:14.761866', '2023-05-03 22:04:18.761866', 'False', 'None', 'SELECT last_name FROM Authors', '3', '1');
INSERT INTO "QueryColumnAccess" ("queryId", "columnId")
    VALUES ('167', '3');
INSERT INTO "QueryTableAccess" ("queryId", "tableId")
    VALUES ('167', '2');
SELECT 'order_date' FROM Orders;
INSERT INTO "SqlQuery" ("queryId", "userId", "issuedAt", "finishedAt", "hasError", "errorMessage", "statement", "projectId", "queryTypeId")
    VALUES ('168', '11', '2023-06-30 22:04:14.761872', '2023-06-30 22:04:18.761872', 'False', 'None', 'SELECT order_date FROM Orders', '3', '1');
INSERT INTO "QueryColumnAccess" ("queryId", "columnId")
    VALUES ('168', '3');
INSERT INTO "QueryTableAccess" ("queryId", "tableId")
    VALUES ('168', '5');
SELECT 'first_name' FROM Authors;
INSERT INTO "SqlQuery" ("queryId", "userId", "issuedAt", "finishedAt", "hasError", "errorMessage", "statement", "projectId", "queryTypeId")
    VALUES ('169', '3', '2023-05-04 22:04:14.761879', '2023-05-04 22:04:17.761879', 'False', 'None', 'SELECT first_name FROM Authors', '3', '1');
INSERT INTO "QueryColumnAccess" ("queryId", "columnId")
    VALUES ('169', '2');
INSERT INTO "QueryTableAccess" ("queryId", "tableId")
    VALUES ('169', '2');
SELECT 'shipping_zip_code' FROM Orders;
INSERT INTO "SqlQuery" ("queryId", "userId", "issuedAt", "finishedAt", "hasError", "errorMessage", "statement", "projectId", "queryTypeId")
    VALUES ('170', '4', '2023-05-13 22:04:14.761885', '2023-05-13 22:04:16.761885', 'False', 'None', 'SELECT shipping_zip_code FROM Orders', '3', '1');
INSERT INTO "QueryColumnAccess" ("queryId", "columnId")
    VALUES ('170', '9');
INSERT INTO "QueryTableAccess" ("queryId", "tableId")
    VALUES ('170', '5');
SELECT 'country' FROM Publishers;
INSERT INTO "SqlQuery" ("queryId", "userId", "issuedAt", "finishedAt", "hasError", "errorMessage", "statement", "projectId", "queryTypeId")
    VALUES ('171', '6', '2023-06-27 22:04:14.761900', '2023-06-27 22:04:18.761900', 'False', 'None', 'SELECT country FROM Publishers', '3', '1');
INSERT INTO "QueryColumnAccess" ("queryId", "columnId")
    VALUES ('171', '4');
INSERT INTO "QueryTableAccess" ("queryId", "tableId")
    VALUES ('171', '3');
SELECT 'city' FROM Customers;
INSERT INTO "SqlQuery" ("queryId", "userId", "issuedAt", "finishedAt", "hasError", "errorMessage", "statement", "projectId", "queryTypeId")
    VALUES ('172', '10', '2023-04-22 22:04:14.761907', '2023-04-22 22:04:16.761907', 'False', 'None', 'SELECT city FROM Customers', '3', '1');
INSERT INTO "QueryColumnAccess" ("queryId", "columnId")
    VALUES ('172', '7');
INSERT INTO "QueryTableAccess" ("queryId", "tableId")
    VALUES ('172', '4');
SELECT 'country' FROM Publishers;
INSERT INTO "SqlQuery" ("queryId", "userId", "issuedAt", "finishedAt", "hasError", "errorMessage", "statement", "projectId", "queryTypeId")
    VALUES ('173', '10', '2023-06-19 22:04:14.761914', '2023-06-19 22:04:18.761914', 'False', 'None', 'SELECT country FROM Publishers', '3', '1');
INSERT INTO "QueryColumnAccess" ("queryId", "columnId")
    VALUES ('173', '4');
INSERT INTO "QueryTableAccess" ("queryId", "tableId")
    VALUES ('173', '3');
SELECT 'address' FROM Customers;
INSERT INTO "SqlQuery" ("queryId", "userId", "issuedAt", "finishedAt", "hasError", "errorMessage", "statement", "projectId", "queryTypeId")
    VALUES ('174', '7', '2023-05-08 22:04:14.761921', '2023-05-08 22:04:17.761921', 'False', 'None', 'SELECT address FROM Customers', '3', '1');
INSERT INTO "QueryColumnAccess" ("queryId", "columnId")
    VALUES ('174', '6');
INSERT INTO "QueryTableAccess" ("queryId", "tableId")
    VALUES ('174', '4');
SELECT 'shipping_country' FROM Orders;
INSERT INTO "SqlQuery" ("queryId", "userId", "issuedAt", "finishedAt", "hasError", "errorMessage", "statement", "projectId", "queryTypeId")
    VALUES ('175', '12', '2023-06-27 22:04:14.761927', '2023-06-27 22:04:17.761927', 'False', 'None', 'SELECT shipping_country FROM Orders', '3', '1');
INSERT INTO "QueryColumnAccess" ("queryId", "columnId")
    VALUES ('175', '10');
INSERT INTO "QueryTableAccess" ("queryId", "tableId")
    VALUES ('175', '5');
SELECT 'last_name' FROM Authors;
INSERT INTO "SqlQuery" ("queryId", "userId", "issuedAt", "finishedAt", "hasError", "errorMessage", "statement", "projectId", "queryTypeId")
    VALUES ('176', '8', '2023-05-19 22:04:14.761934', '2023-05-19 22:04:18.761934', 'False', 'None', 'SELECT last_name FROM Authors', '3', '1');
INSERT INTO "QueryColumnAccess" ("queryId", "columnId")
    VALUES ('176', '3');
INSERT INTO "QueryTableAccess" ("queryId", "tableId")
    VALUES ('176', '2');
SELECT 'state' FROM Customers;
INSERT INTO "SqlQuery" ("queryId", "userId", "issuedAt", "finishedAt", "hasError", "errorMessage", "statement", "projectId", "queryTypeId")
    VALUES ('177', '13', '2023-06-27 22:04:14.761941', '2023-06-27 22:04:18.761941', 'False', 'None', 'SELECT state FROM Customers', '3', '1');
INSERT INTO "QueryColumnAccess" ("queryId", "columnId")
    VALUES ('177', '8');
INSERT INTO "QueryTableAccess" ("queryId", "tableId")
    VALUES ('177', '4');
SELECT 'publisher_id' FROM Publishers;
INSERT INTO "SqlQuery" ("queryId", "userId", "issuedAt", "finishedAt", "hasError", "errorMessage", "statement", "projectId", "queryTypeId")
    VALUES ('178', '8', '2023-04-12 22:04:14.761947', '2023-04-12 22:04:17.761947', 'False', 'None', 'SELECT publisher_id FROM Publishers', '3', '1');
INSERT INTO "QueryColumnAccess" ("queryId", "columnId")
    VALUES ('178', '1');
INSERT INTO "QueryTableAccess" ("queryId", "tableId")
    VALUES ('178', '3');
SELECT 'first_name' FROM Customers;
INSERT INTO "SqlQuery" ("queryId", "userId", "issuedAt", "finishedAt", "hasError", "errorMessage", "statement", "projectId", "queryTypeId")
    VALUES ('179', '9', '2023-06-01 22:04:14.761954', '2023-06-01 22:04:17.761954', 'False', 'None', 'SELECT first_name FROM Customers', '3', '1');
INSERT INTO "QueryColumnAccess" ("queryId", "columnId")
    VALUES ('179', '2');
INSERT INTO "QueryTableAccess" ("queryId", "tableId")
    VALUES ('179', '4');
SELECT 'status' FROM Orders;
INSERT INTO "SqlQuery" ("queryId", "userId", "issuedAt", "finishedAt", "hasError", "errorMessage", "statement", "projectId", "queryTypeId")
    VALUES ('180', '15', '2023-06-06 22:04:14.761961', '2023-06-06 22:04:18.761961', 'False', 'None', 'SELECT status FROM Orders', '3', '1');
INSERT INTO "QueryColumnAccess" ("queryId", "columnId")
    VALUES ('180', '5');
INSERT INTO "QueryTableAccess" ("queryId", "tableId")
    VALUES ('180', '5');
SELECT 'publisher_name' FROM Publishers;
INSERT INTO "SqlQuery" ("queryId", "userId", "issuedAt", "finishedAt", "hasError", "errorMessage", "statement", "projectId", "queryTypeId")
    VALUES ('181', '12', '2023-05-30 22:04:14.761967', '2023-05-30 22:04:16.761967', 'False', 'None', 'SELECT publisher_name FROM Publishers', '3', '1');
INSERT INTO "QueryColumnAccess" ("queryId", "columnId")
    VALUES ('181', '2');
INSERT INTO "QueryTableAccess" ("queryId", "tableId")
    VALUES ('181', '3');
SELECT 'book_id' FROM Books;
INSERT INTO "SqlQuery" ("queryId", "userId", "issuedAt", "finishedAt", "hasError", "errorMessage", "statement", "projectId", "queryTypeId")
    VALUES ('182', '14', '2023-06-30 22:04:14.761974', '2023-06-30 22:04:15.761974', 'False', 'None', 'SELECT book_id FROM Books', '3', '1');
INSERT INTO "QueryColumnAccess" ("queryId", "columnId")
    VALUES ('182', '1');
INSERT INTO "QueryTableAccess" ("queryId", "tableId")
    VALUES ('182', '1');
SELECT 'country' FROM Customers;
INSERT INTO "SqlQuery" ("queryId", "userId", "issuedAt", "finishedAt", "hasError", "errorMessage", "statement", "projectId", "queryTypeId")
    VALUES ('183', '14', '2023-05-17 22:04:14.761980', '2023-05-17 22:04:15.761980', 'False', 'None', 'SELECT country FROM Customers', '3', '1');
INSERT INTO "QueryColumnAccess" ("queryId", "columnId")
    VALUES ('183', '10');
INSERT INTO "QueryTableAccess" ("queryId", "tableId")
    VALUES ('183', '4');
SELECT 'title' FROM Books;
INSERT INTO "SqlQuery" ("queryId", "userId", "issuedAt", "finishedAt", "hasError", "errorMessage", "statement", "projectId", "queryTypeId")
    VALUES ('184', '1', '2023-05-22 22:04:14.761987', '2023-05-22 22:04:18.761987', 'False', 'None', 'SELECT title FROM Books', '3', '1');
INSERT INTO "QueryColumnAccess" ("queryId", "columnId")
    VALUES ('184', '2');
INSERT INTO "QueryTableAccess" ("queryId", "tableId")
    VALUES ('184', '1');
SELECT 'last_name' FROM Authors;
INSERT INTO "SqlQuery" ("queryId", "userId", "issuedAt", "finishedAt", "hasError", "errorMessage", "statement", "projectId", "queryTypeId")
    VALUES ('185', '12', '2023-06-30 22:04:14.761994', '2023-06-30 22:04:15.761994', 'False', 'None', 'SELECT last_name FROM Authors', '3', '1');
INSERT INTO "QueryColumnAccess" ("queryId", "columnId")
    VALUES ('185', '3');
INSERT INTO "QueryTableAccess" ("queryId", "tableId")
    VALUES ('185', '2');
SELECT 'customer_id' FROM Customers;
INSERT INTO "SqlQuery" ("queryId", "userId", "issuedAt", "finishedAt", "hasError", "errorMessage", "statement", "projectId", "queryTypeId")
    VALUES ('186', '11', '2023-06-07 22:04:14.762000', '2023-06-07 22:04:15.762000', 'False', 'None', 'SELECT customer_id FROM Customers', '3', '1');
INSERT INTO "QueryColumnAccess" ("queryId", "columnId")
    VALUES ('186', '1');
INSERT INTO "QueryTableAccess" ("queryId", "tableId")
    VALUES ('186', '4');
SELECT 'phone_number' FROM Customers;
INSERT INTO "SqlQuery" ("queryId", "userId", "issuedAt", "finishedAt", "hasError", "errorMessage", "statement", "projectId", "queryTypeId")
    VALUES ('187', '5', '2023-04-13 22:04:14.762006', '2023-04-13 22:04:15.762006', 'False', 'None', 'SELECT phone_number FROM Customers', '3', '1');
INSERT INTO "QueryColumnAccess" ("queryId", "columnId")
    VALUES ('187', '5');
INSERT INTO "QueryTableAccess" ("queryId", "tableId")
    VALUES ('187', '4');
SELECT 'country' FROM Publishers;
INSERT INTO "SqlQuery" ("queryId", "userId", "issuedAt", "finishedAt", "hasError", "errorMessage", "statement", "projectId", "queryTypeId")
    VALUES ('188', '12', '2023-05-16 22:04:14.762018', '2023-05-16 22:04:15.762018', 'False', 'None', 'SELECT country FROM Publishers', '3', '1');
INSERT INTO "QueryColumnAccess" ("queryId", "columnId")
    VALUES ('188', '4');
INSERT INTO "QueryTableAccess" ("queryId", "tableId")
    VALUES ('188', '3');
SELECT 'country' FROM Customers;
INSERT INTO "SqlQuery" ("queryId", "userId", "issuedAt", "finishedAt", "hasError", "errorMessage", "statement", "projectId", "queryTypeId")
    VALUES ('189', '2', '2023-05-05 22:04:14.762026', '2023-05-05 22:04:15.762026', 'False', 'None', 'SELECT country FROM Customers', '3', '1');
INSERT INTO "QueryColumnAccess" ("queryId", "columnId")
    VALUES ('189', '10');
INSERT INTO "QueryTableAccess" ("queryId", "tableId")
    VALUES ('189', '4');
SELECT 'first_name' FROM Customers;
INSERT INTO "SqlQuery" ("queryId", "userId", "issuedAt", "finishedAt", "hasError", "errorMessage", "statement", "projectId", "queryTypeId")
    VALUES ('190', '4', '2023-06-03 22:04:14.762033', '2023-06-03 22:04:18.762033', 'False', 'None', 'SELECT first_name FROM Customers', '3', '1');
INSERT INTO "QueryColumnAccess" ("queryId", "columnId")
    VALUES ('190', '2');
INSERT INTO "QueryTableAccess" ("queryId", "tableId")
    VALUES ('190', '4');
SELECT 'shipping_zip_code' FROM Orders;
INSERT INTO "SqlQuery" ("queryId", "userId", "issuedAt", "finishedAt", "hasError", "errorMessage", "statement", "projectId", "queryTypeId")
    VALUES ('191', '8', '2023-05-14 22:04:14.762040', '2023-05-14 22:04:16.762040', 'False', 'None', 'SELECT shipping_zip_code FROM Orders', '3', '1');
INSERT INTO "QueryColumnAccess" ("queryId", "columnId")
    VALUES ('191', '9');
INSERT INTO "QueryTableAccess" ("queryId", "tableId")
    VALUES ('191', '5');
SELECT 'shipping_zip_code' FROM Orders;
INSERT INTO "SqlQuery" ("queryId", "userId", "issuedAt", "finishedAt", "hasError", "errorMessage", "statement", "projectId", "queryTypeId")
    VALUES ('192', '7', '2023-04-23 22:04:14.762046', '2023-04-23 22:04:17.762046', 'False', 'None', 'SELECT shipping_zip_code FROM Orders', '3', '1');
INSERT INTO "QueryColumnAccess" ("queryId", "columnId")
    VALUES ('192', '9');
INSERT INTO "QueryTableAccess" ("queryId", "tableId")
    VALUES ('192', '5');
SELECT 'state' FROM Customers;
INSERT INTO "SqlQuery" ("queryId", "userId", "issuedAt", "finishedAt", "hasError", "errorMessage", "statement", "projectId", "queryTypeId")
    VALUES ('193', '12', '2023-04-23 22:04:14.762053', '2023-04-23 22:04:15.762053', 'False', 'None', 'SELECT state FROM Customers', '3', '1');
INSERT INTO "QueryColumnAccess" ("queryId", "columnId")
    VALUES ('193', '8');
INSERT INTO "QueryTableAccess" ("queryId", "tableId")
    VALUES ('193', '4');
SELECT 'country' FROM Authors;
INSERT INTO "SqlQuery" ("queryId", "userId", "issuedAt", "finishedAt", "hasError", "errorMessage", "statement", "projectId", "queryTypeId")
    VALUES ('194', '14', '2023-06-27 22:04:14.762060', '2023-06-27 22:04:18.762060', 'False', 'None', 'SELECT country FROM Authors', '3', '1');
INSERT INTO "QueryColumnAccess" ("queryId", "columnId")
    VALUES ('194', '5');
INSERT INTO "QueryTableAccess" ("queryId", "tableId")
    VALUES ('194', '2');
SELECT 'author_id' FROM Authors;
INSERT INTO "SqlQuery" ("queryId", "userId", "issuedAt", "finishedAt", "hasError", "errorMessage", "statement", "projectId", "queryTypeId")
    VALUES ('195', '6', '2023-04-16 22:04:14.762067', '2023-04-16 22:04:18.762067', 'False', 'None', 'SELECT author_id FROM Authors', '3', '1');
INSERT INTO "QueryColumnAccess" ("queryId", "columnId")
    VALUES ('195', '1');
INSERT INTO "QueryTableAccess" ("queryId", "tableId")
    VALUES ('195', '2');
SELECT 'zip_code' FROM Customers;
INSERT INTO "SqlQuery" ("queryId", "userId", "issuedAt", "finishedAt", "hasError", "errorMessage", "statement", "projectId", "queryTypeId")
    VALUES ('196', '14', '2023-06-09 22:04:14.762073', '2023-06-09 22:04:16.762073', 'False', 'None', 'SELECT zip_code FROM Customers', '3', '1');
INSERT INTO "QueryColumnAccess" ("queryId", "columnId")
    VALUES ('196', '9');
INSERT INTO "QueryTableAccess" ("queryId", "tableId")
    VALUES ('196', '4');
SELECT 'order_id' FROM Orders;
INSERT INTO "SqlQuery" ("queryId", "userId", "issuedAt", "finishedAt", "hasError", "errorMessage", "statement", "projectId", "queryTypeId")
    VALUES ('197', '7', '2023-05-17 22:04:14.762080', '2023-05-17 22:04:17.762080', 'False', 'None', 'SELECT order_id FROM Orders', '3', '1');
INSERT INTO "QueryColumnAccess" ("queryId", "columnId")
    VALUES ('197', '1');
INSERT INTO "QueryTableAccess" ("queryId", "tableId")
    VALUES ('197', '5');
SELECT 'customer_id' FROM Orders;
INSERT INTO "SqlQuery" ("queryId", "userId", "issuedAt", "finishedAt", "hasError", "errorMessage", "statement", "projectId", "queryTypeId")
    VALUES ('198', '2', '2023-06-17 22:04:14.762086', '2023-06-17 22:04:15.762086', 'False', 'None', 'SELECT customer_id FROM Orders', '3', '1');
INSERT INTO "QueryColumnAccess" ("queryId", "columnId")
    VALUES ('198', '2');
INSERT INTO "QueryTableAccess" ("queryId", "tableId")
    VALUES ('198', '5');
SELECT 'publisher' FROM Books;
INSERT INTO "SqlQuery" ("queryId", "userId", "issuedAt", "finishedAt", "hasError", "errorMessage", "statement", "projectId", "queryTypeId")
    VALUES ('199', '9', '2023-06-05 22:04:14.762092', '2023-06-05 22:04:15.762092', 'False', 'None', 'SELECT publisher FROM Books', '3', '1');
INSERT INTO "QueryColumnAccess" ("queryId", "columnId")
    VALUES ('199', '5');
INSERT INTO "QueryTableAccess" ("queryId", "tableId")
    VALUES ('199', '1');
SELECT 'established_date' FROM Publishers;
INSERT INTO "SqlQuery" ("queryId", "userId", "issuedAt", "finishedAt", "hasError", "errorMessage", "statement", "projectId", "queryTypeId")
    VALUES ('200', '5', '2023-05-27 22:04:14.762099', '2023-05-27 22:04:16.762099', 'False', 'None', 'SELECT established_date FROM Publishers', '3', '1');
INSERT INTO "QueryColumnAccess" ("queryId", "columnId")
    VALUES ('200', '3');
INSERT INTO "QueryTableAccess" ("queryId", "tableId")
    VALUES ('200', '3');
SELECT 'established_date' FROM Publishers;
INSERT INTO "SqlQuery" ("queryId", "userId", "issuedAt", "finishedAt", "hasError", "errorMessage", "statement", "projectId", "queryTypeId")
    VALUES ('201', '13', '2023-07-02 22:04:14.762105', '2023-07-02 22:04:15.762105', 'False', 'None', 'SELECT established_date FROM Publishers', '3', '1');
INSERT INTO "QueryColumnAccess" ("queryId", "columnId")
    VALUES ('201', '3');
INSERT INTO "QueryTableAccess" ("queryId", "tableId")
    VALUES ('201', '3');
SELECT 'shipping_city' FROM Orders;
INSERT INTO "SqlQuery" ("queryId", "userId", "issuedAt", "finishedAt", "hasError", "errorMessage", "statement", "projectId", "queryTypeId")
    VALUES ('202', '5', '2023-06-03 22:04:14.762112', '2023-06-03 22:04:16.762112', 'False', 'None', 'SELECT shipping_city FROM Orders', '3', '1');
INSERT INTO "QueryColumnAccess" ("queryId", "columnId")
    VALUES ('202', '7');
INSERT INTO "QueryTableAccess" ("queryId", "tableId")
    VALUES ('202', '5');
SELECT 'first_name' FROM Authors;
INSERT INTO "SqlQuery" ("queryId", "userId", "issuedAt", "finishedAt", "hasError", "errorMessage", "statement", "projectId", "queryTypeId")
    VALUES ('203', '5', '2023-06-13 22:04:14.762118', '2023-06-13 22:04:15.762118', 'False', 'None', 'SELECT first_name FROM Authors', '3', '1');
INSERT INTO "QueryColumnAccess" ("queryId", "columnId")
    VALUES ('203', '2');
INSERT INTO "QueryTableAccess" ("queryId", "tableId")
    VALUES ('203', '2');
SELECT 'zip_code' FROM Customers;
INSERT INTO "SqlQuery" ("queryId", "userId", "issuedAt", "finishedAt", "hasError", "errorMessage", "statement", "projectId", "queryTypeId")
    VALUES ('204', '2', '2023-07-09 22:04:14.762125', '2023-07-09 22:04:17.762125', 'False', 'None', 'SELECT zip_code FROM Customers', '3', '1');
INSERT INTO "QueryColumnAccess" ("queryId", "columnId")
    VALUES ('204', '9');
INSERT INTO "QueryTableAccess" ("queryId", "tableId")
    VALUES ('204', '4');
SELECT 'publication_date' FROM Books;
INSERT INTO "SqlQuery" ("queryId", "userId", "issuedAt", "finishedAt", "hasError", "errorMessage", "statement", "projectId", "queryTypeId")
    VALUES ('205', '4', '2023-05-17 22:04:14.762135', '2023-05-17 22:04:16.762135', 'False', 'None', 'SELECT publication_date FROM Books', '3', '1');
INSERT INTO "QueryColumnAccess" ("queryId", "columnId")
    VALUES ('205', '4');
INSERT INTO "QueryTableAccess" ("queryId", "tableId")
    VALUES ('205', '1');
SELECT 'website' FROM Publishers;
INSERT INTO "SqlQuery" ("queryId", "userId", "issuedAt", "finishedAt", "hasError", "errorMessage", "statement", "projectId", "queryTypeId")
    VALUES ('206', '13', '2023-05-27 22:04:14.762142', '2023-05-27 22:04:17.762142', 'False', 'None', 'SELECT website FROM Publishers', '3', '1');
INSERT INTO "QueryColumnAccess" ("queryId", "columnId")
    VALUES ('206', '5');
INSERT INTO "QueryTableAccess" ("queryId", "tableId")
    VALUES ('206', '3');
SELECT 'order_date' FROM Orders;
INSERT INTO "SqlQuery" ("queryId", "userId", "issuedAt", "finishedAt", "hasError", "errorMessage", "statement", "projectId", "queryTypeId")
    VALUES ('207', '11', '2023-06-28 22:04:14.762149', '2023-06-28 22:04:17.762149', 'False', 'None', 'SELECT order_date FROM Orders', '3', '1');
INSERT INTO "QueryColumnAccess" ("queryId", "columnId")
    VALUES ('207', '3');
INSERT INTO "QueryTableAccess" ("queryId", "tableId")
    VALUES ('207', '5');
SELECT 'website' FROM Publishers;
INSERT INTO "SqlQuery" ("queryId", "userId", "issuedAt", "finishedAt", "hasError", "errorMessage", "statement", "projectId", "queryTypeId")
    VALUES ('208', '14', '2023-05-01 22:04:14.762155', '2023-05-01 22:04:16.762155', 'False', 'None', 'SELECT website FROM Publishers', '3', '1');
INSERT INTO "QueryColumnAccess" ("queryId", "columnId")
    VALUES ('208', '5');
INSERT INTO "QueryTableAccess" ("queryId", "tableId")
    VALUES ('208', '3');
SELECT 'address' FROM Customers;
INSERT INTO "SqlQuery" ("queryId", "userId", "issuedAt", "finishedAt", "hasError", "errorMessage", "statement", "projectId", "queryTypeId")
    VALUES ('209', '15', '2023-05-26 22:04:14.762162', '2023-05-26 22:04:16.762162', 'False', 'None', 'SELECT address FROM Customers', '3', '1');
INSERT INTO "QueryColumnAccess" ("queryId", "columnId")
    VALUES ('209', '6');
INSERT INTO "QueryTableAccess" ("queryId", "tableId")
    VALUES ('209', '4');
SELECT 'order_id' FROM Orders;
INSERT INTO "SqlQuery" ("queryId", "userId", "issuedAt", "finishedAt", "hasError", "errorMessage", "statement", "projectId", "queryTypeId")
    VALUES ('210', '12', '2023-06-19 22:04:14.762168', '2023-06-19 22:04:17.762168', 'False', 'None', 'SELECT order_id FROM Orders', '3', '1');
INSERT INTO "QueryColumnAccess" ("queryId", "columnId")
    VALUES ('210', '1');
INSERT INTO "QueryTableAccess" ("queryId", "tableId")
    VALUES ('210', '5');
SELECT 'country' FROM Authors;
INSERT INTO "SqlQuery" ("queryId", "userId", "issuedAt", "finishedAt", "hasError", "errorMessage", "statement", "projectId", "queryTypeId")
    VALUES ('211', '6', '2023-06-28 22:04:14.762175', '2023-06-28 22:04:15.762175', 'False', 'None', 'SELECT country FROM Authors', '3', '1');
INSERT INTO "QueryColumnAccess" ("queryId", "columnId")
    VALUES ('211', '5');
INSERT INTO "QueryTableAccess" ("queryId", "tableId")
    VALUES ('211', '2');
SELECT 'phone_number' FROM Customers;
INSERT INTO "SqlQuery" ("queryId", "userId", "issuedAt", "finishedAt", "hasError", "errorMessage", "statement", "projectId", "queryTypeId")
    VALUES ('212', '7', '2023-06-04 22:04:14.762182', '2023-06-04 22:04:17.762182', 'False', 'None', 'SELECT phone_number FROM Customers', '3', '1');
INSERT INTO "QueryColumnAccess" ("queryId", "columnId")
    VALUES ('212', '5');
INSERT INTO "QueryTableAccess" ("queryId", "tableId")
    VALUES ('212', '4');
SELECT 'state' FROM Customers;
INSERT INTO "SqlQuery" ("queryId", "userId", "issuedAt", "finishedAt", "hasError", "errorMessage", "statement", "projectId", "queryTypeId")
    VALUES ('213', '13', '2023-06-08 22:04:14.762188', '2023-06-08 22:04:15.762188', 'False', 'None', 'SELECT state FROM Customers', '3', '1');
INSERT INTO "QueryColumnAccess" ("queryId", "columnId")
    VALUES ('213', '8');
INSERT INTO "QueryTableAccess" ("queryId", "tableId")
    VALUES ('213', '4');
SELECT 'publisher' FROM Books;
INSERT INTO "SqlQuery" ("queryId", "userId", "issuedAt", "finishedAt", "hasError", "errorMessage", "statement", "projectId", "queryTypeId")
    VALUES ('214', '13', '2023-05-03 22:04:14.762195', '2023-05-03 22:04:15.762195', 'False', 'None', 'SELECT publisher FROM Books', '3', '1');
INSERT INTO "QueryColumnAccess" ("queryId", "columnId")
    VALUES ('214', '5');
INSERT INTO "QueryTableAccess" ("queryId", "tableId")
    VALUES ('214', '1');
SELECT 'shipping_zip_code' FROM Orders;
INSERT INTO "SqlQuery" ("queryId", "userId", "issuedAt", "finishedAt", "hasError", "errorMessage", "statement", "projectId", "queryTypeId")
    VALUES ('215', '8', '2023-07-03 22:04:14.762202', '2023-07-03 22:04:18.762202', 'False', 'None', 'SELECT shipping_zip_code FROM Orders', '3', '1');
INSERT INTO "QueryColumnAccess" ("queryId", "columnId")
    VALUES ('215', '9');
INSERT INTO "QueryTableAccess" ("queryId", "tableId")
    VALUES ('215', '5');
SELECT 'status' FROM Orders;
INSERT INTO "SqlQuery" ("queryId", "userId", "issuedAt", "finishedAt", "hasError", "errorMessage", "statement", "projectId", "queryTypeId")
    VALUES ('216', '14', '2023-07-07 22:04:14.762209', '2023-07-07 22:04:15.762209', 'False', 'None', 'SELECT status FROM Orders', '3', '1');
INSERT INTO "QueryColumnAccess" ("queryId", "columnId")
    VALUES ('216', '5');
INSERT INTO "QueryTableAccess" ("queryId", "tableId")
    VALUES ('216', '5');
SELECT 'author' FROM Books;
INSERT INTO "SqlQuery" ("queryId", "userId", "issuedAt", "finishedAt", "hasError", "errorMessage", "statement", "projectId", "queryTypeId")
    VALUES ('217', '9', '2023-07-06 22:04:14.762216', '2023-07-06 22:04:18.762216', 'False', 'None', 'SELECT author FROM Books', '3', '1');
INSERT INTO "QueryColumnAccess" ("queryId", "columnId")
    VALUES ('217', '3');
INSERT INTO "QueryTableAccess" ("queryId", "tableId")
    VALUES ('217', '1');
SELECT 'birth_date' FROM Authors;
INSERT INTO "SqlQuery" ("queryId", "userId", "issuedAt", "finishedAt", "hasError", "errorMessage", "statement", "projectId", "queryTypeId")
    VALUES ('218', '1', '2023-04-16 22:04:14.762223', '2023-04-16 22:04:18.762223', 'False', 'None', 'SELECT birth_date FROM Authors', '3', '1');
INSERT INTO "QueryColumnAccess" ("queryId", "columnId")
    VALUES ('218', '4');
INSERT INTO "QueryTableAccess" ("queryId", "tableId")
    VALUES ('218', '2');
SELECT 'shipping_city' FROM Orders;
INSERT INTO "SqlQuery" ("queryId", "userId", "issuedAt", "finishedAt", "hasError", "errorMessage", "statement", "projectId", "queryTypeId")
    VALUES ('219', '3', '2023-05-27 22:04:14.762229', '2023-05-27 22:04:16.762229', 'False', 'None', 'SELECT shipping_city FROM Orders', '3', '1');
INSERT INTO "QueryColumnAccess" ("queryId", "columnId")
    VALUES ('219', '7');
INSERT INTO "QueryTableAccess" ("queryId", "tableId")
    VALUES ('219', '5');
SELECT 'publication_date' FROM Books;
INSERT INTO "SqlQuery" ("queryId", "userId", "issuedAt", "finishedAt", "hasError", "errorMessage", "statement", "projectId", "queryTypeId")
    VALUES ('220', '4', '2023-05-10 22:04:14.762236', '2023-05-10 22:04:18.762236', 'False', 'None', 'SELECT publication_date FROM Books', '3', '1');
INSERT INTO "QueryColumnAccess" ("queryId", "columnId")
    VALUES ('220', '4');
INSERT INTO "QueryTableAccess" ("queryId", "tableId")
    VALUES ('220', '1');
SELECT 'country' FROM Publishers;
INSERT INTO "SqlQuery" ("queryId", "userId", "issuedAt", "finishedAt", "hasError", "errorMessage", "statement", "projectId", "queryTypeId")
    VALUES ('221', '13', '2023-07-04 22:04:14.762243', '2023-07-04 22:04:16.762243', 'False', 'None', 'SELECT country FROM Publishers', '3', '1');
INSERT INTO "QueryColumnAccess" ("queryId", "columnId")
    VALUES ('221', '4');
INSERT INTO "QueryTableAccess" ("queryId", "tableId")
    VALUES ('221', '3');
SELECT 'publisher_id' FROM Publishers;
INSERT INTO "SqlQuery" ("queryId", "userId", "issuedAt", "finishedAt", "hasError", "errorMessage", "statement", "projectId", "queryTypeId")
    VALUES ('222', '7', '2023-06-10 22:04:14.762256', '2023-06-10 22:04:16.762256', 'False', 'None', 'SELECT publisher_id FROM Publishers', '3', '1');
INSERT INTO "QueryColumnAccess" ("queryId", "columnId")
    VALUES ('222', '1');
INSERT INTO "QueryTableAccess" ("queryId", "tableId")
    VALUES ('222', '3');
SELECT 'publisher_id' FROM Publishers;
INSERT INTO "SqlQuery" ("queryId", "userId", "issuedAt", "finishedAt", "hasError", "errorMessage", "statement", "projectId", "queryTypeId")
    VALUES ('223', '8', '2023-04-22 22:04:14.762262', '2023-04-22 22:04:15.762262', 'False', 'None', 'SELECT publisher_id FROM Publishers', '3', '1');
INSERT INTO "QueryColumnAccess" ("queryId", "columnId")
    VALUES ('223', '1');
INSERT INTO "QueryTableAccess" ("queryId", "tableId")
    VALUES ('223', '3');
SELECT 'state' FROM Customers;
INSERT INTO "SqlQuery" ("queryId", "userId", "issuedAt", "finishedAt", "hasError", "errorMessage", "statement", "projectId", "queryTypeId")
    VALUES ('224', '2', '2023-05-31 22:04:14.762269', '2023-05-31 22:04:18.762269', 'False', 'None', 'SELECT state FROM Customers', '3', '1');
INSERT INTO "QueryColumnAccess" ("queryId", "columnId")
    VALUES ('224', '8');
INSERT INTO "QueryTableAccess" ("queryId", "tableId")
    VALUES ('224', '4');
SELECT 'customer_id' FROM Orders;
INSERT INTO "SqlQuery" ("queryId", "userId", "issuedAt", "finishedAt", "hasError", "errorMessage", "statement", "projectId", "queryTypeId")
    VALUES ('225', '10', '2023-04-21 22:04:14.762276', '2023-04-21 22:04:16.762276', 'False', 'None', 'SELECT customer_id FROM Orders', '3', '1');
INSERT INTO "QueryColumnAccess" ("queryId", "columnId")
    VALUES ('225', '2');
INSERT INTO "QueryTableAccess" ("queryId", "tableId")
    VALUES ('225', '5');
SELECT 'shipping_country' FROM Orders;
INSERT INTO "SqlQuery" ("queryId", "userId", "issuedAt", "finishedAt", "hasError", "errorMessage", "statement", "projectId", "queryTypeId")
    VALUES ('226', '14', '2023-06-22 22:04:14.762282', '2023-06-22 22:04:15.762282', 'False', 'None', 'SELECT shipping_country FROM Orders', '3', '1');
INSERT INTO "QueryColumnAccess" ("queryId", "columnId")
    VALUES ('226', '10');
INSERT INTO "QueryTableAccess" ("queryId", "tableId")
    VALUES ('226', '5');
SELECT 'established_date' FROM Publishers;
INSERT INTO "SqlQuery" ("queryId", "userId", "issuedAt", "finishedAt", "hasError", "errorMessage", "statement", "projectId", "queryTypeId")
    VALUES ('227', '1', '2023-06-28 22:04:14.762289', '2023-06-28 22:04:18.762289', 'False', 'None', 'SELECT established_date FROM Publishers', '3', '1');
INSERT INTO "QueryColumnAccess" ("queryId", "columnId")
    VALUES ('227', '3');
INSERT INTO "QueryTableAccess" ("queryId", "tableId")
    VALUES ('227', '3');
SELECT 'total_amount' FROM Orders;
INSERT INTO "SqlQuery" ("queryId", "userId", "issuedAt", "finishedAt", "hasError", "errorMessage", "statement", "projectId", "queryTypeId")
    VALUES ('228', '14', '2023-06-14 22:04:14.762297', '2023-06-14 22:04:18.762297', 'False', 'None', 'SELECT total_amount FROM Orders', '3', '1');
INSERT INTO "QueryColumnAccess" ("queryId", "columnId")
    VALUES ('228', '4');
INSERT INTO "QueryTableAccess" ("queryId", "tableId")
    VALUES ('228', '5');
SELECT 'birth_date' FROM Authors;
INSERT INTO "SqlQuery" ("queryId", "userId", "issuedAt", "finishedAt", "hasError", "errorMessage", "statement", "projectId", "queryTypeId")
    VALUES ('229', '4', '2023-04-14 22:04:14.762303', '2023-04-14 22:04:15.762303', 'False', 'None', 'SELECT birth_date FROM Authors', '3', '1');
INSERT INTO "QueryColumnAccess" ("queryId", "columnId")
    VALUES ('229', '4');
INSERT INTO "QueryTableAccess" ("queryId", "tableId")
    VALUES ('229', '2');
SELECT 'customer_id' FROM Customers;
INSERT INTO "SqlQuery" ("queryId", "userId", "issuedAt", "finishedAt", "hasError", "errorMessage", "statement", "projectId", "queryTypeId")
    VALUES ('230', '12', '2023-06-09 22:04:14.762310', '2023-06-09 22:04:18.762310', 'False', 'None', 'SELECT customer_id FROM Customers', '3', '1');
INSERT INTO "QueryColumnAccess" ("queryId", "columnId")
    VALUES ('230', '1');
INSERT INTO "QueryTableAccess" ("queryId", "tableId")
    VALUES ('230', '4');
SELECT 'shipping_zip_code' FROM Orders;
INSERT INTO "SqlQuery" ("queryId", "userId", "issuedAt", "finishedAt", "hasError", "errorMessage", "statement", "projectId", "queryTypeId")
    VALUES ('231', '11', '2023-04-18 22:04:14.762317', '2023-04-18 22:04:15.762317', 'False', 'None', 'SELECT shipping_zip_code FROM Orders', '3', '1');
INSERT INTO "QueryColumnAccess" ("queryId", "columnId")
    VALUES ('231', '9');
INSERT INTO "QueryTableAccess" ("queryId", "tableId")
    VALUES ('231', '5');
SELECT 'birth_date' FROM Authors;
INSERT INTO "SqlQuery" ("queryId", "userId", "issuedAt", "finishedAt", "hasError", "errorMessage", "statement", "projectId", "queryTypeId")
    VALUES ('232', '9', '2023-05-10 22:04:14.762323', '2023-05-10 22:04:16.762323', 'False', 'None', 'SELECT birth_date FROM Authors', '3', '1');
INSERT INTO "QueryColumnAccess" ("queryId", "columnId")
    VALUES ('232', '4');
INSERT INTO "QueryTableAccess" ("queryId", "tableId")
    VALUES ('232', '2');
SELECT 'shipping_state' FROM Orders;
INSERT INTO "SqlQuery" ("queryId", "userId", "issuedAt", "finishedAt", "hasError", "errorMessage", "statement", "projectId", "queryTypeId")
    VALUES ('233', '6', '2023-06-07 22:04:14.762330', '2023-06-07 22:04:16.762330', 'False', 'None', 'SELECT shipping_state FROM Orders', '3', '1');
INSERT INTO "QueryColumnAccess" ("queryId", "columnId")
    VALUES ('233', '8');
INSERT INTO "QueryTableAccess" ("queryId", "tableId")
    VALUES ('233', '5');
SELECT 'established_date' FROM Publishers;
INSERT INTO "SqlQuery" ("queryId", "userId", "issuedAt", "finishedAt", "hasError", "errorMessage", "statement", "projectId", "queryTypeId")
    VALUES ('234', '9', '2023-05-16 22:04:14.762337', '2023-05-16 22:04:18.762337', 'False', 'None', 'SELECT established_date FROM Publishers', '3', '1');
INSERT INTO "QueryColumnAccess" ("queryId", "columnId")
    VALUES ('234', '3');
INSERT INTO "QueryTableAccess" ("queryId", "tableId")
    VALUES ('234', '3');
SELECT 'price' FROM Books;
INSERT INTO "SqlQuery" ("queryId", "userId", "issuedAt", "finishedAt", "hasError", "errorMessage", "statement", "projectId", "queryTypeId")
    VALUES ('235', '8', '2023-06-25 22:04:14.762344', '2023-06-25 22:04:15.762344', 'False', 'None', 'SELECT price FROM Books', '3', '1');
INSERT INTO "QueryColumnAccess" ("queryId", "columnId")
    VALUES ('235', '6');
INSERT INTO "QueryTableAccess" ("queryId", "tableId")
    VALUES ('235', '1');
SELECT 'birth_date' FROM Authors;
INSERT INTO "SqlQuery" ("queryId", "userId", "issuedAt", "finishedAt", "hasError", "errorMessage", "statement", "projectId", "queryTypeId")
    VALUES ('236', '14', '2023-05-12 22:04:14.762350', '2023-05-12 22:04:17.762350', 'False', 'None', 'SELECT birth_date FROM Authors', '3', '1');
INSERT INTO "QueryColumnAccess" ("queryId", "columnId")
    VALUES ('236', '4');
INSERT INTO "QueryTableAccess" ("queryId", "tableId")
    VALUES ('236', '2');
SELECT 'country' FROM Publishers;
INSERT INTO "SqlQuery" ("queryId", "userId", "issuedAt", "finishedAt", "hasError", "errorMessage", "statement", "projectId", "queryTypeId")
    VALUES ('237', '3', '2023-06-07 22:04:14.762356', '2023-06-07 22:04:15.762356', 'False', 'None', 'SELECT country FROM Publishers', '3', '1');
INSERT INTO "QueryColumnAccess" ("queryId", "columnId")
    VALUES ('237', '4');
INSERT INTO "QueryTableAccess" ("queryId", "tableId")
    VALUES ('237', '3');
SELECT 'website' FROM Publishers;
INSERT INTO "SqlQuery" ("queryId", "userId", "issuedAt", "finishedAt", "hasError", "errorMessage", "statement", "projectId", "queryTypeId")
    VALUES ('238', '14', '2023-06-04 22:04:14.762366', '2023-06-04 22:04:16.762366', 'False', 'None', 'SELECT website FROM Publishers', '3', '1');
INSERT INTO "QueryColumnAccess" ("queryId", "columnId")
    VALUES ('238', '5');
INSERT INTO "QueryTableAccess" ("queryId", "tableId")
    VALUES ('238', '3');
SELECT 'last_name' FROM Authors;
INSERT INTO "SqlQuery" ("queryId", "userId", "issuedAt", "finishedAt", "hasError", "errorMessage", "statement", "projectId", "queryTypeId")
    VALUES ('239', '3', '2023-04-29 22:04:14.762373', '2023-04-29 22:04:17.762373', 'False', 'None', 'SELECT last_name FROM Authors', '3', '1');
INSERT INTO "QueryColumnAccess" ("queryId", "columnId")
    VALUES ('239', '3');
INSERT INTO "QueryTableAccess" ("queryId", "tableId")
    VALUES ('239', '2');
SELECT 'country' FROM Publishers;
INSERT INTO "SqlQuery" ("queryId", "userId", "issuedAt", "finishedAt", "hasError", "errorMessage", "statement", "projectId", "queryTypeId")
    VALUES ('240', '8', '2023-04-15 22:04:14.762380', '2023-04-15 22:04:15.762380', 'False', 'None', 'SELECT country FROM Publishers', '3', '1');
INSERT INTO "QueryColumnAccess" ("queryId", "columnId")
    VALUES ('240', '4');
INSERT INTO "QueryTableAccess" ("queryId", "tableId")
    VALUES ('240', '3');
SELECT 'last_name' FROM Authors;
INSERT INTO "SqlQuery" ("queryId", "userId", "issuedAt", "finishedAt", "hasError", "errorMessage", "statement", "projectId", "queryTypeId")
    VALUES ('241', '6', '2023-04-16 22:04:14.762387', '2023-04-16 22:04:18.762387', 'False', 'None', 'SELECT last_name FROM Authors', '3', '1');
INSERT INTO "QueryColumnAccess" ("queryId", "columnId")
    VALUES ('241', '3');
INSERT INTO "QueryTableAccess" ("queryId", "tableId")
    VALUES ('241', '2');
SELECT 'zip_code' FROM Customers;
INSERT INTO "SqlQuery" ("queryId", "userId", "issuedAt", "finishedAt", "hasError", "errorMessage", "statement", "projectId", "queryTypeId")
    VALUES ('242', '6', '2023-06-18 22:04:14.762393', '2023-06-18 22:04:15.762393', 'False', 'None', 'SELECT zip_code FROM Customers', '3', '1');
INSERT INTO "QueryColumnAccess" ("queryId", "columnId")
    VALUES ('242', '9');
INSERT INTO "QueryTableAccess" ("queryId", "tableId")
    VALUES ('242', '4');
SELECT 'first_name' FROM Customers;
INSERT INTO "SqlQuery" ("queryId", "userId", "issuedAt", "finishedAt", "hasError", "errorMessage", "statement", "projectId", "queryTypeId")
    VALUES ('243', '13', '2023-06-02 22:04:14.762399', '2023-06-02 22:04:16.762399', 'False', 'None', 'SELECT first_name FROM Customers', '3', '1');
INSERT INTO "QueryColumnAccess" ("queryId", "columnId")
    VALUES ('243', '2');
INSERT INTO "QueryTableAccess" ("queryId", "tableId")
    VALUES ('243', '4');
SELECT 'price' FROM Books;
INSERT INTO "SqlQuery" ("queryId", "userId", "issuedAt", "finishedAt", "hasError", "errorMessage", "statement", "projectId", "queryTypeId")
    VALUES ('244', '5', '2023-05-26 22:04:14.762406', '2023-05-26 22:04:15.762406', 'False', 'None', 'SELECT price FROM Books', '3', '1');
INSERT INTO "QueryColumnAccess" ("queryId", "columnId")
    VALUES ('244', '6');
INSERT INTO "QueryTableAccess" ("queryId", "tableId")
    VALUES ('244', '1');
SELECT 'publisher_name' FROM Publishers;
INSERT INTO "SqlQuery" ("queryId", "userId", "issuedAt", "finishedAt", "hasError", "errorMessage", "statement", "projectId", "queryTypeId")
    VALUES ('245', '10', '2023-04-13 22:04:14.762412', '2023-04-13 22:04:15.762412', 'False', 'None', 'SELECT publisher_name FROM Publishers', '3', '1');
INSERT INTO "QueryColumnAccess" ("queryId", "columnId")
    VALUES ('245', '2');
INSERT INTO "QueryTableAccess" ("queryId", "tableId")
    VALUES ('245', '3');
SELECT 'established_date' FROM Publishers;
INSERT INTO "SqlQuery" ("queryId", "userId", "issuedAt", "finishedAt", "hasError", "errorMessage", "statement", "projectId", "queryTypeId")
    VALUES ('246', '8', '2023-05-03 22:04:14.762418', '2023-05-03 22:04:17.762418', 'False', 'None', 'SELECT established_date FROM Publishers', '3', '1');
INSERT INTO "QueryColumnAccess" ("queryId", "columnId")
    VALUES ('246', '3');
INSERT INTO "QueryTableAccess" ("queryId", "tableId")
    VALUES ('246', '3');
SELECT 'country' FROM Authors;
INSERT INTO "SqlQuery" ("queryId", "userId", "issuedAt", "finishedAt", "hasError", "errorMessage", "statement", "projectId", "queryTypeId")
    VALUES ('247', '12', '2023-06-03 22:04:14.762424', '2023-06-03 22:04:18.762424', 'False', 'None', 'SELECT country FROM Authors', '3', '1');
INSERT INTO "QueryColumnAccess" ("queryId", "columnId")
    VALUES ('247', '5');
INSERT INTO "QueryTableAccess" ("queryId", "tableId")
    VALUES ('247', '2');
SELECT 'total_amount' FROM Orders;
INSERT INTO "SqlQuery" ("queryId", "userId", "issuedAt", "finishedAt", "hasError", "errorMessage", "statement", "projectId", "queryTypeId")
    VALUES ('248', '8', '2023-06-24 22:04:14.762431', '2023-06-24 22:04:17.762431', 'False', 'None', 'SELECT total_amount FROM Orders', '3', '1');
INSERT INTO "QueryColumnAccess" ("queryId", "columnId")
    VALUES ('248', '4');
INSERT INTO "QueryTableAccess" ("queryId", "tableId")
    VALUES ('248', '5');
SELECT 'publisher_name' FROM Publishers;
INSERT INTO "SqlQuery" ("queryId", "userId", "issuedAt", "finishedAt", "hasError", "errorMessage", "statement", "projectId", "queryTypeId")
    VALUES ('249', '5', '2023-06-09 22:04:14.762437', '2023-06-09 22:04:17.762437', 'False', 'None', 'SELECT publisher_name FROM Publishers', '3', '1');
INSERT INTO "QueryColumnAccess" ("queryId", "columnId")
    VALUES ('249', '2');
INSERT INTO "QueryTableAccess" ("queryId", "tableId")
    VALUES ('249', '3');
SELECT 'shipping_zip_code' FROM Orders;
INSERT INTO "SqlQuery" ("queryId", "userId", "issuedAt", "finishedAt", "hasError", "errorMessage", "statement", "projectId", "queryTypeId")
    VALUES ('250', '15', '2023-06-23 22:04:14.762443', '2023-06-23 22:04:16.762443', 'False', 'None', 'SELECT shipping_zip_code FROM Orders', '3', '1');
INSERT INTO "QueryColumnAccess" ("queryId", "columnId")
    VALUES ('250', '9');
INSERT INTO "QueryTableAccess" ("queryId", "tableId")
    VALUES ('250', '5');
SELECT 'publisher_name' FROM Publishers;
INSERT INTO "SqlQuery" ("queryId", "userId", "issuedAt", "finishedAt", "hasError", "errorMessage", "statement", "projectId", "queryTypeId")
    VALUES ('251', '3', '2023-05-15 22:04:14.762467', '2023-05-15 22:04:18.762467', 'False', 'None', 'SELECT publisher_name FROM Publishers', '3', '1');
INSERT INTO "QueryColumnAccess" ("queryId", "columnId")
    VALUES ('251', '2');
INSERT INTO "QueryTableAccess" ("queryId", "tableId")
    VALUES ('251', '3');
SELECT 'last_name' FROM Authors;
INSERT INTO "SqlQuery" ("queryId", "userId", "issuedAt", "finishedAt", "hasError", "errorMessage", "statement", "projectId", "queryTypeId")
    VALUES ('252', '15', '2023-04-29 22:04:14.762473', '2023-04-29 22:04:18.762473', 'False', 'None', 'SELECT last_name FROM Authors', '3', '1');
INSERT INTO "QueryColumnAccess" ("queryId", "columnId")
    VALUES ('252', '3');
INSERT INTO "QueryTableAccess" ("queryId", "tableId")
    VALUES ('252', '2');
SELECT 'country' FROM Authors;
INSERT INTO "SqlQuery" ("queryId", "userId", "issuedAt", "finishedAt", "hasError", "errorMessage", "statement", "projectId", "queryTypeId")
    VALUES ('253', '6', '2023-07-01 22:04:14.762479', '2023-07-01 22:04:18.762479', 'False', 'None', 'SELECT country FROM Authors', '3', '1');
INSERT INTO "QueryColumnAccess" ("queryId", "columnId")
    VALUES ('253', '5');
INSERT INTO "QueryTableAccess" ("queryId", "tableId")
    VALUES ('253', '2');
SELECT 'total_amount' FROM Orders;
INSERT INTO "SqlQuery" ("queryId", "userId", "issuedAt", "finishedAt", "hasError", "errorMessage", "statement", "projectId", "queryTypeId")
    VALUES ('254', '13', '2023-05-19 22:04:14.762485', '2023-05-19 22:04:15.762485', 'False', 'None', 'SELECT total_amount FROM Orders', '3', '1');
INSERT INTO "QueryColumnAccess" ("queryId", "columnId")
    VALUES ('254', '4');
INSERT INTO "QueryTableAccess" ("queryId", "tableId")
    VALUES ('254', '5');
SELECT 'website' FROM Publishers;
INSERT INTO "SqlQuery" ("queryId", "userId", "issuedAt", "finishedAt", "hasError", "errorMessage", "statement", "projectId", "queryTypeId")
    VALUES ('255', '8', '2023-04-26 22:04:14.762497', '2023-04-26 22:04:18.762497', 'False', 'None', 'SELECT website FROM Publishers', '3', '1');
INSERT INTO "QueryColumnAccess" ("queryId", "columnId")
    VALUES ('255', '5');
INSERT INTO "QueryTableAccess" ("queryId", "tableId")
    VALUES ('255', '3');
SELECT 'country' FROM Publishers;
INSERT INTO "SqlQuery" ("queryId", "userId", "issuedAt", "finishedAt", "hasError", "errorMessage", "statement", "projectId", "queryTypeId")
    VALUES ('256', '12', '2023-04-23 22:04:14.762503', '2023-04-23 22:04:16.762503', 'False', 'None', 'SELECT country FROM Publishers', '3', '1');
INSERT INTO "QueryColumnAccess" ("queryId", "columnId")
    VALUES ('256', '4');
INSERT INTO "QueryTableAccess" ("queryId", "tableId")
    VALUES ('256', '3');
SELECT 'author_id' FROM Authors;
INSERT INTO "SqlQuery" ("queryId", "userId", "issuedAt", "finishedAt", "hasError", "errorMessage", "statement", "projectId", "queryTypeId")
    VALUES ('257', '4', '2023-06-15 22:04:14.762509', '2023-06-15 22:04:17.762509', 'False', 'None', 'SELECT author_id FROM Authors', '3', '1');
INSERT INTO "QueryColumnAccess" ("queryId", "columnId")
    VALUES ('257', '1');
INSERT INTO "QueryTableAccess" ("queryId", "tableId")
    VALUES ('257', '2');
SELECT 'order_id' FROM Orders;
INSERT INTO "SqlQuery" ("queryId", "userId", "issuedAt", "finishedAt", "hasError", "errorMessage", "statement", "projectId", "queryTypeId")
    VALUES ('258', '12', '2023-05-12 22:04:14.762516', '2023-05-12 22:04:15.762516', 'False', 'None', 'SELECT order_id FROM Orders', '3', '1');
INSERT INTO "QueryColumnAccess" ("queryId", "columnId")
    VALUES ('258', '1');
INSERT INTO "QueryTableAccess" ("queryId", "tableId")
    VALUES ('258', '5');
SELECT 'book_id' FROM Books;
INSERT INTO "SqlQuery" ("queryId", "userId", "issuedAt", "finishedAt", "hasError", "errorMessage", "statement", "projectId", "queryTypeId")
    VALUES ('259', '13', '2023-05-26 22:04:14.762522', '2023-05-26 22:04:15.762522', 'False', 'None', 'SELECT book_id FROM Books', '3', '1');
INSERT INTO "QueryColumnAccess" ("queryId", "columnId")
    VALUES ('259', '1');
INSERT INTO "QueryTableAccess" ("queryId", "tableId")
    VALUES ('259', '1');
SELECT 'last_name' FROM Authors;
INSERT INTO "SqlQuery" ("queryId", "userId", "issuedAt", "finishedAt", "hasError", "errorMessage", "statement", "projectId", "queryTypeId")
    VALUES ('260', '13', '2023-06-11 22:04:14.762528', '2023-06-11 22:04:16.762528', 'False', 'None', 'SELECT last_name FROM Authors', '3', '1');
INSERT INTO "QueryColumnAccess" ("queryId", "columnId")
    VALUES ('260', '3');
INSERT INTO "QueryTableAccess" ("queryId", "tableId")
    VALUES ('260', '2');
SELECT 'author' FROM Books;
INSERT INTO "SqlQuery" ("queryId", "userId", "issuedAt", "finishedAt", "hasError", "errorMessage", "statement", "projectId", "queryTypeId")
    VALUES ('261', '7', '2023-07-05 22:04:14.762534', '2023-07-05 22:04:15.762534', 'False', 'None', 'SELECT author FROM Books', '3', '1');
INSERT INTO "QueryColumnAccess" ("queryId", "columnId")
    VALUES ('261', '3');
INSERT INTO "QueryTableAccess" ("queryId", "tableId")
    VALUES ('261', '1');
SELECT 'last_name' FROM Authors;
INSERT INTO "SqlQuery" ("queryId", "userId", "issuedAt", "finishedAt", "hasError", "errorMessage", "statement", "projectId", "queryTypeId")
    VALUES ('262', '13', '2023-06-25 22:04:14.762541', '2023-06-25 22:04:18.762541', 'False', 'None', 'SELECT last_name FROM Authors', '3', '1');
INSERT INTO "QueryColumnAccess" ("queryId", "columnId")
    VALUES ('262', '3');
INSERT INTO "QueryTableAccess" ("queryId", "tableId")
    VALUES ('262', '2');
SELECT 'country' FROM Publishers;
INSERT INTO "SqlQuery" ("queryId", "userId", "issuedAt", "finishedAt", "hasError", "errorMessage", "statement", "projectId", "queryTypeId")
    VALUES ('263', '10', '2023-04-19 22:04:14.762547', '2023-04-19 22:04:15.762547', 'False', 'None', 'SELECT country FROM Publishers', '3', '1');
INSERT INTO "QueryColumnAccess" ("queryId", "columnId")
    VALUES ('263', '4');
INSERT INTO "QueryTableAccess" ("queryId", "tableId")
    VALUES ('263', '3');
SELECT 'first_name' FROM Customers;
INSERT INTO "SqlQuery" ("queryId", "userId", "issuedAt", "finishedAt", "hasError", "errorMessage", "statement", "projectId", "queryTypeId")
    VALUES ('264', '3', '2023-06-05 22:04:14.762553', '2023-06-05 22:04:17.762553', 'False', 'None', 'SELECT first_name FROM Customers', '3', '1');
INSERT INTO "QueryColumnAccess" ("queryId", "columnId")
    VALUES ('264', '2');
INSERT INTO "QueryTableAccess" ("queryId", "tableId")
    VALUES ('264', '4');
SELECT 'author_id' FROM Authors;
INSERT INTO "SqlQuery" ("queryId", "userId", "issuedAt", "finishedAt", "hasError", "errorMessage", "statement", "projectId", "queryTypeId")
    VALUES ('265', '8', '2023-06-03 22:04:14.762559', '2023-06-03 22:04:15.762559', 'False', 'None', 'SELECT author_id FROM Authors', '3', '1');
INSERT INTO "QueryColumnAccess" ("queryId", "columnId")
    VALUES ('265', '1');
INSERT INTO "QueryTableAccess" ("queryId", "tableId")
    VALUES ('265', '2');
SELECT 'category_id' FROM Books;
INSERT INTO "SqlQuery" ("queryId", "userId", "issuedAt", "finishedAt", "hasError", "errorMessage", "statement", "projectId", "queryTypeId")
    VALUES ('266', '6', '2023-04-13 22:04:14.762565', '2023-04-13 22:04:17.762565', 'False', 'None', 'SELECT category_id FROM Books', '3', '1');
INSERT INTO "QueryColumnAccess" ("queryId", "columnId")
    VALUES ('266', '7');
INSERT INTO "QueryTableAccess" ("queryId", "tableId")
    VALUES ('266', '1');
SELECT 'state' FROM Customers;
INSERT INTO "SqlQuery" ("queryId", "userId", "issuedAt", "finishedAt", "hasError", "errorMessage", "statement", "projectId", "queryTypeId")
    VALUES ('267', '8', '2023-06-18 22:04:14.762572', '2023-06-18 22:04:17.762572', 'False', 'None', 'SELECT state FROM Customers', '3', '1');
INSERT INTO "QueryColumnAccess" ("queryId", "columnId")
    VALUES ('267', '8');
INSERT INTO "QueryTableAccess" ("queryId", "tableId")
    VALUES ('267', '4');
SELECT 'publication_date' FROM Books;
INSERT INTO "SqlQuery" ("queryId", "userId", "issuedAt", "finishedAt", "hasError", "errorMessage", "statement", "projectId", "queryTypeId")
    VALUES ('268', '10', '2023-07-04 22:04:14.762578', '2023-07-04 22:04:17.762578', 'False', 'None', 'SELECT publication_date FROM Books', '3', '1');
INSERT INTO "QueryColumnAccess" ("queryId", "columnId")
    VALUES ('268', '4');
INSERT INTO "QueryTableAccess" ("queryId", "tableId")
    VALUES ('268', '1');
SELECT 'country' FROM Authors;
INSERT INTO "SqlQuery" ("queryId", "userId", "issuedAt", "finishedAt", "hasError", "errorMessage", "statement", "projectId", "queryTypeId")
    VALUES ('269', '5', '2023-05-12 22:04:14.762584', '2023-05-12 22:04:16.762584', 'False', 'None', 'SELECT country FROM Authors', '3', '1');
INSERT INTO "QueryColumnAccess" ("queryId", "columnId")
    VALUES ('269', '5');
INSERT INTO "QueryTableAccess" ("queryId", "tableId")
    VALUES ('269', '2');
SELECT 'status' FROM Orders;
INSERT INTO "SqlQuery" ("queryId", "userId", "issuedAt", "finishedAt", "hasError", "errorMessage", "statement", "projectId", "queryTypeId")
    VALUES ('270', '8', '2023-06-16 22:04:14.762590', '2023-06-16 22:04:15.762590', 'False', 'None', 'SELECT status FROM Orders', '3', '1');
INSERT INTO "QueryColumnAccess" ("queryId", "columnId")
    VALUES ('270', '5');
INSERT INTO "QueryTableAccess" ("queryId", "tableId")
    VALUES ('270', '5');
SELECT 'author_id' FROM Authors;
INSERT INTO "SqlQuery" ("queryId", "userId", "issuedAt", "finishedAt", "hasError", "errorMessage", "statement", "projectId", "queryTypeId")
    VALUES ('271', '5', '2023-05-28 22:04:14.762596', '2023-05-28 22:04:15.762596', 'False', 'None', 'SELECT author_id FROM Authors', '3', '1');
INSERT INTO "QueryColumnAccess" ("queryId", "columnId")
    VALUES ('271', '1');
INSERT INTO "QueryTableAccess" ("queryId", "tableId")
    VALUES ('271', '2');
SELECT 'publisher_name' FROM Publishers;
INSERT INTO "SqlQuery" ("queryId", "userId", "issuedAt", "finishedAt", "hasError", "errorMessage", "statement", "projectId", "queryTypeId")
    VALUES ('272', '2', '2023-06-16 22:04:14.762606', '2023-06-16 22:04:15.762606', 'False', 'None', 'SELECT publisher_name FROM Publishers', '3', '1');
INSERT INTO "QueryColumnAccess" ("queryId", "columnId")
    VALUES ('272', '2');
INSERT INTO "QueryTableAccess" ("queryId", "tableId")
    VALUES ('272', '3');
SELECT 'last_name' FROM Customers;
INSERT INTO "SqlQuery" ("queryId", "userId", "issuedAt", "finishedAt", "hasError", "errorMessage", "statement", "projectId", "queryTypeId")
    VALUES ('273', '6', '2023-05-14 22:04:14.762612', '2023-05-14 22:04:16.762612', 'False', 'None', 'SELECT last_name FROM Customers', '3', '1');
INSERT INTO "QueryColumnAccess" ("queryId", "columnId")
    VALUES ('273', '3');
INSERT INTO "QueryTableAccess" ("queryId", "tableId")
    VALUES ('273', '4');
SELECT 'country' FROM Authors;
INSERT INTO "SqlQuery" ("queryId", "userId", "issuedAt", "finishedAt", "hasError", "errorMessage", "statement", "projectId", "queryTypeId")
    VALUES ('274', '14', '2023-04-21 22:04:14.762619', '2023-04-21 22:04:16.762619', 'False', 'None', 'SELECT country FROM Authors', '3', '1');
INSERT INTO "QueryColumnAccess" ("queryId", "columnId")
    VALUES ('274', '5');
INSERT INTO "QueryTableAccess" ("queryId", "tableId")
    VALUES ('274', '2');
SELECT 'shipping_city' FROM Orders;
INSERT INTO "SqlQuery" ("queryId", "userId", "issuedAt", "finishedAt", "hasError", "errorMessage", "statement", "projectId", "queryTypeId")
    VALUES ('275', '13', '2023-04-25 22:04:14.762625', '2023-04-25 22:04:18.762625', 'False', 'None', 'SELECT shipping_city FROM Orders', '3', '1');
INSERT INTO "QueryColumnAccess" ("queryId", "columnId")
    VALUES ('275', '7');
INSERT INTO "QueryTableAccess" ("queryId", "tableId")
    VALUES ('275', '5');
SELECT 'shipping_city' FROM Orders;
INSERT INTO "SqlQuery" ("queryId", "userId", "issuedAt", "finishedAt", "hasError", "errorMessage", "statement", "projectId", "queryTypeId")
    VALUES ('276', '15', '2023-06-15 22:04:14.762631', '2023-06-15 22:04:17.762631', 'False', 'None', 'SELECT shipping_city FROM Orders', '3', '1');
INSERT INTO "QueryColumnAccess" ("queryId", "columnId")
    VALUES ('276', '7');
INSERT INTO "QueryTableAccess" ("queryId", "tableId")
    VALUES ('276', '5');
SELECT 'category_id' FROM Books;
INSERT INTO "SqlQuery" ("queryId", "userId", "issuedAt", "finishedAt", "hasError", "errorMessage", "statement", "projectId", "queryTypeId")
    VALUES ('277', '9', '2023-04-27 22:04:14.762637', '2023-04-27 22:04:17.762637', 'False', 'None', 'SELECT category_id FROM Books', '3', '1');
INSERT INTO "QueryColumnAccess" ("queryId", "columnId")
    VALUES ('277', '7');
INSERT INTO "QueryTableAccess" ("queryId", "tableId")
    VALUES ('277', '1');
SELECT 'email' FROM Customers;
INSERT INTO "SqlQuery" ("queryId", "userId", "issuedAt", "finishedAt", "hasError", "errorMessage", "statement", "projectId", "queryTypeId")
    VALUES ('278', '10', '2023-05-10 22:04:14.762644', '2023-05-10 22:04:15.762644', 'False', 'None', 'SELECT email FROM Customers', '3', '1');
INSERT INTO "QueryColumnAccess" ("queryId", "columnId")
    VALUES ('278', '4');
INSERT INTO "QueryTableAccess" ("queryId", "tableId")
    VALUES ('278', '4');
SELECT 'total_amount' FROM Orders;
INSERT INTO "SqlQuery" ("queryId", "userId", "issuedAt", "finishedAt", "hasError", "errorMessage", "statement", "projectId", "queryTypeId")
    VALUES ('279', '7', '2023-05-01 22:04:14.762650', '2023-05-01 22:04:16.762650', 'False', 'None', 'SELECT total_amount FROM Orders', '3', '1');
INSERT INTO "QueryColumnAccess" ("queryId", "columnId")
    VALUES ('279', '4');
INSERT INTO "QueryTableAccess" ("queryId", "tableId")
    VALUES ('279', '5');
SELECT 'publisher_id' FROM Publishers;
INSERT INTO "SqlQuery" ("queryId", "userId", "issuedAt", "finishedAt", "hasError", "errorMessage", "statement", "projectId", "queryTypeId")
    VALUES ('280', '11', '2023-07-10 22:04:14.762656', '2023-07-10 22:04:18.762656', 'False', 'None', 'SELECT publisher_id FROM Publishers', '3', '1');
INSERT INTO "QueryColumnAccess" ("queryId", "columnId")
    VALUES ('280', '1');
INSERT INTO "QueryTableAccess" ("queryId", "tableId")
    VALUES ('280', '3');
SELECT 'last_name' FROM Customers;
INSERT INTO "SqlQuery" ("queryId", "userId", "issuedAt", "finishedAt", "hasError", "errorMessage", "statement", "projectId", "queryTypeId")
    VALUES ('281', '4', '2023-05-02 22:04:14.762674', '2023-05-02 22:04:18.762674', 'False', 'None', 'SELECT last_name FROM Customers', '3', '1');
INSERT INTO "QueryColumnAccess" ("queryId", "columnId")
    VALUES ('281', '3');
INSERT INTO "QueryTableAccess" ("queryId", "tableId")
    VALUES ('281', '4');
SELECT 'customer_id' FROM Customers;
INSERT INTO "SqlQuery" ("queryId", "userId", "issuedAt", "finishedAt", "hasError", "errorMessage", "statement", "projectId", "queryTypeId")
    VALUES ('282', '12', '2023-04-16 22:04:14.762680', '2023-04-16 22:04:18.762680', 'False', 'None', 'SELECT customer_id FROM Customers', '3', '1');
INSERT INTO "QueryColumnAccess" ("queryId", "columnId")
    VALUES ('282', '1');
INSERT INTO "QueryTableAccess" ("queryId", "tableId")
    VALUES ('282', '4');
SELECT 'shipping_address' FROM Orders;
INSERT INTO "SqlQuery" ("queryId", "userId", "issuedAt", "finishedAt", "hasError", "errorMessage", "statement", "projectId", "queryTypeId")
    VALUES ('283', '5', '2023-06-10 22:04:14.762686', '2023-06-10 22:04:18.762686', 'False', 'None', 'SELECT shipping_address FROM Orders', '3', '1');
INSERT INTO "QueryColumnAccess" ("queryId", "columnId")
    VALUES ('283', '6');
INSERT INTO "QueryTableAccess" ("queryId", "tableId")
    VALUES ('283', '5');
SELECT 'publisher_id' FROM Publishers;
INSERT INTO "SqlQuery" ("queryId", "userId", "issuedAt", "finishedAt", "hasError", "errorMessage", "statement", "projectId", "queryTypeId")
    VALUES ('284', '12', '2023-07-06 22:04:14.762693', '2023-07-06 22:04:16.762693', 'False', 'None', 'SELECT publisher_id FROM Publishers', '3', '1');
INSERT INTO "QueryColumnAccess" ("queryId", "columnId")
    VALUES ('284', '1');
INSERT INTO "QueryTableAccess" ("queryId", "tableId")
    VALUES ('284', '3');
SELECT 'first_name' FROM Authors;
INSERT INTO "SqlQuery" ("queryId", "userId", "issuedAt", "finishedAt", "hasError", "errorMessage", "statement", "projectId", "queryTypeId")
    VALUES ('285', '4', '2023-05-30 22:04:14.762699', '2023-05-30 22:04:17.762699', 'False', 'None', 'SELECT first_name FROM Authors', '3', '1');
INSERT INTO "QueryColumnAccess" ("queryId", "columnId")
    VALUES ('285', '2');
INSERT INTO "QueryTableAccess" ("queryId", "tableId")
    VALUES ('285', '2');
SELECT 'publisher_name' FROM Publishers;
INSERT INTO "SqlQuery" ("queryId", "userId", "issuedAt", "finishedAt", "hasError", "errorMessage", "statement", "projectId", "queryTypeId")
    VALUES ('286', '2', '2023-06-24 22:04:14.762705', '2023-06-24 22:04:16.762705', 'False', 'None', 'SELECT publisher_name FROM Publishers', '3', '1');
INSERT INTO "QueryColumnAccess" ("queryId", "columnId")
    VALUES ('286', '2');
INSERT INTO "QueryTableAccess" ("queryId", "tableId")
    VALUES ('286', '3');
SELECT 'website' FROM Publishers;
INSERT INTO "SqlQuery" ("queryId", "userId", "issuedAt", "finishedAt", "hasError", "errorMessage", "statement", "projectId", "queryTypeId")
    VALUES ('287', '10', '2023-04-12 22:04:14.762711', '2023-04-12 22:04:16.762711', 'False', 'None', 'SELECT website FROM Publishers', '3', '1');
INSERT INTO "QueryColumnAccess" ("queryId", "columnId")
    VALUES ('287', '5');
INSERT INTO "QueryTableAccess" ("queryId", "tableId")
    VALUES ('287', '3');
SELECT 'publisher' FROM Books;
INSERT INTO "SqlQuery" ("queryId", "userId", "issuedAt", "finishedAt", "hasError", "errorMessage", "statement", "projectId", "queryTypeId")
    VALUES ('288', '12', '2023-05-30 22:04:14.762717', '2023-05-30 22:04:17.762717', 'False', 'None', 'SELECT publisher FROM Books', '3', '1');
INSERT INTO "QueryColumnAccess" ("queryId", "columnId")
    VALUES ('288', '5');
INSERT INTO "QueryTableAccess" ("queryId", "tableId")
    VALUES ('288', '1');
SELECT 'address' FROM Customers;
INSERT INTO "SqlQuery" ("queryId", "userId", "issuedAt", "finishedAt", "hasError", "errorMessage", "statement", "projectId", "queryTypeId")
    VALUES ('289', '13', '2023-06-28 22:04:14.762729', '2023-06-28 22:04:15.762729', 'False', 'None', 'SELECT address FROM Customers', '3', '1');
INSERT INTO "QueryColumnAccess" ("queryId", "columnId")
    VALUES ('289', '6');
INSERT INTO "QueryTableAccess" ("queryId", "tableId")
    VALUES ('289', '4');
SELECT 'address' FROM Customers;
INSERT INTO "SqlQuery" ("queryId", "userId", "issuedAt", "finishedAt", "hasError", "errorMessage", "statement", "projectId", "queryTypeId")
    VALUES ('290', '2', '2023-05-28 22:04:14.762735', '2023-05-28 22:04:17.762735', 'False', 'None', 'SELECT address FROM Customers', '3', '1');
INSERT INTO "QueryColumnAccess" ("queryId", "columnId")
    VALUES ('290', '6');
INSERT INTO "QueryTableAccess" ("queryId", "tableId")
    VALUES ('290', '4');
SELECT 'book_id' FROM Books;
INSERT INTO "SqlQuery" ("queryId", "userId", "issuedAt", "finishedAt", "hasError", "errorMessage", "statement", "projectId", "queryTypeId")
    VALUES ('291', '8', '2023-06-06 22:04:14.762741', '2023-06-06 22:04:15.762741', 'False', 'None', 'SELECT book_id FROM Books', '3', '1');
INSERT INTO "QueryColumnAccess" ("queryId", "columnId")
    VALUES ('291', '1');
INSERT INTO "QueryTableAccess" ("queryId", "tableId")
    VALUES ('291', '1');
SELECT 'price' FROM Books;
INSERT INTO "SqlQuery" ("queryId", "userId", "issuedAt", "finishedAt", "hasError", "errorMessage", "statement", "projectId", "queryTypeId")
    VALUES ('292', '14', '2023-06-15 22:04:14.762748', '2023-06-15 22:04:17.762748', 'False', 'None', 'SELECT price FROM Books', '3', '1');
INSERT INTO "QueryColumnAccess" ("queryId", "columnId")
    VALUES ('292', '6');
INSERT INTO "QueryTableAccess" ("queryId", "tableId")
    VALUES ('292', '1');
SELECT 'title' FROM Books;
INSERT INTO "SqlQuery" ("queryId", "userId", "issuedAt", "finishedAt", "hasError", "errorMessage", "statement", "projectId", "queryTypeId")
    VALUES ('293', '2', '2023-04-20 22:04:14.762754', '2023-04-20 22:04:15.762754', 'False', 'None', 'SELECT title FROM Books', '3', '1');
INSERT INTO "QueryColumnAccess" ("queryId", "columnId")
    VALUES ('293', '2');
INSERT INTO "QueryTableAccess" ("queryId", "tableId")
    VALUES ('293', '1');
SELECT 'order_date' FROM Orders;
INSERT INTO "SqlQuery" ("queryId", "userId", "issuedAt", "finishedAt", "hasError", "errorMessage", "statement", "projectId", "queryTypeId")
    VALUES ('294', '8', '2023-06-02 22:04:14.762767', '2023-06-02 22:04:16.762767', 'False', 'None', 'SELECT order_date FROM Orders', '3', '1');
INSERT INTO "QueryColumnAccess" ("queryId", "columnId")
    VALUES ('294', '3');
INSERT INTO "QueryTableAccess" ("queryId", "tableId")
    VALUES ('294', '5');
SELECT 'author_id' FROM Authors;
INSERT INTO "SqlQuery" ("queryId", "userId", "issuedAt", "finishedAt", "hasError", "errorMessage", "statement", "projectId", "queryTypeId")
    VALUES ('295', '4', '2023-05-29 22:04:14.762778', '2023-05-29 22:04:16.762778', 'False', 'None', 'SELECT author_id FROM Authors', '3', '1');
INSERT INTO "QueryColumnAccess" ("queryId", "columnId")
    VALUES ('295', '1');
INSERT INTO "QueryTableAccess" ("queryId", "tableId")
    VALUES ('295', '2');
SELECT 'title' FROM Books;
INSERT INTO "SqlQuery" ("queryId", "userId", "issuedAt", "finishedAt", "hasError", "errorMessage", "statement", "projectId", "queryTypeId")
    VALUES ('296', '12', '2023-06-19 22:04:14.762784', '2023-06-19 22:04:17.762784', 'False', 'None', 'SELECT title FROM Books', '3', '1');
INSERT INTO "QueryColumnAccess" ("queryId", "columnId")
    VALUES ('296', '2');
INSERT INTO "QueryTableAccess" ("queryId", "tableId")
    VALUES ('296', '1');
SELECT 'publisher_name' FROM Publishers;
INSERT INTO "SqlQuery" ("queryId", "userId", "issuedAt", "finishedAt", "hasError", "errorMessage", "statement", "projectId", "queryTypeId")
    VALUES ('297', '11', '2023-06-17 22:04:14.762790', '2023-06-17 22:04:17.762790', 'False', 'None', 'SELECT publisher_name FROM Publishers', '3', '1');
INSERT INTO "QueryColumnAccess" ("queryId", "columnId")
    VALUES ('297', '2');
INSERT INTO "QueryTableAccess" ("queryId", "tableId")
    VALUES ('297', '3');
SELECT 'publisher' FROM Books;
INSERT INTO "SqlQuery" ("queryId", "userId", "issuedAt", "finishedAt", "hasError", "errorMessage", "statement", "projectId", "queryTypeId")
    VALUES ('298', '10', '2023-06-07 22:04:14.762797', '2023-06-07 22:04:18.762797', 'False', 'None', 'SELECT publisher FROM Books', '3', '1');
INSERT INTO "QueryColumnAccess" ("queryId", "columnId")
    VALUES ('298', '5');
INSERT INTO "QueryTableAccess" ("queryId", "tableId")
    VALUES ('298', '1');
SELECT 'publisher_id' FROM Publishers;
INSERT INTO "SqlQuery" ("queryId", "userId", "issuedAt", "finishedAt", "hasError", "errorMessage", "statement", "projectId", "queryTypeId")
    VALUES ('299', '2', '2023-06-08 22:04:14.762803', '2023-06-08 22:04:15.762803', 'False', 'None', 'SELECT publisher_id FROM Publishers', '3', '1');
INSERT INTO "QueryColumnAccess" ("queryId", "columnId")
    VALUES ('299', '1');
INSERT INTO "QueryTableAccess" ("queryId", "tableId")
    VALUES ('299', '3');
SELECT 'last_name' FROM Authors;
INSERT INTO "SqlQuery" ("queryId", "userId", "issuedAt", "finishedAt", "hasError", "errorMessage", "statement", "projectId", "queryTypeId")
    VALUES ('300', '11', '2023-05-05 22:04:14.762809', '2023-05-05 22:04:18.762809', 'False', 'None', 'SELECT last_name FROM Authors', '3', '1');
INSERT INTO "QueryColumnAccess" ("queryId", "columnId")
    VALUES ('300', '3');
INSERT INTO "QueryTableAccess" ("queryId", "tableId")
    VALUES ('300', '2');
SELECT 'author_id' FROM Authors;
INSERT INTO "SqlQuery" ("queryId", "userId", "issuedAt", "finishedAt", "hasError", "errorMessage", "statement", "projectId", "queryTypeId")
    VALUES ('301', '11', '2023-06-25 22:04:14.762816', '2023-06-25 22:04:17.762816', 'False', 'None', 'SELECT author_id FROM Authors', '3', '1');
INSERT INTO "QueryColumnAccess" ("queryId", "columnId")
    VALUES ('301', '1');
INSERT INTO "QueryTableAccess" ("queryId", "tableId")
    VALUES ('301', '2');
SELECT 'publication_date' FROM Books;
INSERT INTO "SqlQuery" ("queryId", "userId", "issuedAt", "finishedAt", "hasError", "errorMessage", "statement", "projectId", "queryTypeId")
    VALUES ('302', '5', '2023-06-11 22:04:14.762822', '2023-06-11 22:04:16.762822', 'False', 'None', 'SELECT publication_date FROM Books', '3', '1');
INSERT INTO "QueryColumnAccess" ("queryId", "columnId")
    VALUES ('302', '4');
INSERT INTO "QueryTableAccess" ("queryId", "tableId")
    VALUES ('302', '1');
SELECT 'last_name' FROM Authors;
INSERT INTO "SqlQuery" ("queryId", "userId", "issuedAt", "finishedAt", "hasError", "errorMessage", "statement", "projectId", "queryTypeId")
    VALUES ('303', '2', '2023-06-18 22:04:14.762829', '2023-06-18 22:04:16.762829', 'False', 'None', 'SELECT last_name FROM Authors', '3', '1');
INSERT INTO "QueryColumnAccess" ("queryId", "columnId")
    VALUES ('303', '3');
INSERT INTO "QueryTableAccess" ("queryId", "tableId")
    VALUES ('303', '2');
SELECT 'publisher_name' FROM Publishers;
INSERT INTO "SqlQuery" ("queryId", "userId", "issuedAt", "finishedAt", "hasError", "errorMessage", "statement", "projectId", "queryTypeId")
    VALUES ('304', '5', '2023-07-03 22:04:14.762835', '2023-07-03 22:04:15.762835', 'False', 'None', 'SELECT publisher_name FROM Publishers', '3', '1');
INSERT INTO "QueryColumnAccess" ("queryId", "columnId")
    VALUES ('304', '2');
INSERT INTO "QueryTableAccess" ("queryId", "tableId")
    VALUES ('304', '3');
SELECT 'publisher' FROM Books;
INSERT INTO "SqlQuery" ("queryId", "userId", "issuedAt", "finishedAt", "hasError", "errorMessage", "statement", "projectId", "queryTypeId")
    VALUES ('305', '8', '2023-07-01 22:04:14.762841', '2023-07-01 22:04:17.762841', 'False', 'None', 'SELECT publisher FROM Books', '3', '1');
INSERT INTO "QueryColumnAccess" ("queryId", "columnId")
    VALUES ('305', '5');
INSERT INTO "QueryTableAccess" ("queryId", "tableId")
    VALUES ('305', '1');
SELECT 'country' FROM Publishers;
INSERT INTO "SqlQuery" ("queryId", "userId", "issuedAt", "finishedAt", "hasError", "errorMessage", "statement", "projectId", "queryTypeId")
    VALUES ('306', '8', '2023-06-09 22:04:14.762856', '2023-06-09 22:04:18.762856', 'False', 'None', 'SELECT country FROM Publishers', '3', '1');
INSERT INTO "QueryColumnAccess" ("queryId", "columnId")
    VALUES ('306', '4');
INSERT INTO "QueryTableAccess" ("queryId", "tableId")
    VALUES ('306', '3');
SELECT 'first_name' FROM Authors;
INSERT INTO "SqlQuery" ("queryId", "userId", "issuedAt", "finishedAt", "hasError", "errorMessage", "statement", "projectId", "queryTypeId")
    VALUES ('307', '15', '2023-06-30 22:04:14.762863', '2023-06-30 22:04:16.762863', 'False', 'None', 'SELECT first_name FROM Authors', '3', '1');
INSERT INTO "QueryColumnAccess" ("queryId", "columnId")
    VALUES ('307', '2');
INSERT INTO "QueryTableAccess" ("queryId", "tableId")
    VALUES ('307', '2');
SELECT 'website' FROM Publishers;
INSERT INTO "SqlQuery" ("queryId", "userId", "issuedAt", "finishedAt", "hasError", "errorMessage", "statement", "projectId", "queryTypeId")
    VALUES ('308', '11', '2023-05-21 22:04:14.762870', '2023-05-21 22:04:15.762870', 'False', 'None', 'SELECT website FROM Publishers', '3', '1');
INSERT INTO "QueryColumnAccess" ("queryId", "columnId")
    VALUES ('308', '5');
INSERT INTO "QueryTableAccess" ("queryId", "tableId")
    VALUES ('308', '3');
SELECT 'author' FROM Books;
INSERT INTO "SqlQuery" ("queryId", "userId", "issuedAt", "finishedAt", "hasError", "errorMessage", "statement", "projectId", "queryTypeId")
    VALUES ('309', '2', '2023-05-17 22:04:14.762876', '2023-05-17 22:04:15.762876', 'False', 'None', 'SELECT author FROM Books', '3', '1');
INSERT INTO "QueryColumnAccess" ("queryId", "columnId")
    VALUES ('309', '3');
INSERT INTO "QueryTableAccess" ("queryId", "tableId")
    VALUES ('309', '1');
SELECT 'phone_number' FROM Customers;
INSERT INTO "SqlQuery" ("queryId", "userId", "issuedAt", "finishedAt", "hasError", "errorMessage", "statement", "projectId", "queryTypeId")
    VALUES ('310', '5', '2023-06-03 22:04:14.762893', '2023-06-03 22:04:17.762893', 'False', 'None', 'SELECT phone_number FROM Customers', '3', '1');
INSERT INTO "QueryColumnAccess" ("queryId", "columnId")
    VALUES ('310', '5');
INSERT INTO "QueryTableAccess" ("queryId", "tableId")
    VALUES ('310', '4');
SELECT 'customer_id' FROM Orders;
INSERT INTO "SqlQuery" ("queryId", "userId", "issuedAt", "finishedAt", "hasError", "errorMessage", "statement", "projectId", "queryTypeId")
    VALUES ('311', '7', '2023-06-17 22:04:14.762900', '2023-06-17 22:04:16.762900', 'False', 'None', 'SELECT customer_id FROM Orders', '3', '1');
INSERT INTO "QueryColumnAccess" ("queryId", "columnId")
    VALUES ('311', '2');
INSERT INTO "QueryTableAccess" ("queryId", "tableId")
    VALUES ('311', '5');
SELECT 'established_date' FROM Publishers;
INSERT INTO "SqlQuery" ("queryId", "userId", "issuedAt", "finishedAt", "hasError", "errorMessage", "statement", "projectId", "queryTypeId")
    VALUES ('312', '1', '2023-07-10 22:04:14.762907', '2023-07-10 22:04:15.762907', 'False', 'None', 'SELECT established_date FROM Publishers', '3', '1');
INSERT INTO "QueryColumnAccess" ("queryId", "columnId")
    VALUES ('312', '3');
INSERT INTO "QueryTableAccess" ("queryId", "tableId")
    VALUES ('312', '3');
SELECT 'website' FROM Publishers;
INSERT INTO "SqlQuery" ("queryId", "userId", "issuedAt", "finishedAt", "hasError", "errorMessage", "statement", "projectId", "queryTypeId")
    VALUES ('313', '6', '2023-05-29 22:04:14.762914', '2023-05-29 22:04:16.762914', 'False', 'None', 'SELECT website FROM Publishers', '3', '1');
INSERT INTO "QueryColumnAccess" ("queryId", "columnId")
    VALUES ('313', '5');
INSERT INTO "QueryTableAccess" ("queryId", "tableId")
    VALUES ('313', '3');
SELECT 'country' FROM Authors;
INSERT INTO "SqlQuery" ("queryId", "userId", "issuedAt", "finishedAt", "hasError", "errorMessage", "statement", "projectId", "queryTypeId")
    VALUES ('314', '9', '2023-06-30 22:04:14.762920', '2023-06-30 22:04:17.762920', 'False', 'None', 'SELECT country FROM Authors', '3', '1');
INSERT INTO "QueryColumnAccess" ("queryId", "columnId")
    VALUES ('314', '5');
INSERT INTO "QueryTableAccess" ("queryId", "tableId")
    VALUES ('314', '2');
SELECT 'country' FROM Customers;
INSERT INTO "SqlQuery" ("queryId", "userId", "issuedAt", "finishedAt", "hasError", "errorMessage", "statement", "projectId", "queryTypeId")
    VALUES ('315', '13', '2023-04-18 22:04:14.762927', '2023-04-18 22:04:18.762927', 'False', 'None', 'SELECT country FROM Customers', '3', '1');
INSERT INTO "QueryColumnAccess" ("queryId", "columnId")
    VALUES ('315', '10');
INSERT INTO "QueryTableAccess" ("queryId", "tableId")
    VALUES ('315', '4');
SELECT 'customer_id' FROM Orders;
INSERT INTO "SqlQuery" ("queryId", "userId", "issuedAt", "finishedAt", "hasError", "errorMessage", "statement", "projectId", "queryTypeId")
    VALUES ('316', '6', '2023-06-21 22:04:14.762934', '2023-06-21 22:04:17.762934', 'False', 'None', 'SELECT customer_id FROM Orders', '3', '1');
INSERT INTO "QueryColumnAccess" ("queryId", "columnId")
    VALUES ('316', '2');
INSERT INTO "QueryTableAccess" ("queryId", "tableId")
    VALUES ('316', '5');
SELECT 'author_id' FROM Authors;
INSERT INTO "SqlQuery" ("queryId", "userId", "issuedAt", "finishedAt", "hasError", "errorMessage", "statement", "projectId", "queryTypeId")
    VALUES ('317', '6', '2023-07-04 22:04:14.762940', '2023-07-04 22:04:17.762940', 'False', 'None', 'SELECT author_id FROM Authors', '3', '1');
INSERT INTO "QueryColumnAccess" ("queryId", "columnId")
    VALUES ('317', '1');
INSERT INTO "QueryTableAccess" ("queryId", "tableId")
    VALUES ('317', '2');
SELECT 'category_id' FROM Books;
INSERT INTO "SqlQuery" ("queryId", "userId", "issuedAt", "finishedAt", "hasError", "errorMessage", "statement", "projectId", "queryTypeId")
    VALUES ('318', '6', '2023-05-23 22:04:14.762947', '2023-05-23 22:04:18.762947', 'False', 'None', 'SELECT category_id FROM Books', '3', '1');
INSERT INTO "QueryColumnAccess" ("queryId", "columnId")
    VALUES ('318', '7');
INSERT INTO "QueryTableAccess" ("queryId", "tableId")
    VALUES ('318', '1');
SELECT 'last_name' FROM Authors;
INSERT INTO "SqlQuery" ("queryId", "userId", "issuedAt", "finishedAt", "hasError", "errorMessage", "statement", "projectId", "queryTypeId")
    VALUES ('319', '12', '2023-05-23 22:04:14.762953', '2023-05-23 22:04:17.762953', 'False', 'None', 'SELECT last_name FROM Authors', '3', '1');
INSERT INTO "QueryColumnAccess" ("queryId", "columnId")
    VALUES ('319', '3');
INSERT INTO "QueryTableAccess" ("queryId", "tableId")
    VALUES ('319', '2');
SELECT 'title' FROM Books;
INSERT INTO "SqlQuery" ("queryId", "userId", "issuedAt", "finishedAt", "hasError", "errorMessage", "statement", "projectId", "queryTypeId")
    VALUES ('320', '8', '2023-06-02 22:04:14.762959', '2023-06-02 22:04:15.762959', 'False', 'None', 'SELECT title FROM Books', '3', '1');
INSERT INTO "QueryColumnAccess" ("queryId", "columnId")
    VALUES ('320', '2');
INSERT INTO "QueryTableAccess" ("queryId", "tableId")
    VALUES ('320', '1');
SELECT 'author_id' FROM Authors;
INSERT INTO "SqlQuery" ("queryId", "userId", "issuedAt", "finishedAt", "hasError", "errorMessage", "statement", "projectId", "queryTypeId")
    VALUES ('321', '13', '2023-05-20 22:04:14.762965', '2023-05-20 22:04:18.762965', 'False', 'None', 'SELECT author_id FROM Authors', '3', '1');
INSERT INTO "QueryColumnAccess" ("queryId", "columnId")
    VALUES ('321', '1');
INSERT INTO "QueryTableAccess" ("queryId", "tableId")
    VALUES ('321', '2');
SELECT 'order_date' FROM Orders;
INSERT INTO "SqlQuery" ("queryId", "userId", "issuedAt", "finishedAt", "hasError", "errorMessage", "statement", "projectId", "queryTypeId")
    VALUES ('322', '14', '2023-05-25 22:04:14.762972', '2023-05-25 22:04:18.762972', 'False', 'None', 'SELECT order_date FROM Orders', '3', '1');
INSERT INTO "QueryColumnAccess" ("queryId", "columnId")
    VALUES ('322', '3');
INSERT INTO "QueryTableAccess" ("queryId", "tableId")
    VALUES ('322', '5');
SELECT 'shipping_zip_code' FROM Orders;
INSERT INTO "SqlQuery" ("queryId", "userId", "issuedAt", "finishedAt", "hasError", "errorMessage", "statement", "projectId", "queryTypeId")
    VALUES ('323', '13', '2023-05-30 22:04:14.762982', '2023-05-30 22:04:18.762982', 'False', 'None', 'SELECT shipping_zip_code FROM Orders', '3', '1');
INSERT INTO "QueryColumnAccess" ("queryId", "columnId")
    VALUES ('323', '9');
INSERT INTO "QueryTableAccess" ("queryId", "tableId")
    VALUES ('323', '5');
SELECT 'website' FROM Publishers;
INSERT INTO "SqlQuery" ("queryId", "userId", "issuedAt", "finishedAt", "hasError", "errorMessage", "statement", "projectId", "queryTypeId")
    VALUES ('324', '5', '2023-05-08 22:04:14.762989', '2023-05-08 22:04:18.762989', 'False', 'None', 'SELECT website FROM Publishers', '3', '1');
INSERT INTO "QueryColumnAccess" ("queryId", "columnId")
    VALUES ('324', '5');
INSERT INTO "QueryTableAccess" ("queryId", "tableId")
    VALUES ('324', '3');
SELECT 'last_name' FROM Authors;
INSERT INTO "SqlQuery" ("queryId", "userId", "issuedAt", "finishedAt", "hasError", "errorMessage", "statement", "projectId", "queryTypeId")
    VALUES ('325', '13', '2023-04-16 22:04:14.762996', '2023-04-16 22:04:16.762996', 'False', 'None', 'SELECT last_name FROM Authors', '3', '1');
INSERT INTO "QueryColumnAccess" ("queryId", "columnId")
    VALUES ('325', '3');
INSERT INTO "QueryTableAccess" ("queryId", "tableId")
    VALUES ('325', '2');
SELECT 'total_amount' FROM Orders;
INSERT INTO "SqlQuery" ("queryId", "userId", "issuedAt", "finishedAt", "hasError", "errorMessage", "statement", "projectId", "queryTypeId")
    VALUES ('326', '2', '2023-05-24 22:04:14.763002', '2023-05-24 22:04:17.763002', 'False', 'None', 'SELECT total_amount FROM Orders', '3', '1');
INSERT INTO "QueryColumnAccess" ("queryId", "columnId")
    VALUES ('326', '4');
INSERT INTO "QueryTableAccess" ("queryId", "tableId")
    VALUES ('326', '5');
SELECT 'author' FROM Books;
INSERT INTO "SqlQuery" ("queryId", "userId", "issuedAt", "finishedAt", "hasError", "errorMessage", "statement", "projectId", "queryTypeId")
    VALUES ('327', '3', '2023-05-21 22:04:14.763008', '2023-05-21 22:04:17.763008', 'False', 'None', 'SELECT author FROM Books', '3', '1');
INSERT INTO "QueryColumnAccess" ("queryId", "columnId")
    VALUES ('327', '3');
INSERT INTO "QueryTableAccess" ("queryId", "tableId")
    VALUES ('327', '1');
SELECT 'publisher' FROM Books;
INSERT INTO "SqlQuery" ("queryId", "userId", "issuedAt", "finishedAt", "hasError", "errorMessage", "statement", "projectId", "queryTypeId")
    VALUES ('328', '5', '2023-07-08 22:04:14.763015', '2023-07-08 22:04:18.763015', 'False', 'None', 'SELECT publisher FROM Books', '3', '1');
INSERT INTO "QueryColumnAccess" ("queryId", "columnId")
    VALUES ('328', '5');
INSERT INTO "QueryTableAccess" ("queryId", "tableId")
    VALUES ('328', '1');
SELECT 'phone_number' FROM Customers;
INSERT INTO "SqlQuery" ("queryId", "userId", "issuedAt", "finishedAt", "hasError", "errorMessage", "statement", "projectId", "queryTypeId")
    VALUES ('329', '1', '2023-05-22 22:04:14.763021', '2023-05-22 22:04:18.763021', 'False', 'None', 'SELECT phone_number FROM Customers', '3', '1');
INSERT INTO "QueryColumnAccess" ("queryId", "columnId")
    VALUES ('329', '5');
INSERT INTO "QueryTableAccess" ("queryId", "tableId")
    VALUES ('329', '4');
SELECT 'country' FROM Authors;
INSERT INTO "SqlQuery" ("queryId", "userId", "issuedAt", "finishedAt", "hasError", "errorMessage", "statement", "projectId", "queryTypeId")
    VALUES ('330', '9', '2023-05-06 22:04:14.763027', '2023-05-06 22:04:17.763027', 'False', 'None', 'SELECT country FROM Authors', '3', '1');
INSERT INTO "QueryColumnAccess" ("queryId", "columnId")
    VALUES ('330', '5');
INSERT INTO "QueryTableAccess" ("queryId", "tableId")
    VALUES ('330', '2');
SELECT 'author_id' FROM Authors;
INSERT INTO "SqlQuery" ("queryId", "userId", "issuedAt", "finishedAt", "hasError", "errorMessage", "statement", "projectId", "queryTypeId")
    VALUES ('331', '6', '2023-05-18 22:04:14.763033', '2023-05-18 22:04:15.763033', 'False', 'None', 'SELECT author_id FROM Authors', '3', '1');
INSERT INTO "QueryColumnAccess" ("queryId", "columnId")
    VALUES ('331', '1');
INSERT INTO "QueryTableAccess" ("queryId", "tableId")
    VALUES ('331', '2');
SELECT 'country' FROM Authors;
INSERT INTO "SqlQuery" ("queryId", "userId", "issuedAt", "finishedAt", "hasError", "errorMessage", "statement", "projectId", "queryTypeId")
    VALUES ('332', '14', '2023-07-07 22:04:14.763039', '2023-07-07 22:04:17.763039', 'False', 'None', 'SELECT country FROM Authors', '3', '1');
INSERT INTO "QueryColumnAccess" ("queryId", "columnId")
    VALUES ('332', '5');
INSERT INTO "QueryTableAccess" ("queryId", "tableId")
    VALUES ('332', '2');
SELECT 'author_id' FROM Authors;
INSERT INTO "SqlQuery" ("queryId", "userId", "issuedAt", "finishedAt", "hasError", "errorMessage", "statement", "projectId", "queryTypeId")
    VALUES ('333', '7', '2023-05-10 22:04:14.763045', '2023-05-10 22:04:15.763045', 'False', 'None', 'SELECT author_id FROM Authors', '3', '1');
INSERT INTO "QueryColumnAccess" ("queryId", "columnId")
    VALUES ('333', '1');
INSERT INTO "QueryTableAccess" ("queryId", "tableId")
    VALUES ('333', '2');
SELECT 'customer_id' FROM Orders;
INSERT INTO "SqlQuery" ("queryId", "userId", "issuedAt", "finishedAt", "hasError", "errorMessage", "statement", "projectId", "queryTypeId")
    VALUES ('334', '9', '2023-04-21 22:04:14.763052', '2023-04-21 22:04:18.763052', 'False', 'None', 'SELECT customer_id FROM Orders', '3', '1');
INSERT INTO "QueryColumnAccess" ("queryId", "columnId")
    VALUES ('334', '2');
INSERT INTO "QueryTableAccess" ("queryId", "tableId")
    VALUES ('334', '5');
SELECT 'established_date' FROM Publishers;
INSERT INTO "SqlQuery" ("queryId", "userId", "issuedAt", "finishedAt", "hasError", "errorMessage", "statement", "projectId", "queryTypeId")
    VALUES ('335', '3', '2023-06-24 22:04:14.763058', '2023-06-24 22:04:18.763058', 'False', 'None', 'SELECT established_date FROM Publishers', '3', '1');
INSERT INTO "QueryColumnAccess" ("queryId", "columnId")
    VALUES ('335', '3');
INSERT INTO "QueryTableAccess" ("queryId", "tableId")
    VALUES ('335', '3');
SELECT 'first_name' FROM Customers;
INSERT INTO "SqlQuery" ("queryId", "userId", "issuedAt", "finishedAt", "hasError", "errorMessage", "statement", "projectId", "queryTypeId")
    VALUES ('336', '5', '2023-05-14 22:04:14.763064', '2023-05-14 22:04:17.763064', 'False', 'None', 'SELECT first_name FROM Customers', '3', '1');
INSERT INTO "QueryColumnAccess" ("queryId", "columnId")
    VALUES ('336', '2');
INSERT INTO "QueryTableAccess" ("queryId", "tableId")
    VALUES ('336', '4');
SELECT 'order_date' FROM Orders;
INSERT INTO "SqlQuery" ("queryId", "userId", "issuedAt", "finishedAt", "hasError", "errorMessage", "statement", "projectId", "queryTypeId")
    VALUES ('337', '14', '2023-05-15 22:04:14.763070', '2023-05-15 22:04:16.763070', 'False', 'None', 'SELECT order_date FROM Orders', '3', '1');
INSERT INTO "QueryColumnAccess" ("queryId", "columnId")
    VALUES ('337', '3');
INSERT INTO "QueryTableAccess" ("queryId", "tableId")
    VALUES ('337', '5');
SELECT 'category_id' FROM Books;
INSERT INTO "SqlQuery" ("queryId", "userId", "issuedAt", "finishedAt", "hasError", "errorMessage", "statement", "projectId", "queryTypeId")
    VALUES ('338', '12', '2023-06-20 22:04:14.763076', '2023-06-20 22:04:17.763076', 'False', 'None', 'SELECT category_id FROM Books', '3', '1');
INSERT INTO "QueryColumnAccess" ("queryId", "columnId")
    VALUES ('338', '7');
INSERT INTO "QueryTableAccess" ("queryId", "tableId")
    VALUES ('338', '1');
SELECT 'category_id' FROM Books;
INSERT INTO "SqlQuery" ("queryId", "userId", "issuedAt", "finishedAt", "hasError", "errorMessage", "statement", "projectId", "queryTypeId")
    VALUES ('339', '15', '2023-05-11 22:04:14.763082', '2023-05-11 22:04:18.763082', 'False', 'None', 'SELECT category_id FROM Books', '3', '1');
INSERT INTO "QueryColumnAccess" ("queryId", "columnId")
    VALUES ('339', '7');
INSERT INTO "QueryTableAccess" ("queryId", "tableId")
    VALUES ('339', '1');
SELECT 'shipping_city' FROM Orders;
INSERT INTO "SqlQuery" ("queryId", "userId", "issuedAt", "finishedAt", "hasError", "errorMessage", "statement", "projectId", "queryTypeId")
    VALUES ('340', '13', '2023-04-24 22:04:14.763092', '2023-04-24 22:04:18.763092', 'False', 'None', 'SELECT shipping_city FROM Orders', '3', '1');
INSERT INTO "QueryColumnAccess" ("queryId", "columnId")
    VALUES ('340', '7');
INSERT INTO "QueryTableAccess" ("queryId", "tableId")
    VALUES ('340', '5');
SELECT 'first_name' FROM Authors;
INSERT INTO "SqlQuery" ("queryId", "userId", "issuedAt", "finishedAt", "hasError", "errorMessage", "statement", "projectId", "queryTypeId")
    VALUES ('341', '15', '2023-06-17 22:04:14.763098', '2023-06-17 22:04:17.763098', 'False', 'None', 'SELECT first_name FROM Authors', '3', '1');
INSERT INTO "QueryColumnAccess" ("queryId", "columnId")
    VALUES ('341', '2');
INSERT INTO "QueryTableAccess" ("queryId", "tableId")
    VALUES ('341', '2');
SELECT 'author' FROM Books;
INSERT INTO "SqlQuery" ("queryId", "userId", "issuedAt", "finishedAt", "hasError", "errorMessage", "statement", "projectId", "queryTypeId")
    VALUES ('342', '8', '2023-04-25 22:04:14.763105', '2023-04-25 22:04:18.763105', 'False', 'None', 'SELECT author FROM Books', '3', '1');
INSERT INTO "QueryColumnAccess" ("queryId", "columnId")
    VALUES ('342', '3');
INSERT INTO "QueryTableAccess" ("queryId", "tableId")
    VALUES ('342', '1');
SELECT 'first_name' FROM Authors;
INSERT INTO "SqlQuery" ("queryId", "userId", "issuedAt", "finishedAt", "hasError", "errorMessage", "statement", "projectId", "queryTypeId")
    VALUES ('343', '10', '2023-06-20 22:04:14.763112', '2023-06-20 22:04:16.763112', 'False', 'None', 'SELECT first_name FROM Authors', '3', '1');
INSERT INTO "QueryColumnAccess" ("queryId", "columnId")
    VALUES ('343', '2');
INSERT INTO "QueryTableAccess" ("queryId", "tableId")
    VALUES ('343', '2');
SELECT 'last_name' FROM Customers;
INSERT INTO "SqlQuery" ("queryId", "userId", "issuedAt", "finishedAt", "hasError", "errorMessage", "statement", "projectId", "queryTypeId")
    VALUES ('344', '3', '2023-05-25 22:04:14.763118', '2023-05-25 22:04:18.763118', 'False', 'None', 'SELECT last_name FROM Customers', '3', '1');
INSERT INTO "QueryColumnAccess" ("queryId", "columnId")
    VALUES ('344', '3');
INSERT INTO "QueryTableAccess" ("queryId", "tableId")
    VALUES ('344', '4');
SELECT 'publication_date' FROM Books;
INSERT INTO "SqlQuery" ("queryId", "userId", "issuedAt", "finishedAt", "hasError", "errorMessage", "statement", "projectId", "queryTypeId")
    VALUES ('345', '6', '2023-05-01 22:04:14.763124', '2023-05-01 22:04:16.763124', 'False', 'None', 'SELECT publication_date FROM Books', '3', '1');
INSERT INTO "QueryColumnAccess" ("queryId", "columnId")
    VALUES ('345', '4');
INSERT INTO "QueryTableAccess" ("queryId", "tableId")
    VALUES ('345', '1');
SELECT 'established_date' FROM Publishers;
INSERT INTO "SqlQuery" ("queryId", "userId", "issuedAt", "finishedAt", "hasError", "errorMessage", "statement", "projectId", "queryTypeId")
    VALUES ('346', '13', '2023-07-09 22:04:14.763130', '2023-07-09 22:04:17.763130', 'False', 'None', 'SELECT established_date FROM Publishers', '3', '1');
INSERT INTO "QueryColumnAccess" ("queryId", "columnId")
    VALUES ('346', '3');
INSERT INTO "QueryTableAccess" ("queryId", "tableId")
    VALUES ('346', '3');
SELECT 'customer_id' FROM Orders;
INSERT INTO "SqlQuery" ("queryId", "userId", "issuedAt", "finishedAt", "hasError", "errorMessage", "statement", "projectId", "queryTypeId")
    VALUES ('347', '10', '2023-06-02 22:04:14.763136', '2023-06-02 22:04:16.763136', 'False', 'None', 'SELECT customer_id FROM Orders', '3', '1');
INSERT INTO "QueryColumnAccess" ("queryId", "columnId")
    VALUES ('347', '2');
INSERT INTO "QueryTableAccess" ("queryId", "tableId")
    VALUES ('347', '5');
SELECT 'website' FROM Publishers;
INSERT INTO "SqlQuery" ("queryId", "userId", "issuedAt", "finishedAt", "hasError", "errorMessage", "statement", "projectId", "queryTypeId")
    VALUES ('348', '13', '2023-04-15 22:04:14.763142', '2023-04-15 22:04:18.763142', 'False', 'None', 'SELECT website FROM Publishers', '3', '1');
INSERT INTO "QueryColumnAccess" ("queryId", "columnId")
    VALUES ('348', '5');
INSERT INTO "QueryTableAccess" ("queryId", "tableId")
    VALUES ('348', '3');
SELECT 'book_id' FROM Books;
INSERT INTO "SqlQuery" ("queryId", "userId", "issuedAt", "finishedAt", "hasError", "errorMessage", "statement", "projectId", "queryTypeId")
    VALUES ('349', '9', '2023-05-12 22:04:14.763149', '2023-05-12 22:04:16.763149', 'False', 'None', 'SELECT book_id FROM Books', '3', '1');
INSERT INTO "QueryColumnAccess" ("queryId", "columnId")
    VALUES ('349', '1');
INSERT INTO "QueryTableAccess" ("queryId", "tableId")
    VALUES ('349', '1');
SELECT 'publisher' FROM Books;
INSERT INTO "SqlQuery" ("queryId", "userId", "issuedAt", "finishedAt", "hasError", "errorMessage", "statement", "projectId", "queryTypeId")
    VALUES ('350', '5', '2023-05-16 22:04:14.763155', '2023-05-16 22:04:15.763155', 'False', 'None', 'SELECT publisher FROM Books', '3', '1');
INSERT INTO "QueryColumnAccess" ("queryId", "columnId")
    VALUES ('350', '5');
INSERT INTO "QueryTableAccess" ("queryId", "tableId")
    VALUES ('350', '1');
SELECT 'publisher_name' FROM Publishers;
INSERT INTO "SqlQuery" ("queryId", "userId", "issuedAt", "finishedAt", "hasError", "errorMessage", "statement", "projectId", "queryTypeId")
    VALUES ('351', '11', '2023-06-15 22:04:14.763161', '2023-06-15 22:04:16.763161', 'False', 'None', 'SELECT publisher_name FROM Publishers', '3', '1');
INSERT INTO "QueryColumnAccess" ("queryId", "columnId")
    VALUES ('351', '2');
INSERT INTO "QueryTableAccess" ("queryId", "tableId")
    VALUES ('351', '3');
SELECT 'last_name' FROM Authors;
INSERT INTO "SqlQuery" ("queryId", "userId", "issuedAt", "finishedAt", "hasError", "errorMessage", "statement", "projectId", "queryTypeId")
    VALUES ('352', '8', '2023-04-26 22:04:14.763167', '2023-04-26 22:04:17.763167', 'False', 'None', 'SELECT last_name FROM Authors', '3', '1');
INSERT INTO "QueryColumnAccess" ("queryId", "columnId")
    VALUES ('352', '3');
INSERT INTO "QueryTableAccess" ("queryId", "tableId")
    VALUES ('352', '2');
SELECT 'publisher_id' FROM Publishers;
INSERT INTO "SqlQuery" ("queryId", "userId", "issuedAt", "finishedAt", "hasError", "errorMessage", "statement", "projectId", "queryTypeId")
    VALUES ('353', '12', '2023-06-05 22:04:14.763173', '2023-06-05 22:04:15.763173', 'False', 'None', 'SELECT publisher_id FROM Publishers', '3', '1');
INSERT INTO "QueryColumnAccess" ("queryId", "columnId")
    VALUES ('353', '1');
INSERT INTO "QueryTableAccess" ("queryId", "tableId")
    VALUES ('353', '3');
SELECT 'order_id' FROM Orders;
INSERT INTO "SqlQuery" ("queryId", "userId", "issuedAt", "finishedAt", "hasError", "errorMessage", "statement", "projectId", "queryTypeId")
    VALUES ('354', '12', '2023-07-01 22:04:14.763180', '2023-07-01 22:04:17.763180', 'False', 'None', 'SELECT order_id FROM Orders', '3', '1');
INSERT INTO "QueryColumnAccess" ("queryId", "columnId")
    VALUES ('354', '1');
INSERT INTO "QueryTableAccess" ("queryId", "tableId")
    VALUES ('354', '5');
SELECT 'author' FROM Books;
INSERT INTO "SqlQuery" ("queryId", "userId", "issuedAt", "finishedAt", "hasError", "errorMessage", "statement", "projectId", "queryTypeId")
    VALUES ('355', '2', '2023-05-28 22:04:14.763186', '2023-05-28 22:04:18.763186', 'False', 'None', 'SELECT author FROM Books', '3', '1');
INSERT INTO "QueryColumnAccess" ("queryId", "columnId")
    VALUES ('355', '3');
INSERT INTO "QueryTableAccess" ("queryId", "tableId")
    VALUES ('355', '1');
SELECT 'author_id' FROM Authors;
INSERT INTO "SqlQuery" ("queryId", "userId", "issuedAt", "finishedAt", "hasError", "errorMessage", "statement", "projectId", "queryTypeId")
    VALUES ('356', '8', '2023-05-23 22:04:14.763192', '2023-05-23 22:04:16.763192', 'False', 'None', 'SELECT author_id FROM Authors', '3', '1');
INSERT INTO "QueryColumnAccess" ("queryId", "columnId")
    VALUES ('356', '1');
INSERT INTO "QueryTableAccess" ("queryId", "tableId")
    VALUES ('356', '2');
SELECT 'publication_date' FROM Books;
INSERT INTO "SqlQuery" ("queryId", "userId", "issuedAt", "finishedAt", "hasError", "errorMessage", "statement", "projectId", "queryTypeId")
    VALUES ('357', '1', '2023-04-15 22:04:14.763203', '2023-04-15 22:04:17.763203', 'False', 'None', 'SELECT publication_date FROM Books', '3', '1');
INSERT INTO "QueryColumnAccess" ("queryId", "columnId")
    VALUES ('357', '4');
INSERT INTO "QueryTableAccess" ("queryId", "tableId")
    VALUES ('357', '1');
SELECT 'shipping_city' FROM Orders;
INSERT INTO "SqlQuery" ("queryId", "userId", "issuedAt", "finishedAt", "hasError", "errorMessage", "statement", "projectId", "queryTypeId")
    VALUES ('358', '11', '2023-04-29 22:04:14.763209', '2023-04-29 22:04:17.763209', 'False', 'None', 'SELECT shipping_city FROM Orders', '3', '1');
INSERT INTO "QueryColumnAccess" ("queryId", "columnId")
    VALUES ('358', '7');
INSERT INTO "QueryTableAccess" ("queryId", "tableId")
    VALUES ('358', '5');
SELECT 'website' FROM Publishers;
INSERT INTO "SqlQuery" ("queryId", "userId", "issuedAt", "finishedAt", "hasError", "errorMessage", "statement", "projectId", "queryTypeId")
    VALUES ('359', '8', '2023-04-21 22:04:14.763216', '2023-04-21 22:04:17.763216', 'False', 'None', 'SELECT website FROM Publishers', '3', '1');
INSERT INTO "QueryColumnAccess" ("queryId", "columnId")
    VALUES ('359', '5');
INSERT INTO "QueryTableAccess" ("queryId", "tableId")
    VALUES ('359', '3');
SELECT 'shipping_country' FROM Orders;
INSERT INTO "SqlQuery" ("queryId", "userId", "issuedAt", "finishedAt", "hasError", "errorMessage", "statement", "projectId", "queryTypeId")
    VALUES ('360', '11', '2023-07-10 22:04:14.763222', '2023-07-10 22:04:17.763222', 'False', 'None', 'SELECT shipping_country FROM Orders', '3', '1');
INSERT INTO "QueryColumnAccess" ("queryId", "columnId")
    VALUES ('360', '10');
INSERT INTO "QueryTableAccess" ("queryId", "tableId")
    VALUES ('360', '5');
SELECT 'total_amount' FROM Orders;
INSERT INTO "SqlQuery" ("queryId", "userId", "issuedAt", "finishedAt", "hasError", "errorMessage", "statement", "projectId", "queryTypeId")
    VALUES ('361', '8', '2023-07-04 22:04:14.763228', '2023-07-04 22:04:18.763228', 'False', 'None', 'SELECT total_amount FROM Orders', '3', '1');
INSERT INTO "QueryColumnAccess" ("queryId", "columnId")
    VALUES ('361', '4');
INSERT INTO "QueryTableAccess" ("queryId", "tableId")
    VALUES ('361', '5');
SELECT 'address' FROM Customers;
INSERT INTO "SqlQuery" ("queryId", "userId", "issuedAt", "finishedAt", "hasError", "errorMessage", "statement", "projectId", "queryTypeId")
    VALUES ('362', '9', '2023-05-02 22:04:14.763234', '2023-05-02 22:04:17.763234', 'False', 'None', 'SELECT address FROM Customers', '3', '1');
INSERT INTO "QueryColumnAccess" ("queryId", "columnId")
    VALUES ('362', '6');
INSERT INTO "QueryTableAccess" ("queryId", "tableId")
    VALUES ('362', '4');
SELECT 'address' FROM Customers;
INSERT INTO "SqlQuery" ("queryId", "userId", "issuedAt", "finishedAt", "hasError", "errorMessage", "statement", "projectId", "queryTypeId")
    VALUES ('363', '10', '2023-05-11 22:04:14.763241', '2023-05-11 22:04:15.763241', 'False', 'None', 'SELECT address FROM Customers', '3', '1');
INSERT INTO "QueryColumnAccess" ("queryId", "columnId")
    VALUES ('363', '6');
INSERT INTO "QueryTableAccess" ("queryId", "tableId")
    VALUES ('363', '4');
SELECT 'order_id' FROM Orders;
INSERT INTO "SqlQuery" ("queryId", "userId", "issuedAt", "finishedAt", "hasError", "errorMessage", "statement", "projectId", "queryTypeId")
    VALUES ('364', '2', '2023-05-09 22:04:14.763247', '2023-05-09 22:04:18.763247', 'False', 'None', 'SELECT order_id FROM Orders', '3', '1');
INSERT INTO "QueryColumnAccess" ("queryId", "columnId")
    VALUES ('364', '1');
INSERT INTO "QueryTableAccess" ("queryId", "tableId")
    VALUES ('364', '5');
SELECT 'birth_date' FROM Authors;
INSERT INTO "SqlQuery" ("queryId", "userId", "issuedAt", "finishedAt", "hasError", "errorMessage", "statement", "projectId", "queryTypeId")
    VALUES ('365', '12', '2023-07-03 22:04:14.763253', '2023-07-03 22:04:17.763253', 'False', 'None', 'SELECT birth_date FROM Authors', '3', '1');
INSERT INTO "QueryColumnAccess" ("queryId", "columnId")
    VALUES ('365', '4');
INSERT INTO "QueryTableAccess" ("queryId", "tableId")
    VALUES ('365', '2');
SELECT 'established_date' FROM Publishers;
INSERT INTO "SqlQuery" ("queryId", "userId", "issuedAt", "finishedAt", "hasError", "errorMessage", "statement", "projectId", "queryTypeId")
    VALUES ('366', '7', '2023-06-09 22:04:14.763259', '2023-06-09 22:04:17.763259', 'False', 'None', 'SELECT established_date FROM Publishers', '3', '1');
INSERT INTO "QueryColumnAccess" ("queryId", "columnId")
    VALUES ('366', '3');
INSERT INTO "QueryTableAccess" ("queryId", "tableId")
    VALUES ('366', '3');
SELECT 'last_name' FROM Authors;
INSERT INTO "SqlQuery" ("queryId", "userId", "issuedAt", "finishedAt", "hasError", "errorMessage", "statement", "projectId", "queryTypeId")
    VALUES ('367', '7', '2023-06-15 22:04:14.763265', '2023-06-15 22:04:15.763265', 'False', 'None', 'SELECT last_name FROM Authors', '3', '1');
INSERT INTO "QueryColumnAccess" ("queryId", "columnId")
    VALUES ('367', '3');
INSERT INTO "QueryTableAccess" ("queryId", "tableId")
    VALUES ('367', '2');
SELECT 'country' FROM Customers;
INSERT INTO "SqlQuery" ("queryId", "userId", "issuedAt", "finishedAt", "hasError", "errorMessage", "statement", "projectId", "queryTypeId")
    VALUES ('368', '6', '2023-05-08 22:04:14.763271', '2023-05-08 22:04:17.763271', 'False', 'None', 'SELECT country FROM Customers', '3', '1');
INSERT INTO "QueryColumnAccess" ("queryId", "columnId")
    VALUES ('368', '10');
INSERT INTO "QueryTableAccess" ("queryId", "tableId")
    VALUES ('368', '4');
SELECT 'established_date' FROM Publishers;
INSERT INTO "SqlQuery" ("queryId", "userId", "issuedAt", "finishedAt", "hasError", "errorMessage", "statement", "projectId", "queryTypeId")
    VALUES ('369', '9', '2023-04-20 22:04:14.763278', '2023-04-20 22:04:17.763278', 'False', 'None', 'SELECT established_date FROM Publishers', '3', '1');
INSERT INTO "QueryColumnAccess" ("queryId", "columnId")
    VALUES ('369', '3');
INSERT INTO "QueryTableAccess" ("queryId", "tableId")
    VALUES ('369', '3');
SELECT 'first_name' FROM Authors;
INSERT INTO "SqlQuery" ("queryId", "userId", "issuedAt", "finishedAt", "hasError", "errorMessage", "statement", "projectId", "queryTypeId")
    VALUES ('370', '3', '2023-06-10 22:04:14.763284', '2023-06-10 22:04:15.763284', 'False', 'None', 'SELECT first_name FROM Authors', '3', '1');
INSERT INTO "QueryColumnAccess" ("queryId", "columnId")
    VALUES ('370', '2');
INSERT INTO "QueryTableAccess" ("queryId", "tableId")
    VALUES ('370', '2');
SELECT 'last_name' FROM Customers;
INSERT INTO "SqlQuery" ("queryId", "userId", "issuedAt", "finishedAt", "hasError", "errorMessage", "statement", "projectId", "queryTypeId")
    VALUES ('371', '7', '2023-06-29 22:04:14.763290', '2023-06-29 22:04:16.763290', 'False', 'None', 'SELECT last_name FROM Customers', '3', '1');
INSERT INTO "QueryColumnAccess" ("queryId", "columnId")
    VALUES ('371', '3');
INSERT INTO "QueryTableAccess" ("queryId", "tableId")
    VALUES ('371', '4');
SELECT 'country' FROM Publishers;
INSERT INTO "SqlQuery" ("queryId", "userId", "issuedAt", "finishedAt", "hasError", "errorMessage", "statement", "projectId", "queryTypeId")
    VALUES ('372', '9', '2023-04-19 22:04:14.763296', '2023-04-19 22:04:17.763296', 'False', 'None', 'SELECT country FROM Publishers', '3', '1');
INSERT INTO "QueryColumnAccess" ("queryId", "columnId")
    VALUES ('372', '4');
INSERT INTO "QueryTableAccess" ("queryId", "tableId")
    VALUES ('372', '3');
SELECT 'shipping_state' FROM Orders;
INSERT INTO "SqlQuery" ("queryId", "userId", "issuedAt", "finishedAt", "hasError", "errorMessage", "statement", "projectId", "queryTypeId")
    VALUES ('373', '14', '2023-05-09 22:04:14.763302', '2023-05-09 22:04:17.763302', 'False', 'None', 'SELECT shipping_state FROM Orders', '3', '1');
INSERT INTO "QueryColumnAccess" ("queryId", "columnId")
    VALUES ('373', '8');
INSERT INTO "QueryTableAccess" ("queryId", "tableId")
    VALUES ('373', '5');
SELECT 'price' FROM Books;
INSERT INTO "SqlQuery" ("queryId", "userId", "issuedAt", "finishedAt", "hasError", "errorMessage", "statement", "projectId", "queryTypeId")
    VALUES ('374', '3', '2023-05-26 22:04:14.763312', '2023-05-26 22:04:16.763312', 'False', 'None', 'SELECT price FROM Books', '3', '1');
INSERT INTO "QueryColumnAccess" ("queryId", "columnId")
    VALUES ('374', '6');
INSERT INTO "QueryTableAccess" ("queryId", "tableId")
    VALUES ('374', '1');
SELECT 'last_name' FROM Authors;
INSERT INTO "SqlQuery" ("queryId", "userId", "issuedAt", "finishedAt", "hasError", "errorMessage", "statement", "projectId", "queryTypeId")
    VALUES ('375', '12', '2023-06-21 22:04:14.763318', '2023-06-21 22:04:16.763318', 'False', 'None', 'SELECT last_name FROM Authors', '3', '1');
INSERT INTO "QueryColumnAccess" ("queryId", "columnId")
    VALUES ('375', '3');
INSERT INTO "QueryTableAccess" ("queryId", "tableId")
    VALUES ('375', '2');
SELECT 'country' FROM Authors;
INSERT INTO "SqlQuery" ("queryId", "userId", "issuedAt", "finishedAt", "hasError", "errorMessage", "statement", "projectId", "queryTypeId")
    VALUES ('376', '7', '2023-05-15 22:04:14.763325', '2023-05-15 22:04:16.763325', 'False', 'None', 'SELECT country FROM Authors', '3', '1');
INSERT INTO "QueryColumnAccess" ("queryId", "columnId")
    VALUES ('376', '5');
INSERT INTO "QueryTableAccess" ("queryId", "tableId")
    VALUES ('376', '2');
SELECT 'last_name' FROM Customers;
INSERT INTO "SqlQuery" ("queryId", "userId", "issuedAt", "finishedAt", "hasError", "errorMessage", "statement", "projectId", "queryTypeId")
    VALUES ('377', '13', '2023-06-18 22:04:14.763331', '2023-06-18 22:04:17.763331', 'False', 'None', 'SELECT last_name FROM Customers', '3', '1');
INSERT INTO "QueryColumnAccess" ("queryId", "columnId")
    VALUES ('377', '3');
INSERT INTO "QueryTableAccess" ("queryId", "tableId")
    VALUES ('377', '4');
SELECT 'customer_id' FROM Orders;
INSERT INTO "SqlQuery" ("queryId", "userId", "issuedAt", "finishedAt", "hasError", "errorMessage", "statement", "projectId", "queryTypeId")
    VALUES ('378', '13', '2023-06-07 22:04:14.763337', '2023-06-07 22:04:16.763337', 'False', 'None', 'SELECT customer_id FROM Orders', '3', '1');
INSERT INTO "QueryColumnAccess" ("queryId", "columnId")
    VALUES ('378', '2');
INSERT INTO "QueryTableAccess" ("queryId", "tableId")
    VALUES ('378', '5');
SELECT 'book_id' FROM Books;
INSERT INTO "SqlQuery" ("queryId", "userId", "issuedAt", "finishedAt", "hasError", "errorMessage", "statement", "projectId", "queryTypeId")
    VALUES ('379', '11', '2023-05-29 22:04:14.763343', '2023-05-29 22:04:15.763343', 'False', 'None', 'SELECT book_id FROM Books', '3', '1');
INSERT INTO "QueryColumnAccess" ("queryId", "columnId")
    VALUES ('379', '1');
INSERT INTO "QueryTableAccess" ("queryId", "tableId")
    VALUES ('379', '1');
SELECT 'publisher' FROM Books;
INSERT INTO "SqlQuery" ("queryId", "userId", "issuedAt", "finishedAt", "hasError", "errorMessage", "statement", "projectId", "queryTypeId")
    VALUES ('380', '9', '2023-05-18 22:04:14.763349', '2023-05-18 22:04:15.763349', 'False', 'None', 'SELECT publisher FROM Books', '3', '1');
INSERT INTO "QueryColumnAccess" ("queryId", "columnId")
    VALUES ('380', '5');
INSERT INTO "QueryTableAccess" ("queryId", "tableId")
    VALUES ('380', '1');
SELECT 'first_name' FROM Customers;
INSERT INTO "SqlQuery" ("queryId", "userId", "issuedAt", "finishedAt", "hasError", "errorMessage", "statement", "projectId", "queryTypeId")
    VALUES ('381', '2', '2023-05-27 22:04:14.763355', '2023-05-27 22:04:17.763355', 'False', 'None', 'SELECT first_name FROM Customers', '3', '1');
INSERT INTO "QueryColumnAccess" ("queryId", "columnId")
    VALUES ('381', '2');
INSERT INTO "QueryTableAccess" ("queryId", "tableId")
    VALUES ('381', '4');
SELECT 'shipping_city' FROM Orders;
INSERT INTO "SqlQuery" ("queryId", "userId", "issuedAt", "finishedAt", "hasError", "errorMessage", "statement", "projectId", "queryTypeId")
    VALUES ('382', '14', '2023-07-02 22:04:14.763361', '2023-07-02 22:04:15.763361', 'False', 'None', 'SELECT shipping_city FROM Orders', '3', '1');
INSERT INTO "QueryColumnAccess" ("queryId", "columnId")
    VALUES ('382', '7');
INSERT INTO "QueryTableAccess" ("queryId", "tableId")
    VALUES ('382', '5');
SELECT 'website' FROM Publishers;
INSERT INTO "SqlQuery" ("queryId", "userId", "issuedAt", "finishedAt", "hasError", "errorMessage", "statement", "projectId", "queryTypeId")
    VALUES ('383', '6', '2023-04-29 22:04:14.763367', '2023-04-29 22:04:17.763367', 'False', 'None', 'SELECT website FROM Publishers', '3', '1');
INSERT INTO "QueryColumnAccess" ("queryId", "columnId")
    VALUES ('383', '5');
INSERT INTO "QueryTableAccess" ("queryId", "tableId")
    VALUES ('383', '3');
SELECT 'email' FROM Customers;
INSERT INTO "SqlQuery" ("queryId", "userId", "issuedAt", "finishedAt", "hasError", "errorMessage", "statement", "projectId", "queryTypeId")
    VALUES ('384', '13', '2023-05-25 22:04:14.763373', '2023-05-25 22:04:16.763373', 'False', 'None', 'SELECT email FROM Customers', '3', '1');
INSERT INTO "QueryColumnAccess" ("queryId", "columnId")
    VALUES ('384', '4');
INSERT INTO "QueryTableAccess" ("queryId", "tableId")
    VALUES ('384', '4');
SELECT 'publisher_id' FROM Publishers;
INSERT INTO "SqlQuery" ("queryId", "userId", "issuedAt", "finishedAt", "hasError", "errorMessage", "statement", "projectId", "queryTypeId")
    VALUES ('385', '10', '2023-05-31 22:04:14.763380', '2023-05-31 22:04:16.763380', 'False', 'None', 'SELECT publisher_id FROM Publishers', '3', '1');
INSERT INTO "QueryColumnAccess" ("queryId", "columnId")
    VALUES ('385', '1');
INSERT INTO "QueryTableAccess" ("queryId", "tableId")
    VALUES ('385', '3');
SELECT 'publisher_id' FROM Publishers;
INSERT INTO "SqlQuery" ("queryId", "userId", "issuedAt", "finishedAt", "hasError", "errorMessage", "statement", "projectId", "queryTypeId")
    VALUES ('386', '13', '2023-07-07 22:04:14.763386', '2023-07-07 22:04:16.763386', 'False', 'None', 'SELECT publisher_id FROM Publishers', '3', '1');
INSERT INTO "QueryColumnAccess" ("queryId", "columnId")
    VALUES ('386', '1');
INSERT INTO "QueryTableAccess" ("queryId", "tableId")
    VALUES ('386', '3');
SELECT 'country' FROM Authors;
INSERT INTO "SqlQuery" ("queryId", "userId", "issuedAt", "finishedAt", "hasError", "errorMessage", "statement", "projectId", "queryTypeId")
    VALUES ('387', '12', '2023-04-13 22:04:14.763392', '2023-04-13 22:04:15.763392', 'False', 'None', 'SELECT country FROM Authors', '3', '1');
INSERT INTO "QueryColumnAccess" ("queryId", "columnId")
    VALUES ('387', '5');
INSERT INTO "QueryTableAccess" ("queryId", "tableId")
    VALUES ('387', '2');
SELECT 'shipping_city' FROM Orders;
INSERT INTO "SqlQuery" ("queryId", "userId", "issuedAt", "finishedAt", "hasError", "errorMessage", "statement", "projectId", "queryTypeId")
    VALUES ('388', '8', '2023-06-26 22:04:14.763398', '2023-06-26 22:04:17.763398', 'False', 'None', 'SELECT shipping_city FROM Orders', '3', '1');
INSERT INTO "QueryColumnAccess" ("queryId", "columnId")
    VALUES ('388', '7');
INSERT INTO "QueryTableAccess" ("queryId", "tableId")
    VALUES ('388', '5');
SELECT 'website' FROM Publishers;
INSERT INTO "SqlQuery" ("queryId", "userId", "issuedAt", "finishedAt", "hasError", "errorMessage", "statement", "projectId", "queryTypeId")
    VALUES ('389', '11', '2023-06-28 22:04:14.763404', '2023-06-28 22:04:18.763404', 'False', 'None', 'SELECT website FROM Publishers', '3', '1');
INSERT INTO "QueryColumnAccess" ("queryId", "columnId")
    VALUES ('389', '5');
INSERT INTO "QueryTableAccess" ("queryId", "tableId")
    VALUES ('389', '3');
SELECT 'author_id' FROM Authors;
INSERT INTO "SqlQuery" ("queryId", "userId", "issuedAt", "finishedAt", "hasError", "errorMessage", "statement", "projectId", "queryTypeId")
    VALUES ('390', '1', '2023-06-14 22:04:14.763411', '2023-06-14 22:04:15.763411', 'False', 'None', 'SELECT author_id FROM Authors', '3', '1');
INSERT INTO "QueryColumnAccess" ("queryId", "columnId")
    VALUES ('390', '1');
INSERT INTO "QueryTableAccess" ("queryId", "tableId")
    VALUES ('390', '2');
SELECT 'publisher_id' FROM Publishers;
INSERT INTO "SqlQuery" ("queryId", "userId", "issuedAt", "finishedAt", "hasError", "errorMessage", "statement", "projectId", "queryTypeId")
    VALUES ('391', '8', '2023-05-12 22:04:14.763422', '2023-05-12 22:04:16.763422', 'False', 'None', 'SELECT publisher_id FROM Publishers', '3', '1');
INSERT INTO "QueryColumnAccess" ("queryId", "columnId")
    VALUES ('391', '1');
INSERT INTO "QueryTableAccess" ("queryId", "tableId")
    VALUES ('391', '3');
SELECT 'customer_id' FROM Customers;
INSERT INTO "SqlQuery" ("queryId", "userId", "issuedAt", "finishedAt", "hasError", "errorMessage", "statement", "projectId", "queryTypeId")
    VALUES ('392', '7', '2023-06-26 22:04:14.763429', '2023-06-26 22:04:16.763429', 'False', 'None', 'SELECT customer_id FROM Customers', '3', '1');
INSERT INTO "QueryColumnAccess" ("queryId", "columnId")
    VALUES ('392', '1');
INSERT INTO "QueryTableAccess" ("queryId", "tableId")
    VALUES ('392', '4');
SELECT 'country' FROM Publishers;
INSERT INTO "SqlQuery" ("queryId", "userId", "issuedAt", "finishedAt", "hasError", "errorMessage", "statement", "projectId", "queryTypeId")
    VALUES ('393', '15', '2023-06-08 22:04:14.763435', '2023-06-08 22:04:18.763435', 'False', 'None', 'SELECT country FROM Publishers', '3', '1');
INSERT INTO "QueryColumnAccess" ("queryId", "columnId")
    VALUES ('393', '4');
INSERT INTO "QueryTableAccess" ("queryId", "tableId")
    VALUES ('393', '3');
SELECT 'title' FROM Books;
INSERT INTO "SqlQuery" ("queryId", "userId", "issuedAt", "finishedAt", "hasError", "errorMessage", "statement", "projectId", "queryTypeId")
    VALUES ('394', '7', '2023-06-07 22:04:14.763441', '2023-06-07 22:04:16.763441', 'False', 'None', 'SELECT title FROM Books', '3', '1');
INSERT INTO "QueryColumnAccess" ("queryId", "columnId")
    VALUES ('394', '2');
INSERT INTO "QueryTableAccess" ("queryId", "tableId")
    VALUES ('394', '1');
SELECT 'book_id' FROM Books;
INSERT INTO "SqlQuery" ("queryId", "userId", "issuedAt", "finishedAt", "hasError", "errorMessage", "statement", "projectId", "queryTypeId")
    VALUES ('395', '10', '2023-06-07 22:04:14.763448', '2023-06-07 22:04:16.763448', 'False', 'None', 'SELECT book_id FROM Books', '3', '1');
INSERT INTO "QueryColumnAccess" ("queryId", "columnId")
    VALUES ('395', '1');
INSERT INTO "QueryTableAccess" ("queryId", "tableId")
    VALUES ('395', '1');
SELECT 'last_name' FROM Customers;
INSERT INTO "SqlQuery" ("queryId", "userId", "issuedAt", "finishedAt", "hasError", "errorMessage", "statement", "projectId", "queryTypeId")
    VALUES ('396', '14', '2023-07-03 22:04:14.763454', '2023-07-03 22:04:17.763454', 'False', 'None', 'SELECT last_name FROM Customers', '3', '1');
INSERT INTO "QueryColumnAccess" ("queryId", "columnId")
    VALUES ('396', '3');
INSERT INTO "QueryTableAccess" ("queryId", "tableId")
    VALUES ('396', '4');
SELECT 'website' FROM Publishers;
INSERT INTO "SqlQuery" ("queryId", "userId", "issuedAt", "finishedAt", "hasError", "errorMessage", "statement", "projectId", "queryTypeId")
    VALUES ('397', '9', '2023-07-10 22:04:14.763460', '2023-07-10 22:04:16.763460', 'False', 'None', 'SELECT website FROM Publishers', '3', '1');
INSERT INTO "QueryColumnAccess" ("queryId", "columnId")
    VALUES ('397', '5');
INSERT INTO "QueryTableAccess" ("queryId", "tableId")
    VALUES ('397', '3');
SELECT 'shipping_country' FROM Orders;
INSERT INTO "SqlQuery" ("queryId", "userId", "issuedAt", "finishedAt", "hasError", "errorMessage", "statement", "projectId", "queryTypeId")
    VALUES ('398', '11', '2023-06-10 22:04:14.763466', '2023-06-10 22:04:16.763466', 'False', 'None', 'SELECT shipping_country FROM Orders', '3', '1');
INSERT INTO "QueryColumnAccess" ("queryId", "columnId")
    VALUES ('398', '10');
INSERT INTO "QueryTableAccess" ("queryId", "tableId")
    VALUES ('398', '5');
SELECT 'last_name' FROM Authors;
INSERT INTO "SqlQuery" ("queryId", "userId", "issuedAt", "finishedAt", "hasError", "errorMessage", "statement", "projectId", "queryTypeId")
    VALUES ('399', '2', '2023-05-17 22:04:14.763473', '2023-05-17 22:04:15.763473', 'False', 'None', 'SELECT last_name FROM Authors', '3', '1');
INSERT INTO "QueryColumnAccess" ("queryId", "columnId")
    VALUES ('399', '3');
INSERT INTO "QueryTableAccess" ("queryId", "tableId")
    VALUES ('399', '2');
SELECT 'order_id' FROM Orders;
INSERT INTO "SqlQuery" ("queryId", "userId", "issuedAt", "finishedAt", "hasError", "errorMessage", "statement", "projectId", "queryTypeId")
    VALUES ('400', '4', '2023-05-11 22:04:14.763479', '2023-05-11 22:04:16.763479', 'False', 'None', 'SELECT order_id FROM Orders', '3', '1');
INSERT INTO "QueryColumnAccess" ("queryId", "columnId")
    VALUES ('400', '1');
INSERT INTO "QueryTableAccess" ("queryId", "tableId")
    VALUES ('400', '5');
SELECT 'established_date' FROM Publishers;
INSERT INTO "SqlQuery" ("queryId", "userId", "issuedAt", "finishedAt", "hasError", "errorMessage", "statement", "projectId", "queryTypeId")
    VALUES ('401', '14', '2023-05-12 22:04:14.763485', '2023-05-12 22:04:16.763485', 'False', 'None', 'SELECT established_date FROM Publishers', '3', '1');
INSERT INTO "QueryColumnAccess" ("queryId", "columnId")
    VALUES ('401', '3');
INSERT INTO "QueryTableAccess" ("queryId", "tableId")
    VALUES ('401', '3');
SELECT 'zip_code' FROM Customers;
INSERT INTO "SqlQuery" ("queryId", "userId", "issuedAt", "finishedAt", "hasError", "errorMessage", "statement", "projectId", "queryTypeId")
    VALUES ('402', '2', '2023-04-13 22:04:14.763491', '2023-04-13 22:04:16.763491', 'False', 'None', 'SELECT zip_code FROM Customers', '3', '1');
INSERT INTO "QueryColumnAccess" ("queryId", "columnId")
    VALUES ('402', '9');
INSERT INTO "QueryTableAccess" ("queryId", "tableId")
    VALUES ('402', '4');
SELECT 'state' FROM Customers;
INSERT INTO "SqlQuery" ("queryId", "userId", "issuedAt", "finishedAt", "hasError", "errorMessage", "statement", "projectId", "queryTypeId")
    VALUES ('403', '2', '2023-05-21 22:04:14.763497', '2023-05-21 22:04:17.763497', 'False', 'None', 'SELECT state FROM Customers', '3', '1');
INSERT INTO "QueryColumnAccess" ("queryId", "columnId")
    VALUES ('403', '8');
INSERT INTO "QueryTableAccess" ("queryId", "tableId")
    VALUES ('403', '4');
SELECT 'author_id' FROM Authors;
INSERT INTO "SqlQuery" ("queryId", "userId", "issuedAt", "finishedAt", "hasError", "errorMessage", "statement", "projectId", "queryTypeId")
    VALUES ('404', '7', '2023-04-26 22:04:14.763503', '2023-04-26 22:04:17.763503', 'False', 'None', 'SELECT author_id FROM Authors', '3', '1');
INSERT INTO "QueryColumnAccess" ("queryId", "columnId")
    VALUES ('404', '1');
INSERT INTO "QueryTableAccess" ("queryId", "tableId")
    VALUES ('404', '2');
SELECT 'customer_id' FROM Customers;
INSERT INTO "SqlQuery" ("queryId", "userId", "issuedAt", "finishedAt", "hasError", "errorMessage", "statement", "projectId", "queryTypeId")
    VALUES ('405', '7', '2023-06-10 22:04:14.763510', '2023-06-10 22:04:18.763510', 'False', 'None', 'SELECT customer_id FROM Customers', '3', '1');
INSERT INTO "QueryColumnAccess" ("queryId", "columnId")
    VALUES ('405', '1');
INSERT INTO "QueryTableAccess" ("queryId", "tableId")
    VALUES ('405', '4');
SELECT 'shipping_address' FROM Orders;
INSERT INTO "SqlQuery" ("queryId", "userId", "issuedAt", "finishedAt", "hasError", "errorMessage", "statement", "projectId", "queryTypeId")
    VALUES ('406', '8', '2023-05-16 22:04:14.763516', '2023-05-16 22:04:15.763516', 'False', 'None', 'SELECT shipping_address FROM Orders', '3', '1');
INSERT INTO "QueryColumnAccess" ("queryId", "columnId")
    VALUES ('406', '6');
INSERT INTO "QueryTableAccess" ("queryId", "tableId")
    VALUES ('406', '5');
SELECT 'publisher_id' FROM Publishers;
INSERT INTO "SqlQuery" ("queryId", "userId", "issuedAt", "finishedAt", "hasError", "errorMessage", "statement", "projectId", "queryTypeId")
    VALUES ('407', '11', '2023-05-10 22:04:14.763522', '2023-05-10 22:04:18.763522', 'False', 'None', 'SELECT publisher_id FROM Publishers', '3', '1');
INSERT INTO "QueryColumnAccess" ("queryId", "columnId")
    VALUES ('407', '1');
INSERT INTO "QueryTableAccess" ("queryId", "tableId")
    VALUES ('407', '3');
SELECT 'website' FROM Publishers;
INSERT INTO "SqlQuery" ("queryId", "userId", "issuedAt", "finishedAt", "hasError", "errorMessage", "statement", "projectId", "queryTypeId")
    VALUES ('408', '12', '2023-05-12 22:04:14.763532', '2023-05-12 22:04:15.763532', 'False', 'None', 'SELECT website FROM Publishers', '3', '1');
INSERT INTO "QueryColumnAccess" ("queryId", "columnId")
    VALUES ('408', '5');
INSERT INTO "QueryTableAccess" ("queryId", "tableId")
    VALUES ('408', '3');
SELECT 'title' FROM Books;
INSERT INTO "SqlQuery" ("queryId", "userId", "issuedAt", "finishedAt", "hasError", "errorMessage", "statement", "projectId", "queryTypeId")
    VALUES ('409', '11', '2023-06-18 22:04:14.763538', '2023-06-18 22:04:17.763538', 'False', 'None', 'SELECT title FROM Books', '3', '1');
INSERT INTO "QueryColumnAccess" ("queryId", "columnId")
    VALUES ('409', '2');
INSERT INTO "QueryTableAccess" ("queryId", "tableId")
    VALUES ('409', '1');
SELECT 'publisher_name' FROM Publishers;
INSERT INTO "SqlQuery" ("queryId", "userId", "issuedAt", "finishedAt", "hasError", "errorMessage", "statement", "projectId", "queryTypeId")
    VALUES ('410', '2', '2023-05-26 22:04:14.763544', '2023-05-26 22:04:18.763544', 'False', 'None', 'SELECT publisher_name FROM Publishers', '3', '1');
INSERT INTO "QueryColumnAccess" ("queryId", "columnId")
    VALUES ('410', '2');
INSERT INTO "QueryTableAccess" ("queryId", "tableId")
    VALUES ('410', '3');
SELECT 'author_id' FROM Authors;
INSERT INTO "SqlQuery" ("queryId", "userId", "issuedAt", "finishedAt", "hasError", "errorMessage", "statement", "projectId", "queryTypeId")
    VALUES ('411', '4', '2023-05-02 22:04:14.763550', '2023-05-02 22:04:16.763550', 'False', 'None', 'SELECT author_id FROM Authors', '3', '1');
INSERT INTO "QueryColumnAccess" ("queryId", "columnId")
    VALUES ('411', '1');
INSERT INTO "QueryTableAccess" ("queryId", "tableId")
    VALUES ('411', '2');
SELECT 'city' FROM Customers;
INSERT INTO "SqlQuery" ("queryId", "userId", "issuedAt", "finishedAt", "hasError", "errorMessage", "statement", "projectId", "queryTypeId")
    VALUES ('412', '15', '2023-04-24 22:04:14.763557', '2023-04-24 22:04:17.763557', 'False', 'None', 'SELECT city FROM Customers', '3', '1');
INSERT INTO "QueryColumnAccess" ("queryId", "columnId")
    VALUES ('412', '7');
INSERT INTO "QueryTableAccess" ("queryId", "tableId")
    VALUES ('412', '4');
SELECT 'website' FROM Publishers;
INSERT INTO "SqlQuery" ("queryId", "userId", "issuedAt", "finishedAt", "hasError", "errorMessage", "statement", "projectId", "queryTypeId")
    VALUES ('413', '5', '2023-04-26 22:04:14.763563', '2023-04-26 22:04:18.763563', 'False', 'None', 'SELECT website FROM Publishers', '3', '1');
INSERT INTO "QueryColumnAccess" ("queryId", "columnId")
    VALUES ('413', '5');
INSERT INTO "QueryTableAccess" ("queryId", "tableId")
    VALUES ('413', '3');
SELECT 'publication_date' FROM Books;
INSERT INTO "SqlQuery" ("queryId", "userId", "issuedAt", "finishedAt", "hasError", "errorMessage", "statement", "projectId", "queryTypeId")
    VALUES ('414', '7', '2023-06-16 22:04:14.763569', '2023-06-16 22:04:18.763569', 'False', 'None', 'SELECT publication_date FROM Books', '3', '1');
INSERT INTO "QueryColumnAccess" ("queryId", "columnId")
    VALUES ('414', '4');
INSERT INTO "QueryTableAccess" ("queryId", "tableId")
    VALUES ('414', '1');
SELECT 'book_id' FROM Books;
INSERT INTO "SqlQuery" ("queryId", "userId", "issuedAt", "finishedAt", "hasError", "errorMessage", "statement", "projectId", "queryTypeId")
    VALUES ('415', '11', '2023-04-17 22:04:14.763575', '2023-04-17 22:04:16.763575', 'False', 'None', 'SELECT book_id FROM Books', '3', '1');
INSERT INTO "QueryColumnAccess" ("queryId", "columnId")
    VALUES ('415', '1');
INSERT INTO "QueryTableAccess" ("queryId", "tableId")
    VALUES ('415', '1');
SELECT 'country' FROM Authors;
INSERT INTO "SqlQuery" ("queryId", "userId", "issuedAt", "finishedAt", "hasError", "errorMessage", "statement", "projectId", "queryTypeId")
    VALUES ('416', '2', '2023-05-31 22:04:14.763581', '2023-05-31 22:04:18.763581', 'False', 'None', 'SELECT country FROM Authors', '3', '1');
INSERT INTO "QueryColumnAccess" ("queryId", "columnId")
    VALUES ('416', '5');
INSERT INTO "QueryTableAccess" ("queryId", "tableId")
    VALUES ('416', '2');
SELECT 'total_amount' FROM Orders;
INSERT INTO "SqlQuery" ("queryId", "userId", "issuedAt", "finishedAt", "hasError", "errorMessage", "statement", "projectId", "queryTypeId")
    VALUES ('417', '13', '2023-06-24 22:04:14.763588', '2023-06-24 22:04:17.763588', 'False', 'None', 'SELECT total_amount FROM Orders', '3', '1');
INSERT INTO "QueryColumnAccess" ("queryId", "columnId")
    VALUES ('417', '4');
INSERT INTO "QueryTableAccess" ("queryId", "tableId")
    VALUES ('417', '5');
SELECT 'first_name' FROM Authors;
INSERT INTO "SqlQuery" ("queryId", "userId", "issuedAt", "finishedAt", "hasError", "errorMessage", "statement", "projectId", "queryTypeId")
    VALUES ('418', '12', '2023-04-26 22:04:14.763594', '2023-04-26 22:04:18.763594', 'False', 'None', 'SELECT first_name FROM Authors', '3', '1');
INSERT INTO "QueryColumnAccess" ("queryId", "columnId")
    VALUES ('418', '2');
INSERT INTO "QueryTableAccess" ("queryId", "tableId")
    VALUES ('418', '2');
SELECT 'last_name' FROM Authors;
INSERT INTO "SqlQuery" ("queryId", "userId", "issuedAt", "finishedAt", "hasError", "errorMessage", "statement", "projectId", "queryTypeId")
    VALUES ('419', '11', '2023-05-14 22:04:14.763600', '2023-05-14 22:04:15.763600', 'False', 'None', 'SELECT last_name FROM Authors', '3', '1');
INSERT INTO "QueryColumnAccess" ("queryId", "columnId")
    VALUES ('419', '3');
INSERT INTO "QueryTableAccess" ("queryId", "tableId")
    VALUES ('419', '2');
SELECT 'order_date' FROM Orders;
INSERT INTO "SqlQuery" ("queryId", "userId", "issuedAt", "finishedAt", "hasError", "errorMessage", "statement", "projectId", "queryTypeId")
    VALUES ('420', '12', '2023-06-14 22:04:14.763606', '2023-06-14 22:04:18.763606', 'False', 'None', 'SELECT order_date FROM Orders', '3', '1');
INSERT INTO "QueryColumnAccess" ("queryId", "columnId")
    VALUES ('420', '3');
INSERT INTO "QueryTableAccess" ("queryId", "tableId")
    VALUES ('420', '5');
SELECT 'last_name' FROM Customers;
INSERT INTO "SqlQuery" ("queryId", "userId", "issuedAt", "finishedAt", "hasError", "errorMessage", "statement", "projectId", "queryTypeId")
    VALUES ('421', '10', '2023-05-18 22:04:14.763612', '2023-05-18 22:04:16.763612', 'False', 'None', 'SELECT last_name FROM Customers', '3', '1');
INSERT INTO "QueryColumnAccess" ("queryId", "columnId")
    VALUES ('421', '3');
INSERT INTO "QueryTableAccess" ("queryId", "tableId")
    VALUES ('421', '4');
SELECT 'author_id' FROM Authors;
INSERT INTO "SqlQuery" ("queryId", "userId", "issuedAt", "finishedAt", "hasError", "errorMessage", "statement", "projectId", "queryTypeId")
    VALUES ('422', '8', '2023-04-14 22:04:14.763618', '2023-04-14 22:04:15.763618', 'False', 'None', 'SELECT author_id FROM Authors', '3', '1');
INSERT INTO "QueryColumnAccess" ("queryId", "columnId")
    VALUES ('422', '1');
INSERT INTO "QueryTableAccess" ("queryId", "tableId")
    VALUES ('422', '2');
SELECT 'shipping_city' FROM Orders;
INSERT INTO "SqlQuery" ("queryId", "userId", "issuedAt", "finishedAt", "hasError", "errorMessage", "statement", "projectId", "queryTypeId")
    VALUES ('423', '4', '2023-04-20 22:04:14.763624', '2023-04-20 22:04:17.763624', 'False', 'None', 'SELECT shipping_city FROM Orders', '3', '1');
INSERT INTO "QueryColumnAccess" ("queryId", "columnId")
    VALUES ('423', '7');
INSERT INTO "QueryTableAccess" ("queryId", "tableId")
    VALUES ('423', '5');
SELECT 'shipping_city' FROM Orders;
INSERT INTO "SqlQuery" ("queryId", "userId", "issuedAt", "finishedAt", "hasError", "errorMessage", "statement", "projectId", "queryTypeId")
    VALUES ('424', '4', '2023-06-12 22:04:14.763631', '2023-06-12 22:04:18.763631', 'False', 'None', 'SELECT shipping_city FROM Orders', '3', '1');
INSERT INTO "QueryColumnAccess" ("queryId", "columnId")
    VALUES ('424', '7');
INSERT INTO "QueryTableAccess" ("queryId", "tableId")
    VALUES ('424', '5');
SELECT 'last_name' FROM Authors;
INSERT INTO "SqlQuery" ("queryId", "userId", "issuedAt", "finishedAt", "hasError", "errorMessage", "statement", "projectId", "queryTypeId")
    VALUES ('425', '3', '2023-06-11 22:04:14.763644', '2023-06-11 22:04:15.763644', 'False', 'None', 'SELECT last_name FROM Authors', '3', '1');
INSERT INTO "QueryColumnAccess" ("queryId", "columnId")
    VALUES ('425', '3');
INSERT INTO "QueryTableAccess" ("queryId", "tableId")
    VALUES ('425', '2');
SELECT 'total_amount' FROM Orders;
INSERT INTO "SqlQuery" ("queryId", "userId", "issuedAt", "finishedAt", "hasError", "errorMessage", "statement", "projectId", "queryTypeId")
    VALUES ('426', '13', '2023-05-13 22:04:14.763650', '2023-05-13 22:04:18.763650', 'False', 'None', 'SELECT total_amount FROM Orders', '3', '1');
INSERT INTO "QueryColumnAccess" ("queryId", "columnId")
    VALUES ('426', '4');
INSERT INTO "QueryTableAccess" ("queryId", "tableId")
    VALUES ('426', '5');
SELECT 'customer_id' FROM Customers;
INSERT INTO "SqlQuery" ("queryId", "userId", "issuedAt", "finishedAt", "hasError", "errorMessage", "statement", "projectId", "queryTypeId")
    VALUES ('427', '6', '2023-04-21 22:04:14.763657', '2023-04-21 22:04:16.763657', 'False', 'None', 'SELECT customer_id FROM Customers', '3', '1');
INSERT INTO "QueryColumnAccess" ("queryId", "columnId")
    VALUES ('427', '1');
INSERT INTO "QueryTableAccess" ("queryId", "tableId")
    VALUES ('427', '4');
SELECT 'established_date' FROM Publishers;
INSERT INTO "SqlQuery" ("queryId", "userId", "issuedAt", "finishedAt", "hasError", "errorMessage", "statement", "projectId", "queryTypeId")
    VALUES ('428', '4', '2023-04-11 22:04:14.763663', '2023-04-11 22:04:17.763663', 'False', 'None', 'SELECT established_date FROM Publishers', '3', '1');
INSERT INTO "QueryColumnAccess" ("queryId", "columnId")
    VALUES ('428', '3');
INSERT INTO "QueryTableAccess" ("queryId", "tableId")
    VALUES ('428', '3');
SELECT 'order_date' FROM Orders;
INSERT INTO "SqlQuery" ("queryId", "userId", "issuedAt", "finishedAt", "hasError", "errorMessage", "statement", "projectId", "queryTypeId")
    VALUES ('429', '4', '2023-06-12 22:04:14.763670', '2023-06-12 22:04:15.763670', 'False', 'None', 'SELECT order_date FROM Orders', '3', '1');
INSERT INTO "QueryColumnAccess" ("queryId", "columnId")
    VALUES ('429', '3');
INSERT INTO "QueryTableAccess" ("queryId", "tableId")
    VALUES ('429', '5');
SELECT 'shipping_state' FROM Orders;
INSERT INTO "SqlQuery" ("queryId", "userId", "issuedAt", "finishedAt", "hasError", "errorMessage", "statement", "projectId", "queryTypeId")
    VALUES ('430', '7', '2023-06-26 22:04:14.763676', '2023-06-26 22:04:16.763676', 'False', 'None', 'SELECT shipping_state FROM Orders', '3', '1');
INSERT INTO "QueryColumnAccess" ("queryId", "columnId")
    VALUES ('430', '8');
INSERT INTO "QueryTableAccess" ("queryId", "tableId")
    VALUES ('430', '5');
SELECT 'website' FROM Publishers;
INSERT INTO "SqlQuery" ("queryId", "userId", "issuedAt", "finishedAt", "hasError", "errorMessage", "statement", "projectId", "queryTypeId")
    VALUES ('431', '5', '2023-05-01 22:04:14.763682', '2023-05-01 22:04:17.763682', 'False', 'None', 'SELECT website FROM Publishers', '3', '1');
INSERT INTO "QueryColumnAccess" ("queryId", "columnId")
    VALUES ('431', '5');
INSERT INTO "QueryTableAccess" ("queryId", "tableId")
    VALUES ('431', '3');
SELECT 'category_id' FROM Books;
INSERT INTO "SqlQuery" ("queryId", "userId", "issuedAt", "finishedAt", "hasError", "errorMessage", "statement", "projectId", "queryTypeId")
    VALUES ('432', '6', '2023-07-03 22:04:14.763688', '2023-07-03 22:04:18.763688', 'False', 'None', 'SELECT category_id FROM Books', '3', '1');
INSERT INTO "QueryColumnAccess" ("queryId", "columnId")
    VALUES ('432', '7');
INSERT INTO "QueryTableAccess" ("queryId", "tableId")
    VALUES ('432', '1');
SELECT 'customer_id' FROM Customers;
INSERT INTO "SqlQuery" ("queryId", "userId", "issuedAt", "finishedAt", "hasError", "errorMessage", "statement", "projectId", "queryTypeId")
    VALUES ('433', '2', '2023-06-03 22:04:14.763695', '2023-06-03 22:04:18.763695', 'False', 'None', 'SELECT customer_id FROM Customers', '3', '1');
INSERT INTO "QueryColumnAccess" ("queryId", "columnId")
    VALUES ('433', '1');
INSERT INTO "QueryTableAccess" ("queryId", "tableId")
    VALUES ('433', '4');
SELECT 'birth_date' FROM Authors;
INSERT INTO "SqlQuery" ("queryId", "userId", "issuedAt", "finishedAt", "hasError", "errorMessage", "statement", "projectId", "queryTypeId")
    VALUES ('434', '6', '2023-05-05 22:04:14.763702', '2023-05-05 22:04:17.763702', 'False', 'None', 'SELECT birth_date FROM Authors', '3', '1');
INSERT INTO "QueryColumnAccess" ("queryId", "columnId")
    VALUES ('434', '4');
INSERT INTO "QueryTableAccess" ("queryId", "tableId")
    VALUES ('434', '2');
SELECT 'title' FROM Books;
INSERT INTO "SqlQuery" ("queryId", "userId", "issuedAt", "finishedAt", "hasError", "errorMessage", "statement", "projectId", "queryTypeId")
    VALUES ('435', '6', '2023-05-29 22:04:14.763708', '2023-05-29 22:04:18.763708', 'False', 'None', 'SELECT title FROM Books', '3', '1');
INSERT INTO "QueryColumnAccess" ("queryId", "columnId")
    VALUES ('435', '2');
INSERT INTO "QueryTableAccess" ("queryId", "tableId")
    VALUES ('435', '1');
SELECT 'country' FROM Authors;
INSERT INTO "SqlQuery" ("queryId", "userId", "issuedAt", "finishedAt", "hasError", "errorMessage", "statement", "projectId", "queryTypeId")
    VALUES ('436', '9', '2023-04-26 22:04:14.763714', '2023-04-26 22:04:18.763714', 'False', 'None', 'SELECT country FROM Authors', '3', '1');
INSERT INTO "QueryColumnAccess" ("queryId", "columnId")
    VALUES ('436', '5');
INSERT INTO "QueryTableAccess" ("queryId", "tableId")
    VALUES ('436', '2');
SELECT 'publisher_id' FROM Publishers;
INSERT INTO "SqlQuery" ("queryId", "userId", "issuedAt", "finishedAt", "hasError", "errorMessage", "statement", "projectId", "queryTypeId")
    VALUES ('437', '7', '2023-06-25 22:04:14.763720', '2023-06-25 22:04:18.763720', 'False', 'None', 'SELECT publisher_id FROM Publishers', '3', '1');
INSERT INTO "QueryColumnAccess" ("queryId", "columnId")
    VALUES ('437', '1');
INSERT INTO "QueryTableAccess" ("queryId", "tableId")
    VALUES ('437', '3');
SELECT 'customer_id' FROM Customers;
INSERT INTO "SqlQuery" ("queryId", "userId", "issuedAt", "finishedAt", "hasError", "errorMessage", "statement", "projectId", "queryTypeId")
    VALUES ('438', '6', '2023-05-19 22:04:14.763726', '2023-05-19 22:04:16.763726', 'False', 'None', 'SELECT customer_id FROM Customers', '3', '1');
INSERT INTO "QueryColumnAccess" ("queryId", "columnId")
    VALUES ('438', '1');
INSERT INTO "QueryTableAccess" ("queryId", "tableId")
    VALUES ('438', '4');
SELECT 'phone_number' FROM Customers;
INSERT INTO "SqlQuery" ("queryId", "userId", "issuedAt", "finishedAt", "hasError", "errorMessage", "statement", "projectId", "queryTypeId")
    VALUES ('439', '5', '2023-05-15 22:04:14.763732', '2023-05-15 22:04:15.763732', 'False', 'None', 'SELECT phone_number FROM Customers', '3', '1');
INSERT INTO "QueryColumnAccess" ("queryId", "columnId")
    VALUES ('439', '5');
INSERT INTO "QueryTableAccess" ("queryId", "tableId")
    VALUES ('439', '4');
SELECT 'website' FROM Publishers;
INSERT INTO "SqlQuery" ("queryId", "userId", "issuedAt", "finishedAt", "hasError", "errorMessage", "statement", "projectId", "queryTypeId")
    VALUES ('440', '6', '2023-05-17 22:04:14.763739', '2023-05-17 22:04:18.763739', 'False', 'None', 'SELECT website FROM Publishers', '3', '1');
INSERT INTO "QueryColumnAccess" ("queryId", "columnId")
    VALUES ('440', '5');
INSERT INTO "QueryTableAccess" ("queryId", "tableId")
    VALUES ('440', '3');
SELECT 'established_date' FROM Publishers;
INSERT INTO "SqlQuery" ("queryId", "userId", "issuedAt", "finishedAt", "hasError", "errorMessage", "statement", "projectId", "queryTypeId")
    VALUES ('441', '15', '2023-05-15 22:04:14.763752', '2023-05-15 22:04:17.763752', 'False', 'None', 'SELECT established_date FROM Publishers', '3', '1');
INSERT INTO "QueryColumnAccess" ("queryId", "columnId")
    VALUES ('441', '3');
INSERT INTO "QueryTableAccess" ("queryId", "tableId")
    VALUES ('441', '3');
SELECT 'status' FROM Orders;
INSERT INTO "SqlQuery" ("queryId", "userId", "issuedAt", "finishedAt", "hasError", "errorMessage", "statement", "projectId", "queryTypeId")
    VALUES ('442', '10', '2023-05-17 22:04:14.763759', '2023-05-17 22:04:16.763759', 'False', 'None', 'SELECT status FROM Orders', '3', '1');
INSERT INTO "QueryColumnAccess" ("queryId", "columnId")
    VALUES ('442', '5');
INSERT INTO "QueryTableAccess" ("queryId", "tableId")
    VALUES ('442', '5');
SELECT 'publisher_name' FROM Publishers;
INSERT INTO "SqlQuery" ("queryId", "userId", "issuedAt", "finishedAt", "hasError", "errorMessage", "statement", "projectId", "queryTypeId")
    VALUES ('443', '14', '2023-06-11 22:04:14.763766', '2023-06-11 22:04:15.763766', 'False', 'None', 'SELECT publisher_name FROM Publishers', '3', '1');
INSERT INTO "QueryColumnAccess" ("queryId", "columnId")
    VALUES ('443', '2');
INSERT INTO "QueryTableAccess" ("queryId", "tableId")
    VALUES ('443', '3');
SELECT 'shipping_address' FROM Orders;
INSERT INTO "SqlQuery" ("queryId", "userId", "issuedAt", "finishedAt", "hasError", "errorMessage", "statement", "projectId", "queryTypeId")
    VALUES ('444', '9', '2023-07-04 22:04:14.763771', '2023-07-04 22:04:16.763771', 'False', 'None', 'SELECT shipping_address FROM Orders', '3', '1');
INSERT INTO "QueryColumnAccess" ("queryId", "columnId")
    VALUES ('444', '6');
INSERT INTO "QueryTableAccess" ("queryId", "tableId")
    VALUES ('444', '5');
SELECT 'phone_number' FROM Customers;
INSERT INTO "SqlQuery" ("queryId", "userId", "issuedAt", "finishedAt", "hasError", "errorMessage", "statement", "projectId", "queryTypeId")
    VALUES ('445', '3', '2023-07-03 22:04:14.763778', '2023-07-03 22:04:17.763778', 'False', 'None', 'SELECT phone_number FROM Customers', '3', '1');
INSERT INTO "QueryColumnAccess" ("queryId", "columnId")
    VALUES ('445', '5');
INSERT INTO "QueryTableAccess" ("queryId", "tableId")
    VALUES ('445', '4');
SELECT 'order_id' FROM Orders;
INSERT INTO "SqlQuery" ("queryId", "userId", "issuedAt", "finishedAt", "hasError", "errorMessage", "statement", "projectId", "queryTypeId")
    VALUES ('446', '8', '2023-06-18 22:04:14.763784', '2023-06-18 22:04:16.763784', 'False', 'None', 'SELECT order_id FROM Orders', '3', '1');
INSERT INTO "QueryColumnAccess" ("queryId", "columnId")
    VALUES ('446', '1');
INSERT INTO "QueryTableAccess" ("queryId", "tableId")
    VALUES ('446', '5');
SELECT 'author_id' FROM Authors;
INSERT INTO "SqlQuery" ("queryId", "userId", "issuedAt", "finishedAt", "hasError", "errorMessage", "statement", "projectId", "queryTypeId")
    VALUES ('447', '10', '2023-07-03 22:04:14.763790', '2023-07-03 22:04:17.763790', 'False', 'None', 'SELECT author_id FROM Authors', '3', '1');
INSERT INTO "QueryColumnAccess" ("queryId", "columnId")
    VALUES ('447', '1');
INSERT INTO "QueryTableAccess" ("queryId", "tableId")
    VALUES ('447', '2');
SELECT 'country' FROM Customers;
INSERT INTO "SqlQuery" ("queryId", "userId", "issuedAt", "finishedAt", "hasError", "errorMessage", "statement", "projectId", "queryTypeId")
    VALUES ('448', '10', '2023-06-04 22:04:14.763796', '2023-06-04 22:04:17.763796', 'False', 'None', 'SELECT country FROM Customers', '3', '1');
INSERT INTO "QueryColumnAccess" ("queryId", "columnId")
    VALUES ('448', '10');
INSERT INTO "QueryTableAccess" ("queryId", "tableId")
    VALUES ('448', '4');
SELECT 'book_id' FROM Books;
INSERT INTO "SqlQuery" ("queryId", "userId", "issuedAt", "finishedAt", "hasError", "errorMessage", "statement", "projectId", "queryTypeId")
    VALUES ('449', '11', '2023-05-30 22:04:14.763803', '2023-05-30 22:04:16.763803', 'False', 'None', 'SELECT book_id FROM Books', '3', '1');
INSERT INTO "QueryColumnAccess" ("queryId", "columnId")
    VALUES ('449', '1');
INSERT INTO "QueryTableAccess" ("queryId", "tableId")
    VALUES ('449', '1');
SELECT 'order_id' FROM Orders;
INSERT INTO "SqlQuery" ("queryId", "userId", "issuedAt", "finishedAt", "hasError", "errorMessage", "statement", "projectId", "queryTypeId")
    VALUES ('450', '8', '2023-05-20 22:04:14.763809', '2023-05-20 22:04:17.763809', 'False', 'None', 'SELECT order_id FROM Orders', '3', '1');
INSERT INTO "QueryColumnAccess" ("queryId", "columnId")
    VALUES ('450', '1');
INSERT INTO "QueryTableAccess" ("queryId", "tableId")
    VALUES ('450', '5');
SELECT 'book_id' FROM Books;
INSERT INTO "SqlQuery" ("queryId", "userId", "issuedAt", "finishedAt", "hasError", "errorMessage", "statement", "projectId", "queryTypeId")
    VALUES ('451', '13', '2023-05-11 22:04:14.763815', '2023-05-11 22:04:16.763815', 'False', 'None', 'SELECT book_id FROM Books', '3', '1');
INSERT INTO "QueryColumnAccess" ("queryId", "columnId")
    VALUES ('451', '1');
INSERT INTO "QueryTableAccess" ("queryId", "tableId")
    VALUES ('451', '1');
SELECT 'last_name' FROM Customers;
INSERT INTO "SqlQuery" ("queryId", "userId", "issuedAt", "finishedAt", "hasError", "errorMessage", "statement", "projectId", "queryTypeId")
    VALUES ('452', '6', '2023-05-28 22:04:14.763821', '2023-05-28 22:04:17.763821', 'False', 'None', 'SELECT last_name FROM Customers', '3', '1');
INSERT INTO "QueryColumnAccess" ("queryId", "columnId")
    VALUES ('452', '3');
INSERT INTO "QueryTableAccess" ("queryId", "tableId")
    VALUES ('452', '4');
SELECT 'author_id' FROM Authors;
INSERT INTO "SqlQuery" ("queryId", "userId", "issuedAt", "finishedAt", "hasError", "errorMessage", "statement", "projectId", "queryTypeId")
    VALUES ('453', '6', '2023-05-08 22:04:14.763827', '2023-05-08 22:04:15.763827', 'False', 'None', 'SELECT author_id FROM Authors', '3', '1');
INSERT INTO "QueryColumnAccess" ("queryId", "columnId")
    VALUES ('453', '1');
INSERT INTO "QueryTableAccess" ("queryId", "tableId")
    VALUES ('453', '2');
SELECT 'publication_date' FROM Books;
INSERT INTO "SqlQuery" ("queryId", "userId", "issuedAt", "finishedAt", "hasError", "errorMessage", "statement", "projectId", "queryTypeId")
    VALUES ('454', '4', '2023-07-09 22:04:14.763833', '2023-07-09 22:04:18.763833', 'False', 'None', 'SELECT publication_date FROM Books', '3', '1');
INSERT INTO "QueryColumnAccess" ("queryId", "columnId")
    VALUES ('454', '4');
INSERT INTO "QueryTableAccess" ("queryId", "tableId")
    VALUES ('454', '1');
SELECT 'last_name' FROM Authors;
INSERT INTO "SqlQuery" ("queryId", "userId", "issuedAt", "finishedAt", "hasError", "errorMessage", "statement", "projectId", "queryTypeId")
    VALUES ('455', '9', '2023-04-23 22:04:14.763839', '2023-04-23 22:04:18.763839', 'False', 'None', 'SELECT last_name FROM Authors', '3', '1');
INSERT INTO "QueryColumnAccess" ("queryId", "columnId")
    VALUES ('455', '3');
INSERT INTO "QueryTableAccess" ("queryId", "tableId")
    VALUES ('455', '2');
SELECT 'category_id' FROM Books;
INSERT INTO "SqlQuery" ("queryId", "userId", "issuedAt", "finishedAt", "hasError", "errorMessage", "statement", "projectId", "queryTypeId")
    VALUES ('456', '8', '2023-04-27 22:04:14.763846', '2023-04-27 22:04:16.763846', 'False', 'None', 'SELECT category_id FROM Books', '3', '1');
INSERT INTO "QueryColumnAccess" ("queryId", "columnId")
    VALUES ('456', '7');
INSERT INTO "QueryTableAccess" ("queryId", "tableId")
    VALUES ('456', '1');
SELECT 'phone_number' FROM Customers;
INSERT INTO "SqlQuery" ("queryId", "userId", "issuedAt", "finishedAt", "hasError", "errorMessage", "statement", "projectId", "queryTypeId")
    VALUES ('457', '14', '2023-05-10 22:04:14.763852', '2023-05-10 22:04:16.763852', 'False', 'None', 'SELECT phone_number FROM Customers', '3', '1');
INSERT INTO "QueryColumnAccess" ("queryId", "columnId")
    VALUES ('457', '5');
INSERT INTO "QueryTableAccess" ("queryId", "tableId")
    VALUES ('457', '4');
SELECT 'last_name' FROM Authors;
INSERT INTO "SqlQuery" ("queryId", "userId", "issuedAt", "finishedAt", "hasError", "errorMessage", "statement", "projectId", "queryTypeId")
    VALUES ('458', '11', '2023-04-16 22:04:14.763864', '2023-04-16 22:04:16.763864', 'False', 'None', 'SELECT last_name FROM Authors', '3', '1');
INSERT INTO "QueryColumnAccess" ("queryId", "columnId")
    VALUES ('458', '3');
INSERT INTO "QueryTableAccess" ("queryId", "tableId")
    VALUES ('458', '2');
SELECT 'shipping_state' FROM Orders;
INSERT INTO "SqlQuery" ("queryId", "userId", "issuedAt", "finishedAt", "hasError", "errorMessage", "statement", "projectId", "queryTypeId")
    VALUES ('459', '6', '2023-06-05 22:04:14.763871', '2023-06-05 22:04:17.763871', 'False', 'None', 'SELECT shipping_state FROM Orders', '3', '1');
INSERT INTO "QueryColumnAccess" ("queryId", "columnId")
    VALUES ('459', '8');
INSERT INTO "QueryTableAccess" ("queryId", "tableId")
    VALUES ('459', '5');
SELECT 'last_name' FROM Authors;
INSERT INTO "SqlQuery" ("queryId", "userId", "issuedAt", "finishedAt", "hasError", "errorMessage", "statement", "projectId", "queryTypeId")
    VALUES ('460', '9', '2023-06-30 22:04:14.763877', '2023-06-30 22:04:17.763877', 'False', 'None', 'SELECT last_name FROM Authors', '3', '1');
INSERT INTO "QueryColumnAccess" ("queryId", "columnId")
    VALUES ('460', '3');
INSERT INTO "QueryTableAccess" ("queryId", "tableId")
    VALUES ('460', '2');
SELECT 'last_name' FROM Authors;
INSERT INTO "SqlQuery" ("queryId", "userId", "issuedAt", "finishedAt", "hasError", "errorMessage", "statement", "projectId", "queryTypeId")
    VALUES ('461', '12', '2023-05-06 22:04:14.763883', '2023-05-06 22:04:16.763883', 'False', 'None', 'SELECT last_name FROM Authors', '3', '1');
INSERT INTO "QueryColumnAccess" ("queryId", "columnId")
    VALUES ('461', '3');
INSERT INTO "QueryTableAccess" ("queryId", "tableId")
    VALUES ('461', '2');
SELECT 'established_date' FROM Publishers;
INSERT INTO "SqlQuery" ("queryId", "userId", "issuedAt", "finishedAt", "hasError", "errorMessage", "statement", "projectId", "queryTypeId")
    VALUES ('462', '3', '2023-05-12 22:04:14.763889', '2023-05-12 22:04:15.763889', 'False', 'None', 'SELECT established_date FROM Publishers', '3', '1');
INSERT INTO "QueryColumnAccess" ("queryId", "columnId")
    VALUES ('462', '3');
INSERT INTO "QueryTableAccess" ("queryId", "tableId")
    VALUES ('462', '3');
SELECT 'book_id' FROM Books;
INSERT INTO "SqlQuery" ("queryId", "userId", "issuedAt", "finishedAt", "hasError", "errorMessage", "statement", "projectId", "queryTypeId")
    VALUES ('463', '11', '2023-05-08 22:04:14.763896', '2023-05-08 22:04:18.763896', 'False', 'None', 'SELECT book_id FROM Books', '3', '1');
INSERT INTO "QueryColumnAccess" ("queryId", "columnId")
    VALUES ('463', '1');
INSERT INTO "QueryTableAccess" ("queryId", "tableId")
    VALUES ('463', '1');
SELECT 'last_name' FROM Authors;
INSERT INTO "SqlQuery" ("queryId", "userId", "issuedAt", "finishedAt", "hasError", "errorMessage", "statement", "projectId", "queryTypeId")
    VALUES ('464', '10', '2023-06-07 22:04:14.763902', '2023-06-07 22:04:15.763902', 'False', 'None', 'SELECT last_name FROM Authors', '3', '1');
INSERT INTO "QueryColumnAccess" ("queryId", "columnId")
    VALUES ('464', '3');
INSERT INTO "QueryTableAccess" ("queryId", "tableId")
    VALUES ('464', '2');
SELECT 'country' FROM Publishers;
INSERT INTO "SqlQuery" ("queryId", "userId", "issuedAt", "finishedAt", "hasError", "errorMessage", "statement", "projectId", "queryTypeId")
    VALUES ('465', '12', '2023-07-08 22:04:14.763908', '2023-07-08 22:04:16.763908', 'False', 'None', 'SELECT country FROM Publishers', '3', '1');
INSERT INTO "QueryColumnAccess" ("queryId", "columnId")
    VALUES ('465', '4');
INSERT INTO "QueryTableAccess" ("queryId", "tableId")
    VALUES ('465', '3');
SELECT 'shipping_zip_code' FROM Orders;
INSERT INTO "SqlQuery" ("queryId", "userId", "issuedAt", "finishedAt", "hasError", "errorMessage", "statement", "projectId", "queryTypeId")
    VALUES ('466', '10', '2023-07-10 22:04:14.763914', '2023-07-10 22:04:16.763914', 'False', 'None', 'SELECT shipping_zip_code FROM Orders', '3', '1');
INSERT INTO "QueryColumnAccess" ("queryId", "columnId")
    VALUES ('466', '9');
INSERT INTO "QueryTableAccess" ("queryId", "tableId")
    VALUES ('466', '5');
SELECT 'shipping_zip_code' FROM Orders;
INSERT INTO "SqlQuery" ("queryId", "userId", "issuedAt", "finishedAt", "hasError", "errorMessage", "statement", "projectId", "queryTypeId")
    VALUES ('467', '11', '2023-04-24 22:04:14.763921', '2023-04-24 22:04:15.763921', 'False', 'None', 'SELECT shipping_zip_code FROM Orders', '3', '1');
INSERT INTO "QueryColumnAccess" ("queryId", "columnId")
    VALUES ('467', '9');
INSERT INTO "QueryTableAccess" ("queryId", "tableId")
    VALUES ('467', '5');
SELECT 'publisher' FROM Books;
INSERT INTO "SqlQuery" ("queryId", "userId", "issuedAt", "finishedAt", "hasError", "errorMessage", "statement", "projectId", "queryTypeId")
    VALUES ('468', '6', '2023-07-06 22:04:14.763927', '2023-07-06 22:04:17.763927', 'False', 'None', 'SELECT publisher FROM Books', '3', '1');
INSERT INTO "QueryColumnAccess" ("queryId", "columnId")
    VALUES ('468', '5');
INSERT INTO "QueryTableAccess" ("queryId", "tableId")
    VALUES ('468', '1');
SELECT 'birth_date' FROM Authors;
INSERT INTO "SqlQuery" ("queryId", "userId", "issuedAt", "finishedAt", "hasError", "errorMessage", "statement", "projectId", "queryTypeId")
    VALUES ('469', '8', '2023-05-18 22:04:14.763933', '2023-05-18 22:04:15.763933', 'False', 'None', 'SELECT birth_date FROM Authors', '3', '1');
INSERT INTO "QueryColumnAccess" ("queryId", "columnId")
    VALUES ('469', '4');
INSERT INTO "QueryTableAccess" ("queryId", "tableId")
    VALUES ('469', '2');
SELECT 'total_amount' FROM Orders;
INSERT INTO "SqlQuery" ("queryId", "userId", "issuedAt", "finishedAt", "hasError", "errorMessage", "statement", "projectId", "queryTypeId")
    VALUES ('470', '5', '2023-05-24 22:04:14.763939', '2023-05-24 22:04:16.763939', 'False', 'None', 'SELECT total_amount FROM Orders', '3', '1');
INSERT INTO "QueryColumnAccess" ("queryId", "columnId")
    VALUES ('470', '4');
INSERT INTO "QueryTableAccess" ("queryId", "tableId")
    VALUES ('470', '5');
SELECT 'author_id' FROM Authors;
INSERT INTO "SqlQuery" ("queryId", "userId", "issuedAt", "finishedAt", "hasError", "errorMessage", "statement", "projectId", "queryTypeId")
    VALUES ('471', '4', '2023-06-03 22:04:14.763945', '2023-06-03 22:04:17.763945', 'False', 'None', 'SELECT author_id FROM Authors', '3', '1');
INSERT INTO "QueryColumnAccess" ("queryId", "columnId")
    VALUES ('471', '1');
INSERT INTO "QueryTableAccess" ("queryId", "tableId")
    VALUES ('471', '2');
SELECT 'customer_id' FROM Orders;
INSERT INTO "SqlQuery" ("queryId", "userId", "issuedAt", "finishedAt", "hasError", "errorMessage", "statement", "projectId", "queryTypeId")
    VALUES ('472', '2', '2023-05-08 22:04:14.763952', '2023-05-08 22:04:15.763952', 'False', 'None', 'SELECT customer_id FROM Orders', '3', '1');
INSERT INTO "QueryColumnAccess" ("queryId", "columnId")
    VALUES ('472', '2');
INSERT INTO "QueryTableAccess" ("queryId", "tableId")
    VALUES ('472', '5');
SELECT 'established_date' FROM Publishers;
INSERT INTO "SqlQuery" ("queryId", "userId", "issuedAt", "finishedAt", "hasError", "errorMessage", "statement", "projectId", "queryTypeId")
    VALUES ('473', '7', '2023-05-28 22:04:14.763958', '2023-05-28 22:04:16.763958', 'False', 'None', 'SELECT established_date FROM Publishers', '3', '1');
INSERT INTO "QueryColumnAccess" ("queryId", "columnId")
    VALUES ('473', '3');
INSERT INTO "QueryTableAccess" ("queryId", "tableId")
    VALUES ('473', '3');
SELECT 'publisher' FROM Books;
INSERT INTO "SqlQuery" ("queryId", "userId", "issuedAt", "finishedAt", "hasError", "errorMessage", "statement", "projectId", "queryTypeId")
    VALUES ('474', '10', '2023-06-28 22:04:14.763964', '2023-06-28 22:04:16.763964', 'False', 'None', 'SELECT publisher FROM Books', '3', '1');
INSERT INTO "QueryColumnAccess" ("queryId", "columnId")
    VALUES ('474', '5');
INSERT INTO "QueryTableAccess" ("queryId", "tableId")
    VALUES ('474', '1');
SELECT 'shipping_country' FROM Orders;
INSERT INTO "SqlQuery" ("queryId", "userId", "issuedAt", "finishedAt", "hasError", "errorMessage", "statement", "projectId", "queryTypeId")
    VALUES ('475', '9', '2023-05-25 22:04:14.763974', '2023-05-25 22:04:17.763974', 'False', 'None', 'SELECT shipping_country FROM Orders', '3', '1');
INSERT INTO "QueryColumnAccess" ("queryId", "columnId")
    VALUES ('475', '10');
INSERT INTO "QueryTableAccess" ("queryId", "tableId")
    VALUES ('475', '5');
SELECT 'title' FROM Books;
INSERT INTO "SqlQuery" ("queryId", "userId", "issuedAt", "finishedAt", "hasError", "errorMessage", "statement", "projectId", "queryTypeId")
    VALUES ('476', '6', '2023-05-08 22:04:14.763981', '2023-05-08 22:04:15.763981', 'False', 'None', 'SELECT title FROM Books', '3', '1');
INSERT INTO "QueryColumnAccess" ("queryId", "columnId")
    VALUES ('476', '2');
INSERT INTO "QueryTableAccess" ("queryId", "tableId")
    VALUES ('476', '1');
SELECT 'address' FROM Customers;
INSERT INTO "SqlQuery" ("queryId", "userId", "issuedAt", "finishedAt", "hasError", "errorMessage", "statement", "projectId", "queryTypeId")
    VALUES ('477', '14', '2023-07-03 22:04:14.763987', '2023-07-03 22:04:17.763987', 'False', 'None', 'SELECT address FROM Customers', '3', '1');
INSERT INTO "QueryColumnAccess" ("queryId", "columnId")
    VALUES ('477', '6');
INSERT INTO "QueryTableAccess" ("queryId", "tableId")
    VALUES ('477', '4');
SELECT 'customer_id' FROM Customers;
INSERT INTO "SqlQuery" ("queryId", "userId", "issuedAt", "finishedAt", "hasError", "errorMessage", "statement", "projectId", "queryTypeId")
    VALUES ('478', '7', '2023-05-02 22:04:14.763993', '2023-05-02 22:04:16.763993', 'False', 'None', 'SELECT customer_id FROM Customers', '3', '1');
INSERT INTO "QueryColumnAccess" ("queryId", "columnId")
    VALUES ('478', '1');
INSERT INTO "QueryTableAccess" ("queryId", "tableId")
    VALUES ('478', '4');
SELECT 'zip_code' FROM Customers;
INSERT INTO "SqlQuery" ("queryId", "userId", "issuedAt", "finishedAt", "hasError", "errorMessage", "statement", "projectId", "queryTypeId")
    VALUES ('479', '2', '2023-05-11 22:04:14.764000', '2023-05-11 22:04:17.764000', 'False', 'None', 'SELECT zip_code FROM Customers', '3', '1');
INSERT INTO "QueryColumnAccess" ("queryId", "columnId")
    VALUES ('479', '9');
INSERT INTO "QueryTableAccess" ("queryId", "tableId")
    VALUES ('479', '4');
SELECT 'first_name' FROM Authors;
INSERT INTO "SqlQuery" ("queryId", "userId", "issuedAt", "finishedAt", "hasError", "errorMessage", "statement", "projectId", "queryTypeId")
    VALUES ('480', '2', '2023-07-06 22:04:14.764006', '2023-07-06 22:04:15.764006', 'False', 'None', 'SELECT first_name FROM Authors', '3', '1');
INSERT INTO "QueryColumnAccess" ("queryId", "columnId")
    VALUES ('480', '2');
INSERT INTO "QueryTableAccess" ("queryId", "tableId")
    VALUES ('480', '2');
SELECT 'first_name' FROM Authors;
INSERT INTO "SqlQuery" ("queryId", "userId", "issuedAt", "finishedAt", "hasError", "errorMessage", "statement", "projectId", "queryTypeId")
    VALUES ('481', '13', '2023-05-14 22:04:14.764012', '2023-05-14 22:04:16.764012', 'False', 'None', 'SELECT first_name FROM Authors', '3', '1');
INSERT INTO "QueryColumnAccess" ("queryId", "columnId")
    VALUES ('481', '2');
INSERT INTO "QueryTableAccess" ("queryId", "tableId")
    VALUES ('481', '2');
SELECT 'shipping_country' FROM Orders;
INSERT INTO "SqlQuery" ("queryId", "userId", "issuedAt", "finishedAt", "hasError", "errorMessage", "statement", "projectId", "queryTypeId")
    VALUES ('482', '7', '2023-07-05 22:04:14.764018', '2023-07-05 22:04:15.764018', 'False', 'None', 'SELECT shipping_country FROM Orders', '3', '1');
INSERT INTO "QueryColumnAccess" ("queryId", "columnId")
    VALUES ('482', '10');
INSERT INTO "QueryTableAccess" ("queryId", "tableId")
    VALUES ('482', '5');
SELECT 'publisher_name' FROM Publishers;
INSERT INTO "SqlQuery" ("queryId", "userId", "issuedAt", "finishedAt", "hasError", "errorMessage", "statement", "projectId", "queryTypeId")
    VALUES ('483', '2', '2023-06-24 22:04:14.764024', '2023-06-24 22:04:18.764024', 'False', 'None', 'SELECT publisher_name FROM Publishers', '3', '1');
INSERT INTO "QueryColumnAccess" ("queryId", "columnId")
    VALUES ('483', '2');
INSERT INTO "QueryTableAccess" ("queryId", "tableId")
    VALUES ('483', '3');
SELECT 'country' FROM Publishers;
INSERT INTO "SqlQuery" ("queryId", "userId", "issuedAt", "finishedAt", "hasError", "errorMessage", "statement", "projectId", "queryTypeId")
    VALUES ('484', '4', '2023-05-19 22:04:14.764031', '2023-05-19 22:04:17.764031', 'False', 'None', 'SELECT country FROM Publishers', '3', '1');
INSERT INTO "QueryColumnAccess" ("queryId", "columnId")
    VALUES ('484', '4');
INSERT INTO "QueryTableAccess" ("queryId", "tableId")
    VALUES ('484', '3');
SELECT 'publisher' FROM Books;
INSERT INTO "SqlQuery" ("queryId", "userId", "issuedAt", "finishedAt", "hasError", "errorMessage", "statement", "projectId", "queryTypeId")
    VALUES ('485', '4', '2023-05-07 22:04:14.764037', '2023-05-07 22:04:17.764037', 'False', 'None', 'SELECT publisher FROM Books', '3', '1');
INSERT INTO "QueryColumnAccess" ("queryId", "columnId")
    VALUES ('485', '5');
INSERT INTO "QueryTableAccess" ("queryId", "tableId")
    VALUES ('485', '1');
SELECT 'customer_id' FROM Orders;
INSERT INTO "SqlQuery" ("queryId", "userId", "issuedAt", "finishedAt", "hasError", "errorMessage", "statement", "projectId", "queryTypeId")
    VALUES ('486', '12', '2023-05-31 22:04:14.764043', '2023-05-31 22:04:16.764043', 'False', 'None', 'SELECT customer_id FROM Orders', '3', '1');
INSERT INTO "QueryColumnAccess" ("queryId", "columnId")
    VALUES ('486', '2');
INSERT INTO "QueryTableAccess" ("queryId", "tableId")
    VALUES ('486', '5');
SELECT 'website' FROM Publishers;
INSERT INTO "SqlQuery" ("queryId", "userId", "issuedAt", "finishedAt", "hasError", "errorMessage", "statement", "projectId", "queryTypeId")
    VALUES ('487', '5', '2023-07-01 22:04:14.764050', '2023-07-01 22:04:18.764050', 'False', 'None', 'SELECT website FROM Publishers', '3', '1');
INSERT INTO "QueryColumnAccess" ("queryId", "columnId")
    VALUES ('487', '5');
INSERT INTO "QueryTableAccess" ("queryId", "tableId")
    VALUES ('487', '3');
SELECT 'country' FROM Authors;
INSERT INTO "SqlQuery" ("queryId", "userId", "issuedAt", "finishedAt", "hasError", "errorMessage", "statement", "projectId", "queryTypeId")
    VALUES ('488', '13', '2023-06-24 22:04:14.764056', '2023-06-24 22:04:16.764056', 'False', 'None', 'SELECT country FROM Authors', '3', '1');
INSERT INTO "QueryColumnAccess" ("queryId", "columnId")
    VALUES ('488', '5');
INSERT INTO "QueryTableAccess" ("queryId", "tableId")
    VALUES ('488', '2');
SELECT 'first_name' FROM Customers;
INSERT INTO "SqlQuery" ("queryId", "userId", "issuedAt", "finishedAt", "hasError", "errorMessage", "statement", "projectId", "queryTypeId")
    VALUES ('489', '3', '2023-06-06 22:04:14.764062', '2023-06-06 22:04:15.764062', 'False', 'None', 'SELECT first_name FROM Customers', '3', '1');
INSERT INTO "QueryColumnAccess" ("queryId", "columnId")
    VALUES ('489', '2');
INSERT INTO "QueryTableAccess" ("queryId", "tableId")
    VALUES ('489', '4');
SELECT 'first_name' FROM Customers;
INSERT INTO "SqlQuery" ("queryId", "userId", "issuedAt", "finishedAt", "hasError", "errorMessage", "statement", "projectId", "queryTypeId")
    VALUES ('490', '14', '2023-05-17 22:04:14.764068', '2023-05-17 22:04:15.764068', 'False', 'None', 'SELECT first_name FROM Customers', '3', '1');
INSERT INTO "QueryColumnAccess" ("queryId", "columnId")
    VALUES ('490', '2');
INSERT INTO "QueryTableAccess" ("queryId", "tableId")
    VALUES ('490', '4');
SELECT 'category_id' FROM Books;
INSERT INTO "SqlQuery" ("queryId", "userId", "issuedAt", "finishedAt", "hasError", "errorMessage", "statement", "projectId", "queryTypeId")
    VALUES ('491', '1', '2023-07-05 22:04:14.764075', '2023-07-05 22:04:15.764075', 'False', 'None', 'SELECT category_id FROM Books', '3', '1');
INSERT INTO "QueryColumnAccess" ("queryId", "columnId")
    VALUES ('491', '7');
INSERT INTO "QueryTableAccess" ("queryId", "tableId")
    VALUES ('491', '1');
SELECT 'author' FROM Books;
INSERT INTO "SqlQuery" ("queryId", "userId", "issuedAt", "finishedAt", "hasError", "errorMessage", "statement", "projectId", "queryTypeId")
    VALUES ('492', '3', '2023-07-03 22:04:14.764096', '2023-07-03 22:04:16.764096', 'False', 'None', 'SELECT author FROM Books', '3', '1');
INSERT INTO "QueryColumnAccess" ("queryId", "columnId")
    VALUES ('492', '3');
INSERT INTO "QueryTableAccess" ("queryId", "tableId")
    VALUES ('492', '1');
SELECT 'first_name' FROM Customers;
INSERT INTO "SqlQuery" ("queryId", "userId", "issuedAt", "finishedAt", "hasError", "errorMessage", "statement", "projectId", "queryTypeId")
    VALUES ('493', '1', '2023-04-29 22:04:14.764102', '2023-04-29 22:04:18.764102', 'False', 'None', 'SELECT first_name FROM Customers', '3', '1');
INSERT INTO "QueryColumnAccess" ("queryId", "columnId")
    VALUES ('493', '2');
INSERT INTO "QueryTableAccess" ("queryId", "tableId")
    VALUES ('493', '4');
SELECT 'email' FROM Customers;
INSERT INTO "SqlQuery" ("queryId", "userId", "issuedAt", "finishedAt", "hasError", "errorMessage", "statement", "projectId", "queryTypeId")
    VALUES ('494', '14', '2023-05-18 22:04:14.764109', '2023-05-18 22:04:15.764109', 'False', 'None', 'SELECT email FROM Customers', '3', '1');
INSERT INTO "QueryColumnAccess" ("queryId", "columnId")
    VALUES ('494', '4');
INSERT INTO "QueryTableAccess" ("queryId", "tableId")
    VALUES ('494', '4');
SELECT 'established_date' FROM Publishers;
INSERT INTO "SqlQuery" ("queryId", "userId", "issuedAt", "finishedAt", "hasError", "errorMessage", "statement", "projectId", "queryTypeId")
    VALUES ('495', '11', '2023-04-20 22:04:14.764115', '2023-04-20 22:04:18.764115', 'False', 'None', 'SELECT established_date FROM Publishers', '3', '1');
INSERT INTO "QueryColumnAccess" ("queryId", "columnId")
    VALUES ('495', '3');
INSERT INTO "QueryTableAccess" ("queryId", "tableId")
    VALUES ('495', '3');
SELECT 'last_name' FROM Customers;
INSERT INTO "SqlQuery" ("queryId", "userId", "issuedAt", "finishedAt", "hasError", "errorMessage", "statement", "projectId", "queryTypeId")
    VALUES ('496', '7', '2023-06-08 22:04:14.764121', '2023-06-08 22:04:18.764121', 'False', 'None', 'SELECT last_name FROM Customers', '3', '1');
INSERT INTO "QueryColumnAccess" ("queryId", "columnId")
    VALUES ('496', '3');
INSERT INTO "QueryTableAccess" ("queryId", "tableId")
    VALUES ('496', '4');
SELECT 'state' FROM Customers;
INSERT INTO "SqlQuery" ("queryId", "userId", "issuedAt", "finishedAt", "hasError", "errorMessage", "statement", "projectId", "queryTypeId")
    VALUES ('497', '14', '2023-07-10 22:04:14.764127', '2023-07-10 22:04:15.764127', 'False', 'None', 'SELECT state FROM Customers', '3', '1');
INSERT INTO "QueryColumnAccess" ("queryId", "columnId")
    VALUES ('497', '8');
INSERT INTO "QueryTableAccess" ("queryId", "tableId")
    VALUES ('497', '4');
SELECT 'established_date' FROM Publishers;
INSERT INTO "SqlQuery" ("queryId", "userId", "issuedAt", "finishedAt", "hasError", "errorMessage", "statement", "projectId", "queryTypeId")
    VALUES ('498', '5', '2023-04-14 22:04:14.764134', '2023-04-14 22:04:16.764134', 'False', 'None', 'SELECT established_date FROM Publishers', '3', '1');
INSERT INTO "QueryColumnAccess" ("queryId", "columnId")
    VALUES ('498', '3');
INSERT INTO "QueryTableAccess" ("queryId", "tableId")
    VALUES ('498', '3');
SELECT 'email' FROM Customers;
INSERT INTO "SqlQuery" ("queryId", "userId", "issuedAt", "finishedAt", "hasError", "errorMessage", "statement", "projectId", "queryTypeId")
    VALUES ('499', '10', '2023-05-19 22:04:14.764140', '2023-05-19 22:04:17.764140', 'False', 'None', 'SELECT email FROM Customers', '3', '1');
INSERT INTO "QueryColumnAccess" ("queryId", "columnId")
    VALUES ('499', '4');
INSERT INTO "QueryTableAccess" ("queryId", "tableId")
    VALUES ('499', '4');
SELECT 'title' FROM Books;
INSERT INTO "SqlQuery" ("queryId", "userId", "issuedAt", "finishedAt", "hasError", "errorMessage", "statement", "projectId", "queryTypeId")
    VALUES ('500', '8', '2023-06-03 22:04:14.764147', '2023-06-03 22:04:16.764147', 'False', 'None', 'SELECT title FROM Books', '3', '1');
INSERT INTO "QueryColumnAccess" ("queryId", "columnId")
    VALUES ('500', '2');
INSERT INTO "QueryTableAccess" ("queryId", "tableId")
    VALUES ('500', '1');
SELECT 'publisher' FROM Books;
INSERT INTO "SqlQuery" ("queryId", "userId", "issuedAt", "finishedAt", "hasError", "errorMessage", "statement", "projectId", "queryTypeId")
    VALUES ('501', '4', '2023-07-04 22:04:14.764153', '2023-07-04 22:04:18.764153', 'False', 'None', 'SELECT publisher FROM Books', '3', '1');
INSERT INTO "QueryColumnAccess" ("queryId", "columnId")
    VALUES ('501', '5');
INSERT INTO "QueryTableAccess" ("queryId", "tableId")
    VALUES ('501', '1');
SELECT 'birth_date' FROM Authors;
INSERT INTO "SqlQuery" ("queryId", "userId", "issuedAt", "finishedAt", "hasError", "errorMessage", "statement", "projectId", "queryTypeId")
    VALUES ('502', '9', '2023-05-18 22:04:14.764159', '2023-05-18 22:04:17.764159', 'False', 'None', 'SELECT birth_date FROM Authors', '3', '1');
INSERT INTO "QueryColumnAccess" ("queryId", "columnId")
    VALUES ('502', '4');
INSERT INTO "QueryTableAccess" ("queryId", "tableId")
    VALUES ('502', '2');
SELECT 'title' FROM Books;
INSERT INTO "SqlQuery" ("queryId", "userId", "issuedAt", "finishedAt", "hasError", "errorMessage", "statement", "projectId", "queryTypeId")
    VALUES ('503', '7', '2023-04-15 22:04:14.764166', '2023-04-15 22:04:17.764166', 'False', 'None', 'SELECT title FROM Books', '3', '1');
INSERT INTO "QueryColumnAccess" ("queryId", "columnId")
    VALUES ('503', '2');
INSERT INTO "QueryTableAccess" ("queryId", "tableId")
    VALUES ('503', '1');
SELECT 'customer_id' FROM Orders;
INSERT INTO "SqlQuery" ("queryId", "userId", "issuedAt", "finishedAt", "hasError", "errorMessage", "statement", "projectId", "queryTypeId")
    VALUES ('504', '12', '2023-06-22 22:04:14.764172', '2023-06-22 22:04:17.764172', 'False', 'None', 'SELECT customer_id FROM Orders', '3', '1');
INSERT INTO "QueryColumnAccess" ("queryId", "columnId")
    VALUES ('504', '2');
INSERT INTO "QueryTableAccess" ("queryId", "tableId")
    VALUES ('504', '5');
SELECT 'status' FROM Orders;
INSERT INTO "SqlQuery" ("queryId", "userId", "issuedAt", "finishedAt", "hasError", "errorMessage", "statement", "projectId", "queryTypeId")
    VALUES ('505', '15', '2023-05-18 22:04:14.764179', '2023-05-18 22:04:18.764179', 'False', 'None', 'SELECT status FROM Orders', '3', '1');
INSERT INTO "QueryColumnAccess" ("queryId", "columnId")
    VALUES ('505', '5');
INSERT INTO "QueryTableAccess" ("queryId", "tableId")
    VALUES ('505', '5');
SELECT 'customer_id' FROM Orders;
INSERT INTO "SqlQuery" ("queryId", "userId", "issuedAt", "finishedAt", "hasError", "errorMessage", "statement", "projectId", "queryTypeId")
    VALUES ('506', '4', '2023-05-14 22:04:14.764185', '2023-05-14 22:04:16.764185', 'False', 'None', 'SELECT customer_id FROM Orders', '3', '1');
INSERT INTO "QueryColumnAccess" ("queryId", "columnId")
    VALUES ('506', '2');
INSERT INTO "QueryTableAccess" ("queryId", "tableId")
    VALUES ('506', '5');
SELECT 'city' FROM Customers;
INSERT INTO "SqlQuery" ("queryId", "userId", "issuedAt", "finishedAt", "hasError", "errorMessage", "statement", "projectId", "queryTypeId")
    VALUES ('507', '13', '2023-06-10 22:04:14.764191', '2023-06-10 22:04:15.764191', 'False', 'None', 'SELECT city FROM Customers', '3', '1');
INSERT INTO "QueryColumnAccess" ("queryId", "columnId")
    VALUES ('507', '7');
INSERT INTO "QueryTableAccess" ("queryId", "tableId")
    VALUES ('507', '4');
SELECT 'publisher_id' FROM Publishers;
INSERT INTO "SqlQuery" ("queryId", "userId", "issuedAt", "finishedAt", "hasError", "errorMessage", "statement", "projectId", "queryTypeId")
    VALUES ('508', '14', '2023-05-01 22:04:14.764197', '2023-05-01 22:04:18.764197', 'False', 'None', 'SELECT publisher_id FROM Publishers', '3', '1');
INSERT INTO "QueryColumnAccess" ("queryId", "columnId")
    VALUES ('508', '1');
INSERT INTO "QueryTableAccess" ("queryId", "tableId")
    VALUES ('508', '3');
SELECT 'author_id' FROM Authors;
INSERT INTO "SqlQuery" ("queryId", "userId", "issuedAt", "finishedAt", "hasError", "errorMessage", "statement", "projectId", "queryTypeId")
    VALUES ('509', '2', '2023-06-10 22:04:14.764208', '2023-06-10 22:04:16.764208', 'False', 'None', 'SELECT author_id FROM Authors', '3', '1');
INSERT INTO "QueryColumnAccess" ("queryId", "columnId")
    VALUES ('509', '1');
INSERT INTO "QueryTableAccess" ("queryId", "tableId")
    VALUES ('509', '2');
SELECT 'category_id' FROM Books;
INSERT INTO "SqlQuery" ("queryId", "userId", "issuedAt", "finishedAt", "hasError", "errorMessage", "statement", "projectId", "queryTypeId")
    VALUES ('510', '13', '2023-06-28 22:04:14.764214', '2023-06-28 22:04:17.764214', 'False', 'None', 'SELECT category_id FROM Books', '3', '1');
INSERT INTO "QueryColumnAccess" ("queryId", "columnId")
    VALUES ('510', '7');
INSERT INTO "QueryTableAccess" ("queryId", "tableId")
    VALUES ('510', '1');
SELECT 'address' FROM Customers;
INSERT INTO "SqlQuery" ("queryId", "userId", "issuedAt", "finishedAt", "hasError", "errorMessage", "statement", "projectId", "queryTypeId")
    VALUES ('511', '7', '2023-07-10 22:04:14.764221', '2023-07-10 22:04:18.764221', 'False', 'None', 'SELECT address FROM Customers', '3', '1');
INSERT INTO "QueryColumnAccess" ("queryId", "columnId")
    VALUES ('511', '6');
INSERT INTO "QueryTableAccess" ("queryId", "tableId")
    VALUES ('511', '4');
SELECT 'email' FROM Customers;
INSERT INTO "SqlQuery" ("queryId", "userId", "issuedAt", "finishedAt", "hasError", "errorMessage", "statement", "projectId", "queryTypeId")
    VALUES ('512', '1', '2023-05-25 22:04:14.764227', '2023-05-25 22:04:18.764227', 'False', 'None', 'SELECT email FROM Customers', '3', '1');
INSERT INTO "QueryColumnAccess" ("queryId", "columnId")
    VALUES ('512', '4');
INSERT INTO "QueryTableAccess" ("queryId", "tableId")
    VALUES ('512', '4');
SELECT 'category_id' FROM Books;
INSERT INTO "SqlQuery" ("queryId", "userId", "issuedAt", "finishedAt", "hasError", "errorMessage", "statement", "projectId", "queryTypeId")
    VALUES ('513', '14', '2023-06-29 22:04:14.764233', '2023-06-29 22:04:16.764233', 'False', 'None', 'SELECT category_id FROM Books', '3', '1');
INSERT INTO "QueryColumnAccess" ("queryId", "columnId")
    VALUES ('513', '7');
INSERT INTO "QueryTableAccess" ("queryId", "tableId")
    VALUES ('513', '1');
SELECT 'publisher_name' FROM Publishers;
INSERT INTO "SqlQuery" ("queryId", "userId", "issuedAt", "finishedAt", "hasError", "errorMessage", "statement", "projectId", "queryTypeId")
    VALUES ('514', '7', '2023-06-21 22:04:14.764240', '2023-06-21 22:04:15.764240', 'False', 'None', 'SELECT publisher_name FROM Publishers', '3', '1');
INSERT INTO "QueryColumnAccess" ("queryId", "columnId")
    VALUES ('514', '2');
INSERT INTO "QueryTableAccess" ("queryId", "tableId")
    VALUES ('514', '3');
SELECT 'city' FROM Customers;
INSERT INTO "SqlQuery" ("queryId", "userId", "issuedAt", "finishedAt", "hasError", "errorMessage", "statement", "projectId", "queryTypeId")
    VALUES ('515', '7', '2023-06-13 22:04:14.764246', '2023-06-13 22:04:17.764246', 'False', 'None', 'SELECT city FROM Customers', '3', '1');
INSERT INTO "QueryColumnAccess" ("queryId", "columnId")
    VALUES ('515', '7');
INSERT INTO "QueryTableAccess" ("queryId", "tableId")
    VALUES ('515', '4');
SELECT 'title' FROM Books;
INSERT INTO "SqlQuery" ("queryId", "userId", "issuedAt", "finishedAt", "hasError", "errorMessage", "statement", "projectId", "queryTypeId")
    VALUES ('516', '15', '2023-06-25 22:04:14.764252', '2023-06-25 22:04:18.764252', 'False', 'None', 'SELECT title FROM Books', '3', '1');
INSERT INTO "QueryColumnAccess" ("queryId", "columnId")
    VALUES ('516', '2');
INSERT INTO "QueryTableAccess" ("queryId", "tableId")
    VALUES ('516', '1');
SELECT 'book_id' FROM Books;
INSERT INTO "SqlQuery" ("queryId", "userId", "issuedAt", "finishedAt", "hasError", "errorMessage", "statement", "projectId", "queryTypeId")
    VALUES ('517', '7', '2023-05-10 22:04:14.764258', '2023-05-10 22:04:15.764258', 'False', 'None', 'SELECT book_id FROM Books', '3', '1');
INSERT INTO "QueryColumnAccess" ("queryId", "columnId")
    VALUES ('517', '1');
INSERT INTO "QueryTableAccess" ("queryId", "tableId")
    VALUES ('517', '1');
SELECT 'established_date' FROM Publishers;
INSERT INTO "SqlQuery" ("queryId", "userId", "issuedAt", "finishedAt", "hasError", "errorMessage", "statement", "projectId", "queryTypeId")
    VALUES ('518', '15', '2023-06-29 22:04:14.764264', '2023-06-29 22:04:16.764264', 'False', 'None', 'SELECT established_date FROM Publishers', '3', '1');
INSERT INTO "QueryColumnAccess" ("queryId", "columnId")
    VALUES ('518', '3');
INSERT INTO "QueryTableAccess" ("queryId", "tableId")
    VALUES ('518', '3');
SELECT 'country' FROM Publishers;
INSERT INTO "SqlQuery" ("queryId", "userId", "issuedAt", "finishedAt", "hasError", "errorMessage", "statement", "projectId", "queryTypeId")
    VALUES ('519', '3', '2023-06-01 22:04:14.764270', '2023-06-01 22:04:15.764270', 'False', 'None', 'SELECT country FROM Publishers', '3', '1');
INSERT INTO "QueryColumnAccess" ("queryId", "columnId")
    VALUES ('519', '4');
INSERT INTO "QueryTableAccess" ("queryId", "tableId")
    VALUES ('519', '3');
SELECT 'country' FROM Publishers;
INSERT INTO "SqlQuery" ("queryId", "userId", "issuedAt", "finishedAt", "hasError", "errorMessage", "statement", "projectId", "queryTypeId")
    VALUES ('520', '3', '2023-06-11 22:04:14.764277', '2023-06-11 22:04:18.764277', 'False', 'None', 'SELECT country FROM Publishers', '3', '1');
INSERT INTO "QueryColumnAccess" ("queryId", "columnId")
    VALUES ('520', '4');
INSERT INTO "QueryTableAccess" ("queryId", "tableId")
    VALUES ('520', '3');
SELECT 'publisher_name' FROM Publishers;
INSERT INTO "SqlQuery" ("queryId", "userId", "issuedAt", "finishedAt", "hasError", "errorMessage", "statement", "projectId", "queryTypeId")
    VALUES ('521', '3', '2023-04-15 22:04:14.764298', '2023-04-15 22:04:15.764298', 'False', 'None', 'SELECT publisher_name FROM Publishers', '3', '1');
INSERT INTO "QueryColumnAccess" ("queryId", "columnId")
    VALUES ('521', '2');
INSERT INTO "QueryTableAccess" ("queryId", "tableId")
    VALUES ('521', '3');
SELECT 'first_name' FROM Authors;
INSERT INTO "SqlQuery" ("queryId", "userId", "issuedAt", "finishedAt", "hasError", "errorMessage", "statement", "projectId", "queryTypeId")
    VALUES ('522', '5', '2023-07-05 22:04:14.764304', '2023-07-05 22:04:17.764304', 'False', 'None', 'SELECT first_name FROM Authors', '3', '1');
INSERT INTO "QueryColumnAccess" ("queryId", "columnId")
    VALUES ('522', '2');
INSERT INTO "QueryTableAccess" ("queryId", "tableId")
    VALUES ('522', '2');
SELECT 'country' FROM Publishers;
INSERT INTO "SqlQuery" ("queryId", "userId", "issuedAt", "finishedAt", "hasError", "errorMessage", "statement", "projectId", "queryTypeId")
    VALUES ('523', '10', '2023-07-05 22:04:14.764311', '2023-07-05 22:04:16.764311', 'False', 'None', 'SELECT country FROM Publishers', '3', '1');
INSERT INTO "QueryColumnAccess" ("queryId", "columnId")
    VALUES ('523', '4');
INSERT INTO "QueryTableAccess" ("queryId", "tableId")
    VALUES ('523', '3');
SELECT 'country' FROM Publishers;
INSERT INTO "SqlQuery" ("queryId", "userId", "issuedAt", "finishedAt", "hasError", "errorMessage", "statement", "projectId", "queryTypeId")
    VALUES ('524', '8', '2023-06-26 22:04:14.764317', '2023-06-26 22:04:15.764317', 'False', 'None', 'SELECT country FROM Publishers', '3', '1');
INSERT INTO "QueryColumnAccess" ("queryId", "columnId")
    VALUES ('524', '4');
INSERT INTO "QueryTableAccess" ("queryId", "tableId")
    VALUES ('524', '3');
SELECT 'birth_date' FROM Authors;
INSERT INTO "SqlQuery" ("queryId", "userId", "issuedAt", "finishedAt", "hasError", "errorMessage", "statement", "projectId", "queryTypeId")
    VALUES ('525', '5', '2023-06-19 22:04:14.764323', '2023-06-19 22:04:17.764323', 'False', 'None', 'SELECT birth_date FROM Authors', '3', '1');
INSERT INTO "QueryColumnAccess" ("queryId", "columnId")
    VALUES ('525', '4');
INSERT INTO "QueryTableAccess" ("queryId", "tableId")
    VALUES ('525', '2');
SELECT 'birth_date' FROM Authors;
INSERT INTO "SqlQuery" ("queryId", "userId", "issuedAt", "finishedAt", "hasError", "errorMessage", "statement", "projectId", "queryTypeId")
    VALUES ('526', '14', '2023-06-12 22:04:14.764339', '2023-06-12 22:04:15.764339', 'False', 'None', 'SELECT birth_date FROM Authors', '3', '1');
INSERT INTO "QueryColumnAccess" ("queryId", "columnId")
    VALUES ('526', '4');
INSERT INTO "QueryTableAccess" ("queryId", "tableId")
    VALUES ('526', '2');
SELECT 'phone_number' FROM Customers;
INSERT INTO "SqlQuery" ("queryId", "userId", "issuedAt", "finishedAt", "hasError", "errorMessage", "statement", "projectId", "queryTypeId")
    VALUES ('527', '14', '2023-05-23 22:04:14.764346', '2023-05-23 22:04:15.764346', 'False', 'None', 'SELECT phone_number FROM Customers', '3', '1');
INSERT INTO "QueryColumnAccess" ("queryId", "columnId")
    VALUES ('527', '5');
INSERT INTO "QueryTableAccess" ("queryId", "tableId")
    VALUES ('527', '4');
SELECT 'state' FROM Customers;
INSERT INTO "SqlQuery" ("queryId", "userId", "issuedAt", "finishedAt", "hasError", "errorMessage", "statement", "projectId", "queryTypeId")
    VALUES ('528', '5', '2023-05-01 22:04:14.764352', '2023-05-01 22:04:17.764352', 'False', 'None', 'SELECT state FROM Customers', '3', '1');
INSERT INTO "QueryColumnAccess" ("queryId", "columnId")
    VALUES ('528', '8');
INSERT INTO "QueryTableAccess" ("queryId", "tableId")
    VALUES ('528', '4');
SELECT 'first_name' FROM Authors;
INSERT INTO "SqlQuery" ("queryId", "userId", "issuedAt", "finishedAt", "hasError", "errorMessage", "statement", "projectId", "queryTypeId")
    VALUES ('529', '10', '2023-05-25 22:04:14.764358', '2023-05-25 22:04:18.764358', 'False', 'None', 'SELECT first_name FROM Authors', '3', '1');
INSERT INTO "QueryColumnAccess" ("queryId", "columnId")
    VALUES ('529', '2');
INSERT INTO "QueryTableAccess" ("queryId", "tableId")
    VALUES ('529', '2');
SELECT 'status' FROM Orders;
INSERT INTO "SqlQuery" ("queryId", "userId", "issuedAt", "finishedAt", "hasError", "errorMessage", "statement", "projectId", "queryTypeId")
    VALUES ('530', '15', '2023-06-20 22:04:14.764364', '2023-06-20 22:04:16.764364', 'False', 'None', 'SELECT status FROM Orders', '3', '1');
INSERT INTO "QueryColumnAccess" ("queryId", "columnId")
    VALUES ('530', '5');
INSERT INTO "QueryTableAccess" ("queryId", "tableId")
    VALUES ('530', '5');
SELECT 'publisher_name' FROM Publishers;
INSERT INTO "SqlQuery" ("queryId", "userId", "issuedAt", "finishedAt", "hasError", "errorMessage", "statement", "projectId", "queryTypeId")
    VALUES ('531', '2', '2023-04-15 22:04:14.764371', '2023-04-15 22:04:15.764371', 'False', 'None', 'SELECT publisher_name FROM Publishers', '3', '1');
INSERT INTO "QueryColumnAccess" ("queryId", "columnId")
    VALUES ('531', '2');
INSERT INTO "QueryTableAccess" ("queryId", "tableId")
    VALUES ('531', '3');
SELECT 'established_date' FROM Publishers;
INSERT INTO "SqlQuery" ("queryId", "userId", "issuedAt", "finishedAt", "hasError", "errorMessage", "statement", "projectId", "queryTypeId")
    VALUES ('532', '7', '2023-04-16 22:04:14.764377', '2023-04-16 22:04:15.764377', 'False', 'None', 'SELECT established_date FROM Publishers', '3', '1');
INSERT INTO "QueryColumnAccess" ("queryId", "columnId")
    VALUES ('532', '3');
INSERT INTO "QueryTableAccess" ("queryId", "tableId")
    VALUES ('532', '3');
SELECT 'phone_number' FROM Customers;
INSERT INTO "SqlQuery" ("queryId", "userId", "issuedAt", "finishedAt", "hasError", "errorMessage", "statement", "projectId", "queryTypeId")
    VALUES ('533', '2', '2023-04-14 22:04:14.764383', '2023-04-14 22:04:16.764383', 'False', 'None', 'SELECT phone_number FROM Customers', '3', '1');
INSERT INTO "QueryColumnAccess" ("queryId", "columnId")
    VALUES ('533', '5');
INSERT INTO "QueryTableAccess" ("queryId", "tableId")
    VALUES ('533', '4');
SELECT 'first_name' FROM Authors;
INSERT INTO "SqlQuery" ("queryId", "userId", "issuedAt", "finishedAt", "hasError", "errorMessage", "statement", "projectId", "queryTypeId")
    VALUES ('534', '3', '2023-05-26 22:04:14.764390', '2023-05-26 22:04:15.764390', 'False', 'None', 'SELECT first_name FROM Authors', '3', '1');
INSERT INTO "QueryColumnAccess" ("queryId", "columnId")
    VALUES ('534', '2');
INSERT INTO "QueryTableAccess" ("queryId", "tableId")
    VALUES ('534', '2');
SELECT 'shipping_address' FROM Orders;
INSERT INTO "SqlQuery" ("queryId", "userId", "issuedAt", "finishedAt", "hasError", "errorMessage", "statement", "projectId", "queryTypeId")
    VALUES ('535', '9', '2023-04-27 22:04:14.764396', '2023-04-27 22:04:15.764396', 'False', 'None', 'SELECT shipping_address FROM Orders', '3', '1');
INSERT INTO "QueryColumnAccess" ("queryId", "columnId")
    VALUES ('535', '6');
INSERT INTO "QueryTableAccess" ("queryId", "tableId")
    VALUES ('535', '5');
SELECT 'shipping_zip_code' FROM Orders;
INSERT INTO "SqlQuery" ("queryId", "userId", "issuedAt", "finishedAt", "hasError", "errorMessage", "statement", "projectId", "queryTypeId")
    VALUES ('536', '2', '2023-05-26 22:04:14.764402', '2023-05-26 22:04:17.764402', 'False', 'None', 'SELECT shipping_zip_code FROM Orders', '3', '1');
INSERT INTO "QueryColumnAccess" ("queryId", "columnId")
    VALUES ('536', '9');
INSERT INTO "QueryTableAccess" ("queryId", "tableId")
    VALUES ('536', '5');
SELECT 'shipping_country' FROM Orders;
INSERT INTO "SqlQuery" ("queryId", "userId", "issuedAt", "finishedAt", "hasError", "errorMessage", "statement", "projectId", "queryTypeId")
    VALUES ('537', '14', '2023-07-01 22:04:14.764408', '2023-07-01 22:04:16.764408', 'False', 'None', 'SELECT shipping_country FROM Orders', '3', '1');
INSERT INTO "QueryColumnAccess" ("queryId", "columnId")
    VALUES ('537', '10');
INSERT INTO "QueryTableAccess" ("queryId", "tableId")
    VALUES ('537', '5');
SELECT 'website' FROM Publishers;
INSERT INTO "SqlQuery" ("queryId", "userId", "issuedAt", "finishedAt", "hasError", "errorMessage", "statement", "projectId", "queryTypeId")
    VALUES ('538', '3', '2023-05-30 22:04:14.764414', '2023-05-30 22:04:17.764414', 'False', 'None', 'SELECT website FROM Publishers', '3', '1');
INSERT INTO "QueryColumnAccess" ("queryId", "columnId")
    VALUES ('538', '5');
INSERT INTO "QueryTableAccess" ("queryId", "tableId")
    VALUES ('538', '3');
SELECT 'category_id' FROM Books;
INSERT INTO "SqlQuery" ("queryId", "userId", "issuedAt", "finishedAt", "hasError", "errorMessage", "statement", "projectId", "queryTypeId")
    VALUES ('539', '1', '2023-05-04 22:04:14.764421', '2023-05-04 22:04:15.764421', 'False', 'None', 'SELECT category_id FROM Books', '3', '1');
INSERT INTO "QueryColumnAccess" ("queryId", "columnId")
    VALUES ('539', '7');
INSERT INTO "QueryTableAccess" ("queryId", "tableId")
    VALUES ('539', '1');
SELECT 'shipping_zip_code' FROM Orders;
INSERT INTO "SqlQuery" ("queryId", "userId", "issuedAt", "finishedAt", "hasError", "errorMessage", "statement", "projectId", "queryTypeId")
    VALUES ('540', '5', '2023-04-25 22:04:14.764427', '2023-04-25 22:04:17.764427', 'False', 'None', 'SELECT shipping_zip_code FROM Orders', '3', '1');
INSERT INTO "QueryColumnAccess" ("queryId", "columnId")
    VALUES ('540', '9');
INSERT INTO "QueryTableAccess" ("queryId", "tableId")
    VALUES ('540', '5');
SELECT 'country' FROM Authors;
INSERT INTO "SqlQuery" ("queryId", "userId", "issuedAt", "finishedAt", "hasError", "errorMessage", "statement", "projectId", "queryTypeId")
    VALUES ('541', '1', '2023-04-18 22:04:14.764433', '2023-04-18 22:04:17.764433', 'False', 'None', 'SELECT country FROM Authors', '3', '1');
INSERT INTO "QueryColumnAccess" ("queryId", "columnId")
    VALUES ('541', '5');
INSERT INTO "QueryTableAccess" ("queryId", "tableId")
    VALUES ('541', '2');
SELECT 'category_id' FROM Books;
INSERT INTO "SqlQuery" ("queryId", "userId", "issuedAt", "finishedAt", "hasError", "errorMessage", "statement", "projectId", "queryTypeId")
    VALUES ('542', '10', '2023-05-02 22:04:14.764439', '2023-05-02 22:04:16.764439', 'False', 'None', 'SELECT category_id FROM Books', '3', '1');
INSERT INTO "QueryColumnAccess" ("queryId", "columnId")
    VALUES ('542', '7');
INSERT INTO "QueryTableAccess" ("queryId", "tableId")
    VALUES ('542', '1');
SELECT 'website' FROM Publishers;
INSERT INTO "SqlQuery" ("queryId", "userId", "issuedAt", "finishedAt", "hasError", "errorMessage", "statement", "projectId", "queryTypeId")
    VALUES ('543', '3', '2023-06-05 22:04:14.764449', '2023-06-05 22:04:17.764449', 'False', 'None', 'SELECT website FROM Publishers', '3', '1');
INSERT INTO "QueryColumnAccess" ("queryId", "columnId")
    VALUES ('543', '5');
INSERT INTO "QueryTableAccess" ("queryId", "tableId")
    VALUES ('543', '3');
SELECT 'publication_date' FROM Books;
INSERT INTO "SqlQuery" ("queryId", "userId", "issuedAt", "finishedAt", "hasError", "errorMessage", "statement", "projectId", "queryTypeId")
    VALUES ('544', '14', '2023-05-30 22:04:14.764455', '2023-05-30 22:04:15.764455', 'False', 'None', 'SELECT publication_date FROM Books', '3', '1');
INSERT INTO "QueryColumnAccess" ("queryId", "columnId")
    VALUES ('544', '4');
INSERT INTO "QueryTableAccess" ("queryId", "tableId")
    VALUES ('544', '1');
SELECT 'author' FROM Books;
INSERT INTO "SqlQuery" ("queryId", "userId", "issuedAt", "finishedAt", "hasError", "errorMessage", "statement", "projectId", "queryTypeId")
    VALUES ('545', '13', '2023-05-01 22:04:14.764462', '2023-05-01 22:04:15.764462', 'False', 'None', 'SELECT author FROM Books', '3', '1');
INSERT INTO "QueryColumnAccess" ("queryId", "columnId")
    VALUES ('545', '3');
INSERT INTO "QueryTableAccess" ("queryId", "tableId")
    VALUES ('545', '1');
SELECT 'category_id' FROM Books;
INSERT INTO "SqlQuery" ("queryId", "userId", "issuedAt", "finishedAt", "hasError", "errorMessage", "statement", "projectId", "queryTypeId")
    VALUES ('546', '15', '2023-05-01 22:04:14.764468', '2023-05-01 22:04:18.764468', 'False', 'None', 'SELECT category_id FROM Books', '3', '1');
INSERT INTO "QueryColumnAccess" ("queryId", "columnId")
    VALUES ('546', '7');
INSERT INTO "QueryTableAccess" ("queryId", "tableId")
    VALUES ('546', '1');
SELECT 'birth_date' FROM Authors;
INSERT INTO "SqlQuery" ("queryId", "userId", "issuedAt", "finishedAt", "hasError", "errorMessage", "statement", "projectId", "queryTypeId")
    VALUES ('547', '14', '2023-05-31 22:04:14.764474', '2023-05-31 22:04:17.764474', 'False', 'None', 'SELECT birth_date FROM Authors', '3', '1');
INSERT INTO "QueryColumnAccess" ("queryId", "columnId")
    VALUES ('547', '4');
INSERT INTO "QueryTableAccess" ("queryId", "tableId")
    VALUES ('547', '2');
SELECT 'shipping_country' FROM Orders;
INSERT INTO "SqlQuery" ("queryId", "userId", "issuedAt", "finishedAt", "hasError", "errorMessage", "statement", "projectId", "queryTypeId")
    VALUES ('548', '8', '2023-05-07 22:04:14.764480', '2023-05-07 22:04:18.764480', 'False', 'None', 'SELECT shipping_country FROM Orders', '3', '1');
INSERT INTO "QueryColumnAccess" ("queryId", "columnId")
    VALUES ('548', '10');
INSERT INTO "QueryTableAccess" ("queryId", "tableId")
    VALUES ('548', '5');
SELECT 'author_id' FROM Authors;
INSERT INTO "SqlQuery" ("queryId", "userId", "issuedAt", "finishedAt", "hasError", "errorMessage", "statement", "projectId", "queryTypeId")
    VALUES ('549', '3', '2023-05-12 22:04:14.764487', '2023-05-12 22:04:16.764487', 'False', 'None', 'SELECT author_id FROM Authors', '3', '1');
INSERT INTO "QueryColumnAccess" ("queryId", "columnId")
    VALUES ('549', '1');
INSERT INTO "QueryTableAccess" ("queryId", "tableId")
    VALUES ('549', '2');
SELECT 'country' FROM Customers;
INSERT INTO "SqlQuery" ("queryId", "userId", "issuedAt", "finishedAt", "hasError", "errorMessage", "statement", "projectId", "queryTypeId")
    VALUES ('550', '9', '2023-06-13 22:04:14.764493', '2023-06-13 22:04:17.764493', 'False', 'None', 'SELECT country FROM Customers', '3', '1');
INSERT INTO "QueryColumnAccess" ("queryId", "columnId")
    VALUES ('550', '10');
INSERT INTO "QueryTableAccess" ("queryId", "tableId")
    VALUES ('550', '4');
SELECT 'website' FROM Publishers;
INSERT INTO "SqlQuery" ("queryId", "userId", "issuedAt", "finishedAt", "hasError", "errorMessage", "statement", "projectId", "queryTypeId")
    VALUES ('551', '2', '2023-06-12 22:04:14.764499', '2023-06-12 22:04:16.764499', 'False', 'None', 'SELECT website FROM Publishers', '3', '1');
INSERT INTO "QueryColumnAccess" ("queryId", "columnId")
    VALUES ('551', '5');
INSERT INTO "QueryTableAccess" ("queryId", "tableId")
    VALUES ('551', '3');
SELECT 'established_date' FROM Publishers;
INSERT INTO "SqlQuery" ("queryId", "userId", "issuedAt", "finishedAt", "hasError", "errorMessage", "statement", "projectId", "queryTypeId")
    VALUES ('552', '13', '2023-04-29 22:04:14.764505', '2023-04-29 22:04:17.764505', 'False', 'None', 'SELECT established_date FROM Publishers', '3', '1');
INSERT INTO "QueryColumnAccess" ("queryId", "columnId")
    VALUES ('552', '3');
INSERT INTO "QueryTableAccess" ("queryId", "tableId")
    VALUES ('552', '3');
SELECT 'title' FROM Books;
INSERT INTO "SqlQuery" ("queryId", "userId", "issuedAt", "finishedAt", "hasError", "errorMessage", "statement", "projectId", "queryTypeId")
    VALUES ('553', '4', '2023-05-26 22:04:14.764511', '2023-05-26 22:04:18.764511', 'False', 'None', 'SELECT title FROM Books', '3', '1');
INSERT INTO "QueryColumnAccess" ("queryId", "columnId")
    VALUES ('553', '2');
INSERT INTO "QueryTableAccess" ("queryId", "tableId")
    VALUES ('553', '1');
SELECT 'established_date' FROM Publishers;
INSERT INTO "SqlQuery" ("queryId", "userId", "issuedAt", "finishedAt", "hasError", "errorMessage", "statement", "projectId", "queryTypeId")
    VALUES ('554', '10', '2023-04-22 22:04:14.764518', '2023-04-22 22:04:18.764518', 'False', 'None', 'SELECT established_date FROM Publishers', '3', '1');
INSERT INTO "QueryColumnAccess" ("queryId", "columnId")
    VALUES ('554', '3');
INSERT INTO "QueryTableAccess" ("queryId", "tableId")
    VALUES ('554', '3');
SELECT 'category_id' FROM Books;
INSERT INTO "SqlQuery" ("queryId", "userId", "issuedAt", "finishedAt", "hasError", "errorMessage", "statement", "projectId", "queryTypeId")
    VALUES ('555', '6', '2023-06-28 22:04:14.764524', '2023-06-28 22:04:15.764524', 'False', 'None', 'SELECT category_id FROM Books', '3', '1');
INSERT INTO "QueryColumnAccess" ("queryId", "columnId")
    VALUES ('555', '7');
INSERT INTO "QueryTableAccess" ("queryId", "tableId")
    VALUES ('555', '1');
SELECT 'shipping_zip_code' FROM Orders;
INSERT INTO "SqlQuery" ("queryId", "userId", "issuedAt", "finishedAt", "hasError", "errorMessage", "statement", "projectId", "queryTypeId")
    VALUES ('556', '6', '2023-06-24 22:04:14.764530', '2023-06-24 22:04:15.764530', 'False', 'None', 'SELECT shipping_zip_code FROM Orders', '3', '1');
INSERT INTO "QueryColumnAccess" ("queryId", "columnId")
    VALUES ('556', '9');
INSERT INTO "QueryTableAccess" ("queryId", "tableId")
    VALUES ('556', '5');
SELECT 'website' FROM Publishers;
INSERT INTO "SqlQuery" ("queryId", "userId", "issuedAt", "finishedAt", "hasError", "errorMessage", "statement", "projectId", "queryTypeId")
    VALUES ('557', '1', '2023-05-21 22:04:14.764536', '2023-05-21 22:04:17.764536', 'False', 'None', 'SELECT website FROM Publishers', '3', '1');
INSERT INTO "QueryColumnAccess" ("queryId", "columnId")
    VALUES ('557', '5');
INSERT INTO "QueryTableAccess" ("queryId", "tableId")
    VALUES ('557', '3');
SELECT 'shipping_country' FROM Orders;
INSERT INTO "SqlQuery" ("queryId", "userId", "issuedAt", "finishedAt", "hasError", "errorMessage", "statement", "projectId", "queryTypeId")
    VALUES ('558', '14', '2023-05-20 22:04:14.764542', '2023-05-20 22:04:16.764542', 'False', 'None', 'SELECT shipping_country FROM Orders', '3', '1');
INSERT INTO "QueryColumnAccess" ("queryId", "columnId")
    VALUES ('558', '10');
INSERT INTO "QueryTableAccess" ("queryId", "tableId")
    VALUES ('558', '5');
SELECT 'title' FROM Books;
INSERT INTO "SqlQuery" ("queryId", "userId", "issuedAt", "finishedAt", "hasError", "errorMessage", "statement", "projectId", "queryTypeId")
    VALUES ('559', '13', '2023-07-04 22:04:14.764548', '2023-07-04 22:04:17.764548', 'False', 'None', 'SELECT title FROM Books', '3', '1');
INSERT INTO "QueryColumnAccess" ("queryId", "columnId")
    VALUES ('559', '2');
INSERT INTO "QueryTableAccess" ("queryId", "tableId")
    VALUES ('559', '1');
SELECT 'country' FROM Customers;
INSERT INTO "SqlQuery" ("queryId", "userId", "issuedAt", "finishedAt", "hasError", "errorMessage", "statement", "projectId", "queryTypeId")
    VALUES ('560', '8', '2023-04-13 22:04:14.764562', '2023-04-13 22:04:16.764562', 'False', 'None', 'SELECT country FROM Customers', '3', '1');
INSERT INTO "QueryColumnAccess" ("queryId", "columnId")
    VALUES ('560', '10');
INSERT INTO "QueryTableAccess" ("queryId", "tableId")
    VALUES ('560', '4');
SELECT 'country' FROM Publishers;
INSERT INTO "SqlQuery" ("queryId", "userId", "issuedAt", "finishedAt", "hasError", "errorMessage", "statement", "projectId", "queryTypeId")
    VALUES ('561', '3', '2023-06-13 22:04:14.764569', '2023-06-13 22:04:18.764569', 'False', 'None', 'SELECT country FROM Publishers', '3', '1');
INSERT INTO "QueryColumnAccess" ("queryId", "columnId")
    VALUES ('561', '4');
INSERT INTO "QueryTableAccess" ("queryId", "tableId")
    VALUES ('561', '3');
SELECT 'publisher_name' FROM Publishers;
INSERT INTO "SqlQuery" ("queryId", "userId", "issuedAt", "finishedAt", "hasError", "errorMessage", "statement", "projectId", "queryTypeId")
    VALUES ('562', '5', '2023-06-21 22:04:14.764576', '2023-06-21 22:04:16.764576', 'False', 'None', 'SELECT publisher_name FROM Publishers', '3', '1');
INSERT INTO "QueryColumnAccess" ("queryId", "columnId")
    VALUES ('562', '2');
INSERT INTO "QueryTableAccess" ("queryId", "tableId")
    VALUES ('562', '3');
SELECT 'publication_date' FROM Books;
INSERT INTO "SqlQuery" ("queryId", "userId", "issuedAt", "finishedAt", "hasError", "errorMessage", "statement", "projectId", "queryTypeId")
    VALUES ('563', '11', '2023-04-22 22:04:14.764582', '2023-04-22 22:04:17.764582', 'False', 'None', 'SELECT publication_date FROM Books', '3', '1');
INSERT INTO "QueryColumnAccess" ("queryId", "columnId")
    VALUES ('563', '4');
INSERT INTO "QueryTableAccess" ("queryId", "tableId")
    VALUES ('563', '1');
SELECT 'established_date' FROM Publishers;
INSERT INTO "SqlQuery" ("queryId", "userId", "issuedAt", "finishedAt", "hasError", "errorMessage", "statement", "projectId", "queryTypeId")
    VALUES ('564', '14', '2023-04-16 22:04:14.764588', '2023-04-16 22:04:15.764588', 'False', 'None', 'SELECT established_date FROM Publishers', '3', '1');
INSERT INTO "QueryColumnAccess" ("queryId", "columnId")
    VALUES ('564', '3');
INSERT INTO "QueryTableAccess" ("queryId", "tableId")
    VALUES ('564', '3');
SELECT 'first_name' FROM Authors;
INSERT INTO "SqlQuery" ("queryId", "userId", "issuedAt", "finishedAt", "hasError", "errorMessage", "statement", "projectId", "queryTypeId")
    VALUES ('565', '3', '2023-06-13 22:04:14.764594', '2023-06-13 22:04:17.764594', 'False', 'None', 'SELECT first_name FROM Authors', '3', '1');
INSERT INTO "QueryColumnAccess" ("queryId", "columnId")
    VALUES ('565', '2');
INSERT INTO "QueryTableAccess" ("queryId", "tableId")
    VALUES ('565', '2');
SELECT 'city' FROM Customers;
INSERT INTO "SqlQuery" ("queryId", "userId", "issuedAt", "finishedAt", "hasError", "errorMessage", "statement", "projectId", "queryTypeId")
    VALUES ('566', '10', '2023-04-15 22:04:14.764601', '2023-04-15 22:04:17.764601', 'False', 'None', 'SELECT city FROM Customers', '3', '1');
INSERT INTO "QueryColumnAccess" ("queryId", "columnId")
    VALUES ('566', '7');
INSERT INTO "QueryTableAccess" ("queryId", "tableId")
    VALUES ('566', '4');
SELECT 'shipping_address' FROM Orders;
INSERT INTO "SqlQuery" ("queryId", "userId", "issuedAt", "finishedAt", "hasError", "errorMessage", "statement", "projectId", "queryTypeId")
    VALUES ('567', '15', '2023-04-13 22:04:14.764607', '2023-04-13 22:04:17.764607', 'False', 'None', 'SELECT shipping_address FROM Orders', '3', '1');
INSERT INTO "QueryColumnAccess" ("queryId", "columnId")
    VALUES ('567', '6');
INSERT INTO "QueryTableAccess" ("queryId", "tableId")
    VALUES ('567', '5');
SELECT 'first_name' FROM Authors;
INSERT INTO "SqlQuery" ("queryId", "userId", "issuedAt", "finishedAt", "hasError", "errorMessage", "statement", "projectId", "queryTypeId")
    VALUES ('568', '9', '2023-06-14 22:04:14.764613', '2023-06-14 22:04:16.764613', 'False', 'None', 'SELECT first_name FROM Authors', '3', '1');
INSERT INTO "QueryColumnAccess" ("queryId", "columnId")
    VALUES ('568', '2');
INSERT INTO "QueryTableAccess" ("queryId", "tableId")
    VALUES ('568', '2');
SELECT 'country' FROM Authors;
INSERT INTO "SqlQuery" ("queryId", "userId", "issuedAt", "finishedAt", "hasError", "errorMessage", "statement", "projectId", "queryTypeId")
    VALUES ('569', '6', '2023-05-21 22:04:14.764619', '2023-05-21 22:04:17.764619', 'False', 'None', 'SELECT country FROM Authors', '3', '1');
INSERT INTO "QueryColumnAccess" ("queryId", "columnId")
    VALUES ('569', '5');
INSERT INTO "QueryTableAccess" ("queryId", "tableId")
    VALUES ('569', '2');
SELECT 'publisher_id' FROM Publishers;
INSERT INTO "SqlQuery" ("queryId", "userId", "issuedAt", "finishedAt", "hasError", "errorMessage", "statement", "projectId", "queryTypeId")
    VALUES ('570', '4', '2023-06-23 22:04:14.764625', '2023-06-23 22:04:16.764625', 'False', 'None', 'SELECT publisher_id FROM Publishers', '3', '1');
INSERT INTO "QueryColumnAccess" ("queryId", "columnId")
    VALUES ('570', '1');
INSERT INTO "QueryTableAccess" ("queryId", "tableId")
    VALUES ('570', '3');
SELECT 'country' FROM Authors;
INSERT INTO "SqlQuery" ("queryId", "userId", "issuedAt", "finishedAt", "hasError", "errorMessage", "statement", "projectId", "queryTypeId")
    VALUES ('571', '13', '2023-05-21 22:04:14.764632', '2023-05-21 22:04:17.764632', 'False', 'None', 'SELECT country FROM Authors', '3', '1');
INSERT INTO "QueryColumnAccess" ("queryId", "columnId")
    VALUES ('571', '5');
INSERT INTO "QueryTableAccess" ("queryId", "tableId")
    VALUES ('571', '2');
SELECT 'shipping_city' FROM Orders;
INSERT INTO "SqlQuery" ("queryId", "userId", "issuedAt", "finishedAt", "hasError", "errorMessage", "statement", "projectId", "queryTypeId")
    VALUES ('572', '10', '2023-06-24 22:04:14.764638', '2023-06-24 22:04:18.764638', 'False', 'None', 'SELECT shipping_city FROM Orders', '3', '1');
INSERT INTO "QueryColumnAccess" ("queryId", "columnId")
    VALUES ('572', '7');
INSERT INTO "QueryTableAccess" ("queryId", "tableId")
    VALUES ('572', '5');
SELECT 'author' FROM Books;
INSERT INTO "SqlQuery" ("queryId", "userId", "issuedAt", "finishedAt", "hasError", "errorMessage", "statement", "projectId", "queryTypeId")
    VALUES ('573', '9', '2023-04-12 22:04:14.764644', '2023-04-12 22:04:16.764644', 'False', 'None', 'SELECT author FROM Books', '3', '1');
INSERT INTO "QueryColumnAccess" ("queryId", "columnId")
    VALUES ('573', '3');
INSERT INTO "QueryTableAccess" ("queryId", "tableId")
    VALUES ('573', '1');
SELECT 'publisher' FROM Books;
INSERT INTO "SqlQuery" ("queryId", "userId", "issuedAt", "finishedAt", "hasError", "errorMessage", "statement", "projectId", "queryTypeId")
    VALUES ('574', '11', '2023-04-22 22:04:14.764650', '2023-04-22 22:04:15.764650', 'False', 'None', 'SELECT publisher FROM Books', '3', '1');
INSERT INTO "QueryColumnAccess" ("queryId", "columnId")
    VALUES ('574', '5');
INSERT INTO "QueryTableAccess" ("queryId", "tableId")
    VALUES ('574', '1');
SELECT 'website' FROM Publishers;
INSERT INTO "SqlQuery" ("queryId", "userId", "issuedAt", "finishedAt", "hasError", "errorMessage", "statement", "projectId", "queryTypeId")
    VALUES ('575', '14', '2023-05-17 22:04:14.764656', '2023-05-17 22:04:17.764656', 'False', 'None', 'SELECT website FROM Publishers', '3', '1');
INSERT INTO "QueryColumnAccess" ("queryId", "columnId")
    VALUES ('575', '5');
INSERT INTO "QueryTableAccess" ("queryId", "tableId")
    VALUES ('575', '3');
SELECT 'customer_id' FROM Orders;
INSERT INTO "SqlQuery" ("queryId", "userId", "issuedAt", "finishedAt", "hasError", "errorMessage", "statement", "projectId", "queryTypeId")
    VALUES ('576', '12', '2023-04-15 22:04:14.764662', '2023-04-15 22:04:16.764662', 'False', 'None', 'SELECT customer_id FROM Orders', '3', '1');
INSERT INTO "QueryColumnAccess" ("queryId", "columnId")
    VALUES ('576', '2');
INSERT INTO "QueryTableAccess" ("queryId", "tableId")
    VALUES ('576', '5');
SELECT 'established_date' FROM Publishers;
INSERT INTO "SqlQuery" ("queryId", "userId", "issuedAt", "finishedAt", "hasError", "errorMessage", "statement", "projectId", "queryTypeId")
    VALUES ('577', '13', '2023-06-07 22:04:14.764679', '2023-06-07 22:04:18.764679', 'False', 'None', 'SELECT established_date FROM Publishers', '3', '1');
INSERT INTO "QueryColumnAccess" ("queryId", "columnId")
    VALUES ('577', '3');
INSERT INTO "QueryTableAccess" ("queryId", "tableId")
    VALUES ('577', '3');
SELECT 'country' FROM Publishers;
INSERT INTO "SqlQuery" ("queryId", "userId", "issuedAt", "finishedAt", "hasError", "errorMessage", "statement", "projectId", "queryTypeId")
    VALUES ('578', '10', '2023-05-30 22:04:14.764685', '2023-05-30 22:04:15.764685', 'False', 'None', 'SELECT country FROM Publishers', '3', '1');
INSERT INTO "QueryColumnAccess" ("queryId", "columnId")
    VALUES ('578', '4');
INSERT INTO "QueryTableAccess" ("queryId", "tableId")
    VALUES ('578', '3');
SELECT 'established_date' FROM Publishers;
INSERT INTO "SqlQuery" ("queryId", "userId", "issuedAt", "finishedAt", "hasError", "errorMessage", "statement", "projectId", "queryTypeId")
    VALUES ('579', '8', '2023-06-02 22:04:14.764692', '2023-06-02 22:04:17.764692', 'False', 'None', 'SELECT established_date FROM Publishers', '3', '1');
INSERT INTO "QueryColumnAccess" ("queryId", "columnId")
    VALUES ('579', '3');
INSERT INTO "QueryTableAccess" ("queryId", "tableId")
    VALUES ('579', '3');
SELECT 'publication_date' FROM Books;
INSERT INTO "SqlQuery" ("queryId", "userId", "issuedAt", "finishedAt", "hasError", "errorMessage", "statement", "projectId", "queryTypeId")
    VALUES ('580', '2', '2023-05-28 22:04:14.764698', '2023-05-28 22:04:15.764698', 'False', 'None', 'SELECT publication_date FROM Books', '3', '1');
INSERT INTO "QueryColumnAccess" ("queryId", "columnId")
    VALUES ('580', '4');
INSERT INTO "QueryTableAccess" ("queryId", "tableId")
    VALUES ('580', '1');
SELECT 'last_name' FROM Customers;
INSERT INTO "SqlQuery" ("queryId", "userId", "issuedAt", "finishedAt", "hasError", "errorMessage", "statement", "projectId", "queryTypeId")
    VALUES ('581', '10', '2023-06-13 22:04:14.764704', '2023-06-13 22:04:15.764704', 'False', 'None', 'SELECT last_name FROM Customers', '3', '1');
INSERT INTO "QueryColumnAccess" ("queryId", "columnId")
    VALUES ('581', '3');
INSERT INTO "QueryTableAccess" ("queryId", "tableId")
    VALUES ('581', '4');
SELECT 'website' FROM Publishers;
INSERT INTO "SqlQuery" ("queryId", "userId", "issuedAt", "finishedAt", "hasError", "errorMessage", "statement", "projectId", "queryTypeId")
    VALUES ('582', '8', '2023-04-11 22:04:14.764710', '2023-04-11 22:04:17.764710', 'False', 'None', 'SELECT website FROM Publishers', '3', '1');
INSERT INTO "QueryColumnAccess" ("queryId", "columnId")
    VALUES ('582', '5');
INSERT INTO "QueryTableAccess" ("queryId", "tableId")
    VALUES ('582', '3');
SELECT 'title' FROM Books;
INSERT INTO "SqlQuery" ("queryId", "userId", "issuedAt", "finishedAt", "hasError", "errorMessage", "statement", "projectId", "queryTypeId")
    VALUES ('583', '4', '2023-04-27 22:04:14.764716', '2023-04-27 22:04:15.764716', 'False', 'None', 'SELECT title FROM Books', '3', '1');
INSERT INTO "QueryColumnAccess" ("queryId", "columnId")
    VALUES ('583', '2');
INSERT INTO "QueryTableAccess" ("queryId", "tableId")
    VALUES ('583', '1');
SELECT 'order_id' FROM Orders;
INSERT INTO "SqlQuery" ("queryId", "userId", "issuedAt", "finishedAt", "hasError", "errorMessage", "statement", "projectId", "queryTypeId")
    VALUES ('584', '1', '2023-06-14 22:04:14.764723', '2023-06-14 22:04:17.764723', 'False', 'None', 'SELECT order_id FROM Orders', '3', '1');
INSERT INTO "QueryColumnAccess" ("queryId", "columnId")
    VALUES ('584', '1');
INSERT INTO "QueryTableAccess" ("queryId", "tableId")
    VALUES ('584', '5');
SELECT 'author_id' FROM Authors;
INSERT INTO "SqlQuery" ("queryId", "userId", "issuedAt", "finishedAt", "hasError", "errorMessage", "statement", "projectId", "queryTypeId")
    VALUES ('585', '9', '2023-05-04 22:04:14.764729', '2023-05-04 22:04:18.764729', 'False', 'None', 'SELECT author_id FROM Authors', '3', '1');
INSERT INTO "QueryColumnAccess" ("queryId", "columnId")
    VALUES ('585', '1');
INSERT INTO "QueryTableAccess" ("queryId", "tableId")
    VALUES ('585', '2');
SELECT 'publication_date' FROM Books;
INSERT INTO "SqlQuery" ("queryId", "userId", "issuedAt", "finishedAt", "hasError", "errorMessage", "statement", "projectId", "queryTypeId")
    VALUES ('586', '9', '2023-05-22 22:04:14.764735', '2023-05-22 22:04:18.764735', 'False', 'None', 'SELECT publication_date FROM Books', '3', '1');
INSERT INTO "QueryColumnAccess" ("queryId", "columnId")
    VALUES ('586', '4');
INSERT INTO "QueryTableAccess" ("queryId", "tableId")
    VALUES ('586', '1');
SELECT 'email' FROM Customers;
INSERT INTO "SqlQuery" ("queryId", "userId", "issuedAt", "finishedAt", "hasError", "errorMessage", "statement", "projectId", "queryTypeId")
    VALUES ('587', '15', '2023-06-26 22:04:14.764741', '2023-06-26 22:04:16.764741', 'False', 'None', 'SELECT email FROM Customers', '3', '1');
INSERT INTO "QueryColumnAccess" ("queryId", "columnId")
    VALUES ('587', '4');
INSERT INTO "QueryTableAccess" ("queryId", "tableId")
    VALUES ('587', '4');
SELECT 'country' FROM Publishers;
INSERT INTO "SqlQuery" ("queryId", "userId", "issuedAt", "finishedAt", "hasError", "errorMessage", "statement", "projectId", "queryTypeId")
    VALUES ('588', '11', '2023-05-03 22:04:14.764747', '2023-05-03 22:04:15.764747', 'False', 'None', 'SELECT country FROM Publishers', '3', '1');
INSERT INTO "QueryColumnAccess" ("queryId", "columnId")
    VALUES ('588', '4');
INSERT INTO "QueryTableAccess" ("queryId", "tableId")
    VALUES ('588', '3');
SELECT 'publisher_id' FROM Publishers;
INSERT INTO "SqlQuery" ("queryId", "userId", "issuedAt", "finishedAt", "hasError", "errorMessage", "statement", "projectId", "queryTypeId")
    VALUES ('589', '9', '2023-07-09 22:04:14.764753', '2023-07-09 22:04:18.764753', 'False', 'None', 'SELECT publisher_id FROM Publishers', '3', '1');
INSERT INTO "QueryColumnAccess" ("queryId", "columnId")
    VALUES ('589', '1');
INSERT INTO "QueryTableAccess" ("queryId", "tableId")
    VALUES ('589', '3');
SELECT 'last_name' FROM Authors;
INSERT INTO "SqlQuery" ("queryId", "userId", "issuedAt", "finishedAt", "hasError", "errorMessage", "statement", "projectId", "queryTypeId")
    VALUES ('590', '1', '2023-05-10 22:04:14.764759', '2023-05-10 22:04:15.764759', 'False', 'None', 'SELECT last_name FROM Authors', '3', '1');
INSERT INTO "QueryColumnAccess" ("queryId", "columnId")
    VALUES ('590', '3');
INSERT INTO "QueryTableAccess" ("queryId", "tableId")
    VALUES ('590', '2');
SELECT 'city' FROM Customers;
INSERT INTO "SqlQuery" ("queryId", "userId", "issuedAt", "finishedAt", "hasError", "errorMessage", "statement", "projectId", "queryTypeId")
    VALUES ('591', '2', '2023-04-12 22:04:14.764766', '2023-04-12 22:04:15.764766', 'False', 'None', 'SELECT city FROM Customers', '3', '1');
INSERT INTO "QueryColumnAccess" ("queryId", "columnId")
    VALUES ('591', '7');
INSERT INTO "QueryTableAccess" ("queryId", "tableId")
    VALUES ('591', '4');
SELECT 'website' FROM Publishers;
INSERT INTO "SqlQuery" ("queryId", "userId", "issuedAt", "finishedAt", "hasError", "errorMessage", "statement", "projectId", "queryTypeId")
    VALUES ('592', '12', '2023-06-03 22:04:14.764772', '2023-06-03 22:04:16.764772', 'False', 'None', 'SELECT website FROM Publishers', '3', '1');
INSERT INTO "QueryColumnAccess" ("queryId", "columnId")
    VALUES ('592', '5');
INSERT INTO "QueryTableAccess" ("queryId", "tableId")
    VALUES ('592', '3');
SELECT 'state' FROM Customers;
INSERT INTO "SqlQuery" ("queryId", "userId", "issuedAt", "finishedAt", "hasError", "errorMessage", "statement", "projectId", "queryTypeId")
    VALUES ('593', '12', '2023-05-09 22:04:14.764782', '2023-05-09 22:04:15.764782', 'False', 'None', 'SELECT state FROM Customers', '3', '1');
INSERT INTO "QueryColumnAccess" ("queryId", "columnId")
    VALUES ('593', '8');
INSERT INTO "QueryTableAccess" ("queryId", "tableId")
    VALUES ('593', '4');
SELECT 'author' FROM Books;
INSERT INTO "SqlQuery" ("queryId", "userId", "issuedAt", "finishedAt", "hasError", "errorMessage", "statement", "projectId", "queryTypeId")
    VALUES ('594', '13', '2023-06-14 22:04:14.764789', '2023-06-14 22:04:16.764789', 'False', 'None', 'SELECT author FROM Books', '3', '1');
INSERT INTO "QueryColumnAccess" ("queryId", "columnId")
    VALUES ('594', '3');
INSERT INTO "QueryTableAccess" ("queryId", "tableId")
    VALUES ('594', '1');
SELECT 'country' FROM Customers;
INSERT INTO "SqlQuery" ("queryId", "userId", "issuedAt", "finishedAt", "hasError", "errorMessage", "statement", "projectId", "queryTypeId")
    VALUES ('595', '1', '2023-06-27 22:04:14.764796', '2023-06-27 22:04:17.764796', 'False', 'None', 'SELECT country FROM Customers', '3', '1');
INSERT INTO "QueryColumnAccess" ("queryId", "columnId")
    VALUES ('595', '10');
INSERT INTO "QueryTableAccess" ("queryId", "tableId")
    VALUES ('595', '4');
SELECT 'last_name' FROM Authors;
INSERT INTO "SqlQuery" ("queryId", "userId", "issuedAt", "finishedAt", "hasError", "errorMessage", "statement", "projectId", "queryTypeId")
    VALUES ('596', '10', '2023-04-30 22:04:14.764802', '2023-04-30 22:04:17.764802', 'False', 'None', 'SELECT last_name FROM Authors', '3', '1');
INSERT INTO "QueryColumnAccess" ("queryId", "columnId")
    VALUES ('596', '3');
INSERT INTO "QueryTableAccess" ("queryId", "tableId")
    VALUES ('596', '2');
SELECT 'city' FROM Customers;
INSERT INTO "SqlQuery" ("queryId", "userId", "issuedAt", "finishedAt", "hasError", "errorMessage", "statement", "projectId", "queryTypeId")
    VALUES ('597', '10', '2023-05-30 22:04:14.764808', '2023-05-30 22:04:17.764808', 'False', 'None', 'SELECT city FROM Customers', '3', '1');
INSERT INTO "QueryColumnAccess" ("queryId", "columnId")
    VALUES ('597', '7');
INSERT INTO "QueryTableAccess" ("queryId", "tableId")
    VALUES ('597', '4');
SELECT 'last_name' FROM Customers;
INSERT INTO "SqlQuery" ("queryId", "userId", "issuedAt", "finishedAt", "hasError", "errorMessage", "statement", "projectId", "queryTypeId")
    VALUES ('598', '15', '2023-06-30 22:04:14.764814', '2023-06-30 22:04:16.764814', 'False', 'None', 'SELECT last_name FROM Customers', '3', '1');
INSERT INTO "QueryColumnAccess" ("queryId", "columnId")
    VALUES ('598', '3');
INSERT INTO "QueryTableAccess" ("queryId", "tableId")
    VALUES ('598', '4');
SELECT 'country' FROM Publishers;
INSERT INTO "SqlQuery" ("queryId", "userId", "issuedAt", "finishedAt", "hasError", "errorMessage", "statement", "projectId", "queryTypeId")
    VALUES ('599', '8', '2023-06-02 22:04:14.764820', '2023-06-02 22:04:17.764820', 'False', 'None', 'SELECT country FROM Publishers', '3', '1');
INSERT INTO "QueryColumnAccess" ("queryId", "columnId")
    VALUES ('599', '4');
INSERT INTO "QueryTableAccess" ("queryId", "tableId")
    VALUES ('599', '3');
SELECT 'order_id' FROM Orders;
INSERT INTO "SqlQuery" ("queryId", "userId", "issuedAt", "finishedAt", "hasError", "errorMessage", "statement", "projectId", "queryTypeId")
    VALUES ('600', '10', '2023-05-18 22:04:14.764827', '2023-05-18 22:04:15.764827', 'False', 'None', 'SELECT order_id FROM Orders', '3', '1');
INSERT INTO "QueryColumnAccess" ("queryId", "columnId")
    VALUES ('600', '1');
INSERT INTO "QueryTableAccess" ("queryId", "tableId")
    VALUES ('600', '5');
SELECT 'last_name' FROM Authors;
INSERT INTO "SqlQuery" ("queryId", "userId", "issuedAt", "finishedAt", "hasError", "errorMessage", "statement", "projectId", "queryTypeId")
    VALUES ('601', '4', '2023-06-17 22:04:14.764833', '2023-06-17 22:04:16.764833', 'False', 'None', 'SELECT last_name FROM Authors', '3', '1');
INSERT INTO "QueryColumnAccess" ("queryId", "columnId")
    VALUES ('601', '3');
INSERT INTO "QueryTableAccess" ("queryId", "tableId")
    VALUES ('601', '2');
SELECT 'publication_date' FROM Books;
INSERT INTO "SqlQuery" ("queryId", "userId", "issuedAt", "finishedAt", "hasError", "errorMessage", "statement", "projectId", "queryTypeId")
    VALUES ('602', '11', '2023-04-26 22:04:14.764839', '2023-04-26 22:04:16.764839', 'False', 'None', 'SELECT publication_date FROM Books', '3', '1');
INSERT INTO "QueryColumnAccess" ("queryId", "columnId")
    VALUES ('602', '4');
INSERT INTO "QueryTableAccess" ("queryId", "tableId")
    VALUES ('602', '1');
SELECT 'email' FROM Customers;
INSERT INTO "SqlQuery" ("queryId", "userId", "issuedAt", "finishedAt", "hasError", "errorMessage", "statement", "projectId", "queryTypeId")
    VALUES ('603', '2', '2023-05-27 22:04:14.764845', '2023-05-27 22:04:15.764845', 'False', 'None', 'SELECT email FROM Customers', '3', '1');
INSERT INTO "QueryColumnAccess" ("queryId", "columnId")
    VALUES ('603', '4');
INSERT INTO "QueryTableAccess" ("queryId", "tableId")
    VALUES ('603', '4');
SELECT 'shipping_address' FROM Orders;
INSERT INTO "SqlQuery" ("queryId", "userId", "issuedAt", "finishedAt", "hasError", "errorMessage", "statement", "projectId", "queryTypeId")
    VALUES ('604', '6', '2023-05-25 22:04:14.764851', '2023-05-25 22:04:16.764851', 'False', 'None', 'SELECT shipping_address FROM Orders', '3', '1');
INSERT INTO "QueryColumnAccess" ("queryId", "columnId")
    VALUES ('604', '6');
INSERT INTO "QueryTableAccess" ("queryId", "tableId")
    VALUES ('604', '5');
SELECT 'publication_date' FROM Books;
INSERT INTO "SqlQuery" ("queryId", "userId", "issuedAt", "finishedAt", "hasError", "errorMessage", "statement", "projectId", "queryTypeId")
    VALUES ('605', '13', '2023-06-14 22:04:14.764857', '2023-06-14 22:04:15.764857', 'False', 'None', 'SELECT publication_date FROM Books', '3', '1');
INSERT INTO "QueryColumnAccess" ("queryId", "columnId")
    VALUES ('605', '4');
INSERT INTO "QueryTableAccess" ("queryId", "tableId")
    VALUES ('605', '1');
SELECT 'book_id' FROM Books;
INSERT INTO "SqlQuery" ("queryId", "userId", "issuedAt", "finishedAt", "hasError", "errorMessage", "statement", "projectId", "queryTypeId")
    VALUES ('606', '1', '2023-04-28 22:04:14.764864', '2023-04-28 22:04:18.764864', 'False', 'None', 'SELECT book_id FROM Books', '3', '1');
INSERT INTO "QueryColumnAccess" ("queryId", "columnId")
    VALUES ('606', '1');
INSERT INTO "QueryTableAccess" ("queryId", "tableId")
    VALUES ('606', '1');
SELECT 'first_name' FROM Authors;
INSERT INTO "SqlQuery" ("queryId", "userId", "issuedAt", "finishedAt", "hasError", "errorMessage", "statement", "projectId", "queryTypeId")
    VALUES ('607', '3', '2023-06-06 22:04:14.764870', '2023-06-06 22:04:18.764870', 'False', 'None', 'SELECT first_name FROM Authors', '3', '1');
INSERT INTO "QueryColumnAccess" ("queryId", "columnId")
    VALUES ('607', '2');
INSERT INTO "QueryTableAccess" ("queryId", "tableId")
    VALUES ('607', '2');
SELECT 'title' FROM Books;
INSERT INTO "SqlQuery" ("queryId", "userId", "issuedAt", "finishedAt", "hasError", "errorMessage", "statement", "projectId", "queryTypeId")
    VALUES ('608', '15', '2023-07-08 22:04:14.764876', '2023-07-08 22:04:18.764876', 'False', 'None', 'SELECT title FROM Books', '3', '1');
INSERT INTO "QueryColumnAccess" ("queryId", "columnId")
    VALUES ('608', '2');
INSERT INTO "QueryTableAccess" ("queryId", "tableId")
    VALUES ('608', '1');
SELECT 'total_amount' FROM Orders;
INSERT INTO "SqlQuery" ("queryId", "userId", "issuedAt", "finishedAt", "hasError", "errorMessage", "statement", "projectId", "queryTypeId")
    VALUES ('609', '5', '2023-07-07 22:04:14.764882', '2023-07-07 22:04:17.764882', 'False', 'None', 'SELECT total_amount FROM Orders', '3', '1');
INSERT INTO "QueryColumnAccess" ("queryId", "columnId")
    VALUES ('609', '4');
INSERT INTO "QueryTableAccess" ("queryId", "tableId")
    VALUES ('609', '5');
SELECT 'first_name' FROM Authors;
INSERT INTO "SqlQuery" ("queryId", "userId", "issuedAt", "finishedAt", "hasError", "errorMessage", "statement", "projectId", "queryTypeId")
    VALUES ('610', '4', '2023-06-12 22:04:14.764892', '2023-06-12 22:04:16.764892', 'False', 'None', 'SELECT first_name FROM Authors', '3', '1');
INSERT INTO "QueryColumnAccess" ("queryId", "columnId")
    VALUES ('610', '2');
INSERT INTO "QueryTableAccess" ("queryId", "tableId")
    VALUES ('610', '2');
SELECT 'publisher_id' FROM Publishers;
INSERT INTO "SqlQuery" ("queryId", "userId", "issuedAt", "finishedAt", "hasError", "errorMessage", "statement", "projectId", "queryTypeId")
    VALUES ('611', '9', '2023-04-23 22:04:14.764898', '2023-04-23 22:04:17.764898', 'False', 'None', 'SELECT publisher_id FROM Publishers', '3', '1');
INSERT INTO "QueryColumnAccess" ("queryId", "columnId")
    VALUES ('611', '1');
INSERT INTO "QueryTableAccess" ("queryId", "tableId")
    VALUES ('611', '3');
SELECT 'title' FROM Books;
INSERT INTO "SqlQuery" ("queryId", "userId", "issuedAt", "finishedAt", "hasError", "errorMessage", "statement", "projectId", "queryTypeId")
    VALUES ('612', '8', '2023-06-30 22:04:14.764904', '2023-06-30 22:04:15.764904', 'False', 'None', 'SELECT title FROM Books', '3', '1');
INSERT INTO "QueryColumnAccess" ("queryId", "columnId")
    VALUES ('612', '2');
INSERT INTO "QueryTableAccess" ("queryId", "tableId")
    VALUES ('612', '1');
SELECT 'phone_number' FROM Customers;
INSERT INTO "SqlQuery" ("queryId", "userId", "issuedAt", "finishedAt", "hasError", "errorMessage", "statement", "projectId", "queryTypeId")
    VALUES ('613', '2', '2023-05-19 22:04:14.764911', '2023-05-19 22:04:15.764911', 'False', 'None', 'SELECT phone_number FROM Customers', '3', '1');
INSERT INTO "QueryColumnAccess" ("queryId", "columnId")
    VALUES ('613', '5');
INSERT INTO "QueryTableAccess" ("queryId", "tableId")
    VALUES ('613', '4');
SELECT 'shipping_zip_code' FROM Orders;
INSERT INTO "SqlQuery" ("queryId", "userId", "issuedAt", "finishedAt", "hasError", "errorMessage", "statement", "projectId", "queryTypeId")
    VALUES ('614', '3', '2023-04-22 22:04:14.764917', '2023-04-22 22:04:18.764917', 'False', 'None', 'SELECT shipping_zip_code FROM Orders', '3', '1');
INSERT INTO "QueryColumnAccess" ("queryId", "columnId")
    VALUES ('614', '9');
INSERT INTO "QueryTableAccess" ("queryId", "tableId")
    VALUES ('614', '5');
SELECT 'publisher' FROM Books;
INSERT INTO "SqlQuery" ("queryId", "userId", "issuedAt", "finishedAt", "hasError", "errorMessage", "statement", "projectId", "queryTypeId")
    VALUES ('615', '11', '2023-06-10 22:04:14.764923', '2023-06-10 22:04:17.764923', 'False', 'None', 'SELECT publisher FROM Books', '3', '1');
INSERT INTO "QueryColumnAccess" ("queryId", "columnId")
    VALUES ('615', '5');
INSERT INTO "QueryTableAccess" ("queryId", "tableId")
    VALUES ('615', '1');
SELECT 'last_name' FROM Customers;
INSERT INTO "SqlQuery" ("queryId", "userId", "issuedAt", "finishedAt", "hasError", "errorMessage", "statement", "projectId", "queryTypeId")
    VALUES ('616', '11', '2023-07-02 22:04:14.764929', '2023-07-02 22:04:18.764929', 'False', 'None', 'SELECT last_name FROM Customers', '3', '1');
INSERT INTO "QueryColumnAccess" ("queryId", "columnId")
    VALUES ('616', '3');
INSERT INTO "QueryTableAccess" ("queryId", "tableId")
    VALUES ('616', '4');
SELECT 'phone_number' FROM Customers;
INSERT INTO "SqlQuery" ("queryId", "userId", "issuedAt", "finishedAt", "hasError", "errorMessage", "statement", "projectId", "queryTypeId")
    VALUES ('617', '8', '2023-07-09 22:04:14.764936', '2023-07-09 22:04:15.764936', 'False', 'None', 'SELECT phone_number FROM Customers', '3', '1');
INSERT INTO "QueryColumnAccess" ("queryId", "columnId")
    VALUES ('617', '5');
INSERT INTO "QueryTableAccess" ("queryId", "tableId")
    VALUES ('617', '4');
SELECT 'established_date' FROM Publishers;
INSERT INTO "SqlQuery" ("queryId", "userId", "issuedAt", "finishedAt", "hasError", "errorMessage", "statement", "projectId", "queryTypeId")
    VALUES ('618', '10', '2023-05-29 22:04:14.764942', '2023-05-29 22:04:15.764942', 'False', 'None', 'SELECT established_date FROM Publishers', '3', '1');
INSERT INTO "QueryColumnAccess" ("queryId", "columnId")
    VALUES ('618', '3');
INSERT INTO "QueryTableAccess" ("queryId", "tableId")
    VALUES ('618', '3');
SELECT 'order_id' FROM Orders;
INSERT INTO "SqlQuery" ("queryId", "userId", "issuedAt", "finishedAt", "hasError", "errorMessage", "statement", "projectId", "queryTypeId")
    VALUES ('619', '6', '2023-04-14 22:04:14.764948', '2023-04-14 22:04:17.764948', 'False', 'None', 'SELECT order_id FROM Orders', '3', '1');
INSERT INTO "QueryColumnAccess" ("queryId", "columnId")
    VALUES ('619', '1');
INSERT INTO "QueryTableAccess" ("queryId", "tableId")
    VALUES ('619', '5');
SELECT 'author_id' FROM Authors;
INSERT INTO "SqlQuery" ("queryId", "userId", "issuedAt", "finishedAt", "hasError", "errorMessage", "statement", "projectId", "queryTypeId")
    VALUES ('620', '8', '2023-07-05 22:04:14.764954', '2023-07-05 22:04:16.764954', 'False', 'None', 'SELECT author_id FROM Authors', '3', '1');
INSERT INTO "QueryColumnAccess" ("queryId", "columnId")
    VALUES ('620', '1');
INSERT INTO "QueryTableAccess" ("queryId", "tableId")
    VALUES ('620', '2');
SELECT 'category_id' FROM Books;
INSERT INTO "SqlQuery" ("queryId", "userId", "issuedAt", "finishedAt", "hasError", "errorMessage", "statement", "projectId", "queryTypeId")
    VALUES ('621', '13', '2023-05-31 22:04:14.764960', '2023-05-31 22:04:16.764960', 'False', 'None', 'SELECT category_id FROM Books', '3', '1');
INSERT INTO "QueryColumnAccess" ("queryId", "columnId")
    VALUES ('621', '7');
INSERT INTO "QueryTableAccess" ("queryId", "tableId")
    VALUES ('621', '1');
SELECT 'category_id' FROM Books;
INSERT INTO "SqlQuery" ("queryId", "userId", "issuedAt", "finishedAt", "hasError", "errorMessage", "statement", "projectId", "queryTypeId")
    VALUES ('622', '4', '2023-05-19 22:04:14.764967', '2023-05-19 22:04:16.764967', 'False', 'None', 'SELECT category_id FROM Books', '3', '1');
INSERT INTO "QueryColumnAccess" ("queryId", "columnId")
    VALUES ('622', '7');
INSERT INTO "QueryTableAccess" ("queryId", "tableId")
    VALUES ('622', '1');
SELECT 'category_id' FROM Books;
INSERT INTO "SqlQuery" ("queryId", "userId", "issuedAt", "finishedAt", "hasError", "errorMessage", "statement", "projectId", "queryTypeId")
    VALUES ('623', '12', '2023-06-24 22:04:14.764973', '2023-06-24 22:04:17.764973', 'False', 'None', 'SELECT category_id FROM Books', '3', '1');
INSERT INTO "QueryColumnAccess" ("queryId", "columnId")
    VALUES ('623', '7');
INSERT INTO "QueryTableAccess" ("queryId", "tableId")
    VALUES ('623', '1');
SELECT 'country' FROM Authors;
INSERT INTO "SqlQuery" ("queryId", "userId", "issuedAt", "finishedAt", "hasError", "errorMessage", "statement", "projectId", "queryTypeId")
    VALUES ('624', '11', '2023-06-11 22:04:14.764979', '2023-06-11 22:04:15.764979', 'False', 'None', 'SELECT country FROM Authors', '3', '1');
INSERT INTO "QueryColumnAccess" ("queryId", "columnId")
    VALUES ('624', '5');
INSERT INTO "QueryTableAccess" ("queryId", "tableId")
    VALUES ('624', '2');
SELECT 'publisher' FROM Books;
INSERT INTO "SqlQuery" ("queryId", "userId", "issuedAt", "finishedAt", "hasError", "errorMessage", "statement", "projectId", "queryTypeId")
    VALUES ('625', '3', '2023-06-07 22:04:14.764985', '2023-06-07 22:04:15.764985', 'False', 'None', 'SELECT publisher FROM Books', '3', '1');
INSERT INTO "QueryColumnAccess" ("queryId", "columnId")
    VALUES ('625', '5');
INSERT INTO "QueryTableAccess" ("queryId", "tableId")
    VALUES ('625', '1');
SELECT 'title' FROM Books;
INSERT INTO "SqlQuery" ("queryId", "userId", "issuedAt", "finishedAt", "hasError", "errorMessage", "statement", "projectId", "queryTypeId")
    VALUES ('626', '11', '2023-05-08 22:04:14.764991', '2023-05-08 22:04:18.764991', 'False', 'None', 'SELECT title FROM Books', '3', '1');
INSERT INTO "QueryColumnAccess" ("queryId", "columnId")
    VALUES ('626', '2');
INSERT INTO "QueryTableAccess" ("queryId", "tableId")
    VALUES ('626', '1');
SELECT 'website' FROM Publishers;
INSERT INTO "SqlQuery" ("queryId", "userId", "issuedAt", "finishedAt", "hasError", "errorMessage", "statement", "projectId", "queryTypeId")
    VALUES ('627', '12', '2023-04-18 22:04:14.765003', '2023-04-18 22:04:17.765003', 'False', 'None', 'SELECT website FROM Publishers', '3', '1');
INSERT INTO "QueryColumnAccess" ("queryId", "columnId")
    VALUES ('627', '5');
INSERT INTO "QueryTableAccess" ("queryId", "tableId")
    VALUES ('627', '3');
SELECT 'country' FROM Publishers;
INSERT INTO "SqlQuery" ("queryId", "userId", "issuedAt", "finishedAt", "hasError", "errorMessage", "statement", "projectId", "queryTypeId")
    VALUES ('628', '4', '2023-04-11 22:04:14.765009', '2023-04-11 22:04:18.765009', 'False', 'None', 'SELECT country FROM Publishers', '3', '1');
INSERT INTO "QueryColumnAccess" ("queryId", "columnId")
    VALUES ('628', '4');
INSERT INTO "QueryTableAccess" ("queryId", "tableId")
    VALUES ('628', '3');
SELECT 'book_id' FROM Books;
INSERT INTO "SqlQuery" ("queryId", "userId", "issuedAt", "finishedAt", "hasError", "errorMessage", "statement", "projectId", "queryTypeId")
    VALUES ('629', '5', '2023-05-26 22:04:14.765016', '2023-05-26 22:04:18.765016', 'False', 'None', 'SELECT book_id FROM Books', '3', '1');
INSERT INTO "QueryColumnAccess" ("queryId", "columnId")
    VALUES ('629', '1');
INSERT INTO "QueryTableAccess" ("queryId", "tableId")
    VALUES ('629', '1');
SELECT 'city' FROM Customers;
INSERT INTO "SqlQuery" ("queryId", "userId", "issuedAt", "finishedAt", "hasError", "errorMessage", "statement", "projectId", "queryTypeId")
    VALUES ('630', '7', '2023-05-21 22:04:14.765022', '2023-05-21 22:04:17.765022', 'False', 'None', 'SELECT city FROM Customers', '3', '1');
INSERT INTO "QueryColumnAccess" ("queryId", "columnId")
    VALUES ('630', '7');
INSERT INTO "QueryTableAccess" ("queryId", "tableId")
    VALUES ('630', '4');
SELECT 'publication_date' FROM Books;
INSERT INTO "SqlQuery" ("queryId", "userId", "issuedAt", "finishedAt", "hasError", "errorMessage", "statement", "projectId", "queryTypeId")
    VALUES ('631', '14', '2023-05-17 22:04:14.765028', '2023-05-17 22:04:16.765028', 'False', 'None', 'SELECT publication_date FROM Books', '3', '1');
INSERT INTO "QueryColumnAccess" ("queryId", "columnId")
    VALUES ('631', '4');
INSERT INTO "QueryTableAccess" ("queryId", "tableId")
    VALUES ('631', '1');
SELECT 'country' FROM Customers;
INSERT INTO "SqlQuery" ("queryId", "userId", "issuedAt", "finishedAt", "hasError", "errorMessage", "statement", "projectId", "queryTypeId")
    VALUES ('632', '10', '2023-06-05 22:04:14.765034', '2023-06-05 22:04:18.765034', 'False', 'None', 'SELECT country FROM Customers', '3', '1');
INSERT INTO "QueryColumnAccess" ("queryId", "columnId")
    VALUES ('632', '10');
INSERT INTO "QueryTableAccess" ("queryId", "tableId")
    VALUES ('632', '4');
SELECT 'publisher' FROM Books;
INSERT INTO "SqlQuery" ("queryId", "userId", "issuedAt", "finishedAt", "hasError", "errorMessage", "statement", "projectId", "queryTypeId")
    VALUES ('633', '13', '2023-05-20 22:04:14.765041', '2023-05-20 22:04:18.765041', 'False', 'None', 'SELECT publisher FROM Books', '3', '1');
INSERT INTO "QueryColumnAccess" ("queryId", "columnId")
    VALUES ('633', '5');
INSERT INTO "QueryTableAccess" ("queryId", "tableId")
    VALUES ('633', '1');
SELECT 'shipping_state' FROM Orders;
INSERT INTO "SqlQuery" ("queryId", "userId", "issuedAt", "finishedAt", "hasError", "errorMessage", "statement", "projectId", "queryTypeId")
    VALUES ('634', '7', '2023-05-24 22:04:14.765047', '2023-05-24 22:04:18.765047', 'False', 'None', 'SELECT shipping_state FROM Orders', '3', '1');
INSERT INTO "QueryColumnAccess" ("queryId", "columnId")
    VALUES ('634', '8');
INSERT INTO "QueryTableAccess" ("queryId", "tableId")
    VALUES ('634', '5');
SELECT 'book_id' FROM Books;
INSERT INTO "SqlQuery" ("queryId", "userId", "issuedAt", "finishedAt", "hasError", "errorMessage", "statement", "projectId", "queryTypeId")
    VALUES ('635', '1', '2023-05-31 22:04:14.765053', '2023-05-31 22:04:16.765053', 'False', 'None', 'SELECT book_id FROM Books', '3', '1');
INSERT INTO "QueryColumnAccess" ("queryId", "columnId")
    VALUES ('635', '1');
INSERT INTO "QueryTableAccess" ("queryId", "tableId")
    VALUES ('635', '1');
SELECT 'established_date' FROM Publishers;
INSERT INTO "SqlQuery" ("queryId", "userId", "issuedAt", "finishedAt", "hasError", "errorMessage", "statement", "projectId", "queryTypeId")
    VALUES ('636', '6', '2023-06-14 22:04:14.765059', '2023-06-14 22:04:18.765059', 'False', 'None', 'SELECT established_date FROM Publishers', '3', '1');
INSERT INTO "QueryColumnAccess" ("queryId", "columnId")
    VALUES ('636', '3');
INSERT INTO "QueryTableAccess" ("queryId", "tableId")
    VALUES ('636', '3');
SELECT 'order_id' FROM Orders;
INSERT INTO "SqlQuery" ("queryId", "userId", "issuedAt", "finishedAt", "hasError", "errorMessage", "statement", "projectId", "queryTypeId")
    VALUES ('637', '3', '2023-04-15 22:04:14.765065', '2023-04-15 22:04:16.765065', 'False', 'None', 'SELECT order_id FROM Orders', '3', '1');
INSERT INTO "QueryColumnAccess" ("queryId", "columnId")
    VALUES ('637', '1');
INSERT INTO "QueryTableAccess" ("queryId", "tableId")
    VALUES ('637', '5');
SELECT 'website' FROM Publishers;
INSERT INTO "SqlQuery" ("queryId", "userId", "issuedAt", "finishedAt", "hasError", "errorMessage", "statement", "projectId", "queryTypeId")
    VALUES ('638', '10', '2023-05-05 22:04:14.765072', '2023-05-05 22:04:18.765072', 'False', 'None', 'SELECT website FROM Publishers', '3', '1');
INSERT INTO "QueryColumnAccess" ("queryId", "columnId")
    VALUES ('638', '5');
INSERT INTO "QueryTableAccess" ("queryId", "tableId")
    VALUES ('638', '3');
SELECT 'title' FROM Books;
INSERT INTO "SqlQuery" ("queryId", "userId", "issuedAt", "finishedAt", "hasError", "errorMessage", "statement", "projectId", "queryTypeId")
    VALUES ('639', '11', '2023-05-28 22:04:14.765078', '2023-05-28 22:04:15.765078', 'False', 'None', 'SELECT title FROM Books', '3', '1');
INSERT INTO "QueryColumnAccess" ("queryId", "columnId")
    VALUES ('639', '2');
INSERT INTO "QueryTableAccess" ("queryId", "tableId")
    VALUES ('639', '1');
SELECT 'birth_date' FROM Authors;
INSERT INTO "SqlQuery" ("queryId", "userId", "issuedAt", "finishedAt", "hasError", "errorMessage", "statement", "projectId", "queryTypeId")
    VALUES ('640', '3', '2023-05-30 22:04:14.765084', '2023-05-30 22:04:16.765084', 'False', 'None', 'SELECT birth_date FROM Authors', '3', '1');
INSERT INTO "QueryColumnAccess" ("queryId", "columnId")
    VALUES ('640', '4');
INSERT INTO "QueryTableAccess" ("queryId", "tableId")
    VALUES ('640', '2');
SELECT 'website' FROM Publishers;
INSERT INTO "SqlQuery" ("queryId", "userId", "issuedAt", "finishedAt", "hasError", "errorMessage", "statement", "projectId", "queryTypeId")
    VALUES ('641', '12', '2023-06-03 22:04:14.765090', '2023-06-03 22:04:16.765090', 'False', 'None', 'SELECT website FROM Publishers', '3', '1');
INSERT INTO "QueryColumnAccess" ("queryId", "columnId")
    VALUES ('641', '5');
INSERT INTO "QueryTableAccess" ("queryId", "tableId")
    VALUES ('641', '3');
SELECT 'total_amount' FROM Orders;
INSERT INTO "SqlQuery" ("queryId", "userId", "issuedAt", "finishedAt", "hasError", "errorMessage", "statement", "projectId", "queryTypeId")
    VALUES ('642', '4', '2023-06-30 22:04:14.765096', '2023-06-30 22:04:17.765096', 'False', 'None', 'SELECT total_amount FROM Orders', '3', '1');
INSERT INTO "QueryColumnAccess" ("queryId", "columnId")
    VALUES ('642', '4');
INSERT INTO "QueryTableAccess" ("queryId", "tableId")
    VALUES ('642', '5');
SELECT 'publisher_name' FROM Publishers;
INSERT INTO "SqlQuery" ("queryId", "userId", "issuedAt", "finishedAt", "hasError", "errorMessage", "statement", "projectId", "queryTypeId")
    VALUES ('643', '13', '2023-05-09 22:04:14.765103', '2023-05-09 22:04:16.765103', 'False', 'None', 'SELECT publisher_name FROM Publishers', '3', '1');
INSERT INTO "QueryColumnAccess" ("queryId", "columnId")
    VALUES ('643', '2');
INSERT INTO "QueryTableAccess" ("queryId", "tableId")
    VALUES ('643', '3');
SELECT 'first_name' FROM Authors;
INSERT INTO "SqlQuery" ("queryId", "userId", "issuedAt", "finishedAt", "hasError", "errorMessage", "statement", "projectId", "queryTypeId")
    VALUES ('644', '15', '2023-06-04 22:04:14.765112', '2023-06-04 22:04:15.765112', 'False', 'None', 'SELECT first_name FROM Authors', '3', '1');
INSERT INTO "QueryColumnAccess" ("queryId", "columnId")
    VALUES ('644', '2');
INSERT INTO "QueryTableAccess" ("queryId", "tableId")
    VALUES ('644', '2');
SELECT 'shipping_city' FROM Orders;
INSERT INTO "SqlQuery" ("queryId", "userId", "issuedAt", "finishedAt", "hasError", "errorMessage", "statement", "projectId", "queryTypeId")
    VALUES ('645', '2', '2023-04-23 22:04:14.765119', '2023-04-23 22:04:17.765119', 'False', 'None', 'SELECT shipping_city FROM Orders', '3', '1');
INSERT INTO "QueryColumnAccess" ("queryId", "columnId")
    VALUES ('645', '7');
INSERT INTO "QueryTableAccess" ("queryId", "tableId")
    VALUES ('645', '5');
SELECT 'email' FROM Customers;
INSERT INTO "SqlQuery" ("queryId", "userId", "issuedAt", "finishedAt", "hasError", "errorMessage", "statement", "projectId", "queryTypeId")
    VALUES ('646', '5', '2023-06-18 22:04:14.765125', '2023-06-18 22:04:16.765125', 'False', 'None', 'SELECT email FROM Customers', '3', '1');
INSERT INTO "QueryColumnAccess" ("queryId", "columnId")
    VALUES ('646', '4');
INSERT INTO "QueryTableAccess" ("queryId", "tableId")
    VALUES ('646', '4');
SELECT 'publisher_name' FROM Publishers;
INSERT INTO "SqlQuery" ("queryId", "userId", "issuedAt", "finishedAt", "hasError", "errorMessage", "statement", "projectId", "queryTypeId")
    VALUES ('647', '5', '2023-06-28 22:04:14.765131', '2023-06-28 22:04:17.765131', 'False', 'None', 'SELECT publisher_name FROM Publishers', '3', '1');
INSERT INTO "QueryColumnAccess" ("queryId", "columnId")
    VALUES ('647', '2');
INSERT INTO "QueryTableAccess" ("queryId", "tableId")
    VALUES ('647', '3');
SELECT 'state' FROM Customers;
INSERT INTO "SqlQuery" ("queryId", "userId", "issuedAt", "finishedAt", "hasError", "errorMessage", "statement", "projectId", "queryTypeId")
    VALUES ('648', '13', '2023-05-21 22:04:14.765137', '2023-05-21 22:04:17.765137', 'False', 'None', 'SELECT state FROM Customers', '3', '1');
INSERT INTO "QueryColumnAccess" ("queryId", "columnId")
    VALUES ('648', '8');
INSERT INTO "QueryTableAccess" ("queryId", "tableId")
    VALUES ('648', '4');
SELECT 'country' FROM Publishers;
INSERT INTO "SqlQuery" ("queryId", "userId", "issuedAt", "finishedAt", "hasError", "errorMessage", "statement", "projectId", "queryTypeId")
    VALUES ('649', '12', '2023-05-03 22:04:14.765143', '2023-05-03 22:04:18.765143', 'False', 'None', 'SELECT country FROM Publishers', '3', '1');
INSERT INTO "QueryColumnAccess" ("queryId", "columnId")
    VALUES ('649', '4');
INSERT INTO "QueryTableAccess" ("queryId", "tableId")
    VALUES ('649', '3');
SELECT 'established_date' FROM Publishers;
INSERT INTO "SqlQuery" ("queryId", "userId", "issuedAt", "finishedAt", "hasError", "errorMessage", "statement", "projectId", "queryTypeId")
    VALUES ('650', '11', '2023-05-07 22:04:14.765149', '2023-05-07 22:04:15.765149', 'False', 'None', 'SELECT established_date FROM Publishers', '3', '1');
INSERT INTO "QueryColumnAccess" ("queryId", "columnId")
    VALUES ('650', '3');
INSERT INTO "QueryTableAccess" ("queryId", "tableId")
    VALUES ('650', '3');
SELECT 'website' FROM Publishers;
INSERT INTO "SqlQuery" ("queryId", "userId", "issuedAt", "finishedAt", "hasError", "errorMessage", "statement", "projectId", "queryTypeId")
    VALUES ('651', '10', '2023-04-13 22:04:14.765155', '2023-04-13 22:04:16.765155', 'False', 'None', 'SELECT website FROM Publishers', '3', '1');
INSERT INTO "QueryColumnAccess" ("queryId", "columnId")
    VALUES ('651', '5');
INSERT INTO "QueryTableAccess" ("queryId", "tableId")
    VALUES ('651', '3');
SELECT 'birth_date' FROM Authors;
INSERT INTO "SqlQuery" ("queryId", "userId", "issuedAt", "finishedAt", "hasError", "errorMessage", "statement", "projectId", "queryTypeId")
    VALUES ('652', '11', '2023-07-10 22:04:14.765162', '2023-07-10 22:04:18.765162', 'False', 'None', 'SELECT birth_date FROM Authors', '3', '1');
INSERT INTO "QueryColumnAccess" ("queryId", "columnId")
    VALUES ('652', '4');
INSERT INTO "QueryTableAccess" ("queryId", "tableId")
    VALUES ('652', '2');
SELECT 'title' FROM Books;
INSERT INTO "SqlQuery" ("queryId", "userId", "issuedAt", "finishedAt", "hasError", "errorMessage", "statement", "projectId", "queryTypeId")
    VALUES ('653', '13', '2023-07-07 22:04:14.765168', '2023-07-07 22:04:16.765168', 'False', 'None', 'SELECT title FROM Books', '3', '1');
INSERT INTO "QueryColumnAccess" ("queryId", "columnId")
    VALUES ('653', '2');
INSERT INTO "QueryTableAccess" ("queryId", "tableId")
    VALUES ('653', '1');
SELECT 'title' FROM Books;
INSERT INTO "SqlQuery" ("queryId", "userId", "issuedAt", "finishedAt", "hasError", "errorMessage", "statement", "projectId", "queryTypeId")
    VALUES ('654', '15', '2023-06-14 22:04:14.765174', '2023-06-14 22:04:17.765174', 'False', 'None', 'SELECT title FROM Books', '3', '1');
INSERT INTO "QueryColumnAccess" ("queryId", "columnId")
    VALUES ('654', '2');
INSERT INTO "QueryTableAccess" ("queryId", "tableId")
    VALUES ('654', '1');
SELECT 'address' FROM Customers;
INSERT INTO "SqlQuery" ("queryId", "userId", "issuedAt", "finishedAt", "hasError", "errorMessage", "statement", "projectId", "queryTypeId")
    VALUES ('655', '11', '2023-07-06 22:04:14.765180', '2023-07-06 22:04:16.765180', 'False', 'None', 'SELECT address FROM Customers', '3', '1');
INSERT INTO "QueryColumnAccess" ("queryId", "columnId")
    VALUES ('655', '6');
INSERT INTO "QueryTableAccess" ("queryId", "tableId")
    VALUES ('655', '4');
SELECT 'last_name' FROM Customers;
INSERT INTO "SqlQuery" ("queryId", "userId", "issuedAt", "finishedAt", "hasError", "errorMessage", "statement", "projectId", "queryTypeId")
    VALUES ('656', '12', '2023-05-13 22:04:14.765186', '2023-05-13 22:04:16.765186', 'False', 'None', 'SELECT last_name FROM Customers', '3', '1');
INSERT INTO "QueryColumnAccess" ("queryId", "columnId")
    VALUES ('656', '3');
INSERT INTO "QueryTableAccess" ("queryId", "tableId")
    VALUES ('656', '4');
SELECT 'status' FROM Orders;
INSERT INTO "SqlQuery" ("queryId", "userId", "issuedAt", "finishedAt", "hasError", "errorMessage", "statement", "projectId", "queryTypeId")
    VALUES ('657', '11', '2023-04-14 22:04:14.765192', '2023-04-14 22:04:17.765192', 'False', 'None', 'SELECT status FROM Orders', '3', '1');
INSERT INTO "QueryColumnAccess" ("queryId", "columnId")
    VALUES ('657', '5');
INSERT INTO "QueryTableAccess" ("queryId", "tableId")
    VALUES ('657', '5');
SELECT 'birth_date' FROM Authors;
INSERT INTO "SqlQuery" ("queryId", "userId", "issuedAt", "finishedAt", "hasError", "errorMessage", "statement", "projectId", "queryTypeId")
    VALUES ('658', '14', '2023-04-20 22:04:14.765198', '2023-04-20 22:04:17.765198', 'False', 'None', 'SELECT birth_date FROM Authors', '3', '1');
INSERT INTO "QueryColumnAccess" ("queryId", "columnId")
    VALUES ('658', '4');
INSERT INTO "QueryTableAccess" ("queryId", "tableId")
    VALUES ('658', '2');
SELECT 'established_date' FROM Publishers;
INSERT INTO "SqlQuery" ("queryId", "userId", "issuedAt", "finishedAt", "hasError", "errorMessage", "statement", "projectId", "queryTypeId")
    VALUES ('659', '12', '2023-05-05 22:04:14.765204', '2023-05-05 22:04:17.765204', 'False', 'None', 'SELECT established_date FROM Publishers', '3', '1');
INSERT INTO "QueryColumnAccess" ("queryId", "columnId")
    VALUES ('659', '3');
INSERT INTO "QueryTableAccess" ("queryId", "tableId")
    VALUES ('659', '3');
SELECT 'address' FROM Customers;
INSERT INTO "SqlQuery" ("queryId", "userId", "issuedAt", "finishedAt", "hasError", "errorMessage", "statement", "projectId", "queryTypeId")
    VALUES ('660', '13', '2023-04-11 22:04:14.765210', '2023-04-11 22:04:17.765210', 'False', 'None', 'SELECT address FROM Customers', '3', '1');
INSERT INTO "QueryColumnAccess" ("queryId", "columnId")
    VALUES ('660', '6');
INSERT INTO "QueryTableAccess" ("queryId", "tableId")
    VALUES ('660', '4');
SELECT 'order_date' FROM Orders;
INSERT INTO "SqlQuery" ("queryId", "userId", "issuedAt", "finishedAt", "hasError", "errorMessage", "statement", "projectId", "queryTypeId")
    VALUES ('661', '6', '2023-05-09 22:04:14.765221', '2023-05-09 22:04:17.765221', 'False', 'None', 'SELECT order_date FROM Orders', '3', '1');
INSERT INTO "QueryColumnAccess" ("queryId", "columnId")
    VALUES ('661', '3');
INSERT INTO "QueryTableAccess" ("queryId", "tableId")
    VALUES ('661', '5');
SELECT 'publisher_name' FROM Publishers;
INSERT INTO "SqlQuery" ("queryId", "userId", "issuedAt", "finishedAt", "hasError", "errorMessage", "statement", "projectId", "queryTypeId")
    VALUES ('662', '5', '2023-06-29 22:04:14.765227', '2023-06-29 22:04:18.765227', 'False', 'None', 'SELECT publisher_name FROM Publishers', '3', '1');
INSERT INTO "QueryColumnAccess" ("queryId", "columnId")
    VALUES ('662', '2');
INSERT INTO "QueryTableAccess" ("queryId", "tableId")
    VALUES ('662', '3');
SELECT 'website' FROM Publishers;
INSERT INTO "SqlQuery" ("queryId", "userId", "issuedAt", "finishedAt", "hasError", "errorMessage", "statement", "projectId", "queryTypeId")
    VALUES ('663', '1', '2023-04-25 22:04:14.765234', '2023-04-25 22:04:16.765234', 'False', 'None', 'SELECT website FROM Publishers', '3', '1');
INSERT INTO "QueryColumnAccess" ("queryId", "columnId")
    VALUES ('663', '5');
INSERT INTO "QueryTableAccess" ("queryId", "tableId")
    VALUES ('663', '3');
SELECT 'order_id' FROM Orders;
INSERT INTO "SqlQuery" ("queryId", "userId", "issuedAt", "finishedAt", "hasError", "errorMessage", "statement", "projectId", "queryTypeId")
    VALUES ('664', '2', '2023-06-09 22:04:14.765240', '2023-06-09 22:04:17.765240', 'False', 'None', 'SELECT order_id FROM Orders', '3', '1');
INSERT INTO "QueryColumnAccess" ("queryId", "columnId")
    VALUES ('664', '1');
INSERT INTO "QueryTableAccess" ("queryId", "tableId")
    VALUES ('664', '5');
SELECT 'publisher_id' FROM Publishers;
INSERT INTO "SqlQuery" ("queryId", "userId", "issuedAt", "finishedAt", "hasError", "errorMessage", "statement", "projectId", "queryTypeId")
    VALUES ('665', '12', '2023-06-26 22:04:14.765246', '2023-06-26 22:04:16.765246', 'False', 'None', 'SELECT publisher_id FROM Publishers', '3', '1');
INSERT INTO "QueryColumnAccess" ("queryId", "columnId")
    VALUES ('665', '1');
INSERT INTO "QueryTableAccess" ("queryId", "tableId")
    VALUES ('665', '3');
SELECT 'publisher_id' FROM Publishers;
INSERT INTO "SqlQuery" ("queryId", "userId", "issuedAt", "finishedAt", "hasError", "errorMessage", "statement", "projectId", "queryTypeId")
    VALUES ('666', '6', '2023-07-03 22:04:14.765252', '2023-07-03 22:04:18.765252', 'False', 'None', 'SELECT publisher_id FROM Publishers', '3', '1');
INSERT INTO "QueryColumnAccess" ("queryId", "columnId")
    VALUES ('666', '1');
INSERT INTO "QueryTableAccess" ("queryId", "tableId")
    VALUES ('666', '3');
SELECT 'shipping_country' FROM Orders;
INSERT INTO "SqlQuery" ("queryId", "userId", "issuedAt", "finishedAt", "hasError", "errorMessage", "statement", "projectId", "queryTypeId")
    VALUES ('667', '4', '2023-06-13 22:04:14.765259', '2023-06-13 22:04:17.765259', 'False', 'None', 'SELECT shipping_country FROM Orders', '3', '1');
INSERT INTO "QueryColumnAccess" ("queryId", "columnId")
    VALUES ('667', '10');
INSERT INTO "QueryTableAccess" ("queryId", "tableId")
    VALUES ('667', '5');
SELECT 'publisher_name' FROM Publishers;
INSERT INTO "SqlQuery" ("queryId", "userId", "issuedAt", "finishedAt", "hasError", "errorMessage", "statement", "projectId", "queryTypeId")
    VALUES ('668', '9', '2023-06-30 22:04:14.765265', '2023-06-30 22:04:15.765265', 'False', 'None', 'SELECT publisher_name FROM Publishers', '3', '1');
INSERT INTO "QueryColumnAccess" ("queryId", "columnId")
    VALUES ('668', '2');
INSERT INTO "QueryTableAccess" ("queryId", "tableId")
    VALUES ('668', '3');
SELECT 'publisher_name' FROM Publishers;
INSERT INTO "SqlQuery" ("queryId", "userId", "issuedAt", "finishedAt", "hasError", "errorMessage", "statement", "projectId", "queryTypeId")
    VALUES ('669', '12', '2023-05-13 22:04:14.765271', '2023-05-13 22:04:15.765271', 'False', 'None', 'SELECT publisher_name FROM Publishers', '3', '1');
INSERT INTO "QueryColumnAccess" ("queryId", "columnId")
    VALUES ('669', '2');
INSERT INTO "QueryTableAccess" ("queryId", "tableId")
    VALUES ('669', '3');
SELECT 'last_name' FROM Authors;
INSERT INTO "SqlQuery" ("queryId", "userId", "issuedAt", "finishedAt", "hasError", "errorMessage", "statement", "projectId", "queryTypeId")
    VALUES ('670', '12', '2023-04-19 22:04:14.765277', '2023-04-19 22:04:18.765277', 'False', 'None', 'SELECT last_name FROM Authors', '3', '1');
INSERT INTO "QueryColumnAccess" ("queryId", "columnId")
    VALUES ('670', '3');
INSERT INTO "QueryTableAccess" ("queryId", "tableId")
    VALUES ('670', '2');
SELECT 'website' FROM Publishers;
INSERT INTO "SqlQuery" ("queryId", "userId", "issuedAt", "finishedAt", "hasError", "errorMessage", "statement", "projectId", "queryTypeId")
    VALUES ('671', '10', '2023-05-15 22:04:14.765283', '2023-05-15 22:04:18.765283', 'False', 'None', 'SELECT website FROM Publishers', '3', '1');
INSERT INTO "QueryColumnAccess" ("queryId", "columnId")
    VALUES ('671', '5');
INSERT INTO "QueryTableAccess" ("queryId", "tableId")
    VALUES ('671', '3');
SELECT 'established_date' FROM Publishers;
INSERT INTO "SqlQuery" ("queryId", "userId", "issuedAt", "finishedAt", "hasError", "errorMessage", "statement", "projectId", "queryTypeId")
    VALUES ('672', '6', '2023-06-01 22:04:14.765289', '2023-06-01 22:04:17.765289', 'False', 'None', 'SELECT established_date FROM Publishers', '3', '1');
INSERT INTO "QueryColumnAccess" ("queryId", "columnId")
    VALUES ('672', '3');
INSERT INTO "QueryTableAccess" ("queryId", "tableId")
    VALUES ('672', '3');
SELECT 'author_id' FROM Authors;
INSERT INTO "SqlQuery" ("queryId", "userId", "issuedAt", "finishedAt", "hasError", "errorMessage", "statement", "projectId", "queryTypeId")
    VALUES ('673', '4', '2023-06-18 22:04:14.765295', '2023-06-18 22:04:18.765295', 'False', 'None', 'SELECT author_id FROM Authors', '3', '1');
INSERT INTO "QueryColumnAccess" ("queryId", "columnId")
    VALUES ('673', '1');
INSERT INTO "QueryTableAccess" ("queryId", "tableId")
    VALUES ('673', '2');
SELECT 'publisher' FROM Books;
INSERT INTO "SqlQuery" ("queryId", "userId", "issuedAt", "finishedAt", "hasError", "errorMessage", "statement", "projectId", "queryTypeId")
    VALUES ('674', '15', '2023-05-07 22:04:14.765302', '2023-05-07 22:04:16.765302', 'False', 'None', 'SELECT publisher FROM Books', '3', '1');
INSERT INTO "QueryColumnAccess" ("queryId", "columnId")
    VALUES ('674', '5');
INSERT INTO "QueryTableAccess" ("queryId", "tableId")
    VALUES ('674', '1');
SELECT 'book_id' FROM Books;
INSERT INTO "SqlQuery" ("queryId", "userId", "issuedAt", "finishedAt", "hasError", "errorMessage", "statement", "projectId", "queryTypeId")
    VALUES ('675', '2', '2023-04-22 22:04:14.765308', '2023-04-22 22:04:17.765308', 'False', 'None', 'SELECT book_id FROM Books', '3', '1');
INSERT INTO "QueryColumnAccess" ("queryId", "columnId")
    VALUES ('675', '1');
INSERT INTO "QueryTableAccess" ("queryId", "tableId")
    VALUES ('675', '1');
SELECT 'country' FROM Customers;
INSERT INTO "SqlQuery" ("queryId", "userId", "issuedAt", "finishedAt", "hasError", "errorMessage", "statement", "projectId", "queryTypeId")
    VALUES ('676', '9', '2023-04-28 22:04:14.765314', '2023-04-28 22:04:16.765314', 'False', 'None', 'SELECT country FROM Customers', '3', '1');
INSERT INTO "QueryColumnAccess" ("queryId", "columnId")
    VALUES ('676', '10');
INSERT INTO "QueryTableAccess" ("queryId", "tableId")
    VALUES ('676', '4');
SELECT 'author_id' FROM Authors;
INSERT INTO "SqlQuery" ("queryId", "userId", "issuedAt", "finishedAt", "hasError", "errorMessage", "statement", "projectId", "queryTypeId")
    VALUES ('677', '15', '2023-06-04 22:04:14.765320', '2023-06-04 22:04:16.765320', 'False', 'None', 'SELECT author_id FROM Authors', '3', '1');
INSERT INTO "QueryColumnAccess" ("queryId", "columnId")
    VALUES ('677', '1');
INSERT INTO "QueryTableAccess" ("queryId", "tableId")
    VALUES ('677', '2');
SELECT 'website' FROM Publishers;
INSERT INTO "SqlQuery" ("queryId", "userId", "issuedAt", "finishedAt", "hasError", "errorMessage", "statement", "projectId", "queryTypeId")
    VALUES ('678', '6', '2023-06-11 22:04:14.765333', '2023-06-11 22:04:17.765333', 'False', 'None', 'SELECT website FROM Publishers', '3', '1');
INSERT INTO "QueryColumnAccess" ("queryId", "columnId")
    VALUES ('678', '5');
INSERT INTO "QueryTableAccess" ("queryId", "tableId")
    VALUES ('678', '3');
SELECT 'country' FROM Authors;
INSERT INTO "SqlQuery" ("queryId", "userId", "issuedAt", "finishedAt", "hasError", "errorMessage", "statement", "projectId", "queryTypeId")
    VALUES ('679', '3', '2023-04-25 22:04:14.765340', '2023-04-25 22:04:16.765340', 'False', 'None', 'SELECT country FROM Authors', '3', '1');
INSERT INTO "QueryColumnAccess" ("queryId", "columnId")
    VALUES ('679', '5');
INSERT INTO "QueryTableAccess" ("queryId", "tableId")
    VALUES ('679', '2');
SELECT 'price' FROM Books;
INSERT INTO "SqlQuery" ("queryId", "userId", "issuedAt", "finishedAt", "hasError", "errorMessage", "statement", "projectId", "queryTypeId")
    VALUES ('680', '12', '2023-05-20 22:04:14.765346', '2023-05-20 22:04:18.765346', 'False', 'None', 'SELECT price FROM Books', '3', '1');
INSERT INTO "QueryColumnAccess" ("queryId", "columnId")
    VALUES ('680', '6');
INSERT INTO "QueryTableAccess" ("queryId", "tableId")
    VALUES ('680', '1');
SELECT 'shipping_zip_code' FROM Orders;
INSERT INTO "SqlQuery" ("queryId", "userId", "issuedAt", "finishedAt", "hasError", "errorMessage", "statement", "projectId", "queryTypeId")
    VALUES ('681', '9', '2023-05-24 22:04:14.765352', '2023-05-24 22:04:17.765352', 'False', 'None', 'SELECT shipping_zip_code FROM Orders', '3', '1');
INSERT INTO "QueryColumnAccess" ("queryId", "columnId")
    VALUES ('681', '9');
INSERT INTO "QueryTableAccess" ("queryId", "tableId")
    VALUES ('681', '5');
SELECT 'publication_date' FROM Books;
INSERT INTO "SqlQuery" ("queryId", "userId", "issuedAt", "finishedAt", "hasError", "errorMessage", "statement", "projectId", "queryTypeId")
    VALUES ('682', '13', '2023-06-06 22:04:14.765358', '2023-06-06 22:04:16.765358', 'False', 'None', 'SELECT publication_date FROM Books', '3', '1');
INSERT INTO "QueryColumnAccess" ("queryId", "columnId")
    VALUES ('682', '4');
INSERT INTO "QueryTableAccess" ("queryId", "tableId")
    VALUES ('682', '1');
SELECT 'shipping_address' FROM Orders;
INSERT INTO "SqlQuery" ("queryId", "userId", "issuedAt", "finishedAt", "hasError", "errorMessage", "statement", "projectId", "queryTypeId")
    VALUES ('683', '6', '2023-05-19 22:04:14.765364', '2023-05-19 22:04:18.765364', 'False', 'None', 'SELECT shipping_address FROM Orders', '3', '1');
INSERT INTO "QueryColumnAccess" ("queryId", "columnId")
    VALUES ('683', '6');
INSERT INTO "QueryTableAccess" ("queryId", "tableId")
    VALUES ('683', '5');
SELECT 'birth_date' FROM Authors;
INSERT INTO "SqlQuery" ("queryId", "userId", "issuedAt", "finishedAt", "hasError", "errorMessage", "statement", "projectId", "queryTypeId")
    VALUES ('684', '4', '2023-05-28 22:04:14.765371', '2023-05-28 22:04:17.765371', 'False', 'None', 'SELECT birth_date FROM Authors', '3', '1');
INSERT INTO "QueryColumnAccess" ("queryId", "columnId")
    VALUES ('684', '4');
INSERT INTO "QueryTableAccess" ("queryId", "tableId")
    VALUES ('684', '2');
SELECT 'publisher_name' FROM Publishers;
INSERT INTO "SqlQuery" ("queryId", "userId", "issuedAt", "finishedAt", "hasError", "errorMessage", "statement", "projectId", "queryTypeId")
    VALUES ('685', '7', '2023-05-19 22:04:14.765377', '2023-05-19 22:04:17.765377', 'False', 'None', 'SELECT publisher_name FROM Publishers', '3', '1');
INSERT INTO "QueryColumnAccess" ("queryId", "columnId")
    VALUES ('685', '2');
INSERT INTO "QueryTableAccess" ("queryId", "tableId")
    VALUES ('685', '3');
SELECT 'total_amount' FROM Orders;
INSERT INTO "SqlQuery" ("queryId", "userId", "issuedAt", "finishedAt", "hasError", "errorMessage", "statement", "projectId", "queryTypeId")
    VALUES ('686', '3', '2023-06-15 22:04:14.765383', '2023-06-15 22:04:15.765383', 'False', 'None', 'SELECT total_amount FROM Orders', '3', '1');
INSERT INTO "QueryColumnAccess" ("queryId", "columnId")
    VALUES ('686', '4');
INSERT INTO "QueryTableAccess" ("queryId", "tableId")
    VALUES ('686', '5');
SELECT 'last_name' FROM Authors;
INSERT INTO "SqlQuery" ("queryId", "userId", "issuedAt", "finishedAt", "hasError", "errorMessage", "statement", "projectId", "queryTypeId")
    VALUES ('687', '6', '2023-05-22 22:04:14.765389', '2023-05-22 22:04:15.765389', 'False', 'None', 'SELECT last_name FROM Authors', '3', '1');
INSERT INTO "QueryColumnAccess" ("queryId", "columnId")
    VALUES ('687', '3');
INSERT INTO "QueryTableAccess" ("queryId", "tableId")
    VALUES ('687', '2');
SELECT 'author' FROM Books;
INSERT INTO "SqlQuery" ("queryId", "userId", "issuedAt", "finishedAt", "hasError", "errorMessage", "statement", "projectId", "queryTypeId")
    VALUES ('688', '9', '2023-05-20 22:04:14.765395', '2023-05-20 22:04:18.765395', 'False', 'None', 'SELECT author FROM Books', '3', '1');
INSERT INTO "QueryColumnAccess" ("queryId", "columnId")
    VALUES ('688', '3');
INSERT INTO "QueryTableAccess" ("queryId", "tableId")
    VALUES ('688', '1');
SELECT 'title' FROM Books;
INSERT INTO "SqlQuery" ("queryId", "userId", "issuedAt", "finishedAt", "hasError", "errorMessage", "statement", "projectId", "queryTypeId")
    VALUES ('689', '13', '2023-07-07 22:04:14.765401', '2023-07-07 22:04:16.765401', 'False', 'None', 'SELECT title FROM Books', '3', '1');
INSERT INTO "QueryColumnAccess" ("queryId", "columnId")
    VALUES ('689', '2');
INSERT INTO "QueryTableAccess" ("queryId", "tableId")
    VALUES ('689', '1');
SELECT 'total_amount' FROM Orders;
INSERT INTO "SqlQuery" ("queryId", "userId", "issuedAt", "finishedAt", "hasError", "errorMessage", "statement", "projectId", "queryTypeId")
    VALUES ('690', '14', '2023-05-09 22:04:14.765407', '2023-05-09 22:04:16.765407', 'False', 'None', 'SELECT total_amount FROM Orders', '3', '1');
INSERT INTO "QueryColumnAccess" ("queryId", "columnId")
    VALUES ('690', '4');
INSERT INTO "QueryTableAccess" ("queryId", "tableId")
    VALUES ('690', '5');
SELECT 'last_name' FROM Authors;
INSERT INTO "SqlQuery" ("queryId", "userId", "issuedAt", "finishedAt", "hasError", "errorMessage", "statement", "projectId", "queryTypeId")
    VALUES ('691', '4', '2023-04-19 22:04:14.765413', '2023-04-19 22:04:15.765413', 'False', 'None', 'SELECT last_name FROM Authors', '3', '1');
INSERT INTO "QueryColumnAccess" ("queryId", "columnId")
    VALUES ('691', '3');
INSERT INTO "QueryTableAccess" ("queryId", "tableId")
    VALUES ('691', '2');
SELECT 'author_id' FROM Authors;
INSERT INTO "SqlQuery" ("queryId", "userId", "issuedAt", "finishedAt", "hasError", "errorMessage", "statement", "projectId", "queryTypeId")
    VALUES ('692', '14', '2023-07-02 22:04:14.765420', '2023-07-02 22:04:17.765420', 'False', 'None', 'SELECT author_id FROM Authors', '3', '1');
INSERT INTO "QueryColumnAccess" ("queryId", "columnId")
    VALUES ('692', '1');
INSERT INTO "QueryTableAccess" ("queryId", "tableId")
    VALUES ('692', '2');
SELECT 'publisher_id' FROM Publishers;
INSERT INTO "SqlQuery" ("queryId", "userId", "issuedAt", "finishedAt", "hasError", "errorMessage", "statement", "projectId", "queryTypeId")
    VALUES ('693', '5', '2023-06-11 22:04:14.765426', '2023-06-11 22:04:18.765426', 'False', 'None', 'SELECT publisher_id FROM Publishers', '3', '1');
INSERT INTO "QueryColumnAccess" ("queryId", "columnId")
    VALUES ('693', '1');
INSERT INTO "QueryTableAccess" ("queryId", "tableId")
    VALUES ('693', '3');
SELECT 'shipping_state' FROM Orders;
INSERT INTO "SqlQuery" ("queryId", "userId", "issuedAt", "finishedAt", "hasError", "errorMessage", "statement", "projectId", "queryTypeId")
    VALUES ('694', '11', '2023-05-06 22:04:14.765432', '2023-05-06 22:04:17.765432', 'False', 'None', 'SELECT shipping_state FROM Orders', '3', '1');
INSERT INTO "QueryColumnAccess" ("queryId", "columnId")
    VALUES ('694', '8');
INSERT INTO "QueryTableAccess" ("queryId", "tableId")
    VALUES ('694', '5');
SELECT 'status' FROM Orders;
INSERT INTO "SqlQuery" ("queryId", "userId", "issuedAt", "finishedAt", "hasError", "errorMessage", "statement", "projectId", "queryTypeId")
    VALUES ('695', '11', '2023-05-28 22:04:14.765443', '2023-05-28 22:04:18.765443', 'False', 'None', 'SELECT status FROM Orders', '3', '1');
INSERT INTO "QueryColumnAccess" ("queryId", "columnId")
    VALUES ('695', '5');
INSERT INTO "QueryTableAccess" ("queryId", "tableId")
    VALUES ('695', '5');
SELECT 'publisher_id' FROM Publishers;
INSERT INTO "SqlQuery" ("queryId", "userId", "issuedAt", "finishedAt", "hasError", "errorMessage", "statement", "projectId", "queryTypeId")
    VALUES ('696', '2', '2023-04-19 22:04:14.765450', '2023-04-19 22:04:17.765450', 'False', 'None', 'SELECT publisher_id FROM Publishers', '3', '1');
INSERT INTO "QueryColumnAccess" ("queryId", "columnId")
    VALUES ('696', '1');
INSERT INTO "QueryTableAccess" ("queryId", "tableId")
    VALUES ('696', '3');
SELECT 'country' FROM Authors;
INSERT INTO "SqlQuery" ("queryId", "userId", "issuedAt", "finishedAt", "hasError", "errorMessage", "statement", "projectId", "queryTypeId")
    VALUES ('697', '15', '2023-07-05 22:04:14.765456', '2023-07-05 22:04:17.765456', 'False', 'None', 'SELECT country FROM Authors', '3', '1');
INSERT INTO "QueryColumnAccess" ("queryId", "columnId")
    VALUES ('697', '5');
INSERT INTO "QueryTableAccess" ("queryId", "tableId")
    VALUES ('697', '2');
SELECT 'zip_code' FROM Customers;
INSERT INTO "SqlQuery" ("queryId", "userId", "issuedAt", "finishedAt", "hasError", "errorMessage", "statement", "projectId", "queryTypeId")
    VALUES ('698', '3', '2023-05-08 22:04:14.765462', '2023-05-08 22:04:17.765462', 'False', 'None', 'SELECT zip_code FROM Customers', '3', '1');
INSERT INTO "QueryColumnAccess" ("queryId", "columnId")
    VALUES ('698', '9');
INSERT INTO "QueryTableAccess" ("queryId", "tableId")
    VALUES ('698', '4');
SELECT 'author_id' FROM Authors;
INSERT INTO "SqlQuery" ("queryId", "userId", "issuedAt", "finishedAt", "hasError", "errorMessage", "statement", "projectId", "queryTypeId")
    VALUES ('699', '15', '2023-05-03 22:04:14.765468', '2023-05-03 22:04:16.765468', 'False', 'None', 'SELECT author_id FROM Authors', '3', '1');
INSERT INTO "QueryColumnAccess" ("queryId", "columnId")
    VALUES ('699', '1');
INSERT INTO "QueryTableAccess" ("queryId", "tableId")
    VALUES ('699', '2');
SELECT 'author_id' FROM Authors;
INSERT INTO "SqlQuery" ("queryId", "userId", "issuedAt", "finishedAt", "hasError", "errorMessage", "statement", "projectId", "queryTypeId")
    VALUES ('700', '12', '2023-05-29 22:04:14.765475', '2023-05-29 22:04:16.765475', 'False', 'None', 'SELECT author_id FROM Authors', '3', '1');
INSERT INTO "QueryColumnAccess" ("queryId", "columnId")
    VALUES ('700', '1');
INSERT INTO "QueryTableAccess" ("queryId", "tableId")
    VALUES ('700', '2');
SELECT 'total_amount' FROM Orders;
INSERT INTO "SqlQuery" ("queryId", "userId", "issuedAt", "finishedAt", "hasError", "errorMessage", "statement", "projectId", "queryTypeId")
    VALUES ('701', '8', '2023-04-23 22:04:14.765481', '2023-04-23 22:04:17.765481', 'False', 'None', 'SELECT total_amount FROM Orders', '3', '1');
INSERT INTO "QueryColumnAccess" ("queryId", "columnId")
    VALUES ('701', '4');
INSERT INTO "QueryTableAccess" ("queryId", "tableId")
    VALUES ('701', '5');
SELECT 'publisher_name' FROM Publishers;
INSERT INTO "SqlQuery" ("queryId", "userId", "issuedAt", "finishedAt", "hasError", "errorMessage", "statement", "projectId", "queryTypeId")
    VALUES ('702', '8', '2023-04-11 22:04:14.765487', '2023-04-11 22:04:15.765487', 'False', 'None', 'SELECT publisher_name FROM Publishers', '3', '1');
INSERT INTO "QueryColumnAccess" ("queryId", "columnId")
    VALUES ('702', '2');
INSERT INTO "QueryTableAccess" ("queryId", "tableId")
    VALUES ('702', '3');
SELECT 'status' FROM Orders;
INSERT INTO "SqlQuery" ("queryId", "userId", "issuedAt", "finishedAt", "hasError", "errorMessage", "statement", "projectId", "queryTypeId")
    VALUES ('703', '11', '2023-06-07 22:04:14.765493', '2023-06-07 22:04:15.765493', 'False', 'None', 'SELECT status FROM Orders', '3', '1');
INSERT INTO "QueryColumnAccess" ("queryId", "columnId")
    VALUES ('703', '5');
INSERT INTO "QueryTableAccess" ("queryId", "tableId")
    VALUES ('703', '5');
SELECT 'website' FROM Publishers;
INSERT INTO "SqlQuery" ("queryId", "userId", "issuedAt", "finishedAt", "hasError", "errorMessage", "statement", "projectId", "queryTypeId")
    VALUES ('704', '2', '2023-06-28 22:04:14.765500', '2023-06-28 22:04:17.765500', 'False', 'None', 'SELECT website FROM Publishers', '3', '1');
INSERT INTO "QueryColumnAccess" ("queryId", "columnId")
    VALUES ('704', '5');
INSERT INTO "QueryTableAccess" ("queryId", "tableId")
    VALUES ('704', '3');
SELECT 'shipping_city' FROM Orders;
INSERT INTO "SqlQuery" ("queryId", "userId", "issuedAt", "finishedAt", "hasError", "errorMessage", "statement", "projectId", "queryTypeId")
    VALUES ('705', '15', '2023-05-18 22:04:14.765506', '2023-05-18 22:04:16.765506', 'False', 'None', 'SELECT shipping_city FROM Orders', '3', '1');
INSERT INTO "QueryColumnAccess" ("queryId", "columnId")
    VALUES ('705', '7');
INSERT INTO "QueryTableAccess" ("queryId", "tableId")
    VALUES ('705', '5');
SELECT 'last_name' FROM Customers;
INSERT INTO "SqlQuery" ("queryId", "userId", "issuedAt", "finishedAt", "hasError", "errorMessage", "statement", "projectId", "queryTypeId")
    VALUES ('706', '9', '2023-06-01 22:04:14.765512', '2023-06-01 22:04:18.765512', 'False', 'None', 'SELECT last_name FROM Customers', '3', '1');
INSERT INTO "QueryColumnAccess" ("queryId", "columnId")
    VALUES ('706', '3');
INSERT INTO "QueryTableAccess" ("queryId", "tableId")
    VALUES ('706', '4');
SELECT 'order_id' FROM Orders;
INSERT INTO "SqlQuery" ("queryId", "userId", "issuedAt", "finishedAt", "hasError", "errorMessage", "statement", "projectId", "queryTypeId")
    VALUES ('707', '5', '2023-04-15 22:04:14.765518', '2023-04-15 22:04:16.765518', 'False', 'None', 'SELECT order_id FROM Orders', '3', '1');
INSERT INTO "QueryColumnAccess" ("queryId", "columnId")
    VALUES ('707', '1');
INSERT INTO "QueryTableAccess" ("queryId", "tableId")
    VALUES ('707', '5');
SELECT 'first_name' FROM Customers;
INSERT INTO "SqlQuery" ("queryId", "userId", "issuedAt", "finishedAt", "hasError", "errorMessage", "statement", "projectId", "queryTypeId")
    VALUES ('708', '8', '2023-05-14 22:04:14.765525', '2023-05-14 22:04:18.765525', 'False', 'None', 'SELECT first_name FROM Customers', '3', '1');
INSERT INTO "QueryColumnAccess" ("queryId", "columnId")
    VALUES ('708', '2');
INSERT INTO "QueryTableAccess" ("queryId", "tableId")
    VALUES ('708', '4');
SELECT 'birth_date' FROM Authors;
INSERT INTO "SqlQuery" ("queryId", "userId", "issuedAt", "finishedAt", "hasError", "errorMessage", "statement", "projectId", "queryTypeId")
    VALUES ('709', '13', '2023-05-30 22:04:14.765531', '2023-05-30 22:04:18.765531', 'False', 'None', 'SELECT birth_date FROM Authors', '3', '1');
INSERT INTO "QueryColumnAccess" ("queryId", "columnId")
    VALUES ('709', '4');
INSERT INTO "QueryTableAccess" ("queryId", "tableId")
    VALUES ('709', '2');
SELECT 'publisher_id' FROM Publishers;
INSERT INTO "SqlQuery" ("queryId", "userId", "issuedAt", "finishedAt", "hasError", "errorMessage", "statement", "projectId", "queryTypeId")
    VALUES ('710', '11', '2023-06-04 22:04:14.765537', '2023-06-04 22:04:18.765537', 'False', 'None', 'SELECT publisher_id FROM Publishers', '3', '1');
INSERT INTO "QueryColumnAccess" ("queryId", "columnId")
    VALUES ('710', '1');
INSERT INTO "QueryTableAccess" ("queryId", "tableId")
    VALUES ('710', '3');
SELECT 'publisher_id' FROM Publishers;
INSERT INTO "SqlQuery" ("queryId", "userId", "issuedAt", "finishedAt", "hasError", "errorMessage", "statement", "projectId", "queryTypeId")
    VALUES ('711', '6', '2023-06-06 22:04:14.765543', '2023-06-06 22:04:18.765543', 'False', 'None', 'SELECT publisher_id FROM Publishers', '3', '1');
INSERT INTO "QueryColumnAccess" ("queryId", "columnId")
    VALUES ('711', '1');
INSERT INTO "QueryTableAccess" ("queryId", "tableId")
    VALUES ('711', '3');
SELECT 'book_id' FROM Books;
INSERT INTO "SqlQuery" ("queryId", "userId", "issuedAt", "finishedAt", "hasError", "errorMessage", "statement", "projectId", "queryTypeId")
    VALUES ('712', '7', '2023-05-20 22:04:14.765557', '2023-05-20 22:04:16.765557', 'False', 'None', 'SELECT book_id FROM Books', '3', '1');
INSERT INTO "QueryColumnAccess" ("queryId", "columnId")
    VALUES ('712', '1');
INSERT INTO "QueryTableAccess" ("queryId", "tableId")
    VALUES ('712', '1');
SELECT 'first_name' FROM Authors;
INSERT INTO "SqlQuery" ("queryId", "userId", "issuedAt", "finishedAt", "hasError", "errorMessage", "statement", "projectId", "queryTypeId")
    VALUES ('713', '5', '2023-06-07 22:04:14.765563', '2023-06-07 22:04:16.765563', 'False', 'None', 'SELECT first_name FROM Authors', '3', '1');
INSERT INTO "QueryColumnAccess" ("queryId", "columnId")
    VALUES ('713', '2');
INSERT INTO "QueryTableAccess" ("queryId", "tableId")
    VALUES ('713', '2');
SELECT 'category_id' FROM Books;
INSERT INTO "SqlQuery" ("queryId", "userId", "issuedAt", "finishedAt", "hasError", "errorMessage", "statement", "projectId", "queryTypeId")
    VALUES ('714', '8', '2023-05-22 22:04:14.765570', '2023-05-22 22:04:18.765570', 'False', 'None', 'SELECT category_id FROM Books', '3', '1');
INSERT INTO "QueryColumnAccess" ("queryId", "columnId")
    VALUES ('714', '7');
INSERT INTO "QueryTableAccess" ("queryId", "tableId")
    VALUES ('714', '1');
SELECT 'publisher_name' FROM Publishers;
INSERT INTO "SqlQuery" ("queryId", "userId", "issuedAt", "finishedAt", "hasError", "errorMessage", "statement", "projectId", "queryTypeId")
    VALUES ('715', '12', '2023-05-03 22:04:14.765576', '2023-05-03 22:04:15.765576', 'False', 'None', 'SELECT publisher_name FROM Publishers', '3', '1');
INSERT INTO "QueryColumnAccess" ("queryId", "columnId")
    VALUES ('715', '2');
INSERT INTO "QueryTableAccess" ("queryId", "tableId")
    VALUES ('715', '3');
SELECT 'state' FROM Customers;
INSERT INTO "SqlQuery" ("queryId", "userId", "issuedAt", "finishedAt", "hasError", "errorMessage", "statement", "projectId", "queryTypeId")
    VALUES ('716', '11', '2023-06-28 22:04:14.765582', '2023-06-28 22:04:17.765582', 'False', 'None', 'SELECT state FROM Customers', '3', '1');
INSERT INTO "QueryColumnAccess" ("queryId", "columnId")
    VALUES ('716', '8');
INSERT INTO "QueryTableAccess" ("queryId", "tableId")
    VALUES ('716', '4');
SELECT 'last_name' FROM Customers;
INSERT INTO "SqlQuery" ("queryId", "userId", "issuedAt", "finishedAt", "hasError", "errorMessage", "statement", "projectId", "queryTypeId")
    VALUES ('717', '2', '2023-05-10 22:04:14.765588', '2023-05-10 22:04:18.765588', 'False', 'None', 'SELECT last_name FROM Customers', '3', '1');
INSERT INTO "QueryColumnAccess" ("queryId", "columnId")
    VALUES ('717', '3');
INSERT INTO "QueryTableAccess" ("queryId", "tableId")
    VALUES ('717', '4');
SELECT 'order_date' FROM Orders;
INSERT INTO "SqlQuery" ("queryId", "userId", "issuedAt", "finishedAt", "hasError", "errorMessage", "statement", "projectId", "queryTypeId")
    VALUES ('718', '10', '2023-05-09 22:04:14.765595', '2023-05-09 22:04:16.765595', 'False', 'None', 'SELECT order_date FROM Orders', '3', '1');
INSERT INTO "QueryColumnAccess" ("queryId", "columnId")
    VALUES ('718', '3');
INSERT INTO "QueryTableAccess" ("queryId", "tableId")
    VALUES ('718', '5');
SELECT 'publisher_name' FROM Publishers;
INSERT INTO "SqlQuery" ("queryId", "userId", "issuedAt", "finishedAt", "hasError", "errorMessage", "statement", "projectId", "queryTypeId")
    VALUES ('719', '1', '2023-07-10 22:04:14.765601', '2023-07-10 22:04:18.765601', 'False', 'None', 'SELECT publisher_name FROM Publishers', '3', '1');
INSERT INTO "QueryColumnAccess" ("queryId", "columnId")
    VALUES ('719', '2');
INSERT INTO "QueryTableAccess" ("queryId", "tableId")
    VALUES ('719', '3');
SELECT 'country' FROM Authors;
INSERT INTO "SqlQuery" ("queryId", "userId", "issuedAt", "finishedAt", "hasError", "errorMessage", "statement", "projectId", "queryTypeId")
    VALUES ('720', '7', '2023-04-12 22:04:14.765607', '2023-04-12 22:04:17.765607', 'False', 'None', 'SELECT country FROM Authors', '3', '1');
INSERT INTO "QueryColumnAccess" ("queryId", "columnId")
    VALUES ('720', '5');
INSERT INTO "QueryTableAccess" ("queryId", "tableId")
    VALUES ('720', '2');
SELECT 'category_id' FROM Books;
INSERT INTO "SqlQuery" ("queryId", "userId", "issuedAt", "finishedAt", "hasError", "errorMessage", "statement", "projectId", "queryTypeId")
    VALUES ('721', '7', '2023-05-22 22:04:14.765613', '2023-05-22 22:04:17.765613', 'False', 'None', 'SELECT category_id FROM Books', '3', '1');
INSERT INTO "QueryColumnAccess" ("queryId", "columnId")
    VALUES ('721', '7');
INSERT INTO "QueryTableAccess" ("queryId", "tableId")
    VALUES ('721', '1');
SELECT 'last_name' FROM Authors;
INSERT INTO "SqlQuery" ("queryId", "userId", "issuedAt", "finishedAt", "hasError", "errorMessage", "statement", "projectId", "queryTypeId")
    VALUES ('722', '6', '2023-04-29 22:04:14.765619', '2023-04-29 22:04:15.765619', 'False', 'None', 'SELECT last_name FROM Authors', '3', '1');
INSERT INTO "QueryColumnAccess" ("queryId", "columnId")
    VALUES ('722', '3');
INSERT INTO "QueryTableAccess" ("queryId", "tableId")
    VALUES ('722', '2');
SELECT 'publisher' FROM Books;
INSERT INTO "SqlQuery" ("queryId", "userId", "issuedAt", "finishedAt", "hasError", "errorMessage", "statement", "projectId", "queryTypeId")
    VALUES ('723', '3', '2023-05-28 22:04:14.765625', '2023-05-28 22:04:17.765625', 'False', 'None', 'SELECT publisher FROM Books', '3', '1');
INSERT INTO "QueryColumnAccess" ("queryId", "columnId")
    VALUES ('723', '5');
INSERT INTO "QueryTableAccess" ("queryId", "tableId")
    VALUES ('723', '1');
SELECT 'publisher_name' FROM Publishers;
INSERT INTO "SqlQuery" ("queryId", "userId", "issuedAt", "finishedAt", "hasError", "errorMessage", "statement", "projectId", "queryTypeId")
    VALUES ('724', '6', '2023-05-04 22:04:14.765631', '2023-05-04 22:04:18.765631', 'False', 'None', 'SELECT publisher_name FROM Publishers', '3', '1');
INSERT INTO "QueryColumnAccess" ("queryId", "columnId")
    VALUES ('724', '2');
INSERT INTO "QueryTableAccess" ("queryId", "tableId")
    VALUES ('724', '3');
SELECT 'country' FROM Customers;
INSERT INTO "SqlQuery" ("queryId", "userId", "issuedAt", "finishedAt", "hasError", "errorMessage", "statement", "projectId", "queryTypeId")
    VALUES ('725', '1', '2023-07-03 22:04:14.765637', '2023-07-03 22:04:17.765637', 'False', 'None', 'SELECT country FROM Customers', '3', '1');
INSERT INTO "QueryColumnAccess" ("queryId", "columnId")
    VALUES ('725', '10');
INSERT INTO "QueryTableAccess" ("queryId", "tableId")
    VALUES ('725', '4');
SELECT 'shipping_zip_code' FROM Orders;
INSERT INTO "SqlQuery" ("queryId", "userId", "issuedAt", "finishedAt", "hasError", "errorMessage", "statement", "projectId", "queryTypeId")
    VALUES ('726', '2', '2023-06-17 22:04:14.765644', '2023-06-17 22:04:18.765644', 'False', 'None', 'SELECT shipping_zip_code FROM Orders', '3', '1');
INSERT INTO "QueryColumnAccess" ("queryId", "columnId")
    VALUES ('726', '9');
INSERT INTO "QueryTableAccess" ("queryId", "tableId")
    VALUES ('726', '5');
SELECT 'price' FROM Books;
INSERT INTO "SqlQuery" ("queryId", "userId", "issuedAt", "finishedAt", "hasError", "errorMessage", "statement", "projectId", "queryTypeId")
    VALUES ('727', '9', '2023-05-11 22:04:14.765650', '2023-05-11 22:04:18.765650', 'False', 'None', 'SELECT price FROM Books', '3', '1');
INSERT INTO "QueryColumnAccess" ("queryId", "columnId")
    VALUES ('727', '6');
INSERT INTO "QueryTableAccess" ("queryId", "tableId")
    VALUES ('727', '1');
SELECT 'last_name' FROM Authors;
INSERT INTO "SqlQuery" ("queryId", "userId", "issuedAt", "finishedAt", "hasError", "errorMessage", "statement", "projectId", "queryTypeId")
    VALUES ('728', '6', '2023-06-22 22:04:14.765656', '2023-06-22 22:04:16.765656', 'False', 'None', 'SELECT last_name FROM Authors', '3', '1');
INSERT INTO "QueryColumnAccess" ("queryId", "columnId")
    VALUES ('728', '3');
INSERT INTO "QueryTableAccess" ("queryId", "tableId")
    VALUES ('728', '2');
SELECT 'category_id' FROM Books;
INSERT INTO "SqlQuery" ("queryId", "userId", "issuedAt", "finishedAt", "hasError", "errorMessage", "statement", "projectId", "queryTypeId")
    VALUES ('729', '7', '2023-05-20 22:04:14.765668', '2023-05-20 22:04:15.765668', 'False', 'None', 'SELECT category_id FROM Books', '3', '1');
INSERT INTO "QueryColumnAccess" ("queryId", "columnId")
    VALUES ('729', '7');
INSERT INTO "QueryTableAccess" ("queryId", "tableId")
    VALUES ('729', '1');
SELECT 'birth_date' FROM Authors;
INSERT INTO "SqlQuery" ("queryId", "userId", "issuedAt", "finishedAt", "hasError", "errorMessage", "statement", "projectId", "queryTypeId")
    VALUES ('730', '2', '2023-05-21 22:04:14.765675', '2023-05-21 22:04:16.765675', 'False', 'None', 'SELECT birth_date FROM Authors', '3', '1');
INSERT INTO "QueryColumnAccess" ("queryId", "columnId")
    VALUES ('730', '4');
INSERT INTO "QueryTableAccess" ("queryId", "tableId")
    VALUES ('730', '2');
SELECT 'website' FROM Publishers;
INSERT INTO "SqlQuery" ("queryId", "userId", "issuedAt", "finishedAt", "hasError", "errorMessage", "statement", "projectId", "queryTypeId")
    VALUES ('731', '13', '2023-06-28 22:04:14.765681', '2023-06-28 22:04:16.765681', 'False', 'None', 'SELECT website FROM Publishers', '3', '1');
INSERT INTO "QueryColumnAccess" ("queryId", "columnId")
    VALUES ('731', '5');
INSERT INTO "QueryTableAccess" ("queryId", "tableId")
    VALUES ('731', '3');
SELECT 'established_date' FROM Publishers;
INSERT INTO "SqlQuery" ("queryId", "userId", "issuedAt", "finishedAt", "hasError", "errorMessage", "statement", "projectId", "queryTypeId")
    VALUES ('732', '6', '2023-04-15 22:04:14.765687', '2023-04-15 22:04:15.765687', 'False', 'None', 'SELECT established_date FROM Publishers', '3', '1');
INSERT INTO "QueryColumnAccess" ("queryId", "columnId")
    VALUES ('732', '3');
INSERT INTO "QueryTableAccess" ("queryId", "tableId")
    VALUES ('732', '3');
SELECT 'shipping_zip_code' FROM Orders;
INSERT INTO "SqlQuery" ("queryId", "userId", "issuedAt", "finishedAt", "hasError", "errorMessage", "statement", "projectId", "queryTypeId")
    VALUES ('733', '9', '2023-07-06 22:04:14.765693', '2023-07-06 22:04:18.765693', 'False', 'None', 'SELECT shipping_zip_code FROM Orders', '3', '1');
INSERT INTO "QueryColumnAccess" ("queryId", "columnId")
    VALUES ('733', '9');
INSERT INTO "QueryTableAccess" ("queryId", "tableId")
    VALUES ('733', '5');
SELECT 'website' FROM Publishers;
INSERT INTO "SqlQuery" ("queryId", "userId", "issuedAt", "finishedAt", "hasError", "errorMessage", "statement", "projectId", "queryTypeId")
    VALUES ('734', '10', '2023-06-30 22:04:14.765700', '2023-06-30 22:04:18.765700', 'False', 'None', 'SELECT website FROM Publishers', '3', '1');
INSERT INTO "QueryColumnAccess" ("queryId", "columnId")
    VALUES ('734', '5');
INSERT INTO "QueryTableAccess" ("queryId", "tableId")
    VALUES ('734', '3');
SELECT 'shipping_city' FROM Orders;
INSERT INTO "SqlQuery" ("queryId", "userId", "issuedAt", "finishedAt", "hasError", "errorMessage", "statement", "projectId", "queryTypeId")
    VALUES ('735', '1', '2023-05-01 22:04:14.765706', '2023-05-01 22:04:15.765706', 'False', 'None', 'SELECT shipping_city FROM Orders', '3', '1');
INSERT INTO "QueryColumnAccess" ("queryId", "columnId")
    VALUES ('735', '7');
INSERT INTO "QueryTableAccess" ("queryId", "tableId")
    VALUES ('735', '5');
SELECT 'country' FROM Publishers;
INSERT INTO "SqlQuery" ("queryId", "userId", "issuedAt", "finishedAt", "hasError", "errorMessage", "statement", "projectId", "queryTypeId")
    VALUES ('736', '6', '2023-06-19 22:04:14.765712', '2023-06-19 22:04:18.765712', 'False', 'None', 'SELECT country FROM Publishers', '3', '1');
INSERT INTO "QueryColumnAccess" ("queryId", "columnId")
    VALUES ('736', '4');
INSERT INTO "QueryTableAccess" ("queryId", "tableId")
    VALUES ('736', '3');
SELECT 'shipping_city' FROM Orders;
INSERT INTO "SqlQuery" ("queryId", "userId", "issuedAt", "finishedAt", "hasError", "errorMessage", "statement", "projectId", "queryTypeId")
    VALUES ('737', '12', '2023-05-17 22:04:14.765718', '2023-05-17 22:04:15.765718', 'False', 'None', 'SELECT shipping_city FROM Orders', '3', '1');
INSERT INTO "QueryColumnAccess" ("queryId", "columnId")
    VALUES ('737', '7');
INSERT INTO "QueryTableAccess" ("queryId", "tableId")
    VALUES ('737', '5');
SELECT 'book_id' FROM Books;
INSERT INTO "SqlQuery" ("queryId", "userId", "issuedAt", "finishedAt", "hasError", "errorMessage", "statement", "projectId", "queryTypeId")
    VALUES ('738', '13', '2023-05-30 22:04:14.765725', '2023-05-30 22:04:18.765725', 'False', 'None', 'SELECT book_id FROM Books', '3', '1');
INSERT INTO "QueryColumnAccess" ("queryId", "columnId")
    VALUES ('738', '1');
INSERT INTO "QueryTableAccess" ("queryId", "tableId")
    VALUES ('738', '1');
SELECT 'website' FROM Publishers;
INSERT INTO "SqlQuery" ("queryId", "userId", "issuedAt", "finishedAt", "hasError", "errorMessage", "statement", "projectId", "queryTypeId")
    VALUES ('739', '15', '2023-06-11 22:04:14.765731', '2023-06-11 22:04:18.765731', 'False', 'None', 'SELECT website FROM Publishers', '3', '1');
INSERT INTO "QueryColumnAccess" ("queryId", "columnId")
    VALUES ('739', '5');
INSERT INTO "QueryTableAccess" ("queryId", "tableId")
    VALUES ('739', '3');
SELECT 'city' FROM Customers;
INSERT INTO "SqlQuery" ("queryId", "userId", "issuedAt", "finishedAt", "hasError", "errorMessage", "statement", "projectId", "queryTypeId")
    VALUES ('740', '13', '2023-06-18 22:04:14.765737', '2023-06-18 22:04:16.765737', 'False', 'None', 'SELECT city FROM Customers', '3', '1');
INSERT INTO "QueryColumnAccess" ("queryId", "columnId")
    VALUES ('740', '7');
INSERT INTO "QueryTableAccess" ("queryId", "tableId")
    VALUES ('740', '4');
SELECT 'total_amount' FROM Orders;
INSERT INTO "SqlQuery" ("queryId", "userId", "issuedAt", "finishedAt", "hasError", "errorMessage", "statement", "projectId", "queryTypeId")
    VALUES ('741', '3', '2023-06-09 22:04:14.765743', '2023-06-09 22:04:15.765743', 'False', 'None', 'SELECT total_amount FROM Orders', '3', '1');
INSERT INTO "QueryColumnAccess" ("queryId", "columnId")
    VALUES ('741', '4');
INSERT INTO "QueryTableAccess" ("queryId", "tableId")
    VALUES ('741', '5');
SELECT 'author_id' FROM Authors;
INSERT INTO "SqlQuery" ("queryId", "userId", "issuedAt", "finishedAt", "hasError", "errorMessage", "statement", "projectId", "queryTypeId")
    VALUES ('742', '15', '2023-04-29 22:04:14.765749', '2023-04-29 22:04:15.765749', 'False', 'None', 'SELECT author_id FROM Authors', '3', '1');
INSERT INTO "QueryColumnAccess" ("queryId", "columnId")
    VALUES ('742', '1');
INSERT INTO "QueryTableAccess" ("queryId", "tableId")
    VALUES ('742', '2');
SELECT 'first_name' FROM Customers;
INSERT INTO "SqlQuery" ("queryId", "userId", "issuedAt", "finishedAt", "hasError", "errorMessage", "statement", "projectId", "queryTypeId")
    VALUES ('743', '5', '2023-05-09 22:04:14.765755', '2023-05-09 22:04:15.765755', 'False', 'None', 'SELECT first_name FROM Customers', '3', '1');
INSERT INTO "QueryColumnAccess" ("queryId", "columnId")
    VALUES ('743', '2');
INSERT INTO "QueryTableAccess" ("queryId", "tableId")
    VALUES ('743', '4');
SELECT 'category_id' FROM Books;
INSERT INTO "SqlQuery" ("queryId", "userId", "issuedAt", "finishedAt", "hasError", "errorMessage", "statement", "projectId", "queryTypeId")
    VALUES ('744', '10', '2023-06-23 22:04:14.765761', '2023-06-23 22:04:15.765761', 'False', 'None', 'SELECT category_id FROM Books', '3', '1');
INSERT INTO "QueryColumnAccess" ("queryId", "columnId")
    VALUES ('744', '7');
INSERT INTO "QueryTableAccess" ("queryId", "tableId")
    VALUES ('744', '1');
SELECT 'address' FROM Customers;
INSERT INTO "SqlQuery" ("queryId", "userId", "issuedAt", "finishedAt", "hasError", "errorMessage", "statement", "projectId", "queryTypeId")
    VALUES ('745', '10', '2023-05-06 22:04:14.765768', '2023-05-06 22:04:16.765768', 'False', 'None', 'SELECT address FROM Customers', '3', '1');
INSERT INTO "QueryColumnAccess" ("queryId", "columnId")
    VALUES ('745', '6');
INSERT INTO "QueryTableAccess" ("queryId", "tableId")
    VALUES ('745', '4');
SELECT 'state' FROM Customers;
INSERT INTO "SqlQuery" ("queryId", "userId", "issuedAt", "finishedAt", "hasError", "errorMessage", "statement", "projectId", "queryTypeId")
    VALUES ('746', '15', '2023-04-30 22:04:14.765777', '2023-04-30 22:04:17.765777', 'False', 'None', 'SELECT state FROM Customers', '3', '1');
INSERT INTO "QueryColumnAccess" ("queryId", "columnId")
    VALUES ('746', '8');
INSERT INTO "QueryTableAccess" ("queryId", "tableId")
    VALUES ('746', '4');
SELECT 'city' FROM Customers;
INSERT INTO "SqlQuery" ("queryId", "userId", "issuedAt", "finishedAt", "hasError", "errorMessage", "statement", "projectId", "queryTypeId")
    VALUES ('747', '2', '2023-06-26 22:04:14.765784', '2023-06-26 22:04:18.765784', 'False', 'None', 'SELECT city FROM Customers', '3', '1');
INSERT INTO "QueryColumnAccess" ("queryId", "columnId")
    VALUES ('747', '7');
INSERT INTO "QueryTableAccess" ("queryId", "tableId")
    VALUES ('747', '4');
SELECT 'author' FROM Books;
INSERT INTO "SqlQuery" ("queryId", "userId", "issuedAt", "finishedAt", "hasError", "errorMessage", "statement", "projectId", "queryTypeId")
    VALUES ('748', '14', '2023-05-22 22:04:14.765790', '2023-05-22 22:04:15.765790', 'False', 'None', 'SELECT author FROM Books', '3', '1');
INSERT INTO "QueryColumnAccess" ("queryId", "columnId")
    VALUES ('748', '3');
INSERT INTO "QueryTableAccess" ("queryId", "tableId")
    VALUES ('748', '1');
SELECT 'shipping_city' FROM Orders;
INSERT INTO "SqlQuery" ("queryId", "userId", "issuedAt", "finishedAt", "hasError", "errorMessage", "statement", "projectId", "queryTypeId")
    VALUES ('749', '5', '2023-06-27 22:04:14.765796', '2023-06-27 22:04:18.765796', 'False', 'None', 'SELECT shipping_city FROM Orders', '3', '1');
INSERT INTO "QueryColumnAccess" ("queryId", "columnId")
    VALUES ('749', '7');
INSERT INTO "QueryTableAccess" ("queryId", "tableId")
    VALUES ('749', '5');
SELECT 'author_id' FROM Authors;
INSERT INTO "SqlQuery" ("queryId", "userId", "issuedAt", "finishedAt", "hasError", "errorMessage", "statement", "projectId", "queryTypeId")
    VALUES ('750', '4', '2023-05-28 22:04:14.765802', '2023-05-28 22:04:17.765802', 'False', 'None', 'SELECT author_id FROM Authors', '3', '1');
INSERT INTO "QueryColumnAccess" ("queryId", "columnId")
    VALUES ('750', '1');
INSERT INTO "QueryTableAccess" ("queryId", "tableId")
    VALUES ('750', '2');
SELECT 'country' FROM Publishers;
INSERT INTO "SqlQuery" ("queryId", "userId", "issuedAt", "finishedAt", "hasError", "errorMessage", "statement", "projectId", "queryTypeId")
    VALUES ('751', '2', '2023-05-15 22:04:14.765809', '2023-05-15 22:04:15.765809', 'False', 'None', 'SELECT country FROM Publishers', '3', '1');
INSERT INTO "QueryColumnAccess" ("queryId", "columnId")
    VALUES ('751', '4');
INSERT INTO "QueryTableAccess" ("queryId", "tableId")
    VALUES ('751', '3');
SELECT 'title' FROM Books;
INSERT INTO "SqlQuery" ("queryId", "userId", "issuedAt", "finishedAt", "hasError", "errorMessage", "statement", "projectId", "queryTypeId")
    VALUES ('752', '3', '2023-06-06 22:04:14.765815', '2023-06-06 22:04:18.765815', 'False', 'None', 'SELECT title FROM Books', '3', '1');
INSERT INTO "QueryColumnAccess" ("queryId", "columnId")
    VALUES ('752', '2');
INSERT INTO "QueryTableAccess" ("queryId", "tableId")
    VALUES ('752', '1');
SELECT 'publication_date' FROM Books;
INSERT INTO "SqlQuery" ("queryId", "userId", "issuedAt", "finishedAt", "hasError", "errorMessage", "statement", "projectId", "queryTypeId")
    VALUES ('753', '6', '2023-06-25 22:04:14.765821', '2023-06-25 22:04:17.765821', 'False', 'None', 'SELECT publication_date FROM Books', '3', '1');
INSERT INTO "QueryColumnAccess" ("queryId", "columnId")
    VALUES ('753', '4');
INSERT INTO "QueryTableAccess" ("queryId", "tableId")
    VALUES ('753', '1');
SELECT 'last_name' FROM Authors;
INSERT INTO "SqlQuery" ("queryId", "userId", "issuedAt", "finishedAt", "hasError", "errorMessage", "statement", "projectId", "queryTypeId")
    VALUES ('754', '5', '2023-04-19 22:04:14.765827', '2023-04-19 22:04:15.765827', 'False', 'None', 'SELECT last_name FROM Authors', '3', '1');
INSERT INTO "QueryColumnAccess" ("queryId", "columnId")
    VALUES ('754', '3');
INSERT INTO "QueryTableAccess" ("queryId", "tableId")
    VALUES ('754', '2');
SELECT 'shipping_city' FROM Orders;
INSERT INTO "SqlQuery" ("queryId", "userId", "issuedAt", "finishedAt", "hasError", "errorMessage", "statement", "projectId", "queryTypeId")
    VALUES ('755', '2', '2023-05-13 22:04:14.765833', '2023-05-13 22:04:16.765833', 'False', 'None', 'SELECT shipping_city FROM Orders', '3', '1');
INSERT INTO "QueryColumnAccess" ("queryId", "columnId")
    VALUES ('755', '7');
INSERT INTO "QueryTableAccess" ("queryId", "tableId")
    VALUES ('755', '5');
SELECT 'publisher_name' FROM Publishers;
INSERT INTO "SqlQuery" ("queryId", "userId", "issuedAt", "finishedAt", "hasError", "errorMessage", "statement", "projectId", "queryTypeId")
    VALUES ('756', '10', '2023-04-12 22:04:14.765839', '2023-04-12 22:04:17.765839', 'False', 'None', 'SELECT publisher_name FROM Publishers', '3', '1');
INSERT INTO "QueryColumnAccess" ("queryId", "columnId")
    VALUES ('756', '2');
INSERT INTO "QueryTableAccess" ("queryId", "tableId")
    VALUES ('756', '3');
SELECT 'book_id' FROM Books;
INSERT INTO "SqlQuery" ("queryId", "userId", "issuedAt", "finishedAt", "hasError", "errorMessage", "statement", "projectId", "queryTypeId")
    VALUES ('757', '11', '2023-06-14 22:04:14.765846', '2023-06-14 22:04:17.765846', 'False', 'None', 'SELECT book_id FROM Books', '3', '1');
INSERT INTO "QueryColumnAccess" ("queryId", "columnId")
    VALUES ('757', '1');
INSERT INTO "QueryTableAccess" ("queryId", "tableId")
    VALUES ('757', '1');
SELECT 'first_name' FROM Authors;
INSERT INTO "SqlQuery" ("queryId", "userId", "issuedAt", "finishedAt", "hasError", "errorMessage", "statement", "projectId", "queryTypeId")
    VALUES ('758', '8', '2023-04-21 22:04:14.765852', '2023-04-21 22:04:16.765852', 'False', 'None', 'SELECT first_name FROM Authors', '3', '1');
INSERT INTO "QueryColumnAccess" ("queryId", "columnId")
    VALUES ('758', '2');
INSERT INTO "QueryTableAccess" ("queryId", "tableId")
    VALUES ('758', '2');
SELECT 'customer_id' FROM Customers;
INSERT INTO "SqlQuery" ("queryId", "userId", "issuedAt", "finishedAt", "hasError", "errorMessage", "statement", "projectId", "queryTypeId")
    VALUES ('759', '4', '2023-06-18 22:04:14.765858', '2023-06-18 22:04:18.765858', 'False', 'None', 'SELECT customer_id FROM Customers', '3', '1');
INSERT INTO "QueryColumnAccess" ("queryId", "columnId")
    VALUES ('759', '1');
INSERT INTO "QueryTableAccess" ("queryId", "tableId")
    VALUES ('759', '4');
SELECT 'established_date' FROM Publishers;
INSERT INTO "SqlQuery" ("queryId", "userId", "issuedAt", "finishedAt", "hasError", "errorMessage", "statement", "projectId", "queryTypeId")
    VALUES ('760', '8', '2023-05-07 22:04:14.765864', '2023-05-07 22:04:18.765864', 'False', 'None', 'SELECT established_date FROM Publishers', '3', '1');
INSERT INTO "QueryColumnAccess" ("queryId", "columnId")
    VALUES ('760', '3');
INSERT INTO "QueryTableAccess" ("queryId", "tableId")
    VALUES ('760', '3');
SELECT 'established_date' FROM Publishers;
INSERT INTO "SqlQuery" ("queryId", "userId", "issuedAt", "finishedAt", "hasError", "errorMessage", "statement", "projectId", "queryTypeId")
    VALUES ('761', '13', '2023-05-09 22:04:14.765870', '2023-05-09 22:04:16.765870', 'False', 'None', 'SELECT established_date FROM Publishers', '3', '1');
INSERT INTO "QueryColumnAccess" ("queryId", "columnId")
    VALUES ('761', '3');
INSERT INTO "QueryTableAccess" ("queryId", "tableId")
    VALUES ('761', '3');
SELECT 'publisher_name' FROM Publishers;
INSERT INTO "SqlQuery" ("queryId", "userId", "issuedAt", "finishedAt", "hasError", "errorMessage", "statement", "projectId", "queryTypeId")
    VALUES ('762', '8', '2023-06-29 22:04:14.765876', '2023-06-29 22:04:17.765876', 'False', 'None', 'SELECT publisher_name FROM Publishers', '3', '1');
INSERT INTO "QueryColumnAccess" ("queryId", "columnId")
    VALUES ('762', '2');
INSERT INTO "QueryTableAccess" ("queryId", "tableId")
    VALUES ('762', '3');
SELECT 'country' FROM Publishers;
INSERT INTO "SqlQuery" ("queryId", "userId", "issuedAt", "finishedAt", "hasError", "errorMessage", "statement", "projectId", "queryTypeId")
    VALUES ('763', '1', '2023-05-01 22:04:14.765887', '2023-05-01 22:04:18.765887', 'False', 'None', 'SELECT country FROM Publishers', '3', '1');
INSERT INTO "QueryColumnAccess" ("queryId", "columnId")
    VALUES ('763', '4');
INSERT INTO "QueryTableAccess" ("queryId", "tableId")
    VALUES ('763', '3');
SELECT 'customer_id' FROM Orders;
INSERT INTO "SqlQuery" ("queryId", "userId", "issuedAt", "finishedAt", "hasError", "errorMessage", "statement", "projectId", "queryTypeId")
    VALUES ('764', '3', '2023-06-30 22:04:14.765894', '2023-06-30 22:04:16.765894', 'False', 'None', 'SELECT customer_id FROM Orders', '3', '1');
INSERT INTO "QueryColumnAccess" ("queryId", "columnId")
    VALUES ('764', '2');
INSERT INTO "QueryTableAccess" ("queryId", "tableId")
    VALUES ('764', '5');
SELECT 'phone_number' FROM Customers;
INSERT INTO "SqlQuery" ("queryId", "userId", "issuedAt", "finishedAt", "hasError", "errorMessage", "statement", "projectId", "queryTypeId")
    VALUES ('765', '11', '2023-07-05 22:04:14.765900', '2023-07-05 22:04:16.765900', 'False', 'None', 'SELECT phone_number FROM Customers', '3', '1');
INSERT INTO "QueryColumnAccess" ("queryId", "columnId")
    VALUES ('765', '5');
INSERT INTO "QueryTableAccess" ("queryId", "tableId")
    VALUES ('765', '4');
SELECT 'publisher_name' FROM Publishers;
INSERT INTO "SqlQuery" ("queryId", "userId", "issuedAt", "finishedAt", "hasError", "errorMessage", "statement", "projectId", "queryTypeId")
    VALUES ('766', '15', '2023-04-22 22:04:14.765906', '2023-04-22 22:04:15.765906', 'False', 'None', 'SELECT publisher_name FROM Publishers', '3', '1');
INSERT INTO "QueryColumnAccess" ("queryId", "columnId")
    VALUES ('766', '2');
INSERT INTO "QueryTableAccess" ("queryId", "tableId")
    VALUES ('766', '3');
SELECT 'last_name' FROM Authors;
INSERT INTO "SqlQuery" ("queryId", "userId", "issuedAt", "finishedAt", "hasError", "errorMessage", "statement", "projectId", "queryTypeId")
    VALUES ('767', '5', '2023-04-23 22:04:14.765912', '2023-04-23 22:04:18.765912', 'False', 'None', 'SELECT last_name FROM Authors', '3', '1');
INSERT INTO "QueryColumnAccess" ("queryId", "columnId")
    VALUES ('767', '3');
INSERT INTO "QueryTableAccess" ("queryId", "tableId")
    VALUES ('767', '2');
SELECT 'website' FROM Publishers;
INSERT INTO "SqlQuery" ("queryId", "userId", "issuedAt", "finishedAt", "hasError", "errorMessage", "statement", "projectId", "queryTypeId")
    VALUES ('768', '14', '2023-04-14 22:04:14.765919', '2023-04-14 22:04:16.765919', 'False', 'None', 'SELECT website FROM Publishers', '3', '1');
INSERT INTO "QueryColumnAccess" ("queryId", "columnId")
    VALUES ('768', '5');
INSERT INTO "QueryTableAccess" ("queryId", "tableId")
    VALUES ('768', '3');
SELECT 'country' FROM Authors;
INSERT INTO "SqlQuery" ("queryId", "userId", "issuedAt", "finishedAt", "hasError", "errorMessage", "statement", "projectId", "queryTypeId")
    VALUES ('769', '11', '2023-04-14 22:04:14.765925', '2023-04-14 22:04:17.765925', 'False', 'None', 'SELECT country FROM Authors', '3', '1');
INSERT INTO "QueryColumnAccess" ("queryId", "columnId")
    VALUES ('769', '5');
INSERT INTO "QueryTableAccess" ("queryId", "tableId")
    VALUES ('769', '2');
SELECT 'country' FROM Authors;
INSERT INTO "SqlQuery" ("queryId", "userId", "issuedAt", "finishedAt", "hasError", "errorMessage", "statement", "projectId", "queryTypeId")
    VALUES ('770', '12', '2023-04-20 22:04:14.765931', '2023-04-20 22:04:16.765931', 'False', 'None', 'SELECT country FROM Authors', '3', '1');
INSERT INTO "QueryColumnAccess" ("queryId", "columnId")
    VALUES ('770', '5');
INSERT INTO "QueryTableAccess" ("queryId", "tableId")
    VALUES ('770', '2');
SELECT 'country' FROM Authors;
INSERT INTO "SqlQuery" ("queryId", "userId", "issuedAt", "finishedAt", "hasError", "errorMessage", "statement", "projectId", "queryTypeId")
    VALUES ('771', '9', '2023-04-17 22:04:14.765937', '2023-04-17 22:04:16.765937', 'False', 'None', 'SELECT country FROM Authors', '3', '1');
INSERT INTO "QueryColumnAccess" ("queryId", "columnId")
    VALUES ('771', '5');
INSERT INTO "QueryTableAccess" ("queryId", "tableId")
    VALUES ('771', '2');
SELECT 'order_date' FROM Orders;
INSERT INTO "SqlQuery" ("queryId", "userId", "issuedAt", "finishedAt", "hasError", "errorMessage", "statement", "projectId", "queryTypeId")
    VALUES ('772', '6', '2023-06-10 22:04:14.765943', '2023-06-10 22:04:17.765943', 'False', 'None', 'SELECT order_date FROM Orders', '3', '1');
INSERT INTO "QueryColumnAccess" ("queryId", "columnId")
    VALUES ('772', '3');
INSERT INTO "QueryTableAccess" ("queryId", "tableId")
    VALUES ('772', '5');
SELECT 'author' FROM Books;
INSERT INTO "SqlQuery" ("queryId", "userId", "issuedAt", "finishedAt", "hasError", "errorMessage", "statement", "projectId", "queryTypeId")
    VALUES ('773', '3', '2023-05-11 22:04:14.765949', '2023-05-11 22:04:16.765949', 'False', 'None', 'SELECT author FROM Books', '3', '1');
INSERT INTO "QueryColumnAccess" ("queryId", "columnId")
    VALUES ('773', '3');
INSERT INTO "QueryTableAccess" ("queryId", "tableId")
    VALUES ('773', '1');
SELECT 'publisher_id' FROM Publishers;
INSERT INTO "SqlQuery" ("queryId", "userId", "issuedAt", "finishedAt", "hasError", "errorMessage", "statement", "projectId", "queryTypeId")
    VALUES ('774', '6', '2023-07-06 22:04:14.765955', '2023-07-06 22:04:16.765955', 'False', 'None', 'SELECT publisher_id FROM Publishers', '3', '1');
INSERT INTO "QueryColumnAccess" ("queryId", "columnId")
    VALUES ('774', '1');
INSERT INTO "QueryTableAccess" ("queryId", "tableId")
    VALUES ('774', '3');
SELECT 'address' FROM Customers;
INSERT INTO "SqlQuery" ("queryId", "userId", "issuedAt", "finishedAt", "hasError", "errorMessage", "statement", "projectId", "queryTypeId")
    VALUES ('775', '11', '2023-06-28 22:04:14.765961', '2023-06-28 22:04:18.765961', 'False', 'None', 'SELECT address FROM Customers', '3', '1');
INSERT INTO "QueryColumnAccess" ("queryId", "columnId")
    VALUES ('775', '6');
INSERT INTO "QueryTableAccess" ("queryId", "tableId")
    VALUES ('775', '4');
SELECT 'publisher_id' FROM Publishers;
INSERT INTO "SqlQuery" ("queryId", "userId", "issuedAt", "finishedAt", "hasError", "errorMessage", "statement", "projectId", "queryTypeId")
    VALUES ('776', '7', '2023-05-10 22:04:14.765968', '2023-05-10 22:04:16.765968', 'False', 'None', 'SELECT publisher_id FROM Publishers', '3', '1');
INSERT INTO "QueryColumnAccess" ("queryId", "columnId")
    VALUES ('776', '1');
INSERT INTO "QueryTableAccess" ("queryId", "tableId")
    VALUES ('776', '3');
SELECT 'author' FROM Books;
INSERT INTO "SqlQuery" ("queryId", "userId", "issuedAt", "finishedAt", "hasError", "errorMessage", "statement", "projectId", "queryTypeId")
    VALUES ('777', '7', '2023-05-23 22:04:14.765974', '2023-05-23 22:04:17.765974', 'False', 'None', 'SELECT author FROM Books', '3', '1');
INSERT INTO "QueryColumnAccess" ("queryId", "columnId")
    VALUES ('777', '3');
INSERT INTO "QueryTableAccess" ("queryId", "tableId")
    VALUES ('777', '1');
SELECT 'website' FROM Publishers;
INSERT INTO "SqlQuery" ("queryId", "userId", "issuedAt", "finishedAt", "hasError", "errorMessage", "statement", "projectId", "queryTypeId")
    VALUES ('778', '15', '2023-05-27 22:04:14.765980', '2023-05-27 22:04:18.765980', 'False', 'None', 'SELECT website FROM Publishers', '3', '1');
INSERT INTO "QueryColumnAccess" ("queryId", "columnId")
    VALUES ('778', '5');
INSERT INTO "QueryTableAccess" ("queryId", "tableId")
    VALUES ('778', '3');
SELECT 'publisher_name' FROM Publishers;
INSERT INTO "SqlQuery" ("queryId", "userId", "issuedAt", "finishedAt", "hasError", "errorMessage", "statement", "projectId", "queryTypeId")
    VALUES ('779', '8', '2023-07-01 22:04:14.765986', '2023-07-01 22:04:15.765986', 'False', 'None', 'SELECT publisher_name FROM Publishers', '3', '1');
INSERT INTO "QueryColumnAccess" ("queryId", "columnId")
    VALUES ('779', '2');
INSERT INTO "QueryTableAccess" ("queryId", "tableId")
    VALUES ('779', '3');
SELECT 'shipping_zip_code' FROM Orders;
INSERT INTO "SqlQuery" ("queryId", "userId", "issuedAt", "finishedAt", "hasError", "errorMessage", "statement", "projectId", "queryTypeId")
    VALUES ('780', '13', '2023-04-24 22:04:14.765996', '2023-04-24 22:04:17.765996', 'False', 'None', 'SELECT shipping_zip_code FROM Orders', '3', '1');
INSERT INTO "QueryColumnAccess" ("queryId", "columnId")
    VALUES ('780', '9');
INSERT INTO "QueryTableAccess" ("queryId", "tableId")
    VALUES ('780', '5');
SELECT 'state' FROM Customers;
INSERT INTO "SqlQuery" ("queryId", "userId", "issuedAt", "finishedAt", "hasError", "errorMessage", "statement", "projectId", "queryTypeId")
    VALUES ('781', '5', '2023-05-14 22:04:14.766002', '2023-05-14 22:04:17.766002', 'False', 'None', 'SELECT state FROM Customers', '3', '1');
INSERT INTO "QueryColumnAccess" ("queryId", "columnId")
    VALUES ('781', '8');
INSERT INTO "QueryTableAccess" ("queryId", "tableId")
    VALUES ('781', '4');
SELECT 'website' FROM Publishers;
INSERT INTO "SqlQuery" ("queryId", "userId", "issuedAt", "finishedAt", "hasError", "errorMessage", "statement", "projectId", "queryTypeId")
    VALUES ('782', '2', '2023-07-07 22:04:14.766008', '2023-07-07 22:04:18.766008', 'False', 'None', 'SELECT website FROM Publishers', '3', '1');
INSERT INTO "QueryColumnAccess" ("queryId", "columnId")
    VALUES ('782', '5');
INSERT INTO "QueryTableAccess" ("queryId", "tableId")
    VALUES ('782', '3');
SELECT 'publisher_name' FROM Publishers;
INSERT INTO "SqlQuery" ("queryId", "userId", "issuedAt", "finishedAt", "hasError", "errorMessage", "statement", "projectId", "queryTypeId")
    VALUES ('783', '9', '2023-04-19 22:04:14.766015', '2023-04-19 22:04:16.766015', 'False', 'None', 'SELECT publisher_name FROM Publishers', '3', '1');
INSERT INTO "QueryColumnAccess" ("queryId", "columnId")
    VALUES ('783', '2');
INSERT INTO "QueryTableAccess" ("queryId", "tableId")
    VALUES ('783', '3');
SELECT 'shipping_country' FROM Orders;
INSERT INTO "SqlQuery" ("queryId", "userId", "issuedAt", "finishedAt", "hasError", "errorMessage", "statement", "projectId", "queryTypeId")
    VALUES ('784', '13', '2023-05-21 22:04:14.766021', '2023-05-21 22:04:15.766021', 'False', 'None', 'SELECT shipping_country FROM Orders', '3', '1');
INSERT INTO "QueryColumnAccess" ("queryId", "columnId")
    VALUES ('784', '10');
INSERT INTO "QueryTableAccess" ("queryId", "tableId")
    VALUES ('784', '5');
SELECT 'author_id' FROM Authors;
INSERT INTO "SqlQuery" ("queryId", "userId", "issuedAt", "finishedAt", "hasError", "errorMessage", "statement", "projectId", "queryTypeId")
    VALUES ('785', '6', '2023-07-03 22:04:14.766027', '2023-07-03 22:04:15.766027', 'False', 'None', 'SELECT author_id FROM Authors', '3', '1');
INSERT INTO "QueryColumnAccess" ("queryId", "columnId")
    VALUES ('785', '1');
INSERT INTO "QueryTableAccess" ("queryId", "tableId")
    VALUES ('785', '2');
SELECT 'state' FROM Customers;
INSERT INTO "SqlQuery" ("queryId", "userId", "issuedAt", "finishedAt", "hasError", "errorMessage", "statement", "projectId", "queryTypeId")
    VALUES ('786', '7', '2023-05-13 22:04:14.766033', '2023-05-13 22:04:18.766033', 'False', 'None', 'SELECT state FROM Customers', '3', '1');
INSERT INTO "QueryColumnAccess" ("queryId", "columnId")
    VALUES ('786', '8');
INSERT INTO "QueryTableAccess" ("queryId", "tableId")
    VALUES ('786', '4');
SELECT 'book_id' FROM Books;
INSERT INTO "SqlQuery" ("queryId", "userId", "issuedAt", "finishedAt", "hasError", "errorMessage", "statement", "projectId", "queryTypeId")
    VALUES ('787', '13', '2023-07-03 22:04:14.766040', '2023-07-03 22:04:17.766040', 'False', 'None', 'SELECT book_id FROM Books', '3', '1');
INSERT INTO "QueryColumnAccess" ("queryId", "columnId")
    VALUES ('787', '1');
INSERT INTO "QueryTableAccess" ("queryId", "tableId")
    VALUES ('787', '1');
SELECT 'state' FROM Customers;
INSERT INTO "SqlQuery" ("queryId", "userId", "issuedAt", "finishedAt", "hasError", "errorMessage", "statement", "projectId", "queryTypeId")
    VALUES ('788', '3', '2023-06-28 22:04:14.766046', '2023-06-28 22:04:15.766046', 'False', 'None', 'SELECT state FROM Customers', '3', '1');
INSERT INTO "QueryColumnAccess" ("queryId", "columnId")
    VALUES ('788', '8');
INSERT INTO "QueryTableAccess" ("queryId", "tableId")
    VALUES ('788', '4');
SELECT 'shipping_state' FROM Orders;
INSERT INTO "SqlQuery" ("queryId", "userId", "issuedAt", "finishedAt", "hasError", "errorMessage", "statement", "projectId", "queryTypeId")
    VALUES ('789', '8', '2023-07-06 22:04:14.766052', '2023-07-06 22:04:16.766052', 'False', 'None', 'SELECT shipping_state FROM Orders', '3', '1');
INSERT INTO "QueryColumnAccess" ("queryId", "columnId")
    VALUES ('789', '8');
INSERT INTO "QueryTableAccess" ("queryId", "tableId")
    VALUES ('789', '5');
SELECT 'last_name' FROM Customers;
INSERT INTO "SqlQuery" ("queryId", "userId", "issuedAt", "finishedAt", "hasError", "errorMessage", "statement", "projectId", "queryTypeId")
    VALUES ('790', '4', '2023-06-12 22:04:14.766058', '2023-06-12 22:04:18.766058', 'False', 'None', 'SELECT last_name FROM Customers', '3', '1');
INSERT INTO "QueryColumnAccess" ("queryId", "columnId")
    VALUES ('790', '3');
INSERT INTO "QueryTableAccess" ("queryId", "tableId")
    VALUES ('790', '4');
SELECT 'shipping_country' FROM Orders;
INSERT INTO "SqlQuery" ("queryId", "userId", "issuedAt", "finishedAt", "hasError", "errorMessage", "statement", "projectId", "queryTypeId")
    VALUES ('791', '12', '2023-05-24 22:04:14.766064', '2023-05-24 22:04:16.766064', 'False', 'None', 'SELECT shipping_country FROM Orders', '3', '1');
INSERT INTO "QueryColumnAccess" ("queryId", "columnId")
    VALUES ('791', '10');
INSERT INTO "QueryTableAccess" ("queryId", "tableId")
    VALUES ('791', '5');
SELECT 'publisher_id' FROM Publishers;
INSERT INTO "SqlQuery" ("queryId", "userId", "issuedAt", "finishedAt", "hasError", "errorMessage", "statement", "projectId", "queryTypeId")
    VALUES ('792', '9', '2023-06-14 22:04:14.766070', '2023-06-14 22:04:16.766070', 'False', 'None', 'SELECT publisher_id FROM Publishers', '3', '1');
INSERT INTO "QueryColumnAccess" ("queryId", "columnId")
    VALUES ('792', '1');
INSERT INTO "QueryTableAccess" ("queryId", "tableId")
    VALUES ('792', '3');
SELECT 'publication_date' FROM Books;
INSERT INTO "SqlQuery" ("queryId", "userId", "issuedAt", "finishedAt", "hasError", "errorMessage", "statement", "projectId", "queryTypeId")
    VALUES ('793', '10', '2023-07-01 22:04:14.766077', '2023-07-01 22:04:15.766077', 'False', 'None', 'SELECT publication_date FROM Books', '3', '1');
INSERT INTO "QueryColumnAccess" ("queryId", "columnId")
    VALUES ('793', '4');
INSERT INTO "QueryTableAccess" ("queryId", "tableId")
    VALUES ('793', '1');
SELECT 'birth_date' FROM Authors;
INSERT INTO "SqlQuery" ("queryId", "userId", "issuedAt", "finishedAt", "hasError", "errorMessage", "statement", "projectId", "queryTypeId")
    VALUES ('794', '10', '2023-06-24 22:04:14.766083', '2023-06-24 22:04:18.766083', 'False', 'None', 'SELECT birth_date FROM Authors', '3', '1');
INSERT INTO "QueryColumnAccess" ("queryId", "columnId")
    VALUES ('794', '4');
INSERT INTO "QueryTableAccess" ("queryId", "tableId")
    VALUES ('794', '2');
SELECT 'first_name' FROM Authors;
INSERT INTO "SqlQuery" ("queryId", "userId", "issuedAt", "finishedAt", "hasError", "errorMessage", "statement", "projectId", "queryTypeId")
    VALUES ('795', '8', '2023-04-13 22:04:14.766089', '2023-04-13 22:04:16.766089', 'False', 'None', 'SELECT first_name FROM Authors', '3', '1');
INSERT INTO "QueryColumnAccess" ("queryId", "columnId")
    VALUES ('795', '2');
INSERT INTO "QueryTableAccess" ("queryId", "tableId")
    VALUES ('795', '2');
SELECT 'status' FROM Orders;
INSERT INTO "SqlQuery" ("queryId", "userId", "issuedAt", "finishedAt", "hasError", "errorMessage", "statement", "projectId", "queryTypeId")
    VALUES ('796', '13', '2023-06-11 22:04:14.766095', '2023-06-11 22:04:17.766095', 'False', 'None', 'SELECT status FROM Orders', '3', '1');
INSERT INTO "QueryColumnAccess" ("queryId", "columnId")
    VALUES ('796', '5');
INSERT INTO "QueryTableAccess" ("queryId", "tableId")
    VALUES ('796', '5');
SELECT 'shipping_country' FROM Orders;
INSERT INTO "SqlQuery" ("queryId", "userId", "issuedAt", "finishedAt", "hasError", "errorMessage", "statement", "projectId", "queryTypeId")
    VALUES ('797', '9', '2023-06-25 22:04:14.766107', '2023-06-25 22:04:18.766107', 'False', 'None', 'SELECT shipping_country FROM Orders', '3', '1');
INSERT INTO "QueryColumnAccess" ("queryId", "columnId")
    VALUES ('797', '10');
INSERT INTO "QueryTableAccess" ("queryId", "tableId")
    VALUES ('797', '5');
SELECT 'phone_number' FROM Customers;
INSERT INTO "SqlQuery" ("queryId", "userId", "issuedAt", "finishedAt", "hasError", "errorMessage", "statement", "projectId", "queryTypeId")
    VALUES ('798', '3', '2023-05-11 22:04:14.766113', '2023-05-11 22:04:16.766113', 'False', 'None', 'SELECT phone_number FROM Customers', '3', '1');
INSERT INTO "QueryColumnAccess" ("queryId", "columnId")
    VALUES ('798', '5');
INSERT INTO "QueryTableAccess" ("queryId", "tableId")
    VALUES ('798', '4');
SELECT 'publisher_name' FROM Publishers;
INSERT INTO "SqlQuery" ("queryId", "userId", "issuedAt", "finishedAt", "hasError", "errorMessage", "statement", "projectId", "queryTypeId")
    VALUES ('799', '9', '2023-06-10 22:04:14.766120', '2023-06-10 22:04:17.766120', 'False', 'None', 'SELECT publisher_name FROM Publishers', '3', '1');
INSERT INTO "QueryColumnAccess" ("queryId", "columnId")
    VALUES ('799', '2');
INSERT INTO "QueryTableAccess" ("queryId", "tableId")
    VALUES ('799', '3');
SELECT 'book_id' FROM Books;
INSERT INTO "SqlQuery" ("queryId", "userId", "issuedAt", "finishedAt", "hasError", "errorMessage", "statement", "projectId", "queryTypeId")
    VALUES ('800', '10', '2023-04-28 22:04:14.766126', '2023-04-28 22:04:15.766126', 'False', 'None', 'SELECT book_id FROM Books', '3', '1');
INSERT INTO "QueryColumnAccess" ("queryId", "columnId")
    VALUES ('800', '1');
INSERT INTO "QueryTableAccess" ("queryId", "tableId")
    VALUES ('800', '1');
SELECT 'zip_code' FROM Customers;
INSERT INTO "SqlQuery" ("queryId", "userId", "issuedAt", "finishedAt", "hasError", "errorMessage", "statement", "projectId", "queryTypeId")
    VALUES ('801', '5', '2023-05-21 22:04:14.766132', '2023-05-21 22:04:18.766132', 'False', 'None', 'SELECT zip_code FROM Customers', '3', '1');
INSERT INTO "QueryColumnAccess" ("queryId", "columnId")
    VALUES ('801', '9');
INSERT INTO "QueryTableAccess" ("queryId", "tableId")
    VALUES ('801', '4');
SELECT 'website' FROM Publishers;
INSERT INTO "SqlQuery" ("queryId", "userId", "issuedAt", "finishedAt", "hasError", "errorMessage", "statement", "projectId", "queryTypeId")
    VALUES ('802', '7', '2023-05-09 22:04:14.766138', '2023-05-09 22:04:17.766138', 'False', 'None', 'SELECT website FROM Publishers', '3', '1');
INSERT INTO "QueryColumnAccess" ("queryId", "columnId")
    VALUES ('802', '5');
INSERT INTO "QueryTableAccess" ("queryId", "tableId")
    VALUES ('802', '3');
SELECT 'website' FROM Publishers;
INSERT INTO "SqlQuery" ("queryId", "userId", "issuedAt", "finishedAt", "hasError", "errorMessage", "statement", "projectId", "queryTypeId")
    VALUES ('803', '8', '2023-05-12 22:04:14.766144', '2023-05-12 22:04:18.766144', 'False', 'None', 'SELECT website FROM Publishers', '3', '1');
INSERT INTO "QueryColumnAccess" ("queryId", "columnId")
    VALUES ('803', '5');
INSERT INTO "QueryTableAccess" ("queryId", "tableId")
    VALUES ('803', '3');
SELECT 'shipping_country' FROM Orders;
INSERT INTO "SqlQuery" ("queryId", "userId", "issuedAt", "finishedAt", "hasError", "errorMessage", "statement", "projectId", "queryTypeId")
    VALUES ('804', '12', '2023-06-28 22:04:14.766150', '2023-06-28 22:04:17.766150', 'False', 'None', 'SELECT shipping_country FROM Orders', '3', '1');
INSERT INTO "QueryColumnAccess" ("queryId", "columnId")
    VALUES ('804', '10');
INSERT INTO "QueryTableAccess" ("queryId", "tableId")
    VALUES ('804', '5');
SELECT 'publisher_name' FROM Publishers;
INSERT INTO "SqlQuery" ("queryId", "userId", "issuedAt", "finishedAt", "hasError", "errorMessage", "statement", "projectId", "queryTypeId")
    VALUES ('805', '13', '2023-07-06 22:04:14.766157', '2023-07-06 22:04:17.766157', 'False', 'None', 'SELECT publisher_name FROM Publishers', '3', '1');
INSERT INTO "QueryColumnAccess" ("queryId", "columnId")
    VALUES ('805', '2');
INSERT INTO "QueryTableAccess" ("queryId", "tableId")
    VALUES ('805', '3');
SELECT 'country' FROM Authors;
INSERT INTO "SqlQuery" ("queryId", "userId", "issuedAt", "finishedAt", "hasError", "errorMessage", "statement", "projectId", "queryTypeId")
    VALUES ('806', '10', '2023-04-27 22:04:14.766163', '2023-04-27 22:04:18.766163', 'False', 'None', 'SELECT country FROM Authors', '3', '1');
INSERT INTO "QueryColumnAccess" ("queryId", "columnId")
    VALUES ('806', '5');
INSERT INTO "QueryTableAccess" ("queryId", "tableId")
    VALUES ('806', '2');
SELECT 'website' FROM Publishers;
INSERT INTO "SqlQuery" ("queryId", "userId", "issuedAt", "finishedAt", "hasError", "errorMessage", "statement", "projectId", "queryTypeId")
    VALUES ('807', '9', '2023-04-16 22:04:14.766169', '2023-04-16 22:04:17.766169', 'False', 'None', 'SELECT website FROM Publishers', '3', '1');
INSERT INTO "QueryColumnAccess" ("queryId", "columnId")
    VALUES ('807', '5');
INSERT INTO "QueryTableAccess" ("queryId", "tableId")
    VALUES ('807', '3');
SELECT 'author_id' FROM Authors;
INSERT INTO "SqlQuery" ("queryId", "userId", "issuedAt", "finishedAt", "hasError", "errorMessage", "statement", "projectId", "queryTypeId")
    VALUES ('808', '7', '2023-05-19 22:04:14.766175', '2023-05-19 22:04:15.766175', 'False', 'None', 'SELECT author_id FROM Authors', '3', '1');
INSERT INTO "QueryColumnAccess" ("queryId", "columnId")
    VALUES ('808', '1');
INSERT INTO "QueryTableAccess" ("queryId", "tableId")
    VALUES ('808', '2');
SELECT 'book_id' FROM Books;
INSERT INTO "SqlQuery" ("queryId", "userId", "issuedAt", "finishedAt", "hasError", "errorMessage", "statement", "projectId", "queryTypeId")
    VALUES ('809', '13', '2023-06-26 22:04:14.766181', '2023-06-26 22:04:18.766181', 'False', 'None', 'SELECT book_id FROM Books', '3', '1');
INSERT INTO "QueryColumnAccess" ("queryId", "columnId")
    VALUES ('809', '1');
INSERT INTO "QueryTableAccess" ("queryId", "tableId")
    VALUES ('809', '1');
SELECT 'zip_code' FROM Customers;
INSERT INTO "SqlQuery" ("queryId", "userId", "issuedAt", "finishedAt", "hasError", "errorMessage", "statement", "projectId", "queryTypeId")
    VALUES ('810', '1', '2023-07-09 22:04:14.766187', '2023-07-09 22:04:18.766187', 'False', 'None', 'SELECT zip_code FROM Customers', '3', '1');
INSERT INTO "QueryColumnAccess" ("queryId", "columnId")
    VALUES ('810', '9');
INSERT INTO "QueryTableAccess" ("queryId", "tableId")
    VALUES ('810', '4');
SELECT 'birth_date' FROM Authors;
INSERT INTO "SqlQuery" ("queryId", "userId", "issuedAt", "finishedAt", "hasError", "errorMessage", "statement", "projectId", "queryTypeId")
    VALUES ('811', '4', '2023-06-09 22:04:14.766193', '2023-06-09 22:04:17.766193', 'False', 'None', 'SELECT birth_date FROM Authors', '3', '1');
INSERT INTO "QueryColumnAccess" ("queryId", "columnId")
    VALUES ('811', '4');
INSERT INTO "QueryTableAccess" ("queryId", "tableId")
    VALUES ('811', '2');
SELECT 'city' FROM Customers;
INSERT INTO "SqlQuery" ("queryId", "userId", "issuedAt", "finishedAt", "hasError", "errorMessage", "statement", "projectId", "queryTypeId")
    VALUES ('812', '10', '2023-04-29 22:04:14.766199', '2023-04-29 22:04:16.766199', 'False', 'None', 'SELECT city FROM Customers', '3', '1');
INSERT INTO "QueryColumnAccess" ("queryId", "columnId")
    VALUES ('812', '7');
INSERT INTO "QueryTableAccess" ("queryId", "tableId")
    VALUES ('812', '4');
SELECT 'last_name' FROM Authors;
INSERT INTO "SqlQuery" ("queryId", "userId", "issuedAt", "finishedAt", "hasError", "errorMessage", "statement", "projectId", "queryTypeId")
    VALUES ('813', '6', '2023-04-19 22:04:14.766206', '2023-04-19 22:04:15.766206', 'False', 'None', 'SELECT last_name FROM Authors', '3', '1');
INSERT INTO "QueryColumnAccess" ("queryId", "columnId")
    VALUES ('813', '3');
INSERT INTO "QueryTableAccess" ("queryId", "tableId")
    VALUES ('813', '2');
SELECT 'category_id' FROM Books;
INSERT INTO "SqlQuery" ("queryId", "userId", "issuedAt", "finishedAt", "hasError", "errorMessage", "statement", "projectId", "queryTypeId")
    VALUES ('814', '3', '2023-06-06 22:04:14.766215', '2023-06-06 22:04:18.766215', 'False', 'None', 'SELECT category_id FROM Books', '3', '1');
INSERT INTO "QueryColumnAccess" ("queryId", "columnId")
    VALUES ('814', '7');
INSERT INTO "QueryTableAccess" ("queryId", "tableId")
    VALUES ('814', '1');
SELECT 'first_name' FROM Authors;
INSERT INTO "SqlQuery" ("queryId", "userId", "issuedAt", "finishedAt", "hasError", "errorMessage", "statement", "projectId", "queryTypeId")
    VALUES ('815', '8', '2023-05-01 22:04:14.766222', '2023-05-01 22:04:18.766222', 'False', 'None', 'SELECT first_name FROM Authors', '3', '1');
INSERT INTO "QueryColumnAccess" ("queryId", "columnId")
    VALUES ('815', '2');
INSERT INTO "QueryTableAccess" ("queryId", "tableId")
    VALUES ('815', '2');
SELECT 'shipping_city' FROM Orders;
INSERT INTO "SqlQuery" ("queryId", "userId", "issuedAt", "finishedAt", "hasError", "errorMessage", "statement", "projectId", "queryTypeId")
    VALUES ('816', '15', '2023-05-08 22:04:14.766228', '2023-05-08 22:04:17.766228', 'False', 'None', 'SELECT shipping_city FROM Orders', '3', '1');
INSERT INTO "QueryColumnAccess" ("queryId", "columnId")
    VALUES ('816', '7');
INSERT INTO "QueryTableAccess" ("queryId", "tableId")
    VALUES ('816', '5');
SELECT 'country' FROM Publishers;
INSERT INTO "SqlQuery" ("queryId", "userId", "issuedAt", "finishedAt", "hasError", "errorMessage", "statement", "projectId", "queryTypeId")
    VALUES ('817', '13', '2023-07-08 22:04:14.766234', '2023-07-08 22:04:17.766234', 'False', 'None', 'SELECT country FROM Publishers', '3', '1');
INSERT INTO "QueryColumnAccess" ("queryId", "columnId")
    VALUES ('817', '4');
INSERT INTO "QueryTableAccess" ("queryId", "tableId")
    VALUES ('817', '3');
SELECT 'last_name' FROM Authors;
INSERT INTO "SqlQuery" ("queryId", "userId", "issuedAt", "finishedAt", "hasError", "errorMessage", "statement", "projectId", "queryTypeId")
    VALUES ('818', '13', '2023-05-27 22:04:14.766240', '2023-05-27 22:04:17.766240', 'False', 'None', 'SELECT last_name FROM Authors', '3', '1');
INSERT INTO "QueryColumnAccess" ("queryId", "columnId")
    VALUES ('818', '3');
INSERT INTO "QueryTableAccess" ("queryId", "tableId")
    VALUES ('818', '2');
SELECT 'established_date' FROM Publishers;
INSERT INTO "SqlQuery" ("queryId", "userId", "issuedAt", "finishedAt", "hasError", "errorMessage", "statement", "projectId", "queryTypeId")
    VALUES ('819', '9', '2023-04-11 22:04:14.766247', '2023-04-11 22:04:17.766247', 'False', 'None', 'SELECT established_date FROM Publishers', '3', '1');
INSERT INTO "QueryColumnAccess" ("queryId", "columnId")
    VALUES ('819', '3');
INSERT INTO "QueryTableAccess" ("queryId", "tableId")
    VALUES ('819', '3');
SELECT 'address' FROM Customers;
INSERT INTO "SqlQuery" ("queryId", "userId", "issuedAt", "finishedAt", "hasError", "errorMessage", "statement", "projectId", "queryTypeId")
    VALUES ('820', '5', '2023-06-14 22:04:14.766253', '2023-06-14 22:04:15.766253', 'False', 'None', 'SELECT address FROM Customers', '3', '1');
INSERT INTO "QueryColumnAccess" ("queryId", "columnId")
    VALUES ('820', '6');
INSERT INTO "QueryTableAccess" ("queryId", "tableId")
    VALUES ('820', '4');
SELECT 'price' FROM Books;
INSERT INTO "SqlQuery" ("queryId", "userId", "issuedAt", "finishedAt", "hasError", "errorMessage", "statement", "projectId", "queryTypeId")
    VALUES ('821', '6', '2023-07-01 22:04:14.766259', '2023-07-01 22:04:18.766259', 'False', 'None', 'SELECT price FROM Books', '3', '1');
INSERT INTO "QueryColumnAccess" ("queryId", "columnId")
    VALUES ('821', '6');
INSERT INTO "QueryTableAccess" ("queryId", "tableId")
    VALUES ('821', '1');
SELECT 'publication_date' FROM Books;
INSERT INTO "SqlQuery" ("queryId", "userId", "issuedAt", "finishedAt", "hasError", "errorMessage", "statement", "projectId", "queryTypeId")
    VALUES ('822', '9', '2023-06-22 22:04:14.766265', '2023-06-22 22:04:18.766265', 'False', 'None', 'SELECT publication_date FROM Books', '3', '1');
INSERT INTO "QueryColumnAccess" ("queryId", "columnId")
    VALUES ('822', '4');
INSERT INTO "QueryTableAccess" ("queryId", "tableId")
    VALUES ('822', '1');
SELECT 'country' FROM Authors;
INSERT INTO "SqlQuery" ("queryId", "userId", "issuedAt", "finishedAt", "hasError", "errorMessage", "statement", "projectId", "queryTypeId")
    VALUES ('823', '3', '2023-05-25 22:04:14.766271', '2023-05-25 22:04:18.766271', 'False', 'None', 'SELECT country FROM Authors', '3', '1');
INSERT INTO "QueryColumnAccess" ("queryId", "columnId")
    VALUES ('823', '5');
INSERT INTO "QueryTableAccess" ("queryId", "tableId")
    VALUES ('823', '2');
SELECT 'shipping_city' FROM Orders;
INSERT INTO "SqlQuery" ("queryId", "userId", "issuedAt", "finishedAt", "hasError", "errorMessage", "statement", "projectId", "queryTypeId")
    VALUES ('824', '2', '2023-05-15 22:04:14.766278', '2023-05-15 22:04:16.766278', 'False', 'None', 'SELECT shipping_city FROM Orders', '3', '1');
INSERT INTO "QueryColumnAccess" ("queryId", "columnId")
    VALUES ('824', '7');
INSERT INTO "QueryTableAccess" ("queryId", "tableId")
    VALUES ('824', '5');
SELECT 'author_id' FROM Authors;
INSERT INTO "SqlQuery" ("queryId", "userId", "issuedAt", "finishedAt", "hasError", "errorMessage", "statement", "projectId", "queryTypeId")
    VALUES ('825', '14', '2023-06-04 22:04:14.766284', '2023-06-04 22:04:15.766284', 'False', 'None', 'SELECT author_id FROM Authors', '3', '1');
INSERT INTO "QueryColumnAccess" ("queryId", "columnId")
    VALUES ('825', '1');
INSERT INTO "QueryTableAccess" ("queryId", "tableId")
    VALUES ('825', '2');
SELECT 'author' FROM Books;
INSERT INTO "SqlQuery" ("queryId", "userId", "issuedAt", "finishedAt", "hasError", "errorMessage", "statement", "projectId", "queryTypeId")
    VALUES ('826', '9', '2023-05-09 22:04:14.766290', '2023-05-09 22:04:18.766290', 'False', 'None', 'SELECT author FROM Books', '3', '1');
INSERT INTO "QueryColumnAccess" ("queryId", "columnId")
    VALUES ('826', '3');
INSERT INTO "QueryTableAccess" ("queryId", "tableId")
    VALUES ('826', '1');
SELECT 'established_date' FROM Publishers;
INSERT INTO "SqlQuery" ("queryId", "userId", "issuedAt", "finishedAt", "hasError", "errorMessage", "statement", "projectId", "queryTypeId")
    VALUES ('827', '15', '2023-05-13 22:04:14.766296', '2023-05-13 22:04:17.766296', 'False', 'None', 'SELECT established_date FROM Publishers', '3', '1');
INSERT INTO "QueryColumnAccess" ("queryId", "columnId")
    VALUES ('827', '3');
INSERT INTO "QueryTableAccess" ("queryId", "tableId")
    VALUES ('827', '3');
SELECT 'established_date' FROM Publishers;
INSERT INTO "SqlQuery" ("queryId", "userId", "issuedAt", "finishedAt", "hasError", "errorMessage", "statement", "projectId", "queryTypeId")
    VALUES ('828', '2', '2023-05-17 22:04:14.766302', '2023-05-17 22:04:16.766302', 'False', 'None', 'SELECT established_date FROM Publishers', '3', '1');
INSERT INTO "QueryColumnAccess" ("queryId", "columnId")
    VALUES ('828', '3');
INSERT INTO "QueryTableAccess" ("queryId", "tableId")
    VALUES ('828', '3');
SELECT 'country' FROM Customers;
INSERT INTO "SqlQuery" ("queryId", "userId", "issuedAt", "finishedAt", "hasError", "errorMessage", "statement", "projectId", "queryTypeId")
    VALUES ('829', '11', '2023-06-10 22:04:14.766308', '2023-06-10 22:04:15.766308', 'False', 'None', 'SELECT country FROM Customers', '3', '1');
INSERT INTO "QueryColumnAccess" ("queryId", "columnId")
    VALUES ('829', '10');
INSERT INTO "QueryTableAccess" ("queryId", "tableId")
    VALUES ('829', '4');
SELECT 'publisher_id' FROM Publishers;
INSERT INTO "SqlQuery" ("queryId", "userId", "issuedAt", "finishedAt", "hasError", "errorMessage", "statement", "projectId", "queryTypeId")
    VALUES ('830', '3', '2023-06-16 22:04:14.766319', '2023-06-16 22:04:15.766319', 'False', 'None', 'SELECT publisher_id FROM Publishers', '3', '1');
INSERT INTO "QueryColumnAccess" ("queryId", "columnId")
    VALUES ('830', '1');
INSERT INTO "QueryTableAccess" ("queryId", "tableId")
    VALUES ('830', '3');
SELECT 'country' FROM Authors;
INSERT INTO "SqlQuery" ("queryId", "userId", "issuedAt", "finishedAt", "hasError", "errorMessage", "statement", "projectId", "queryTypeId")
    VALUES ('831', '4', '2023-07-07 22:04:14.766326', '2023-07-07 22:04:16.766326', 'False', 'None', 'SELECT country FROM Authors', '3', '1');
INSERT INTO "QueryColumnAccess" ("queryId", "columnId")
    VALUES ('831', '5');
INSERT INTO "QueryTableAccess" ("queryId", "tableId")
    VALUES ('831', '2');
SELECT 'publication_date' FROM Books;
INSERT INTO "SqlQuery" ("queryId", "userId", "issuedAt", "finishedAt", "hasError", "errorMessage", "statement", "projectId", "queryTypeId")
    VALUES ('832', '12', '2023-04-25 22:04:14.766332', '2023-04-25 22:04:15.766332', 'False', 'None', 'SELECT publication_date FROM Books', '3', '1');
INSERT INTO "QueryColumnAccess" ("queryId", "columnId")
    VALUES ('832', '4');
INSERT INTO "QueryTableAccess" ("queryId", "tableId")
    VALUES ('832', '1');
SELECT 'order_id' FROM Orders;
INSERT INTO "SqlQuery" ("queryId", "userId", "issuedAt", "finishedAt", "hasError", "errorMessage", "statement", "projectId", "queryTypeId")
    VALUES ('833', '8', '2023-07-07 22:04:14.766338', '2023-07-07 22:04:16.766338', 'False', 'None', 'SELECT order_id FROM Orders', '3', '1');
INSERT INTO "QueryColumnAccess" ("queryId", "columnId")
    VALUES ('833', '1');
INSERT INTO "QueryTableAccess" ("queryId", "tableId")
    VALUES ('833', '5');
SELECT 'country' FROM Authors;
INSERT INTO "SqlQuery" ("queryId", "userId", "issuedAt", "finishedAt", "hasError", "errorMessage", "statement", "projectId", "queryTypeId")
    VALUES ('834', '13', '2023-04-12 22:04:14.766344', '2023-04-12 22:04:18.766344', 'False', 'None', 'SELECT country FROM Authors', '3', '1');
INSERT INTO "QueryColumnAccess" ("queryId", "columnId")
    VALUES ('834', '5');
INSERT INTO "QueryTableAccess" ("queryId", "tableId")
    VALUES ('834', '2');
SELECT 'shipping_address' FROM Orders;
INSERT INTO "SqlQuery" ("queryId", "userId", "issuedAt", "finishedAt", "hasError", "errorMessage", "statement", "projectId", "queryTypeId")
    VALUES ('835', '12', '2023-05-01 22:04:14.766351', '2023-05-01 22:04:17.766351', 'False', 'None', 'SELECT shipping_address FROM Orders', '3', '1');
INSERT INTO "QueryColumnAccess" ("queryId", "columnId")
    VALUES ('835', '6');
INSERT INTO "QueryTableAccess" ("queryId", "tableId")
    VALUES ('835', '5');
SELECT 'title' FROM Books;
INSERT INTO "SqlQuery" ("queryId", "userId", "issuedAt", "finishedAt", "hasError", "errorMessage", "statement", "projectId", "queryTypeId")
    VALUES ('836', '6', '2023-06-26 22:04:14.766357', '2023-06-26 22:04:18.766357', 'False', 'None', 'SELECT title FROM Books', '3', '1');
INSERT INTO "QueryColumnAccess" ("queryId", "columnId")
    VALUES ('836', '2');
INSERT INTO "QueryTableAccess" ("queryId", "tableId")
    VALUES ('836', '1');
SELECT 'title' FROM Books;
INSERT INTO "SqlQuery" ("queryId", "userId", "issuedAt", "finishedAt", "hasError", "errorMessage", "statement", "projectId", "queryTypeId")
    VALUES ('837', '12', '2023-05-28 22:04:14.766363', '2023-05-28 22:04:16.766363', 'False', 'None', 'SELECT title FROM Books', '3', '1');
INSERT INTO "QueryColumnAccess" ("queryId", "columnId")
    VALUES ('837', '2');
INSERT INTO "QueryTableAccess" ("queryId", "tableId")
    VALUES ('837', '1');
SELECT 'last_name' FROM Authors;
INSERT INTO "SqlQuery" ("queryId", "userId", "issuedAt", "finishedAt", "hasError", "errorMessage", "statement", "projectId", "queryTypeId")
    VALUES ('838', '6', '2023-06-27 22:04:14.766369', '2023-06-27 22:04:15.766369', 'False', 'None', 'SELECT last_name FROM Authors', '3', '1');
INSERT INTO "QueryColumnAccess" ("queryId", "columnId")
    VALUES ('838', '3');
INSERT INTO "QueryTableAccess" ("queryId", "tableId")
    VALUES ('838', '2');
SELECT 'first_name' FROM Customers;
INSERT INTO "SqlQuery" ("queryId", "userId", "issuedAt", "finishedAt", "hasError", "errorMessage", "statement", "projectId", "queryTypeId")
    VALUES ('839', '11', '2023-05-06 22:04:14.766375', '2023-05-06 22:04:17.766375', 'False', 'None', 'SELECT first_name FROM Customers', '3', '1');
INSERT INTO "QueryColumnAccess" ("queryId", "columnId")
    VALUES ('839', '2');
INSERT INTO "QueryTableAccess" ("queryId", "tableId")
    VALUES ('839', '4');
SELECT 'zip_code' FROM Customers;
INSERT INTO "SqlQuery" ("queryId", "userId", "issuedAt", "finishedAt", "hasError", "errorMessage", "statement", "projectId", "queryTypeId")
    VALUES ('840', '7', '2023-04-16 22:04:14.766381', '2023-04-16 22:04:16.766381', 'False', 'None', 'SELECT zip_code FROM Customers', '3', '1');
INSERT INTO "QueryColumnAccess" ("queryId", "columnId")
    VALUES ('840', '9');
INSERT INTO "QueryTableAccess" ("queryId", "tableId")
    VALUES ('840', '4');
SELECT 'established_date' FROM Publishers;
INSERT INTO "SqlQuery" ("queryId", "userId", "issuedAt", "finishedAt", "hasError", "errorMessage", "statement", "projectId", "queryTypeId")
    VALUES ('841', '4', '2023-06-02 22:04:14.766388', '2023-06-02 22:04:18.766388', 'False', 'None', 'SELECT established_date FROM Publishers', '3', '1');
INSERT INTO "QueryColumnAccess" ("queryId", "columnId")
    VALUES ('841', '3');
INSERT INTO "QueryTableAccess" ("queryId", "tableId")
    VALUES ('841', '3');
SELECT 'author' FROM Books;
INSERT INTO "SqlQuery" ("queryId", "userId", "issuedAt", "finishedAt", "hasError", "errorMessage", "statement", "projectId", "queryTypeId")
    VALUES ('842', '9', '2023-04-14 22:04:14.766394', '2023-04-14 22:04:18.766394', 'False', 'None', 'SELECT author FROM Books', '3', '1');
INSERT INTO "QueryColumnAccess" ("queryId", "columnId")
    VALUES ('842', '3');
INSERT INTO "QueryTableAccess" ("queryId", "tableId")
    VALUES ('842', '1');
SELECT 'birth_date' FROM Authors;
INSERT INTO "SqlQuery" ("queryId", "userId", "issuedAt", "finishedAt", "hasError", "errorMessage", "statement", "projectId", "queryTypeId")
    VALUES ('843', '7', '2023-06-28 22:04:14.766400', '2023-06-28 22:04:17.766400', 'False', 'None', 'SELECT birth_date FROM Authors', '3', '1');
INSERT INTO "QueryColumnAccess" ("queryId", "columnId")
    VALUES ('843', '4');
INSERT INTO "QueryTableAccess" ("queryId", "tableId")
    VALUES ('843', '2');
SELECT 'website' FROM Publishers;
INSERT INTO "SqlQuery" ("queryId", "userId", "issuedAt", "finishedAt", "hasError", "errorMessage", "statement", "projectId", "queryTypeId")
    VALUES ('844', '14', '2023-06-11 22:04:14.766406', '2023-06-11 22:04:15.766406', 'False', 'None', 'SELECT website FROM Publishers', '3', '1');
INSERT INTO "QueryColumnAccess" ("queryId", "columnId")
    VALUES ('844', '5');
INSERT INTO "QueryTableAccess" ("queryId", "tableId")
    VALUES ('844', '3');
SELECT 'publisher_id' FROM Publishers;
INSERT INTO "SqlQuery" ("queryId", "userId", "issuedAt", "finishedAt", "hasError", "errorMessage", "statement", "projectId", "queryTypeId")
    VALUES ('845', '14', '2023-06-03 22:04:14.766412', '2023-06-03 22:04:15.766412', 'False', 'None', 'SELECT publisher_id FROM Publishers', '3', '1');
INSERT INTO "QueryColumnAccess" ("queryId", "columnId")
    VALUES ('845', '1');
INSERT INTO "QueryTableAccess" ("queryId", "tableId")
    VALUES ('845', '3');
SELECT 'email' FROM Customers;
INSERT INTO "SqlQuery" ("queryId", "userId", "issuedAt", "finishedAt", "hasError", "errorMessage", "statement", "projectId", "queryTypeId")
    VALUES ('846', '14', '2023-05-16 22:04:14.766419', '2023-05-16 22:04:18.766419', 'False', 'None', 'SELECT email FROM Customers', '3', '1');
INSERT INTO "QueryColumnAccess" ("queryId", "columnId")
    VALUES ('846', '4');
INSERT INTO "QueryTableAccess" ("queryId", "tableId")
    VALUES ('846', '4');
SELECT 'last_name' FROM Authors;
INSERT INTO "SqlQuery" ("queryId", "userId", "issuedAt", "finishedAt", "hasError", "errorMessage", "statement", "projectId", "queryTypeId")
    VALUES ('847', '8', '2023-05-24 22:04:14.766432', '2023-05-24 22:04:16.766432', 'False', 'None', 'SELECT last_name FROM Authors', '3', '1');
INSERT INTO "QueryColumnAccess" ("queryId", "columnId")
    VALUES ('847', '3');
INSERT INTO "QueryTableAccess" ("queryId", "tableId")
    VALUES ('847', '2');
SELECT 'birth_date' FROM Authors;
INSERT INTO "SqlQuery" ("queryId", "userId", "issuedAt", "finishedAt", "hasError", "errorMessage", "statement", "projectId", "queryTypeId")
    VALUES ('848', '4', '2023-05-26 22:04:14.766439', '2023-05-26 22:04:16.766439', 'False', 'None', 'SELECT birth_date FROM Authors', '3', '1');
INSERT INTO "QueryColumnAccess" ("queryId", "columnId")
    VALUES ('848', '4');
INSERT INTO "QueryTableAccess" ("queryId", "tableId")
    VALUES ('848', '2');
SELECT 'price' FROM Books;
INSERT INTO "SqlQuery" ("queryId", "userId", "issuedAt", "finishedAt", "hasError", "errorMessage", "statement", "projectId", "queryTypeId")
    VALUES ('849', '10', '2023-05-09 22:04:14.766445', '2023-05-09 22:04:16.766445', 'False', 'None', 'SELECT price FROM Books', '3', '1');
INSERT INTO "QueryColumnAccess" ("queryId", "columnId")
    VALUES ('849', '6');
INSERT INTO "QueryTableAccess" ("queryId", "tableId")
    VALUES ('849', '1');
SELECT 'publisher_name' FROM Publishers;
INSERT INTO "SqlQuery" ("queryId", "userId", "issuedAt", "finishedAt", "hasError", "errorMessage", "statement", "projectId", "queryTypeId")
    VALUES ('850', '15', '2023-04-28 22:04:14.766451', '2023-04-28 22:04:17.766451', 'False', 'None', 'SELECT publisher_name FROM Publishers', '3', '1');
INSERT INTO "QueryColumnAccess" ("queryId", "columnId")
    VALUES ('850', '2');
INSERT INTO "QueryTableAccess" ("queryId", "tableId")
    VALUES ('850', '3');
SELECT 'zip_code' FROM Customers;
INSERT INTO "SqlQuery" ("queryId", "userId", "issuedAt", "finishedAt", "hasError", "errorMessage", "statement", "projectId", "queryTypeId")
    VALUES ('851', '8', '2023-04-17 22:04:14.766457', '2023-04-17 22:04:16.766457', 'False', 'None', 'SELECT zip_code FROM Customers', '3', '1');
INSERT INTO "QueryColumnAccess" ("queryId", "columnId")
    VALUES ('851', '9');
INSERT INTO "QueryTableAccess" ("queryId", "tableId")
    VALUES ('851', '4');
SELECT 'shipping_zip_code' FROM Orders;
INSERT INTO "SqlQuery" ("queryId", "userId", "issuedAt", "finishedAt", "hasError", "errorMessage", "statement", "projectId", "queryTypeId")
    VALUES ('852', '7', '2023-06-09 22:04:14.766463', '2023-06-09 22:04:15.766463', 'False', 'None', 'SELECT shipping_zip_code FROM Orders', '3', '1');
INSERT INTO "QueryColumnAccess" ("queryId", "columnId")
    VALUES ('852', '9');
INSERT INTO "QueryTableAccess" ("queryId", "tableId")
    VALUES ('852', '5');
SELECT 'first_name' FROM Customers;
INSERT INTO "SqlQuery" ("queryId", "userId", "issuedAt", "finishedAt", "hasError", "errorMessage", "statement", "projectId", "queryTypeId")
    VALUES ('853', '15', '2023-06-11 22:04:14.766470', '2023-06-11 22:04:18.766470', 'False', 'None', 'SELECT first_name FROM Customers', '3', '1');
INSERT INTO "QueryColumnAccess" ("queryId", "columnId")
    VALUES ('853', '2');
INSERT INTO "QueryTableAccess" ("queryId", "tableId")
    VALUES ('853', '4');
SELECT 'total_amount' FROM Orders;
INSERT INTO "SqlQuery" ("queryId", "userId", "issuedAt", "finishedAt", "hasError", "errorMessage", "statement", "projectId", "queryTypeId")
    VALUES ('854', '2', '2023-07-03 22:04:14.766476', '2023-07-03 22:04:17.766476', 'False', 'None', 'SELECT total_amount FROM Orders', '3', '1');
INSERT INTO "QueryColumnAccess" ("queryId", "columnId")
    VALUES ('854', '4');
INSERT INTO "QueryTableAccess" ("queryId", "tableId")
    VALUES ('854', '5');
SELECT 'country' FROM Customers;
INSERT INTO "SqlQuery" ("queryId", "userId", "issuedAt", "finishedAt", "hasError", "errorMessage", "statement", "projectId", "queryTypeId")
    VALUES ('855', '15', '2023-04-28 22:04:14.766482', '2023-04-28 22:04:15.766482', 'False', 'None', 'SELECT country FROM Customers', '3', '1');
INSERT INTO "QueryColumnAccess" ("queryId", "columnId")
    VALUES ('855', '10');
INSERT INTO "QueryTableAccess" ("queryId", "tableId")
    VALUES ('855', '4');
SELECT 'customer_id' FROM Customers;
INSERT INTO "SqlQuery" ("queryId", "userId", "issuedAt", "finishedAt", "hasError", "errorMessage", "statement", "projectId", "queryTypeId")
    VALUES ('856', '10', '2023-06-30 22:04:14.766488', '2023-06-30 22:04:15.766488', 'False', 'None', 'SELECT customer_id FROM Customers', '3', '1');
INSERT INTO "QueryColumnAccess" ("queryId", "columnId")
    VALUES ('856', '1');
INSERT INTO "QueryTableAccess" ("queryId", "tableId")
    VALUES ('856', '4');
SELECT 'shipping_city' FROM Orders;
INSERT INTO "SqlQuery" ("queryId", "userId", "issuedAt", "finishedAt", "hasError", "errorMessage", "statement", "projectId", "queryTypeId")
    VALUES ('857', '14', '2023-05-11 22:04:14.766494', '2023-05-11 22:04:18.766494', 'False', 'None', 'SELECT shipping_city FROM Orders', '3', '1');
INSERT INTO "QueryColumnAccess" ("queryId", "columnId")
    VALUES ('857', '7');
INSERT INTO "QueryTableAccess" ("queryId", "tableId")
    VALUES ('857', '5');
SELECT 'country' FROM Publishers;
INSERT INTO "SqlQuery" ("queryId", "userId", "issuedAt", "finishedAt", "hasError", "errorMessage", "statement", "projectId", "queryTypeId")
    VALUES ('858', '4', '2023-05-28 22:04:14.766500', '2023-05-28 22:04:17.766500', 'False', 'None', 'SELECT country FROM Publishers', '3', '1');
INSERT INTO "QueryColumnAccess" ("queryId", "columnId")
    VALUES ('858', '4');
INSERT INTO "QueryTableAccess" ("queryId", "tableId")
    VALUES ('858', '3');
SELECT 'status' FROM Orders;
INSERT INTO "SqlQuery" ("queryId", "userId", "issuedAt", "finishedAt", "hasError", "errorMessage", "statement", "projectId", "queryTypeId")
    VALUES ('859', '4', '2023-05-17 22:04:14.766506', '2023-05-17 22:04:16.766506', 'False', 'None', 'SELECT status FROM Orders', '3', '1');
INSERT INTO "QueryColumnAccess" ("queryId", "columnId")
    VALUES ('859', '5');
INSERT INTO "QueryTableAccess" ("queryId", "tableId")
    VALUES ('859', '5');
SELECT 'website' FROM Publishers;
INSERT INTO "SqlQuery" ("queryId", "userId", "issuedAt", "finishedAt", "hasError", "errorMessage", "statement", "projectId", "queryTypeId")
    VALUES ('860', '15', '2023-06-08 22:04:14.766513', '2023-06-08 22:04:15.766513', 'False', 'None', 'SELECT website FROM Publishers', '3', '1');
INSERT INTO "QueryColumnAccess" ("queryId", "columnId")
    VALUES ('860', '5');
INSERT INTO "QueryTableAccess" ("queryId", "tableId")
    VALUES ('860', '3');
SELECT 'address' FROM Customers;
INSERT INTO "SqlQuery" ("queryId", "userId", "issuedAt", "finishedAt", "hasError", "errorMessage", "statement", "projectId", "queryTypeId")
    VALUES ('861', '4', '2023-05-06 22:04:14.766519', '2023-05-06 22:04:15.766519', 'False', 'None', 'SELECT address FROM Customers', '3', '1');
INSERT INTO "QueryColumnAccess" ("queryId", "columnId")
    VALUES ('861', '6');
INSERT INTO "QueryTableAccess" ("queryId", "tableId")
    VALUES ('861', '4');
SELECT 'last_name' FROM Authors;
INSERT INTO "SqlQuery" ("queryId", "userId", "issuedAt", "finishedAt", "hasError", "errorMessage", "statement", "projectId", "queryTypeId")
    VALUES ('862', '2', '2023-04-16 22:04:14.766525', '2023-04-16 22:04:16.766525', 'False', 'None', 'SELECT last_name FROM Authors', '3', '1');
INSERT INTO "QueryColumnAccess" ("queryId", "columnId")
    VALUES ('862', '3');
INSERT INTO "QueryTableAccess" ("queryId", "tableId")
    VALUES ('862', '2');
SELECT 'status' FROM Orders;
INSERT INTO "SqlQuery" ("queryId", "userId", "issuedAt", "finishedAt", "hasError", "errorMessage", "statement", "projectId", "queryTypeId")
    VALUES ('863', '2', '2023-04-19 22:04:14.766531', '2023-04-19 22:04:17.766531', 'False', 'None', 'SELECT status FROM Orders', '3', '1');
INSERT INTO "QueryColumnAccess" ("queryId", "columnId")
    VALUES ('863', '5');
INSERT INTO "QueryTableAccess" ("queryId", "tableId")
    VALUES ('863', '5');
SELECT 'shipping_country' FROM Orders;
INSERT INTO "SqlQuery" ("queryId", "userId", "issuedAt", "finishedAt", "hasError", "errorMessage", "statement", "projectId", "queryTypeId")
    VALUES ('864', '6', '2023-05-04 22:04:14.766542', '2023-05-04 22:04:15.766542', 'False', 'None', 'SELECT shipping_country FROM Orders', '3', '1');
INSERT INTO "QueryColumnAccess" ("queryId", "columnId")
    VALUES ('864', '10');
INSERT INTO "QueryTableAccess" ("queryId", "tableId")
    VALUES ('864', '5');
SELECT 'order_date' FROM Orders;
INSERT INTO "SqlQuery" ("queryId", "userId", "issuedAt", "finishedAt", "hasError", "errorMessage", "statement", "projectId", "queryTypeId")
    VALUES ('865', '9', '2023-04-20 22:04:14.766549', '2023-04-20 22:04:18.766549', 'False', 'None', 'SELECT order_date FROM Orders', '3', '1');
INSERT INTO "QueryColumnAccess" ("queryId", "columnId")
    VALUES ('865', '3');
INSERT INTO "QueryTableAccess" ("queryId", "tableId")
    VALUES ('865', '5');
SELECT 'category_id' FROM Books;
INSERT INTO "SqlQuery" ("queryId", "userId", "issuedAt", "finishedAt", "hasError", "errorMessage", "statement", "projectId", "queryTypeId")
    VALUES ('866', '3', '2023-05-07 22:04:14.766555', '2023-05-07 22:04:18.766555', 'False', 'None', 'SELECT category_id FROM Books', '3', '1');
INSERT INTO "QueryColumnAccess" ("queryId", "columnId")
    VALUES ('866', '7');
INSERT INTO "QueryTableAccess" ("queryId", "tableId")
    VALUES ('866', '1');
SELECT 'category_id' FROM Books;
INSERT INTO "SqlQuery" ("queryId", "userId", "issuedAt", "finishedAt", "hasError", "errorMessage", "statement", "projectId", "queryTypeId")
    VALUES ('867', '8', '2023-05-02 22:04:14.766561', '2023-05-02 22:04:15.766561', 'False', 'None', 'SELECT category_id FROM Books', '3', '1');
INSERT INTO "QueryColumnAccess" ("queryId", "columnId")
    VALUES ('867', '7');
INSERT INTO "QueryTableAccess" ("queryId", "tableId")
    VALUES ('867', '1');
SELECT 'author_id' FROM Authors;
INSERT INTO "SqlQuery" ("queryId", "userId", "issuedAt", "finishedAt", "hasError", "errorMessage", "statement", "projectId", "queryTypeId")
    VALUES ('868', '7', '2023-06-30 22:04:14.766567', '2023-06-30 22:04:17.766567', 'False', 'None', 'SELECT author_id FROM Authors', '3', '1');
INSERT INTO "QueryColumnAccess" ("queryId", "columnId")
    VALUES ('868', '1');
INSERT INTO "QueryTableAccess" ("queryId", "tableId")
    VALUES ('868', '2');
SELECT 'title' FROM Books;
INSERT INTO "SqlQuery" ("queryId", "userId", "issuedAt", "finishedAt", "hasError", "errorMessage", "statement", "projectId", "queryTypeId")
    VALUES ('869', '14', '2023-05-15 22:04:14.766574', '2023-05-15 22:04:15.766574', 'False', 'None', 'SELECT title FROM Books', '3', '1');
INSERT INTO "QueryColumnAccess" ("queryId", "columnId")
    VALUES ('869', '2');
INSERT INTO "QueryTableAccess" ("queryId", "tableId")
    VALUES ('869', '1');
SELECT 'address' FROM Customers;
INSERT INTO "SqlQuery" ("queryId", "userId", "issuedAt", "finishedAt", "hasError", "errorMessage", "statement", "projectId", "queryTypeId")
    VALUES ('870', '3', '2023-06-23 22:04:14.766580', '2023-06-23 22:04:17.766580', 'False', 'None', 'SELECT address FROM Customers', '3', '1');
INSERT INTO "QueryColumnAccess" ("queryId", "columnId")
    VALUES ('870', '6');
INSERT INTO "QueryTableAccess" ("queryId", "tableId")
    VALUES ('870', '4');
SELECT 'country' FROM Authors;
INSERT INTO "SqlQuery" ("queryId", "userId", "issuedAt", "finishedAt", "hasError", "errorMessage", "statement", "projectId", "queryTypeId")
    VALUES ('871', '7', '2023-06-14 22:04:14.766586', '2023-06-14 22:04:17.766586', 'False', 'None', 'SELECT country FROM Authors', '3', '1');
INSERT INTO "QueryColumnAccess" ("queryId", "columnId")
    VALUES ('871', '5');
INSERT INTO "QueryTableAccess" ("queryId", "tableId")
    VALUES ('871', '2');
SELECT 'price' FROM Books;
INSERT INTO "SqlQuery" ("queryId", "userId", "issuedAt", "finishedAt", "hasError", "errorMessage", "statement", "projectId", "queryTypeId")
    VALUES ('872', '13', '2023-04-26 22:04:14.766592', '2023-04-26 22:04:18.766592', 'False', 'None', 'SELECT price FROM Books', '3', '1');
INSERT INTO "QueryColumnAccess" ("queryId", "columnId")
    VALUES ('872', '6');
INSERT INTO "QueryTableAccess" ("queryId", "tableId")
    VALUES ('872', '1');
SELECT 'customer_id' FROM Customers;
INSERT INTO "SqlQuery" ("queryId", "userId", "issuedAt", "finishedAt", "hasError", "errorMessage", "statement", "projectId", "queryTypeId")
    VALUES ('873', '4', '2023-05-31 22:04:14.766598', '2023-05-31 22:04:17.766598', 'False', 'None', 'SELECT customer_id FROM Customers', '3', '1');
INSERT INTO "QueryColumnAccess" ("queryId", "columnId")
    VALUES ('873', '1');
INSERT INTO "QueryTableAccess" ("queryId", "tableId")
    VALUES ('873', '4');
SELECT 'shipping_city' FROM Orders;
INSERT INTO "SqlQuery" ("queryId", "userId", "issuedAt", "finishedAt", "hasError", "errorMessage", "statement", "projectId", "queryTypeId")
    VALUES ('874', '10', '2023-06-27 22:04:14.766604', '2023-06-27 22:04:16.766604', 'False', 'None', 'SELECT shipping_city FROM Orders', '3', '1');
INSERT INTO "QueryColumnAccess" ("queryId", "columnId")
    VALUES ('874', '7');
INSERT INTO "QueryTableAccess" ("queryId", "tableId")
    VALUES ('874', '5');
SELECT 'address' FROM Customers;
INSERT INTO "SqlQuery" ("queryId", "userId", "issuedAt", "finishedAt", "hasError", "errorMessage", "statement", "projectId", "queryTypeId")
    VALUES ('875', '1', '2023-07-07 22:04:14.766611', '2023-07-07 22:04:18.766611', 'False', 'None', 'SELECT address FROM Customers', '3', '1');
INSERT INTO "QueryColumnAccess" ("queryId", "columnId")
    VALUES ('875', '6');
INSERT INTO "QueryTableAccess" ("queryId", "tableId")
    VALUES ('875', '4');
SELECT 'website' FROM Publishers;
INSERT INTO "SqlQuery" ("queryId", "userId", "issuedAt", "finishedAt", "hasError", "errorMessage", "statement", "projectId", "queryTypeId")
    VALUES ('876', '2', '2023-06-16 22:04:14.766617', '2023-06-16 22:04:15.766617', 'False', 'None', 'SELECT website FROM Publishers', '3', '1');
INSERT INTO "QueryColumnAccess" ("queryId", "columnId")
    VALUES ('876', '5');
INSERT INTO "QueryTableAccess" ("queryId", "tableId")
    VALUES ('876', '3');
SELECT 'publisher_name' FROM Publishers;
INSERT INTO "SqlQuery" ("queryId", "userId", "issuedAt", "finishedAt", "hasError", "errorMessage", "statement", "projectId", "queryTypeId")
    VALUES ('877', '11', '2023-06-18 22:04:14.766624', '2023-06-18 22:04:16.766624', 'False', 'None', 'SELECT publisher_name FROM Publishers', '3', '1');
INSERT INTO "QueryColumnAccess" ("queryId", "columnId")
    VALUES ('877', '2');
INSERT INTO "QueryTableAccess" ("queryId", "tableId")
    VALUES ('877', '3');
SELECT 'last_name' FROM Authors;
INSERT INTO "SqlQuery" ("queryId", "userId", "issuedAt", "finishedAt", "hasError", "errorMessage", "statement", "projectId", "queryTypeId")
    VALUES ('878', '8', '2023-05-05 22:04:14.766630', '2023-05-05 22:04:15.766630', 'False', 'None', 'SELECT last_name FROM Authors', '3', '1');
INSERT INTO "QueryColumnAccess" ("queryId", "columnId")
    VALUES ('878', '3');
INSERT INTO "QueryTableAccess" ("queryId", "tableId")
    VALUES ('878', '2');
SELECT 'established_date' FROM Publishers;
INSERT INTO "SqlQuery" ("queryId", "userId", "issuedAt", "finishedAt", "hasError", "errorMessage", "statement", "projectId", "queryTypeId")
    VALUES ('879', '5', '2023-04-28 22:04:14.766636', '2023-04-28 22:04:18.766636', 'False', 'None', 'SELECT established_date FROM Publishers', '3', '1');
INSERT INTO "QueryColumnAccess" ("queryId", "columnId")
    VALUES ('879', '3');
INSERT INTO "QueryTableAccess" ("queryId", "tableId")
    VALUES ('879', '3');
SELECT 'author' FROM Books;
INSERT INTO "SqlQuery" ("queryId", "userId", "issuedAt", "finishedAt", "hasError", "errorMessage", "statement", "projectId", "queryTypeId")
    VALUES ('880', '11', '2023-05-09 22:04:14.766643', '2023-05-09 22:04:17.766643', 'False', 'None', 'SELECT author FROM Books', '3', '1');
INSERT INTO "QueryColumnAccess" ("queryId", "columnId")
    VALUES ('880', '3');
INSERT INTO "QueryTableAccess" ("queryId", "tableId")
    VALUES ('880', '1');
SELECT 'first_name' FROM Authors;
INSERT INTO "SqlQuery" ("queryId", "userId", "issuedAt", "finishedAt", "hasError", "errorMessage", "statement", "projectId", "queryTypeId")
    VALUES ('881', '11', '2023-04-25 22:04:14.766653', '2023-04-25 22:04:16.766653', 'False', 'None', 'SELECT first_name FROM Authors', '3', '1');
INSERT INTO "QueryColumnAccess" ("queryId", "columnId")
    VALUES ('881', '2');
INSERT INTO "QueryTableAccess" ("queryId", "tableId")
    VALUES ('881', '2');
SELECT 'last_name' FROM Authors;
INSERT INTO "SqlQuery" ("queryId", "userId", "issuedAt", "finishedAt", "hasError", "errorMessage", "statement", "projectId", "queryTypeId")
    VALUES ('882', '8', '2023-05-05 22:04:14.766660', '2023-05-05 22:04:18.766660', 'False', 'None', 'SELECT last_name FROM Authors', '3', '1');
INSERT INTO "QueryColumnAccess" ("queryId", "columnId")
    VALUES ('882', '3');
INSERT INTO "QueryTableAccess" ("queryId", "tableId")
    VALUES ('882', '2');
SELECT 'category_id' FROM Books;
INSERT INTO "SqlQuery" ("queryId", "userId", "issuedAt", "finishedAt", "hasError", "errorMessage", "statement", "projectId", "queryTypeId")
    VALUES ('883', '11', '2023-04-27 22:04:14.766666', '2023-04-27 22:04:16.766666', 'False', 'None', 'SELECT category_id FROM Books', '3', '1');
INSERT INTO "QueryColumnAccess" ("queryId", "columnId")
    VALUES ('883', '7');
INSERT INTO "QueryTableAccess" ("queryId", "tableId")
    VALUES ('883', '1');
SELECT 'established_date' FROM Publishers;
INSERT INTO "SqlQuery" ("queryId", "userId", "issuedAt", "finishedAt", "hasError", "errorMessage", "statement", "projectId", "queryTypeId")
    VALUES ('884', '2', '2023-07-08 22:04:14.766673', '2023-07-08 22:04:15.766673', 'False', 'None', 'SELECT established_date FROM Publishers', '3', '1');
INSERT INTO "QueryColumnAccess" ("queryId", "columnId")
    VALUES ('884', '3');
INSERT INTO "QueryTableAccess" ("queryId", "tableId")
    VALUES ('884', '3');
SELECT 'author' FROM Books;
INSERT INTO "SqlQuery" ("queryId", "userId", "issuedAt", "finishedAt", "hasError", "errorMessage", "statement", "projectId", "queryTypeId")
    VALUES ('885', '14', '2023-05-30 22:04:14.766679', '2023-05-30 22:04:15.766679', 'False', 'None', 'SELECT author FROM Books', '3', '1');
INSERT INTO "QueryColumnAccess" ("queryId", "columnId")
    VALUES ('885', '3');
INSERT INTO "QueryTableAccess" ("queryId", "tableId")
    VALUES ('885', '1');
SELECT 'publication_date' FROM Books;
INSERT INTO "SqlQuery" ("queryId", "userId", "issuedAt", "finishedAt", "hasError", "errorMessage", "statement", "projectId", "queryTypeId")
    VALUES ('886', '8', '2023-07-02 22:04:14.766686', '2023-07-02 22:04:16.766686', 'False', 'None', 'SELECT publication_date FROM Books', '3', '1');
INSERT INTO "QueryColumnAccess" ("queryId", "columnId")
    VALUES ('886', '4');
INSERT INTO "QueryTableAccess" ("queryId", "tableId")
    VALUES ('886', '1');
SELECT 'birth_date' FROM Authors;
INSERT INTO "SqlQuery" ("queryId", "userId", "issuedAt", "finishedAt", "hasError", "errorMessage", "statement", "projectId", "queryTypeId")
    VALUES ('887', '3', '2023-06-22 22:04:14.766692', '2023-06-22 22:04:17.766692', 'False', 'None', 'SELECT birth_date FROM Authors', '3', '1');
INSERT INTO "QueryColumnAccess" ("queryId", "columnId")
    VALUES ('887', '4');
INSERT INTO "QueryTableAccess" ("queryId", "tableId")
    VALUES ('887', '2');
SELECT 'author_id' FROM Authors;
INSERT INTO "SqlQuery" ("queryId", "userId", "issuedAt", "finishedAt", "hasError", "errorMessage", "statement", "projectId", "queryTypeId")
    VALUES ('888', '8', '2023-07-05 22:04:14.766698', '2023-07-05 22:04:18.766698', 'False', 'None', 'SELECT author_id FROM Authors', '3', '1');
INSERT INTO "QueryColumnAccess" ("queryId", "columnId")
    VALUES ('888', '1');
INSERT INTO "QueryTableAccess" ("queryId", "tableId")
    VALUES ('888', '2');
SELECT 'country' FROM Customers;
INSERT INTO "SqlQuery" ("queryId", "userId", "issuedAt", "finishedAt", "hasError", "errorMessage", "statement", "projectId", "queryTypeId")
    VALUES ('889', '9', '2023-06-05 22:04:14.766704', '2023-06-05 22:04:17.766704', 'False', 'None', 'SELECT country FROM Customers', '3', '1');
INSERT INTO "QueryColumnAccess" ("queryId", "columnId")
    VALUES ('889', '10');
INSERT INTO "QueryTableAccess" ("queryId", "tableId")
    VALUES ('889', '4');
SELECT 'publisher_id' FROM Publishers;
INSERT INTO "SqlQuery" ("queryId", "userId", "issuedAt", "finishedAt", "hasError", "errorMessage", "statement", "projectId", "queryTypeId")
    VALUES ('890', '5', '2023-07-05 22:04:14.766711', '2023-07-05 22:04:15.766711', 'False', 'None', 'SELECT publisher_id FROM Publishers', '3', '1');
INSERT INTO "QueryColumnAccess" ("queryId", "columnId")
    VALUES ('890', '1');
INSERT INTO "QueryTableAccess" ("queryId", "tableId")
    VALUES ('890', '3');
SELECT 'city' FROM Customers;
INSERT INTO "SqlQuery" ("queryId", "userId", "issuedAt", "finishedAt", "hasError", "errorMessage", "statement", "projectId", "queryTypeId")
    VALUES ('891', '1', '2023-05-19 22:04:14.766717', '2023-05-19 22:04:16.766717', 'False', 'None', 'SELECT city FROM Customers', '3', '1');
INSERT INTO "QueryColumnAccess" ("queryId", "columnId")
    VALUES ('891', '7');
INSERT INTO "QueryTableAccess" ("queryId", "tableId")
    VALUES ('891', '4');
SELECT 'country' FROM Publishers;
INSERT INTO "SqlQuery" ("queryId", "userId", "issuedAt", "finishedAt", "hasError", "errorMessage", "statement", "projectId", "queryTypeId")
    VALUES ('892', '2', '2023-06-30 22:04:14.766724', '2023-06-30 22:04:15.766724', 'False', 'None', 'SELECT country FROM Publishers', '3', '1');
INSERT INTO "QueryColumnAccess" ("queryId", "columnId")
    VALUES ('892', '4');
INSERT INTO "QueryTableAccess" ("queryId", "tableId")
    VALUES ('892', '3');
SELECT 'total_amount' FROM Orders;
INSERT INTO "SqlQuery" ("queryId", "userId", "issuedAt", "finishedAt", "hasError", "errorMessage", "statement", "projectId", "queryTypeId")
    VALUES ('893', '14', '2023-07-06 22:04:14.766730', '2023-07-06 22:04:15.766730', 'False', 'None', 'SELECT total_amount FROM Orders', '3', '1');
INSERT INTO "QueryColumnAccess" ("queryId", "columnId")
    VALUES ('893', '4');
INSERT INTO "QueryTableAccess" ("queryId", "tableId")
    VALUES ('893', '5');
SELECT 'phone_number' FROM Customers;
INSERT INTO "SqlQuery" ("queryId", "userId", "issuedAt", "finishedAt", "hasError", "errorMessage", "statement", "projectId", "queryTypeId")
    VALUES ('894', '10', '2023-04-14 22:04:14.766736', '2023-04-14 22:04:16.766736', 'False', 'None', 'SELECT phone_number FROM Customers', '3', '1');
INSERT INTO "QueryColumnAccess" ("queryId", "columnId")
    VALUES ('894', '5');
INSERT INTO "QueryTableAccess" ("queryId", "tableId")
    VALUES ('894', '4');
SELECT 'customer_id' FROM Orders;
INSERT INTO "SqlQuery" ("queryId", "userId", "issuedAt", "finishedAt", "hasError", "errorMessage", "statement", "projectId", "queryTypeId")
    VALUES ('895', '1', '2023-05-24 22:04:14.766743', '2023-05-24 22:04:16.766743', 'False', 'None', 'SELECT customer_id FROM Orders', '3', '1');
INSERT INTO "QueryColumnAccess" ("queryId", "columnId")
    VALUES ('895', '2');
INSERT INTO "QueryTableAccess" ("queryId", "tableId")
    VALUES ('895', '5');
SELECT 'category_id' FROM Books;
INSERT INTO "SqlQuery" ("queryId", "userId", "issuedAt", "finishedAt", "hasError", "errorMessage", "statement", "projectId", "queryTypeId")
    VALUES ('896', '4', '2023-04-27 22:04:14.766749', '2023-04-27 22:04:18.766749', 'False', 'None', 'SELECT category_id FROM Books', '3', '1');
INSERT INTO "QueryColumnAccess" ("queryId", "columnId")
    VALUES ('896', '7');
INSERT INTO "QueryTableAccess" ("queryId", "tableId")
    VALUES ('896', '1');
SELECT 'order_id' FROM Orders;
INSERT INTO "SqlQuery" ("queryId", "userId", "issuedAt", "finishedAt", "hasError", "errorMessage", "statement", "projectId", "queryTypeId")
    VALUES ('897', '15', '2023-06-04 22:04:14.766755', '2023-06-04 22:04:15.766755', 'False', 'None', 'SELECT order_id FROM Orders', '3', '1');
INSERT INTO "QueryColumnAccess" ("queryId", "columnId")
    VALUES ('897', '1');
INSERT INTO "QueryTableAccess" ("queryId", "tableId")
    VALUES ('897', '5');
SELECT 'price' FROM Books;
INSERT INTO "SqlQuery" ("queryId", "userId", "issuedAt", "finishedAt", "hasError", "errorMessage", "statement", "projectId", "queryTypeId")
    VALUES ('898', '8', '2023-04-11 22:04:14.766767', '2023-04-11 22:04:18.766767', 'False', 'None', 'SELECT price FROM Books', '3', '1');
INSERT INTO "QueryColumnAccess" ("queryId", "columnId")
    VALUES ('898', '6');
INSERT INTO "QueryTableAccess" ("queryId", "tableId")
    VALUES ('898', '1');
SELECT 'title' FROM Books;
INSERT INTO "SqlQuery" ("queryId", "userId", "issuedAt", "finishedAt", "hasError", "errorMessage", "statement", "projectId", "queryTypeId")
    VALUES ('899', '12', '2023-05-03 22:04:14.766773', '2023-05-03 22:04:17.766773', 'False', 'None', 'SELECT title FROM Books', '3', '1');
INSERT INTO "QueryColumnAccess" ("queryId", "columnId")
    VALUES ('899', '2');
INSERT INTO "QueryTableAccess" ("queryId", "tableId")
    VALUES ('899', '1');
SELECT 'price' FROM Books;
INSERT INTO "SqlQuery" ("queryId", "userId", "issuedAt", "finishedAt", "hasError", "errorMessage", "statement", "projectId", "queryTypeId")
    VALUES ('900', '5', '2023-04-30 22:04:14.766780', '2023-04-30 22:04:18.766780', 'False', 'None', 'SELECT price FROM Books', '3', '1');
INSERT INTO "QueryColumnAccess" ("queryId", "columnId")
    VALUES ('900', '6');
INSERT INTO "QueryTableAccess" ("queryId", "tableId")
    VALUES ('900', '1');
SELECT 'established_date' FROM Publishers;
INSERT INTO "SqlQuery" ("queryId", "userId", "issuedAt", "finishedAt", "hasError", "errorMessage", "statement", "projectId", "queryTypeId")
    VALUES ('901', '13', '2023-05-22 22:04:14.766786', '2023-05-22 22:04:17.766786', 'False', 'None', 'SELECT established_date FROM Publishers', '3', '1');
INSERT INTO "QueryColumnAccess" ("queryId", "columnId")
    VALUES ('901', '3');
INSERT INTO "QueryTableAccess" ("queryId", "tableId")
    VALUES ('901', '3');
SELECT 'last_name' FROM Customers;
INSERT INTO "SqlQuery" ("queryId", "userId", "issuedAt", "finishedAt", "hasError", "errorMessage", "statement", "projectId", "queryTypeId")
    VALUES ('902', '13', '2023-05-04 22:04:14.766793', '2023-05-04 22:04:15.766793', 'False', 'None', 'SELECT last_name FROM Customers', '3', '1');
INSERT INTO "QueryColumnAccess" ("queryId", "columnId")
    VALUES ('902', '3');
INSERT INTO "QueryTableAccess" ("queryId", "tableId")
    VALUES ('902', '4');
SELECT 'shipping_address' FROM Orders;
INSERT INTO "SqlQuery" ("queryId", "userId", "issuedAt", "finishedAt", "hasError", "errorMessage", "statement", "projectId", "queryTypeId")
    VALUES ('903', '1', '2023-05-08 22:04:14.766799', '2023-05-08 22:04:17.766799', 'False', 'None', 'SELECT shipping_address FROM Orders', '3', '1');
INSERT INTO "QueryColumnAccess" ("queryId", "columnId")
    VALUES ('903', '6');
INSERT INTO "QueryTableAccess" ("queryId", "tableId")
    VALUES ('903', '5');
SELECT 'customer_id' FROM Customers;
INSERT INTO "SqlQuery" ("queryId", "userId", "issuedAt", "finishedAt", "hasError", "errorMessage", "statement", "projectId", "queryTypeId")
    VALUES ('904', '10', '2023-05-21 22:04:14.766806', '2023-05-21 22:04:16.766806', 'False', 'None', 'SELECT customer_id FROM Customers', '3', '1');
INSERT INTO "QueryColumnAccess" ("queryId", "columnId")
    VALUES ('904', '1');
INSERT INTO "QueryTableAccess" ("queryId", "tableId")
    VALUES ('904', '4');
SELECT 'established_date' FROM Publishers;
INSERT INTO "SqlQuery" ("queryId", "userId", "issuedAt", "finishedAt", "hasError", "errorMessage", "statement", "projectId", "queryTypeId")
    VALUES ('905', '14', '2023-05-14 22:04:14.766813', '2023-05-14 22:04:15.766813', 'False', 'None', 'SELECT established_date FROM Publishers', '3', '1');
INSERT INTO "QueryColumnAccess" ("queryId", "columnId")
    VALUES ('905', '3');
INSERT INTO "QueryTableAccess" ("queryId", "tableId")
    VALUES ('905', '3');
SELECT 'publisher' FROM Books;
INSERT INTO "SqlQuery" ("queryId", "userId", "issuedAt", "finishedAt", "hasError", "errorMessage", "statement", "projectId", "queryTypeId")
    VALUES ('906', '9', '2023-07-07 22:04:14.766819', '2023-07-07 22:04:17.766819', 'False', 'None', 'SELECT publisher FROM Books', '3', '1');
INSERT INTO "QueryColumnAccess" ("queryId", "columnId")
    VALUES ('906', '5');
INSERT INTO "QueryTableAccess" ("queryId", "tableId")
    VALUES ('906', '1');
SELECT 'zip_code' FROM Customers;
INSERT INTO "SqlQuery" ("queryId", "userId", "issuedAt", "finishedAt", "hasError", "errorMessage", "statement", "projectId", "queryTypeId")
    VALUES ('907', '15', '2023-05-01 22:04:14.766825', '2023-05-01 22:04:17.766825', 'False', 'None', 'SELECT zip_code FROM Customers', '3', '1');
INSERT INTO "QueryColumnAccess" ("queryId", "columnId")
    VALUES ('907', '9');
INSERT INTO "QueryTableAccess" ("queryId", "tableId")
    VALUES ('907', '4');
SELECT 'shipping_country' FROM Orders;
INSERT INTO "SqlQuery" ("queryId", "userId", "issuedAt", "finishedAt", "hasError", "errorMessage", "statement", "projectId", "queryTypeId")
    VALUES ('908', '8', '2023-06-01 22:04:14.766832', '2023-06-01 22:04:16.766832', 'False', 'None', 'SELECT shipping_country FROM Orders', '3', '1');
INSERT INTO "QueryColumnAccess" ("queryId", "columnId")
    VALUES ('908', '10');
INSERT INTO "QueryTableAccess" ("queryId", "tableId")
    VALUES ('908', '5');
SELECT 'country' FROM Publishers;
INSERT INTO "SqlQuery" ("queryId", "userId", "issuedAt", "finishedAt", "hasError", "errorMessage", "statement", "projectId", "queryTypeId")
    VALUES ('909', '12', '2023-07-08 22:04:14.766839', '2023-07-08 22:04:15.766839', 'False', 'None', 'SELECT country FROM Publishers', '3', '1');
INSERT INTO "QueryColumnAccess" ("queryId", "columnId")
    VALUES ('909', '4');
INSERT INTO "QueryTableAccess" ("queryId", "tableId")
    VALUES ('909', '3');
SELECT 'shipping_zip_code' FROM Orders;
INSERT INTO "SqlQuery" ("queryId", "userId", "issuedAt", "finishedAt", "hasError", "errorMessage", "statement", "projectId", "queryTypeId")
    VALUES ('910', '15', '2023-05-03 22:04:14.766846', '2023-05-03 22:04:16.766846', 'False', 'None', 'SELECT shipping_zip_code FROM Orders', '3', '1');
INSERT INTO "QueryColumnAccess" ("queryId", "columnId")
    VALUES ('910', '9');
INSERT INTO "QueryTableAccess" ("queryId", "tableId")
    VALUES ('910', '5');
SELECT 'publication_date' FROM Books;
INSERT INTO "SqlQuery" ("queryId", "userId", "issuedAt", "finishedAt", "hasError", "errorMessage", "statement", "projectId", "queryTypeId")
    VALUES ('911', '2', '2023-04-28 22:04:14.766852', '2023-04-28 22:04:16.766852', 'False', 'None', 'SELECT publication_date FROM Books', '3', '1');
INSERT INTO "QueryColumnAccess" ("queryId", "columnId")
    VALUES ('911', '4');
INSERT INTO "QueryTableAccess" ("queryId", "tableId")
    VALUES ('911', '1');
SELECT 'title' FROM Books;
INSERT INTO "SqlQuery" ("queryId", "userId", "issuedAt", "finishedAt", "hasError", "errorMessage", "statement", "projectId", "queryTypeId")
    VALUES ('912', '11', '2023-07-07 22:04:14.766859', '2023-07-07 22:04:15.766859', 'False', 'None', 'SELECT title FROM Books', '3', '1');
INSERT INTO "QueryColumnAccess" ("queryId", "columnId")
    VALUES ('912', '2');
INSERT INTO "QueryTableAccess" ("queryId", "tableId")
    VALUES ('912', '1');
SELECT 'address' FROM Customers;
INSERT INTO "SqlQuery" ("queryId", "userId", "issuedAt", "finishedAt", "hasError", "errorMessage", "statement", "projectId", "queryTypeId")
    VALUES ('913', '12', '2023-04-27 22:04:14.766865', '2023-04-27 22:04:18.766865', 'False', 'None', 'SELECT address FROM Customers', '3', '1');
INSERT INTO "QueryColumnAccess" ("queryId", "columnId")
    VALUES ('913', '6');
INSERT INTO "QueryTableAccess" ("queryId", "tableId")
    VALUES ('913', '4');
SELECT 'author_id' FROM Authors;
INSERT INTO "SqlQuery" ("queryId", "userId", "issuedAt", "finishedAt", "hasError", "errorMessage", "statement", "projectId", "queryTypeId")
    VALUES ('914', '2', '2023-04-21 22:04:14.766872', '2023-04-21 22:04:15.766872', 'False', 'None', 'SELECT author_id FROM Authors', '3', '1');
INSERT INTO "QueryColumnAccess" ("queryId", "columnId")
    VALUES ('914', '1');
INSERT INTO "QueryTableAccess" ("queryId", "tableId")
    VALUES ('914', '2');
SELECT 'email' FROM Customers;
INSERT INTO "SqlQuery" ("queryId", "userId", "issuedAt", "finishedAt", "hasError", "errorMessage", "statement", "projectId", "queryTypeId")
    VALUES ('915', '1', '2023-06-15 22:04:14.766882', '2023-06-15 22:04:18.766882', 'False', 'None', 'SELECT email FROM Customers', '3', '1');
INSERT INTO "QueryColumnAccess" ("queryId", "columnId")
    VALUES ('915', '4');
INSERT INTO "QueryTableAccess" ("queryId", "tableId")
    VALUES ('915', '4');
SELECT 'country' FROM Customers;
INSERT INTO "SqlQuery" ("queryId", "userId", "issuedAt", "finishedAt", "hasError", "errorMessage", "statement", "projectId", "queryTypeId")
    VALUES ('916', '3', '2023-06-16 22:04:14.766889', '2023-06-16 22:04:17.766889', 'False', 'None', 'SELECT country FROM Customers', '3', '1');
INSERT INTO "QueryColumnAccess" ("queryId", "columnId")
    VALUES ('916', '10');
INSERT INTO "QueryTableAccess" ("queryId", "tableId")
    VALUES ('916', '4');
SELECT 'title' FROM Books;
INSERT INTO "SqlQuery" ("queryId", "userId", "issuedAt", "finishedAt", "hasError", "errorMessage", "statement", "projectId", "queryTypeId")
    VALUES ('917', '4', '2023-05-02 22:04:14.766895', '2023-05-02 22:04:18.766895', 'False', 'None', 'SELECT title FROM Books', '3', '1');
INSERT INTO "QueryColumnAccess" ("queryId", "columnId")
    VALUES ('917', '2');
INSERT INTO "QueryTableAccess" ("queryId", "tableId")
    VALUES ('917', '1');
SELECT 'address' FROM Customers;
INSERT INTO "SqlQuery" ("queryId", "userId", "issuedAt", "finishedAt", "hasError", "errorMessage", "statement", "projectId", "queryTypeId")
    VALUES ('918', '2', '2023-04-27 22:04:14.766902', '2023-04-27 22:04:17.766902', 'False', 'None', 'SELECT address FROM Customers', '3', '1');
INSERT INTO "QueryColumnAccess" ("queryId", "columnId")
    VALUES ('918', '6');
INSERT INTO "QueryTableAccess" ("queryId", "tableId")
    VALUES ('918', '4');
SELECT 'shipping_state' FROM Orders;
INSERT INTO "SqlQuery" ("queryId", "userId", "issuedAt", "finishedAt", "hasError", "errorMessage", "statement", "projectId", "queryTypeId")
    VALUES ('919', '4', '2023-05-30 22:04:14.766908', '2023-05-30 22:04:18.766908', 'False', 'None', 'SELECT shipping_state FROM Orders', '3', '1');
INSERT INTO "QueryColumnAccess" ("queryId", "columnId")
    VALUES ('919', '8');
INSERT INTO "QueryTableAccess" ("queryId", "tableId")
    VALUES ('919', '5');
SELECT 'author_id' FROM Authors;
INSERT INTO "SqlQuery" ("queryId", "userId", "issuedAt", "finishedAt", "hasError", "errorMessage", "statement", "projectId", "queryTypeId")
    VALUES ('920', '8', '2023-07-02 22:04:14.766914', '2023-07-02 22:04:16.766914', 'False', 'None', 'SELECT author_id FROM Authors', '3', '1');
INSERT INTO "QueryColumnAccess" ("queryId", "columnId")
    VALUES ('920', '1');
INSERT INTO "QueryTableAccess" ("queryId", "tableId")
    VALUES ('920', '2');
SELECT 'status' FROM Orders;
INSERT INTO "SqlQuery" ("queryId", "userId", "issuedAt", "finishedAt", "hasError", "errorMessage", "statement", "projectId", "queryTypeId")
    VALUES ('921', '15', '2023-06-06 22:04:14.766921', '2023-06-06 22:04:16.766921', 'False', 'None', 'SELECT status FROM Orders', '3', '1');
INSERT INTO "QueryColumnAccess" ("queryId", "columnId")
    VALUES ('921', '5');
INSERT INTO "QueryTableAccess" ("queryId", "tableId")
    VALUES ('921', '5');
SELECT 'order_id' FROM Orders;
INSERT INTO "SqlQuery" ("queryId", "userId", "issuedAt", "finishedAt", "hasError", "errorMessage", "statement", "projectId", "queryTypeId")
    VALUES ('922', '13', '2023-04-16 22:04:14.766951', '2023-04-16 22:04:18.766951', 'False', 'None', 'SELECT order_id FROM Orders', '3', '1');
INSERT INTO "QueryColumnAccess" ("queryId", "columnId")
    VALUES ('922', '1');
INSERT INTO "QueryTableAccess" ("queryId", "tableId")
    VALUES ('922', '5');
SELECT 'title' FROM Books;
INSERT INTO "SqlQuery" ("queryId", "userId", "issuedAt", "finishedAt", "hasError", "errorMessage", "statement", "projectId", "queryTypeId")
    VALUES ('923', '11', '2023-07-01 22:04:14.766958', '2023-07-01 22:04:17.766958', 'False', 'None', 'SELECT title FROM Books', '3', '1');
INSERT INTO "QueryColumnAccess" ("queryId", "columnId")
    VALUES ('923', '2');
INSERT INTO "QueryTableAccess" ("queryId", "tableId")
    VALUES ('923', '1');
SELECT 'email' FROM Customers;
INSERT INTO "SqlQuery" ("queryId", "userId", "issuedAt", "finishedAt", "hasError", "errorMessage", "statement", "projectId", "queryTypeId")
    VALUES ('924', '10', '2023-05-08 22:04:14.766964', '2023-05-08 22:04:16.766964', 'False', 'None', 'SELECT email FROM Customers', '3', '1');
INSERT INTO "QueryColumnAccess" ("queryId", "columnId")
    VALUES ('924', '4');
INSERT INTO "QueryTableAccess" ("queryId", "tableId")
    VALUES ('924', '4');
SELECT 'first_name' FROM Authors;
INSERT INTO "SqlQuery" ("queryId", "userId", "issuedAt", "finishedAt", "hasError", "errorMessage", "statement", "projectId", "queryTypeId")
    VALUES ('925', '5', '2023-07-02 22:04:14.766971', '2023-07-02 22:04:16.766971', 'False', 'None', 'SELECT first_name FROM Authors', '3', '1');
INSERT INTO "QueryColumnAccess" ("queryId", "columnId")
    VALUES ('925', '2');
INSERT INTO "QueryTableAccess" ("queryId", "tableId")
    VALUES ('925', '2');
SELECT 'country' FROM Authors;
INSERT INTO "SqlQuery" ("queryId", "userId", "issuedAt", "finishedAt", "hasError", "errorMessage", "statement", "projectId", "queryTypeId")
    VALUES ('926', '8', '2023-06-19 22:04:14.766977', '2023-06-19 22:04:17.766977', 'False', 'None', 'SELECT country FROM Authors', '3', '1');
INSERT INTO "QueryColumnAccess" ("queryId", "columnId")
    VALUES ('926', '5');
INSERT INTO "QueryTableAccess" ("queryId", "tableId")
    VALUES ('926', '2');
SELECT 'status' FROM Orders;
INSERT INTO "SqlQuery" ("queryId", "userId", "issuedAt", "finishedAt", "hasError", "errorMessage", "statement", "projectId", "queryTypeId")
    VALUES ('927', '11', '2023-05-05 22:04:14.766983', '2023-05-05 22:04:15.766983', 'False', 'None', 'SELECT status FROM Orders', '3', '1');
INSERT INTO "QueryColumnAccess" ("queryId", "columnId")
    VALUES ('927', '5');
INSERT INTO "QueryTableAccess" ("queryId", "tableId")
    VALUES ('927', '5');
SELECT 'author' FROM Books;
INSERT INTO "SqlQuery" ("queryId", "userId", "issuedAt", "finishedAt", "hasError", "errorMessage", "statement", "projectId", "queryTypeId")
    VALUES ('928', '7', '2023-06-16 22:04:14.766990', '2023-06-16 22:04:15.766990', 'False', 'None', 'SELECT author FROM Books', '3', '1');
INSERT INTO "QueryColumnAccess" ("queryId", "columnId")
    VALUES ('928', '3');
INSERT INTO "QueryTableAccess" ("queryId", "tableId")
    VALUES ('928', '1');
SELECT 'last_name' FROM Authors;
INSERT INTO "SqlQuery" ("queryId", "userId", "issuedAt", "finishedAt", "hasError", "errorMessage", "statement", "projectId", "queryTypeId")
    VALUES ('929', '12', '2023-05-18 22:04:14.766996', '2023-05-18 22:04:16.766996', 'False', 'None', 'SELECT last_name FROM Authors', '3', '1');
INSERT INTO "QueryColumnAccess" ("queryId", "columnId")
    VALUES ('929', '3');
INSERT INTO "QueryTableAccess" ("queryId", "tableId")
    VALUES ('929', '2');
SELECT 'zip_code' FROM Customers;
INSERT INTO "SqlQuery" ("queryId", "userId", "issuedAt", "finishedAt", "hasError", "errorMessage", "statement", "projectId", "queryTypeId")
    VALUES ('930', '6', '2023-06-27 22:04:14.767002', '2023-06-27 22:04:15.767002', 'False', 'None', 'SELECT zip_code FROM Customers', '3', '1');
INSERT INTO "QueryColumnAccess" ("queryId", "columnId")
    VALUES ('930', '9');
INSERT INTO "QueryTableAccess" ("queryId", "tableId")
    VALUES ('930', '4');
SELECT 'customer_id' FROM Orders;
INSERT INTO "SqlQuery" ("queryId", "userId", "issuedAt", "finishedAt", "hasError", "errorMessage", "statement", "projectId", "queryTypeId")
    VALUES ('931', '1', '2023-06-02 22:04:14.767009', '2023-06-02 22:04:15.767009', 'False', 'None', 'SELECT customer_id FROM Orders', '3', '1');
INSERT INTO "QueryColumnAccess" ("queryId", "columnId")
    VALUES ('931', '2');
INSERT INTO "QueryTableAccess" ("queryId", "tableId")
    VALUES ('931', '5');
SELECT 'publisher' FROM Books;
INSERT INTO "SqlQuery" ("queryId", "userId", "issuedAt", "finishedAt", "hasError", "errorMessage", "statement", "projectId", "queryTypeId")
    VALUES ('932', '15', '2023-04-25 22:04:14.767015', '2023-04-25 22:04:17.767015', 'False', 'None', 'SELECT publisher FROM Books', '3', '1');
INSERT INTO "QueryColumnAccess" ("queryId", "columnId")
    VALUES ('932', '5');
INSERT INTO "QueryTableAccess" ("queryId", "tableId")
    VALUES ('932', '1');
SELECT 'shipping_state' FROM Orders;
INSERT INTO "SqlQuery" ("queryId", "userId", "issuedAt", "finishedAt", "hasError", "errorMessage", "statement", "projectId", "queryTypeId")
    VALUES ('933', '7', '2023-05-10 22:04:14.767027', '2023-05-10 22:04:18.767027', 'False', 'None', 'SELECT shipping_state FROM Orders', '3', '1');
INSERT INTO "QueryColumnAccess" ("queryId", "columnId")
    VALUES ('933', '8');
INSERT INTO "QueryTableAccess" ("queryId", "tableId")
    VALUES ('933', '5');
SELECT 'author_id' FROM Authors;
INSERT INTO "SqlQuery" ("queryId", "userId", "issuedAt", "finishedAt", "hasError", "errorMessage", "statement", "projectId", "queryTypeId")
    VALUES ('934', '9', '2023-04-30 22:04:14.767033', '2023-04-30 22:04:15.767033', 'False', 'None', 'SELECT author_id FROM Authors', '3', '1');
INSERT INTO "QueryColumnAccess" ("queryId", "columnId")
    VALUES ('934', '1');
INSERT INTO "QueryTableAccess" ("queryId", "tableId")
    VALUES ('934', '2');
SELECT 'author_id' FROM Authors;
INSERT INTO "SqlQuery" ("queryId", "userId", "issuedAt", "finishedAt", "hasError", "errorMessage", "statement", "projectId", "queryTypeId")
    VALUES ('935', '2', '2023-06-28 22:04:14.767040', '2023-06-28 22:04:18.767040', 'False', 'None', 'SELECT author_id FROM Authors', '3', '1');
INSERT INTO "QueryColumnAccess" ("queryId", "columnId")
    VALUES ('935', '1');
INSERT INTO "QueryTableAccess" ("queryId", "tableId")
    VALUES ('935', '2');
SELECT 'shipping_city' FROM Orders;
INSERT INTO "SqlQuery" ("queryId", "userId", "issuedAt", "finishedAt", "hasError", "errorMessage", "statement", "projectId", "queryTypeId")
    VALUES ('936', '14', '2023-05-19 22:04:14.767046', '2023-05-19 22:04:18.767046', 'False', 'None', 'SELECT shipping_city FROM Orders', '3', '1');
INSERT INTO "QueryColumnAccess" ("queryId", "columnId")
    VALUES ('936', '7');
INSERT INTO "QueryTableAccess" ("queryId", "tableId")
    VALUES ('936', '5');
SELECT 'first_name' FROM Customers;
INSERT INTO "SqlQuery" ("queryId", "userId", "issuedAt", "finishedAt", "hasError", "errorMessage", "statement", "projectId", "queryTypeId")
    VALUES ('937', '7', '2023-04-29 22:04:14.767052', '2023-04-29 22:04:17.767052', 'False', 'None', 'SELECT first_name FROM Customers', '3', '1');
INSERT INTO "QueryColumnAccess" ("queryId", "columnId")
    VALUES ('937', '2');
INSERT INTO "QueryTableAccess" ("queryId", "tableId")
    VALUES ('937', '4');
SELECT 'category_id' FROM Books;
INSERT INTO "SqlQuery" ("queryId", "userId", "issuedAt", "finishedAt", "hasError", "errorMessage", "statement", "projectId", "queryTypeId")
    VALUES ('938', '5', '2023-06-08 22:04:14.767059', '2023-06-08 22:04:16.767059', 'False', 'None', 'SELECT category_id FROM Books', '3', '1');
INSERT INTO "QueryColumnAccess" ("queryId", "columnId")
    VALUES ('938', '7');
INSERT INTO "QueryTableAccess" ("queryId", "tableId")
    VALUES ('938', '1');
SELECT 'first_name' FROM Customers;
INSERT INTO "SqlQuery" ("queryId", "userId", "issuedAt", "finishedAt", "hasError", "errorMessage", "statement", "projectId", "queryTypeId")
    VALUES ('939', '6', '2023-05-07 22:04:14.767066', '2023-05-07 22:04:16.767066', 'False', 'None', 'SELECT first_name FROM Customers', '3', '1');
INSERT INTO "QueryColumnAccess" ("queryId", "columnId")
    VALUES ('939', '2');
INSERT INTO "QueryTableAccess" ("queryId", "tableId")
    VALUES ('939', '4');
SELECT 'website' FROM Publishers;
INSERT INTO "SqlQuery" ("queryId", "userId", "issuedAt", "finishedAt", "hasError", "errorMessage", "statement", "projectId", "queryTypeId")
    VALUES ('940', '7', '2023-06-10 22:04:14.767072', '2023-06-10 22:04:16.767072', 'False', 'None', 'SELECT website FROM Publishers', '3', '1');
INSERT INTO "QueryColumnAccess" ("queryId", "columnId")
    VALUES ('940', '5');
INSERT INTO "QueryTableAccess" ("queryId", "tableId")
    VALUES ('940', '3');
SELECT 'shipping_country' FROM Orders;
INSERT INTO "SqlQuery" ("queryId", "userId", "issuedAt", "finishedAt", "hasError", "errorMessage", "statement", "projectId", "queryTypeId")
    VALUES ('941', '7', '2023-07-08 22:04:14.767117', '2023-07-08 22:04:17.767117', 'False', 'None', 'SELECT shipping_country FROM Orders', '3', '1');
INSERT INTO "QueryColumnAccess" ("queryId", "columnId")
    VALUES ('941', '10');
INSERT INTO "QueryTableAccess" ("queryId", "tableId")
    VALUES ('941', '5');
SELECT 'zip_code' FROM Customers;
INSERT INTO "SqlQuery" ("queryId", "userId", "issuedAt", "finishedAt", "hasError", "errorMessage", "statement", "projectId", "queryTypeId")
    VALUES ('942', '2', '2023-06-04 22:04:14.767136', '2023-06-04 22:04:16.767136', 'False', 'None', 'SELECT zip_code FROM Customers', '3', '1');
INSERT INTO "QueryColumnAccess" ("queryId", "columnId")
    VALUES ('942', '9');
INSERT INTO "QueryTableAccess" ("queryId", "tableId")
    VALUES ('942', '4');
SELECT 'shipping_country' FROM Orders;
INSERT INTO "SqlQuery" ("queryId", "userId", "issuedAt", "finishedAt", "hasError", "errorMessage", "statement", "projectId", "queryTypeId")
    VALUES ('943', '9', '2023-07-01 22:04:14.767144', '2023-07-01 22:04:15.767144', 'False', 'None', 'SELECT shipping_country FROM Orders', '3', '1');
INSERT INTO "QueryColumnAccess" ("queryId", "columnId")
    VALUES ('943', '10');
INSERT INTO "QueryTableAccess" ("queryId", "tableId")
    VALUES ('943', '5');
SELECT 'author_id' FROM Authors;
INSERT INTO "SqlQuery" ("queryId", "userId", "issuedAt", "finishedAt", "hasError", "errorMessage", "statement", "projectId", "queryTypeId")
    VALUES ('944', '5', '2023-05-25 22:04:14.767151', '2023-05-25 22:04:15.767151', 'False', 'None', 'SELECT author_id FROM Authors', '3', '1');
INSERT INTO "QueryColumnAccess" ("queryId", "columnId")
    VALUES ('944', '1');
INSERT INTO "QueryTableAccess" ("queryId", "tableId")
    VALUES ('944', '2');
SELECT 'category_id' FROM Books;
INSERT INTO "SqlQuery" ("queryId", "userId", "issuedAt", "finishedAt", "hasError", "errorMessage", "statement", "projectId", "queryTypeId")
    VALUES ('945', '11', '2023-05-13 22:04:14.767158', '2023-05-13 22:04:15.767158', 'False', 'None', 'SELECT category_id FROM Books', '3', '1');
INSERT INTO "QueryColumnAccess" ("queryId", "columnId")
    VALUES ('945', '7');
INSERT INTO "QueryTableAccess" ("queryId", "tableId")
    VALUES ('945', '1');
SELECT 'birth_date' FROM Authors;
INSERT INTO "SqlQuery" ("queryId", "userId", "issuedAt", "finishedAt", "hasError", "errorMessage", "statement", "projectId", "queryTypeId")
    VALUES ('946', '5', '2023-06-13 22:04:14.767165', '2023-06-13 22:04:17.767165', 'False', 'None', 'SELECT birth_date FROM Authors', '3', '1');
INSERT INTO "QueryColumnAccess" ("queryId", "columnId")
    VALUES ('946', '4');
INSERT INTO "QueryTableAccess" ("queryId", "tableId")
    VALUES ('946', '2');
SELECT 'shipping_country' FROM Orders;
INSERT INTO "SqlQuery" ("queryId", "userId", "issuedAt", "finishedAt", "hasError", "errorMessage", "statement", "projectId", "queryTypeId")
    VALUES ('947', '4', '2023-05-31 22:04:14.767172', '2023-05-31 22:04:17.767172', 'False', 'None', 'SELECT shipping_country FROM Orders', '3', '1');
INSERT INTO "QueryColumnAccess" ("queryId", "columnId")
    VALUES ('947', '10');
INSERT INTO "QueryTableAccess" ("queryId", "tableId")
    VALUES ('947', '5');
SELECT 'status' FROM Orders;
INSERT INTO "SqlQuery" ("queryId", "userId", "issuedAt", "finishedAt", "hasError", "errorMessage", "statement", "projectId", "queryTypeId")
    VALUES ('948', '1', '2023-06-10 22:04:14.767179', '2023-06-10 22:04:18.767179', 'False', 'None', 'SELECT status FROM Orders', '3', '1');
INSERT INTO "QueryColumnAccess" ("queryId", "columnId")
    VALUES ('948', '5');
INSERT INTO "QueryTableAccess" ("queryId", "tableId")
    VALUES ('948', '5');
SELECT 'shipping_address' FROM Orders;
INSERT INTO "SqlQuery" ("queryId", "userId", "issuedAt", "finishedAt", "hasError", "errorMessage", "statement", "projectId", "queryTypeId")
    VALUES ('949', '8', '2023-05-05 22:04:14.767196', '2023-05-05 22:04:18.767196', 'False', 'None', 'SELECT shipping_address FROM Orders', '3', '1');
INSERT INTO "QueryColumnAccess" ("queryId", "columnId")
    VALUES ('949', '6');
INSERT INTO "QueryTableAccess" ("queryId", "tableId")
    VALUES ('949', '5');
SELECT 'birth_date' FROM Authors;
INSERT INTO "SqlQuery" ("queryId", "userId", "issuedAt", "finishedAt", "hasError", "errorMessage", "statement", "projectId", "queryTypeId")
    VALUES ('950', '14', '2023-04-19 22:04:14.767234', '2023-04-19 22:04:15.767234', 'False', 'None', 'SELECT birth_date FROM Authors', '3', '1');
INSERT INTO "QueryColumnAccess" ("queryId", "columnId")
    VALUES ('950', '4');
INSERT INTO "QueryTableAccess" ("queryId", "tableId")
    VALUES ('950', '2');
SELECT 'country' FROM Authors;
INSERT INTO "SqlQuery" ("queryId", "userId", "issuedAt", "finishedAt", "hasError", "errorMessage", "statement", "projectId", "queryTypeId")
    VALUES ('951', '1', '2023-07-09 22:04:14.767242', '2023-07-09 22:04:18.767242', 'False', 'None', 'SELECT country FROM Authors', '3', '1');
INSERT INTO "QueryColumnAccess" ("queryId", "columnId")
    VALUES ('951', '5');
INSERT INTO "QueryTableAccess" ("queryId", "tableId")
    VALUES ('951', '2');
SELECT 'status' FROM Orders;
INSERT INTO "SqlQuery" ("queryId", "userId", "issuedAt", "finishedAt", "hasError", "errorMessage", "statement", "projectId", "queryTypeId")
    VALUES ('952', '5', '2023-06-23 22:04:14.767248', '2023-06-23 22:04:16.767248', 'False', 'None', 'SELECT status FROM Orders', '3', '1');
INSERT INTO "QueryColumnAccess" ("queryId", "columnId")
    VALUES ('952', '5');
INSERT INTO "QueryTableAccess" ("queryId", "tableId")
    VALUES ('952', '5');
SELECT 'author' FROM Books;
INSERT INTO "SqlQuery" ("queryId", "userId", "issuedAt", "finishedAt", "hasError", "errorMessage", "statement", "projectId", "queryTypeId")
    VALUES ('953', '3', '2023-04-24 22:04:14.767255', '2023-04-24 22:04:16.767255', 'False', 'None', 'SELECT author FROM Books', '3', '1');
INSERT INTO "QueryColumnAccess" ("queryId", "columnId")
    VALUES ('953', '3');
INSERT INTO "QueryTableAccess" ("queryId", "tableId")
    VALUES ('953', '1');
SELECT 'country' FROM Customers;
INSERT INTO "SqlQuery" ("queryId", "userId", "issuedAt", "finishedAt", "hasError", "errorMessage", "statement", "projectId", "queryTypeId")
    VALUES ('954', '9', '2023-07-10 22:04:14.767261', '2023-07-10 22:04:18.767261', 'False', 'None', 'SELECT country FROM Customers', '3', '1');
INSERT INTO "QueryColumnAccess" ("queryId", "columnId")
    VALUES ('954', '10');
INSERT INTO "QueryTableAccess" ("queryId", "tableId")
    VALUES ('954', '4');
SELECT 'status' FROM Orders;
INSERT INTO "SqlQuery" ("queryId", "userId", "issuedAt", "finishedAt", "hasError", "errorMessage", "statement", "projectId", "queryTypeId")
    VALUES ('955', '3', '2023-05-10 22:04:14.767268', '2023-05-10 22:04:18.767268', 'False', 'None', 'SELECT status FROM Orders', '3', '1');
INSERT INTO "QueryColumnAccess" ("queryId", "columnId")
    VALUES ('955', '5');
INSERT INTO "QueryTableAccess" ("queryId", "tableId")
    VALUES ('955', '5');
SELECT 'shipping_address' FROM Orders;
INSERT INTO "SqlQuery" ("queryId", "userId", "issuedAt", "finishedAt", "hasError", "errorMessage", "statement", "projectId", "queryTypeId")
    VALUES ('956', '2', '2023-05-28 22:04:14.767274', '2023-05-28 22:04:17.767274', 'False', 'None', 'SELECT shipping_address FROM Orders', '3', '1');
INSERT INTO "QueryColumnAccess" ("queryId", "columnId")
    VALUES ('956', '6');
INSERT INTO "QueryTableAccess" ("queryId", "tableId")
    VALUES ('956', '5');
SELECT 'publisher' FROM Books;
INSERT INTO "SqlQuery" ("queryId", "userId", "issuedAt", "finishedAt", "hasError", "errorMessage", "statement", "projectId", "queryTypeId")
    VALUES ('957', '12', '2023-06-12 22:04:14.767281', '2023-06-12 22:04:18.767281', 'False', 'None', 'SELECT publisher FROM Books', '3', '1');
INSERT INTO "QueryColumnAccess" ("queryId", "columnId")
    VALUES ('957', '5');
INSERT INTO "QueryTableAccess" ("queryId", "tableId")
    VALUES ('957', '1');
SELECT 'publisher_id' FROM Publishers;
INSERT INTO "SqlQuery" ("queryId", "userId", "issuedAt", "finishedAt", "hasError", "errorMessage", "statement", "projectId", "queryTypeId")
    VALUES ('958', '2', '2023-07-10 22:04:14.767288', '2023-07-10 22:04:15.767288', 'False', 'None', 'SELECT publisher_id FROM Publishers', '3', '1');
INSERT INTO "QueryColumnAccess" ("queryId", "columnId")
    VALUES ('958', '1');
INSERT INTO "QueryTableAccess" ("queryId", "tableId")
    VALUES ('958', '3');
SELECT 'customer_id' FROM Orders;
INSERT INTO "SqlQuery" ("queryId", "userId", "issuedAt", "finishedAt", "hasError", "errorMessage", "statement", "projectId", "queryTypeId")
    VALUES ('959', '7', '2023-04-23 22:04:14.767294', '2023-04-23 22:04:18.767294', 'False', 'None', 'SELECT customer_id FROM Orders', '3', '1');
INSERT INTO "QueryColumnAccess" ("queryId", "columnId")
    VALUES ('959', '2');
INSERT INTO "QueryTableAccess" ("queryId", "tableId")
    VALUES ('959', '5');
SELECT 'book_id' FROM Books;
INSERT INTO "SqlQuery" ("queryId", "userId", "issuedAt", "finishedAt", "hasError", "errorMessage", "statement", "projectId", "queryTypeId")
    VALUES ('960', '8', '2023-06-11 22:04:14.767301', '2023-06-11 22:04:18.767301', 'False', 'None', 'SELECT book_id FROM Books', '3', '1');
INSERT INTO "QueryColumnAccess" ("queryId", "columnId")
    VALUES ('960', '1');
INSERT INTO "QueryTableAccess" ("queryId", "tableId")
    VALUES ('960', '1');
SELECT 'established_date' FROM Publishers;
INSERT INTO "SqlQuery" ("queryId", "userId", "issuedAt", "finishedAt", "hasError", "errorMessage", "statement", "projectId", "queryTypeId")
    VALUES ('961', '7', '2023-06-21 22:04:14.767307', '2023-06-21 22:04:16.767307', 'False', 'None', 'SELECT established_date FROM Publishers', '3', '1');
INSERT INTO "QueryColumnAccess" ("queryId", "columnId")
    VALUES ('961', '3');
INSERT INTO "QueryTableAccess" ("queryId", "tableId")
    VALUES ('961', '3');
SELECT 'shipping_address' FROM Orders;
INSERT INTO "SqlQuery" ("queryId", "userId", "issuedAt", "finishedAt", "hasError", "errorMessage", "statement", "projectId", "queryTypeId")
    VALUES ('962', '15', '2023-06-05 22:04:14.767314', '2023-06-05 22:04:17.767314', 'False', 'None', 'SELECT shipping_address FROM Orders', '3', '1');
INSERT INTO "QueryColumnAccess" ("queryId", "columnId")
    VALUES ('962', '6');
INSERT INTO "QueryTableAccess" ("queryId", "tableId")
    VALUES ('962', '5');
SELECT 'last_name' FROM Authors;
INSERT INTO "SqlQuery" ("queryId", "userId", "issuedAt", "finishedAt", "hasError", "errorMessage", "statement", "projectId", "queryTypeId")
    VALUES ('963', '10', '2023-07-08 22:04:14.767321', '2023-07-08 22:04:17.767321', 'False', 'None', 'SELECT last_name FROM Authors', '3', '1');
INSERT INTO "QueryColumnAccess" ("queryId", "columnId")
    VALUES ('963', '3');
INSERT INTO "QueryTableAccess" ("queryId", "tableId")
    VALUES ('963', '2');
SELECT 'established_date' FROM Publishers;
INSERT INTO "SqlQuery" ("queryId", "userId", "issuedAt", "finishedAt", "hasError", "errorMessage", "statement", "projectId", "queryTypeId")
    VALUES ('964', '5', '2023-04-25 22:04:14.767328', '2023-04-25 22:04:15.767328', 'False', 'None', 'SELECT established_date FROM Publishers', '3', '1');
INSERT INTO "QueryColumnAccess" ("queryId", "columnId")
    VALUES ('964', '3');
INSERT INTO "QueryTableAccess" ("queryId", "tableId")
    VALUES ('964', '3');
SELECT 'author_id' FROM Authors;
INSERT INTO "SqlQuery" ("queryId", "userId", "issuedAt", "finishedAt", "hasError", "errorMessage", "statement", "projectId", "queryTypeId")
    VALUES ('965', '11', '2023-05-08 22:04:14.767334', '2023-05-08 22:04:18.767334', 'False', 'None', 'SELECT author_id FROM Authors', '3', '1');
INSERT INTO "QueryColumnAccess" ("queryId", "columnId")
    VALUES ('965', '1');
INSERT INTO "QueryTableAccess" ("queryId", "tableId")
    VALUES ('965', '2');
SELECT 'publisher' FROM Books;
INSERT INTO "SqlQuery" ("queryId", "userId", "issuedAt", "finishedAt", "hasError", "errorMessage", "statement", "projectId", "queryTypeId")
    VALUES ('966', '4', '2023-06-11 22:04:14.767340', '2023-06-11 22:04:15.767340', 'False', 'None', 'SELECT publisher FROM Books', '3', '1');
INSERT INTO "QueryColumnAccess" ("queryId", "columnId")
    VALUES ('966', '5');
INSERT INTO "QueryTableAccess" ("queryId", "tableId")
    VALUES ('966', '1');
SELECT 'book_id' FROM Books;
INSERT INTO "SqlQuery" ("queryId", "userId", "issuedAt", "finishedAt", "hasError", "errorMessage", "statement", "projectId", "queryTypeId")
    VALUES ('967', '14', '2023-04-22 22:04:14.767357', '2023-04-22 22:04:16.767357', 'False', 'None', 'SELECT book_id FROM Books', '3', '1');
INSERT INTO "QueryColumnAccess" ("queryId", "columnId")
    VALUES ('967', '1');
INSERT INTO "QueryTableAccess" ("queryId", "tableId")
    VALUES ('967', '1');
SELECT 'last_name' FROM Authors;
INSERT INTO "SqlQuery" ("queryId", "userId", "issuedAt", "finishedAt", "hasError", "errorMessage", "statement", "projectId", "queryTypeId")
    VALUES ('968', '6', '2023-04-17 22:04:14.767364', '2023-04-17 22:04:16.767364', 'False', 'None', 'SELECT last_name FROM Authors', '3', '1');
INSERT INTO "QueryColumnAccess" ("queryId", "columnId")
    VALUES ('968', '3');
INSERT INTO "QueryTableAccess" ("queryId", "tableId")
    VALUES ('968', '2');
SELECT 'publisher_id' FROM Publishers;
INSERT INTO "SqlQuery" ("queryId", "userId", "issuedAt", "finishedAt", "hasError", "errorMessage", "statement", "projectId", "queryTypeId")
    VALUES ('969', '4', '2023-06-10 22:04:14.767370', '2023-06-10 22:04:17.767370', 'False', 'None', 'SELECT publisher_id FROM Publishers', '3', '1');
INSERT INTO "QueryColumnAccess" ("queryId", "columnId")
    VALUES ('969', '1');
INSERT INTO "QueryTableAccess" ("queryId", "tableId")
    VALUES ('969', '3');
SELECT 'last_name' FROM Customers;
INSERT INTO "SqlQuery" ("queryId", "userId", "issuedAt", "finishedAt", "hasError", "errorMessage", "statement", "projectId", "queryTypeId")
    VALUES ('970', '12', '2023-07-04 22:04:14.767376', '2023-07-04 22:04:15.767376', 'False', 'None', 'SELECT last_name FROM Customers', '3', '1');
INSERT INTO "QueryColumnAccess" ("queryId", "columnId")
    VALUES ('970', '3');
INSERT INTO "QueryTableAccess" ("queryId", "tableId")
    VALUES ('970', '4');
SELECT 'author' FROM Books;
INSERT INTO "SqlQuery" ("queryId", "userId", "issuedAt", "finishedAt", "hasError", "errorMessage", "statement", "projectId", "queryTypeId")
    VALUES ('971', '10', '2023-05-02 22:04:14.767382', '2023-05-02 22:04:18.767382', 'False', 'None', 'SELECT author FROM Books', '3', '1');
INSERT INTO "QueryColumnAccess" ("queryId", "columnId")
    VALUES ('971', '3');
INSERT INTO "QueryTableAccess" ("queryId", "tableId")
    VALUES ('971', '1');
SELECT 'last_name' FROM Authors;
INSERT INTO "SqlQuery" ("queryId", "userId", "issuedAt", "finishedAt", "hasError", "errorMessage", "statement", "projectId", "queryTypeId")
    VALUES ('972', '8', '2023-05-19 22:04:14.767389', '2023-05-19 22:04:18.767389', 'False', 'None', 'SELECT last_name FROM Authors', '3', '1');
INSERT INTO "QueryColumnAccess" ("queryId", "columnId")
    VALUES ('972', '3');
INSERT INTO "QueryTableAccess" ("queryId", "tableId")
    VALUES ('972', '2');
SELECT 'publisher_id' FROM Publishers;
INSERT INTO "SqlQuery" ("queryId", "userId", "issuedAt", "finishedAt", "hasError", "errorMessage", "statement", "projectId", "queryTypeId")
    VALUES ('973', '14', '2023-06-03 22:04:14.767395', '2023-06-03 22:04:17.767395', 'False', 'None', 'SELECT publisher_id FROM Publishers', '3', '1');
INSERT INTO "QueryColumnAccess" ("queryId", "columnId")
    VALUES ('973', '1');
INSERT INTO "QueryTableAccess" ("queryId", "tableId")
    VALUES ('973', '3');
SELECT 'author' FROM Books;
INSERT INTO "SqlQuery" ("queryId", "userId", "issuedAt", "finishedAt", "hasError", "errorMessage", "statement", "projectId", "queryTypeId")
    VALUES ('974', '8', '2023-04-29 22:04:14.767401', '2023-04-29 22:04:18.767401', 'False', 'None', 'SELECT author FROM Books', '3', '1');
INSERT INTO "QueryColumnAccess" ("queryId", "columnId")
    VALUES ('974', '3');
INSERT INTO "QueryTableAccess" ("queryId", "tableId")
    VALUES ('974', '1');
SELECT 'publisher_id' FROM Publishers;
INSERT INTO "SqlQuery" ("queryId", "userId", "issuedAt", "finishedAt", "hasError", "errorMessage", "statement", "projectId", "queryTypeId")
    VALUES ('975', '11', '2023-07-08 22:04:14.767408', '2023-07-08 22:04:18.767408', 'False', 'None', 'SELECT publisher_id FROM Publishers', '3', '1');
INSERT INTO "QueryColumnAccess" ("queryId", "columnId")
    VALUES ('975', '1');
INSERT INTO "QueryTableAccess" ("queryId", "tableId")
    VALUES ('975', '3');
SELECT 'status' FROM Orders;
INSERT INTO "SqlQuery" ("queryId", "userId", "issuedAt", "finishedAt", "hasError", "errorMessage", "statement", "projectId", "queryTypeId")
    VALUES ('976', '1', '2023-05-06 22:04:14.767414', '2023-05-06 22:04:15.767414', 'False', 'None', 'SELECT status FROM Orders', '3', '1');
INSERT INTO "QueryColumnAccess" ("queryId", "columnId")
    VALUES ('976', '5');
INSERT INTO "QueryTableAccess" ("queryId", "tableId")
    VALUES ('976', '5');
SELECT 'established_date' FROM Publishers;
INSERT INTO "SqlQuery" ("queryId", "userId", "issuedAt", "finishedAt", "hasError", "errorMessage", "statement", "projectId", "queryTypeId")
    VALUES ('977', '8', '2023-05-02 22:04:14.767420', '2023-05-02 22:04:15.767420', 'False', 'None', 'SELECT established_date FROM Publishers', '3', '1');
INSERT INTO "QueryColumnAccess" ("queryId", "columnId")
    VALUES ('977', '3');
INSERT INTO "QueryTableAccess" ("queryId", "tableId")
    VALUES ('977', '3');
SELECT 'category_id' FROM Books;
INSERT INTO "SqlQuery" ("queryId", "userId", "issuedAt", "finishedAt", "hasError", "errorMessage", "statement", "projectId", "queryTypeId")
    VALUES ('978', '13', '2023-04-23 22:04:14.767426', '2023-04-23 22:04:16.767426', 'False', 'None', 'SELECT category_id FROM Books', '3', '1');
INSERT INTO "QueryColumnAccess" ("queryId", "columnId")
    VALUES ('978', '7');
INSERT INTO "QueryTableAccess" ("queryId", "tableId")
    VALUES ('978', '1');
SELECT 'website' FROM Publishers;
INSERT INTO "SqlQuery" ("queryId", "userId", "issuedAt", "finishedAt", "hasError", "errorMessage", "statement", "projectId", "queryTypeId")
    VALUES ('979', '5', '2023-06-23 22:04:14.767432', '2023-06-23 22:04:18.767432', 'False', 'None', 'SELECT website FROM Publishers', '3', '1');
INSERT INTO "QueryColumnAccess" ("queryId", "columnId")
    VALUES ('979', '5');
INSERT INTO "QueryTableAccess" ("queryId", "tableId")
    VALUES ('979', '3');
SELECT 'birth_date' FROM Authors;
INSERT INTO "SqlQuery" ("queryId", "userId", "issuedAt", "finishedAt", "hasError", "errorMessage", "statement", "projectId", "queryTypeId")
    VALUES ('980', '14', '2023-05-03 22:04:14.767438', '2023-05-03 22:04:16.767438', 'False', 'None', 'SELECT birth_date FROM Authors', '3', '1');
INSERT INTO "QueryColumnAccess" ("queryId", "columnId")
    VALUES ('980', '4');
INSERT INTO "QueryTableAccess" ("queryId", "tableId")
    VALUES ('980', '2');
SELECT 'country' FROM Publishers;
INSERT INTO "SqlQuery" ("queryId", "userId", "issuedAt", "finishedAt", "hasError", "errorMessage", "statement", "projectId", "queryTypeId")
    VALUES ('981', '1', '2023-04-25 22:04:14.767445', '2023-04-25 22:04:15.767445', 'False', 'None', 'SELECT country FROM Publishers', '3', '1');
INSERT INTO "QueryColumnAccess" ("queryId", "columnId")
    VALUES ('981', '4');
INSERT INTO "QueryTableAccess" ("queryId", "tableId")
    VALUES ('981', '3');
SELECT 'book_id' FROM Books;
INSERT INTO "SqlQuery" ("queryId", "userId", "issuedAt", "finishedAt", "hasError", "errorMessage", "statement", "projectId", "queryTypeId")
    VALUES ('982', '13', '2023-06-05 22:04:14.767451', '2023-06-05 22:04:16.767451', 'False', 'None', 'SELECT book_id FROM Books', '3', '1');
INSERT INTO "QueryColumnAccess" ("queryId", "columnId")
    VALUES ('982', '1');
INSERT INTO "QueryTableAccess" ("queryId", "tableId")
    VALUES ('982', '1');
SELECT 'address' FROM Customers;
INSERT INTO "SqlQuery" ("queryId", "userId", "issuedAt", "finishedAt", "hasError", "errorMessage", "statement", "projectId", "queryTypeId")
    VALUES ('983', '9', '2023-06-10 22:04:14.767457', '2023-06-10 22:04:15.767457', 'False', 'None', 'SELECT address FROM Customers', '3', '1');
INSERT INTO "QueryColumnAccess" ("queryId", "columnId")
    VALUES ('983', '6');
INSERT INTO "QueryTableAccess" ("queryId", "tableId")
    VALUES ('983', '4');
SELECT 'title' FROM Books;
INSERT INTO "SqlQuery" ("queryId", "userId", "issuedAt", "finishedAt", "hasError", "errorMessage", "statement", "projectId", "queryTypeId")
    VALUES ('984', '3', '2023-05-25 22:04:14.767481', '2023-05-25 22:04:18.767481', 'False', 'None', 'SELECT title FROM Books', '3', '1');
INSERT INTO "QueryColumnAccess" ("queryId", "columnId")
    VALUES ('984', '2');
INSERT INTO "QueryTableAccess" ("queryId", "tableId")
    VALUES ('984', '1');
SELECT 'shipping_zip_code' FROM Orders;
INSERT INTO "SqlQuery" ("queryId", "userId", "issuedAt", "finishedAt", "hasError", "errorMessage", "statement", "projectId", "queryTypeId")
    VALUES ('985', '2', '2023-04-12 22:04:14.767487', '2023-04-12 22:04:18.767487', 'False', 'None', 'SELECT shipping_zip_code FROM Orders', '3', '1');
INSERT INTO "QueryColumnAccess" ("queryId", "columnId")
    VALUES ('985', '9');
INSERT INTO "QueryTableAccess" ("queryId", "tableId")
    VALUES ('985', '5');
SELECT 'last_name' FROM Authors;
INSERT INTO "SqlQuery" ("queryId", "userId", "issuedAt", "finishedAt", "hasError", "errorMessage", "statement", "projectId", "queryTypeId")
    VALUES ('986', '3', '2023-06-06 22:04:14.767494', '2023-06-06 22:04:16.767494', 'False', 'None', 'SELECT last_name FROM Authors', '3', '1');
INSERT INTO "QueryColumnAccess" ("queryId", "columnId")
    VALUES ('986', '3');
INSERT INTO "QueryTableAccess" ("queryId", "tableId")
    VALUES ('986', '2');
SELECT 'country' FROM Authors;
INSERT INTO "SqlQuery" ("queryId", "userId", "issuedAt", "finishedAt", "hasError", "errorMessage", "statement", "projectId", "queryTypeId")
    VALUES ('987', '14', '2023-04-21 22:04:14.767501', '2023-04-21 22:04:18.767501', 'False', 'None', 'SELECT country FROM Authors', '3', '1');
INSERT INTO "QueryColumnAccess" ("queryId", "columnId")
    VALUES ('987', '5');
INSERT INTO "QueryTableAccess" ("queryId", "tableId")
    VALUES ('987', '2');
SELECT 'last_name' FROM Customers;
INSERT INTO "SqlQuery" ("queryId", "userId", "issuedAt", "finishedAt", "hasError", "errorMessage", "statement", "projectId", "queryTypeId")
    VALUES ('988', '1', '2023-04-16 22:04:14.767507', '2023-04-16 22:04:18.767507', 'False', 'None', 'SELECT last_name FROM Customers', '3', '1');
INSERT INTO "QueryColumnAccess" ("queryId", "columnId")
    VALUES ('988', '3');
INSERT INTO "QueryTableAccess" ("queryId", "tableId")
    VALUES ('988', '4');
SELECT 'established_date' FROM Publishers;
INSERT INTO "SqlQuery" ("queryId", "userId", "issuedAt", "finishedAt", "hasError", "errorMessage", "statement", "projectId", "queryTypeId")
    VALUES ('989', '2', '2023-05-12 22:04:14.767513', '2023-05-12 22:04:18.767513', 'False', 'None', 'SELECT established_date FROM Publishers', '3', '1');
INSERT INTO "QueryColumnAccess" ("queryId", "columnId")
    VALUES ('989', '3');
INSERT INTO "QueryTableAccess" ("queryId", "tableId")
    VALUES ('989', '3');
SELECT 'shipping_city' FROM Orders;
INSERT INTO "SqlQuery" ("queryId", "userId", "issuedAt", "finishedAt", "hasError", "errorMessage", "statement", "projectId", "queryTypeId")
    VALUES ('990', '13', '2023-06-18 22:04:14.767519', '2023-06-18 22:04:17.767519', 'False', 'None', 'SELECT shipping_city FROM Orders', '3', '1');
INSERT INTO "QueryColumnAccess" ("queryId", "columnId")
    VALUES ('990', '7');
INSERT INTO "QueryTableAccess" ("queryId", "tableId")
    VALUES ('990', '5');
SELECT 'Orders.shipping_zip_code', 'Authors.last_name' FROM Orders RIGHT OUTER JOIN Authors ON 'Orders.shipping_zip_code' = 'Authors.last_name';
INSERT INTO "SqlQuery" ("queryId", "userId", "issuedAt", "finishedAt", "hasError", "errorMessage", "statement", "projectId", "queryTypeId")
    VALUES ('991', '5', '2023-06-19 22:07:11.406115', '2023-06-19 22:07:14.406115', 'False', 'None', 'SELECT Orders.shipping_zip_code, Authors.last_name FROM Orders RIGHT OUTER JOIN Authors ON Orders.shipping_zip_code = Authors.last_name;', '3', '1');
INSERT INTO "QueryColumnAccess" ("queryId", "columnId")
    VALUES ('991', '9');
INSERT INTO "QueryColumnAccess" ("queryId", "columnId")
    VALUES ('991', '3');
INSERT INTO "QueryTableAccess" ("queryId", "tableId")
    VALUES ('991', '5');
INSERT INTO "QueryTableAccess" ("queryId", "tableId")
    VALUES ('991', '2');
SELECT 'Publishers.established_date', 'Authors.author_id' FROM Publishers NATURAL JOIN Authors ON 'Publishers.established_date' = 'Authors.author_id';
INSERT INTO "SqlQuery" ("queryId", "userId", "issuedAt", "finishedAt", "hasError", "errorMessage", "statement", "projectId", "queryTypeId")
    VALUES ('992', '14', '2023-04-17 22:07:11.406141', '2023-04-17 22:07:15.406141', 'False', 'None', 'SELECT Publishers.established_date, Authors.author_id FROM Publishers NATURAL JOIN Authors ON Publishers.established_date = Authors.author_id;', '3', '1');
INSERT INTO "QueryColumnAccess" ("queryId", "columnId")
    VALUES ('992', '3');
INSERT INTO "QueryColumnAccess" ("queryId", "columnId")
    VALUES ('992', '1');
INSERT INTO "QueryTableAccess" ("queryId", "tableId")
    VALUES ('992', '3');
INSERT INTO "QueryTableAccess" ("queryId", "tableId")
    VALUES ('992', '2');
SELECT 'Authors.last_name', 'Orders.order_date' FROM Authors LEFT OUTER JOIN Orders ON 'Authors.last_name' = 'Orders.order_date';
INSERT INTO "SqlQuery" ("queryId", "userId", "issuedAt", "finishedAt", "hasError", "errorMessage", "statement", "projectId", "queryTypeId")
    VALUES ('993', '4', '2023-04-24 22:07:11.406152', '2023-04-24 22:07:15.406152', 'False', 'None', 'SELECT Authors.last_name, Orders.order_date FROM Authors LEFT OUTER JOIN Orders ON Authors.last_name = Orders.order_date;', '3', '1');
INSERT INTO "QueryColumnAccess" ("queryId", "columnId")
    VALUES ('993', '3');
INSERT INTO "QueryColumnAccess" ("queryId", "columnId")
    VALUES ('993', '3');
INSERT INTO "QueryTableAccess" ("queryId", "tableId")
    VALUES ('993', '2');
INSERT INTO "QueryTableAccess" ("queryId", "tableId")
    VALUES ('993', '5');
SELECT 'Orders.customer_id', 'Books.title' FROM Orders NATURAL JOIN Books ON 'Orders.customer_id' = 'Books.title';
INSERT INTO "SqlQuery" ("queryId", "userId", "issuedAt", "finishedAt", "hasError", "errorMessage", "statement", "projectId", "queryTypeId")
    VALUES ('994', '5', '2023-04-18 22:07:11.406162', '2023-04-18 22:07:13.406162', 'False', 'None', 'SELECT Orders.customer_id, Books.title FROM Orders NATURAL JOIN Books ON Orders.customer_id = Books.title;', '3', '1');
INSERT INTO "QueryColumnAccess" ("queryId", "columnId")
    VALUES ('994', '2');
INSERT INTO "QueryColumnAccess" ("queryId", "columnId")
    VALUES ('994', '2');
INSERT INTO "QueryTableAccess" ("queryId", "tableId")
    VALUES ('994', '5');
INSERT INTO "QueryTableAccess" ("queryId", "tableId")
    VALUES ('994', '1');
SELECT 'Publishers.country', 'Customers.last_name' FROM Publishers NATURAL JOIN Customers ON 'Publishers.country' = 'Customers.last_name';
INSERT INTO "SqlQuery" ("queryId", "userId", "issuedAt", "finishedAt", "hasError", "errorMessage", "statement", "projectId", "queryTypeId")
    VALUES ('995', '6', '2023-05-20 22:07:11.406171', '2023-05-20 22:07:12.406171', 'False', 'None', 'SELECT Publishers.country, Customers.last_name FROM Publishers NATURAL JOIN Customers ON Publishers.country = Customers.last_name;', '3', '1');
INSERT INTO "QueryColumnAccess" ("queryId", "columnId")
    VALUES ('995', '4');
INSERT INTO "QueryColumnAccess" ("queryId", "columnId")
    VALUES ('995', '3');
INSERT INTO "QueryTableAccess" ("queryId", "tableId")
    VALUES ('995', '3');
INSERT INTO "QueryTableAccess" ("queryId", "tableId")
    VALUES ('995', '4');
SELECT 'Customers.customer_id', 'Books.publication_date' FROM Customers RIGHT OUTER JOIN Books ON 'Customers.customer_id' = 'Books.publication_date';
INSERT INTO "SqlQuery" ("queryId", "userId", "issuedAt", "finishedAt", "hasError", "errorMessage", "statement", "projectId", "queryTypeId")
    VALUES ('996', '1', '2023-05-20 22:07:11.406180', '2023-05-20 22:07:13.406180', 'False', 'None', 'SELECT Customers.customer_id, Books.publication_date FROM Customers RIGHT OUTER JOIN Books ON Customers.customer_id = Books.publication_date;', '3', '1');
INSERT INTO "QueryColumnAccess" ("queryId", "columnId")
    VALUES ('996', '1');
INSERT INTO "QueryColumnAccess" ("queryId", "columnId")
    VALUES ('996', '4');
INSERT INTO "QueryTableAccess" ("queryId", "tableId")
    VALUES ('996', '4');
INSERT INTO "QueryTableAccess" ("queryId", "tableId")
    VALUES ('996', '1');
SELECT 'Publishers.website', 'Books.publication_date' FROM Publishers NATURAL JOIN Books ON 'Publishers.website' = 'Books.publication_date';
INSERT INTO "SqlQuery" ("queryId", "userId", "issuedAt", "finishedAt", "hasError", "errorMessage", "statement", "projectId", "queryTypeId")
    VALUES ('997', '4', '2023-05-31 22:07:11.406189', '2023-05-31 22:07:13.406189', 'False', 'None', 'SELECT Publishers.website, Books.publication_date FROM Publishers NATURAL JOIN Books ON Publishers.website = Books.publication_date;', '3', '1');
INSERT INTO "QueryColumnAccess" ("queryId", "columnId")
    VALUES ('997', '5');
INSERT INTO "QueryColumnAccess" ("queryId", "columnId")
    VALUES ('997', '4');
INSERT INTO "QueryTableAccess" ("queryId", "tableId")
    VALUES ('997', '3');
INSERT INTO "QueryTableAccess" ("queryId", "tableId")
    VALUES ('997', '1');
SELECT 'Publishers.established_date', 'Customers.city' FROM Publishers NATURAL JOIN Customers ON 'Publishers.established_date' = 'Customers.city';
INSERT INTO "SqlQuery" ("queryId", "userId", "issuedAt", "finishedAt", "hasError", "errorMessage", "statement", "projectId", "queryTypeId")
    VALUES ('998', '9', '2023-05-16 22:07:11.406198', '2023-05-16 22:07:13.406198', 'False', 'None', 'SELECT Publishers.established_date, Customers.city FROM Publishers NATURAL JOIN Customers ON Publishers.established_date = Customers.city;', '3', '1');
INSERT INTO "QueryColumnAccess" ("queryId", "columnId")
    VALUES ('998', '3');
INSERT INTO "QueryColumnAccess" ("queryId", "columnId")
    VALUES ('998', '7');
INSERT INTO "QueryTableAccess" ("queryId", "tableId")
    VALUES ('998', '3');
INSERT INTO "QueryTableAccess" ("queryId", "tableId")
    VALUES ('998', '4');
SELECT 'Publishers.country', 'Authors.last_name' FROM Publishers LEFT OUTER JOIN Authors ON 'Publishers.country' = 'Authors.last_name';
INSERT INTO "SqlQuery" ("queryId", "userId", "issuedAt", "finishedAt", "hasError", "errorMessage", "statement", "projectId", "queryTypeId")
    VALUES ('999', '11', '2023-07-07 22:07:11.406207', '2023-07-07 22:07:14.406207', 'False', 'None', 'SELECT Publishers.country, Authors.last_name FROM Publishers LEFT OUTER JOIN Authors ON Publishers.country = Authors.last_name;', '3', '1');
INSERT INTO "QueryColumnAccess" ("queryId", "columnId")
    VALUES ('999', '4');
INSERT INTO "QueryColumnAccess" ("queryId", "columnId")
    VALUES ('999', '3');
INSERT INTO "QueryTableAccess" ("queryId", "tableId")
    VALUES ('999', '3');
INSERT INTO "QueryTableAccess" ("queryId", "tableId")
    VALUES ('999', '2');
SELECT 'Customers.email', 'Publishers.country' FROM Customers NATURAL JOIN Publishers ON 'Customers.email' = 'Publishers.country';
INSERT INTO "SqlQuery" ("queryId", "userId", "issuedAt", "finishedAt", "hasError", "errorMessage", "statement", "projectId", "queryTypeId")
    VALUES ('1000', '5', '2023-04-27 22:07:11.406216', '2023-04-27 22:07:14.406216', 'False', 'None', 'SELECT Customers.email, Publishers.country FROM Customers NATURAL JOIN Publishers ON Customers.email = Publishers.country;', '3', '1');
INSERT INTO "QueryColumnAccess" ("queryId", "columnId")
    VALUES ('1000', '4');
INSERT INTO "QueryColumnAccess" ("queryId", "columnId")
    VALUES ('1000', '4');
INSERT INTO "QueryTableAccess" ("queryId", "tableId")
    VALUES ('1000', '4');
INSERT INTO "QueryTableAccess" ("queryId", "tableId")
    VALUES ('1000', '3');
SELECT 'Orders.customer_id', 'Authors.author_id' FROM Orders NATURAL JOIN Authors ON 'Orders.customer_id' = 'Authors.author_id';
INSERT INTO "SqlQuery" ("queryId", "userId", "issuedAt", "finishedAt", "hasError", "errorMessage", "statement", "projectId", "queryTypeId")
    VALUES ('1001', '10', '2023-05-25 22:07:11.406248', '2023-05-25 22:07:12.406248', 'False', 'None', 'SELECT Orders.customer_id, Authors.author_id FROM Orders NATURAL JOIN Authors ON Orders.customer_id = Authors.author_id;', '3', '1');
INSERT INTO "QueryColumnAccess" ("queryId", "columnId")
    VALUES ('1001', '2');
INSERT INTO "QueryColumnAccess" ("queryId", "columnId")
    VALUES ('1001', '1');
INSERT INTO "QueryTableAccess" ("queryId", "tableId")
    VALUES ('1001', '5');
INSERT INTO "QueryTableAccess" ("queryId", "tableId")
    VALUES ('1001', '2');
SELECT 'Books.author', 'Customers.first_name' FROM Books NATURAL JOIN Customers ON 'Books.author' = 'Customers.first_name';
INSERT INTO "SqlQuery" ("queryId", "userId", "issuedAt", "finishedAt", "hasError", "errorMessage", "statement", "projectId", "queryTypeId")
    VALUES ('1002', '2', '2023-06-14 22:07:11.406258', '2023-06-14 22:07:15.406258', 'False', 'None', 'SELECT Books.author, Customers.first_name FROM Books NATURAL JOIN Customers ON Books.author = Customers.first_name;', '3', '1');
INSERT INTO "QueryColumnAccess" ("queryId", "columnId")
    VALUES ('1002', '3');
INSERT INTO "QueryColumnAccess" ("queryId", "columnId")
    VALUES ('1002', '2');
INSERT INTO "QueryTableAccess" ("queryId", "tableId")
    VALUES ('1002', '1');
INSERT INTO "QueryTableAccess" ("queryId", "tableId")
    VALUES ('1002', '4');
SELECT 'Customers.phone_number', 'Orders.order_date' FROM Customers NATURAL JOIN Orders ON 'Customers.phone_number' = 'Orders.order_date';
INSERT INTO "SqlQuery" ("queryId", "userId", "issuedAt", "finishedAt", "hasError", "errorMessage", "statement", "projectId", "queryTypeId")
    VALUES ('1003', '15', '2023-05-31 22:07:11.406267', '2023-05-31 22:07:14.406267', 'False', 'None', 'SELECT Customers.phone_number, Orders.order_date FROM Customers NATURAL JOIN Orders ON Customers.phone_number = Orders.order_date;', '3', '1');
INSERT INTO "QueryColumnAccess" ("queryId", "columnId")
    VALUES ('1003', '5');
INSERT INTO "QueryColumnAccess" ("queryId", "columnId")
    VALUES ('1003', '3');
INSERT INTO "QueryTableAccess" ("queryId", "tableId")
    VALUES ('1003', '4');
INSERT INTO "QueryTableAccess" ("queryId", "tableId")
    VALUES ('1003', '5');
SELECT 'Customers.state', 'Orders.order_id' FROM Customers NATURAL JOIN Orders ON 'Customers.state' = 'Orders.order_id';
INSERT INTO "SqlQuery" ("queryId", "userId", "issuedAt", "finishedAt", "hasError", "errorMessage", "statement", "projectId", "queryTypeId")
    VALUES ('1004', '15', '2023-06-23 22:07:11.406277', '2023-06-23 22:07:12.406277', 'False', 'None', 'SELECT Customers.state, Orders.order_id FROM Customers NATURAL JOIN Orders ON Customers.state = Orders.order_id;', '3', '1');
INSERT INTO "QueryColumnAccess" ("queryId", "columnId")
    VALUES ('1004', '8');
INSERT INTO "QueryColumnAccess" ("queryId", "columnId")
    VALUES ('1004', '1');
INSERT INTO "QueryTableAccess" ("queryId", "tableId")
    VALUES ('1004', '4');
INSERT INTO "QueryTableAccess" ("queryId", "tableId")
    VALUES ('1004', '5');
SELECT 'Customers.state', 'Books.category_id' FROM Customers RIGHT OUTER JOIN Books ON 'Customers.state' = 'Books.category_id';
INSERT INTO "SqlQuery" ("queryId", "userId", "issuedAt", "finishedAt", "hasError", "errorMessage", "statement", "projectId", "queryTypeId")
    VALUES ('1005', '1', '2023-05-13 22:07:11.406286', '2023-05-13 22:07:15.406286', 'False', 'None', 'SELECT Customers.state, Books.category_id FROM Customers RIGHT OUTER JOIN Books ON Customers.state = Books.category_id;', '3', '1');
INSERT INTO "QueryColumnAccess" ("queryId", "columnId")
    VALUES ('1005', '8');
INSERT INTO "QueryColumnAccess" ("queryId", "columnId")
    VALUES ('1005', '7');
INSERT INTO "QueryTableAccess" ("queryId", "tableId")
    VALUES ('1005', '4');
INSERT INTO "QueryTableAccess" ("queryId", "tableId")
    VALUES ('1005', '1');
SELECT 'Authors.country', 'Customers.state' FROM Authors RIGHT OUTER JOIN Customers ON 'Authors.country' = 'Customers.state';
INSERT INTO "SqlQuery" ("queryId", "userId", "issuedAt", "finishedAt", "hasError", "errorMessage", "statement", "projectId", "queryTypeId")
    VALUES ('1006', '10', '2023-05-18 22:07:11.406295', '2023-05-18 22:07:13.406295', 'False', 'None', 'SELECT Authors.country, Customers.state FROM Authors RIGHT OUTER JOIN Customers ON Authors.country = Customers.state;', '3', '1');
INSERT INTO "QueryColumnAccess" ("queryId", "columnId")
    VALUES ('1006', '5');
INSERT INTO "QueryColumnAccess" ("queryId", "columnId")
    VALUES ('1006', '8');
INSERT INTO "QueryTableAccess" ("queryId", "tableId")
    VALUES ('1006', '2');
INSERT INTO "QueryTableAccess" ("queryId", "tableId")
    VALUES ('1006', '4');
SELECT 'Authors.author_id', 'Publishers.country' FROM Authors LEFT OUTER JOIN Publishers ON 'Authors.author_id' = 'Publishers.country';
INSERT INTO "SqlQuery" ("queryId", "userId", "issuedAt", "finishedAt", "hasError", "errorMessage", "statement", "projectId", "queryTypeId")
    VALUES ('1007', '2', '2023-06-01 22:07:11.406306', '2023-06-01 22:07:13.406306', 'False', 'None', 'SELECT Authors.author_id, Publishers.country FROM Authors LEFT OUTER JOIN Publishers ON Authors.author_id = Publishers.country;', '3', '1');
INSERT INTO "QueryColumnAccess" ("queryId", "columnId")
    VALUES ('1007', '1');
INSERT INTO "QueryColumnAccess" ("queryId", "columnId")
    VALUES ('1007', '4');
INSERT INTO "QueryTableAccess" ("queryId", "tableId")
    VALUES ('1007', '2');
INSERT INTO "QueryTableAccess" ("queryId", "tableId")
    VALUES ('1007', '3');
SELECT 'Books.title', 'Publishers.website' FROM Books LEFT OUTER JOIN Publishers ON 'Books.title' = 'Publishers.website';
INSERT INTO "SqlQuery" ("queryId", "userId", "issuedAt", "finishedAt", "hasError", "errorMessage", "statement", "projectId", "queryTypeId")
    VALUES ('1008', '6', '2023-04-22 22:07:11.406315', '2023-04-22 22:07:13.406315', 'False', 'None', 'SELECT Books.title, Publishers.website FROM Books LEFT OUTER JOIN Publishers ON Books.title = Publishers.website;', '3', '1');
INSERT INTO "QueryColumnAccess" ("queryId", "columnId")
    VALUES ('1008', '2');
INSERT INTO "QueryColumnAccess" ("queryId", "columnId")
    VALUES ('1008', '5');
INSERT INTO "QueryTableAccess" ("queryId", "tableId")
    VALUES ('1008', '1');
INSERT INTO "QueryTableAccess" ("queryId", "tableId")
    VALUES ('1008', '3');
SELECT 'Publishers.website', 'Authors.last_name' FROM Publishers LEFT OUTER JOIN Authors ON 'Publishers.website' = 'Authors.last_name';
INSERT INTO "SqlQuery" ("queryId", "userId", "issuedAt", "finishedAt", "hasError", "errorMessage", "statement", "projectId", "queryTypeId")
    VALUES ('1009', '1', '2023-04-30 22:07:11.406325', '2023-04-30 22:07:12.406325', 'False', 'None', 'SELECT Publishers.website, Authors.last_name FROM Publishers LEFT OUTER JOIN Authors ON Publishers.website = Authors.last_name;', '3', '1');
INSERT INTO "QueryColumnAccess" ("queryId", "columnId")
    VALUES ('1009', '5');
INSERT INTO "QueryColumnAccess" ("queryId", "columnId")
    VALUES ('1009', '3');
INSERT INTO "QueryTableAccess" ("queryId", "tableId")
    VALUES ('1009', '3');
INSERT INTO "QueryTableAccess" ("queryId", "tableId")
    VALUES ('1009', '2');
SELECT 'Orders.shipping_zip_code', 'Authors.birth_date' FROM Orders NATURAL JOIN Authors ON 'Orders.shipping_zip_code' = 'Authors.birth_date';
INSERT INTO "SqlQuery" ("queryId", "userId", "issuedAt", "finishedAt", "hasError", "errorMessage", "statement", "projectId", "queryTypeId")
    VALUES ('1010', '10', '2023-07-10 22:07:11.406333', '2023-07-10 22:07:13.406333', 'False', 'None', 'SELECT Orders.shipping_zip_code, Authors.birth_date FROM Orders NATURAL JOIN Authors ON Orders.shipping_zip_code = Authors.birth_date;', '3', '1');
INSERT INTO "QueryColumnAccess" ("queryId", "columnId")
    VALUES ('1010', '9');
INSERT INTO "QueryColumnAccess" ("queryId", "columnId")
    VALUES ('1010', '4');
INSERT INTO "QueryTableAccess" ("queryId", "tableId")
    VALUES ('1010', '5');
INSERT INTO "QueryTableAccess" ("queryId", "tableId")
    VALUES ('1010', '2');
SELECT 'Books.price', 'Publishers.established_date' FROM Books LEFT OUTER JOIN Publishers ON 'Books.price' = 'Publishers.established_date';
INSERT INTO "SqlQuery" ("queryId", "userId", "issuedAt", "finishedAt", "hasError", "errorMessage", "statement", "projectId", "queryTypeId")
    VALUES ('1011', '5', '2023-04-19 22:07:11.406353', '2023-04-19 22:07:15.406353', 'False', 'None', 'SELECT Books.price, Publishers.established_date FROM Books LEFT OUTER JOIN Publishers ON Books.price = Publishers.established_date;', '3', '1');
INSERT INTO "QueryColumnAccess" ("queryId", "columnId")
    VALUES ('1011', '6');
INSERT INTO "QueryColumnAccess" ("queryId", "columnId")
    VALUES ('1011', '3');
INSERT INTO "QueryTableAccess" ("queryId", "tableId")
    VALUES ('1011', '1');
INSERT INTO "QueryTableAccess" ("queryId", "tableId")
    VALUES ('1011', '3');
SELECT 'Authors.author_id', 'Books.author' FROM Authors RIGHT OUTER JOIN Books ON 'Authors.author_id' = 'Books.author';
INSERT INTO "SqlQuery" ("queryId", "userId", "issuedAt", "finishedAt", "hasError", "errorMessage", "statement", "projectId", "queryTypeId")
    VALUES ('1012', '2', '2023-04-12 22:07:11.406365', '2023-04-12 22:07:12.406365', 'False', 'None', 'SELECT Authors.author_id, Books.author FROM Authors RIGHT OUTER JOIN Books ON Authors.author_id = Books.author;', '3', '1');
INSERT INTO "QueryColumnAccess" ("queryId", "columnId")
    VALUES ('1012', '1');
INSERT INTO "QueryColumnAccess" ("queryId", "columnId")
    VALUES ('1012', '3');
INSERT INTO "QueryTableAccess" ("queryId", "tableId")
    VALUES ('1012', '2');
INSERT INTO "QueryTableAccess" ("queryId", "tableId")
    VALUES ('1012', '1');
SELECT 'Customers.country', 'Books.author' FROM Customers RIGHT OUTER JOIN Books ON 'Customers.country' = 'Books.author';
INSERT INTO "SqlQuery" ("queryId", "userId", "issuedAt", "finishedAt", "hasError", "errorMessage", "statement", "projectId", "queryTypeId")
    VALUES ('1013', '15', '2023-05-27 22:07:11.406374', '2023-05-27 22:07:13.406374', 'False', 'None', 'SELECT Customers.country, Books.author FROM Customers RIGHT OUTER JOIN Books ON Customers.country = Books.author;', '3', '1');
INSERT INTO "QueryColumnAccess" ("queryId", "columnId")
    VALUES ('1013', '10');
INSERT INTO "QueryColumnAccess" ("queryId", "columnId")
    VALUES ('1013', '3');
INSERT INTO "QueryTableAccess" ("queryId", "tableId")
    VALUES ('1013', '4');
INSERT INTO "QueryTableAccess" ("queryId", "tableId")
    VALUES ('1013', '1');
SELECT 'Customers.address', 'Publishers.established_date' FROM Customers NATURAL JOIN Publishers ON 'Customers.address' = 'Publishers.established_date';
INSERT INTO "SqlQuery" ("queryId", "userId", "issuedAt", "finishedAt", "hasError", "errorMessage", "statement", "projectId", "queryTypeId")
    VALUES ('1014', '6', '2023-05-03 22:07:11.406383', '2023-05-03 22:07:14.406383', 'False', 'None', 'SELECT Customers.address, Publishers.established_date FROM Customers NATURAL JOIN Publishers ON Customers.address = Publishers.established_date;', '3', '1');
INSERT INTO "QueryColumnAccess" ("queryId", "columnId")
    VALUES ('1014', '6');
INSERT INTO "QueryColumnAccess" ("queryId", "columnId")
    VALUES ('1014', '3');
INSERT INTO "QueryTableAccess" ("queryId", "tableId")
    VALUES ('1014', '4');
INSERT INTO "QueryTableAccess" ("queryId", "tableId")
    VALUES ('1014', '3');
SELECT 'Authors.first_name', 'Publishers.publisher_id' FROM Authors LEFT OUTER JOIN Publishers ON 'Authors.first_name' = 'Publishers.publisher_id';
INSERT INTO "SqlQuery" ("queryId", "userId", "issuedAt", "finishedAt", "hasError", "errorMessage", "statement", "projectId", "queryTypeId")
    VALUES ('1015', '3', '2023-06-22 22:07:11.406392', '2023-06-22 22:07:14.406392', 'False', 'None', 'SELECT Authors.first_name, Publishers.publisher_id FROM Authors LEFT OUTER JOIN Publishers ON Authors.first_name = Publishers.publisher_id;', '3', '1');
INSERT INTO "QueryColumnAccess" ("queryId", "columnId")
    VALUES ('1015', '2');
INSERT INTO "QueryColumnAccess" ("queryId", "columnId")
    VALUES ('1015', '1');
INSERT INTO "QueryTableAccess" ("queryId", "tableId")
    VALUES ('1015', '2');
INSERT INTO "QueryTableAccess" ("queryId", "tableId")
    VALUES ('1015', '3');
SELECT 'Authors.first_name', 'Publishers.established_date' FROM Authors LEFT OUTER JOIN Publishers ON 'Authors.first_name' = 'Publishers.established_date';
INSERT INTO "SqlQuery" ("queryId", "userId", "issuedAt", "finishedAt", "hasError", "errorMessage", "statement", "projectId", "queryTypeId")
    VALUES ('1016', '10', '2023-05-26 22:07:11.406401', '2023-05-26 22:07:12.406401', 'False', 'None', 'SELECT Authors.first_name, Publishers.established_date FROM Authors LEFT OUTER JOIN Publishers ON Authors.first_name = Publishers.established_date;', '3', '1');
INSERT INTO "QueryColumnAccess" ("queryId", "columnId")
    VALUES ('1016', '2');
INSERT INTO "QueryColumnAccess" ("queryId", "columnId")
    VALUES ('1016', '3');
INSERT INTO "QueryTableAccess" ("queryId", "tableId")
    VALUES ('1016', '2');
INSERT INTO "QueryTableAccess" ("queryId", "tableId")
    VALUES ('1016', '3');
SELECT 'Authors.first_name', 'Publishers.country' FROM Authors NATURAL JOIN Publishers ON 'Authors.first_name' = 'Publishers.country';
INSERT INTO "SqlQuery" ("queryId", "userId", "issuedAt", "finishedAt", "hasError", "errorMessage", "statement", "projectId", "queryTypeId")
    VALUES ('1017', '9', '2023-06-06 22:07:11.406410', '2023-06-06 22:07:14.406410', 'False', 'None', 'SELECT Authors.first_name, Publishers.country FROM Authors NATURAL JOIN Publishers ON Authors.first_name = Publishers.country;', '3', '1');
INSERT INTO "QueryColumnAccess" ("queryId", "columnId")
    VALUES ('1017', '2');
INSERT INTO "QueryColumnAccess" ("queryId", "columnId")
    VALUES ('1017', '4');
INSERT INTO "QueryTableAccess" ("queryId", "tableId")
    VALUES ('1017', '2');
INSERT INTO "QueryTableAccess" ("queryId", "tableId")
    VALUES ('1017', '3');
SELECT 'Orders.status', 'Publishers.established_date' FROM Orders RIGHT OUTER JOIN Publishers ON 'Orders.status' = 'Publishers.established_date';
INSERT INTO "SqlQuery" ("queryId", "userId", "issuedAt", "finishedAt", "hasError", "errorMessage", "statement", "projectId", "queryTypeId")
    VALUES ('1018', '11', '2023-06-21 22:07:11.406418', '2023-06-21 22:07:15.406418', 'False', 'None', 'SELECT Orders.status, Publishers.established_date FROM Orders RIGHT OUTER JOIN Publishers ON Orders.status = Publishers.established_date;', '3', '1');
INSERT INTO "QueryColumnAccess" ("queryId", "columnId")
    VALUES ('1018', '5');
INSERT INTO "QueryColumnAccess" ("queryId", "columnId")
    VALUES ('1018', '3');
INSERT INTO "QueryTableAccess" ("queryId", "tableId")
    VALUES ('1018', '5');
INSERT INTO "QueryTableAccess" ("queryId", "tableId")
    VALUES ('1018', '3');
SELECT 'Authors.first_name', 'Publishers.publisher_id' FROM Authors NATURAL JOIN Publishers ON 'Authors.first_name' = 'Publishers.publisher_id';
INSERT INTO "SqlQuery" ("queryId", "userId", "issuedAt", "finishedAt", "hasError", "errorMessage", "statement", "projectId", "queryTypeId")
    VALUES ('1019', '2', '2023-05-10 22:07:11.406427', '2023-05-10 22:07:14.406427', 'False', 'None', 'SELECT Authors.first_name, Publishers.publisher_id FROM Authors NATURAL JOIN Publishers ON Authors.first_name = Publishers.publisher_id;', '3', '1');
INSERT INTO "QueryColumnAccess" ("queryId", "columnId")
    VALUES ('1019', '2');
INSERT INTO "QueryColumnAccess" ("queryId", "columnId")
    VALUES ('1019', '1');
INSERT INTO "QueryTableAccess" ("queryId", "tableId")
    VALUES ('1019', '2');
INSERT INTO "QueryTableAccess" ("queryId", "tableId")
    VALUES ('1019', '3');
SELECT 'Publishers.country', 'Books.title' FROM Publishers NATURAL JOIN Books ON 'Publishers.country' = 'Books.title';
INSERT INTO "SqlQuery" ("queryId", "userId", "issuedAt", "finishedAt", "hasError", "errorMessage", "statement", "projectId", "queryTypeId")
    VALUES ('1020', '13', '2023-06-23 22:07:11.406447', '2023-06-23 22:07:12.406447', 'False', 'None', 'SELECT Publishers.country, Books.title FROM Publishers NATURAL JOIN Books ON Publishers.country = Books.title;', '3', '1');
INSERT INTO "QueryColumnAccess" ("queryId", "columnId")
    VALUES ('1020', '4');
INSERT INTO "QueryColumnAccess" ("queryId", "columnId")
    VALUES ('1020', '2');
INSERT INTO "QueryTableAccess" ("queryId", "tableId")
    VALUES ('1020', '3');
INSERT INTO "QueryTableAccess" ("queryId", "tableId")
    VALUES ('1020', '1');
SELECT 'Customers.address', 'Orders.order_date' FROM Customers LEFT OUTER JOIN Orders ON 'Customers.address' = 'Orders.order_date';
INSERT INTO "SqlQuery" ("queryId", "userId", "issuedAt", "finishedAt", "hasError", "errorMessage", "statement", "projectId", "queryTypeId")
    VALUES ('1021', '13', '2023-04-20 22:07:11.406456', '2023-04-20 22:07:15.406456', 'False', 'None', 'SELECT Customers.address, Orders.order_date FROM Customers LEFT OUTER JOIN Orders ON Customers.address = Orders.order_date;', '3', '1');
INSERT INTO "QueryColumnAccess" ("queryId", "columnId")
    VALUES ('1021', '6');
INSERT INTO "QueryColumnAccess" ("queryId", "columnId")
    VALUES ('1021', '3');
INSERT INTO "QueryTableAccess" ("queryId", "tableId")
    VALUES ('1021', '4');
INSERT INTO "QueryTableAccess" ("queryId", "tableId")
    VALUES ('1021', '5');
SELECT 'Publishers.publisher_id', 'Books.title' FROM Publishers LEFT OUTER JOIN Books ON 'Publishers.publisher_id' = 'Books.title';
INSERT INTO "SqlQuery" ("queryId", "userId", "issuedAt", "finishedAt", "hasError", "errorMessage", "statement", "projectId", "queryTypeId")
    VALUES ('1022', '13', '2023-06-27 22:07:11.406465', '2023-06-27 22:07:14.406465', 'False', 'None', 'SELECT Publishers.publisher_id, Books.title FROM Publishers LEFT OUTER JOIN Books ON Publishers.publisher_id = Books.title;', '3', '1');
INSERT INTO "QueryColumnAccess" ("queryId", "columnId")
    VALUES ('1022', '1');
INSERT INTO "QueryColumnAccess" ("queryId", "columnId")
    VALUES ('1022', '2');
INSERT INTO "QueryTableAccess" ("queryId", "tableId")
    VALUES ('1022', '3');
INSERT INTO "QueryTableAccess" ("queryId", "tableId")
    VALUES ('1022', '1');
SELECT 'Authors.birth_date', 'Customers.address' FROM Authors RIGHT OUTER JOIN Customers ON 'Authors.birth_date' = 'Customers.address';
INSERT INTO "SqlQuery" ("queryId", "userId", "issuedAt", "finishedAt", "hasError", "errorMessage", "statement", "projectId", "queryTypeId")
    VALUES ('1023', '8', '2023-06-08 22:07:11.406474', '2023-06-08 22:07:15.406474', 'False', 'None', 'SELECT Authors.birth_date, Customers.address FROM Authors RIGHT OUTER JOIN Customers ON Authors.birth_date = Customers.address;', '3', '1');
INSERT INTO "QueryColumnAccess" ("queryId", "columnId")
    VALUES ('1023', '4');
INSERT INTO "QueryColumnAccess" ("queryId", "columnId")
    VALUES ('1023', '6');
INSERT INTO "QueryTableAccess" ("queryId", "tableId")
    VALUES ('1023', '2');
INSERT INTO "QueryTableAccess" ("queryId", "tableId")
    VALUES ('1023', '4');
SELECT 'Orders.order_id', 'Publishers.established_date' FROM Orders NATURAL JOIN Publishers ON 'Orders.order_id' = 'Publishers.established_date';
INSERT INTO "SqlQuery" ("queryId", "userId", "issuedAt", "finishedAt", "hasError", "errorMessage", "statement", "projectId", "queryTypeId")
    VALUES ('1024', '13', '2023-06-09 22:07:11.406482', '2023-06-09 22:07:15.406482', 'False', 'None', 'SELECT Orders.order_id, Publishers.established_date FROM Orders NATURAL JOIN Publishers ON Orders.order_id = Publishers.established_date;', '3', '1');
INSERT INTO "QueryColumnAccess" ("queryId", "columnId")
    VALUES ('1024', '1');
INSERT INTO "QueryColumnAccess" ("queryId", "columnId")
    VALUES ('1024', '3');
INSERT INTO "QueryTableAccess" ("queryId", "tableId")
    VALUES ('1024', '5');
INSERT INTO "QueryTableAccess" ("queryId", "tableId")
    VALUES ('1024', '3');
SELECT 'Books.price', 'Orders.total_amount' FROM Books LEFT OUTER JOIN Orders ON 'Books.price' = 'Orders.total_amount';
INSERT INTO "SqlQuery" ("queryId", "userId", "issuedAt", "finishedAt", "hasError", "errorMessage", "statement", "projectId", "queryTypeId")
    VALUES ('1025', '2', '2023-06-11 22:07:11.406492', '2023-06-11 22:07:12.406492', 'False', 'None', 'SELECT Books.price, Orders.total_amount FROM Books LEFT OUTER JOIN Orders ON Books.price = Orders.total_amount;', '3', '1');
INSERT INTO "QueryColumnAccess" ("queryId", "columnId")
    VALUES ('1025', '6');
INSERT INTO "QueryColumnAccess" ("queryId", "columnId")
    VALUES ('1025', '4');
INSERT INTO "QueryTableAccess" ("queryId", "tableId")
    VALUES ('1025', '1');
INSERT INTO "QueryTableAccess" ("queryId", "tableId")
    VALUES ('1025', '5');
SELECT 'Orders.order_id', 'Authors.first_name' FROM Orders NATURAL JOIN Authors ON 'Orders.order_id' = 'Authors.first_name';
INSERT INTO "SqlQuery" ("queryId", "userId", "issuedAt", "finishedAt", "hasError", "errorMessage", "statement", "projectId", "queryTypeId")
    VALUES ('1026', '13', '2023-07-06 22:07:11.406500', '2023-07-06 22:07:13.406500', 'False', 'None', 'SELECT Orders.order_id, Authors.first_name FROM Orders NATURAL JOIN Authors ON Orders.order_id = Authors.first_name;', '3', '1');
INSERT INTO "QueryColumnAccess" ("queryId", "columnId")
    VALUES ('1026', '1');
INSERT INTO "QueryColumnAccess" ("queryId", "columnId")
    VALUES ('1026', '2');
INSERT INTO "QueryTableAccess" ("queryId", "tableId")
    VALUES ('1026', '5');
INSERT INTO "QueryTableAccess" ("queryId", "tableId")
    VALUES ('1026', '2');
SELECT 'Customers.customer_id', 'Authors.author_id' FROM Customers NATURAL JOIN Authors ON 'Customers.customer_id' = 'Authors.author_id';
INSERT INTO "SqlQuery" ("queryId", "userId", "issuedAt", "finishedAt", "hasError", "errorMessage", "statement", "projectId", "queryTypeId")
    VALUES ('1027', '13', '2023-07-08 22:07:11.406509', '2023-07-08 22:07:12.406509', 'False', 'None', 'SELECT Customers.customer_id, Authors.author_id FROM Customers NATURAL JOIN Authors ON Customers.customer_id = Authors.author_id;', '3', '1');
INSERT INTO "QueryColumnAccess" ("queryId", "columnId")
    VALUES ('1027', '1');
INSERT INTO "QueryColumnAccess" ("queryId", "columnId")
    VALUES ('1027', '1');
INSERT INTO "QueryTableAccess" ("queryId", "tableId")
    VALUES ('1027', '4');
INSERT INTO "QueryTableAccess" ("queryId", "tableId")
    VALUES ('1027', '2');
SELECT 'Books.publisher', 'Authors.author_id' FROM Books RIGHT OUTER JOIN Authors ON 'Books.publisher' = 'Authors.author_id';
INSERT INTO "SqlQuery" ("queryId", "userId", "issuedAt", "finishedAt", "hasError", "errorMessage", "statement", "projectId", "queryTypeId")
    VALUES ('1028', '14', '2023-05-29 22:07:11.406518', '2023-05-29 22:07:15.406518', 'False', 'None', 'SELECT Books.publisher, Authors.author_id FROM Books RIGHT OUTER JOIN Authors ON Books.publisher = Authors.author_id;', '3', '1');
INSERT INTO "QueryColumnAccess" ("queryId", "columnId")
    VALUES ('1028', '5');
INSERT INTO "QueryColumnAccess" ("queryId", "columnId")
    VALUES ('1028', '1');
INSERT INTO "QueryTableAccess" ("queryId", "tableId")
    VALUES ('1028', '1');
INSERT INTO "QueryTableAccess" ("queryId", "tableId")
    VALUES ('1028', '2');
SELECT 'Authors.author_id', 'Publishers.publisher_name' FROM Authors LEFT OUTER JOIN Publishers ON 'Authors.author_id' = 'Publishers.publisher_name';
INSERT INTO "SqlQuery" ("queryId", "userId", "issuedAt", "finishedAt", "hasError", "errorMessage", "statement", "projectId", "queryTypeId")
    VALUES ('1029', '9', '2023-04-29 22:07:11.406527', '2023-04-29 22:07:15.406527', 'False', 'None', 'SELECT Authors.author_id, Publishers.publisher_name FROM Authors LEFT OUTER JOIN Publishers ON Authors.author_id = Publishers.publisher_name;', '3', '1');
INSERT INTO "QueryColumnAccess" ("queryId", "columnId")
    VALUES ('1029', '1');
INSERT INTO "QueryColumnAccess" ("queryId", "columnId")
    VALUES ('1029', '2');
INSERT INTO "QueryTableAccess" ("queryId", "tableId")
    VALUES ('1029', '2');
INSERT INTO "QueryTableAccess" ("queryId", "tableId")
    VALUES ('1029', '3');
SELECT 'Authors.author_id', 'Orders.order_date' FROM Authors NATURAL JOIN Orders ON 'Authors.author_id' = 'Orders.order_date';
INSERT INTO "SqlQuery" ("queryId", "userId", "issuedAt", "finishedAt", "hasError", "errorMessage", "statement", "projectId", "queryTypeId")
    VALUES ('1030', '1', '2023-05-27 22:07:11.406544', '2023-05-27 22:07:14.406544', 'False', 'None', 'SELECT Authors.author_id, Orders.order_date FROM Authors NATURAL JOIN Orders ON Authors.author_id = Orders.order_date;', '3', '1');
INSERT INTO "QueryColumnAccess" ("queryId", "columnId")
    VALUES ('1030', '1');
INSERT INTO "QueryColumnAccess" ("queryId", "columnId")
    VALUES ('1030', '3');
INSERT INTO "QueryTableAccess" ("queryId", "tableId")
    VALUES ('1030', '2');
INSERT INTO "QueryTableAccess" ("queryId", "tableId")
    VALUES ('1030', '5');
SELECT 'Orders.shipping_city', 'Customers.city' FROM Orders NATURAL JOIN Customers ON 'Orders.shipping_city' = 'Customers.city';
INSERT INTO "SqlQuery" ("queryId", "userId", "issuedAt", "finishedAt", "hasError", "errorMessage", "statement", "projectId", "queryTypeId")
    VALUES ('1031', '1', '2023-07-05 22:07:11.406553', '2023-07-05 22:07:12.406553', 'False', 'None', 'SELECT Orders.shipping_city, Customers.city FROM Orders NATURAL JOIN Customers ON Orders.shipping_city = Customers.city;', '3', '1');
INSERT INTO "QueryColumnAccess" ("queryId", "columnId")
    VALUES ('1031', '7');
INSERT INTO "QueryColumnAccess" ("queryId", "columnId")
    VALUES ('1031', '7');
INSERT INTO "QueryTableAccess" ("queryId", "tableId")
    VALUES ('1031', '5');
INSERT INTO "QueryTableAccess" ("queryId", "tableId")
    VALUES ('1031', '4');
SELECT 'Books.author', 'Authors.country' FROM Books NATURAL JOIN Authors ON 'Books.author' = 'Authors.country';
INSERT INTO "SqlQuery" ("queryId", "userId", "issuedAt", "finishedAt", "hasError", "errorMessage", "statement", "projectId", "queryTypeId")
    VALUES ('1032', '5', '2023-05-01 22:07:11.406562', '2023-05-01 22:07:14.406562', 'False', 'None', 'SELECT Books.author, Authors.country FROM Books NATURAL JOIN Authors ON Books.author = Authors.country;', '3', '1');
INSERT INTO "QueryColumnAccess" ("queryId", "columnId")
    VALUES ('1032', '3');
INSERT INTO "QueryColumnAccess" ("queryId", "columnId")
    VALUES ('1032', '5');
INSERT INTO "QueryTableAccess" ("queryId", "tableId")
    VALUES ('1032', '1');
INSERT INTO "QueryTableAccess" ("queryId", "tableId")
    VALUES ('1032', '2');
SELECT 'Orders.shipping_country', 'Customers.customer_id' FROM Orders RIGHT OUTER JOIN Customers ON 'Orders.shipping_country' = 'Customers.customer_id';
INSERT INTO "SqlQuery" ("queryId", "userId", "issuedAt", "finishedAt", "hasError", "errorMessage", "statement", "projectId", "queryTypeId")
    VALUES ('1033', '8', '2023-05-31 22:07:11.406570', '2023-05-31 22:07:14.406570', 'False', 'None', 'SELECT Orders.shipping_country, Customers.customer_id FROM Orders RIGHT OUTER JOIN Customers ON Orders.shipping_country = Customers.customer_id;', '3', '1');
INSERT INTO "QueryColumnAccess" ("queryId", "columnId")
    VALUES ('1033', '10');
INSERT INTO "QueryColumnAccess" ("queryId", "columnId")
    VALUES ('1033', '1');
INSERT INTO "QueryTableAccess" ("queryId", "tableId")
    VALUES ('1033', '5');
INSERT INTO "QueryTableAccess" ("queryId", "tableId")
    VALUES ('1033', '4');
SELECT 'Publishers.publisher_id', 'Authors.first_name' FROM Publishers NATURAL JOIN Authors ON 'Publishers.publisher_id' = 'Authors.first_name';
INSERT INTO "SqlQuery" ("queryId", "userId", "issuedAt", "finishedAt", "hasError", "errorMessage", "statement", "projectId", "queryTypeId")
    VALUES ('1034', '12', '2023-04-17 22:07:11.406579', '2023-04-17 22:07:15.406579', 'False', 'None', 'SELECT Publishers.publisher_id, Authors.first_name FROM Publishers NATURAL JOIN Authors ON Publishers.publisher_id = Authors.first_name;', '3', '1');
INSERT INTO "QueryColumnAccess" ("queryId", "columnId")
    VALUES ('1034', '1');
INSERT INTO "QueryColumnAccess" ("queryId", "columnId")
    VALUES ('1034', '2');
INSERT INTO "QueryTableAccess" ("queryId", "tableId")
    VALUES ('1034', '3');
INSERT INTO "QueryTableAccess" ("queryId", "tableId")
    VALUES ('1034', '2');
SELECT 'Customers.city', 'Authors.first_name' FROM Customers LEFT OUTER JOIN Authors ON 'Customers.city' = 'Authors.first_name';
INSERT INTO "SqlQuery" ("queryId", "userId", "issuedAt", "finishedAt", "hasError", "errorMessage", "statement", "projectId", "queryTypeId")
    VALUES ('1035', '2', '2023-04-19 22:07:11.406588', '2023-04-19 22:07:12.406588', 'False', 'None', 'SELECT Customers.city, Authors.first_name FROM Customers LEFT OUTER JOIN Authors ON Customers.city = Authors.first_name;', '3', '1');
INSERT INTO "QueryColumnAccess" ("queryId", "columnId")
    VALUES ('1035', '7');
INSERT INTO "QueryColumnAccess" ("queryId", "columnId")
    VALUES ('1035', '2');
INSERT INTO "QueryTableAccess" ("queryId", "tableId")
    VALUES ('1035', '4');
INSERT INTO "QueryTableAccess" ("queryId", "tableId")
    VALUES ('1035', '2');
SELECT 'Customers.country', 'Books.publisher' FROM Customers LEFT OUTER JOIN Books ON 'Customers.country' = 'Books.publisher';
INSERT INTO "SqlQuery" ("queryId", "userId", "issuedAt", "finishedAt", "hasError", "errorMessage", "statement", "projectId", "queryTypeId")
    VALUES ('1036', '6', '2023-05-08 22:07:11.406597', '2023-05-08 22:07:15.406597', 'False', 'None', 'SELECT Customers.country, Books.publisher FROM Customers LEFT OUTER JOIN Books ON Customers.country = Books.publisher;', '3', '1');
INSERT INTO "QueryColumnAccess" ("queryId", "columnId")
    VALUES ('1036', '10');
INSERT INTO "QueryColumnAccess" ("queryId", "columnId")
    VALUES ('1036', '5');
INSERT INTO "QueryTableAccess" ("queryId", "tableId")
    VALUES ('1036', '4');
INSERT INTO "QueryTableAccess" ("queryId", "tableId")
    VALUES ('1036', '1');
SELECT 'Customers.first_name', 'Orders.shipping_state' FROM Customers LEFT OUTER JOIN Orders ON 'Customers.first_name' = 'Orders.shipping_state';
INSERT INTO "SqlQuery" ("queryId", "userId", "issuedAt", "finishedAt", "hasError", "errorMessage", "statement", "projectId", "queryTypeId")
    VALUES ('1037', '4', '2023-06-29 22:07:11.406606', '2023-06-29 22:07:14.406606', 'False', 'None', 'SELECT Customers.first_name, Orders.shipping_state FROM Customers LEFT OUTER JOIN Orders ON Customers.first_name = Orders.shipping_state;', '3', '1');
INSERT INTO "QueryColumnAccess" ("queryId", "columnId")
    VALUES ('1037', '2');
INSERT INTO "QueryColumnAccess" ("queryId", "columnId")
    VALUES ('1037', '8');
INSERT INTO "QueryTableAccess" ("queryId", "tableId")
    VALUES ('1037', '4');
INSERT INTO "QueryTableAccess" ("queryId", "tableId")
    VALUES ('1037', '5');
SELECT 'Publishers.website', 'Books.publisher' FROM Publishers RIGHT OUTER JOIN Books ON 'Publishers.website' = 'Books.publisher';
INSERT INTO "SqlQuery" ("queryId", "userId", "issuedAt", "finishedAt", "hasError", "errorMessage", "statement", "projectId", "queryTypeId")
    VALUES ('1038', '8', '2023-05-22 22:07:11.406615', '2023-05-22 22:07:15.406615', 'False', 'None', 'SELECT Publishers.website, Books.publisher FROM Publishers RIGHT OUTER JOIN Books ON Publishers.website = Books.publisher;', '3', '1');
INSERT INTO "QueryColumnAccess" ("queryId", "columnId")
    VALUES ('1038', '5');
INSERT INTO "QueryColumnAccess" ("queryId", "columnId")
    VALUES ('1038', '5');
INSERT INTO "QueryTableAccess" ("queryId", "tableId")
    VALUES ('1038', '3');
INSERT INTO "QueryTableAccess" ("queryId", "tableId")
    VALUES ('1038', '1');
SELECT 'Books.price', 'Orders.shipping_city' FROM Books NATURAL JOIN Orders ON 'Books.price' = 'Orders.shipping_city';
INSERT INTO "SqlQuery" ("queryId", "userId", "issuedAt", "finishedAt", "hasError", "errorMessage", "statement", "projectId", "queryTypeId")
    VALUES ('1039', '5', '2023-04-13 22:07:11.406632', '2023-04-13 22:07:15.406632', 'False', 'None', 'SELECT Books.price, Orders.shipping_city FROM Books NATURAL JOIN Orders ON Books.price = Orders.shipping_city;', '3', '1');
INSERT INTO "QueryColumnAccess" ("queryId", "columnId")
    VALUES ('1039', '6');
INSERT INTO "QueryColumnAccess" ("queryId", "columnId")
    VALUES ('1039', '7');
INSERT INTO "QueryTableAccess" ("queryId", "tableId")
    VALUES ('1039', '1');
INSERT INTO "QueryTableAccess" ("queryId", "tableId")
    VALUES ('1039', '5');
SELECT 'Authors.first_name', 'Publishers.publisher_name' FROM Authors RIGHT OUTER JOIN Publishers ON 'Authors.first_name' = 'Publishers.publisher_name';
INSERT INTO "SqlQuery" ("queryId", "userId", "issuedAt", "finishedAt", "hasError", "errorMessage", "statement", "projectId", "queryTypeId")
    VALUES ('1040', '15', '2023-05-29 22:07:11.406642', '2023-05-29 22:07:15.406642', 'False', 'None', 'SELECT Authors.first_name, Publishers.publisher_name FROM Authors RIGHT OUTER JOIN Publishers ON Authors.first_name = Publishers.publisher_name;', '3', '1');
INSERT INTO "QueryColumnAccess" ("queryId", "columnId")
    VALUES ('1040', '2');
INSERT INTO "QueryColumnAccess" ("queryId", "columnId")
    VALUES ('1040', '2');
INSERT INTO "QueryTableAccess" ("queryId", "tableId")
    VALUES ('1040', '2');
INSERT INTO "QueryTableAccess" ("queryId", "tableId")
    VALUES ('1040', '3');
SELECT 'Orders.shipping_zip_code', 'Publishers.established_date' FROM Orders LEFT OUTER JOIN Publishers ON 'Orders.shipping_zip_code' = 'Publishers.established_date';
INSERT INTO "SqlQuery" ("queryId", "userId", "issuedAt", "finishedAt", "hasError", "errorMessage", "statement", "projectId", "queryTypeId")
    VALUES ('1041', '6', '2023-05-24 22:07:11.406651', '2023-05-24 22:07:15.406651', 'False', 'None', 'SELECT Orders.shipping_zip_code, Publishers.established_date FROM Orders LEFT OUTER JOIN Publishers ON Orders.shipping_zip_code = Publishers.established_date;', '3', '1');
INSERT INTO "QueryColumnAccess" ("queryId", "columnId")
    VALUES ('1041', '9');
INSERT INTO "QueryColumnAccess" ("queryId", "columnId")
    VALUES ('1041', '3');
INSERT INTO "QueryTableAccess" ("queryId", "tableId")
    VALUES ('1041', '5');
INSERT INTO "QueryTableAccess" ("queryId", "tableId")
    VALUES ('1041', '3');
SELECT 'Books.publisher', 'Customers.first_name' FROM Books RIGHT OUTER JOIN Customers ON 'Books.publisher' = 'Customers.first_name';
INSERT INTO "SqlQuery" ("queryId", "userId", "issuedAt", "finishedAt", "hasError", "errorMessage", "statement", "projectId", "queryTypeId")
    VALUES ('1042', '8', '2023-05-31 22:07:11.406660', '2023-05-31 22:07:12.406660', 'False', 'None', 'SELECT Books.publisher, Customers.first_name FROM Books RIGHT OUTER JOIN Customers ON Books.publisher = Customers.first_name;', '3', '1');
INSERT INTO "QueryColumnAccess" ("queryId", "columnId")
    VALUES ('1042', '5');
INSERT INTO "QueryColumnAccess" ("queryId", "columnId")
    VALUES ('1042', '2');
INSERT INTO "QueryTableAccess" ("queryId", "tableId")
    VALUES ('1042', '1');
INSERT INTO "QueryTableAccess" ("queryId", "tableId")
    VALUES ('1042', '4');
SELECT 'Authors.last_name', 'Orders.shipping_state' FROM Authors LEFT OUTER JOIN Orders ON 'Authors.last_name' = 'Orders.shipping_state';
INSERT INTO "SqlQuery" ("queryId", "userId", "issuedAt", "finishedAt", "hasError", "errorMessage", "statement", "projectId", "queryTypeId")
    VALUES ('1043', '6', '2023-06-20 22:07:11.406668', '2023-06-20 22:07:13.406668', 'False', 'None', 'SELECT Authors.last_name, Orders.shipping_state FROM Authors LEFT OUTER JOIN Orders ON Authors.last_name = Orders.shipping_state;', '3', '1');
INSERT INTO "QueryColumnAccess" ("queryId", "columnId")
    VALUES ('1043', '3');
INSERT INTO "QueryColumnAccess" ("queryId", "columnId")
    VALUES ('1043', '8');
INSERT INTO "QueryTableAccess" ("queryId", "tableId")
    VALUES ('1043', '2');
INSERT INTO "QueryTableAccess" ("queryId", "tableId")
    VALUES ('1043', '5');
SELECT 'Authors.birth_date', 'Publishers.publisher_id' FROM Authors NATURAL JOIN Publishers ON 'Authors.birth_date' = 'Publishers.publisher_id';
INSERT INTO "SqlQuery" ("queryId", "userId", "issuedAt", "finishedAt", "hasError", "errorMessage", "statement", "projectId", "queryTypeId")
    VALUES ('1044', '14', '2023-06-10 22:07:11.406677', '2023-06-10 22:07:13.406677', 'False', 'None', 'SELECT Authors.birth_date, Publishers.publisher_id FROM Authors NATURAL JOIN Publishers ON Authors.birth_date = Publishers.publisher_id;', '3', '1');
INSERT INTO "QueryColumnAccess" ("queryId", "columnId")
    VALUES ('1044', '4');
INSERT INTO "QueryColumnAccess" ("queryId", "columnId")
    VALUES ('1044', '1');
INSERT INTO "QueryTableAccess" ("queryId", "tableId")
    VALUES ('1044', '2');
INSERT INTO "QueryTableAccess" ("queryId", "tableId")
    VALUES ('1044', '3');
SELECT 'Books.publisher', 'Publishers.website' FROM Books RIGHT OUTER JOIN Publishers ON 'Books.publisher' = 'Publishers.website';
INSERT INTO "SqlQuery" ("queryId", "userId", "issuedAt", "finishedAt", "hasError", "errorMessage", "statement", "projectId", "queryTypeId")
    VALUES ('1045', '1', '2023-07-07 22:07:11.406686', '2023-07-07 22:07:14.406686', 'False', 'None', 'SELECT Books.publisher, Publishers.website FROM Books RIGHT OUTER JOIN Publishers ON Books.publisher = Publishers.website;', '3', '1');
INSERT INTO "QueryColumnAccess" ("queryId", "columnId")
    VALUES ('1045', '5');
INSERT INTO "QueryColumnAccess" ("queryId", "columnId")
    VALUES ('1045', '5');
INSERT INTO "QueryTableAccess" ("queryId", "tableId")
    VALUES ('1045', '1');
INSERT INTO "QueryTableAccess" ("queryId", "tableId")
    VALUES ('1045', '3');
SELECT 'Orders.order_date', 'Books.category_id' FROM Orders RIGHT OUTER JOIN Books ON 'Orders.order_date' = 'Books.category_id';
INSERT INTO "SqlQuery" ("queryId", "userId", "issuedAt", "finishedAt", "hasError", "errorMessage", "statement", "projectId", "queryTypeId")
    VALUES ('1046', '12', '2023-06-21 22:07:11.406694', '2023-06-21 22:07:13.406694', 'False', 'None', 'SELECT Orders.order_date, Books.category_id FROM Orders RIGHT OUTER JOIN Books ON Orders.order_date = Books.category_id;', '3', '1');
INSERT INTO "QueryColumnAccess" ("queryId", "columnId")
    VALUES ('1046', '3');
INSERT INTO "QueryColumnAccess" ("queryId", "columnId")
    VALUES ('1046', '7');
INSERT INTO "QueryTableAccess" ("queryId", "tableId")
    VALUES ('1046', '5');
INSERT INTO "QueryTableAccess" ("queryId", "tableId")
    VALUES ('1046', '1');
SELECT 'Publishers.established_date', 'Authors.country' FROM Publishers NATURAL JOIN Authors ON 'Publishers.established_date' = 'Authors.country';
INSERT INTO "SqlQuery" ("queryId", "userId", "issuedAt", "finishedAt", "hasError", "errorMessage", "statement", "projectId", "queryTypeId")
    VALUES ('1047', '4', '2023-06-18 22:07:11.406703', '2023-06-18 22:07:13.406703', 'False', 'None', 'SELECT Publishers.established_date, Authors.country FROM Publishers NATURAL JOIN Authors ON Publishers.established_date = Authors.country;', '3', '1');
INSERT INTO "QueryColumnAccess" ("queryId", "columnId")
    VALUES ('1047', '3');
INSERT INTO "QueryColumnAccess" ("queryId", "columnId")
    VALUES ('1047', '5');
INSERT INTO "QueryTableAccess" ("queryId", "tableId")
    VALUES ('1047', '3');
INSERT INTO "QueryTableAccess" ("queryId", "tableId")
    VALUES ('1047', '2');
SELECT 'Publishers.publisher_id', 'Customers.phone_number' FROM Publishers NATURAL JOIN Customers ON 'Publishers.publisher_id' = 'Customers.phone_number';
INSERT INTO "SqlQuery" ("queryId", "userId", "issuedAt", "finishedAt", "hasError", "errorMessage", "statement", "projectId", "queryTypeId")
    VALUES ('1048', '11', '2023-05-13 22:07:11.406712', '2023-05-13 22:07:15.406712', 'False', 'None', 'SELECT Publishers.publisher_id, Customers.phone_number FROM Publishers NATURAL JOIN Customers ON Publishers.publisher_id = Customers.phone_number;', '3', '1');
INSERT INTO "QueryColumnAccess" ("queryId", "columnId")
    VALUES ('1048', '1');
INSERT INTO "QueryColumnAccess" ("queryId", "columnId")
    VALUES ('1048', '5');
INSERT INTO "QueryTableAccess" ("queryId", "tableId")
    VALUES ('1048', '3');
INSERT INTO "QueryTableAccess" ("queryId", "tableId")
    VALUES ('1048', '4');
SELECT 'Books.publication_date', 'Orders.status' FROM Books NATURAL JOIN Orders ON 'Books.publication_date' = 'Orders.status';
INSERT INTO "SqlQuery" ("queryId", "userId", "issuedAt", "finishedAt", "hasError", "errorMessage", "statement", "projectId", "queryTypeId")
    VALUES ('1049', '10', '2023-06-03 22:07:11.406728', '2023-06-03 22:07:13.406728', 'False', 'None', 'SELECT Books.publication_date, Orders.status FROM Books NATURAL JOIN Orders ON Books.publication_date = Orders.status;', '3', '1');
INSERT INTO "QueryColumnAccess" ("queryId", "columnId")
    VALUES ('1049', '4');
INSERT INTO "QueryColumnAccess" ("queryId", "columnId")
    VALUES ('1049', '5');
INSERT INTO "QueryTableAccess" ("queryId", "tableId")
    VALUES ('1049', '1');
INSERT INTO "QueryTableAccess" ("queryId", "tableId")
    VALUES ('1049', '5');
SELECT 'Customers.state', 'Books.title' FROM Customers RIGHT OUTER JOIN Books ON 'Customers.state' = 'Books.title';
INSERT INTO "SqlQuery" ("queryId", "userId", "issuedAt", "finishedAt", "hasError", "errorMessage", "statement", "projectId", "queryTypeId")
    VALUES ('1050', '13', '2023-05-21 22:07:11.406738', '2023-05-21 22:07:14.406738', 'False', 'None', 'SELECT Customers.state, Books.title FROM Customers RIGHT OUTER JOIN Books ON Customers.state = Books.title;', '3', '1');
INSERT INTO "QueryColumnAccess" ("queryId", "columnId")
    VALUES ('1050', '8');
INSERT INTO "QueryColumnAccess" ("queryId", "columnId")
    VALUES ('1050', '2');
INSERT INTO "QueryTableAccess" ("queryId", "tableId")
    VALUES ('1050', '4');
INSERT INTO "QueryTableAccess" ("queryId", "tableId")
    VALUES ('1050', '1');
SELECT 'Authors.first_name', 'Publishers.publisher_name' FROM Authors RIGHT OUTER JOIN Publishers ON 'Authors.first_name' = 'Publishers.publisher_name';
INSERT INTO "SqlQuery" ("queryId", "userId", "issuedAt", "finishedAt", "hasError", "errorMessage", "statement", "projectId", "queryTypeId")
    VALUES ('1051', '2', '2023-06-03 22:07:11.406746', '2023-06-03 22:07:12.406746', 'False', 'None', 'SELECT Authors.first_name, Publishers.publisher_name FROM Authors RIGHT OUTER JOIN Publishers ON Authors.first_name = Publishers.publisher_name;', '3', '1');
INSERT INTO "QueryColumnAccess" ("queryId", "columnId")
    VALUES ('1051', '2');
INSERT INTO "QueryColumnAccess" ("queryId", "columnId")
    VALUES ('1051', '2');
INSERT INTO "QueryTableAccess" ("queryId", "tableId")
    VALUES ('1051', '2');
INSERT INTO "QueryTableAccess" ("queryId", "tableId")
    VALUES ('1051', '3');
SELECT 'Books.category_id', 'Orders.shipping_country' FROM Books NATURAL JOIN Orders ON 'Books.category_id' = 'Orders.shipping_country';
INSERT INTO "SqlQuery" ("queryId", "userId", "issuedAt", "finishedAt", "hasError", "errorMessage", "statement", "projectId", "queryTypeId")
    VALUES ('1052', '3', '2023-07-05 22:07:11.406755', '2023-07-05 22:07:13.406755', 'False', 'None', 'SELECT Books.category_id, Orders.shipping_country FROM Books NATURAL JOIN Orders ON Books.category_id = Orders.shipping_country;', '3', '1');
INSERT INTO "QueryColumnAccess" ("queryId", "columnId")
    VALUES ('1052', '7');
INSERT INTO "QueryColumnAccess" ("queryId", "columnId")
    VALUES ('1052', '10');
INSERT INTO "QueryTableAccess" ("queryId", "tableId")
    VALUES ('1052', '1');
INSERT INTO "QueryTableAccess" ("queryId", "tableId")
    VALUES ('1052', '5');
SELECT 'Authors.author_id', 'Customers.last_name' FROM Authors NATURAL JOIN Customers ON 'Authors.author_id' = 'Customers.last_name';
INSERT INTO "SqlQuery" ("queryId", "userId", "issuedAt", "finishedAt", "hasError", "errorMessage", "statement", "projectId", "queryTypeId")
    VALUES ('1053', '1', '2023-06-09 22:07:11.406764', '2023-06-09 22:07:13.406764', 'False', 'None', 'SELECT Authors.author_id, Customers.last_name FROM Authors NATURAL JOIN Customers ON Authors.author_id = Customers.last_name;', '3', '1');
INSERT INTO "QueryColumnAccess" ("queryId", "columnId")
    VALUES ('1053', '1');
INSERT INTO "QueryColumnAccess" ("queryId", "columnId")
    VALUES ('1053', '3');
INSERT INTO "QueryTableAccess" ("queryId", "tableId")
    VALUES ('1053', '2');
INSERT INTO "QueryTableAccess" ("queryId", "tableId")
    VALUES ('1053', '4');
SELECT 'Orders.total_amount', 'Books.title' FROM Orders RIGHT OUTER JOIN Books ON 'Orders.total_amount' = 'Books.title';
INSERT INTO "SqlQuery" ("queryId", "userId", "issuedAt", "finishedAt", "hasError", "errorMessage", "statement", "projectId", "queryTypeId")
    VALUES ('1054', '12', '2023-04-25 22:07:11.406773', '2023-04-25 22:07:12.406773', 'False', 'None', 'SELECT Orders.total_amount, Books.title FROM Orders RIGHT OUTER JOIN Books ON Orders.total_amount = Books.title;', '3', '1');
INSERT INTO "QueryColumnAccess" ("queryId", "columnId")
    VALUES ('1054', '4');
INSERT INTO "QueryColumnAccess" ("queryId", "columnId")
    VALUES ('1054', '2');
INSERT INTO "QueryTableAccess" ("queryId", "tableId")
    VALUES ('1054', '5');
INSERT INTO "QueryTableAccess" ("queryId", "tableId")
    VALUES ('1054', '1');
SELECT 'Customers.phone_number', 'Books.title' FROM Customers NATURAL JOIN Books ON 'Customers.phone_number' = 'Books.title';
INSERT INTO "SqlQuery" ("queryId", "userId", "issuedAt", "finishedAt", "hasError", "errorMessage", "statement", "projectId", "queryTypeId")
    VALUES ('1055', '9', '2023-05-02 22:07:11.406781', '2023-05-02 22:07:13.406781', 'False', 'None', 'SELECT Customers.phone_number, Books.title FROM Customers NATURAL JOIN Books ON Customers.phone_number = Books.title;', '3', '1');
INSERT INTO "QueryColumnAccess" ("queryId", "columnId")
    VALUES ('1055', '5');
INSERT INTO "QueryColumnAccess" ("queryId", "columnId")
    VALUES ('1055', '2');
INSERT INTO "QueryTableAccess" ("queryId", "tableId")
    VALUES ('1055', '4');
INSERT INTO "QueryTableAccess" ("queryId", "tableId")
    VALUES ('1055', '1');
SELECT 'Books.title', 'Orders.shipping_zip_code' FROM Books LEFT OUTER JOIN Orders ON 'Books.title' = 'Orders.shipping_zip_code';
INSERT INTO "SqlQuery" ("queryId", "userId", "issuedAt", "finishedAt", "hasError", "errorMessage", "statement", "projectId", "queryTypeId")
    VALUES ('1056', '12', '2023-04-19 22:07:11.406790', '2023-04-19 22:07:13.406790', 'False', 'None', 'SELECT Books.title, Orders.shipping_zip_code FROM Books LEFT OUTER JOIN Orders ON Books.title = Orders.shipping_zip_code;', '3', '1');
INSERT INTO "QueryColumnAccess" ("queryId", "columnId")
    VALUES ('1056', '2');
INSERT INTO "QueryColumnAccess" ("queryId", "columnId")
    VALUES ('1056', '9');
INSERT INTO "QueryTableAccess" ("queryId", "tableId")
    VALUES ('1056', '1');
INSERT INTO "QueryTableAccess" ("queryId", "tableId")
    VALUES ('1056', '5');
SELECT 'Orders.shipping_zip_code', 'Authors.country' FROM Orders NATURAL JOIN Authors ON 'Orders.shipping_zip_code' = 'Authors.country';
INSERT INTO "SqlQuery" ("queryId", "userId", "issuedAt", "finishedAt", "hasError", "errorMessage", "statement", "projectId", "queryTypeId")
    VALUES ('1057', '3', '2023-05-31 22:07:11.406799', '2023-05-31 22:07:14.406799', 'False', 'None', 'SELECT Orders.shipping_zip_code, Authors.country FROM Orders NATURAL JOIN Authors ON Orders.shipping_zip_code = Authors.country;', '3', '1');
INSERT INTO "QueryColumnAccess" ("queryId", "columnId")
    VALUES ('1057', '9');
INSERT INTO "QueryColumnAccess" ("queryId", "columnId")
    VALUES ('1057', '5');
INSERT INTO "QueryTableAccess" ("queryId", "tableId")
    VALUES ('1057', '5');
INSERT INTO "QueryTableAccess" ("queryId", "tableId")
    VALUES ('1057', '2');
SELECT 'Books.title', 'Publishers.established_date' FROM Books RIGHT OUTER JOIN Publishers ON 'Books.title' = 'Publishers.established_date';
INSERT INTO "SqlQuery" ("queryId", "userId", "issuedAt", "finishedAt", "hasError", "errorMessage", "statement", "projectId", "queryTypeId")
    VALUES ('1058', '3', '2023-05-27 22:07:11.406816', '2023-05-27 22:07:13.406816', 'False', 'None', 'SELECT Books.title, Publishers.established_date FROM Books RIGHT OUTER JOIN Publishers ON Books.title = Publishers.established_date;', '3', '1');
INSERT INTO "QueryColumnAccess" ("queryId", "columnId")
    VALUES ('1058', '2');
INSERT INTO "QueryColumnAccess" ("queryId", "columnId")
    VALUES ('1058', '3');
INSERT INTO "QueryTableAccess" ("queryId", "tableId")
    VALUES ('1058', '1');
INSERT INTO "QueryTableAccess" ("queryId", "tableId")
    VALUES ('1058', '3');
SELECT 'Customers.first_name', 'Books.title' FROM Customers NATURAL JOIN Books ON 'Customers.first_name' = 'Books.title';
INSERT INTO "SqlQuery" ("queryId", "userId", "issuedAt", "finishedAt", "hasError", "errorMessage", "statement", "projectId", "queryTypeId")
    VALUES ('1059', '10', '2023-05-25 22:07:11.406825', '2023-05-25 22:07:14.406825', 'False', 'None', 'SELECT Customers.first_name, Books.title FROM Customers NATURAL JOIN Books ON Customers.first_name = Books.title;', '3', '1');
INSERT INTO "QueryColumnAccess" ("queryId", "columnId")
    VALUES ('1059', '2');
INSERT INTO "QueryColumnAccess" ("queryId", "columnId")
    VALUES ('1059', '2');
INSERT INTO "QueryTableAccess" ("queryId", "tableId")
    VALUES ('1059', '4');
INSERT INTO "QueryTableAccess" ("queryId", "tableId")
    VALUES ('1059', '1');
SELECT 'Orders.customer_id', 'Customers.address' FROM Orders NATURAL JOIN Customers ON 'Orders.customer_id' = 'Customers.address';
INSERT INTO "SqlQuery" ("queryId", "userId", "issuedAt", "finishedAt", "hasError", "errorMessage", "statement", "projectId", "queryTypeId")
    VALUES ('1060', '10', '2023-06-01 22:07:11.406834', '2023-06-01 22:07:14.406834', 'False', 'None', 'SELECT Orders.customer_id, Customers.address FROM Orders NATURAL JOIN Customers ON Orders.customer_id = Customers.address;', '3', '1');
INSERT INTO "QueryColumnAccess" ("queryId", "columnId")
    VALUES ('1060', '2');
INSERT INTO "QueryColumnAccess" ("queryId", "columnId")
    VALUES ('1060', '6');
INSERT INTO "QueryTableAccess" ("queryId", "tableId")
    VALUES ('1060', '5');
INSERT INTO "QueryTableAccess" ("queryId", "tableId")
    VALUES ('1060', '4');
SELECT 'Customers.first_name', 'Publishers.website' FROM Customers NATURAL JOIN Publishers ON 'Customers.first_name' = 'Publishers.website';
INSERT INTO "SqlQuery" ("queryId", "userId", "issuedAt", "finishedAt", "hasError", "errorMessage", "statement", "projectId", "queryTypeId")
    VALUES ('1061', '7', '2023-04-18 22:07:11.406842', '2023-04-18 22:07:13.406842', 'False', 'None', 'SELECT Customers.first_name, Publishers.website FROM Customers NATURAL JOIN Publishers ON Customers.first_name = Publishers.website;', '3', '1');
INSERT INTO "QueryColumnAccess" ("queryId", "columnId")
    VALUES ('1061', '2');
INSERT INTO "QueryColumnAccess" ("queryId", "columnId")
    VALUES ('1061', '5');
INSERT INTO "QueryTableAccess" ("queryId", "tableId")
    VALUES ('1061', '4');
INSERT INTO "QueryTableAccess" ("queryId", "tableId")
    VALUES ('1061', '3');
SELECT 'Publishers.established_date', 'Orders.order_id' FROM Publishers NATURAL JOIN Orders ON 'Publishers.established_date' = 'Orders.order_id';
INSERT INTO "SqlQuery" ("queryId", "userId", "issuedAt", "finishedAt", "hasError", "errorMessage", "statement", "projectId", "queryTypeId")
    VALUES ('1062', '5', '2023-05-30 22:07:11.406851', '2023-05-30 22:07:15.406851', 'False', 'None', 'SELECT Publishers.established_date, Orders.order_id FROM Publishers NATURAL JOIN Orders ON Publishers.established_date = Orders.order_id;', '3', '1');
INSERT INTO "QueryColumnAccess" ("queryId", "columnId")
    VALUES ('1062', '3');
INSERT INTO "QueryColumnAccess" ("queryId", "columnId")
    VALUES ('1062', '1');
INSERT INTO "QueryTableAccess" ("queryId", "tableId")
    VALUES ('1062', '3');
INSERT INTO "QueryTableAccess" ("queryId", "tableId")
    VALUES ('1062', '5');
SELECT 'Orders.order_id', 'Authors.first_name' FROM Orders NATURAL JOIN Authors ON 'Orders.order_id' = 'Authors.first_name';
INSERT INTO "SqlQuery" ("queryId", "userId", "issuedAt", "finishedAt", "hasError", "errorMessage", "statement", "projectId", "queryTypeId")
    VALUES ('1063', '1', '2023-06-12 22:07:11.406866', '2023-06-12 22:07:14.406866', 'False', 'None', 'SELECT Orders.order_id, Authors.first_name FROM Orders NATURAL JOIN Authors ON Orders.order_id = Authors.first_name;', '3', '1');
INSERT INTO "QueryColumnAccess" ("queryId", "columnId")
    VALUES ('1063', '1');
INSERT INTO "QueryColumnAccess" ("queryId", "columnId")
    VALUES ('1063', '2');
INSERT INTO "QueryTableAccess" ("queryId", "tableId")
    VALUES ('1063', '5');
INSERT INTO "QueryTableAccess" ("queryId", "tableId")
    VALUES ('1063', '2');
SELECT 'Customers.last_name', 'Orders.status' FROM Customers NATURAL JOIN Orders ON 'Customers.last_name' = 'Orders.status';
INSERT INTO "SqlQuery" ("queryId", "userId", "issuedAt", "finishedAt", "hasError", "errorMessage", "statement", "projectId", "queryTypeId")
    VALUES ('1064', '5', '2023-05-06 22:07:11.406876', '2023-05-06 22:07:13.406876', 'False', 'None', 'SELECT Customers.last_name, Orders.status FROM Customers NATURAL JOIN Orders ON Customers.last_name = Orders.status;', '3', '1');
INSERT INTO "QueryColumnAccess" ("queryId", "columnId")
    VALUES ('1064', '3');
INSERT INTO "QueryColumnAccess" ("queryId", "columnId")
    VALUES ('1064', '5');
INSERT INTO "QueryTableAccess" ("queryId", "tableId")
    VALUES ('1064', '4');
INSERT INTO "QueryTableAccess" ("queryId", "tableId")
    VALUES ('1064', '5');
SELECT 'Authors.country', 'Customers.city' FROM Authors NATURAL JOIN Customers ON 'Authors.country' = 'Customers.city';
INSERT INTO "SqlQuery" ("queryId", "userId", "issuedAt", "finishedAt", "hasError", "errorMessage", "statement", "projectId", "queryTypeId")
    VALUES ('1065', '14', '2023-06-29 22:07:11.406884', '2023-06-29 22:07:12.406884', 'False', 'None', 'SELECT Authors.country, Customers.city FROM Authors NATURAL JOIN Customers ON Authors.country = Customers.city;', '3', '1');
INSERT INTO "QueryColumnAccess" ("queryId", "columnId")
    VALUES ('1065', '5');
INSERT INTO "QueryColumnAccess" ("queryId", "columnId")
    VALUES ('1065', '7');
INSERT INTO "QueryTableAccess" ("queryId", "tableId")
    VALUES ('1065', '2');
INSERT INTO "QueryTableAccess" ("queryId", "tableId")
    VALUES ('1065', '4');
SELECT 'Authors.country', 'Books.price' FROM Authors RIGHT OUTER JOIN Books ON 'Authors.country' = 'Books.price';
INSERT INTO "SqlQuery" ("queryId", "userId", "issuedAt", "finishedAt", "hasError", "errorMessage", "statement", "projectId", "queryTypeId")
    VALUES ('1066', '15', '2023-07-07 22:07:11.406894', '2023-07-07 22:07:14.406894', 'False', 'None', 'SELECT Authors.country, Books.price FROM Authors RIGHT OUTER JOIN Books ON Authors.country = Books.price;', '3', '1');
INSERT INTO "QueryColumnAccess" ("queryId", "columnId")
    VALUES ('1066', '5');
INSERT INTO "QueryColumnAccess" ("queryId", "columnId")
    VALUES ('1066', '6');
INSERT INTO "QueryTableAccess" ("queryId", "tableId")
    VALUES ('1066', '2');
INSERT INTO "QueryTableAccess" ("queryId", "tableId")
    VALUES ('1066', '1');
SELECT 'Orders.order_id', 'Authors.birth_date' FROM Orders RIGHT OUTER JOIN Authors ON 'Orders.order_id' = 'Authors.birth_date';
INSERT INTO "SqlQuery" ("queryId", "userId", "issuedAt", "finishedAt", "hasError", "errorMessage", "statement", "projectId", "queryTypeId")
    VALUES ('1067', '8', '2023-05-23 22:07:11.406903', '2023-05-23 22:07:15.406903', 'False', 'None', 'SELECT Orders.order_id, Authors.birth_date FROM Orders RIGHT OUTER JOIN Authors ON Orders.order_id = Authors.birth_date;', '3', '1');
INSERT INTO "QueryColumnAccess" ("queryId", "columnId")
    VALUES ('1067', '1');
INSERT INTO "QueryColumnAccess" ("queryId", "columnId")
    VALUES ('1067', '4');
INSERT INTO "QueryTableAccess" ("queryId", "tableId")
    VALUES ('1067', '5');
INSERT INTO "QueryTableAccess" ("queryId", "tableId")
    VALUES ('1067', '2');
SELECT 'Customers.email', 'Orders.shipping_country' FROM Customers NATURAL JOIN Orders ON 'Customers.email' = 'Orders.shipping_country';
INSERT INTO "SqlQuery" ("queryId", "userId", "issuedAt", "finishedAt", "hasError", "errorMessage", "statement", "projectId", "queryTypeId")
    VALUES ('1068', '1', '2023-07-07 22:07:11.406919', '2023-07-07 22:07:13.406919', 'False', 'None', 'SELECT Customers.email, Orders.shipping_country FROM Customers NATURAL JOIN Orders ON Customers.email = Orders.shipping_country;', '3', '1');
INSERT INTO "QueryColumnAccess" ("queryId", "columnId")
    VALUES ('1068', '4');
INSERT INTO "QueryColumnAccess" ("queryId", "columnId")
    VALUES ('1068', '10');
INSERT INTO "QueryTableAccess" ("queryId", "tableId")
    VALUES ('1068', '4');
INSERT INTO "QueryTableAccess" ("queryId", "tableId")
    VALUES ('1068', '5');
SELECT 'Authors.birth_date', 'Orders.order_id' FROM Authors RIGHT OUTER JOIN Orders ON 'Authors.birth_date' = 'Orders.order_id';
INSERT INTO "SqlQuery" ("queryId", "userId", "issuedAt", "finishedAt", "hasError", "errorMessage", "statement", "projectId", "queryTypeId")
    VALUES ('1069', '1', '2023-06-09 22:07:11.406929', '2023-06-09 22:07:15.406929', 'False', 'None', 'SELECT Authors.birth_date, Orders.order_id FROM Authors RIGHT OUTER JOIN Orders ON Authors.birth_date = Orders.order_id;', '3', '1');
INSERT INTO "QueryColumnAccess" ("queryId", "columnId")
    VALUES ('1069', '4');
INSERT INTO "QueryColumnAccess" ("queryId", "columnId")
    VALUES ('1069', '1');
INSERT INTO "QueryTableAccess" ("queryId", "tableId")
    VALUES ('1069', '2');
INSERT INTO "QueryTableAccess" ("queryId", "tableId")
    VALUES ('1069', '5');
SELECT 'Publishers.website', 'Books.author' FROM Publishers RIGHT OUTER JOIN Books ON 'Publishers.website' = 'Books.author';
INSERT INTO "SqlQuery" ("queryId", "userId", "issuedAt", "finishedAt", "hasError", "errorMessage", "statement", "projectId", "queryTypeId")
    VALUES ('1070', '6', '2023-04-17 22:07:11.406937', '2023-04-17 22:07:13.406937', 'False', 'None', 'SELECT Publishers.website, Books.author FROM Publishers RIGHT OUTER JOIN Books ON Publishers.website = Books.author;', '3', '1');
INSERT INTO "QueryColumnAccess" ("queryId", "columnId")
    VALUES ('1070', '5');
INSERT INTO "QueryColumnAccess" ("queryId", "columnId")
    VALUES ('1070', '3');
INSERT INTO "QueryTableAccess" ("queryId", "tableId")
    VALUES ('1070', '3');
INSERT INTO "QueryTableAccess" ("queryId", "tableId")
    VALUES ('1070', '1');
SELECT 'Publishers.established_date', 'Customers.phone_number' FROM Publishers RIGHT OUTER JOIN Customers ON 'Publishers.established_date' = 'Customers.phone_number';
INSERT INTO "SqlQuery" ("queryId", "userId", "issuedAt", "finishedAt", "hasError", "errorMessage", "statement", "projectId", "queryTypeId")
    VALUES ('1071', '6', '2023-05-13 22:07:11.406946', '2023-05-13 22:07:12.406946', 'False', 'None', 'SELECT Publishers.established_date, Customers.phone_number FROM Publishers RIGHT OUTER JOIN Customers ON Publishers.established_date = Customers.phone_number;', '3', '1');
INSERT INTO "QueryColumnAccess" ("queryId", "columnId")
    VALUES ('1071', '3');
INSERT INTO "QueryColumnAccess" ("queryId", "columnId")
    VALUES ('1071', '5');
INSERT INTO "QueryTableAccess" ("queryId", "tableId")
    VALUES ('1071', '3');
INSERT INTO "QueryTableAccess" ("queryId", "tableId")
    VALUES ('1071', '4');
SELECT 'Books.title', 'Publishers.country' FROM Books NATURAL JOIN Publishers ON 'Books.title' = 'Publishers.country';
INSERT INTO "SqlQuery" ("queryId", "userId", "issuedAt", "finishedAt", "hasError", "errorMessage", "statement", "projectId", "queryTypeId")
    VALUES ('1072', '12', '2023-07-07 22:07:11.406955', '2023-07-07 22:07:12.406955', 'False', 'None', 'SELECT Books.title, Publishers.country FROM Books NATURAL JOIN Publishers ON Books.title = Publishers.country;', '3', '1');
INSERT INTO "QueryColumnAccess" ("queryId", "columnId")
    VALUES ('1072', '2');
INSERT INTO "QueryColumnAccess" ("queryId", "columnId")
    VALUES ('1072', '4');
INSERT INTO "QueryTableAccess" ("queryId", "tableId")
    VALUES ('1072', '1');
INSERT INTO "QueryTableAccess" ("queryId", "tableId")
    VALUES ('1072', '3');
SELECT 'Publishers.website', 'Authors.birth_date' FROM Publishers NATURAL JOIN Authors ON 'Publishers.website' = 'Authors.birth_date';
INSERT INTO "SqlQuery" ("queryId", "userId", "issuedAt", "finishedAt", "hasError", "errorMessage", "statement", "projectId", "queryTypeId")
    VALUES ('1073', '1', '2023-05-06 22:07:11.406964', '2023-05-06 22:07:14.406964', 'False', 'None', 'SELECT Publishers.website, Authors.birth_date FROM Publishers NATURAL JOIN Authors ON Publishers.website = Authors.birth_date;', '3', '1');
INSERT INTO "QueryColumnAccess" ("queryId", "columnId")
    VALUES ('1073', '5');
INSERT INTO "QueryColumnAccess" ("queryId", "columnId")
    VALUES ('1073', '4');
INSERT INTO "QueryTableAccess" ("queryId", "tableId")
    VALUES ('1073', '3');
INSERT INTO "QueryTableAccess" ("queryId", "tableId")
    VALUES ('1073', '2');
SELECT 'Publishers.publisher_name', 'Customers.zip_code' FROM Publishers RIGHT OUTER JOIN Customers ON 'Publishers.publisher_name' = 'Customers.zip_code';
INSERT INTO "SqlQuery" ("queryId", "userId", "issuedAt", "finishedAt", "hasError", "errorMessage", "statement", "projectId", "queryTypeId")
    VALUES ('1074', '10', '2023-05-26 22:07:11.406973', '2023-05-26 22:07:13.406973', 'False', 'None', 'SELECT Publishers.publisher_name, Customers.zip_code FROM Publishers RIGHT OUTER JOIN Customers ON Publishers.publisher_name = Customers.zip_code;', '3', '1');
INSERT INTO "QueryColumnAccess" ("queryId", "columnId")
    VALUES ('1074', '2');
INSERT INTO "QueryColumnAccess" ("queryId", "columnId")
    VALUES ('1074', '9');
INSERT INTO "QueryTableAccess" ("queryId", "tableId")
    VALUES ('1074', '3');
INSERT INTO "QueryTableAccess" ("queryId", "tableId")
    VALUES ('1074', '4');
SELECT 'Authors.first_name', 'Customers.state' FROM Authors LEFT OUTER JOIN Customers ON 'Authors.first_name' = 'Customers.state';
INSERT INTO "SqlQuery" ("queryId", "userId", "issuedAt", "finishedAt", "hasError", "errorMessage", "statement", "projectId", "queryTypeId")
    VALUES ('1075', '15', '2023-06-08 22:07:11.406982', '2023-06-08 22:07:13.406982', 'False', 'None', 'SELECT Authors.first_name, Customers.state FROM Authors LEFT OUTER JOIN Customers ON Authors.first_name = Customers.state;', '3', '1');
INSERT INTO "QueryColumnAccess" ("queryId", "columnId")
    VALUES ('1075', '2');
INSERT INTO "QueryColumnAccess" ("queryId", "columnId")
    VALUES ('1075', '8');
INSERT INTO "QueryTableAccess" ("queryId", "tableId")
    VALUES ('1075', '2');
INSERT INTO "QueryTableAccess" ("queryId", "tableId")
    VALUES ('1075', '4');
SELECT 'Books.title', 'Publishers.publisher_id' FROM Books LEFT OUTER JOIN Publishers ON 'Books.title' = 'Publishers.publisher_id';
INSERT INTO "SqlQuery" ("queryId", "userId", "issuedAt", "finishedAt", "hasError", "errorMessage", "statement", "projectId", "queryTypeId")
    VALUES ('1076', '5', '2023-06-19 22:07:11.406990', '2023-06-19 22:07:13.406990', 'False', 'None', 'SELECT Books.title, Publishers.publisher_id FROM Books LEFT OUTER JOIN Publishers ON Books.title = Publishers.publisher_id;', '3', '1');
INSERT INTO "QueryColumnAccess" ("queryId", "columnId")
    VALUES ('1076', '2');
INSERT INTO "QueryColumnAccess" ("queryId", "columnId")
    VALUES ('1076', '1');
INSERT INTO "QueryTableAccess" ("queryId", "tableId")
    VALUES ('1076', '1');
INSERT INTO "QueryTableAccess" ("queryId", "tableId")
    VALUES ('1076', '3');
SELECT 'Publishers.publisher_id', 'Authors.author_id' FROM Publishers NATURAL JOIN Authors ON 'Publishers.publisher_id' = 'Authors.author_id';
INSERT INTO "SqlQuery" ("queryId", "userId", "issuedAt", "finishedAt", "hasError", "errorMessage", "statement", "projectId", "queryTypeId")
    VALUES ('1077', '5', '2023-04-12 22:07:11.406999', '2023-04-12 22:07:14.406999', 'False', 'None', 'SELECT Publishers.publisher_id, Authors.author_id FROM Publishers NATURAL JOIN Authors ON Publishers.publisher_id = Authors.author_id;', '3', '1');
INSERT INTO "QueryColumnAccess" ("queryId", "columnId")
    VALUES ('1077', '1');
INSERT INTO "QueryColumnAccess" ("queryId", "columnId")
    VALUES ('1077', '1');
INSERT INTO "QueryTableAccess" ("queryId", "tableId")
    VALUES ('1077', '3');
INSERT INTO "QueryTableAccess" ("queryId", "tableId")
    VALUES ('1077', '2');
SELECT 'Orders.status', 'Publishers.country' FROM Orders LEFT OUTER JOIN Publishers ON 'Orders.status' = 'Publishers.country';
INSERT INTO "SqlQuery" ("queryId", "userId", "issuedAt", "finishedAt", "hasError", "errorMessage", "statement", "projectId", "queryTypeId")
    VALUES ('1078', '6', '2023-05-18 22:07:11.407017', '2023-05-18 22:07:12.407017', 'False', 'None', 'SELECT Orders.status, Publishers.country FROM Orders LEFT OUTER JOIN Publishers ON Orders.status = Publishers.country;', '3', '1');
INSERT INTO "QueryColumnAccess" ("queryId", "columnId")
    VALUES ('1078', '5');
INSERT INTO "QueryColumnAccess" ("queryId", "columnId")
    VALUES ('1078', '4');
INSERT INTO "QueryTableAccess" ("queryId", "tableId")
    VALUES ('1078', '5');
INSERT INTO "QueryTableAccess" ("queryId", "tableId")
    VALUES ('1078', '3');
SELECT 'Customers.city', 'Books.price' FROM Customers NATURAL JOIN Books ON 'Customers.city' = 'Books.price';
INSERT INTO "SqlQuery" ("queryId", "userId", "issuedAt", "finishedAt", "hasError", "errorMessage", "statement", "projectId", "queryTypeId")
    VALUES ('1079', '5', '2023-07-01 22:07:11.407026', '2023-07-01 22:07:12.407026', 'False', 'None', 'SELECT Customers.city, Books.price FROM Customers NATURAL JOIN Books ON Customers.city = Books.price;', '3', '1');
INSERT INTO "QueryColumnAccess" ("queryId", "columnId")
    VALUES ('1079', '7');
INSERT INTO "QueryColumnAccess" ("queryId", "columnId")
    VALUES ('1079', '6');
INSERT INTO "QueryTableAccess" ("queryId", "tableId")
    VALUES ('1079', '4');
INSERT INTO "QueryTableAccess" ("queryId", "tableId")
    VALUES ('1079', '1');
SELECT 'Authors.author_id', 'Customers.country' FROM Authors RIGHT OUTER JOIN Customers ON 'Authors.author_id' = 'Customers.country';
INSERT INTO "SqlQuery" ("queryId", "userId", "issuedAt", "finishedAt", "hasError", "errorMessage", "statement", "projectId", "queryTypeId")
    VALUES ('1080', '11', '2023-05-29 22:07:11.407035', '2023-05-29 22:07:13.407035', 'False', 'None', 'SELECT Authors.author_id, Customers.country FROM Authors RIGHT OUTER JOIN Customers ON Authors.author_id = Customers.country;', '3', '1');
INSERT INTO "QueryColumnAccess" ("queryId", "columnId")
    VALUES ('1080', '1');
INSERT INTO "QueryColumnAccess" ("queryId", "columnId")
    VALUES ('1080', '10');
INSERT INTO "QueryTableAccess" ("queryId", "tableId")
    VALUES ('1080', '2');
INSERT INTO "QueryTableAccess" ("queryId", "tableId")
    VALUES ('1080', '4');
SELECT 'Books.book_id', 'Publishers.publisher_id' FROM Books NATURAL JOIN Publishers ON 'Books.book_id' = 'Publishers.publisher_id';
INSERT INTO "SqlQuery" ("queryId", "userId", "issuedAt", "finishedAt", "hasError", "errorMessage", "statement", "projectId", "queryTypeId")
    VALUES ('1081', '8', '2023-04-14 22:07:11.407043', '2023-04-14 22:07:12.407043', 'False', 'None', 'SELECT Books.book_id, Publishers.publisher_id FROM Books NATURAL JOIN Publishers ON Books.book_id = Publishers.publisher_id;', '3', '1');
INSERT INTO "QueryColumnAccess" ("queryId", "columnId")
    VALUES ('1081', '1');
INSERT INTO "QueryColumnAccess" ("queryId", "columnId")
    VALUES ('1081', '1');
INSERT INTO "QueryTableAccess" ("queryId", "tableId")
    VALUES ('1081', '1');
INSERT INTO "QueryTableAccess" ("queryId", "tableId")
    VALUES ('1081', '3');
SELECT 'Publishers.country', 'Customers.email' FROM Publishers LEFT OUTER JOIN Customers ON 'Publishers.country' = 'Customers.email';
INSERT INTO "SqlQuery" ("queryId", "userId", "issuedAt", "finishedAt", "hasError", "errorMessage", "statement", "projectId", "queryTypeId")
    VALUES ('1082', '12', '2023-04-22 22:07:11.407052', '2023-04-22 22:07:12.407052', 'False', 'None', 'SELECT Publishers.country, Customers.email FROM Publishers LEFT OUTER JOIN Customers ON Publishers.country = Customers.email;', '3', '1');
INSERT INTO "QueryColumnAccess" ("queryId", "columnId")
    VALUES ('1082', '4');
INSERT INTO "QueryColumnAccess" ("queryId", "columnId")
    VALUES ('1082', '4');
INSERT INTO "QueryTableAccess" ("queryId", "tableId")
    VALUES ('1082', '3');
INSERT INTO "QueryTableAccess" ("queryId", "tableId")
    VALUES ('1082', '4');
SELECT 'Books.book_id', 'Customers.last_name' FROM Books LEFT OUTER JOIN Customers ON 'Books.book_id' = 'Customers.last_name';
INSERT INTO "SqlQuery" ("queryId", "userId", "issuedAt", "finishedAt", "hasError", "errorMessage", "statement", "projectId", "queryTypeId")
    VALUES ('1083', '5', '2023-07-01 22:07:11.407061', '2023-07-01 22:07:13.407061', 'False', 'None', 'SELECT Books.book_id, Customers.last_name FROM Books LEFT OUTER JOIN Customers ON Books.book_id = Customers.last_name;', '3', '1');
INSERT INTO "QueryColumnAccess" ("queryId", "columnId")
    VALUES ('1083', '1');
INSERT INTO "QueryColumnAccess" ("queryId", "columnId")
    VALUES ('1083', '3');
INSERT INTO "QueryTableAccess" ("queryId", "tableId")
    VALUES ('1083', '1');
INSERT INTO "QueryTableAccess" ("queryId", "tableId")
    VALUES ('1083', '4');
SELECT 'Publishers.publisher_name', 'Books.category_id' FROM Publishers LEFT OUTER JOIN Books ON 'Publishers.publisher_name' = 'Books.category_id';
INSERT INTO "SqlQuery" ("queryId", "userId", "issuedAt", "finishedAt", "hasError", "errorMessage", "statement", "projectId", "queryTypeId")
    VALUES ('1084', '4', '2023-05-03 22:07:11.407069', '2023-05-03 22:07:12.407069', 'False', 'None', 'SELECT Publishers.publisher_name, Books.category_id FROM Publishers LEFT OUTER JOIN Books ON Publishers.publisher_name = Books.category_id;', '3', '1');
INSERT INTO "QueryColumnAccess" ("queryId", "columnId")
    VALUES ('1084', '2');
INSERT INTO "QueryColumnAccess" ("queryId", "columnId")
    VALUES ('1084', '7');
INSERT INTO "QueryTableAccess" ("queryId", "tableId")
    VALUES ('1084', '3');
INSERT INTO "QueryTableAccess" ("queryId", "tableId")
    VALUES ('1084', '1');
SELECT 'Authors.first_name', 'Customers.customer_id' FROM Authors LEFT OUTER JOIN Customers ON 'Authors.first_name' = 'Customers.customer_id';
INSERT INTO "SqlQuery" ("queryId", "userId", "issuedAt", "finishedAt", "hasError", "errorMessage", "statement", "projectId", "queryTypeId")
    VALUES ('1085', '10', '2023-06-11 22:07:11.407078', '2023-06-11 22:07:15.407078', 'False', 'None', 'SELECT Authors.first_name, Customers.customer_id FROM Authors LEFT OUTER JOIN Customers ON Authors.first_name = Customers.customer_id;', '3', '1');
INSERT INTO "QueryColumnAccess" ("queryId", "columnId")
    VALUES ('1085', '2');
INSERT INTO "QueryColumnAccess" ("queryId", "columnId")
    VALUES ('1085', '1');
INSERT INTO "QueryTableAccess" ("queryId", "tableId")
    VALUES ('1085', '2');
INSERT INTO "QueryTableAccess" ("queryId", "tableId")
    VALUES ('1085', '4');
SELECT 'Customers.address', 'Orders.customer_id' FROM Customers NATURAL JOIN Orders ON 'Customers.address' = 'Orders.customer_id';
INSERT INTO "SqlQuery" ("queryId", "userId", "issuedAt", "finishedAt", "hasError", "errorMessage", "statement", "projectId", "queryTypeId")
    VALUES ('1086', '11', '2023-05-01 22:07:11.407087', '2023-05-01 22:07:14.407087', 'False', 'None', 'SELECT Customers.address, Orders.customer_id FROM Customers NATURAL JOIN Orders ON Customers.address = Orders.customer_id;', '3', '1');
INSERT INTO "QueryColumnAccess" ("queryId", "columnId")
    VALUES ('1086', '6');
INSERT INTO "QueryColumnAccess" ("queryId", "columnId")
    VALUES ('1086', '2');
INSERT INTO "QueryTableAccess" ("queryId", "tableId")
    VALUES ('1086', '4');
INSERT INTO "QueryTableAccess" ("queryId", "tableId")
    VALUES ('1086', '5');
SELECT 'Books.category_id', 'Authors.country' FROM Books RIGHT OUTER JOIN Authors ON 'Books.category_id' = 'Authors.country';
INSERT INTO "SqlQuery" ("queryId", "userId", "issuedAt", "finishedAt", "hasError", "errorMessage", "statement", "projectId", "queryTypeId")
    VALUES ('1087', '8', '2023-05-27 22:07:11.407103', '2023-05-27 22:07:15.407103', 'False', 'None', 'SELECT Books.category_id, Authors.country FROM Books RIGHT OUTER JOIN Authors ON Books.category_id = Authors.country;', '3', '1');
INSERT INTO "QueryColumnAccess" ("queryId", "columnId")
    VALUES ('1087', '7');
INSERT INTO "QueryColumnAccess" ("queryId", "columnId")
    VALUES ('1087', '5');
INSERT INTO "QueryTableAccess" ("queryId", "tableId")
    VALUES ('1087', '1');
INSERT INTO "QueryTableAccess" ("queryId", "tableId")
    VALUES ('1087', '2');
SELECT 'Customers.customer_id', 'Orders.total_amount' FROM Customers LEFT OUTER JOIN Orders ON 'Customers.customer_id' = 'Orders.total_amount';
INSERT INTO "SqlQuery" ("queryId", "userId", "issuedAt", "finishedAt", "hasError", "errorMessage", "statement", "projectId", "queryTypeId")
    VALUES ('1088', '3', '2023-06-02 22:07:11.407112', '2023-06-02 22:07:14.407112', 'False', 'None', 'SELECT Customers.customer_id, Orders.total_amount FROM Customers LEFT OUTER JOIN Orders ON Customers.customer_id = Orders.total_amount;', '3', '1');
INSERT INTO "QueryColumnAccess" ("queryId", "columnId")
    VALUES ('1088', '1');
INSERT INTO "QueryColumnAccess" ("queryId", "columnId")
    VALUES ('1088', '4');
INSERT INTO "QueryTableAccess" ("queryId", "tableId")
    VALUES ('1088', '4');
INSERT INTO "QueryTableAccess" ("queryId", "tableId")
    VALUES ('1088', '5');
SELECT 'Publishers.country', 'Orders.shipping_address' FROM Publishers NATURAL JOIN Orders ON 'Publishers.country' = 'Orders.shipping_address';
INSERT INTO "SqlQuery" ("queryId", "userId", "issuedAt", "finishedAt", "hasError", "errorMessage", "statement", "projectId", "queryTypeId")
    VALUES ('1089', '4', '2023-06-24 22:07:11.407121', '2023-06-24 22:07:12.407121', 'False', 'None', 'SELECT Publishers.country, Orders.shipping_address FROM Publishers NATURAL JOIN Orders ON Publishers.country = Orders.shipping_address;', '3', '1');
INSERT INTO "QueryColumnAccess" ("queryId", "columnId")
    VALUES ('1089', '4');
INSERT INTO "QueryColumnAccess" ("queryId", "columnId")
    VALUES ('1089', '6');
INSERT INTO "QueryTableAccess" ("queryId", "tableId")
    VALUES ('1089', '3');
INSERT INTO "QueryTableAccess" ("queryId", "tableId")
    VALUES ('1089', '5');
SELECT 'Publishers.publisher_id', 'Customers.address' FROM Publishers RIGHT OUTER JOIN Customers ON 'Publishers.publisher_id' = 'Customers.address';
INSERT INTO "SqlQuery" ("queryId", "userId", "issuedAt", "finishedAt", "hasError", "errorMessage", "statement", "projectId", "queryTypeId")
    VALUES ('1090', '11', '2023-06-30 22:07:11.407130', '2023-06-30 22:07:15.407130', 'False', 'None', 'SELECT Publishers.publisher_id, Customers.address FROM Publishers RIGHT OUTER JOIN Customers ON Publishers.publisher_id = Customers.address;', '3', '1');
INSERT INTO "QueryColumnAccess" ("queryId", "columnId")
    VALUES ('1090', '1');
INSERT INTO "QueryColumnAccess" ("queryId", "columnId")
    VALUES ('1090', '6');
INSERT INTO "QueryTableAccess" ("queryId", "tableId")
    VALUES ('1090', '3');
INSERT INTO "QueryTableAccess" ("queryId", "tableId")
    VALUES ('1090', '4');
SELECT 'Authors.author_id', 'Books.category_id' FROM Authors LEFT OUTER JOIN Books ON 'Authors.author_id' = 'Books.category_id';
INSERT INTO "SqlQuery" ("queryId", "userId", "issuedAt", "finishedAt", "hasError", "errorMessage", "statement", "projectId", "queryTypeId")
    VALUES ('1091', '14', '2023-07-07 22:07:11.407138', '2023-07-07 22:07:14.407138', 'False', 'None', 'SELECT Authors.author_id, Books.category_id FROM Authors LEFT OUTER JOIN Books ON Authors.author_id = Books.category_id;', '3', '1');
INSERT INTO "QueryColumnAccess" ("queryId", "columnId")
    VALUES ('1091', '1');
INSERT INTO "QueryColumnAccess" ("queryId", "columnId")
    VALUES ('1091', '7');
INSERT INTO "QueryTableAccess" ("queryId", "tableId")
    VALUES ('1091', '2');
INSERT INTO "QueryTableAccess" ("queryId", "tableId")
    VALUES ('1091', '1');
SELECT 'Books.publisher', 'Orders.shipping_city' FROM Books RIGHT OUTER JOIN Orders ON 'Books.publisher' = 'Orders.shipping_city';
INSERT INTO "SqlQuery" ("queryId", "userId", "issuedAt", "finishedAt", "hasError", "errorMessage", "statement", "projectId", "queryTypeId")
    VALUES ('1092', '6', '2023-06-09 22:07:11.407147', '2023-06-09 22:07:15.407147', 'False', 'None', 'SELECT Books.publisher, Orders.shipping_city FROM Books RIGHT OUTER JOIN Orders ON Books.publisher = Orders.shipping_city;', '3', '1');
INSERT INTO "QueryColumnAccess" ("queryId", "columnId")
    VALUES ('1092', '5');
INSERT INTO "QueryColumnAccess" ("queryId", "columnId")
    VALUES ('1092', '7');
INSERT INTO "QueryTableAccess" ("queryId", "tableId")
    VALUES ('1092', '1');
INSERT INTO "QueryTableAccess" ("queryId", "tableId")
    VALUES ('1092', '5');
SELECT 'Publishers.publisher_id', 'Authors.last_name' FROM Publishers NATURAL JOIN Authors ON 'Publishers.publisher_id' = 'Authors.last_name';
INSERT INTO "SqlQuery" ("queryId", "userId", "issuedAt", "finishedAt", "hasError", "errorMessage", "statement", "projectId", "queryTypeId")
    VALUES ('1093', '3', '2023-06-10 22:07:11.407156', '2023-06-10 22:07:14.407156', 'False', 'None', 'SELECT Publishers.publisher_id, Authors.last_name FROM Publishers NATURAL JOIN Authors ON Publishers.publisher_id = Authors.last_name;', '3', '1');
INSERT INTO "QueryColumnAccess" ("queryId", "columnId")
    VALUES ('1093', '1');
INSERT INTO "QueryColumnAccess" ("queryId", "columnId")
    VALUES ('1093', '3');
INSERT INTO "QueryTableAccess" ("queryId", "tableId")
    VALUES ('1093', '3');
INSERT INTO "QueryTableAccess" ("queryId", "tableId")
    VALUES ('1093', '2');
SELECT 'Orders.customer_id', 'Authors.author_id' FROM Orders LEFT OUTER JOIN Authors ON 'Orders.customer_id' = 'Authors.author_id';
INSERT INTO "SqlQuery" ("queryId", "userId", "issuedAt", "finishedAt", "hasError", "errorMessage", "statement", "projectId", "queryTypeId")
    VALUES ('1094', '3', '2023-06-06 22:07:11.407165', '2023-06-06 22:07:14.407165', 'False', 'None', 'SELECT Orders.customer_id, Authors.author_id FROM Orders LEFT OUTER JOIN Authors ON Orders.customer_id = Authors.author_id;', '3', '1');
INSERT INTO "QueryColumnAccess" ("queryId", "columnId")
    VALUES ('1094', '2');
INSERT INTO "QueryColumnAccess" ("queryId", "columnId")
    VALUES ('1094', '1');
INSERT INTO "QueryTableAccess" ("queryId", "tableId")
    VALUES ('1094', '5');
INSERT INTO "QueryTableAccess" ("queryId", "tableId")
    VALUES ('1094', '2');
SELECT 'Publishers.publisher_id', 'Authors.last_name' FROM Publishers LEFT OUTER JOIN Authors ON 'Publishers.publisher_id' = 'Authors.last_name';
INSERT INTO "SqlQuery" ("queryId", "userId", "issuedAt", "finishedAt", "hasError", "errorMessage", "statement", "projectId", "queryTypeId")
    VALUES ('1095', '3', '2023-05-15 22:07:11.407174', '2023-05-15 22:07:14.407174', 'False', 'None', 'SELECT Publishers.publisher_id, Authors.last_name FROM Publishers LEFT OUTER JOIN Authors ON Publishers.publisher_id = Authors.last_name;', '3', '1');
INSERT INTO "QueryColumnAccess" ("queryId", "columnId")
    VALUES ('1095', '1');
INSERT INTO "QueryColumnAccess" ("queryId", "columnId")
    VALUES ('1095', '3');
INSERT INTO "QueryTableAccess" ("queryId", "tableId")
    VALUES ('1095', '3');
INSERT INTO "QueryTableAccess" ("queryId", "tableId")
    VALUES ('1095', '2');
SELECT 'Authors.last_name', 'Books.category_id' FROM Authors RIGHT OUTER JOIN Books ON 'Authors.last_name' = 'Books.category_id';
INSERT INTO "SqlQuery" ("queryId", "userId", "issuedAt", "finishedAt", "hasError", "errorMessage", "statement", "projectId", "queryTypeId")
    VALUES ('1096', '7', '2023-05-13 22:07:11.407183', '2023-05-13 22:07:12.407183', 'False', 'None', 'SELECT Authors.last_name, Books.category_id FROM Authors RIGHT OUTER JOIN Books ON Authors.last_name = Books.category_id;', '3', '1');
INSERT INTO "QueryColumnAccess" ("queryId", "columnId")
    VALUES ('1096', '3');
INSERT INTO "QueryColumnAccess" ("queryId", "columnId")
    VALUES ('1096', '7');
INSERT INTO "QueryTableAccess" ("queryId", "tableId")
    VALUES ('1096', '2');
INSERT INTO "QueryTableAccess" ("queryId", "tableId")
    VALUES ('1096', '1');
SELECT 'Customers.first_name', 'Books.price' FROM Customers LEFT OUTER JOIN Books ON 'Customers.first_name' = 'Books.price';
INSERT INTO "SqlQuery" ("queryId", "userId", "issuedAt", "finishedAt", "hasError", "errorMessage", "statement", "projectId", "queryTypeId")
    VALUES ('1097', '7', '2023-05-02 22:07:11.407198', '2023-05-02 22:07:12.407198', 'False', 'None', 'SELECT Customers.first_name, Books.price FROM Customers LEFT OUTER JOIN Books ON Customers.first_name = Books.price;', '3', '1');
INSERT INTO "QueryColumnAccess" ("queryId", "columnId")
    VALUES ('1097', '2');
INSERT INTO "QueryColumnAccess" ("queryId", "columnId")
    VALUES ('1097', '6');
INSERT INTO "QueryTableAccess" ("queryId", "tableId")
    VALUES ('1097', '4');
INSERT INTO "QueryTableAccess" ("queryId", "tableId")
    VALUES ('1097', '1');
SELECT 'Orders.shipping_address', 'Publishers.website' FROM Orders NATURAL JOIN Publishers ON 'Orders.shipping_address' = 'Publishers.website';
INSERT INTO "SqlQuery" ("queryId", "userId", "issuedAt", "finishedAt", "hasError", "errorMessage", "statement", "projectId", "queryTypeId")
    VALUES ('1098', '3', '2023-05-03 22:07:11.407207', '2023-05-03 22:07:12.407207', 'False', 'None', 'SELECT Orders.shipping_address, Publishers.website FROM Orders NATURAL JOIN Publishers ON Orders.shipping_address = Publishers.website;', '3', '1');
INSERT INTO "QueryColumnAccess" ("queryId", "columnId")
    VALUES ('1098', '6');
INSERT INTO "QueryColumnAccess" ("queryId", "columnId")
    VALUES ('1098', '5');
INSERT INTO "QueryTableAccess" ("queryId", "tableId")
    VALUES ('1098', '5');
INSERT INTO "QueryTableAccess" ("queryId", "tableId")
    VALUES ('1098', '3');
SELECT 'Authors.author_id', 'Publishers.publisher_id' FROM Authors LEFT OUTER JOIN Publishers ON 'Authors.author_id' = 'Publishers.publisher_id';
INSERT INTO "SqlQuery" ("queryId", "userId", "issuedAt", "finishedAt", "hasError", "errorMessage", "statement", "projectId", "queryTypeId")
    VALUES ('1099', '1', '2023-05-04 22:07:11.407216', '2023-05-04 22:07:12.407216', 'False', 'None', 'SELECT Authors.author_id, Publishers.publisher_id FROM Authors LEFT OUTER JOIN Publishers ON Authors.author_id = Publishers.publisher_id;', '3', '1');
INSERT INTO "QueryColumnAccess" ("queryId", "columnId")
    VALUES ('1099', '1');
INSERT INTO "QueryColumnAccess" ("queryId", "columnId")
    VALUES ('1099', '1');
INSERT INTO "QueryTableAccess" ("queryId", "tableId")
    VALUES ('1099', '2');
INSERT INTO "QueryTableAccess" ("queryId", "tableId")
    VALUES ('1099', '3');
SELECT 'Customers.country', 'Authors.last_name' FROM Customers RIGHT OUTER JOIN Authors ON 'Customers.country' = 'Authors.last_name';
INSERT INTO "SqlQuery" ("queryId", "userId", "issuedAt", "finishedAt", "hasError", "errorMessage", "statement", "projectId", "queryTypeId")
    VALUES ('1100', '8', '2023-06-05 22:07:11.407226', '2023-06-05 22:07:12.407226', 'False', 'None', 'SELECT Customers.country, Authors.last_name FROM Customers RIGHT OUTER JOIN Authors ON Customers.country = Authors.last_name;', '3', '1');
INSERT INTO "QueryColumnAccess" ("queryId", "columnId")
    VALUES ('1100', '10');
INSERT INTO "QueryColumnAccess" ("queryId", "columnId")
    VALUES ('1100', '3');
INSERT INTO "QueryTableAccess" ("queryId", "tableId")
    VALUES ('1100', '4');
INSERT INTO "QueryTableAccess" ("queryId", "tableId")
    VALUES ('1100', '2');
SELECT 'Orders.customer_id', 'Books.publisher' FROM Orders RIGHT OUTER JOIN Books ON 'Orders.customer_id' = 'Books.publisher';
INSERT INTO "SqlQuery" ("queryId", "userId", "issuedAt", "finishedAt", "hasError", "errorMessage", "statement", "projectId", "queryTypeId")
    VALUES ('1101', '15', '2023-06-03 22:07:11.407235', '2023-06-03 22:07:12.407235', 'False', 'None', 'SELECT Orders.customer_id, Books.publisher FROM Orders RIGHT OUTER JOIN Books ON Orders.customer_id = Books.publisher;', '3', '1');
INSERT INTO "QueryColumnAccess" ("queryId", "columnId")
    VALUES ('1101', '2');
INSERT INTO "QueryColumnAccess" ("queryId", "columnId")
    VALUES ('1101', '5');
INSERT INTO "QueryTableAccess" ("queryId", "tableId")
    VALUES ('1101', '5');
INSERT INTO "QueryTableAccess" ("queryId", "tableId")
    VALUES ('1101', '1');
SELECT 'Books.author', 'Publishers.country' FROM Books NATURAL JOIN Publishers ON 'Books.author' = 'Publishers.country';
INSERT INTO "SqlQuery" ("queryId", "userId", "issuedAt", "finishedAt", "hasError", "errorMessage", "statement", "projectId", "queryTypeId")
    VALUES ('1102', '13', '2023-04-18 22:07:11.407244', '2023-04-18 22:07:12.407244', 'False', 'None', 'SELECT Books.author, Publishers.country FROM Books NATURAL JOIN Publishers ON Books.author = Publishers.country;', '3', '1');
INSERT INTO "QueryColumnAccess" ("queryId", "columnId")
    VALUES ('1102', '3');
INSERT INTO "QueryColumnAccess" ("queryId", "columnId")
    VALUES ('1102', '4');
INSERT INTO "QueryTableAccess" ("queryId", "tableId")
    VALUES ('1102', '1');
INSERT INTO "QueryTableAccess" ("queryId", "tableId")
    VALUES ('1102', '3');
SELECT 'Authors.author_id', 'Publishers.country' FROM Authors RIGHT OUTER JOIN Publishers ON 'Authors.author_id' = 'Publishers.country';
INSERT INTO "SqlQuery" ("queryId", "userId", "issuedAt", "finishedAt", "hasError", "errorMessage", "statement", "projectId", "queryTypeId")
    VALUES ('1103', '14', '2023-04-29 22:07:11.407254', '2023-04-29 22:07:15.407254', 'False', 'None', 'SELECT Authors.author_id, Publishers.country FROM Authors RIGHT OUTER JOIN Publishers ON Authors.author_id = Publishers.country;', '3', '1');
INSERT INTO "QueryColumnAccess" ("queryId", "columnId")
    VALUES ('1103', '1');
INSERT INTO "QueryColumnAccess" ("queryId", "columnId")
    VALUES ('1103', '4');
INSERT INTO "QueryTableAccess" ("queryId", "tableId")
    VALUES ('1103', '2');
INSERT INTO "QueryTableAccess" ("queryId", "tableId")
    VALUES ('1103', '3');
SELECT 'Orders.shipping_country', 'Publishers.country' FROM Orders LEFT OUTER JOIN Publishers ON 'Orders.shipping_country' = 'Publishers.country';
INSERT INTO "SqlQuery" ("queryId", "userId", "issuedAt", "finishedAt", "hasError", "errorMessage", "statement", "projectId", "queryTypeId")
    VALUES ('1104', '1', '2023-04-27 22:07:11.407264', '2023-04-27 22:07:14.407264', 'False', 'None', 'SELECT Orders.shipping_country, Publishers.country FROM Orders LEFT OUTER JOIN Publishers ON Orders.shipping_country = Publishers.country;', '3', '1');
INSERT INTO "QueryColumnAccess" ("queryId", "columnId")
    VALUES ('1104', '10');
INSERT INTO "QueryColumnAccess" ("queryId", "columnId")
    VALUES ('1104', '4');
INSERT INTO "QueryTableAccess" ("queryId", "tableId")
    VALUES ('1104', '5');
INSERT INTO "QueryTableAccess" ("queryId", "tableId")
    VALUES ('1104', '3');
SELECT 'Orders.shipping_country', 'Authors.first_name' FROM Orders NATURAL JOIN Authors ON 'Orders.shipping_country' = 'Authors.first_name';
INSERT INTO "SqlQuery" ("queryId", "userId", "issuedAt", "finishedAt", "hasError", "errorMessage", "statement", "projectId", "queryTypeId")
    VALUES ('1105', '2', '2023-05-16 22:07:11.407273', '2023-05-16 22:07:14.407273', 'False', 'None', 'SELECT Orders.shipping_country, Authors.first_name FROM Orders NATURAL JOIN Authors ON Orders.shipping_country = Authors.first_name;', '3', '1');
INSERT INTO "QueryColumnAccess" ("queryId", "columnId")
    VALUES ('1105', '10');
INSERT INTO "QueryColumnAccess" ("queryId", "columnId")
    VALUES ('1105', '2');
INSERT INTO "QueryTableAccess" ("queryId", "tableId")
    VALUES ('1105', '5');
INSERT INTO "QueryTableAccess" ("queryId", "tableId")
    VALUES ('1105', '2');
SELECT 'Authors.last_name', 'Publishers.country' FROM Authors NATURAL JOIN Publishers ON 'Authors.last_name' = 'Publishers.country';
INSERT INTO "SqlQuery" ("queryId", "userId", "issuedAt", "finishedAt", "hasError", "errorMessage", "statement", "projectId", "queryTypeId")
    VALUES ('1106', '10', '2023-07-01 22:07:11.407286', '2023-07-01 22:07:13.407286', 'False', 'None', 'SELECT Authors.last_name, Publishers.country FROM Authors NATURAL JOIN Publishers ON Authors.last_name = Publishers.country;', '3', '1');
INSERT INTO "QueryColumnAccess" ("queryId", "columnId")
    VALUES ('1106', '3');
INSERT INTO "QueryColumnAccess" ("queryId", "columnId")
    VALUES ('1106', '4');
INSERT INTO "QueryTableAccess" ("queryId", "tableId")
    VALUES ('1106', '2');
INSERT INTO "QueryTableAccess" ("queryId", "tableId")
    VALUES ('1106', '3');
SELECT 'Publishers.established_date', 'Customers.zip_code' FROM Publishers LEFT OUTER JOIN Customers ON 'Publishers.established_date' = 'Customers.zip_code';
INSERT INTO "SqlQuery" ("queryId", "userId", "issuedAt", "finishedAt", "hasError", "errorMessage", "statement", "projectId", "queryTypeId")
    VALUES ('1107', '6', '2023-06-14 22:07:11.407296', '2023-06-14 22:07:12.407296', 'False', 'None', 'SELECT Publishers.established_date, Customers.zip_code FROM Publishers LEFT OUTER JOIN Customers ON Publishers.established_date = Customers.zip_code;', '3', '1');
INSERT INTO "QueryColumnAccess" ("queryId", "columnId")
    VALUES ('1107', '3');
INSERT INTO "QueryColumnAccess" ("queryId", "columnId")
    VALUES ('1107', '9');
INSERT INTO "QueryTableAccess" ("queryId", "tableId")
    VALUES ('1107', '3');
INSERT INTO "QueryTableAccess" ("queryId", "tableId")
    VALUES ('1107', '4');
SELECT 'Authors.country', 'Publishers.country' FROM Authors RIGHT OUTER JOIN Publishers ON 'Authors.country' = 'Publishers.country';
INSERT INTO "SqlQuery" ("queryId", "userId", "issuedAt", "finishedAt", "hasError", "errorMessage", "statement", "projectId", "queryTypeId")
    VALUES ('1108', '15', '2023-04-25 22:07:11.407307', '2023-04-25 22:07:13.407307', 'False', 'None', 'SELECT Authors.country, Publishers.country FROM Authors RIGHT OUTER JOIN Publishers ON Authors.country = Publishers.country;', '3', '1');
INSERT INTO "QueryColumnAccess" ("queryId", "columnId")
    VALUES ('1108', '5');
INSERT INTO "QueryColumnAccess" ("queryId", "columnId")
    VALUES ('1108', '4');
INSERT INTO "QueryTableAccess" ("queryId", "tableId")
    VALUES ('1108', '2');
INSERT INTO "QueryTableAccess" ("queryId", "tableId")
    VALUES ('1108', '3');
SELECT 'Orders.shipping_zip_code', 'Publishers.publisher_name' FROM Orders RIGHT OUTER JOIN Publishers ON 'Orders.shipping_zip_code' = 'Publishers.publisher_name';
INSERT INTO "SqlQuery" ("queryId", "userId", "issuedAt", "finishedAt", "hasError", "errorMessage", "statement", "projectId", "queryTypeId")
    VALUES ('1109', '15', '2023-04-24 22:07:11.407316', '2023-04-24 22:07:13.407316', 'False', 'None', 'SELECT Orders.shipping_zip_code, Publishers.publisher_name FROM Orders RIGHT OUTER JOIN Publishers ON Orders.shipping_zip_code = Publishers.publisher_name;', '3', '1');
INSERT INTO "QueryColumnAccess" ("queryId", "columnId")
    VALUES ('1109', '9');
INSERT INTO "QueryColumnAccess" ("queryId", "columnId")
    VALUES ('1109', '2');
INSERT INTO "QueryTableAccess" ("queryId", "tableId")
    VALUES ('1109', '5');
INSERT INTO "QueryTableAccess" ("queryId", "tableId")
    VALUES ('1109', '3');
SELECT 'Publishers.website', 'Authors.country' FROM Publishers RIGHT OUTER JOIN Authors ON 'Publishers.website' = 'Authors.country';
INSERT INTO "SqlQuery" ("queryId", "userId", "issuedAt", "finishedAt", "hasError", "errorMessage", "statement", "projectId", "queryTypeId")
    VALUES ('1110', '13', '2023-05-31 22:07:11.407325', '2023-05-31 22:07:13.407325', 'False', 'None', 'SELECT Publishers.website, Authors.country FROM Publishers RIGHT OUTER JOIN Authors ON Publishers.website = Authors.country;', '3', '1');
INSERT INTO "QueryColumnAccess" ("queryId", "columnId")
    VALUES ('1110', '5');
INSERT INTO "QueryColumnAccess" ("queryId", "columnId")
    VALUES ('1110', '5');
INSERT INTO "QueryTableAccess" ("queryId", "tableId")
    VALUES ('1110', '3');
INSERT INTO "QueryTableAccess" ("queryId", "tableId")
    VALUES ('1110', '2');
SELECT 'Customers.first_name', 'Orders.total_amount' FROM Customers RIGHT OUTER JOIN Orders ON 'Customers.first_name' = 'Orders.total_amount';
INSERT INTO "SqlQuery" ("queryId", "userId", "issuedAt", "finishedAt", "hasError", "errorMessage", "statement", "projectId", "queryTypeId")
    VALUES ('1111', '11', '2023-05-06 22:07:11.407335', '2023-05-06 22:07:13.407335', 'False', 'None', 'SELECT Customers.first_name, Orders.total_amount FROM Customers RIGHT OUTER JOIN Orders ON Customers.first_name = Orders.total_amount;', '3', '1');
INSERT INTO "QueryColumnAccess" ("queryId", "columnId")
    VALUES ('1111', '2');
INSERT INTO "QueryColumnAccess" ("queryId", "columnId")
    VALUES ('1111', '4');
INSERT INTO "QueryTableAccess" ("queryId", "tableId")
    VALUES ('1111', '4');
INSERT INTO "QueryTableAccess" ("queryId", "tableId")
    VALUES ('1111', '5');
SELECT 'Books.category_id', 'Authors.author_id' FROM Books RIGHT OUTER JOIN Authors ON 'Books.category_id' = 'Authors.author_id';
INSERT INTO "SqlQuery" ("queryId", "userId", "issuedAt", "finishedAt", "hasError", "errorMessage", "statement", "projectId", "queryTypeId")
    VALUES ('1112', '5', '2023-07-05 22:07:11.407344', '2023-07-05 22:07:13.407344', 'False', 'None', 'SELECT Books.category_id, Authors.author_id FROM Books RIGHT OUTER JOIN Authors ON Books.category_id = Authors.author_id;', '3', '1');
INSERT INTO "QueryColumnAccess" ("queryId", "columnId")
    VALUES ('1112', '7');
INSERT INTO "QueryColumnAccess" ("queryId", "columnId")
    VALUES ('1112', '1');
INSERT INTO "QueryTableAccess" ("queryId", "tableId")
    VALUES ('1112', '1');
INSERT INTO "QueryTableAccess" ("queryId", "tableId")
    VALUES ('1112', '2');
SELECT 'Publishers.publisher_name', 'Authors.first_name' FROM Publishers RIGHT OUTER JOIN Authors ON 'Publishers.publisher_name' = 'Authors.first_name';
INSERT INTO "SqlQuery" ("queryId", "userId", "issuedAt", "finishedAt", "hasError", "errorMessage", "statement", "projectId", "queryTypeId")
    VALUES ('1113', '2', '2023-06-21 22:07:11.407353', '2023-06-21 22:07:15.407353', 'False', 'None', 'SELECT Publishers.publisher_name, Authors.first_name FROM Publishers RIGHT OUTER JOIN Authors ON Publishers.publisher_name = Authors.first_name;', '3', '1');
INSERT INTO "QueryColumnAccess" ("queryId", "columnId")
    VALUES ('1113', '2');
INSERT INTO "QueryColumnAccess" ("queryId", "columnId")
    VALUES ('1113', '2');
INSERT INTO "QueryTableAccess" ("queryId", "tableId")
    VALUES ('1113', '3');
INSERT INTO "QueryTableAccess" ("queryId", "tableId")
    VALUES ('1113', '2');
SELECT 'Customers.city', 'Authors.last_name' FROM Customers RIGHT OUTER JOIN Authors ON 'Customers.city' = 'Authors.last_name';
INSERT INTO "SqlQuery" ("queryId", "userId", "issuedAt", "finishedAt", "hasError", "errorMessage", "statement", "projectId", "queryTypeId")
    VALUES ('1114', '6', '2023-04-15 22:07:11.407363', '2023-04-15 22:07:14.407363', 'False', 'None', 'SELECT Customers.city, Authors.last_name FROM Customers RIGHT OUTER JOIN Authors ON Customers.city = Authors.last_name;', '3', '1');
INSERT INTO "QueryColumnAccess" ("queryId", "columnId")
    VALUES ('1114', '7');
INSERT INTO "QueryColumnAccess" ("queryId", "columnId")
    VALUES ('1114', '3');
INSERT INTO "QueryTableAccess" ("queryId", "tableId")
    VALUES ('1114', '4');
INSERT INTO "QueryTableAccess" ("queryId", "tableId")
    VALUES ('1114', '2');
SELECT 'Authors.birth_date', 'Publishers.publisher_id' FROM Authors LEFT OUTER JOIN Publishers ON 'Authors.birth_date' = 'Publishers.publisher_id';
INSERT INTO "SqlQuery" ("queryId", "userId", "issuedAt", "finishedAt", "hasError", "errorMessage", "statement", "projectId", "queryTypeId")
    VALUES ('1115', '8', '2023-06-14 22:07:11.407372', '2023-06-14 22:07:15.407372', 'False', 'None', 'SELECT Authors.birth_date, Publishers.publisher_id FROM Authors LEFT OUTER JOIN Publishers ON Authors.birth_date = Publishers.publisher_id;', '3', '1');
INSERT INTO "QueryColumnAccess" ("queryId", "columnId")
    VALUES ('1115', '4');
INSERT INTO "QueryColumnAccess" ("queryId", "columnId")
    VALUES ('1115', '1');
INSERT INTO "QueryTableAccess" ("queryId", "tableId")
    VALUES ('1115', '2');
INSERT INTO "QueryTableAccess" ("queryId", "tableId")
    VALUES ('1115', '3');
SELECT 'Publishers.publisher_name', 'Customers.country' FROM Publishers LEFT OUTER JOIN Customers ON 'Publishers.publisher_name' = 'Customers.country';
INSERT INTO "SqlQuery" ("queryId", "userId", "issuedAt", "finishedAt", "hasError", "errorMessage", "statement", "projectId", "queryTypeId")
    VALUES ('1116', '2', '2023-06-19 22:07:11.407386', '2023-06-19 22:07:12.407386', 'False', 'None', 'SELECT Publishers.publisher_name, Customers.country FROM Publishers LEFT OUTER JOIN Customers ON Publishers.publisher_name = Customers.country;', '3', '1');
INSERT INTO "QueryColumnAccess" ("queryId", "columnId")
    VALUES ('1116', '2');
INSERT INTO "QueryColumnAccess" ("queryId", "columnId")
    VALUES ('1116', '10');
INSERT INTO "QueryTableAccess" ("queryId", "tableId")
    VALUES ('1116', '3');
INSERT INTO "QueryTableAccess" ("queryId", "tableId")
    VALUES ('1116', '4');
SELECT 'Orders.status', 'Books.price' FROM Orders NATURAL JOIN Books ON 'Orders.status' = 'Books.price';
INSERT INTO "SqlQuery" ("queryId", "userId", "issuedAt", "finishedAt", "hasError", "errorMessage", "statement", "projectId", "queryTypeId")
    VALUES ('1117', '5', '2023-05-29 22:07:11.407396', '2023-05-29 22:07:14.407396', 'False', 'None', 'SELECT Orders.status, Books.price FROM Orders NATURAL JOIN Books ON Orders.status = Books.price;', '3', '1');
INSERT INTO "QueryColumnAccess" ("queryId", "columnId")
    VALUES ('1117', '5');
INSERT INTO "QueryColumnAccess" ("queryId", "columnId")
    VALUES ('1117', '6');
INSERT INTO "QueryTableAccess" ("queryId", "tableId")
    VALUES ('1117', '5');
INSERT INTO "QueryTableAccess" ("queryId", "tableId")
    VALUES ('1117', '1');
SELECT 'Customers.email', 'Authors.author_id' FROM Customers LEFT OUTER JOIN Authors ON 'Customers.email' = 'Authors.author_id';
INSERT INTO "SqlQuery" ("queryId", "userId", "issuedAt", "finishedAt", "hasError", "errorMessage", "statement", "projectId", "queryTypeId")
    VALUES ('1118', '11', '2023-05-31 22:07:11.407405', '2023-05-31 22:07:13.407405', 'False', 'None', 'SELECT Customers.email, Authors.author_id FROM Customers LEFT OUTER JOIN Authors ON Customers.email = Authors.author_id;', '3', '1');
INSERT INTO "QueryColumnAccess" ("queryId", "columnId")
    VALUES ('1118', '4');
INSERT INTO "QueryColumnAccess" ("queryId", "columnId")
    VALUES ('1118', '1');
INSERT INTO "QueryTableAccess" ("queryId", "tableId")
    VALUES ('1118', '4');
INSERT INTO "QueryTableAccess" ("queryId", "tableId")
    VALUES ('1118', '2');
SELECT 'Customers.email', 'Authors.first_name' FROM Customers RIGHT OUTER JOIN Authors ON 'Customers.email' = 'Authors.first_name';
INSERT INTO "SqlQuery" ("queryId", "userId", "issuedAt", "finishedAt", "hasError", "errorMessage", "statement", "projectId", "queryTypeId")
    VALUES ('1119', '12', '2023-06-04 22:07:11.407414', '2023-06-04 22:07:14.407414', 'False', 'None', 'SELECT Customers.email, Authors.first_name FROM Customers RIGHT OUTER JOIN Authors ON Customers.email = Authors.first_name;', '3', '1');
INSERT INTO "QueryColumnAccess" ("queryId", "columnId")
    VALUES ('1119', '4');
INSERT INTO "QueryColumnAccess" ("queryId", "columnId")
    VALUES ('1119', '2');
INSERT INTO "QueryTableAccess" ("queryId", "tableId")
    VALUES ('1119', '4');
INSERT INTO "QueryTableAccess" ("queryId", "tableId")
    VALUES ('1119', '2');
SELECT 'Customers.country', 'Orders.shipping_address' FROM Customers LEFT OUTER JOIN Orders ON 'Customers.country' = 'Orders.shipping_address';
INSERT INTO "SqlQuery" ("queryId", "userId", "issuedAt", "finishedAt", "hasError", "errorMessage", "statement", "projectId", "queryTypeId")
    VALUES ('1120', '2', '2023-07-05 22:07:11.407423', '2023-07-05 22:07:13.407423', 'False', 'None', 'SELECT Customers.country, Orders.shipping_address FROM Customers LEFT OUTER JOIN Orders ON Customers.country = Orders.shipping_address;', '3', '1');
INSERT INTO "QueryColumnAccess" ("queryId", "columnId")
    VALUES ('1120', '10');
INSERT INTO "QueryColumnAccess" ("queryId", "columnId")
    VALUES ('1120', '6');
INSERT INTO "QueryTableAccess" ("queryId", "tableId")
    VALUES ('1120', '4');
INSERT INTO "QueryTableAccess" ("queryId", "tableId")
    VALUES ('1120', '5');
SELECT 'Authors.last_name', 'Publishers.country' FROM Authors RIGHT OUTER JOIN Publishers ON 'Authors.last_name' = 'Publishers.country';
INSERT INTO "SqlQuery" ("queryId", "userId", "issuedAt", "finishedAt", "hasError", "errorMessage", "statement", "projectId", "queryTypeId")
    VALUES ('1121', '13', '2023-05-24 22:07:11.407432', '2023-05-24 22:07:12.407432', 'False', 'None', 'SELECT Authors.last_name, Publishers.country FROM Authors RIGHT OUTER JOIN Publishers ON Authors.last_name = Publishers.country;', '3', '1');
INSERT INTO "QueryColumnAccess" ("queryId", "columnId")
    VALUES ('1121', '3');
INSERT INTO "QueryColumnAccess" ("queryId", "columnId")
    VALUES ('1121', '4');
INSERT INTO "QueryTableAccess" ("queryId", "tableId")
    VALUES ('1121', '2');
INSERT INTO "QueryTableAccess" ("queryId", "tableId")
    VALUES ('1121', '3');
SELECT 'Customers.country', 'Books.publication_date' FROM Customers NATURAL JOIN Books ON 'Customers.country' = 'Books.publication_date';
INSERT INTO "SqlQuery" ("queryId", "userId", "issuedAt", "finishedAt", "hasError", "errorMessage", "statement", "projectId", "queryTypeId")
    VALUES ('1122', '12', '2023-04-13 22:07:11.407441', '2023-04-13 22:07:13.407441', 'False', 'None', 'SELECT Customers.country, Books.publication_date FROM Customers NATURAL JOIN Books ON Customers.country = Books.publication_date;', '3', '1');
INSERT INTO "QueryColumnAccess" ("queryId", "columnId")
    VALUES ('1122', '10');
INSERT INTO "QueryColumnAccess" ("queryId", "columnId")
    VALUES ('1122', '4');
INSERT INTO "QueryTableAccess" ("queryId", "tableId")
    VALUES ('1122', '4');
INSERT INTO "QueryTableAccess" ("queryId", "tableId")
    VALUES ('1122', '1');
SELECT 'Customers.last_name', 'Authors.last_name' FROM Customers RIGHT OUTER JOIN Authors ON 'Customers.last_name' = 'Authors.last_name';
INSERT INTO "SqlQuery" ("queryId", "userId", "issuedAt", "finishedAt", "hasError", "errorMessage", "statement", "projectId", "queryTypeId")
    VALUES ('1123', '7', '2023-05-25 22:07:11.407450', '2023-05-25 22:07:13.407450', 'False', 'None', 'SELECT Customers.last_name, Authors.last_name FROM Customers RIGHT OUTER JOIN Authors ON Customers.last_name = Authors.last_name;', '3', '1');
INSERT INTO "QueryColumnAccess" ("queryId", "columnId")
    VALUES ('1123', '3');
INSERT INTO "QueryColumnAccess" ("queryId", "columnId")
    VALUES ('1123', '3');
INSERT INTO "QueryTableAccess" ("queryId", "tableId")
    VALUES ('1123', '4');
INSERT INTO "QueryTableAccess" ("queryId", "tableId")
    VALUES ('1123', '2');
SELECT 'Authors.first_name', 'Orders.status' FROM Authors RIGHT OUTER JOIN Orders ON 'Authors.first_name' = 'Orders.status';
INSERT INTO "SqlQuery" ("queryId", "userId", "issuedAt", "finishedAt", "hasError", "errorMessage", "statement", "projectId", "queryTypeId")
    VALUES ('1124', '10', '2023-06-24 22:07:11.407459', '2023-06-24 22:07:14.407459', 'False', 'None', 'SELECT Authors.first_name, Orders.status FROM Authors RIGHT OUTER JOIN Orders ON Authors.first_name = Orders.status;', '3', '1');
INSERT INTO "QueryColumnAccess" ("queryId", "columnId")
    VALUES ('1124', '2');
INSERT INTO "QueryColumnAccess" ("queryId", "columnId")
    VALUES ('1124', '5');
INSERT INTO "QueryTableAccess" ("queryId", "tableId")
    VALUES ('1124', '2');
INSERT INTO "QueryTableAccess" ("queryId", "tableId")
    VALUES ('1124', '5');
SELECT 'Publishers.publisher_id', 'Authors.country' FROM Publishers LEFT OUTER JOIN Authors ON 'Publishers.publisher_id' = 'Authors.country';
INSERT INTO "SqlQuery" ("queryId", "userId", "issuedAt", "finishedAt", "hasError", "errorMessage", "statement", "projectId", "queryTypeId")
    VALUES ('1125', '7', '2023-05-15 22:07:11.407472', '2023-05-15 22:07:12.407472', 'False', 'None', 'SELECT Publishers.publisher_id, Authors.country FROM Publishers LEFT OUTER JOIN Authors ON Publishers.publisher_id = Authors.country;', '3', '1');
INSERT INTO "QueryColumnAccess" ("queryId", "columnId")
    VALUES ('1125', '1');
INSERT INTO "QueryColumnAccess" ("queryId", "columnId")
    VALUES ('1125', '5');
INSERT INTO "QueryTableAccess" ("queryId", "tableId")
    VALUES ('1125', '3');
INSERT INTO "QueryTableAccess" ("queryId", "tableId")
    VALUES ('1125', '2');
SELECT 'Publishers.publisher_name', 'Customers.customer_id' FROM Publishers LEFT OUTER JOIN Customers ON 'Publishers.publisher_name' = 'Customers.customer_id';
INSERT INTO "SqlQuery" ("queryId", "userId", "issuedAt", "finishedAt", "hasError", "errorMessage", "statement", "projectId", "queryTypeId")
    VALUES ('1126', '3', '2023-05-14 22:07:11.407482', '2023-05-14 22:07:14.407482', 'False', 'None', 'SELECT Publishers.publisher_name, Customers.customer_id FROM Publishers LEFT OUTER JOIN Customers ON Publishers.publisher_name = Customers.customer_id;', '3', '1');
INSERT INTO "QueryColumnAccess" ("queryId", "columnId")
    VALUES ('1126', '2');
INSERT INTO "QueryColumnAccess" ("queryId", "columnId")
    VALUES ('1126', '1');
INSERT INTO "QueryTableAccess" ("queryId", "tableId")
    VALUES ('1126', '3');
INSERT INTO "QueryTableAccess" ("queryId", "tableId")
    VALUES ('1126', '4');
SELECT 'Authors.author_id', 'Customers.country' FROM Authors RIGHT OUTER JOIN Customers ON 'Authors.author_id' = 'Customers.country';
INSERT INTO "SqlQuery" ("queryId", "userId", "issuedAt", "finishedAt", "hasError", "errorMessage", "statement", "projectId", "queryTypeId")
    VALUES ('1127', '15', '2023-05-09 22:07:11.407491', '2023-05-09 22:07:13.407491', 'False', 'None', 'SELECT Authors.author_id, Customers.country FROM Authors RIGHT OUTER JOIN Customers ON Authors.author_id = Customers.country;', '3', '1');
INSERT INTO "QueryColumnAccess" ("queryId", "columnId")
    VALUES ('1127', '1');
INSERT INTO "QueryColumnAccess" ("queryId", "columnId")
    VALUES ('1127', '10');
INSERT INTO "QueryTableAccess" ("queryId", "tableId")
    VALUES ('1127', '2');
INSERT INTO "QueryTableAccess" ("queryId", "tableId")
    VALUES ('1127', '4');
SELECT 'Orders.status', 'Books.publication_date' FROM Orders NATURAL JOIN Books ON 'Orders.status' = 'Books.publication_date';
INSERT INTO "SqlQuery" ("queryId", "userId", "issuedAt", "finishedAt", "hasError", "errorMessage", "statement", "projectId", "queryTypeId")
    VALUES ('1128', '15', '2023-04-14 22:07:11.407501', '2023-04-14 22:07:14.407501', 'False', 'None', 'SELECT Orders.status, Books.publication_date FROM Orders NATURAL JOIN Books ON Orders.status = Books.publication_date;', '3', '1');
INSERT INTO "QueryColumnAccess" ("queryId", "columnId")
    VALUES ('1128', '5');
INSERT INTO "QueryColumnAccess" ("queryId", "columnId")
    VALUES ('1128', '4');
INSERT INTO "QueryTableAccess" ("queryId", "tableId")
    VALUES ('1128', '5');
INSERT INTO "QueryTableAccess" ("queryId", "tableId")
    VALUES ('1128', '1');
SELECT 'Books.publication_date', 'Orders.order_id' FROM Books NATURAL JOIN Orders ON 'Books.publication_date' = 'Orders.order_id';
INSERT INTO "SqlQuery" ("queryId", "userId", "issuedAt", "finishedAt", "hasError", "errorMessage", "statement", "projectId", "queryTypeId")
    VALUES ('1129', '6', '2023-05-07 22:07:11.407510', '2023-05-07 22:07:14.407510', 'False', 'None', 'SELECT Books.publication_date, Orders.order_id FROM Books NATURAL JOIN Orders ON Books.publication_date = Orders.order_id;', '3', '1');
INSERT INTO "QueryColumnAccess" ("queryId", "columnId")
    VALUES ('1129', '4');
INSERT INTO "QueryColumnAccess" ("queryId", "columnId")
    VALUES ('1129', '1');
INSERT INTO "QueryTableAccess" ("queryId", "tableId")
    VALUES ('1129', '1');
INSERT INTO "QueryTableAccess" ("queryId", "tableId")
    VALUES ('1129', '5');
SELECT 'Orders.shipping_city', 'Customers.email' FROM Orders NATURAL JOIN Customers ON 'Orders.shipping_city' = 'Customers.email';
INSERT INTO "SqlQuery" ("queryId", "userId", "issuedAt", "finishedAt", "hasError", "errorMessage", "statement", "projectId", "queryTypeId")
    VALUES ('1130', '9', '2023-06-24 22:07:11.407519', '2023-06-24 22:07:13.407519', 'False', 'None', 'SELECT Orders.shipping_city, Customers.email FROM Orders NATURAL JOIN Customers ON Orders.shipping_city = Customers.email;', '3', '1');
INSERT INTO "QueryColumnAccess" ("queryId", "columnId")
    VALUES ('1130', '7');
INSERT INTO "QueryColumnAccess" ("queryId", "columnId")
    VALUES ('1130', '4');
INSERT INTO "QueryTableAccess" ("queryId", "tableId")
    VALUES ('1130', '5');
INSERT INTO "QueryTableAccess" ("queryId", "tableId")
    VALUES ('1130', '4');
SELECT 'Authors.last_name', 'Books.title' FROM Authors LEFT OUTER JOIN Books ON 'Authors.last_name' = 'Books.title';
INSERT INTO "SqlQuery" ("queryId", "userId", "issuedAt", "finishedAt", "hasError", "errorMessage", "statement", "projectId", "queryTypeId")
    VALUES ('1131', '9', '2023-05-04 22:07:11.407530', '2023-05-04 22:07:12.407530', 'False', 'None', 'SELECT Authors.last_name, Books.title FROM Authors LEFT OUTER JOIN Books ON Authors.last_name = Books.title;', '3', '1');
INSERT INTO "QueryColumnAccess" ("queryId", "columnId")
    VALUES ('1131', '3');
INSERT INTO "QueryColumnAccess" ("queryId", "columnId")
    VALUES ('1131', '2');
INSERT INTO "QueryTableAccess" ("queryId", "tableId")
    VALUES ('1131', '2');
INSERT INTO "QueryTableAccess" ("queryId", "tableId")
    VALUES ('1131', '1');
SELECT 'Authors.last_name', 'Customers.state' FROM Authors LEFT OUTER JOIN Customers ON 'Authors.last_name' = 'Customers.state';
INSERT INTO "SqlQuery" ("queryId", "userId", "issuedAt", "finishedAt", "hasError", "errorMessage", "statement", "projectId", "queryTypeId")
    VALUES ('1132', '9', '2023-07-01 22:07:11.407540', '2023-07-01 22:07:12.407540', 'False', 'None', 'SELECT Authors.last_name, Customers.state FROM Authors LEFT OUTER JOIN Customers ON Authors.last_name = Customers.state;', '3', '1');
INSERT INTO "QueryColumnAccess" ("queryId", "columnId")
    VALUES ('1132', '3');
INSERT INTO "QueryColumnAccess" ("queryId", "columnId")
    VALUES ('1132', '8');
INSERT INTO "QueryTableAccess" ("queryId", "tableId")
    VALUES ('1132', '2');
INSERT INTO "QueryTableAccess" ("queryId", "tableId")
    VALUES ('1132', '4');
SELECT 'Publishers.country', 'Books.category_id' FROM Publishers LEFT OUTER JOIN Books ON 'Publishers.country' = 'Books.category_id';
INSERT INTO "SqlQuery" ("queryId", "userId", "issuedAt", "finishedAt", "hasError", "errorMessage", "statement", "projectId", "queryTypeId")
    VALUES ('1133', '4', '2023-06-16 22:07:11.407550', '2023-06-16 22:07:13.407550', 'False', 'None', 'SELECT Publishers.country, Books.category_id FROM Publishers LEFT OUTER JOIN Books ON Publishers.country = Books.category_id;', '3', '1');
INSERT INTO "QueryColumnAccess" ("queryId", "columnId")
    VALUES ('1133', '4');
INSERT INTO "QueryColumnAccess" ("queryId", "columnId")
    VALUES ('1133', '7');
INSERT INTO "QueryTableAccess" ("queryId", "tableId")
    VALUES ('1133', '3');
INSERT INTO "QueryTableAccess" ("queryId", "tableId")
    VALUES ('1133', '1');
SELECT 'Publishers.website', 'Books.author' FROM Publishers LEFT OUTER JOIN Books ON 'Publishers.website' = 'Books.author';
INSERT INTO "SqlQuery" ("queryId", "userId", "issuedAt", "finishedAt", "hasError", "errorMessage", "statement", "projectId", "queryTypeId")
    VALUES ('1134', '14', '2023-06-20 22:07:11.407559', '2023-06-20 22:07:12.407559', 'False', 'None', 'SELECT Publishers.website, Books.author FROM Publishers LEFT OUTER JOIN Books ON Publishers.website = Books.author;', '3', '1');
INSERT INTO "QueryColumnAccess" ("queryId", "columnId")
    VALUES ('1134', '5');
INSERT INTO "QueryColumnAccess" ("queryId", "columnId")
    VALUES ('1134', '3');
INSERT INTO "QueryTableAccess" ("queryId", "tableId")
    VALUES ('1134', '3');
INSERT INTO "QueryTableAccess" ("queryId", "tableId")
    VALUES ('1134', '1');
SELECT 'Authors.country', 'Orders.total_amount' FROM Authors RIGHT OUTER JOIN Orders ON 'Authors.country' = 'Orders.total_amount';
INSERT INTO "SqlQuery" ("queryId", "userId", "issuedAt", "finishedAt", "hasError", "errorMessage", "statement", "projectId", "queryTypeId")
    VALUES ('1135', '8', '2023-04-17 22:07:11.407572', '2023-04-17 22:07:14.407572', 'False', 'None', 'SELECT Authors.country, Orders.total_amount FROM Authors RIGHT OUTER JOIN Orders ON Authors.country = Orders.total_amount;', '3', '1');
INSERT INTO "QueryColumnAccess" ("queryId", "columnId")
    VALUES ('1135', '5');
INSERT INTO "QueryColumnAccess" ("queryId", "columnId")
    VALUES ('1135', '4');
INSERT INTO "QueryTableAccess" ("queryId", "tableId")
    VALUES ('1135', '2');
INSERT INTO "QueryTableAccess" ("queryId", "tableId")
    VALUES ('1135', '5');
SELECT 'Orders.shipping_city', 'Books.publication_date' FROM Orders RIGHT OUTER JOIN Books ON 'Orders.shipping_city' = 'Books.publication_date';
INSERT INTO "SqlQuery" ("queryId", "userId", "issuedAt", "finishedAt", "hasError", "errorMessage", "statement", "projectId", "queryTypeId")
    VALUES ('1136', '14', '2023-06-03 22:07:11.407582', '2023-06-03 22:07:15.407582', 'False', 'None', 'SELECT Orders.shipping_city, Books.publication_date FROM Orders RIGHT OUTER JOIN Books ON Orders.shipping_city = Books.publication_date;', '3', '1');
INSERT INTO "QueryColumnAccess" ("queryId", "columnId")
    VALUES ('1136', '7');
INSERT INTO "QueryColumnAccess" ("queryId", "columnId")
    VALUES ('1136', '4');
INSERT INTO "QueryTableAccess" ("queryId", "tableId")
    VALUES ('1136', '5');
INSERT INTO "QueryTableAccess" ("queryId", "tableId")
    VALUES ('1136', '1');
SELECT 'Customers.address', 'Authors.country' FROM Customers NATURAL JOIN Authors ON 'Customers.address' = 'Authors.country';
INSERT INTO "SqlQuery" ("queryId", "userId", "issuedAt", "finishedAt", "hasError", "errorMessage", "statement", "projectId", "queryTypeId")
    VALUES ('1137', '8', '2023-07-09 22:07:11.407591', '2023-07-09 22:07:15.407591', 'False', 'None', 'SELECT Customers.address, Authors.country FROM Customers NATURAL JOIN Authors ON Customers.address = Authors.country;', '3', '1');
INSERT INTO "QueryColumnAccess" ("queryId", "columnId")
    VALUES ('1137', '6');
INSERT INTO "QueryColumnAccess" ("queryId", "columnId")
    VALUES ('1137', '5');
INSERT INTO "QueryTableAccess" ("queryId", "tableId")
    VALUES ('1137', '4');
INSERT INTO "QueryTableAccess" ("queryId", "tableId")
    VALUES ('1137', '2');
SELECT 'Orders.shipping_state', 'Authors.first_name' FROM Orders RIGHT OUTER JOIN Authors ON 'Orders.shipping_state' = 'Authors.first_name';
INSERT INTO "SqlQuery" ("queryId", "userId", "issuedAt", "finishedAt", "hasError", "errorMessage", "statement", "projectId", "queryTypeId")
    VALUES ('1138', '13', '2023-06-06 22:07:11.407600', '2023-06-06 22:07:13.407600', 'False', 'None', 'SELECT Orders.shipping_state, Authors.first_name FROM Orders RIGHT OUTER JOIN Authors ON Orders.shipping_state = Authors.first_name;', '3', '1');
INSERT INTO "QueryColumnAccess" ("queryId", "columnId")
    VALUES ('1138', '8');
INSERT INTO "QueryColumnAccess" ("queryId", "columnId")
    VALUES ('1138', '2');
INSERT INTO "QueryTableAccess" ("queryId", "tableId")
    VALUES ('1138', '5');
INSERT INTO "QueryTableAccess" ("queryId", "tableId")
    VALUES ('1138', '2');
SELECT 'Authors.country', 'Orders.shipping_state' FROM Authors RIGHT OUTER JOIN Orders ON 'Authors.country' = 'Orders.shipping_state';
INSERT INTO "SqlQuery" ("queryId", "userId", "issuedAt", "finishedAt", "hasError", "errorMessage", "statement", "projectId", "queryTypeId")
    VALUES ('1139', '5', '2023-06-28 22:07:11.407609', '2023-06-28 22:07:13.407609', 'False', 'None', 'SELECT Authors.country, Orders.shipping_state FROM Authors RIGHT OUTER JOIN Orders ON Authors.country = Orders.shipping_state;', '3', '1');
INSERT INTO "QueryColumnAccess" ("queryId", "columnId")
    VALUES ('1139', '5');
INSERT INTO "QueryColumnAccess" ("queryId", "columnId")
    VALUES ('1139', '8');
INSERT INTO "QueryTableAccess" ("queryId", "tableId")
    VALUES ('1139', '2');
INSERT INTO "QueryTableAccess" ("queryId", "tableId")
    VALUES ('1139', '5');
SELECT 'Authors.first_name', 'Orders.shipping_city' FROM Authors RIGHT OUTER JOIN Orders ON 'Authors.first_name' = 'Orders.shipping_city';
INSERT INTO "SqlQuery" ("queryId", "userId", "issuedAt", "finishedAt", "hasError", "errorMessage", "statement", "projectId", "queryTypeId")
    VALUES ('1140', '12', '2023-04-30 22:07:11.407618', '2023-04-30 22:07:13.407618', 'False', 'None', 'SELECT Authors.first_name, Orders.shipping_city FROM Authors RIGHT OUTER JOIN Orders ON Authors.first_name = Orders.shipping_city;', '3', '1');
INSERT INTO "QueryColumnAccess" ("queryId", "columnId")
    VALUES ('1140', '2');
INSERT INTO "QueryColumnAccess" ("queryId", "columnId")
    VALUES ('1140', '7');
INSERT INTO "QueryTableAccess" ("queryId", "tableId")
    VALUES ('1140', '2');
INSERT INTO "QueryTableAccess" ("queryId", "tableId")
    VALUES ('1140', '5');
SELECT 'Authors.birth_date', 'Customers.city' FROM Authors LEFT OUTER JOIN Customers ON 'Authors.birth_date' = 'Customers.city';
INSERT INTO "SqlQuery" ("queryId", "userId", "issuedAt", "finishedAt", "hasError", "errorMessage", "statement", "projectId", "queryTypeId")
    VALUES ('1141', '4', '2023-04-14 22:07:11.407628', '2023-04-14 22:07:15.407628', 'False', 'None', 'SELECT Authors.birth_date, Customers.city FROM Authors LEFT OUTER JOIN Customers ON Authors.birth_date = Customers.city;', '3', '1');
INSERT INTO "QueryColumnAccess" ("queryId", "columnId")
    VALUES ('1141', '4');
INSERT INTO "QueryColumnAccess" ("queryId", "columnId")
    VALUES ('1141', '7');
INSERT INTO "QueryTableAccess" ("queryId", "tableId")
    VALUES ('1141', '2');
INSERT INTO "QueryTableAccess" ("queryId", "tableId")
    VALUES ('1141', '4');
SELECT 'Authors.author_id', 'Books.category_id' FROM Authors RIGHT OUTER JOIN Books ON 'Authors.author_id' = 'Books.category_id';
INSERT INTO "SqlQuery" ("queryId", "userId", "issuedAt", "finishedAt", "hasError", "errorMessage", "statement", "projectId", "queryTypeId")
    VALUES ('1142', '6', '2023-05-11 22:07:11.407638', '2023-05-11 22:07:14.407638', 'False', 'None', 'SELECT Authors.author_id, Books.category_id FROM Authors RIGHT OUTER JOIN Books ON Authors.author_id = Books.category_id;', '3', '1');
INSERT INTO "QueryColumnAccess" ("queryId", "columnId")
    VALUES ('1142', '1');
INSERT INTO "QueryColumnAccess" ("queryId", "columnId")
    VALUES ('1142', '7');
INSERT INTO "QueryTableAccess" ("queryId", "tableId")
    VALUES ('1142', '2');
INSERT INTO "QueryTableAccess" ("queryId", "tableId")
    VALUES ('1142', '1');
SELECT 'Publishers.established_date', 'Authors.author_id' FROM Publishers LEFT OUTER JOIN Authors ON 'Publishers.established_date' = 'Authors.author_id';
INSERT INTO "SqlQuery" ("queryId", "userId", "issuedAt", "finishedAt", "hasError", "errorMessage", "statement", "projectId", "queryTypeId")
    VALUES ('1143', '12', '2023-04-28 22:07:11.407667', '2023-04-28 22:07:15.407667', 'False', 'None', 'SELECT Publishers.established_date, Authors.author_id FROM Publishers LEFT OUTER JOIN Authors ON Publishers.established_date = Authors.author_id;', '3', '1');
INSERT INTO "QueryColumnAccess" ("queryId", "columnId")
    VALUES ('1143', '3');
INSERT INTO "QueryColumnAccess" ("queryId", "columnId")
    VALUES ('1143', '1');
INSERT INTO "QueryTableAccess" ("queryId", "tableId")
    VALUES ('1143', '3');
INSERT INTO "QueryTableAccess" ("queryId", "tableId")
    VALUES ('1143', '2');
SELECT 'Customers.last_name', 'Books.title' FROM Customers NATURAL JOIN Books ON 'Customers.last_name' = 'Books.title';
INSERT INTO "SqlQuery" ("queryId", "userId", "issuedAt", "finishedAt", "hasError", "errorMessage", "statement", "projectId", "queryTypeId")
    VALUES ('1144', '3', '2023-05-12 22:07:11.407738', '2023-05-12 22:07:15.407738', 'False', 'None', 'SELECT Customers.last_name, Books.title FROM Customers NATURAL JOIN Books ON Customers.last_name = Books.title;', '3', '1');
INSERT INTO "QueryColumnAccess" ("queryId", "columnId")
    VALUES ('1144', '3');
INSERT INTO "QueryColumnAccess" ("queryId", "columnId")
    VALUES ('1144', '2');
INSERT INTO "QueryTableAccess" ("queryId", "tableId")
    VALUES ('1144', '4');
INSERT INTO "QueryTableAccess" ("queryId", "tableId")
    VALUES ('1144', '1');
SELECT 'Customers.country', 'Orders.shipping_address' FROM Customers LEFT OUTER JOIN Orders ON 'Customers.country' = 'Orders.shipping_address';
INSERT INTO "SqlQuery" ("queryId", "userId", "issuedAt", "finishedAt", "hasError", "errorMessage", "statement", "projectId", "queryTypeId")
    VALUES ('1145', '1', '2023-05-20 22:07:11.407751', '2023-05-20 22:07:15.407751', 'False', 'None', 'SELECT Customers.country, Orders.shipping_address FROM Customers LEFT OUTER JOIN Orders ON Customers.country = Orders.shipping_address;', '3', '1');
INSERT INTO "QueryColumnAccess" ("queryId", "columnId")
    VALUES ('1145', '10');
INSERT INTO "QueryColumnAccess" ("queryId", "columnId")
    VALUES ('1145', '6');
INSERT INTO "QueryTableAccess" ("queryId", "tableId")
    VALUES ('1145', '4');
INSERT INTO "QueryTableAccess" ("queryId", "tableId")
    VALUES ('1145', '5');
SELECT 'Orders.shipping_address', 'Customers.last_name' FROM Orders NATURAL JOIN Customers ON 'Orders.shipping_address' = 'Customers.last_name';
INSERT INTO "SqlQuery" ("queryId", "userId", "issuedAt", "finishedAt", "hasError", "errorMessage", "statement", "projectId", "queryTypeId")
    VALUES ('1146', '13', '2023-04-23 22:07:11.407761', '2023-04-23 22:07:13.407761', 'False', 'None', 'SELECT Orders.shipping_address, Customers.last_name FROM Orders NATURAL JOIN Customers ON Orders.shipping_address = Customers.last_name;', '3', '1');
INSERT INTO "QueryColumnAccess" ("queryId", "columnId")
    VALUES ('1146', '6');
INSERT INTO "QueryColumnAccess" ("queryId", "columnId")
    VALUES ('1146', '3');
INSERT INTO "QueryTableAccess" ("queryId", "tableId")
    VALUES ('1146', '5');
INSERT INTO "QueryTableAccess" ("queryId", "tableId")
    VALUES ('1146', '4');
SELECT 'Orders.shipping_city', 'Books.price' FROM Orders LEFT OUTER JOIN Books ON 'Orders.shipping_city' = 'Books.price';
INSERT INTO "SqlQuery" ("queryId", "userId", "issuedAt", "finishedAt", "hasError", "errorMessage", "statement", "projectId", "queryTypeId")
    VALUES ('1147', '15', '2023-04-30 22:07:11.407771', '2023-04-30 22:07:13.407771', 'False', 'None', 'SELECT Orders.shipping_city, Books.price FROM Orders LEFT OUTER JOIN Books ON Orders.shipping_city = Books.price;', '3', '1');
INSERT INTO "QueryColumnAccess" ("queryId", "columnId")
    VALUES ('1147', '7');
INSERT INTO "QueryColumnAccess" ("queryId", "columnId")
    VALUES ('1147', '6');
INSERT INTO "QueryTableAccess" ("queryId", "tableId")
    VALUES ('1147', '5');
INSERT INTO "QueryTableAccess" ("queryId", "tableId")
    VALUES ('1147', '1');
SELECT 'Books.title', 'Customers.address' FROM Books LEFT OUTER JOIN Customers ON 'Books.title' = 'Customers.address';
INSERT INTO "SqlQuery" ("queryId", "userId", "issuedAt", "finishedAt", "hasError", "errorMessage", "statement", "projectId", "queryTypeId")
    VALUES ('1148', '9', '2023-07-09 22:07:11.407781', '2023-07-09 22:07:15.407781', 'False', 'None', 'SELECT Books.title, Customers.address FROM Books LEFT OUTER JOIN Customers ON Books.title = Customers.address;', '3', '1');
INSERT INTO "QueryColumnAccess" ("queryId", "columnId")
    VALUES ('1148', '2');
INSERT INTO "QueryColumnAccess" ("queryId", "columnId")
    VALUES ('1148', '6');
INSERT INTO "QueryTableAccess" ("queryId", "tableId")
    VALUES ('1148', '1');
INSERT INTO "QueryTableAccess" ("queryId", "tableId")
    VALUES ('1148', '4');
SELECT 'Orders.shipping_country', 'Publishers.country' FROM Orders RIGHT OUTER JOIN Publishers ON 'Orders.shipping_country' = 'Publishers.country';
INSERT INTO "SqlQuery" ("queryId", "userId", "issuedAt", "finishedAt", "hasError", "errorMessage", "statement", "projectId", "queryTypeId")
    VALUES ('1149', '7', '2023-06-06 22:07:11.407790', '2023-06-06 22:07:14.407790', 'False', 'None', 'SELECT Orders.shipping_country, Publishers.country FROM Orders RIGHT OUTER JOIN Publishers ON Orders.shipping_country = Publishers.country;', '3', '1');
INSERT INTO "QueryColumnAccess" ("queryId", "columnId")
    VALUES ('1149', '10');
INSERT INTO "QueryColumnAccess" ("queryId", "columnId")
    VALUES ('1149', '4');
INSERT INTO "QueryTableAccess" ("queryId", "tableId")
    VALUES ('1149', '5');
INSERT INTO "QueryTableAccess" ("queryId", "tableId")
    VALUES ('1149', '3');
SELECT 'Customers.zip_code', 'Authors.country' FROM Customers LEFT OUTER JOIN Authors ON 'Customers.zip_code' = 'Authors.country';
INSERT INTO "SqlQuery" ("queryId", "userId", "issuedAt", "finishedAt", "hasError", "errorMessage", "statement", "projectId", "queryTypeId")
    VALUES ('1150', '5', '2023-05-21 22:07:11.407799', '2023-05-21 22:07:14.407799', 'False', 'None', 'SELECT Customers.zip_code, Authors.country FROM Customers LEFT OUTER JOIN Authors ON Customers.zip_code = Authors.country;', '3', '1');
INSERT INTO "QueryColumnAccess" ("queryId", "columnId")
    VALUES ('1150', '9');
INSERT INTO "QueryColumnAccess" ("queryId", "columnId")
    VALUES ('1150', '5');
INSERT INTO "QueryTableAccess" ("queryId", "tableId")
    VALUES ('1150', '4');
INSERT INTO "QueryTableAccess" ("queryId", "tableId")
    VALUES ('1150', '2');
SELECT 'Books.book_id', 'Orders.total_amount' FROM Books LEFT OUTER JOIN Orders ON 'Books.book_id' = 'Orders.total_amount';
INSERT INTO "SqlQuery" ("queryId", "userId", "issuedAt", "finishedAt", "hasError", "errorMessage", "statement", "projectId", "queryTypeId")
    VALUES ('1151', '4', '2023-06-20 22:07:11.407809', '2023-06-20 22:07:12.407809', 'False', 'None', 'SELECT Books.book_id, Orders.total_amount FROM Books LEFT OUTER JOIN Orders ON Books.book_id = Orders.total_amount;', '3', '1');
INSERT INTO "QueryColumnAccess" ("queryId", "columnId")
    VALUES ('1151', '1');
INSERT INTO "QueryColumnAccess" ("queryId", "columnId")
    VALUES ('1151', '4');
INSERT INTO "QueryTableAccess" ("queryId", "tableId")
    VALUES ('1151', '1');
INSERT INTO "QueryTableAccess" ("queryId", "tableId")
    VALUES ('1151', '5');
SELECT 'Books.category_id', 'Authors.first_name' FROM Books RIGHT OUTER JOIN Authors ON 'Books.category_id' = 'Authors.first_name';
INSERT INTO "SqlQuery" ("queryId", "userId", "issuedAt", "finishedAt", "hasError", "errorMessage", "statement", "projectId", "queryTypeId")
    VALUES ('1152', '7', '2023-06-16 22:07:11.407817', '2023-06-16 22:07:15.407817', 'False', 'None', 'SELECT Books.category_id, Authors.first_name FROM Books RIGHT OUTER JOIN Authors ON Books.category_id = Authors.first_name;', '3', '1');
INSERT INTO "QueryColumnAccess" ("queryId", "columnId")
    VALUES ('1152', '7');
INSERT INTO "QueryColumnAccess" ("queryId", "columnId")
    VALUES ('1152', '2');
INSERT INTO "QueryTableAccess" ("queryId", "tableId")
    VALUES ('1152', '1');
INSERT INTO "QueryTableAccess" ("queryId", "tableId")
    VALUES ('1152', '2');
SELECT 'Publishers.established_date', 'Authors.author_id' FROM Publishers LEFT OUTER JOIN Authors ON 'Publishers.established_date' = 'Authors.author_id';
INSERT INTO "SqlQuery" ("queryId", "userId", "issuedAt", "finishedAt", "hasError", "errorMessage", "statement", "projectId", "queryTypeId")
    VALUES ('1153', '3', '2023-05-02 22:07:11.407827', '2023-05-02 22:07:13.407827', 'False', 'None', 'SELECT Publishers.established_date, Authors.author_id FROM Publishers LEFT OUTER JOIN Authors ON Publishers.established_date = Authors.author_id;', '3', '1');
INSERT INTO "QueryColumnAccess" ("queryId", "columnId")
    VALUES ('1153', '3');
INSERT INTO "QueryColumnAccess" ("queryId", "columnId")
    VALUES ('1153', '1');
INSERT INTO "QueryTableAccess" ("queryId", "tableId")
    VALUES ('1153', '3');
INSERT INTO "QueryTableAccess" ("queryId", "tableId")
    VALUES ('1153', '2');
SELECT 'Authors.first_name', 'Books.author' FROM Authors NATURAL JOIN Books ON 'Authors.first_name' = 'Books.author';
INSERT INTO "SqlQuery" ("queryId", "userId", "issuedAt", "finishedAt", "hasError", "errorMessage", "statement", "projectId", "queryTypeId")
    VALUES ('1154', '11', '2023-07-03 22:07:11.407845', '2023-07-03 22:07:15.407845', 'False', 'None', 'SELECT Authors.first_name, Books.author FROM Authors NATURAL JOIN Books ON Authors.first_name = Books.author;', '3', '1');
INSERT INTO "QueryColumnAccess" ("queryId", "columnId")
    VALUES ('1154', '2');
INSERT INTO "QueryColumnAccess" ("queryId", "columnId")
    VALUES ('1154', '3');
INSERT INTO "QueryTableAccess" ("queryId", "tableId")
    VALUES ('1154', '2');
INSERT INTO "QueryTableAccess" ("queryId", "tableId")
    VALUES ('1154', '1');
SELECT 'Authors.birth_date', 'Customers.email' FROM Authors RIGHT OUTER JOIN Customers ON 'Authors.birth_date' = 'Customers.email';
INSERT INTO "SqlQuery" ("queryId", "userId", "issuedAt", "finishedAt", "hasError", "errorMessage", "statement", "projectId", "queryTypeId")
    VALUES ('1155', '14', '2023-05-24 22:07:11.407855', '2023-05-24 22:07:13.407855', 'False', 'None', 'SELECT Authors.birth_date, Customers.email FROM Authors RIGHT OUTER JOIN Customers ON Authors.birth_date = Customers.email;', '3', '1');
INSERT INTO "QueryColumnAccess" ("queryId", "columnId")
    VALUES ('1155', '4');
INSERT INTO "QueryColumnAccess" ("queryId", "columnId")
    VALUES ('1155', '4');
INSERT INTO "QueryTableAccess" ("queryId", "tableId")
    VALUES ('1155', '2');
INSERT INTO "QueryTableAccess" ("queryId", "tableId")
    VALUES ('1155', '4');
SELECT 'Publishers.publisher_name', 'Authors.country' FROM Publishers NATURAL JOIN Authors ON 'Publishers.publisher_name' = 'Authors.country';
INSERT INTO "SqlQuery" ("queryId", "userId", "issuedAt", "finishedAt", "hasError", "errorMessage", "statement", "projectId", "queryTypeId")
    VALUES ('1156', '2', '2023-06-19 22:07:11.407864', '2023-06-19 22:07:13.407864', 'False', 'None', 'SELECT Publishers.publisher_name, Authors.country FROM Publishers NATURAL JOIN Authors ON Publishers.publisher_name = Authors.country;', '3', '1');
INSERT INTO "QueryColumnAccess" ("queryId", "columnId")
    VALUES ('1156', '2');
INSERT INTO "QueryColumnAccess" ("queryId", "columnId")
    VALUES ('1156', '5');
INSERT INTO "QueryTableAccess" ("queryId", "tableId")
    VALUES ('1156', '3');
INSERT INTO "QueryTableAccess" ("queryId", "tableId")
    VALUES ('1156', '2');
SELECT 'Authors.birth_date', 'Orders.status' FROM Authors RIGHT OUTER JOIN Orders ON 'Authors.birth_date' = 'Orders.status';
INSERT INTO "SqlQuery" ("queryId", "userId", "issuedAt", "finishedAt", "hasError", "errorMessage", "statement", "projectId", "queryTypeId")
    VALUES ('1157', '15', '2023-06-17 22:07:11.407873', '2023-06-17 22:07:13.407873', 'False', 'None', 'SELECT Authors.birth_date, Orders.status FROM Authors RIGHT OUTER JOIN Orders ON Authors.birth_date = Orders.status;', '3', '1');
INSERT INTO "QueryColumnAccess" ("queryId", "columnId")
    VALUES ('1157', '4');
INSERT INTO "QueryColumnAccess" ("queryId", "columnId")
    VALUES ('1157', '5');
INSERT INTO "QueryTableAccess" ("queryId", "tableId")
    VALUES ('1157', '2');
INSERT INTO "QueryTableAccess" ("queryId", "tableId")
    VALUES ('1157', '5');
SELECT 'Publishers.established_date', 'Orders.total_amount' FROM Publishers NATURAL JOIN Orders ON 'Publishers.established_date' = 'Orders.total_amount';
INSERT INTO "SqlQuery" ("queryId", "userId", "issuedAt", "finishedAt", "hasError", "errorMessage", "statement", "projectId", "queryTypeId")
    VALUES ('1158', '11', '2023-05-25 22:07:11.407882', '2023-05-25 22:07:13.407882', 'False', 'None', 'SELECT Publishers.established_date, Orders.total_amount FROM Publishers NATURAL JOIN Orders ON Publishers.established_date = Orders.total_amount;', '3', '1');
INSERT INTO "QueryColumnAccess" ("queryId", "columnId")
    VALUES ('1158', '3');
INSERT INTO "QueryColumnAccess" ("queryId", "columnId")
    VALUES ('1158', '4');
INSERT INTO "QueryTableAccess" ("queryId", "tableId")
    VALUES ('1158', '3');
INSERT INTO "QueryTableAccess" ("queryId", "tableId")
    VALUES ('1158', '5');
SELECT 'Publishers.publisher_name', 'Orders.status' FROM Publishers RIGHT OUTER JOIN Orders ON 'Publishers.publisher_name' = 'Orders.status';
INSERT INTO "SqlQuery" ("queryId", "userId", "issuedAt", "finishedAt", "hasError", "errorMessage", "statement", "projectId", "queryTypeId")
    VALUES ('1159', '8', '2023-05-21 22:07:11.407891', '2023-05-21 22:07:14.407891', 'False', 'None', 'SELECT Publishers.publisher_name, Orders.status FROM Publishers RIGHT OUTER JOIN Orders ON Publishers.publisher_name = Orders.status;', '3', '1');
INSERT INTO "QueryColumnAccess" ("queryId", "columnId")
    VALUES ('1159', '2');
INSERT INTO "QueryColumnAccess" ("queryId", "columnId")
    VALUES ('1159', '5');
INSERT INTO "QueryTableAccess" ("queryId", "tableId")
    VALUES ('1159', '3');
INSERT INTO "QueryTableAccess" ("queryId", "tableId")
    VALUES ('1159', '5');
SELECT 'Authors.author_id', 'Publishers.country' FROM Authors NATURAL JOIN Publishers ON 'Authors.author_id' = 'Publishers.country';
INSERT INTO "SqlQuery" ("queryId", "userId", "issuedAt", "finishedAt", "hasError", "errorMessage", "statement", "projectId", "queryTypeId")
    VALUES ('1160', '9', '2023-05-15 22:07:11.407900', '2023-05-15 22:07:15.407900', 'False', 'None', 'SELECT Authors.author_id, Publishers.country FROM Authors NATURAL JOIN Publishers ON Authors.author_id = Publishers.country;', '3', '1');
INSERT INTO "QueryColumnAccess" ("queryId", "columnId")
    VALUES ('1160', '1');
INSERT INTO "QueryColumnAccess" ("queryId", "columnId")
    VALUES ('1160', '4');
INSERT INTO "QueryTableAccess" ("queryId", "tableId")
    VALUES ('1160', '2');
INSERT INTO "QueryTableAccess" ("queryId", "tableId")
    VALUES ('1160', '3');
SELECT 'Books.price', 'Authors.first_name' FROM Books RIGHT OUTER JOIN Authors ON 'Books.price' = 'Authors.first_name';
INSERT INTO "SqlQuery" ("queryId", "userId", "issuedAt", "finishedAt", "hasError", "errorMessage", "statement", "projectId", "queryTypeId")
    VALUES ('1161', '1', '2023-05-06 22:07:11.407909', '2023-05-06 22:07:14.407909', 'False', 'None', 'SELECT Books.price, Authors.first_name FROM Books RIGHT OUTER JOIN Authors ON Books.price = Authors.first_name;', '3', '1');
INSERT INTO "QueryColumnAccess" ("queryId", "columnId")
    VALUES ('1161', '6');
INSERT INTO "QueryColumnAccess" ("queryId", "columnId")
    VALUES ('1161', '2');
INSERT INTO "QueryTableAccess" ("queryId", "tableId")
    VALUES ('1161', '1');
INSERT INTO "QueryTableAccess" ("queryId", "tableId")
    VALUES ('1161', '2');
SELECT 'Orders.shipping_country', 'Authors.author_id' FROM Orders RIGHT OUTER JOIN Authors ON 'Orders.shipping_country' = 'Authors.author_id';
INSERT INTO "SqlQuery" ("queryId", "userId", "issuedAt", "finishedAt", "hasError", "errorMessage", "statement", "projectId", "queryTypeId")
    VALUES ('1162', '2', '2023-05-01 22:07:11.407917', '2023-05-01 22:07:14.407917', 'False', 'None', 'SELECT Orders.shipping_country, Authors.author_id FROM Orders RIGHT OUTER JOIN Authors ON Orders.shipping_country = Authors.author_id;', '3', '1');
INSERT INTO "QueryColumnAccess" ("queryId", "columnId")
    VALUES ('1162', '10');
INSERT INTO "QueryColumnAccess" ("queryId", "columnId")
    VALUES ('1162', '1');
INSERT INTO "QueryTableAccess" ("queryId", "tableId")
    VALUES ('1162', '5');
INSERT INTO "QueryTableAccess" ("queryId", "tableId")
    VALUES ('1162', '2');
SELECT 'Authors.first_name', 'Orders.customer_id' FROM Authors RIGHT OUTER JOIN Orders ON 'Authors.first_name' = 'Orders.customer_id';
INSERT INTO "SqlQuery" ("queryId", "userId", "issuedAt", "finishedAt", "hasError", "errorMessage", "statement", "projectId", "queryTypeId")
    VALUES ('1163', '5', '2023-06-01 22:07:11.407941', '2023-06-01 22:07:13.407941', 'False', 'None', 'SELECT Authors.first_name, Orders.customer_id FROM Authors RIGHT OUTER JOIN Orders ON Authors.first_name = Orders.customer_id;', '3', '1');
INSERT INTO "QueryColumnAccess" ("queryId", "columnId")
    VALUES ('1163', '2');
INSERT INTO "QueryColumnAccess" ("queryId", "columnId")
    VALUES ('1163', '2');
INSERT INTO "QueryTableAccess" ("queryId", "tableId")
    VALUES ('1163', '2');
INSERT INTO "QueryTableAccess" ("queryId", "tableId")
    VALUES ('1163', '5');
SELECT 'Publishers.website', 'Orders.status' FROM Publishers RIGHT OUTER JOIN Orders ON 'Publishers.website' = 'Orders.status';
INSERT INTO "SqlQuery" ("queryId", "userId", "issuedAt", "finishedAt", "hasError", "errorMessage", "statement", "projectId", "queryTypeId")
    VALUES ('1164', '15', '2023-05-22 22:07:11.407950', '2023-05-22 22:07:13.407950', 'False', 'None', 'SELECT Publishers.website, Orders.status FROM Publishers RIGHT OUTER JOIN Orders ON Publishers.website = Orders.status;', '3', '1');
INSERT INTO "QueryColumnAccess" ("queryId", "columnId")
    VALUES ('1164', '5');
INSERT INTO "QueryColumnAccess" ("queryId", "columnId")
    VALUES ('1164', '5');
INSERT INTO "QueryTableAccess" ("queryId", "tableId")
    VALUES ('1164', '3');
INSERT INTO "QueryTableAccess" ("queryId", "tableId")
    VALUES ('1164', '5');
SELECT 'Orders.shipping_state', 'Customers.phone_number' FROM Orders NATURAL JOIN Customers ON 'Orders.shipping_state' = 'Customers.phone_number';
INSERT INTO "SqlQuery" ("queryId", "userId", "issuedAt", "finishedAt", "hasError", "errorMessage", "statement", "projectId", "queryTypeId")
    VALUES ('1165', '12', '2023-05-31 22:07:11.407959', '2023-05-31 22:07:15.407959', 'False', 'None', 'SELECT Orders.shipping_state, Customers.phone_number FROM Orders NATURAL JOIN Customers ON Orders.shipping_state = Customers.phone_number;', '3', '1');
INSERT INTO "QueryColumnAccess" ("queryId", "columnId")
    VALUES ('1165', '8');
INSERT INTO "QueryColumnAccess" ("queryId", "columnId")
    VALUES ('1165', '5');
INSERT INTO "QueryTableAccess" ("queryId", "tableId")
    VALUES ('1165', '5');
INSERT INTO "QueryTableAccess" ("queryId", "tableId")
    VALUES ('1165', '4');
SELECT 'Authors.first_name', 'Orders.order_id' FROM Authors RIGHT OUTER JOIN Orders ON 'Authors.first_name' = 'Orders.order_id';
INSERT INTO "SqlQuery" ("queryId", "userId", "issuedAt", "finishedAt", "hasError", "errorMessage", "statement", "projectId", "queryTypeId")
    VALUES ('1166', '5', '2023-07-06 22:07:11.407968', '2023-07-06 22:07:15.407968', 'False', 'None', 'SELECT Authors.first_name, Orders.order_id FROM Authors RIGHT OUTER JOIN Orders ON Authors.first_name = Orders.order_id;', '3', '1');
INSERT INTO "QueryColumnAccess" ("queryId", "columnId")
    VALUES ('1166', '2');
INSERT INTO "QueryColumnAccess" ("queryId", "columnId")
    VALUES ('1166', '1');
INSERT INTO "QueryTableAccess" ("queryId", "tableId")
    VALUES ('1166', '2');
INSERT INTO "QueryTableAccess" ("queryId", "tableId")
    VALUES ('1166', '5');
SELECT 'Orders.shipping_country', 'Publishers.established_date' FROM Orders NATURAL JOIN Publishers ON 'Orders.shipping_country' = 'Publishers.established_date';
INSERT INTO "SqlQuery" ("queryId", "userId", "issuedAt", "finishedAt", "hasError", "errorMessage", "statement", "projectId", "queryTypeId")
    VALUES ('1167', '5', '2023-05-01 22:07:11.407977', '2023-05-01 22:07:14.407977', 'False', 'None', 'SELECT Orders.shipping_country, Publishers.established_date FROM Orders NATURAL JOIN Publishers ON Orders.shipping_country = Publishers.established_date;', '3', '1');
INSERT INTO "QueryColumnAccess" ("queryId", "columnId")
    VALUES ('1167', '10');
INSERT INTO "QueryColumnAccess" ("queryId", "columnId")
    VALUES ('1167', '3');
INSERT INTO "QueryTableAccess" ("queryId", "tableId")
    VALUES ('1167', '5');
INSERT INTO "QueryTableAccess" ("queryId", "tableId")
    VALUES ('1167', '3');
SELECT 'Orders.order_date', 'Authors.birth_date' FROM Orders NATURAL JOIN Authors ON 'Orders.order_date' = 'Authors.birth_date';
INSERT INTO "SqlQuery" ("queryId", "userId", "issuedAt", "finishedAt", "hasError", "errorMessage", "statement", "projectId", "queryTypeId")
    VALUES ('1168', '8', '2023-05-19 22:07:11.407986', '2023-05-19 22:07:15.407986', 'False', 'None', 'SELECT Orders.order_date, Authors.birth_date FROM Orders NATURAL JOIN Authors ON Orders.order_date = Authors.birth_date;', '3', '1');
INSERT INTO "QueryColumnAccess" ("queryId", "columnId")
    VALUES ('1168', '3');
INSERT INTO "QueryColumnAccess" ("queryId", "columnId")
    VALUES ('1168', '4');
INSERT INTO "QueryTableAccess" ("queryId", "tableId")
    VALUES ('1168', '5');
INSERT INTO "QueryTableAccess" ("queryId", "tableId")
    VALUES ('1168', '2');
SELECT 'Authors.first_name', 'Publishers.established_date' FROM Authors RIGHT OUTER JOIN Publishers ON 'Authors.first_name' = 'Publishers.established_date';
INSERT INTO "SqlQuery" ("queryId", "userId", "issuedAt", "finishedAt", "hasError", "errorMessage", "statement", "projectId", "queryTypeId")
    VALUES ('1169', '10', '2023-06-18 22:07:11.407994', '2023-06-18 22:07:15.407994', 'False', 'None', 'SELECT Authors.first_name, Publishers.established_date FROM Authors RIGHT OUTER JOIN Publishers ON Authors.first_name = Publishers.established_date;', '3', '1');
INSERT INTO "QueryColumnAccess" ("queryId", "columnId")
    VALUES ('1169', '2');
INSERT INTO "QueryColumnAccess" ("queryId", "columnId")
    VALUES ('1169', '3');
INSERT INTO "QueryTableAccess" ("queryId", "tableId")
    VALUES ('1169', '2');
INSERT INTO "QueryTableAccess" ("queryId", "tableId")
    VALUES ('1169', '3');
SELECT 'Publishers.established_date', 'Customers.city' FROM Publishers RIGHT OUTER JOIN Customers ON 'Publishers.established_date' = 'Customers.city';
INSERT INTO "SqlQuery" ("queryId", "userId", "issuedAt", "finishedAt", "hasError", "errorMessage", "statement", "projectId", "queryTypeId")
    VALUES ('1170', '9', '2023-04-26 22:07:11.408003', '2023-04-26 22:07:14.408003', 'False', 'None', 'SELECT Publishers.established_date, Customers.city FROM Publishers RIGHT OUTER JOIN Customers ON Publishers.established_date = Customers.city;', '3', '1');
INSERT INTO "QueryColumnAccess" ("queryId", "columnId")
    VALUES ('1170', '3');
INSERT INTO "QueryColumnAccess" ("queryId", "columnId")
    VALUES ('1170', '7');
INSERT INTO "QueryTableAccess" ("queryId", "tableId")
    VALUES ('1170', '3');
INSERT INTO "QueryTableAccess" ("queryId", "tableId")
    VALUES ('1170', '4');
SELECT 'Customers.address', 'Books.title' FROM Customers RIGHT OUTER JOIN Books ON 'Customers.address' = 'Books.title';
INSERT INTO "SqlQuery" ("queryId", "userId", "issuedAt", "finishedAt", "hasError", "errorMessage", "statement", "projectId", "queryTypeId")
    VALUES ('1171', '13', '2023-06-03 22:07:11.408013', '2023-06-03 22:07:15.408013', 'False', 'None', 'SELECT Customers.address, Books.title FROM Customers RIGHT OUTER JOIN Books ON Customers.address = Books.title;', '3', '1');
INSERT INTO "QueryColumnAccess" ("queryId", "columnId")
    VALUES ('1171', '6');
INSERT INTO "QueryColumnAccess" ("queryId", "columnId")
    VALUES ('1171', '2');
INSERT INTO "QueryTableAccess" ("queryId", "tableId")
    VALUES ('1171', '4');
INSERT INTO "QueryTableAccess" ("queryId", "tableId")
    VALUES ('1171', '1');
SELECT 'Orders.shipping_country', 'Authors.country' FROM Orders LEFT OUTER JOIN Authors ON 'Orders.shipping_country' = 'Authors.country';
INSERT INTO "SqlQuery" ("queryId", "userId", "issuedAt", "finishedAt", "hasError", "errorMessage", "statement", "projectId", "queryTypeId")
    VALUES ('1172', '1', '2023-07-10 22:07:11.408022', '2023-07-10 22:07:14.408022', 'False', 'None', 'SELECT Orders.shipping_country, Authors.country FROM Orders LEFT OUTER JOIN Authors ON Orders.shipping_country = Authors.country;', '3', '1');
INSERT INTO "QueryColumnAccess" ("queryId", "columnId")
    VALUES ('1172', '10');
INSERT INTO "QueryColumnAccess" ("queryId", "columnId")
    VALUES ('1172', '5');
INSERT INTO "QueryTableAccess" ("queryId", "tableId")
    VALUES ('1172', '5');
INSERT INTO "QueryTableAccess" ("queryId", "tableId")
    VALUES ('1172', '2');
SELECT 'Books.price', 'Authors.first_name' FROM Books LEFT OUTER JOIN Authors ON 'Books.price' = 'Authors.first_name';
INSERT INTO "SqlQuery" ("queryId", "userId", "issuedAt", "finishedAt", "hasError", "errorMessage", "statement", "projectId", "queryTypeId")
    VALUES ('1173', '8', '2023-06-09 22:07:11.408036', '2023-06-09 22:07:14.408036', 'False', 'None', 'SELECT Books.price, Authors.first_name FROM Books LEFT OUTER JOIN Authors ON Books.price = Authors.first_name;', '3', '1');
INSERT INTO "QueryColumnAccess" ("queryId", "columnId")
    VALUES ('1173', '6');
INSERT INTO "QueryColumnAccess" ("queryId", "columnId")
    VALUES ('1173', '2');
INSERT INTO "QueryTableAccess" ("queryId", "tableId")
    VALUES ('1173', '1');
INSERT INTO "QueryTableAccess" ("queryId", "tableId")
    VALUES ('1173', '2');
SELECT 'Authors.author_id', 'Orders.shipping_zip_code' FROM Authors LEFT OUTER JOIN Orders ON 'Authors.author_id' = 'Orders.shipping_zip_code';
INSERT INTO "SqlQuery" ("queryId", "userId", "issuedAt", "finishedAt", "hasError", "errorMessage", "statement", "projectId", "queryTypeId")
    VALUES ('1174', '1', '2023-06-27 22:07:11.408045', '2023-06-27 22:07:13.408045', 'False', 'None', 'SELECT Authors.author_id, Orders.shipping_zip_code FROM Authors LEFT OUTER JOIN Orders ON Authors.author_id = Orders.shipping_zip_code;', '3', '1');
INSERT INTO "QueryColumnAccess" ("queryId", "columnId")
    VALUES ('1174', '1');
INSERT INTO "QueryColumnAccess" ("queryId", "columnId")
    VALUES ('1174', '9');
INSERT INTO "QueryTableAccess" ("queryId", "tableId")
    VALUES ('1174', '2');
INSERT INTO "QueryTableAccess" ("queryId", "tableId")
    VALUES ('1174', '5');
SELECT 'Books.category_id', 'Customers.last_name' FROM Books NATURAL JOIN Customers ON 'Books.category_id' = 'Customers.last_name';
INSERT INTO "SqlQuery" ("queryId", "userId", "issuedAt", "finishedAt", "hasError", "errorMessage", "statement", "projectId", "queryTypeId")
    VALUES ('1175', '6', '2023-05-18 22:07:11.408054', '2023-05-18 22:07:15.408054', 'False', 'None', 'SELECT Books.category_id, Customers.last_name FROM Books NATURAL JOIN Customers ON Books.category_id = Customers.last_name;', '3', '1');
INSERT INTO "QueryColumnAccess" ("queryId", "columnId")
    VALUES ('1175', '7');
INSERT INTO "QueryColumnAccess" ("queryId", "columnId")
    VALUES ('1175', '3');
INSERT INTO "QueryTableAccess" ("queryId", "tableId")
    VALUES ('1175', '1');
INSERT INTO "QueryTableAccess" ("queryId", "tableId")
    VALUES ('1175', '4');
SELECT 'Books.price', 'Orders.customer_id' FROM Books RIGHT OUTER JOIN Orders ON 'Books.price' = 'Orders.customer_id';
INSERT INTO "SqlQuery" ("queryId", "userId", "issuedAt", "finishedAt", "hasError", "errorMessage", "statement", "projectId", "queryTypeId")
    VALUES ('1176', '12', '2023-06-20 22:07:11.408063', '2023-06-20 22:07:15.408063', 'False', 'None', 'SELECT Books.price, Orders.customer_id FROM Books RIGHT OUTER JOIN Orders ON Books.price = Orders.customer_id;', '3', '1');
INSERT INTO "QueryColumnAccess" ("queryId", "columnId")
    VALUES ('1176', '6');
INSERT INTO "QueryColumnAccess" ("queryId", "columnId")
    VALUES ('1176', '2');
INSERT INTO "QueryTableAccess" ("queryId", "tableId")
    VALUES ('1176', '1');
INSERT INTO "QueryTableAccess" ("queryId", "tableId")
    VALUES ('1176', '5');
SELECT 'Authors.birth_date', 'Books.category_id' FROM Authors NATURAL JOIN Books ON 'Authors.birth_date' = 'Books.category_id';
INSERT INTO "SqlQuery" ("queryId", "userId", "issuedAt", "finishedAt", "hasError", "errorMessage", "statement", "projectId", "queryTypeId")
    VALUES ('1177', '4', '2023-05-17 22:07:11.408072', '2023-05-17 22:07:13.408072', 'False', 'None', 'SELECT Authors.birth_date, Books.category_id FROM Authors NATURAL JOIN Books ON Authors.birth_date = Books.category_id;', '3', '1');
INSERT INTO "QueryColumnAccess" ("queryId", "columnId")
    VALUES ('1177', '4');
INSERT INTO "QueryColumnAccess" ("queryId", "columnId")
    VALUES ('1177', '7');
INSERT INTO "QueryTableAccess" ("queryId", "tableId")
    VALUES ('1177', '2');
INSERT INTO "QueryTableAccess" ("queryId", "tableId")
    VALUES ('1177', '1');
SELECT 'Publishers.country', 'Authors.last_name' FROM Publishers NATURAL JOIN Authors ON 'Publishers.country' = 'Authors.last_name';
INSERT INTO "SqlQuery" ("queryId", "userId", "issuedAt", "finishedAt", "hasError", "errorMessage", "statement", "projectId", "queryTypeId")
    VALUES ('1178', '12', '2023-05-05 22:07:11.408081', '2023-05-05 22:07:14.408081', 'False', 'None', 'SELECT Publishers.country, Authors.last_name FROM Publishers NATURAL JOIN Authors ON Publishers.country = Authors.last_name;', '3', '1');
INSERT INTO "QueryColumnAccess" ("queryId", "columnId")
    VALUES ('1178', '4');
INSERT INTO "QueryColumnAccess" ("queryId", "columnId")
    VALUES ('1178', '3');
INSERT INTO "QueryTableAccess" ("queryId", "tableId")
    VALUES ('1178', '3');
INSERT INTO "QueryTableAccess" ("queryId", "tableId")
    VALUES ('1178', '2');
SELECT 'Customers.customer_id', 'Authors.author_id' FROM Customers RIGHT OUTER JOIN Authors ON 'Customers.customer_id' = 'Authors.author_id';
INSERT INTO "SqlQuery" ("queryId", "userId", "issuedAt", "finishedAt", "hasError", "errorMessage", "statement", "projectId", "queryTypeId")
    VALUES ('1179', '8', '2023-05-26 22:07:11.408090', '2023-05-26 22:07:14.408090', 'False', 'None', 'SELECT Customers.customer_id, Authors.author_id FROM Customers RIGHT OUTER JOIN Authors ON Customers.customer_id = Authors.author_id;', '3', '1');
INSERT INTO "QueryColumnAccess" ("queryId", "columnId")
    VALUES ('1179', '1');
INSERT INTO "QueryColumnAccess" ("queryId", "columnId")
    VALUES ('1179', '1');
INSERT INTO "QueryTableAccess" ("queryId", "tableId")
    VALUES ('1179', '4');
INSERT INTO "QueryTableAccess" ("queryId", "tableId")
    VALUES ('1179', '2');
SELECT 'Orders.status', 'Publishers.publisher_id' FROM Orders RIGHT OUTER JOIN Publishers ON 'Orders.status' = 'Publishers.publisher_id';
INSERT INTO "SqlQuery" ("queryId", "userId", "issuedAt", "finishedAt", "hasError", "errorMessage", "statement", "projectId", "queryTypeId")
    VALUES ('1180', '9', '2023-05-10 22:07:11.408099', '2023-05-10 22:07:14.408099', 'False', 'None', 'SELECT Orders.status, Publishers.publisher_id FROM Orders RIGHT OUTER JOIN Publishers ON Orders.status = Publishers.publisher_id;', '3', '1');
INSERT INTO "QueryColumnAccess" ("queryId", "columnId")
    VALUES ('1180', '5');
INSERT INTO "QueryColumnAccess" ("queryId", "columnId")
    VALUES ('1180', '1');
INSERT INTO "QueryTableAccess" ("queryId", "tableId")
    VALUES ('1180', '5');
INSERT INTO "QueryTableAccess" ("queryId", "tableId")
    VALUES ('1180', '3');
SELECT 'Publishers.established_date', 'Authors.first_name' FROM Publishers LEFT OUTER JOIN Authors ON 'Publishers.established_date' = 'Authors.first_name';
INSERT INTO "SqlQuery" ("queryId", "userId", "issuedAt", "finishedAt", "hasError", "errorMessage", "statement", "projectId", "queryTypeId")
    VALUES ('1181', '5', '2023-05-12 22:07:11.408107', '2023-05-12 22:07:12.408107', 'False', 'None', 'SELECT Publishers.established_date, Authors.first_name FROM Publishers LEFT OUTER JOIN Authors ON Publishers.established_date = Authors.first_name;', '3', '1');
INSERT INTO "QueryColumnAccess" ("queryId", "columnId")
    VALUES ('1181', '3');
INSERT INTO "QueryColumnAccess" ("queryId", "columnId")
    VALUES ('1181', '2');
INSERT INTO "QueryTableAccess" ("queryId", "tableId")
    VALUES ('1181', '3');
INSERT INTO "QueryTableAccess" ("queryId", "tableId")
    VALUES ('1181', '2');
SELECT 'Authors.author_id', 'Customers.city' FROM Authors RIGHT OUTER JOIN Customers ON 'Authors.author_id' = 'Customers.city';
INSERT INTO "SqlQuery" ("queryId", "userId", "issuedAt", "finishedAt", "hasError", "errorMessage", "statement", "projectId", "queryTypeId")
    VALUES ('1182', '10', '2023-05-25 22:07:11.408120', '2023-05-25 22:07:14.408120', 'False', 'None', 'SELECT Authors.author_id, Customers.city FROM Authors RIGHT OUTER JOIN Customers ON Authors.author_id = Customers.city;', '3', '1');
INSERT INTO "QueryColumnAccess" ("queryId", "columnId")
    VALUES ('1182', '1');
INSERT INTO "QueryColumnAccess" ("queryId", "columnId")
    VALUES ('1182', '7');
INSERT INTO "QueryTableAccess" ("queryId", "tableId")
    VALUES ('1182', '2');
INSERT INTO "QueryTableAccess" ("queryId", "tableId")
    VALUES ('1182', '4');
SELECT 'Publishers.publisher_name', 'Customers.email' FROM Publishers RIGHT OUTER JOIN Customers ON 'Publishers.publisher_name' = 'Customers.email';
INSERT INTO "SqlQuery" ("queryId", "userId", "issuedAt", "finishedAt", "hasError", "errorMessage", "statement", "projectId", "queryTypeId")
    VALUES ('1183', '10', '2023-06-03 22:07:11.408129', '2023-06-03 22:07:13.408129', 'False', 'None', 'SELECT Publishers.publisher_name, Customers.email FROM Publishers RIGHT OUTER JOIN Customers ON Publishers.publisher_name = Customers.email;', '3', '1');
INSERT INTO "QueryColumnAccess" ("queryId", "columnId")
    VALUES ('1183', '2');
INSERT INTO "QueryColumnAccess" ("queryId", "columnId")
    VALUES ('1183', '4');
INSERT INTO "QueryTableAccess" ("queryId", "tableId")
    VALUES ('1183', '3');
INSERT INTO "QueryTableAccess" ("queryId", "tableId")
    VALUES ('1183', '4');
SELECT 'Authors.country', 'Publishers.publisher_id' FROM Authors RIGHT OUTER JOIN Publishers ON 'Authors.country' = 'Publishers.publisher_id';
INSERT INTO "SqlQuery" ("queryId", "userId", "issuedAt", "finishedAt", "hasError", "errorMessage", "statement", "projectId", "queryTypeId")
    VALUES ('1184', '14', '2023-04-19 22:07:11.408139', '2023-04-19 22:07:12.408139', 'False', 'None', 'SELECT Authors.country, Publishers.publisher_id FROM Authors RIGHT OUTER JOIN Publishers ON Authors.country = Publishers.publisher_id;', '3', '1');
INSERT INTO "QueryColumnAccess" ("queryId", "columnId")
    VALUES ('1184', '5');
INSERT INTO "QueryColumnAccess" ("queryId", "columnId")
    VALUES ('1184', '1');
INSERT INTO "QueryTableAccess" ("queryId", "tableId")
    VALUES ('1184', '2');
INSERT INTO "QueryTableAccess" ("queryId", "tableId")
    VALUES ('1184', '3');
SELECT 'Publishers.publisher_id', 'Books.author' FROM Publishers RIGHT OUTER JOIN Books ON 'Publishers.publisher_id' = 'Books.author';
INSERT INTO "SqlQuery" ("queryId", "userId", "issuedAt", "finishedAt", "hasError", "errorMessage", "statement", "projectId", "queryTypeId")
    VALUES ('1185', '13', '2023-07-08 22:07:11.408147', '2023-07-08 22:07:12.408147', 'False', 'None', 'SELECT Publishers.publisher_id, Books.author FROM Publishers RIGHT OUTER JOIN Books ON Publishers.publisher_id = Books.author;', '3', '1');
INSERT INTO "QueryColumnAccess" ("queryId", "columnId")
    VALUES ('1185', '1');
INSERT INTO "QueryColumnAccess" ("queryId", "columnId")
    VALUES ('1185', '3');
INSERT INTO "QueryTableAccess" ("queryId", "tableId")
    VALUES ('1185', '3');
INSERT INTO "QueryTableAccess" ("queryId", "tableId")
    VALUES ('1185', '1');
SELECT 'Publishers.established_date', 'Orders.shipping_state' FROM Publishers LEFT OUTER JOIN Orders ON 'Publishers.established_date' = 'Orders.shipping_state';
INSERT INTO "SqlQuery" ("queryId", "userId", "issuedAt", "finishedAt", "hasError", "errorMessage", "statement", "projectId", "queryTypeId")
    VALUES ('1186', '5', '2023-04-12 22:07:11.408156', '2023-04-12 22:07:12.408156', 'False', 'None', 'SELECT Publishers.established_date, Orders.shipping_state FROM Publishers LEFT OUTER JOIN Orders ON Publishers.established_date = Orders.shipping_state;', '3', '1');
INSERT INTO "QueryColumnAccess" ("queryId", "columnId")
    VALUES ('1186', '3');
INSERT INTO "QueryColumnAccess" ("queryId", "columnId")
    VALUES ('1186', '8');
INSERT INTO "QueryTableAccess" ("queryId", "tableId")
    VALUES ('1186', '3');
INSERT INTO "QueryTableAccess" ("queryId", "tableId")
    VALUES ('1186', '5');
SELECT 'Orders.shipping_country', 'Authors.last_name' FROM Orders RIGHT OUTER JOIN Authors ON 'Orders.shipping_country' = 'Authors.last_name';
INSERT INTO "SqlQuery" ("queryId", "userId", "issuedAt", "finishedAt", "hasError", "errorMessage", "statement", "projectId", "queryTypeId")
    VALUES ('1187', '15', '2023-04-21 22:07:11.408165', '2023-04-21 22:07:13.408165', 'False', 'None', 'SELECT Orders.shipping_country, Authors.last_name FROM Orders RIGHT OUTER JOIN Authors ON Orders.shipping_country = Authors.last_name;', '3', '1');
INSERT INTO "QueryColumnAccess" ("queryId", "columnId")
    VALUES ('1187', '10');
INSERT INTO "QueryColumnAccess" ("queryId", "columnId")
    VALUES ('1187', '3');
INSERT INTO "QueryTableAccess" ("queryId", "tableId")
    VALUES ('1187', '5');
INSERT INTO "QueryTableAccess" ("queryId", "tableId")
    VALUES ('1187', '2');
SELECT 'Orders.status', 'Authors.country' FROM Orders RIGHT OUTER JOIN Authors ON 'Orders.status' = 'Authors.country';
INSERT INTO "SqlQuery" ("queryId", "userId", "issuedAt", "finishedAt", "hasError", "errorMessage", "statement", "projectId", "queryTypeId")
    VALUES ('1188', '4', '2023-04-11 22:07:11.408175', '2023-04-11 22:07:12.408175', 'False', 'None', 'SELECT Orders.status, Authors.country FROM Orders RIGHT OUTER JOIN Authors ON Orders.status = Authors.country;', '3', '1');
INSERT INTO "QueryColumnAccess" ("queryId", "columnId")
    VALUES ('1188', '5');
INSERT INTO "QueryColumnAccess" ("queryId", "columnId")
    VALUES ('1188', '5');
INSERT INTO "QueryTableAccess" ("queryId", "tableId")
    VALUES ('1188', '5');
INSERT INTO "QueryTableAccess" ("queryId", "tableId")
    VALUES ('1188', '2');
SELECT 'Authors.birth_date', 'Publishers.country' FROM Authors RIGHT OUTER JOIN Publishers ON 'Authors.birth_date' = 'Publishers.country';
INSERT INTO "SqlQuery" ("queryId", "userId", "issuedAt", "finishedAt", "hasError", "errorMessage", "statement", "projectId", "queryTypeId")
    VALUES ('1189', '11', '2023-07-08 22:07:11.408185', '2023-07-08 22:07:15.408185', 'False', 'None', 'SELECT Authors.birth_date, Publishers.country FROM Authors RIGHT OUTER JOIN Publishers ON Authors.birth_date = Publishers.country;', '3', '1');
INSERT INTO "QueryColumnAccess" ("queryId", "columnId")
    VALUES ('1189', '4');
INSERT INTO "QueryColumnAccess" ("queryId", "columnId")
    VALUES ('1189', '4');
INSERT INTO "QueryTableAccess" ("queryId", "tableId")
    VALUES ('1189', '2');
INSERT INTO "QueryTableAccess" ("queryId", "tableId")
    VALUES ('1189', '3');
SELECT 'Customers.country', 'Publishers.website' FROM Customers LEFT OUTER JOIN Publishers ON 'Customers.country' = 'Publishers.website';
INSERT INTO "SqlQuery" ("queryId", "userId", "issuedAt", "finishedAt", "hasError", "errorMessage", "statement", "projectId", "queryTypeId")
    VALUES ('1190', '2', '2023-04-23 22:07:11.408195', '2023-04-23 22:07:13.408195', 'False', 'None', 'SELECT Customers.country, Publishers.website FROM Customers LEFT OUTER JOIN Publishers ON Customers.country = Publishers.website;', '3', '1');
INSERT INTO "QueryColumnAccess" ("queryId", "columnId")
    VALUES ('1190', '10');
INSERT INTO "QueryColumnAccess" ("queryId", "columnId")
    VALUES ('1190', '5');
INSERT INTO "QueryTableAccess" ("queryId", "tableId")
    VALUES ('1190', '4');
INSERT INTO "QueryTableAccess" ("queryId", "tableId")
    VALUES ('1190', '3');
SELECT 'Books.book_id', 'Customers.last_name' FROM Books LEFT OUTER JOIN Customers ON 'Books.book_id' = 'Customers.last_name';
INSERT INTO "SqlQuery" ("queryId", "userId", "issuedAt", "finishedAt", "hasError", "errorMessage", "statement", "projectId", "queryTypeId")
    VALUES ('1191', '5', '2023-05-01 22:07:11.408205', '2023-05-01 22:07:13.408205', 'False', 'None', 'SELECT Books.book_id, Customers.last_name FROM Books LEFT OUTER JOIN Customers ON Books.book_id = Customers.last_name;', '3', '1');
INSERT INTO "QueryColumnAccess" ("queryId", "columnId")
    VALUES ('1191', '1');
INSERT INTO "QueryColumnAccess" ("queryId", "columnId")
    VALUES ('1191', '3');
INSERT INTO "QueryTableAccess" ("queryId", "tableId")
    VALUES ('1191', '1');
INSERT INTO "QueryTableAccess" ("queryId", "tableId")
    VALUES ('1191', '4');
SELECT 'Customers.phone_number', 'Publishers.website' FROM Customers RIGHT OUTER JOIN Publishers ON 'Customers.phone_number' = 'Publishers.website';
INSERT INTO "SqlQuery" ("queryId", "userId", "issuedAt", "finishedAt", "hasError", "errorMessage", "statement", "projectId", "queryTypeId")
    VALUES ('1192', '9', '2023-05-18 22:07:11.408220', '2023-05-18 22:07:14.408220', 'False', 'None', 'SELECT Customers.phone_number, Publishers.website FROM Customers RIGHT OUTER JOIN Publishers ON Customers.phone_number = Publishers.website;', '3', '1');
INSERT INTO "QueryColumnAccess" ("queryId", "columnId")
    VALUES ('1192', '5');
INSERT INTO "QueryColumnAccess" ("queryId", "columnId")
    VALUES ('1192', '5');
INSERT INTO "QueryTableAccess" ("queryId", "tableId")
    VALUES ('1192', '4');
INSERT INTO "QueryTableAccess" ("queryId", "tableId")
    VALUES ('1192', '3');
SELECT 'Orders.customer_id', 'Publishers.established_date' FROM Orders NATURAL JOIN Publishers ON 'Orders.customer_id' = 'Publishers.established_date';
INSERT INTO "SqlQuery" ("queryId", "userId", "issuedAt", "finishedAt", "hasError", "errorMessage", "statement", "projectId", "queryTypeId")
    VALUES ('1193', '7', '2023-06-21 22:07:11.408230', '2023-06-21 22:07:13.408230', 'False', 'None', 'SELECT Orders.customer_id, Publishers.established_date FROM Orders NATURAL JOIN Publishers ON Orders.customer_id = Publishers.established_date;', '3', '1');
INSERT INTO "QueryColumnAccess" ("queryId", "columnId")
    VALUES ('1193', '2');
INSERT INTO "QueryColumnAccess" ("queryId", "columnId")
    VALUES ('1193', '3');
INSERT INTO "QueryTableAccess" ("queryId", "tableId")
    VALUES ('1193', '5');
INSERT INTO "QueryTableAccess" ("queryId", "tableId")
    VALUES ('1193', '3');
SELECT 'Publishers.country', 'Orders.order_id' FROM Publishers RIGHT OUTER JOIN Orders ON 'Publishers.country' = 'Orders.order_id';
INSERT INTO "SqlQuery" ("queryId", "userId", "issuedAt", "finishedAt", "hasError", "errorMessage", "statement", "projectId", "queryTypeId")
    VALUES ('1194', '14', '2023-04-15 22:07:11.408239', '2023-04-15 22:07:15.408239', 'False', 'None', 'SELECT Publishers.country, Orders.order_id FROM Publishers RIGHT OUTER JOIN Orders ON Publishers.country = Orders.order_id;', '3', '1');
INSERT INTO "QueryColumnAccess" ("queryId", "columnId")
    VALUES ('1194', '4');
INSERT INTO "QueryColumnAccess" ("queryId", "columnId")
    VALUES ('1194', '1');
INSERT INTO "QueryTableAccess" ("queryId", "tableId")
    VALUES ('1194', '3');
INSERT INTO "QueryTableAccess" ("queryId", "tableId")
    VALUES ('1194', '5');
SELECT 'Orders.status', 'Books.publisher' FROM Orders RIGHT OUTER JOIN Books ON 'Orders.status' = 'Books.publisher';
INSERT INTO "SqlQuery" ("queryId", "userId", "issuedAt", "finishedAt", "hasError", "errorMessage", "statement", "projectId", "queryTypeId")
    VALUES ('1195', '6', '2023-07-01 22:07:11.408248', '2023-07-01 22:07:15.408248', 'False', 'None', 'SELECT Orders.status, Books.publisher FROM Orders RIGHT OUTER JOIN Books ON Orders.status = Books.publisher;', '3', '1');
INSERT INTO "QueryColumnAccess" ("queryId", "columnId")
    VALUES ('1195', '5');
INSERT INTO "QueryColumnAccess" ("queryId", "columnId")
    VALUES ('1195', '5');
INSERT INTO "QueryTableAccess" ("queryId", "tableId")
    VALUES ('1195', '5');
INSERT INTO "QueryTableAccess" ("queryId", "tableId")
    VALUES ('1195', '1');
SELECT 'Publishers.website', 'Orders.order_id' FROM Publishers NATURAL JOIN Orders ON 'Publishers.website' = 'Orders.order_id';
INSERT INTO "SqlQuery" ("queryId", "userId", "issuedAt", "finishedAt", "hasError", "errorMessage", "statement", "projectId", "queryTypeId")
    VALUES ('1196', '13', '2023-06-10 22:07:11.408258', '2023-06-10 22:07:13.408258', 'False', 'None', 'SELECT Publishers.website, Orders.order_id FROM Publishers NATURAL JOIN Orders ON Publishers.website = Orders.order_id;', '3', '1');
INSERT INTO "QueryColumnAccess" ("queryId", "columnId")
    VALUES ('1196', '5');
INSERT INTO "QueryColumnAccess" ("queryId", "columnId")
    VALUES ('1196', '1');
INSERT INTO "QueryTableAccess" ("queryId", "tableId")
    VALUES ('1196', '3');
INSERT INTO "QueryTableAccess" ("queryId", "tableId")
    VALUES ('1196', '5');
SELECT 'Orders.shipping_address', 'Customers.country' FROM Orders LEFT OUTER JOIN Customers ON 'Orders.shipping_address' = 'Customers.country';
INSERT INTO "SqlQuery" ("queryId", "userId", "issuedAt", "finishedAt", "hasError", "errorMessage", "statement", "projectId", "queryTypeId")
    VALUES ('1197', '4', '2023-07-09 22:07:11.408267', '2023-07-09 22:07:12.408267', 'False', 'None', 'SELECT Orders.shipping_address, Customers.country FROM Orders LEFT OUTER JOIN Customers ON Orders.shipping_address = Customers.country;', '3', '1');
INSERT INTO "QueryColumnAccess" ("queryId", "columnId")
    VALUES ('1197', '6');
INSERT INTO "QueryColumnAccess" ("queryId", "columnId")
    VALUES ('1197', '10');
INSERT INTO "QueryTableAccess" ("queryId", "tableId")
    VALUES ('1197', '5');
INSERT INTO "QueryTableAccess" ("queryId", "tableId")
    VALUES ('1197', '4');
SELECT 'Orders.total_amount', 'Customers.first_name' FROM Orders RIGHT OUTER JOIN Customers ON 'Orders.total_amount' = 'Customers.first_name';
INSERT INTO "SqlQuery" ("queryId", "userId", "issuedAt", "finishedAt", "hasError", "errorMessage", "statement", "projectId", "queryTypeId")
    VALUES ('1198', '9', '2023-04-16 22:07:11.408275', '2023-04-16 22:07:15.408275', 'False', 'None', 'SELECT Orders.total_amount, Customers.first_name FROM Orders RIGHT OUTER JOIN Customers ON Orders.total_amount = Customers.first_name;', '3', '1');
INSERT INTO "QueryColumnAccess" ("queryId", "columnId")
    VALUES ('1198', '4');
INSERT INTO "QueryColumnAccess" ("queryId", "columnId")
    VALUES ('1198', '2');
INSERT INTO "QueryTableAccess" ("queryId", "tableId")
    VALUES ('1198', '5');
INSERT INTO "QueryTableAccess" ("queryId", "tableId")
    VALUES ('1198', '4');
SELECT 'Books.category_id', 'Publishers.website' FROM Books RIGHT OUTER JOIN Publishers ON 'Books.category_id' = 'Publishers.website';
INSERT INTO "SqlQuery" ("queryId", "userId", "issuedAt", "finishedAt", "hasError", "errorMessage", "statement", "projectId", "queryTypeId")
    VALUES ('1199', '13', '2023-07-05 22:07:11.408284', '2023-07-05 22:07:14.408284', 'False', 'None', 'SELECT Books.category_id, Publishers.website FROM Books RIGHT OUTER JOIN Publishers ON Books.category_id = Publishers.website;', '3', '1');
INSERT INTO "QueryColumnAccess" ("queryId", "columnId")
    VALUES ('1199', '7');
INSERT INTO "QueryColumnAccess" ("queryId", "columnId")
    VALUES ('1199', '5');
INSERT INTO "QueryTableAccess" ("queryId", "tableId")
    VALUES ('1199', '1');
INSERT INTO "QueryTableAccess" ("queryId", "tableId")
    VALUES ('1199', '3');
SELECT 'Publishers.country', 'Customers.phone_number' FROM Publishers RIGHT OUTER JOIN Customers ON 'Publishers.country' = 'Customers.phone_number';
INSERT INTO "SqlQuery" ("queryId", "userId", "issuedAt", "finishedAt", "hasError", "errorMessage", "statement", "projectId", "queryTypeId")
    VALUES ('1200', '14', '2023-06-12 22:07:11.408293', '2023-06-12 22:07:13.408293', 'False', 'None', 'SELECT Publishers.country, Customers.phone_number FROM Publishers RIGHT OUTER JOIN Customers ON Publishers.country = Customers.phone_number;', '3', '1');
INSERT INTO "QueryColumnAccess" ("queryId", "columnId")
    VALUES ('1200', '4');
INSERT INTO "QueryColumnAccess" ("queryId", "columnId")
    VALUES ('1200', '5');
INSERT INTO "QueryTableAccess" ("queryId", "tableId")
    VALUES ('1200', '3');
INSERT INTO "QueryTableAccess" ("queryId", "tableId")
    VALUES ('1200', '4');
SELECT 'Authors.author_id', 'Customers.state' FROM Authors LEFT OUTER JOIN Customers ON 'Authors.author_id' = 'Customers.state';
INSERT INTO "SqlQuery" ("queryId", "userId", "issuedAt", "finishedAt", "hasError", "errorMessage", "statement", "projectId", "queryTypeId")
    VALUES ('1201', '9', '2023-07-09 22:07:11.408308', '2023-07-09 22:07:15.408308', 'False', 'None', 'SELECT Authors.author_id, Customers.state FROM Authors LEFT OUTER JOIN Customers ON Authors.author_id = Customers.state;', '3', '1');
INSERT INTO "QueryColumnAccess" ("queryId", "columnId")
    VALUES ('1201', '1');
INSERT INTO "QueryColumnAccess" ("queryId", "columnId")
    VALUES ('1201', '8');
INSERT INTO "QueryTableAccess" ("queryId", "tableId")
    VALUES ('1201', '2');
INSERT INTO "QueryTableAccess" ("queryId", "tableId")
    VALUES ('1201', '4');
SELECT 'Customers.phone_number', 'Orders.shipping_country' FROM Customers RIGHT OUTER JOIN Orders ON 'Customers.phone_number' = 'Orders.shipping_country';
INSERT INTO "SqlQuery" ("queryId", "userId", "issuedAt", "finishedAt", "hasError", "errorMessage", "statement", "projectId", "queryTypeId")
    VALUES ('1202', '2', '2023-06-30 22:07:11.408317', '2023-06-30 22:07:12.408317', 'False', 'None', 'SELECT Customers.phone_number, Orders.shipping_country FROM Customers RIGHT OUTER JOIN Orders ON Customers.phone_number = Orders.shipping_country;', '3', '1');
INSERT INTO "QueryColumnAccess" ("queryId", "columnId")
    VALUES ('1202', '5');
INSERT INTO "QueryColumnAccess" ("queryId", "columnId")
    VALUES ('1202', '10');
INSERT INTO "QueryTableAccess" ("queryId", "tableId")
    VALUES ('1202', '4');
INSERT INTO "QueryTableAccess" ("queryId", "tableId")
    VALUES ('1202', '5');
SELECT 'Publishers.publisher_name', 'Books.book_id' FROM Publishers NATURAL JOIN Books ON 'Publishers.publisher_name' = 'Books.book_id';
INSERT INTO "SqlQuery" ("queryId", "userId", "issuedAt", "finishedAt", "hasError", "errorMessage", "statement", "projectId", "queryTypeId")
    VALUES ('1203', '12', '2023-05-27 22:07:11.408326', '2023-05-27 22:07:14.408326', 'False', 'None', 'SELECT Publishers.publisher_name, Books.book_id FROM Publishers NATURAL JOIN Books ON Publishers.publisher_name = Books.book_id;', '3', '1');
INSERT INTO "QueryColumnAccess" ("queryId", "columnId")
    VALUES ('1203', '2');
INSERT INTO "QueryColumnAccess" ("queryId", "columnId")
    VALUES ('1203', '1');
INSERT INTO "QueryTableAccess" ("queryId", "tableId")
    VALUES ('1203', '3');
INSERT INTO "QueryTableAccess" ("queryId", "tableId")
    VALUES ('1203', '1');
SELECT 'Publishers.publisher_id', 'Books.price' FROM Publishers LEFT OUTER JOIN Books ON 'Publishers.publisher_id' = 'Books.price';
INSERT INTO "SqlQuery" ("queryId", "userId", "issuedAt", "finishedAt", "hasError", "errorMessage", "statement", "projectId", "queryTypeId")
    VALUES ('1204', '13', '2023-04-22 22:07:11.408335', '2023-04-22 22:07:12.408335', 'False', 'None', 'SELECT Publishers.publisher_id, Books.price FROM Publishers LEFT OUTER JOIN Books ON Publishers.publisher_id = Books.price;', '3', '1');
INSERT INTO "QueryColumnAccess" ("queryId", "columnId")
    VALUES ('1204', '1');
INSERT INTO "QueryColumnAccess" ("queryId", "columnId")
    VALUES ('1204', '6');
INSERT INTO "QueryTableAccess" ("queryId", "tableId")
    VALUES ('1204', '3');
INSERT INTO "QueryTableAccess" ("queryId", "tableId")
    VALUES ('1204', '1');
SELECT 'Authors.first_name', 'Books.publication_date' FROM Authors RIGHT OUTER JOIN Books ON 'Authors.first_name' = 'Books.publication_date';
INSERT INTO "SqlQuery" ("queryId", "userId", "issuedAt", "finishedAt", "hasError", "errorMessage", "statement", "projectId", "queryTypeId")
    VALUES ('1205', '12', '2023-05-23 22:07:11.408343', '2023-05-23 22:07:15.408343', 'False', 'None', 'SELECT Authors.first_name, Books.publication_date FROM Authors RIGHT OUTER JOIN Books ON Authors.first_name = Books.publication_date;', '3', '1');
INSERT INTO "QueryColumnAccess" ("queryId", "columnId")
    VALUES ('1205', '2');
INSERT INTO "QueryColumnAccess" ("queryId", "columnId")
    VALUES ('1205', '4');
INSERT INTO "QueryTableAccess" ("queryId", "tableId")
    VALUES ('1205', '2');
INSERT INTO "QueryTableAccess" ("queryId", "tableId")
    VALUES ('1205', '1');
SELECT 'Authors.birth_date', 'Publishers.country' FROM Authors NATURAL JOIN Publishers ON 'Authors.birth_date' = 'Publishers.country';
INSERT INTO "SqlQuery" ("queryId", "userId", "issuedAt", "finishedAt", "hasError", "errorMessage", "statement", "projectId", "queryTypeId")
    VALUES ('1206', '3', '2023-06-10 22:07:11.408352', '2023-06-10 22:07:13.408352', 'False', 'None', 'SELECT Authors.birth_date, Publishers.country FROM Authors NATURAL JOIN Publishers ON Authors.birth_date = Publishers.country;', '3', '1');
INSERT INTO "QueryColumnAccess" ("queryId", "columnId")
    VALUES ('1206', '4');
INSERT INTO "QueryColumnAccess" ("queryId", "columnId")
    VALUES ('1206', '4');
INSERT INTO "QueryTableAccess" ("queryId", "tableId")
    VALUES ('1206', '2');
INSERT INTO "QueryTableAccess" ("queryId", "tableId")
    VALUES ('1206', '3');
SELECT 'Customers.address', 'Authors.birth_date' FROM Customers NATURAL JOIN Authors ON 'Customers.address' = 'Authors.birth_date';
INSERT INTO "SqlQuery" ("queryId", "userId", "issuedAt", "finishedAt", "hasError", "errorMessage", "statement", "projectId", "queryTypeId")
    VALUES ('1207', '14', '2023-04-23 22:07:11.408360', '2023-04-23 22:07:14.408360', 'False', 'None', 'SELECT Customers.address, Authors.birth_date FROM Customers NATURAL JOIN Authors ON Customers.address = Authors.birth_date;', '3', '1');
INSERT INTO "QueryColumnAccess" ("queryId", "columnId")
    VALUES ('1207', '6');
INSERT INTO "QueryColumnAccess" ("queryId", "columnId")
    VALUES ('1207', '4');
INSERT INTO "QueryTableAccess" ("queryId", "tableId")
    VALUES ('1207', '4');
INSERT INTO "QueryTableAccess" ("queryId", "tableId")
    VALUES ('1207', '2');
SELECT 'Orders.status', 'Publishers.website' FROM Orders RIGHT OUTER JOIN Publishers ON 'Orders.status' = 'Publishers.website';
INSERT INTO "SqlQuery" ("queryId", "userId", "issuedAt", "finishedAt", "hasError", "errorMessage", "statement", "projectId", "queryTypeId")
    VALUES ('1208', '14', '2023-05-22 22:07:11.408369', '2023-05-22 22:07:15.408369', 'False', 'None', 'SELECT Orders.status, Publishers.website FROM Orders RIGHT OUTER JOIN Publishers ON Orders.status = Publishers.website;', '3', '1');
INSERT INTO "QueryColumnAccess" ("queryId", "columnId")
    VALUES ('1208', '5');
INSERT INTO "QueryColumnAccess" ("queryId", "columnId")
    VALUES ('1208', '5');
INSERT INTO "QueryTableAccess" ("queryId", "tableId")
    VALUES ('1208', '5');
INSERT INTO "QueryTableAccess" ("queryId", "tableId")
    VALUES ('1208', '3');
SELECT 'Orders.shipping_state', 'Publishers.website' FROM Orders LEFT OUTER JOIN Publishers ON 'Orders.shipping_state' = 'Publishers.website';
INSERT INTO "SqlQuery" ("queryId", "userId", "issuedAt", "finishedAt", "hasError", "errorMessage", "statement", "projectId", "queryTypeId")
    VALUES ('1209', '6', '2023-04-18 22:07:11.408378', '2023-04-18 22:07:13.408378', 'False', 'None', 'SELECT Orders.shipping_state, Publishers.website FROM Orders LEFT OUTER JOIN Publishers ON Orders.shipping_state = Publishers.website;', '3', '1');
INSERT INTO "QueryColumnAccess" ("queryId", "columnId")
    VALUES ('1209', '8');
INSERT INTO "QueryColumnAccess" ("queryId", "columnId")
    VALUES ('1209', '5');
INSERT INTO "QueryTableAccess" ("queryId", "tableId")
    VALUES ('1209', '5');
INSERT INTO "QueryTableAccess" ("queryId", "tableId")
    VALUES ('1209', '3');
SELECT 'Orders.shipping_country', 'Publishers.publisher_name' FROM Orders NATURAL JOIN Publishers ON 'Orders.shipping_country' = 'Publishers.publisher_name';
INSERT INTO "SqlQuery" ("queryId", "userId", "issuedAt", "finishedAt", "hasError", "errorMessage", "statement", "projectId", "queryTypeId")
    VALUES ('1210', '4', '2023-06-05 22:07:11.408399', '2023-06-05 22:07:15.408399', 'False', 'None', 'SELECT Orders.shipping_country, Publishers.publisher_name FROM Orders NATURAL JOIN Publishers ON Orders.shipping_country = Publishers.publisher_name;', '3', '1');
INSERT INTO "QueryColumnAccess" ("queryId", "columnId")
    VALUES ('1210', '10');
INSERT INTO "QueryColumnAccess" ("queryId", "columnId")
    VALUES ('1210', '2');
INSERT INTO "QueryTableAccess" ("queryId", "tableId")
    VALUES ('1210', '5');
INSERT INTO "QueryTableAccess" ("queryId", "tableId")
    VALUES ('1210', '3');
SELECT 'Orders.order_date', 'Publishers.publisher_id' FROM Orders LEFT OUTER JOIN Publishers ON 'Orders.order_date' = 'Publishers.publisher_id';
INSERT INTO "SqlQuery" ("queryId", "userId", "issuedAt", "finishedAt", "hasError", "errorMessage", "statement", "projectId", "queryTypeId")
    VALUES ('1211', '11', '2023-06-25 22:07:11.408414', '2023-06-25 22:07:14.408414', 'False', 'None', 'SELECT Orders.order_date, Publishers.publisher_id FROM Orders LEFT OUTER JOIN Publishers ON Orders.order_date = Publishers.publisher_id;', '3', '1');
INSERT INTO "QueryColumnAccess" ("queryId", "columnId")
    VALUES ('1211', '3');
INSERT INTO "QueryColumnAccess" ("queryId", "columnId")
    VALUES ('1211', '1');
INSERT INTO "QueryTableAccess" ("queryId", "tableId")
    VALUES ('1211', '5');
INSERT INTO "QueryTableAccess" ("queryId", "tableId")
    VALUES ('1211', '3');
SELECT 'Publishers.publisher_name', 'Orders.shipping_address' FROM Publishers LEFT OUTER JOIN Orders ON 'Publishers.publisher_name' = 'Orders.shipping_address';
INSERT INTO "SqlQuery" ("queryId", "userId", "issuedAt", "finishedAt", "hasError", "errorMessage", "statement", "projectId", "queryTypeId")
    VALUES ('1212', '10', '2023-06-10 22:07:11.408423', '2023-06-10 22:07:13.408423', 'False', 'None', 'SELECT Publishers.publisher_name, Orders.shipping_address FROM Publishers LEFT OUTER JOIN Orders ON Publishers.publisher_name = Orders.shipping_address;', '3', '1');
INSERT INTO "QueryColumnAccess" ("queryId", "columnId")
    VALUES ('1212', '2');
INSERT INTO "QueryColumnAccess" ("queryId", "columnId")
    VALUES ('1212', '6');
INSERT INTO "QueryTableAccess" ("queryId", "tableId")
    VALUES ('1212', '3');
INSERT INTO "QueryTableAccess" ("queryId", "tableId")
    VALUES ('1212', '5');
SELECT 'Books.author', 'Orders.shipping_address' FROM Books LEFT OUTER JOIN Orders ON 'Books.author' = 'Orders.shipping_address';
INSERT INTO "SqlQuery" ("queryId", "userId", "issuedAt", "finishedAt", "hasError", "errorMessage", "statement", "projectId", "queryTypeId")
    VALUES ('1213', '7', '2023-05-14 22:07:11.408432', '2023-05-14 22:07:12.408432', 'False', 'None', 'SELECT Books.author, Orders.shipping_address FROM Books LEFT OUTER JOIN Orders ON Books.author = Orders.shipping_address;', '3', '1');
INSERT INTO "QueryColumnAccess" ("queryId", "columnId")
    VALUES ('1213', '3');
INSERT INTO "QueryColumnAccess" ("queryId", "columnId")
    VALUES ('1213', '6');
INSERT INTO "QueryTableAccess" ("queryId", "tableId")
    VALUES ('1213', '1');
INSERT INTO "QueryTableAccess" ("queryId", "tableId")
    VALUES ('1213', '5');
SELECT 'Authors.country', 'Customers.last_name' FROM Authors LEFT OUTER JOIN Customers ON 'Authors.country' = 'Customers.last_name';
INSERT INTO "SqlQuery" ("queryId", "userId", "issuedAt", "finishedAt", "hasError", "errorMessage", "statement", "projectId", "queryTypeId")
    VALUES ('1214', '6', '2023-05-19 22:07:11.408441', '2023-05-19 22:07:14.408441', 'False', 'None', 'SELECT Authors.country, Customers.last_name FROM Authors LEFT OUTER JOIN Customers ON Authors.country = Customers.last_name;', '3', '1');
INSERT INTO "QueryColumnAccess" ("queryId", "columnId")
    VALUES ('1214', '5');
INSERT INTO "QueryColumnAccess" ("queryId", "columnId")
    VALUES ('1214', '3');
INSERT INTO "QueryTableAccess" ("queryId", "tableId")
    VALUES ('1214', '2');
INSERT INTO "QueryTableAccess" ("queryId", "tableId")
    VALUES ('1214', '4');
SELECT 'Orders.shipping_zip_code', 'Authors.author_id' FROM Orders RIGHT OUTER JOIN Authors ON 'Orders.shipping_zip_code' = 'Authors.author_id';
INSERT INTO "SqlQuery" ("queryId", "userId", "issuedAt", "finishedAt", "hasError", "errorMessage", "statement", "projectId", "queryTypeId")
    VALUES ('1215', '4', '2023-06-15 22:07:11.408450', '2023-06-15 22:07:13.408450', 'False', 'None', 'SELECT Orders.shipping_zip_code, Authors.author_id FROM Orders RIGHT OUTER JOIN Authors ON Orders.shipping_zip_code = Authors.author_id;', '3', '1');
INSERT INTO "QueryColumnAccess" ("queryId", "columnId")
    VALUES ('1215', '9');
INSERT INTO "QueryColumnAccess" ("queryId", "columnId")
    VALUES ('1215', '1');
INSERT INTO "QueryTableAccess" ("queryId", "tableId")
    VALUES ('1215', '5');
INSERT INTO "QueryTableAccess" ("queryId", "tableId")
    VALUES ('1215', '2');
SELECT 'Books.author', 'Authors.author_id' FROM Books RIGHT OUTER JOIN Authors ON 'Books.author' = 'Authors.author_id';
INSERT INTO "SqlQuery" ("queryId", "userId", "issuedAt", "finishedAt", "hasError", "errorMessage", "statement", "projectId", "queryTypeId")
    VALUES ('1216', '9', '2023-06-29 22:07:11.408459', '2023-06-29 22:07:15.408459', 'False', 'None', 'SELECT Books.author, Authors.author_id FROM Books RIGHT OUTER JOIN Authors ON Books.author = Authors.author_id;', '3', '1');
INSERT INTO "QueryColumnAccess" ("queryId", "columnId")
    VALUES ('1216', '3');
INSERT INTO "QueryColumnAccess" ("queryId", "columnId")
    VALUES ('1216', '1');
INSERT INTO "QueryTableAccess" ("queryId", "tableId")
    VALUES ('1216', '1');
INSERT INTO "QueryTableAccess" ("queryId", "tableId")
    VALUES ('1216', '2');
SELECT 'Books.book_id', 'Authors.birth_date' FROM Books NATURAL JOIN Authors ON 'Books.book_id' = 'Authors.birth_date';
INSERT INTO "SqlQuery" ("queryId", "userId", "issuedAt", "finishedAt", "hasError", "errorMessage", "statement", "projectId", "queryTypeId")
    VALUES ('1217', '4', '2023-05-06 22:07:11.408467', '2023-05-06 22:07:14.408467', 'False', 'None', 'SELECT Books.book_id, Authors.birth_date FROM Books NATURAL JOIN Authors ON Books.book_id = Authors.birth_date;', '3', '1');
INSERT INTO "QueryColumnAccess" ("queryId", "columnId")
    VALUES ('1217', '1');
INSERT INTO "QueryColumnAccess" ("queryId", "columnId")
    VALUES ('1217', '4');
INSERT INTO "QueryTableAccess" ("queryId", "tableId")
    VALUES ('1217', '1');
INSERT INTO "QueryTableAccess" ("queryId", "tableId")
    VALUES ('1217', '2');
SELECT 'Authors.last_name', 'Publishers.publisher_id' FROM Authors NATURAL JOIN Publishers ON 'Authors.last_name' = 'Publishers.publisher_id';
INSERT INTO "SqlQuery" ("queryId", "userId", "issuedAt", "finishedAt", "hasError", "errorMessage", "statement", "projectId", "queryTypeId")
    VALUES ('1218', '12', '2023-06-26 22:07:11.408476', '2023-06-26 22:07:14.408476', 'False', 'None', 'SELECT Authors.last_name, Publishers.publisher_id FROM Authors NATURAL JOIN Publishers ON Authors.last_name = Publishers.publisher_id;', '3', '1');
INSERT INTO "QueryColumnAccess" ("queryId", "columnId")
    VALUES ('1218', '3');
INSERT INTO "QueryColumnAccess" ("queryId", "columnId")
    VALUES ('1218', '1');
INSERT INTO "QueryTableAccess" ("queryId", "tableId")
    VALUES ('1218', '2');
INSERT INTO "QueryTableAccess" ("queryId", "tableId")
    VALUES ('1218', '3');
SELECT 'Orders.shipping_city', 'Books.category_id' FROM Orders LEFT OUTER JOIN Books ON 'Orders.shipping_city' = 'Books.category_id';
INSERT INTO "SqlQuery" ("queryId", "userId", "issuedAt", "finishedAt", "hasError", "errorMessage", "statement", "projectId", "queryTypeId")
    VALUES ('1219', '10', '2023-05-21 22:07:11.408485', '2023-05-21 22:07:13.408485', 'False', 'None', 'SELECT Orders.shipping_city, Books.category_id FROM Orders LEFT OUTER JOIN Books ON Orders.shipping_city = Books.category_id;', '3', '1');
INSERT INTO "QueryColumnAccess" ("queryId", "columnId")
    VALUES ('1219', '7');
INSERT INTO "QueryColumnAccess" ("queryId", "columnId")
    VALUES ('1219', '7');
INSERT INTO "QueryTableAccess" ("queryId", "tableId")
    VALUES ('1219', '5');
INSERT INTO "QueryTableAccess" ("queryId", "tableId")
    VALUES ('1219', '1');
SELECT 'Customers.city', 'Orders.customer_id' FROM Customers LEFT OUTER JOIN Orders ON 'Customers.city' = 'Orders.customer_id';
INSERT INTO "SqlQuery" ("queryId", "userId", "issuedAt", "finishedAt", "hasError", "errorMessage", "statement", "projectId", "queryTypeId")
    VALUES ('1220', '13', '2023-05-11 22:07:11.408498', '2023-05-11 22:07:12.408498', 'False', 'None', 'SELECT Customers.city, Orders.customer_id FROM Customers LEFT OUTER JOIN Orders ON Customers.city = Orders.customer_id;', '3', '1');
INSERT INTO "QueryColumnAccess" ("queryId", "columnId")
    VALUES ('1220', '7');
INSERT INTO "QueryColumnAccess" ("queryId", "columnId")
    VALUES ('1220', '2');
INSERT INTO "QueryTableAccess" ("queryId", "tableId")
    VALUES ('1220', '4');
INSERT INTO "QueryTableAccess" ("queryId", "tableId")
    VALUES ('1220', '5');
SELECT 'Books.publication_date', 'Customers.last_name' FROM Books LEFT OUTER JOIN Customers ON 'Books.publication_date' = 'Customers.last_name';
INSERT INTO "SqlQuery" ("queryId", "userId", "issuedAt", "finishedAt", "hasError", "errorMessage", "statement", "projectId", "queryTypeId")
    VALUES ('1221', '10', '2023-07-10 22:07:11.408507', '2023-07-10 22:07:12.408507', 'False', 'None', 'SELECT Books.publication_date, Customers.last_name FROM Books LEFT OUTER JOIN Customers ON Books.publication_date = Customers.last_name;', '3', '1');
INSERT INTO "QueryColumnAccess" ("queryId", "columnId")
    VALUES ('1221', '4');
INSERT INTO "QueryColumnAccess" ("queryId", "columnId")
    VALUES ('1221', '3');
INSERT INTO "QueryTableAccess" ("queryId", "tableId")
    VALUES ('1221', '1');
INSERT INTO "QueryTableAccess" ("queryId", "tableId")
    VALUES ('1221', '4');
SELECT 'Orders.status', 'Publishers.country' FROM Orders RIGHT OUTER JOIN Publishers ON 'Orders.status' = 'Publishers.country';
INSERT INTO "SqlQuery" ("queryId", "userId", "issuedAt", "finishedAt", "hasError", "errorMessage", "statement", "projectId", "queryTypeId")
    VALUES ('1222', '9', '2023-04-14 22:07:11.408516', '2023-04-14 22:07:13.408516', 'False', 'None', 'SELECT Orders.status, Publishers.country FROM Orders RIGHT OUTER JOIN Publishers ON Orders.status = Publishers.country;', '3', '1');
INSERT INTO "QueryColumnAccess" ("queryId", "columnId")
    VALUES ('1222', '5');
INSERT INTO "QueryColumnAccess" ("queryId", "columnId")
    VALUES ('1222', '4');
INSERT INTO "QueryTableAccess" ("queryId", "tableId")
    VALUES ('1222', '5');
INSERT INTO "QueryTableAccess" ("queryId", "tableId")
    VALUES ('1222', '3');
SELECT 'Authors.country', 'Publishers.publisher_name' FROM Authors NATURAL JOIN Publishers ON 'Authors.country' = 'Publishers.publisher_name';
INSERT INTO "SqlQuery" ("queryId", "userId", "issuedAt", "finishedAt", "hasError", "errorMessage", "statement", "projectId", "queryTypeId")
    VALUES ('1223', '14', '2023-06-24 22:07:11.408525', '2023-06-24 22:07:15.408525', 'False', 'None', 'SELECT Authors.country, Publishers.publisher_name FROM Authors NATURAL JOIN Publishers ON Authors.country = Publishers.publisher_name;', '3', '1');
INSERT INTO "QueryColumnAccess" ("queryId", "columnId")
    VALUES ('1223', '5');
INSERT INTO "QueryColumnAccess" ("queryId", "columnId")
    VALUES ('1223', '2');
INSERT INTO "QueryTableAccess" ("queryId", "tableId")
    VALUES ('1223', '2');
INSERT INTO "QueryTableAccess" ("queryId", "tableId")
    VALUES ('1223', '3');
SELECT 'Publishers.publisher_id', 'Books.publication_date' FROM Publishers LEFT OUTER JOIN Books ON 'Publishers.publisher_id' = 'Books.publication_date';
INSERT INTO "SqlQuery" ("queryId", "userId", "issuedAt", "finishedAt", "hasError", "errorMessage", "statement", "projectId", "queryTypeId")
    VALUES ('1224', '1', '2023-06-21 22:07:11.408534', '2023-06-21 22:07:13.408534', 'False', 'None', 'SELECT Publishers.publisher_id, Books.publication_date FROM Publishers LEFT OUTER JOIN Books ON Publishers.publisher_id = Books.publication_date;', '3', '1');
INSERT INTO "QueryColumnAccess" ("queryId", "columnId")
    VALUES ('1224', '1');
INSERT INTO "QueryColumnAccess" ("queryId", "columnId")
    VALUES ('1224', '4');
INSERT INTO "QueryTableAccess" ("queryId", "tableId")
    VALUES ('1224', '3');
INSERT INTO "QueryTableAccess" ("queryId", "tableId")
    VALUES ('1224', '1');
SELECT 'Authors.birth_date', 'Books.publication_date' FROM Authors LEFT OUTER JOIN Books ON 'Authors.birth_date' = 'Books.publication_date';
INSERT INTO "SqlQuery" ("queryId", "userId", "issuedAt", "finishedAt", "hasError", "errorMessage", "statement", "projectId", "queryTypeId")
    VALUES ('1225', '8', '2023-05-14 22:07:11.408543', '2023-05-14 22:07:13.408543', 'False', 'None', 'SELECT Authors.birth_date, Books.publication_date FROM Authors LEFT OUTER JOIN Books ON Authors.birth_date = Books.publication_date;', '3', '1');
INSERT INTO "QueryColumnAccess" ("queryId", "columnId")
    VALUES ('1225', '4');
INSERT INTO "QueryColumnAccess" ("queryId", "columnId")
    VALUES ('1225', '4');
INSERT INTO "QueryTableAccess" ("queryId", "tableId")
    VALUES ('1225', '2');
INSERT INTO "QueryTableAccess" ("queryId", "tableId")
    VALUES ('1225', '1');
SELECT 'Publishers.country', 'Authors.first_name' FROM Publishers NATURAL JOIN Authors ON 'Publishers.country' = 'Authors.first_name';
INSERT INTO "SqlQuery" ("queryId", "userId", "issuedAt", "finishedAt", "hasError", "errorMessage", "statement", "projectId", "queryTypeId")
    VALUES ('1226', '8', '2023-06-17 22:07:11.408552', '2023-06-17 22:07:12.408552', 'False', 'None', 'SELECT Publishers.country, Authors.first_name FROM Publishers NATURAL JOIN Authors ON Publishers.country = Authors.first_name;', '3', '1');
INSERT INTO "QueryColumnAccess" ("queryId", "columnId")
    VALUES ('1226', '4');
INSERT INTO "QueryColumnAccess" ("queryId", "columnId")
    VALUES ('1226', '2');
INSERT INTO "QueryTableAccess" ("queryId", "tableId")
    VALUES ('1226', '3');
INSERT INTO "QueryTableAccess" ("queryId", "tableId")
    VALUES ('1226', '2');
SELECT 'Customers.state', 'Books.book_id' FROM Customers NATURAL JOIN Books ON 'Customers.state' = 'Books.book_id';
INSERT INTO "SqlQuery" ("queryId", "userId", "issuedAt", "finishedAt", "hasError", "errorMessage", "statement", "projectId", "queryTypeId")
    VALUES ('1227', '8', '2023-05-21 22:07:11.408560', '2023-05-21 22:07:12.408560', 'False', 'None', 'SELECT Customers.state, Books.book_id FROM Customers NATURAL JOIN Books ON Customers.state = Books.book_id;', '3', '1');
INSERT INTO "QueryColumnAccess" ("queryId", "columnId")
    VALUES ('1227', '8');
INSERT INTO "QueryColumnAccess" ("queryId", "columnId")
    VALUES ('1227', '1');
INSERT INTO "QueryTableAccess" ("queryId", "tableId")
    VALUES ('1227', '4');
INSERT INTO "QueryTableAccess" ("queryId", "tableId")
    VALUES ('1227', '1');
SELECT 'Customers.last_name', 'Publishers.country' FROM Customers LEFT OUTER JOIN Publishers ON 'Customers.last_name' = 'Publishers.country';
INSERT INTO "SqlQuery" ("queryId", "userId", "issuedAt", "finishedAt", "hasError", "errorMessage", "statement", "projectId", "queryTypeId")
    VALUES ('1228', '13', '2023-06-24 22:07:11.408569', '2023-06-24 22:07:14.408569', 'False', 'None', 'SELECT Customers.last_name, Publishers.country FROM Customers LEFT OUTER JOIN Publishers ON Customers.last_name = Publishers.country;', '3', '1');
INSERT INTO "QueryColumnAccess" ("queryId", "columnId")
    VALUES ('1228', '3');
INSERT INTO "QueryColumnAccess" ("queryId", "columnId")
    VALUES ('1228', '4');
INSERT INTO "QueryTableAccess" ("queryId", "tableId")
    VALUES ('1228', '4');
INSERT INTO "QueryTableAccess" ("queryId", "tableId")
    VALUES ('1228', '3');
SELECT 'Authors.last_name', 'Publishers.established_date' FROM Authors LEFT OUTER JOIN Publishers ON 'Authors.last_name' = 'Publishers.established_date';
INSERT INTO "SqlQuery" ("queryId", "userId", "issuedAt", "finishedAt", "hasError", "errorMessage", "statement", "projectId", "queryTypeId")
    VALUES ('1229', '10', '2023-07-05 22:07:11.408578', '2023-07-05 22:07:13.408578', 'False', 'None', 'SELECT Authors.last_name, Publishers.established_date FROM Authors LEFT OUTER JOIN Publishers ON Authors.last_name = Publishers.established_date;', '3', '1');
INSERT INTO "QueryColumnAccess" ("queryId", "columnId")
    VALUES ('1229', '3');
INSERT INTO "QueryColumnAccess" ("queryId", "columnId")
    VALUES ('1229', '3');
INSERT INTO "QueryTableAccess" ("queryId", "tableId")
    VALUES ('1229', '2');
INSERT INTO "QueryTableAccess" ("queryId", "tableId")
    VALUES ('1229', '3');
SELECT 'Orders.shipping_city', 'Books.book_id' FROM Orders LEFT OUTER JOIN Books ON 'Orders.shipping_city' = 'Books.book_id';
INSERT INTO "SqlQuery" ("queryId", "userId", "issuedAt", "finishedAt", "hasError", "errorMessage", "statement", "projectId", "queryTypeId")
    VALUES ('1230', '4', '2023-06-30 22:07:11.408599', '2023-06-30 22:07:15.408599', 'False', 'None', 'SELECT Orders.shipping_city, Books.book_id FROM Orders LEFT OUTER JOIN Books ON Orders.shipping_city = Books.book_id;', '3', '1');
INSERT INTO "QueryColumnAccess" ("queryId", "columnId")
    VALUES ('1230', '7');
INSERT INTO "QueryColumnAccess" ("queryId", "columnId")
    VALUES ('1230', '1');
INSERT INTO "QueryTableAccess" ("queryId", "tableId")
    VALUES ('1230', '5');
INSERT INTO "QueryTableAccess" ("queryId", "tableId")
    VALUES ('1230', '1');
SELECT 'Books.book_id', 'Customers.city' FROM Books LEFT OUTER JOIN Customers ON 'Books.book_id' = 'Customers.city';
INSERT INTO "SqlQuery" ("queryId", "userId", "issuedAt", "finishedAt", "hasError", "errorMessage", "statement", "projectId", "queryTypeId")
    VALUES ('1231', '8', '2023-05-09 22:07:11.408607', '2023-05-09 22:07:15.408607', 'False', 'None', 'SELECT Books.book_id, Customers.city FROM Books LEFT OUTER JOIN Customers ON Books.book_id = Customers.city;', '3', '1');
INSERT INTO "QueryColumnAccess" ("queryId", "columnId")
    VALUES ('1231', '1');
INSERT INTO "QueryColumnAccess" ("queryId", "columnId")
    VALUES ('1231', '7');
INSERT INTO "QueryTableAccess" ("queryId", "tableId")
    VALUES ('1231', '1');
INSERT INTO "QueryTableAccess" ("queryId", "tableId")
    VALUES ('1231', '4');
SELECT 'Books.author', 'Authors.country' FROM Books NATURAL JOIN Authors ON 'Books.author' = 'Authors.country';
INSERT INTO "SqlQuery" ("queryId", "userId", "issuedAt", "finishedAt", "hasError", "errorMessage", "statement", "projectId", "queryTypeId")
    VALUES ('1232', '5', '2023-06-03 22:07:11.408616', '2023-06-03 22:07:14.408616', 'False', 'None', 'SELECT Books.author, Authors.country FROM Books NATURAL JOIN Authors ON Books.author = Authors.country;', '3', '1');
INSERT INTO "QueryColumnAccess" ("queryId", "columnId")
    VALUES ('1232', '3');
INSERT INTO "QueryColumnAccess" ("queryId", "columnId")
    VALUES ('1232', '5');
INSERT INTO "QueryTableAccess" ("queryId", "tableId")
    VALUES ('1232', '1');
INSERT INTO "QueryTableAccess" ("queryId", "tableId")
    VALUES ('1232', '2');
SELECT 'Orders.shipping_country', 'Books.publication_date' FROM Orders LEFT OUTER JOIN Books ON 'Orders.shipping_country' = 'Books.publication_date';
INSERT INTO "SqlQuery" ("queryId", "userId", "issuedAt", "finishedAt", "hasError", "errorMessage", "statement", "projectId", "queryTypeId")
    VALUES ('1233', '9', '2023-05-30 22:07:11.408625', '2023-05-30 22:07:15.408625', 'False', 'None', 'SELECT Orders.shipping_country, Books.publication_date FROM Orders LEFT OUTER JOIN Books ON Orders.shipping_country = Books.publication_date;', '3', '1');
INSERT INTO "QueryColumnAccess" ("queryId", "columnId")
    VALUES ('1233', '10');
INSERT INTO "QueryColumnAccess" ("queryId", "columnId")
    VALUES ('1233', '4');
INSERT INTO "QueryTableAccess" ("queryId", "tableId")
    VALUES ('1233', '5');
INSERT INTO "QueryTableAccess" ("queryId", "tableId")
    VALUES ('1233', '1');
SELECT 'Publishers.publisher_name', 'Customers.address' FROM Publishers RIGHT OUTER JOIN Customers ON 'Publishers.publisher_name' = 'Customers.address';
INSERT INTO "SqlQuery" ("queryId", "userId", "issuedAt", "finishedAt", "hasError", "errorMessage", "statement", "projectId", "queryTypeId")
    VALUES ('1234', '9', '2023-06-23 22:07:11.408633', '2023-06-23 22:07:15.408633', 'False', 'None', 'SELECT Publishers.publisher_name, Customers.address FROM Publishers RIGHT OUTER JOIN Customers ON Publishers.publisher_name = Customers.address;', '3', '1');
INSERT INTO "QueryColumnAccess" ("queryId", "columnId")
    VALUES ('1234', '2');
INSERT INTO "QueryColumnAccess" ("queryId", "columnId")
    VALUES ('1234', '6');
INSERT INTO "QueryTableAccess" ("queryId", "tableId")
    VALUES ('1234', '3');
INSERT INTO "QueryTableAccess" ("queryId", "tableId")
    VALUES ('1234', '4');
SELECT 'Customers.city', 'Authors.first_name' FROM Customers LEFT OUTER JOIN Authors ON 'Customers.city' = 'Authors.first_name';
INSERT INTO "SqlQuery" ("queryId", "userId", "issuedAt", "finishedAt", "hasError", "errorMessage", "statement", "projectId", "queryTypeId")
    VALUES ('1235', '8', '2023-06-16 22:07:11.408644', '2023-06-16 22:07:13.408644', 'False', 'None', 'SELECT Customers.city, Authors.first_name FROM Customers LEFT OUTER JOIN Authors ON Customers.city = Authors.first_name;', '3', '1');
INSERT INTO "QueryColumnAccess" ("queryId", "columnId")
    VALUES ('1235', '7');
INSERT INTO "QueryColumnAccess" ("queryId", "columnId")
    VALUES ('1235', '2');
INSERT INTO "QueryTableAccess" ("queryId", "tableId")
    VALUES ('1235', '4');
INSERT INTO "QueryTableAccess" ("queryId", "tableId")
    VALUES ('1235', '2');
SELECT 'Orders.shipping_country', 'Books.author' FROM Orders LEFT OUTER JOIN Books ON 'Orders.shipping_country' = 'Books.author';
INSERT INTO "SqlQuery" ("queryId", "userId", "issuedAt", "finishedAt", "hasError", "errorMessage", "statement", "projectId", "queryTypeId")
    VALUES ('1236', '15', '2023-04-12 22:07:11.408652', '2023-04-12 22:07:13.408652', 'False', 'None', 'SELECT Orders.shipping_country, Books.author FROM Orders LEFT OUTER JOIN Books ON Orders.shipping_country = Books.author;', '3', '1');
INSERT INTO "QueryColumnAccess" ("queryId", "columnId")
    VALUES ('1236', '10');
INSERT INTO "QueryColumnAccess" ("queryId", "columnId")
    VALUES ('1236', '3');
INSERT INTO "QueryTableAccess" ("queryId", "tableId")
    VALUES ('1236', '5');
INSERT INTO "QueryTableAccess" ("queryId", "tableId")
    VALUES ('1236', '1');
SELECT 'Customers.first_name', 'Publishers.country' FROM Customers LEFT OUTER JOIN Publishers ON 'Customers.first_name' = 'Publishers.country';
INSERT INTO "SqlQuery" ("queryId", "userId", "issuedAt", "finishedAt", "hasError", "errorMessage", "statement", "projectId", "queryTypeId")
    VALUES ('1237', '7', '2023-05-07 22:07:11.408661', '2023-05-07 22:07:12.408661', 'False', 'None', 'SELECT Customers.first_name, Publishers.country FROM Customers LEFT OUTER JOIN Publishers ON Customers.first_name = Publishers.country;', '3', '1');
INSERT INTO "QueryColumnAccess" ("queryId", "columnId")
    VALUES ('1237', '2');
INSERT INTO "QueryColumnAccess" ("queryId", "columnId")
    VALUES ('1237', '4');
INSERT INTO "QueryTableAccess" ("queryId", "tableId")
    VALUES ('1237', '4');
INSERT INTO "QueryTableAccess" ("queryId", "tableId")
    VALUES ('1237', '3');
SELECT 'Books.book_id', 'Authors.birth_date' FROM Books NATURAL JOIN Authors ON 'Books.book_id' = 'Authors.birth_date';
INSERT INTO "SqlQuery" ("queryId", "userId", "issuedAt", "finishedAt", "hasError", "errorMessage", "statement", "projectId", "queryTypeId")
    VALUES ('1238', '9', '2023-06-25 22:07:11.408670', '2023-06-25 22:07:13.408670', 'False', 'None', 'SELECT Books.book_id, Authors.birth_date FROM Books NATURAL JOIN Authors ON Books.book_id = Authors.birth_date;', '3', '1');
INSERT INTO "QueryColumnAccess" ("queryId", "columnId")
    VALUES ('1238', '1');
INSERT INTO "QueryColumnAccess" ("queryId", "columnId")
    VALUES ('1238', '4');
INSERT INTO "QueryTableAccess" ("queryId", "tableId")
    VALUES ('1238', '1');
INSERT INTO "QueryTableAccess" ("queryId", "tableId")
    VALUES ('1238', '2');
SELECT 'Books.publisher', 'Customers.state' FROM Books LEFT OUTER JOIN Customers ON 'Books.publisher' = 'Customers.state';
INSERT INTO "SqlQuery" ("queryId", "userId", "issuedAt", "finishedAt", "hasError", "errorMessage", "statement", "projectId", "queryTypeId")
    VALUES ('1239', '11', '2023-05-27 22:07:11.408689', '2023-05-27 22:07:12.408689', 'False', 'None', 'SELECT Books.publisher, Customers.state FROM Books LEFT OUTER JOIN Customers ON Books.publisher = Customers.state;', '3', '1');
INSERT INTO "QueryColumnAccess" ("queryId", "columnId")
    VALUES ('1239', '5');
INSERT INTO "QueryColumnAccess" ("queryId", "columnId")
    VALUES ('1239', '8');
INSERT INTO "QueryTableAccess" ("queryId", "tableId")
    VALUES ('1239', '1');
INSERT INTO "QueryTableAccess" ("queryId", "tableId")
    VALUES ('1239', '4');
SELECT 'Customers.email', 'Books.price' FROM Customers RIGHT OUTER JOIN Books ON 'Customers.email' = 'Books.price';
INSERT INTO "SqlQuery" ("queryId", "userId", "issuedAt", "finishedAt", "hasError", "errorMessage", "statement", "projectId", "queryTypeId")
    VALUES ('1240', '7', '2023-05-21 22:07:11.408710', '2023-05-21 22:07:12.408710', 'False', 'None', 'SELECT Customers.email, Books.price FROM Customers RIGHT OUTER JOIN Books ON Customers.email = Books.price;', '3', '1');
INSERT INTO "QueryColumnAccess" ("queryId", "columnId")
    VALUES ('1240', '4');
INSERT INTO "QueryColumnAccess" ("queryId", "columnId")
    VALUES ('1240', '6');
INSERT INTO "QueryTableAccess" ("queryId", "tableId")
    VALUES ('1240', '4');
INSERT INTO "QueryTableAccess" ("queryId", "tableId")
    VALUES ('1240', '1');
SELECT 'Authors.birth_date', 'Customers.phone_number' FROM Authors RIGHT OUTER JOIN Customers ON 'Authors.birth_date' = 'Customers.phone_number';
INSERT INTO "SqlQuery" ("queryId", "userId", "issuedAt", "finishedAt", "hasError", "errorMessage", "statement", "projectId", "queryTypeId")
    VALUES ('1241', '15', '2023-06-13 22:07:11.408719', '2023-06-13 22:07:14.408719', 'False', 'None', 'SELECT Authors.birth_date, Customers.phone_number FROM Authors RIGHT OUTER JOIN Customers ON Authors.birth_date = Customers.phone_number;', '3', '1');
INSERT INTO "QueryColumnAccess" ("queryId", "columnId")
    VALUES ('1241', '4');
INSERT INTO "QueryColumnAccess" ("queryId", "columnId")
    VALUES ('1241', '5');
INSERT INTO "QueryTableAccess" ("queryId", "tableId")
    VALUES ('1241', '2');
INSERT INTO "QueryTableAccess" ("queryId", "tableId")
    VALUES ('1241', '4');
SELECT 'Customers.zip_code', 'Books.title' FROM Customers NATURAL JOIN Books ON 'Customers.zip_code' = 'Books.title';
INSERT INTO "SqlQuery" ("queryId", "userId", "issuedAt", "finishedAt", "hasError", "errorMessage", "statement", "projectId", "queryTypeId")
    VALUES ('1242', '12', '2023-05-30 22:07:11.408728', '2023-05-30 22:07:14.408728', 'False', 'None', 'SELECT Customers.zip_code, Books.title FROM Customers NATURAL JOIN Books ON Customers.zip_code = Books.title;', '3', '1');
INSERT INTO "QueryColumnAccess" ("queryId", "columnId")
    VALUES ('1242', '9');
INSERT INTO "QueryColumnAccess" ("queryId", "columnId")
    VALUES ('1242', '2');
INSERT INTO "QueryTableAccess" ("queryId", "tableId")
    VALUES ('1242', '4');
INSERT INTO "QueryTableAccess" ("queryId", "tableId")
    VALUES ('1242', '1');
SELECT 'Publishers.publisher_name', 'Books.author' FROM Publishers NATURAL JOIN Books ON 'Publishers.publisher_name' = 'Books.author';
INSERT INTO "SqlQuery" ("queryId", "userId", "issuedAt", "finishedAt", "hasError", "errorMessage", "statement", "projectId", "queryTypeId")
    VALUES ('1243', '15', '2023-06-22 22:07:11.408737', '2023-06-22 22:07:15.408737', 'False', 'None', 'SELECT Publishers.publisher_name, Books.author FROM Publishers NATURAL JOIN Books ON Publishers.publisher_name = Books.author;', '3', '1');
INSERT INTO "QueryColumnAccess" ("queryId", "columnId")
    VALUES ('1243', '2');
INSERT INTO "QueryColumnAccess" ("queryId", "columnId")
    VALUES ('1243', '3');
INSERT INTO "QueryTableAccess" ("queryId", "tableId")
    VALUES ('1243', '3');
INSERT INTO "QueryTableAccess" ("queryId", "tableId")
    VALUES ('1243', '1');
SELECT 'Publishers.publisher_name', 'Customers.state' FROM Publishers NATURAL JOIN Customers ON 'Publishers.publisher_name' = 'Customers.state';
INSERT INTO "SqlQuery" ("queryId", "userId", "issuedAt", "finishedAt", "hasError", "errorMessage", "statement", "projectId", "queryTypeId")
    VALUES ('1244', '6', '2023-05-21 22:07:11.408746', '2023-05-21 22:07:15.408746', 'False', 'None', 'SELECT Publishers.publisher_name, Customers.state FROM Publishers NATURAL JOIN Customers ON Publishers.publisher_name = Customers.state;', '3', '1');
INSERT INTO "QueryColumnAccess" ("queryId", "columnId")
    VALUES ('1244', '2');
INSERT INTO "QueryColumnAccess" ("queryId", "columnId")
    VALUES ('1244', '8');
INSERT INTO "QueryTableAccess" ("queryId", "tableId")
    VALUES ('1244', '3');
INSERT INTO "QueryTableAccess" ("queryId", "tableId")
    VALUES ('1244', '4');
SELECT 'Publishers.publisher_id', 'Authors.author_id' FROM Publishers LEFT OUTER JOIN Authors ON 'Publishers.publisher_id' = 'Authors.author_id';
INSERT INTO "SqlQuery" ("queryId", "userId", "issuedAt", "finishedAt", "hasError", "errorMessage", "statement", "projectId", "queryTypeId")
    VALUES ('1245', '4', '2023-07-08 22:07:11.408755', '2023-07-08 22:07:12.408755', 'False', 'None', 'SELECT Publishers.publisher_id, Authors.author_id FROM Publishers LEFT OUTER JOIN Authors ON Publishers.publisher_id = Authors.author_id;', '3', '1');
INSERT INTO "QueryColumnAccess" ("queryId", "columnId")
    VALUES ('1245', '1');
INSERT INTO "QueryColumnAccess" ("queryId", "columnId")
    VALUES ('1245', '1');
INSERT INTO "QueryTableAccess" ("queryId", "tableId")
    VALUES ('1245', '3');
INSERT INTO "QueryTableAccess" ("queryId", "tableId")
    VALUES ('1245', '2');
SELECT 'Orders.shipping_country', 'Publishers.established_date' FROM Orders LEFT OUTER JOIN Publishers ON 'Orders.shipping_country' = 'Publishers.established_date';
INSERT INTO "SqlQuery" ("queryId", "userId", "issuedAt", "finishedAt", "hasError", "errorMessage", "statement", "projectId", "queryTypeId")
    VALUES ('1246', '4', '2023-06-22 22:07:11.408765', '2023-06-22 22:07:14.408765', 'False', 'None', 'SELECT Orders.shipping_country, Publishers.established_date FROM Orders LEFT OUTER JOIN Publishers ON Orders.shipping_country = Publishers.established_date;', '3', '1');
INSERT INTO "QueryColumnAccess" ("queryId", "columnId")
    VALUES ('1246', '10');
INSERT INTO "QueryColumnAccess" ("queryId", "columnId")
    VALUES ('1246', '3');
INSERT INTO "QueryTableAccess" ("queryId", "tableId")
    VALUES ('1246', '5');
INSERT INTO "QueryTableAccess" ("queryId", "tableId")
    VALUES ('1246', '3');
SELECT 'Customers.zip_code', 'Orders.shipping_zip_code' FROM Customers NATURAL JOIN Orders ON 'Customers.zip_code' = 'Orders.shipping_zip_code';
INSERT INTO "SqlQuery" ("queryId", "userId", "issuedAt", "finishedAt", "hasError", "errorMessage", "statement", "projectId", "queryTypeId")
    VALUES ('1247', '13', '2023-05-28 22:07:11.408774', '2023-05-28 22:07:12.408774', 'False', 'None', 'SELECT Customers.zip_code, Orders.shipping_zip_code FROM Customers NATURAL JOIN Orders ON Customers.zip_code = Orders.shipping_zip_code;', '3', '1');
INSERT INTO "QueryColumnAccess" ("queryId", "columnId")
    VALUES ('1247', '9');
INSERT INTO "QueryColumnAccess" ("queryId", "columnId")
    VALUES ('1247', '9');
INSERT INTO "QueryTableAccess" ("queryId", "tableId")
    VALUES ('1247', '4');
INSERT INTO "QueryTableAccess" ("queryId", "tableId")
    VALUES ('1247', '5');
SELECT 'Customers.phone_number', 'Authors.country' FROM Customers RIGHT OUTER JOIN Authors ON 'Customers.phone_number' = 'Authors.country';
INSERT INTO "SqlQuery" ("queryId", "userId", "issuedAt", "finishedAt", "hasError", "errorMessage", "statement", "projectId", "queryTypeId")
    VALUES ('1248', '9', '2023-06-09 22:07:11.408783', '2023-06-09 22:07:15.408783', 'False', 'None', 'SELECT Customers.phone_number, Authors.country FROM Customers RIGHT OUTER JOIN Authors ON Customers.phone_number = Authors.country;', '3', '1');
INSERT INTO "QueryColumnAccess" ("queryId", "columnId")
    VALUES ('1248', '5');
INSERT INTO "QueryColumnAccess" ("queryId", "columnId")
    VALUES ('1248', '5');
INSERT INTO "QueryTableAccess" ("queryId", "tableId")
    VALUES ('1248', '4');
INSERT INTO "QueryTableAccess" ("queryId", "tableId")
    VALUES ('1248', '2');
SELECT 'Customers.phone_number', 'Books.publisher' FROM Customers RIGHT OUTER JOIN Books ON 'Customers.phone_number' = 'Books.publisher';
INSERT INTO "SqlQuery" ("queryId", "userId", "issuedAt", "finishedAt", "hasError", "errorMessage", "statement", "projectId", "queryTypeId")
    VALUES ('1249', '12', '2023-05-25 22:07:11.408811', '2023-05-25 22:07:13.408811', 'False', 'None', 'SELECT Customers.phone_number, Books.publisher FROM Customers RIGHT OUTER JOIN Books ON Customers.phone_number = Books.publisher;', '3', '1');
INSERT INTO "QueryColumnAccess" ("queryId", "columnId")
    VALUES ('1249', '5');
INSERT INTO "QueryColumnAccess" ("queryId", "columnId")
    VALUES ('1249', '5');
INSERT INTO "QueryTableAccess" ("queryId", "tableId")
    VALUES ('1249', '4');
INSERT INTO "QueryTableAccess" ("queryId", "tableId")
    VALUES ('1249', '1');
SELECT 'Authors.author_id', 'Customers.country' FROM Authors NATURAL JOIN Customers ON 'Authors.author_id' = 'Customers.country';
INSERT INTO "SqlQuery" ("queryId", "userId", "issuedAt", "finishedAt", "hasError", "errorMessage", "statement", "projectId", "queryTypeId")
    VALUES ('1250', '7', '2023-06-20 22:07:11.408820', '2023-06-20 22:07:15.408820', 'False', 'None', 'SELECT Authors.author_id, Customers.country FROM Authors NATURAL JOIN Customers ON Authors.author_id = Customers.country;', '3', '1');
INSERT INTO "QueryColumnAccess" ("queryId", "columnId")
    VALUES ('1250', '1');
INSERT INTO "QueryColumnAccess" ("queryId", "columnId")
    VALUES ('1250', '10');
INSERT INTO "QueryTableAccess" ("queryId", "tableId")
    VALUES ('1250', '2');
INSERT INTO "QueryTableAccess" ("queryId", "tableId")
    VALUES ('1250', '4');
SELECT 'Orders.status', 'Publishers.publisher_name' FROM Orders RIGHT OUTER JOIN Publishers ON 'Orders.status' = 'Publishers.publisher_name';
INSERT INTO "SqlQuery" ("queryId", "userId", "issuedAt", "finishedAt", "hasError", "errorMessage", "statement", "projectId", "queryTypeId")
    VALUES ('1251', '8', '2023-05-03 22:07:11.408829', '2023-05-03 22:07:14.408829', 'False', 'None', 'SELECT Orders.status, Publishers.publisher_name FROM Orders RIGHT OUTER JOIN Publishers ON Orders.status = Publishers.publisher_name;', '3', '1');
INSERT INTO "QueryColumnAccess" ("queryId", "columnId")
    VALUES ('1251', '5');
INSERT INTO "QueryColumnAccess" ("queryId", "columnId")
    VALUES ('1251', '2');
INSERT INTO "QueryTableAccess" ("queryId", "tableId")
    VALUES ('1251', '5');
INSERT INTO "QueryTableAccess" ("queryId", "tableId")
    VALUES ('1251', '3');
SELECT 'Books.title', 'Customers.customer_id' FROM Books RIGHT OUTER JOIN Customers ON 'Books.title' = 'Customers.customer_id';
INSERT INTO "SqlQuery" ("queryId", "userId", "issuedAt", "finishedAt", "hasError", "errorMessage", "statement", "projectId", "queryTypeId")
    VALUES ('1252', '1', '2023-05-26 22:07:11.408838', '2023-05-26 22:07:14.408838', 'False', 'None', 'SELECT Books.title, Customers.customer_id FROM Books RIGHT OUTER JOIN Customers ON Books.title = Customers.customer_id;', '3', '1');
INSERT INTO "QueryColumnAccess" ("queryId", "columnId")
    VALUES ('1252', '2');
INSERT INTO "QueryColumnAccess" ("queryId", "columnId")
    VALUES ('1252', '1');
INSERT INTO "QueryTableAccess" ("queryId", "tableId")
    VALUES ('1252', '1');
INSERT INTO "QueryTableAccess" ("queryId", "tableId")
    VALUES ('1252', '4');
SELECT 'Books.price', 'Orders.order_id' FROM Books RIGHT OUTER JOIN Orders ON 'Books.price' = 'Orders.order_id';
INSERT INTO "SqlQuery" ("queryId", "userId", "issuedAt", "finishedAt", "hasError", "errorMessage", "statement", "projectId", "queryTypeId")
    VALUES ('1253', '12', '2023-04-26 22:07:11.408846', '2023-04-26 22:07:13.408846', 'False', 'None', 'SELECT Books.price, Orders.order_id FROM Books RIGHT OUTER JOIN Orders ON Books.price = Orders.order_id;', '3', '1');
INSERT INTO "QueryColumnAccess" ("queryId", "columnId")
    VALUES ('1253', '6');
INSERT INTO "QueryColumnAccess" ("queryId", "columnId")
    VALUES ('1253', '1');
INSERT INTO "QueryTableAccess" ("queryId", "tableId")
    VALUES ('1253', '1');
INSERT INTO "QueryTableAccess" ("queryId", "tableId")
    VALUES ('1253', '5');
SELECT 'Publishers.website', 'Customers.address' FROM Publishers RIGHT OUTER JOIN Customers ON 'Publishers.website' = 'Customers.address';
INSERT INTO "SqlQuery" ("queryId", "userId", "issuedAt", "finishedAt", "hasError", "errorMessage", "statement", "projectId", "queryTypeId")
    VALUES ('1254', '5', '2023-05-26 22:07:11.408855', '2023-05-26 22:07:12.408855', 'False', 'None', 'SELECT Publishers.website, Customers.address FROM Publishers RIGHT OUTER JOIN Customers ON Publishers.website = Customers.address;', '3', '1');
INSERT INTO "QueryColumnAccess" ("queryId", "columnId")
    VALUES ('1254', '5');
INSERT INTO "QueryColumnAccess" ("queryId", "columnId")
    VALUES ('1254', '6');
INSERT INTO "QueryTableAccess" ("queryId", "tableId")
    VALUES ('1254', '3');
INSERT INTO "QueryTableAccess" ("queryId", "tableId")
    VALUES ('1254', '4');
SELECT 'Customers.phone_number', 'Authors.author_id' FROM Customers NATURAL JOIN Authors ON 'Customers.phone_number' = 'Authors.author_id';
INSERT INTO "SqlQuery" ("queryId", "userId", "issuedAt", "finishedAt", "hasError", "errorMessage", "statement", "projectId", "queryTypeId")
    VALUES ('1255', '1', '2023-07-06 22:07:11.408864', '2023-07-06 22:07:15.408864', 'False', 'None', 'SELECT Customers.phone_number, Authors.author_id FROM Customers NATURAL JOIN Authors ON Customers.phone_number = Authors.author_id;', '3', '1');
INSERT INTO "QueryColumnAccess" ("queryId", "columnId")
    VALUES ('1255', '5');
INSERT INTO "QueryColumnAccess" ("queryId", "columnId")
    VALUES ('1255', '1');
INSERT INTO "QueryTableAccess" ("queryId", "tableId")
    VALUES ('1255', '4');
INSERT INTO "QueryTableAccess" ("queryId", "tableId")
    VALUES ('1255', '2');
SELECT 'Orders.shipping_country', 'Authors.last_name' FROM Orders LEFT OUTER JOIN Authors ON 'Orders.shipping_country' = 'Authors.last_name';
INSERT INTO "SqlQuery" ("queryId", "userId", "issuedAt", "finishedAt", "hasError", "errorMessage", "statement", "projectId", "queryTypeId")
    VALUES ('1256', '4', '2023-06-01 22:07:11.408872', '2023-06-01 22:07:13.408872', 'False', 'None', 'SELECT Orders.shipping_country, Authors.last_name FROM Orders LEFT OUTER JOIN Authors ON Orders.shipping_country = Authors.last_name;', '3', '1');
INSERT INTO "QueryColumnAccess" ("queryId", "columnId")
    VALUES ('1256', '10');
INSERT INTO "QueryColumnAccess" ("queryId", "columnId")
    VALUES ('1256', '3');
INSERT INTO "QueryTableAccess" ("queryId", "tableId")
    VALUES ('1256', '5');
INSERT INTO "QueryTableAccess" ("queryId", "tableId")
    VALUES ('1256', '2');
SELECT 'Orders.status', 'Customers.phone_number' FROM Orders NATURAL JOIN Customers ON 'Orders.status' = 'Customers.phone_number';
INSERT INTO "SqlQuery" ("queryId", "userId", "issuedAt", "finishedAt", "hasError", "errorMessage", "statement", "projectId", "queryTypeId")
    VALUES ('1257', '15', '2023-05-10 22:07:11.408881', '2023-05-10 22:07:12.408881', 'False', 'None', 'SELECT Orders.status, Customers.phone_number FROM Orders NATURAL JOIN Customers ON Orders.status = Customers.phone_number;', '3', '1');
INSERT INTO "QueryColumnAccess" ("queryId", "columnId")
    VALUES ('1257', '5');
INSERT INTO "QueryColumnAccess" ("queryId", "columnId")
    VALUES ('1257', '5');
INSERT INTO "QueryTableAccess" ("queryId", "tableId")
    VALUES ('1257', '5');
INSERT INTO "QueryTableAccess" ("queryId", "tableId")
    VALUES ('1257', '4');
SELECT 'Publishers.publisher_id', 'Authors.author_id' FROM Publishers NATURAL JOIN Authors ON 'Publishers.publisher_id' = 'Authors.author_id';
INSERT INTO "SqlQuery" ("queryId", "userId", "issuedAt", "finishedAt", "hasError", "errorMessage", "statement", "projectId", "queryTypeId")
    VALUES ('1258', '1', '2023-04-21 22:07:11.408893', '2023-04-21 22:07:13.408893', 'False', 'None', 'SELECT Publishers.publisher_id, Authors.author_id FROM Publishers NATURAL JOIN Authors ON Publishers.publisher_id = Authors.author_id;', '3', '1');
INSERT INTO "QueryColumnAccess" ("queryId", "columnId")
    VALUES ('1258', '1');
INSERT INTO "QueryColumnAccess" ("queryId", "columnId")
    VALUES ('1258', '1');
INSERT INTO "QueryTableAccess" ("queryId", "tableId")
    VALUES ('1258', '3');
INSERT INTO "QueryTableAccess" ("queryId", "tableId")
    VALUES ('1258', '2');
SELECT 'Customers.city', 'Authors.birth_date' FROM Customers NATURAL JOIN Authors ON 'Customers.city' = 'Authors.birth_date';
INSERT INTO "SqlQuery" ("queryId", "userId", "issuedAt", "finishedAt", "hasError", "errorMessage", "statement", "projectId", "queryTypeId")
    VALUES ('1259', '8', '2023-04-13 22:07:11.408902', '2023-04-13 22:07:15.408902', 'False', 'None', 'SELECT Customers.city, Authors.birth_date FROM Customers NATURAL JOIN Authors ON Customers.city = Authors.birth_date;', '3', '1');
INSERT INTO "QueryColumnAccess" ("queryId", "columnId")
    VALUES ('1259', '7');
INSERT INTO "QueryColumnAccess" ("queryId", "columnId")
    VALUES ('1259', '4');
INSERT INTO "QueryTableAccess" ("queryId", "tableId")
    VALUES ('1259', '4');
INSERT INTO "QueryTableAccess" ("queryId", "tableId")
    VALUES ('1259', '2');
SELECT 'Orders.shipping_state', 'Authors.birth_date' FROM Orders NATURAL JOIN Authors ON 'Orders.shipping_state' = 'Authors.birth_date';
INSERT INTO "SqlQuery" ("queryId", "userId", "issuedAt", "finishedAt", "hasError", "errorMessage", "statement", "projectId", "queryTypeId")
    VALUES ('1260', '6', '2023-06-06 22:07:11.408912', '2023-06-06 22:07:15.408912', 'False', 'None', 'SELECT Orders.shipping_state, Authors.birth_date FROM Orders NATURAL JOIN Authors ON Orders.shipping_state = Authors.birth_date;', '3', '1');
INSERT INTO "QueryColumnAccess" ("queryId", "columnId")
    VALUES ('1260', '8');
INSERT INTO "QueryColumnAccess" ("queryId", "columnId")
    VALUES ('1260', '4');
INSERT INTO "QueryTableAccess" ("queryId", "tableId")
    VALUES ('1260', '5');
INSERT INTO "QueryTableAccess" ("queryId", "tableId")
    VALUES ('1260', '2');
SELECT 'Publishers.website', 'Authors.country' FROM Publishers LEFT OUTER JOIN Authors ON 'Publishers.website' = 'Authors.country';
INSERT INTO "SqlQuery" ("queryId", "userId", "issuedAt", "finishedAt", "hasError", "errorMessage", "statement", "projectId", "queryTypeId")
    VALUES ('1261', '14', '2023-06-20 22:07:11.408920', '2023-06-20 22:07:14.408920', 'False', 'None', 'SELECT Publishers.website, Authors.country FROM Publishers LEFT OUTER JOIN Authors ON Publishers.website = Authors.country;', '3', '1');
INSERT INTO "QueryColumnAccess" ("queryId", "columnId")
    VALUES ('1261', '5');
INSERT INTO "QueryColumnAccess" ("queryId", "columnId")
    VALUES ('1261', '5');
INSERT INTO "QueryTableAccess" ("queryId", "tableId")
    VALUES ('1261', '3');
INSERT INTO "QueryTableAccess" ("queryId", "tableId")
    VALUES ('1261', '2');
SELECT 'Books.publication_date', 'Orders.shipping_city' FROM Books LEFT OUTER JOIN Orders ON 'Books.publication_date' = 'Orders.shipping_city';
INSERT INTO "SqlQuery" ("queryId", "userId", "issuedAt", "finishedAt", "hasError", "errorMessage", "statement", "projectId", "queryTypeId")
    VALUES ('1262', '14', '2023-05-07 22:07:11.408929', '2023-05-07 22:07:12.408929', 'False', 'None', 'SELECT Books.publication_date, Orders.shipping_city FROM Books LEFT OUTER JOIN Orders ON Books.publication_date = Orders.shipping_city;', '3', '1');
INSERT INTO "QueryColumnAccess" ("queryId", "columnId")
    VALUES ('1262', '4');
INSERT INTO "QueryColumnAccess" ("queryId", "columnId")
    VALUES ('1262', '7');
INSERT INTO "QueryTableAccess" ("queryId", "tableId")
    VALUES ('1262', '1');
INSERT INTO "QueryTableAccess" ("queryId", "tableId")
    VALUES ('1262', '5');
SELECT 'Books.price', 'Orders.status' FROM Books RIGHT OUTER JOIN Orders ON 'Books.price' = 'Orders.status';
INSERT INTO "SqlQuery" ("queryId", "userId", "issuedAt", "finishedAt", "hasError", "errorMessage", "statement", "projectId", "queryTypeId")
    VALUES ('1263', '6', '2023-04-16 22:07:11.408938', '2023-04-16 22:07:14.408938', 'False', 'None', 'SELECT Books.price, Orders.status FROM Books RIGHT OUTER JOIN Orders ON Books.price = Orders.status;', '3', '1');
INSERT INTO "QueryColumnAccess" ("queryId", "columnId")
    VALUES ('1263', '6');
INSERT INTO "QueryColumnAccess" ("queryId", "columnId")
    VALUES ('1263', '5');
INSERT INTO "QueryTableAccess" ("queryId", "tableId")
    VALUES ('1263', '1');
INSERT INTO "QueryTableAccess" ("queryId", "tableId")
    VALUES ('1263', '5');
SELECT 'Customers.phone_number', 'Authors.last_name' FROM Customers NATURAL JOIN Authors ON 'Customers.phone_number' = 'Authors.last_name';
INSERT INTO "SqlQuery" ("queryId", "userId", "issuedAt", "finishedAt", "hasError", "errorMessage", "statement", "projectId", "queryTypeId")
    VALUES ('1264', '6', '2023-07-09 22:07:11.408950', '2023-07-09 22:07:13.408950', 'False', 'None', 'SELECT Customers.phone_number, Authors.last_name FROM Customers NATURAL JOIN Authors ON Customers.phone_number = Authors.last_name;', '3', '1');
INSERT INTO "QueryColumnAccess" ("queryId", "columnId")
    VALUES ('1264', '5');
INSERT INTO "QueryColumnAccess" ("queryId", "columnId")
    VALUES ('1264', '3');
INSERT INTO "QueryTableAccess" ("queryId", "tableId")
    VALUES ('1264', '4');
INSERT INTO "QueryTableAccess" ("queryId", "tableId")
    VALUES ('1264', '2');
SELECT 'Authors.author_id', 'Books.book_id' FROM Authors LEFT OUTER JOIN Books ON 'Authors.author_id' = 'Books.book_id';
INSERT INTO "SqlQuery" ("queryId", "userId", "issuedAt", "finishedAt", "hasError", "errorMessage", "statement", "projectId", "queryTypeId")
    VALUES ('1265', '11', '2023-04-11 22:07:11.408958', '2023-04-11 22:07:12.408958', 'False', 'None', 'SELECT Authors.author_id, Books.book_id FROM Authors LEFT OUTER JOIN Books ON Authors.author_id = Books.book_id;', '3', '1');
INSERT INTO "QueryColumnAccess" ("queryId", "columnId")
    VALUES ('1265', '1');
INSERT INTO "QueryColumnAccess" ("queryId", "columnId")
    VALUES ('1265', '1');
INSERT INTO "QueryTableAccess" ("queryId", "tableId")
    VALUES ('1265', '2');
INSERT INTO "QueryTableAccess" ("queryId", "tableId")
    VALUES ('1265', '1');
SELECT 'Orders.shipping_state', 'Publishers.website' FROM Orders RIGHT OUTER JOIN Publishers ON 'Orders.shipping_state' = 'Publishers.website';
INSERT INTO "SqlQuery" ("queryId", "userId", "issuedAt", "finishedAt", "hasError", "errorMessage", "statement", "projectId", "queryTypeId")
    VALUES ('1266', '1', '2023-06-11 22:07:11.408967', '2023-06-11 22:07:14.408967', 'False', 'None', 'SELECT Orders.shipping_state, Publishers.website FROM Orders RIGHT OUTER JOIN Publishers ON Orders.shipping_state = Publishers.website;', '3', '1');
INSERT INTO "QueryColumnAccess" ("queryId", "columnId")
    VALUES ('1266', '8');
INSERT INTO "QueryColumnAccess" ("queryId", "columnId")
    VALUES ('1266', '5');
INSERT INTO "QueryTableAccess" ("queryId", "tableId")
    VALUES ('1266', '5');
INSERT INTO "QueryTableAccess" ("queryId", "tableId")
    VALUES ('1266', '3');
SELECT 'Books.price', 'Customers.address' FROM Books LEFT OUTER JOIN Customers ON 'Books.price' = 'Customers.address';
INSERT INTO "SqlQuery" ("queryId", "userId", "issuedAt", "finishedAt", "hasError", "errorMessage", "statement", "projectId", "queryTypeId")
    VALUES ('1267', '11', '2023-04-25 22:07:11.408990', '2023-04-25 22:07:15.408990', 'False', 'None', 'SELECT Books.price, Customers.address FROM Books LEFT OUTER JOIN Customers ON Books.price = Customers.address;', '3', '1');
INSERT INTO "QueryColumnAccess" ("queryId", "columnId")
    VALUES ('1267', '6');
INSERT INTO "QueryColumnAccess" ("queryId", "columnId")
    VALUES ('1267', '6');
INSERT INTO "QueryTableAccess" ("queryId", "tableId")
    VALUES ('1267', '1');
INSERT INTO "QueryTableAccess" ("queryId", "tableId")
    VALUES ('1267', '4');
SELECT 'Authors.birth_date', 'Publishers.publisher_name' FROM Authors RIGHT OUTER JOIN Publishers ON 'Authors.birth_date' = 'Publishers.publisher_name';
INSERT INTO "SqlQuery" ("queryId", "userId", "issuedAt", "finishedAt", "hasError", "errorMessage", "statement", "projectId", "queryTypeId")
    VALUES ('1268', '5', '2023-04-12 22:07:11.409006', '2023-04-12 22:07:14.409006', 'False', 'None', 'SELECT Authors.birth_date, Publishers.publisher_name FROM Authors RIGHT OUTER JOIN Publishers ON Authors.birth_date = Publishers.publisher_name;', '3', '1');
INSERT INTO "QueryColumnAccess" ("queryId", "columnId")
    VALUES ('1268', '4');
INSERT INTO "QueryColumnAccess" ("queryId", "columnId")
    VALUES ('1268', '2');
INSERT INTO "QueryTableAccess" ("queryId", "tableId")
    VALUES ('1268', '2');
INSERT INTO "QueryTableAccess" ("queryId", "tableId")
    VALUES ('1268', '3');
SELECT 'Orders.shipping_country', 'Authors.first_name' FROM Orders LEFT OUTER JOIN Authors ON 'Orders.shipping_country' = 'Authors.first_name';
INSERT INTO "SqlQuery" ("queryId", "userId", "issuedAt", "finishedAt", "hasError", "errorMessage", "statement", "projectId", "queryTypeId")
    VALUES ('1269', '9', '2023-04-16 22:07:11.409015', '2023-04-16 22:07:15.409015', 'False', 'None', 'SELECT Orders.shipping_country, Authors.first_name FROM Orders LEFT OUTER JOIN Authors ON Orders.shipping_country = Authors.first_name;', '3', '1');
INSERT INTO "QueryColumnAccess" ("queryId", "columnId")
    VALUES ('1269', '10');
INSERT INTO "QueryColumnAccess" ("queryId", "columnId")
    VALUES ('1269', '2');
INSERT INTO "QueryTableAccess" ("queryId", "tableId")
    VALUES ('1269', '5');
INSERT INTO "QueryTableAccess" ("queryId", "tableId")
    VALUES ('1269', '2');
SELECT 'Publishers.website', 'Authors.first_name' FROM Publishers RIGHT OUTER JOIN Authors ON 'Publishers.website' = 'Authors.first_name';
INSERT INTO "SqlQuery" ("queryId", "userId", "issuedAt", "finishedAt", "hasError", "errorMessage", "statement", "projectId", "queryTypeId")
    VALUES ('1270', '4', '2023-06-05 22:07:11.409024', '2023-06-05 22:07:15.409024', 'False', 'None', 'SELECT Publishers.website, Authors.first_name FROM Publishers RIGHT OUTER JOIN Authors ON Publishers.website = Authors.first_name;', '3', '1');
INSERT INTO "QueryColumnAccess" ("queryId", "columnId")
    VALUES ('1270', '5');
INSERT INTO "QueryColumnAccess" ("queryId", "columnId")
    VALUES ('1270', '2');
INSERT INTO "QueryTableAccess" ("queryId", "tableId")
    VALUES ('1270', '3');
INSERT INTO "QueryTableAccess" ("queryId", "tableId")
    VALUES ('1270', '2');
SELECT 'Authors.first_name', 'Orders.shipping_address' FROM Authors RIGHT OUTER JOIN Orders ON 'Authors.first_name' = 'Orders.shipping_address';
INSERT INTO "SqlQuery" ("queryId", "userId", "issuedAt", "finishedAt", "hasError", "errorMessage", "statement", "projectId", "queryTypeId")
    VALUES ('1271', '15', '2023-05-25 22:07:11.409033', '2023-05-25 22:07:14.409033', 'False', 'None', 'SELECT Authors.first_name, Orders.shipping_address FROM Authors RIGHT OUTER JOIN Orders ON Authors.first_name = Orders.shipping_address;', '3', '1');
INSERT INTO "QueryColumnAccess" ("queryId", "columnId")
    VALUES ('1271', '2');
INSERT INTO "QueryColumnAccess" ("queryId", "columnId")
    VALUES ('1271', '6');
INSERT INTO "QueryTableAccess" ("queryId", "tableId")
    VALUES ('1271', '2');
INSERT INTO "QueryTableAccess" ("queryId", "tableId")
    VALUES ('1271', '5');
SELECT 'Publishers.publisher_name', 'Books.title' FROM Publishers NATURAL JOIN Books ON 'Publishers.publisher_name' = 'Books.title';
INSERT INTO "SqlQuery" ("queryId", "userId", "issuedAt", "finishedAt", "hasError", "errorMessage", "statement", "projectId", "queryTypeId")
    VALUES ('1272', '5', '2023-07-09 22:07:11.409042', '2023-07-09 22:07:12.409042', 'False', 'None', 'SELECT Publishers.publisher_name, Books.title FROM Publishers NATURAL JOIN Books ON Publishers.publisher_name = Books.title;', '3', '1');
INSERT INTO "QueryColumnAccess" ("queryId", "columnId")
    VALUES ('1272', '2');
INSERT INTO "QueryColumnAccess" ("queryId", "columnId")
    VALUES ('1272', '2');
INSERT INTO "QueryTableAccess" ("queryId", "tableId")
    VALUES ('1272', '3');
INSERT INTO "QueryTableAccess" ("queryId", "tableId")
    VALUES ('1272', '1');
SELECT 'Publishers.publisher_id', 'Customers.first_name' FROM Publishers RIGHT OUTER JOIN Customers ON 'Publishers.publisher_id' = 'Customers.first_name';
INSERT INTO "SqlQuery" ("queryId", "userId", "issuedAt", "finishedAt", "hasError", "errorMessage", "statement", "projectId", "queryTypeId")
    VALUES ('1273', '2', '2023-06-27 22:07:11.409051', '2023-06-27 22:07:14.409051', 'False', 'None', 'SELECT Publishers.publisher_id, Customers.first_name FROM Publishers RIGHT OUTER JOIN Customers ON Publishers.publisher_id = Customers.first_name;', '3', '1');
INSERT INTO "QueryColumnAccess" ("queryId", "columnId")
    VALUES ('1273', '1');
INSERT INTO "QueryColumnAccess" ("queryId", "columnId")
    VALUES ('1273', '2');
INSERT INTO "QueryTableAccess" ("queryId", "tableId")
    VALUES ('1273', '3');
INSERT INTO "QueryTableAccess" ("queryId", "tableId")
    VALUES ('1273', '4');
SELECT 'Publishers.publisher_name', 'Authors.country' FROM Publishers RIGHT OUTER JOIN Authors ON 'Publishers.publisher_name' = 'Authors.country';
INSERT INTO "SqlQuery" ("queryId", "userId", "issuedAt", "finishedAt", "hasError", "errorMessage", "statement", "projectId", "queryTypeId")
    VALUES ('1274', '9', '2023-06-28 22:07:11.409060', '2023-06-28 22:07:14.409060', 'False', 'None', 'SELECT Publishers.publisher_name, Authors.country FROM Publishers RIGHT OUTER JOIN Authors ON Publishers.publisher_name = Authors.country;', '3', '1');
INSERT INTO "QueryColumnAccess" ("queryId", "columnId")
    VALUES ('1274', '2');
INSERT INTO "QueryColumnAccess" ("queryId", "columnId")
    VALUES ('1274', '5');
INSERT INTO "QueryTableAccess" ("queryId", "tableId")
    VALUES ('1274', '3');
INSERT INTO "QueryTableAccess" ("queryId", "tableId")
    VALUES ('1274', '2');
SELECT 'Publishers.publisher_name', 'Books.publication_date' FROM Publishers LEFT OUTER JOIN Books ON 'Publishers.publisher_name' = 'Books.publication_date';
INSERT INTO "SqlQuery" ("queryId", "userId", "issuedAt", "finishedAt", "hasError", "errorMessage", "statement", "projectId", "queryTypeId")
    VALUES ('1275', '13', '2023-05-31 22:07:11.409068', '2023-05-31 22:07:12.409068', 'False', 'None', 'SELECT Publishers.publisher_name, Books.publication_date FROM Publishers LEFT OUTER JOIN Books ON Publishers.publisher_name = Books.publication_date;', '3', '1');
INSERT INTO "QueryColumnAccess" ("queryId", "columnId")
    VALUES ('1275', '2');
INSERT INTO "QueryColumnAccess" ("queryId", "columnId")
    VALUES ('1275', '4');
INSERT INTO "QueryTableAccess" ("queryId", "tableId")
    VALUES ('1275', '3');
INSERT INTO "QueryTableAccess" ("queryId", "tableId")
    VALUES ('1275', '1');
SELECT 'Publishers.publisher_id', 'Orders.total_amount' FROM Publishers LEFT OUTER JOIN Orders ON 'Publishers.publisher_id' = 'Orders.total_amount';
INSERT INTO "SqlQuery" ("queryId", "userId", "issuedAt", "finishedAt", "hasError", "errorMessage", "statement", "projectId", "queryTypeId")
    VALUES ('1276', '4', '2023-06-02 22:07:11.409077', '2023-06-02 22:07:15.409077', 'False', 'None', 'SELECT Publishers.publisher_id, Orders.total_amount FROM Publishers LEFT OUTER JOIN Orders ON Publishers.publisher_id = Orders.total_amount;', '3', '1');
INSERT INTO "QueryColumnAccess" ("queryId", "columnId")
    VALUES ('1276', '1');
INSERT INTO "QueryColumnAccess" ("queryId", "columnId")
    VALUES ('1276', '4');
INSERT INTO "QueryTableAccess" ("queryId", "tableId")
    VALUES ('1276', '3');
INSERT INTO "QueryTableAccess" ("queryId", "tableId")
    VALUES ('1276', '5');
SELECT 'Authors.first_name', 'Orders.total_amount' FROM Authors LEFT OUTER JOIN Orders ON 'Authors.first_name' = 'Orders.total_amount';
INSERT INTO "SqlQuery" ("queryId", "userId", "issuedAt", "finishedAt", "hasError", "errorMessage", "statement", "projectId", "queryTypeId")
    VALUES ('1277', '2', '2023-04-16 22:07:11.409086', '2023-04-16 22:07:13.409086', 'False', 'None', 'SELECT Authors.first_name, Orders.total_amount FROM Authors LEFT OUTER JOIN Orders ON Authors.first_name = Orders.total_amount;', '3', '1');
INSERT INTO "QueryColumnAccess" ("queryId", "columnId")
    VALUES ('1277', '2');
INSERT INTO "QueryColumnAccess" ("queryId", "columnId")
    VALUES ('1277', '4');
INSERT INTO "QueryTableAccess" ("queryId", "tableId")
    VALUES ('1277', '2');
INSERT INTO "QueryTableAccess" ("queryId", "tableId")
    VALUES ('1277', '5');
SELECT 'Customers.customer_id', 'Orders.shipping_address' FROM Customers LEFT OUTER JOIN Orders ON 'Customers.customer_id' = 'Orders.shipping_address';
INSERT INTO "SqlQuery" ("queryId", "userId", "issuedAt", "finishedAt", "hasError", "errorMessage", "statement", "projectId", "queryTypeId")
    VALUES ('1278', '15', '2023-05-03 22:07:11.409098', '2023-05-03 22:07:15.409098', 'False', 'None', 'SELECT Customers.customer_id, Orders.shipping_address FROM Customers LEFT OUTER JOIN Orders ON Customers.customer_id = Orders.shipping_address;', '3', '1');
INSERT INTO "QueryColumnAccess" ("queryId", "columnId")
    VALUES ('1278', '1');
INSERT INTO "QueryColumnAccess" ("queryId", "columnId")
    VALUES ('1278', '6');
INSERT INTO "QueryTableAccess" ("queryId", "tableId")
    VALUES ('1278', '4');
INSERT INTO "QueryTableAccess" ("queryId", "tableId")
    VALUES ('1278', '5');
SELECT 'Orders.order_id', 'Books.author' FROM Orders LEFT OUTER JOIN Books ON 'Orders.order_id' = 'Books.author';
INSERT INTO "SqlQuery" ("queryId", "userId", "issuedAt", "finishedAt", "hasError", "errorMessage", "statement", "projectId", "queryTypeId")
    VALUES ('1279', '2', '2023-04-28 22:07:11.409107', '2023-04-28 22:07:14.409107', 'False', 'None', 'SELECT Orders.order_id, Books.author FROM Orders LEFT OUTER JOIN Books ON Orders.order_id = Books.author;', '3', '1');
INSERT INTO "QueryColumnAccess" ("queryId", "columnId")
    VALUES ('1279', '1');
INSERT INTO "QueryColumnAccess" ("queryId", "columnId")
    VALUES ('1279', '3');
INSERT INTO "QueryTableAccess" ("queryId", "tableId")
    VALUES ('1279', '5');
INSERT INTO "QueryTableAccess" ("queryId", "tableId")
    VALUES ('1279', '1');
SELECT 'Books.publication_date', 'Customers.customer_id' FROM Books LEFT OUTER JOIN Customers ON 'Books.publication_date' = 'Customers.customer_id';
INSERT INTO "SqlQuery" ("queryId", "userId", "issuedAt", "finishedAt", "hasError", "errorMessage", "statement", "projectId", "queryTypeId")
    VALUES ('1280', '15', '2023-06-14 22:07:11.409116', '2023-06-14 22:07:15.409116', 'False', 'None', 'SELECT Books.publication_date, Customers.customer_id FROM Books LEFT OUTER JOIN Customers ON Books.publication_date = Customers.customer_id;', '3', '1');
INSERT INTO "QueryColumnAccess" ("queryId", "columnId")
    VALUES ('1280', '4');
INSERT INTO "QueryColumnAccess" ("queryId", "columnId")
    VALUES ('1280', '1');
INSERT INTO "QueryTableAccess" ("queryId", "tableId")
    VALUES ('1280', '1');
INSERT INTO "QueryTableAccess" ("queryId", "tableId")
    VALUES ('1280', '4');
SELECT 'Books.title', 'Customers.address' FROM Books RIGHT OUTER JOIN Customers ON 'Books.title' = 'Customers.address';
INSERT INTO "SqlQuery" ("queryId", "userId", "issuedAt", "finishedAt", "hasError", "errorMessage", "statement", "projectId", "queryTypeId")
    VALUES ('1281', '10', '2023-04-19 22:07:11.409124', '2023-04-19 22:07:12.409124', 'False', 'None', 'SELECT Books.title, Customers.address FROM Books RIGHT OUTER JOIN Customers ON Books.title = Customers.address;', '3', '1');
INSERT INTO "QueryColumnAccess" ("queryId", "columnId")
    VALUES ('1281', '2');
INSERT INTO "QueryColumnAccess" ("queryId", "columnId")
    VALUES ('1281', '6');
INSERT INTO "QueryTableAccess" ("queryId", "tableId")
    VALUES ('1281', '1');
INSERT INTO "QueryTableAccess" ("queryId", "tableId")
    VALUES ('1281', '4');
SELECT 'Orders.order_date', 'Publishers.website' FROM Orders NATURAL JOIN Publishers ON 'Orders.order_date' = 'Publishers.website';
INSERT INTO "SqlQuery" ("queryId", "userId", "issuedAt", "finishedAt", "hasError", "errorMessage", "statement", "projectId", "queryTypeId")
    VALUES ('1282', '15', '2023-05-07 22:07:11.409133', '2023-05-07 22:07:12.409133', 'False', 'None', 'SELECT Orders.order_date, Publishers.website FROM Orders NATURAL JOIN Publishers ON Orders.order_date = Publishers.website;', '3', '1');
INSERT INTO "QueryColumnAccess" ("queryId", "columnId")
    VALUES ('1282', '3');
INSERT INTO "QueryColumnAccess" ("queryId", "columnId")
    VALUES ('1282', '5');
INSERT INTO "QueryTableAccess" ("queryId", "tableId")
    VALUES ('1282', '5');
INSERT INTO "QueryTableAccess" ("queryId", "tableId")
    VALUES ('1282', '3');
SELECT 'Orders.shipping_state', 'Publishers.website' FROM Orders NATURAL JOIN Publishers ON 'Orders.shipping_state' = 'Publishers.website';
INSERT INTO "SqlQuery" ("queryId", "userId", "issuedAt", "finishedAt", "hasError", "errorMessage", "statement", "projectId", "queryTypeId")
    VALUES ('1283', '11', '2023-06-03 22:07:11.409142', '2023-06-03 22:07:13.409142', 'False', 'None', 'SELECT Orders.shipping_state, Publishers.website FROM Orders NATURAL JOIN Publishers ON Orders.shipping_state = Publishers.website;', '3', '1');
INSERT INTO "QueryColumnAccess" ("queryId", "columnId")
    VALUES ('1283', '8');
INSERT INTO "QueryColumnAccess" ("queryId", "columnId")
    VALUES ('1283', '5');
INSERT INTO "QueryTableAccess" ("queryId", "tableId")
    VALUES ('1283', '5');
INSERT INTO "QueryTableAccess" ("queryId", "tableId")
    VALUES ('1283', '3');
SELECT 'Authors.author_id', 'Books.author' FROM Authors RIGHT OUTER JOIN Books ON 'Authors.author_id' = 'Books.author';
INSERT INTO "SqlQuery" ("queryId", "userId", "issuedAt", "finishedAt", "hasError", "errorMessage", "statement", "projectId", "queryTypeId")
    VALUES ('1284', '1', '2023-06-04 22:07:11.409151', '2023-06-04 22:07:15.409151', 'False', 'None', 'SELECT Authors.author_id, Books.author FROM Authors RIGHT OUTER JOIN Books ON Authors.author_id = Books.author;', '3', '1');
INSERT INTO "QueryColumnAccess" ("queryId", "columnId")
    VALUES ('1284', '1');
INSERT INTO "QueryColumnAccess" ("queryId", "columnId")
    VALUES ('1284', '3');
INSERT INTO "QueryTableAccess" ("queryId", "tableId")
    VALUES ('1284', '2');
INSERT INTO "QueryTableAccess" ("queryId", "tableId")
    VALUES ('1284', '1');
SELECT 'Publishers.country', 'Orders.status' FROM Publishers NATURAL JOIN Orders ON 'Publishers.country' = 'Orders.status';
INSERT INTO "SqlQuery" ("queryId", "userId", "issuedAt", "finishedAt", "hasError", "errorMessage", "statement", "projectId", "queryTypeId")
    VALUES ('1285', '13', '2023-06-17 22:07:11.409160', '2023-06-17 22:07:12.409160', 'False', 'None', 'SELECT Publishers.country, Orders.status FROM Publishers NATURAL JOIN Orders ON Publishers.country = Orders.status;', '3', '1');
INSERT INTO "QueryColumnAccess" ("queryId", "columnId")
    VALUES ('1285', '4');
INSERT INTO "QueryColumnAccess" ("queryId", "columnId")
    VALUES ('1285', '5');
INSERT INTO "QueryTableAccess" ("queryId", "tableId")
    VALUES ('1285', '3');
INSERT INTO "QueryTableAccess" ("queryId", "tableId")
    VALUES ('1285', '5');
SELECT 'Authors.first_name', 'Books.title' FROM Authors RIGHT OUTER JOIN Books ON 'Authors.first_name' = 'Books.title';
INSERT INTO "SqlQuery" ("queryId", "userId", "issuedAt", "finishedAt", "hasError", "errorMessage", "statement", "projectId", "queryTypeId")
    VALUES ('1286', '9', '2023-05-11 22:07:11.409168', '2023-05-11 22:07:12.409168', 'False', 'None', 'SELECT Authors.first_name, Books.title FROM Authors RIGHT OUTER JOIN Books ON Authors.first_name = Books.title;', '3', '1');
INSERT INTO "QueryColumnAccess" ("queryId", "columnId")
    VALUES ('1286', '2');
INSERT INTO "QueryColumnAccess" ("queryId", "columnId")
    VALUES ('1286', '2');
INSERT INTO "QueryTableAccess" ("queryId", "tableId")
    VALUES ('1286', '2');
INSERT INTO "QueryTableAccess" ("queryId", "tableId")
    VALUES ('1286', '1');
SELECT 'Publishers.publisher_name', 'Books.price' FROM Publishers LEFT OUTER JOIN Books ON 'Publishers.publisher_name' = 'Books.price';
INSERT INTO "SqlQuery" ("queryId", "userId", "issuedAt", "finishedAt", "hasError", "errorMessage", "statement", "projectId", "queryTypeId")
    VALUES ('1287', '15', '2023-04-16 22:07:11.409182', '2023-04-16 22:07:15.409182', 'False', 'None', 'SELECT Publishers.publisher_name, Books.price FROM Publishers LEFT OUTER JOIN Books ON Publishers.publisher_name = Books.price;', '3', '1');
INSERT INTO "QueryColumnAccess" ("queryId", "columnId")
    VALUES ('1287', '2');
INSERT INTO "QueryColumnAccess" ("queryId", "columnId")
    VALUES ('1287', '6');
INSERT INTO "QueryTableAccess" ("queryId", "tableId")
    VALUES ('1287', '3');
INSERT INTO "QueryTableAccess" ("queryId", "tableId")
    VALUES ('1287', '1');
SELECT 'Orders.shipping_state', 'Authors.birth_date' FROM Orders NATURAL JOIN Authors ON 'Orders.shipping_state' = 'Authors.birth_date';
INSERT INTO "SqlQuery" ("queryId", "userId", "issuedAt", "finishedAt", "hasError", "errorMessage", "statement", "projectId", "queryTypeId")
    VALUES ('1288', '8', '2023-05-28 22:07:11.409191', '2023-05-28 22:07:13.409191', 'False', 'None', 'SELECT Orders.shipping_state, Authors.birth_date FROM Orders NATURAL JOIN Authors ON Orders.shipping_state = Authors.birth_date;', '3', '1');
INSERT INTO "QueryColumnAccess" ("queryId", "columnId")
    VALUES ('1288', '8');
INSERT INTO "QueryColumnAccess" ("queryId", "columnId")
    VALUES ('1288', '4');
INSERT INTO "QueryTableAccess" ("queryId", "tableId")
    VALUES ('1288', '5');
INSERT INTO "QueryTableAccess" ("queryId", "tableId")
    VALUES ('1288', '2');
SELECT 'Authors.author_id', 'Orders.total_amount' FROM Authors LEFT OUTER JOIN Orders ON 'Authors.author_id' = 'Orders.total_amount';
INSERT INTO "SqlQuery" ("queryId", "userId", "issuedAt", "finishedAt", "hasError", "errorMessage", "statement", "projectId", "queryTypeId")
    VALUES ('1289', '2', '2023-06-25 22:07:11.409199', '2023-06-25 22:07:15.409199', 'False', 'None', 'SELECT Authors.author_id, Orders.total_amount FROM Authors LEFT OUTER JOIN Orders ON Authors.author_id = Orders.total_amount;', '3', '1');
INSERT INTO "QueryColumnAccess" ("queryId", "columnId")
    VALUES ('1289', '1');
INSERT INTO "QueryColumnAccess" ("queryId", "columnId")
    VALUES ('1289', '4');
INSERT INTO "QueryTableAccess" ("queryId", "tableId")
    VALUES ('1289', '2');
INSERT INTO "QueryTableAccess" ("queryId", "tableId")
    VALUES ('1289', '5');
SELECT 'Customers.address', 'Orders.customer_id' FROM Customers LEFT OUTER JOIN Orders ON 'Customers.address' = 'Orders.customer_id';
INSERT INTO "SqlQuery" ("queryId", "userId", "issuedAt", "finishedAt", "hasError", "errorMessage", "statement", "projectId", "queryTypeId")
    VALUES ('1290', '2', '2023-04-16 22:07:11.409208', '2023-04-16 22:07:15.409208', 'False', 'None', 'SELECT Customers.address, Orders.customer_id FROM Customers LEFT OUTER JOIN Orders ON Customers.address = Orders.customer_id;', '3', '1');
INSERT INTO "QueryColumnAccess" ("queryId", "columnId")
    VALUES ('1290', '6');
INSERT INTO "QueryColumnAccess" ("queryId", "columnId")
    VALUES ('1290', '2');
INSERT INTO "QueryTableAccess" ("queryId", "tableId")
    VALUES ('1290', '4');
INSERT INTO "QueryTableAccess" ("queryId", "tableId")
    VALUES ('1290', '5');
SELECT 'Authors.author_id', 'Orders.customer_id' FROM Authors RIGHT OUTER JOIN Orders ON 'Authors.author_id' = 'Orders.customer_id';
INSERT INTO "SqlQuery" ("queryId", "userId", "issuedAt", "finishedAt", "hasError", "errorMessage", "statement", "projectId", "queryTypeId")
    VALUES ('1291', '14', '2023-04-13 22:07:11.409216', '2023-04-13 22:07:15.409216', 'False', 'None', 'SELECT Authors.author_id, Orders.customer_id FROM Authors RIGHT OUTER JOIN Orders ON Authors.author_id = Orders.customer_id;', '3', '1');
INSERT INTO "QueryColumnAccess" ("queryId", "columnId")
    VALUES ('1291', '1');
INSERT INTO "QueryColumnAccess" ("queryId", "columnId")
    VALUES ('1291', '2');
INSERT INTO "QueryTableAccess" ("queryId", "tableId")
    VALUES ('1291', '2');
INSERT INTO "QueryTableAccess" ("queryId", "tableId")
    VALUES ('1291', '5');
SELECT 'Publishers.country', 'Authors.birth_date' FROM Publishers RIGHT OUTER JOIN Authors ON 'Publishers.country' = 'Authors.birth_date';
INSERT INTO "SqlQuery" ("queryId", "userId", "issuedAt", "finishedAt", "hasError", "errorMessage", "statement", "projectId", "queryTypeId")
    VALUES ('1292', '10', '2023-06-09 22:07:11.409225', '2023-06-09 22:07:15.409225', 'False', 'None', 'SELECT Publishers.country, Authors.birth_date FROM Publishers RIGHT OUTER JOIN Authors ON Publishers.country = Authors.birth_date;', '3', '1');
INSERT INTO "QueryColumnAccess" ("queryId", "columnId")
    VALUES ('1292', '4');
INSERT INTO "QueryColumnAccess" ("queryId", "columnId")
    VALUES ('1292', '4');
INSERT INTO "QueryTableAccess" ("queryId", "tableId")
    VALUES ('1292', '3');
INSERT INTO "QueryTableAccess" ("queryId", "tableId")
    VALUES ('1292', '2');
SELECT 'Orders.status', 'Authors.country' FROM Orders NATURAL JOIN Authors ON 'Orders.status' = 'Authors.country';
INSERT INTO "SqlQuery" ("queryId", "userId", "issuedAt", "finishedAt", "hasError", "errorMessage", "statement", "projectId", "queryTypeId")
    VALUES ('1293', '15', '2023-06-28 22:07:11.409234', '2023-06-28 22:07:13.409234', 'False', 'None', 'SELECT Orders.status, Authors.country FROM Orders NATURAL JOIN Authors ON Orders.status = Authors.country;', '3', '1');
INSERT INTO "QueryColumnAccess" ("queryId", "columnId")
    VALUES ('1293', '5');
INSERT INTO "QueryColumnAccess" ("queryId", "columnId")
    VALUES ('1293', '5');
INSERT INTO "QueryTableAccess" ("queryId", "tableId")
    VALUES ('1293', '5');
INSERT INTO "QueryTableAccess" ("queryId", "tableId")
    VALUES ('1293', '2');
SELECT 'Orders.shipping_state', 'Authors.author_id' FROM Orders NATURAL JOIN Authors ON 'Orders.shipping_state' = 'Authors.author_id';
INSERT INTO "SqlQuery" ("queryId", "userId", "issuedAt", "finishedAt", "hasError", "errorMessage", "statement", "projectId", "queryTypeId")
    VALUES ('1294', '10', '2023-05-29 22:07:11.409243', '2023-05-29 22:07:14.409243', 'False', 'None', 'SELECT Orders.shipping_state, Authors.author_id FROM Orders NATURAL JOIN Authors ON Orders.shipping_state = Authors.author_id;', '3', '1');
INSERT INTO "QueryColumnAccess" ("queryId", "columnId")
    VALUES ('1294', '8');
INSERT INTO "QueryColumnAccess" ("queryId", "columnId")
    VALUES ('1294', '1');
INSERT INTO "QueryTableAccess" ("queryId", "tableId")
    VALUES ('1294', '5');
INSERT INTO "QueryTableAccess" ("queryId", "tableId")
    VALUES ('1294', '2');
SELECT 'Publishers.publisher_id', 'Books.publisher' FROM Publishers LEFT OUTER JOIN Books ON 'Publishers.publisher_id' = 'Books.publisher';
INSERT INTO "SqlQuery" ("queryId", "userId", "issuedAt", "finishedAt", "hasError", "errorMessage", "statement", "projectId", "queryTypeId")
    VALUES ('1295', '11', '2023-06-15 22:07:11.409252', '2023-06-15 22:07:15.409252', 'False', 'None', 'SELECT Publishers.publisher_id, Books.publisher FROM Publishers LEFT OUTER JOIN Books ON Publishers.publisher_id = Books.publisher;', '3', '1');
INSERT INTO "QueryColumnAccess" ("queryId", "columnId")
    VALUES ('1295', '1');
INSERT INTO "QueryColumnAccess" ("queryId", "columnId")
    VALUES ('1295', '5');
INSERT INTO "QueryTableAccess" ("queryId", "tableId")
    VALUES ('1295', '3');
INSERT INTO "QueryTableAccess" ("queryId", "tableId")
    VALUES ('1295', '1');
SELECT 'Orders.shipping_zip_code', 'Publishers.established_date' FROM Orders RIGHT OUTER JOIN Publishers ON 'Orders.shipping_zip_code' = 'Publishers.established_date';
INSERT INTO "SqlQuery" ("queryId", "userId", "issuedAt", "finishedAt", "hasError", "errorMessage", "statement", "projectId", "queryTypeId")
    VALUES ('1296', '4', '2023-06-15 22:07:11.409261', '2023-06-15 22:07:15.409261', 'False', 'None', 'SELECT Orders.shipping_zip_code, Publishers.established_date FROM Orders RIGHT OUTER JOIN Publishers ON Orders.shipping_zip_code = Publishers.established_date;', '3', '1');
INSERT INTO "QueryColumnAccess" ("queryId", "columnId")
    VALUES ('1296', '9');
INSERT INTO "QueryColumnAccess" ("queryId", "columnId")
    VALUES ('1296', '3');
INSERT INTO "QueryTableAccess" ("queryId", "tableId")
    VALUES ('1296', '5');
INSERT INTO "QueryTableAccess" ("queryId", "tableId")
    VALUES ('1296', '3');
SELECT 'Orders.order_id', 'Publishers.website' FROM Orders LEFT OUTER JOIN Publishers ON 'Orders.order_id' = 'Publishers.website';
INSERT INTO "SqlQuery" ("queryId", "userId", "issuedAt", "finishedAt", "hasError", "errorMessage", "statement", "projectId", "queryTypeId")
    VALUES ('1297', '8', '2023-05-18 22:07:11.409274', '2023-05-18 22:07:15.409274', 'False', 'None', 'SELECT Orders.order_id, Publishers.website FROM Orders LEFT OUTER JOIN Publishers ON Orders.order_id = Publishers.website;', '3', '1');
INSERT INTO "QueryColumnAccess" ("queryId", "columnId")
    VALUES ('1297', '1');
INSERT INTO "QueryColumnAccess" ("queryId", "columnId")
    VALUES ('1297', '5');
INSERT INTO "QueryTableAccess" ("queryId", "tableId")
    VALUES ('1297', '5');
INSERT INTO "QueryTableAccess" ("queryId", "tableId")
    VALUES ('1297', '3');
SELECT 'Customers.email', 'Authors.first_name' FROM Customers NATURAL JOIN Authors ON 'Customers.email' = 'Authors.first_name';
INSERT INTO "SqlQuery" ("queryId", "userId", "issuedAt", "finishedAt", "hasError", "errorMessage", "statement", "projectId", "queryTypeId")
    VALUES ('1298', '11', '2023-04-26 22:07:11.409283', '2023-04-26 22:07:15.409283', 'False', 'None', 'SELECT Customers.email, Authors.first_name FROM Customers NATURAL JOIN Authors ON Customers.email = Authors.first_name;', '3', '1');
INSERT INTO "QueryColumnAccess" ("queryId", "columnId")
    VALUES ('1298', '4');
INSERT INTO "QueryColumnAccess" ("queryId", "columnId")
    VALUES ('1298', '2');
INSERT INTO "QueryTableAccess" ("queryId", "tableId")
    VALUES ('1298', '4');
INSERT INTO "QueryTableAccess" ("queryId", "tableId")
    VALUES ('1298', '2');
SELECT 'Publishers.publisher_name', 'Orders.shipping_zip_code' FROM Publishers RIGHT OUTER JOIN Orders ON 'Publishers.publisher_name' = 'Orders.shipping_zip_code';
INSERT INTO "SqlQuery" ("queryId", "userId", "issuedAt", "finishedAt", "hasError", "errorMessage", "statement", "projectId", "queryTypeId")
    VALUES ('1299', '6', '2023-04-25 22:07:11.409291', '2023-04-25 22:07:12.409291', 'False', 'None', 'SELECT Publishers.publisher_name, Orders.shipping_zip_code FROM Publishers RIGHT OUTER JOIN Orders ON Publishers.publisher_name = Orders.shipping_zip_code;', '3', '1');
INSERT INTO "QueryColumnAccess" ("queryId", "columnId")
    VALUES ('1299', '2');
INSERT INTO "QueryColumnAccess" ("queryId", "columnId")
    VALUES ('1299', '9');
INSERT INTO "QueryTableAccess" ("queryId", "tableId")
    VALUES ('1299', '3');
INSERT INTO "QueryTableAccess" ("queryId", "tableId")
    VALUES ('1299', '5');
SELECT 'Publishers.established_date', 'Orders.customer_id' FROM Publishers NATURAL JOIN Orders ON 'Publishers.established_date' = 'Orders.customer_id';
INSERT INTO "SqlQuery" ("queryId", "userId", "issuedAt", "finishedAt", "hasError", "errorMessage", "statement", "projectId", "queryTypeId")
    VALUES ('1300', '8', '2023-05-24 22:07:11.409300', '2023-05-24 22:07:14.409300', 'False', 'None', 'SELECT Publishers.established_date, Orders.customer_id FROM Publishers NATURAL JOIN Orders ON Publishers.established_date = Orders.customer_id;', '3', '1');
INSERT INTO "QueryColumnAccess" ("queryId", "columnId")
    VALUES ('1300', '3');
INSERT INTO "QueryColumnAccess" ("queryId", "columnId")
    VALUES ('1300', '2');
INSERT INTO "QueryTableAccess" ("queryId", "tableId")
    VALUES ('1300', '3');
INSERT INTO "QueryTableAccess" ("queryId", "tableId")
    VALUES ('1300', '5');
SELECT 'Authors.author_id', 'Publishers.publisher_id' FROM Authors NATURAL JOIN Publishers ON 'Authors.author_id' = 'Publishers.publisher_id';
INSERT INTO "SqlQuery" ("queryId", "userId", "issuedAt", "finishedAt", "hasError", "errorMessage", "statement", "projectId", "queryTypeId")
    VALUES ('1301', '15', '2023-05-21 22:07:11.409309', '2023-05-21 22:07:15.409309', 'False', 'None', 'SELECT Authors.author_id, Publishers.publisher_id FROM Authors NATURAL JOIN Publishers ON Authors.author_id = Publishers.publisher_id;', '3', '1');
INSERT INTO "QueryColumnAccess" ("queryId", "columnId")
    VALUES ('1301', '1');
INSERT INTO "QueryColumnAccess" ("queryId", "columnId")
    VALUES ('1301', '1');
INSERT INTO "QueryTableAccess" ("queryId", "tableId")
    VALUES ('1301', '2');
INSERT INTO "QueryTableAccess" ("queryId", "tableId")
    VALUES ('1301', '3');
SELECT 'Books.book_id', 'Orders.shipping_city' FROM Books LEFT OUTER JOIN Orders ON 'Books.book_id' = 'Orders.shipping_city';
INSERT INTO "SqlQuery" ("queryId", "userId", "issuedAt", "finishedAt", "hasError", "errorMessage", "statement", "projectId", "queryTypeId")
    VALUES ('1302', '5', '2023-07-01 22:07:11.409318', '2023-07-01 22:07:15.409318', 'False', 'None', 'SELECT Books.book_id, Orders.shipping_city FROM Books LEFT OUTER JOIN Orders ON Books.book_id = Orders.shipping_city;', '3', '1');
INSERT INTO "QueryColumnAccess" ("queryId", "columnId")
    VALUES ('1302', '1');
INSERT INTO "QueryColumnAccess" ("queryId", "columnId")
    VALUES ('1302', '7');
INSERT INTO "QueryTableAccess" ("queryId", "tableId")
    VALUES ('1302', '1');
INSERT INTO "QueryTableAccess" ("queryId", "tableId")
    VALUES ('1302', '5');
SELECT 'Authors.author_id', 'Publishers.publisher_id' FROM Authors NATURAL JOIN Publishers ON 'Authors.author_id' = 'Publishers.publisher_id';
INSERT INTO "SqlQuery" ("queryId", "userId", "issuedAt", "finishedAt", "hasError", "errorMessage", "statement", "projectId", "queryTypeId")
    VALUES ('1303', '4', '2023-05-15 22:07:11.409327', '2023-05-15 22:07:14.409327', 'False', 'None', 'SELECT Authors.author_id, Publishers.publisher_id FROM Authors NATURAL JOIN Publishers ON Authors.author_id = Publishers.publisher_id;', '3', '1');
INSERT INTO "QueryColumnAccess" ("queryId", "columnId")
    VALUES ('1303', '1');
INSERT INTO "QueryColumnAccess" ("queryId", "columnId")
    VALUES ('1303', '1');
INSERT INTO "QueryTableAccess" ("queryId", "tableId")
    VALUES ('1303', '2');
INSERT INTO "QueryTableAccess" ("queryId", "tableId")
    VALUES ('1303', '3');
SELECT 'Orders.shipping_state', 'Books.author' FROM Orders LEFT OUTER JOIN Books ON 'Orders.shipping_state' = 'Books.author';
INSERT INTO "SqlQuery" ("queryId", "userId", "issuedAt", "finishedAt", "hasError", "errorMessage", "statement", "projectId", "queryTypeId")
    VALUES ('1304', '13', '2023-04-17 22:07:11.409335', '2023-04-17 22:07:15.409335', 'False', 'None', 'SELECT Orders.shipping_state, Books.author FROM Orders LEFT OUTER JOIN Books ON Orders.shipping_state = Books.author;', '3', '1');
INSERT INTO "QueryColumnAccess" ("queryId", "columnId")
    VALUES ('1304', '8');
INSERT INTO "QueryColumnAccess" ("queryId", "columnId")
    VALUES ('1304', '3');
INSERT INTO "QueryTableAccess" ("queryId", "tableId")
    VALUES ('1304', '5');
INSERT INTO "QueryTableAccess" ("queryId", "tableId")
    VALUES ('1304', '1');
SELECT 'Authors.birth_date', 'Books.author' FROM Authors LEFT OUTER JOIN Books ON 'Authors.birth_date' = 'Books.author';
INSERT INTO "SqlQuery" ("queryId", "userId", "issuedAt", "finishedAt", "hasError", "errorMessage", "statement", "projectId", "queryTypeId")
    VALUES ('1305', '10', '2023-06-07 22:07:11.409344', '2023-06-07 22:07:12.409344', 'False', 'None', 'SELECT Authors.birth_date, Books.author FROM Authors LEFT OUTER JOIN Books ON Authors.birth_date = Books.author;', '3', '1');
INSERT INTO "QueryColumnAccess" ("queryId", "columnId")
    VALUES ('1305', '4');
INSERT INTO "QueryColumnAccess" ("queryId", "columnId")
    VALUES ('1305', '3');
INSERT INTO "QueryTableAccess" ("queryId", "tableId")
    VALUES ('1305', '2');
INSERT INTO "QueryTableAccess" ("queryId", "tableId")
    VALUES ('1305', '1');
SELECT 'Authors.author_id', 'Publishers.publisher_id' FROM Authors LEFT OUTER JOIN Publishers ON 'Authors.author_id' = 'Publishers.publisher_id';
INSERT INTO "SqlQuery" ("queryId", "userId", "issuedAt", "finishedAt", "hasError", "errorMessage", "statement", "projectId", "queryTypeId")
    VALUES ('1306', '1', '2023-05-05 22:07:11.409399', '2023-05-05 22:07:12.409399', 'False', 'None', 'SELECT Authors.author_id, Publishers.publisher_id FROM Authors LEFT OUTER JOIN Publishers ON Authors.author_id = Publishers.publisher_id;', '3', '1');
INSERT INTO "QueryColumnAccess" ("queryId", "columnId")
    VALUES ('1306', '1');
INSERT INTO "QueryColumnAccess" ("queryId", "columnId")
    VALUES ('1306', '1');
INSERT INTO "QueryTableAccess" ("queryId", "tableId")
    VALUES ('1306', '2');
INSERT INTO "QueryTableAccess" ("queryId", "tableId")
    VALUES ('1306', '3');
SELECT 'Publishers.established_date', 'Books.author' FROM Publishers RIGHT OUTER JOIN Books ON 'Publishers.established_date' = 'Books.author';
INSERT INTO "SqlQuery" ("queryId", "userId", "issuedAt", "finishedAt", "hasError", "errorMessage", "statement", "projectId", "queryTypeId")
    VALUES ('1307', '4', '2023-04-26 22:07:11.409415', '2023-04-26 22:07:12.409415', 'False', 'None', 'SELECT Publishers.established_date, Books.author FROM Publishers RIGHT OUTER JOIN Books ON Publishers.established_date = Books.author;', '3', '1');
INSERT INTO "QueryColumnAccess" ("queryId", "columnId")
    VALUES ('1307', '3');
INSERT INTO "QueryColumnAccess" ("queryId", "columnId")
    VALUES ('1307', '3');
INSERT INTO "QueryTableAccess" ("queryId", "tableId")
    VALUES ('1307', '3');
INSERT INTO "QueryTableAccess" ("queryId", "tableId")
    VALUES ('1307', '1');
SELECT 'Orders.shipping_address', 'Publishers.country' FROM Orders NATURAL JOIN Publishers ON 'Orders.shipping_address' = 'Publishers.country';
INSERT INTO "SqlQuery" ("queryId", "userId", "issuedAt", "finishedAt", "hasError", "errorMessage", "statement", "projectId", "queryTypeId")
    VALUES ('1308', '2', '2023-05-13 22:07:11.409429', '2023-05-13 22:07:14.409429', 'False', 'None', 'SELECT Orders.shipping_address, Publishers.country FROM Orders NATURAL JOIN Publishers ON Orders.shipping_address = Publishers.country;', '3', '1');
INSERT INTO "QueryColumnAccess" ("queryId", "columnId")
    VALUES ('1308', '6');
INSERT INTO "QueryColumnAccess" ("queryId", "columnId")
    VALUES ('1308', '4');
INSERT INTO "QueryTableAccess" ("queryId", "tableId")
    VALUES ('1308', '5');
INSERT INTO "QueryTableAccess" ("queryId", "tableId")
    VALUES ('1308', '3');
SELECT 'Customers.state', 'Books.title' FROM Customers NATURAL JOIN Books ON 'Customers.state' = 'Books.title';
INSERT INTO "SqlQuery" ("queryId", "userId", "issuedAt", "finishedAt", "hasError", "errorMessage", "statement", "projectId", "queryTypeId")
    VALUES ('1309', '14', '2023-06-29 22:07:11.409441', '2023-06-29 22:07:15.409441', 'False', 'None', 'SELECT Customers.state, Books.title FROM Customers NATURAL JOIN Books ON Customers.state = Books.title;', '3', '1');
INSERT INTO "QueryColumnAccess" ("queryId", "columnId")
    VALUES ('1309', '8');
INSERT INTO "QueryColumnAccess" ("queryId", "columnId")
    VALUES ('1309', '2');
INSERT INTO "QueryTableAccess" ("queryId", "tableId")
    VALUES ('1309', '4');
INSERT INTO "QueryTableAccess" ("queryId", "tableId")
    VALUES ('1309', '1');
SELECT 'Customers.address', 'Orders.status' FROM Customers RIGHT OUTER JOIN Orders ON 'Customers.address' = 'Orders.status';
INSERT INTO "SqlQuery" ("queryId", "userId", "issuedAt", "finishedAt", "hasError", "errorMessage", "statement", "projectId", "queryTypeId")
    VALUES ('1310', '7', '2023-05-21 22:07:11.409451', '2023-05-21 22:07:12.409451', 'False', 'None', 'SELECT Customers.address, Orders.status FROM Customers RIGHT OUTER JOIN Orders ON Customers.address = Orders.status;', '3', '1');
INSERT INTO "QueryColumnAccess" ("queryId", "columnId")
    VALUES ('1310', '6');
INSERT INTO "QueryColumnAccess" ("queryId", "columnId")
    VALUES ('1310', '5');
INSERT INTO "QueryTableAccess" ("queryId", "tableId")
    VALUES ('1310', '4');
INSERT INTO "QueryTableAccess" ("queryId", "tableId")
    VALUES ('1310', '5');
SELECT 'Orders.shipping_zip_code', 'Books.book_id' FROM Orders NATURAL JOIN Books ON 'Orders.shipping_zip_code' = 'Books.book_id';
INSERT INTO "SqlQuery" ("queryId", "userId", "issuedAt", "finishedAt", "hasError", "errorMessage", "statement", "projectId", "queryTypeId")
    VALUES ('1311', '10', '2023-04-17 22:07:11.409464', '2023-04-17 22:07:15.409464', 'False', 'None', 'SELECT Orders.shipping_zip_code, Books.book_id FROM Orders NATURAL JOIN Books ON Orders.shipping_zip_code = Books.book_id;', '3', '1');
INSERT INTO "QueryColumnAccess" ("queryId", "columnId")
    VALUES ('1311', '9');
INSERT INTO "QueryColumnAccess" ("queryId", "columnId")
    VALUES ('1311', '1');
INSERT INTO "QueryTableAccess" ("queryId", "tableId")
    VALUES ('1311', '5');
INSERT INTO "QueryTableAccess" ("queryId", "tableId")
    VALUES ('1311', '1');
SELECT 'Books.price', 'Authors.author_id' FROM Books NATURAL JOIN Authors ON 'Books.price' = 'Authors.author_id';
INSERT INTO "SqlQuery" ("queryId", "userId", "issuedAt", "finishedAt", "hasError", "errorMessage", "statement", "projectId", "queryTypeId")
    VALUES ('1312', '9', '2023-05-02 22:07:11.409474', '2023-05-02 22:07:15.409474', 'False', 'None', 'SELECT Books.price, Authors.author_id FROM Books NATURAL JOIN Authors ON Books.price = Authors.author_id;', '3', '1');
INSERT INTO "QueryColumnAccess" ("queryId", "columnId")
    VALUES ('1312', '6');
INSERT INTO "QueryColumnAccess" ("queryId", "columnId")
    VALUES ('1312', '1');
INSERT INTO "QueryTableAccess" ("queryId", "tableId")
    VALUES ('1312', '1');
INSERT INTO "QueryTableAccess" ("queryId", "tableId")
    VALUES ('1312', '2');
SELECT 'Authors.last_name', 'Publishers.publisher_id' FROM Authors NATURAL JOIN Publishers ON 'Authors.last_name' = 'Publishers.publisher_id';
INSERT INTO "SqlQuery" ("queryId", "userId", "issuedAt", "finishedAt", "hasError", "errorMessage", "statement", "projectId", "queryTypeId")
    VALUES ('1313', '9', '2023-05-12 22:07:11.409483', '2023-05-12 22:07:13.409483', 'False', 'None', 'SELECT Authors.last_name, Publishers.publisher_id FROM Authors NATURAL JOIN Publishers ON Authors.last_name = Publishers.publisher_id;', '3', '1');
INSERT INTO "QueryColumnAccess" ("queryId", "columnId")
    VALUES ('1313', '3');
INSERT INTO "QueryColumnAccess" ("queryId", "columnId")
    VALUES ('1313', '1');
INSERT INTO "QueryTableAccess" ("queryId", "tableId")
    VALUES ('1313', '2');
INSERT INTO "QueryTableAccess" ("queryId", "tableId")
    VALUES ('1313', '3');
SELECT 'Books.publisher', 'Publishers.publisher_id' FROM Books LEFT OUTER JOIN Publishers ON 'Books.publisher' = 'Publishers.publisher_id';
INSERT INTO "SqlQuery" ("queryId", "userId", "issuedAt", "finishedAt", "hasError", "errorMessage", "statement", "projectId", "queryTypeId")
    VALUES ('1314', '7', '2023-05-10 22:07:11.409494', '2023-05-10 22:07:12.409494', 'False', 'None', 'SELECT Books.publisher, Publishers.publisher_id FROM Books LEFT OUTER JOIN Publishers ON Books.publisher = Publishers.publisher_id;', '3', '1');
INSERT INTO "QueryColumnAccess" ("queryId", "columnId")
    VALUES ('1314', '5');
INSERT INTO "QueryColumnAccess" ("queryId", "columnId")
    VALUES ('1314', '1');
INSERT INTO "QueryTableAccess" ("queryId", "tableId")
    VALUES ('1314', '1');
INSERT INTO "QueryTableAccess" ("queryId", "tableId")
    VALUES ('1314', '3');
SELECT 'Publishers.website', 'Customers.country' FROM Publishers NATURAL JOIN Customers ON 'Publishers.website' = 'Customers.country';
INSERT INTO "SqlQuery" ("queryId", "userId", "issuedAt", "finishedAt", "hasError", "errorMessage", "statement", "projectId", "queryTypeId")
    VALUES ('1315', '3', '2023-06-01 22:07:11.409504', '2023-06-01 22:07:13.409504', 'False', 'None', 'SELECT Publishers.website, Customers.country FROM Publishers NATURAL JOIN Customers ON Publishers.website = Customers.country;', '3', '1');
INSERT INTO "QueryColumnAccess" ("queryId", "columnId")
    VALUES ('1315', '5');
INSERT INTO "QueryColumnAccess" ("queryId", "columnId")
    VALUES ('1315', '10');
INSERT INTO "QueryTableAccess" ("queryId", "tableId")
    VALUES ('1315', '3');
INSERT INTO "QueryTableAccess" ("queryId", "tableId")
    VALUES ('1315', '4');
SELECT 'Authors.country', 'Books.title' FROM Authors LEFT OUTER JOIN Books ON 'Authors.country' = 'Books.title';
INSERT INTO "SqlQuery" ("queryId", "userId", "issuedAt", "finishedAt", "hasError", "errorMessage", "statement", "projectId", "queryTypeId")
    VALUES ('1316', '4', '2023-04-29 22:07:11.409534', '2023-04-29 22:07:15.409534', 'False', 'None', 'SELECT Authors.country, Books.title FROM Authors LEFT OUTER JOIN Books ON Authors.country = Books.title;', '3', '1');
INSERT INTO "QueryColumnAccess" ("queryId", "columnId")
    VALUES ('1316', '5');
INSERT INTO "QueryColumnAccess" ("queryId", "columnId")
    VALUES ('1316', '2');
INSERT INTO "QueryTableAccess" ("queryId", "tableId")
    VALUES ('1316', '2');
INSERT INTO "QueryTableAccess" ("queryId", "tableId")
    VALUES ('1316', '1');
SELECT 'Customers.address', 'Publishers.website' FROM Customers NATURAL JOIN Publishers ON 'Customers.address' = 'Publishers.website';
INSERT INTO "SqlQuery" ("queryId", "userId", "issuedAt", "finishedAt", "hasError", "errorMessage", "statement", "projectId", "queryTypeId")
    VALUES ('1317', '5', '2023-05-19 22:07:11.409543', '2023-05-19 22:07:12.409543', 'False', 'None', 'SELECT Customers.address, Publishers.website FROM Customers NATURAL JOIN Publishers ON Customers.address = Publishers.website;', '3', '1');
INSERT INTO "QueryColumnAccess" ("queryId", "columnId")
    VALUES ('1317', '6');
INSERT INTO "QueryColumnAccess" ("queryId", "columnId")
    VALUES ('1317', '5');
INSERT INTO "QueryTableAccess" ("queryId", "tableId")
    VALUES ('1317', '4');
INSERT INTO "QueryTableAccess" ("queryId", "tableId")
    VALUES ('1317', '3');
SELECT 'Customers.email', 'Authors.country' FROM Customers NATURAL JOIN Authors ON 'Customers.email' = 'Authors.country';
INSERT INTO "SqlQuery" ("queryId", "userId", "issuedAt", "finishedAt", "hasError", "errorMessage", "statement", "projectId", "queryTypeId")
    VALUES ('1318', '2', '2023-06-29 22:07:11.409552', '2023-06-29 22:07:12.409552', 'False', 'None', 'SELECT Customers.email, Authors.country FROM Customers NATURAL JOIN Authors ON Customers.email = Authors.country;', '3', '1');
INSERT INTO "QueryColumnAccess" ("queryId", "columnId")
    VALUES ('1318', '4');
INSERT INTO "QueryColumnAccess" ("queryId", "columnId")
    VALUES ('1318', '5');
INSERT INTO "QueryTableAccess" ("queryId", "tableId")
    VALUES ('1318', '4');
INSERT INTO "QueryTableAccess" ("queryId", "tableId")
    VALUES ('1318', '2');
SELECT 'Customers.customer_id', 'Books.price' FROM Customers LEFT OUTER JOIN Books ON 'Customers.customer_id' = 'Books.price';
INSERT INTO "SqlQuery" ("queryId", "userId", "issuedAt", "finishedAt", "hasError", "errorMessage", "statement", "projectId", "queryTypeId")
    VALUES ('1319', '4', '2023-05-26 22:07:11.409561', '2023-05-26 22:07:13.409561', 'False', 'None', 'SELECT Customers.customer_id, Books.price FROM Customers LEFT OUTER JOIN Books ON Customers.customer_id = Books.price;', '3', '1');
INSERT INTO "QueryColumnAccess" ("queryId", "columnId")
    VALUES ('1319', '1');
INSERT INTO "QueryColumnAccess" ("queryId", "columnId")
    VALUES ('1319', '6');
INSERT INTO "QueryTableAccess" ("queryId", "tableId")
    VALUES ('1319', '4');
INSERT INTO "QueryTableAccess" ("queryId", "tableId")
    VALUES ('1319', '1');
SELECT 'Publishers.website', 'Orders.shipping_country' FROM Publishers RIGHT OUTER JOIN Orders ON 'Publishers.website' = 'Orders.shipping_country';
INSERT INTO "SqlQuery" ("queryId", "userId", "issuedAt", "finishedAt", "hasError", "errorMessage", "statement", "projectId", "queryTypeId")
    VALUES ('1320', '3', '2023-06-13 22:07:11.409574', '2023-06-13 22:07:14.409574', 'False', 'None', 'SELECT Publishers.website, Orders.shipping_country FROM Publishers RIGHT OUTER JOIN Orders ON Publishers.website = Orders.shipping_country;', '3', '1');
INSERT INTO "QueryColumnAccess" ("queryId", "columnId")
    VALUES ('1320', '5');
INSERT INTO "QueryColumnAccess" ("queryId", "columnId")
    VALUES ('1320', '10');
INSERT INTO "QueryTableAccess" ("queryId", "tableId")
    VALUES ('1320', '3');
INSERT INTO "QueryTableAccess" ("queryId", "tableId")
    VALUES ('1320', '5');
SELECT 'Publishers.country', 'Orders.total_amount' FROM Publishers RIGHT OUTER JOIN Orders ON 'Publishers.country' = 'Orders.total_amount';
INSERT INTO "SqlQuery" ("queryId", "userId", "issuedAt", "finishedAt", "hasError", "errorMessage", "statement", "projectId", "queryTypeId")
    VALUES ('1321', '1', '2023-04-11 22:07:11.409583', '2023-04-11 22:07:14.409583', 'False', 'None', 'SELECT Publishers.country, Orders.total_amount FROM Publishers RIGHT OUTER JOIN Orders ON Publishers.country = Orders.total_amount;', '3', '1');
INSERT INTO "QueryColumnAccess" ("queryId", "columnId")
    VALUES ('1321', '4');
INSERT INTO "QueryColumnAccess" ("queryId", "columnId")
    VALUES ('1321', '4');
INSERT INTO "QueryTableAccess" ("queryId", "tableId")
    VALUES ('1321', '3');
INSERT INTO "QueryTableAccess" ("queryId", "tableId")
    VALUES ('1321', '5');
SELECT 'Authors.birth_date', 'Publishers.website' FROM Authors NATURAL JOIN Publishers ON 'Authors.birth_date' = 'Publishers.website';
INSERT INTO "SqlQuery" ("queryId", "userId", "issuedAt", "finishedAt", "hasError", "errorMessage", "statement", "projectId", "queryTypeId")
    VALUES ('1322', '13', '2023-05-20 22:07:11.409592', '2023-05-20 22:07:15.409592', 'False', 'None', 'SELECT Authors.birth_date, Publishers.website FROM Authors NATURAL JOIN Publishers ON Authors.birth_date = Publishers.website;', '3', '1');
INSERT INTO "QueryColumnAccess" ("queryId", "columnId")
    VALUES ('1322', '4');
INSERT INTO "QueryColumnAccess" ("queryId", "columnId")
    VALUES ('1322', '5');
INSERT INTO "QueryTableAccess" ("queryId", "tableId")
    VALUES ('1322', '2');
INSERT INTO "QueryTableAccess" ("queryId", "tableId")
    VALUES ('1322', '3');
SELECT 'Books.book_id', 'Orders.status' FROM Books RIGHT OUTER JOIN Orders ON 'Books.book_id' = 'Orders.status';
INSERT INTO "SqlQuery" ("queryId", "userId", "issuedAt", "finishedAt", "hasError", "errorMessage", "statement", "projectId", "queryTypeId")
    VALUES ('1323', '1', '2023-05-02 22:07:11.409601', '2023-05-02 22:07:14.409601', 'False', 'None', 'SELECT Books.book_id, Orders.status FROM Books RIGHT OUTER JOIN Orders ON Books.book_id = Orders.status;', '3', '1');
INSERT INTO "QueryColumnAccess" ("queryId", "columnId")
    VALUES ('1323', '1');
INSERT INTO "QueryColumnAccess" ("queryId", "columnId")
    VALUES ('1323', '5');
INSERT INTO "QueryTableAccess" ("queryId", "tableId")
    VALUES ('1323', '1');
INSERT INTO "QueryTableAccess" ("queryId", "tableId")
    VALUES ('1323', '5');
SELECT 'Orders.order_id', 'Authors.country' FROM Orders RIGHT OUTER JOIN Authors ON 'Orders.order_id' = 'Authors.country';
INSERT INTO "SqlQuery" ("queryId", "userId", "issuedAt", "finishedAt", "hasError", "errorMessage", "statement", "projectId", "queryTypeId")
    VALUES ('1324', '8', '2023-04-23 22:07:11.409610', '2023-04-23 22:07:14.409610', 'False', 'None', 'SELECT Orders.order_id, Authors.country FROM Orders RIGHT OUTER JOIN Authors ON Orders.order_id = Authors.country;', '3', '1');
INSERT INTO "QueryColumnAccess" ("queryId", "columnId")
    VALUES ('1324', '1');
INSERT INTO "QueryColumnAccess" ("queryId", "columnId")
    VALUES ('1324', '5');
INSERT INTO "QueryTableAccess" ("queryId", "tableId")
    VALUES ('1324', '5');
INSERT INTO "QueryTableAccess" ("queryId", "tableId")
    VALUES ('1324', '2');
SELECT 'Orders.shipping_city', 'Books.publisher' FROM Orders NATURAL JOIN Books ON 'Orders.shipping_city' = 'Books.publisher';
INSERT INTO "SqlQuery" ("queryId", "userId", "issuedAt", "finishedAt", "hasError", "errorMessage", "statement", "projectId", "queryTypeId")
    VALUES ('1325', '5', '2023-05-24 22:07:11.409619', '2023-05-24 22:07:13.409619', 'False', 'None', 'SELECT Orders.shipping_city, Books.publisher FROM Orders NATURAL JOIN Books ON Orders.shipping_city = Books.publisher;', '3', '1');
INSERT INTO "QueryColumnAccess" ("queryId", "columnId")
    VALUES ('1325', '7');
INSERT INTO "QueryColumnAccess" ("queryId", "columnId")
    VALUES ('1325', '5');
INSERT INTO "QueryTableAccess" ("queryId", "tableId")
    VALUES ('1325', '5');
INSERT INTO "QueryTableAccess" ("queryId", "tableId")
    VALUES ('1325', '1');
SELECT 'Publishers.established_date', 'Orders.shipping_zip_code' FROM Publishers RIGHT OUTER JOIN Orders ON 'Publishers.established_date' = 'Orders.shipping_zip_code';
INSERT INTO "SqlQuery" ("queryId", "userId", "issuedAt", "finishedAt", "hasError", "errorMessage", "statement", "projectId", "queryTypeId")
    VALUES ('1326', '7', '2023-06-17 22:07:11.409634', '2023-06-17 22:07:12.409634', 'False', 'None', 'SELECT Publishers.established_date, Orders.shipping_zip_code FROM Publishers RIGHT OUTER JOIN Orders ON Publishers.established_date = Orders.shipping_zip_code;', '3', '1');
INSERT INTO "QueryColumnAccess" ("queryId", "columnId")
    VALUES ('1326', '3');
INSERT INTO "QueryColumnAccess" ("queryId", "columnId")
    VALUES ('1326', '9');
INSERT INTO "QueryTableAccess" ("queryId", "tableId")
    VALUES ('1326', '3');
INSERT INTO "QueryTableAccess" ("queryId", "tableId")
    VALUES ('1326', '5');
SELECT 'Books.book_id', 'Orders.shipping_country' FROM Books RIGHT OUTER JOIN Orders ON 'Books.book_id' = 'Orders.shipping_country';
INSERT INTO "SqlQuery" ("queryId", "userId", "issuedAt", "finishedAt", "hasError", "errorMessage", "statement", "projectId", "queryTypeId")
    VALUES ('1327', '8', '2023-06-27 22:07:11.409644', '2023-06-27 22:07:12.409644', 'False', 'None', 'SELECT Books.book_id, Orders.shipping_country FROM Books RIGHT OUTER JOIN Orders ON Books.book_id = Orders.shipping_country;', '3', '1');
INSERT INTO "QueryColumnAccess" ("queryId", "columnId")
    VALUES ('1327', '1');
INSERT INTO "QueryColumnAccess" ("queryId", "columnId")
    VALUES ('1327', '10');
INSERT INTO "QueryTableAccess" ("queryId", "tableId")
    VALUES ('1327', '1');
INSERT INTO "QueryTableAccess" ("queryId", "tableId")
    VALUES ('1327', '5');
SELECT 'Customers.city', 'Orders.customer_id' FROM Customers NATURAL JOIN Orders ON 'Customers.city' = 'Orders.customer_id';
INSERT INTO "SqlQuery" ("queryId", "userId", "issuedAt", "finishedAt", "hasError", "errorMessage", "statement", "projectId", "queryTypeId")
    VALUES ('1328', '10', '2023-06-14 22:07:11.409654', '2023-06-14 22:07:13.409654', 'False', 'None', 'SELECT Customers.city, Orders.customer_id FROM Customers NATURAL JOIN Orders ON Customers.city = Orders.customer_id;', '3', '1');
INSERT INTO "QueryColumnAccess" ("queryId", "columnId")
    VALUES ('1328', '7');
INSERT INTO "QueryColumnAccess" ("queryId", "columnId")
    VALUES ('1328', '2');
INSERT INTO "QueryTableAccess" ("queryId", "tableId")
    VALUES ('1328', '4');
INSERT INTO "QueryTableAccess" ("queryId", "tableId")
    VALUES ('1328', '5');
SELECT 'Books.book_id', 'Orders.shipping_address' FROM Books LEFT OUTER JOIN Orders ON 'Books.book_id' = 'Orders.shipping_address';
INSERT INTO "SqlQuery" ("queryId", "userId", "issuedAt", "finishedAt", "hasError", "errorMessage", "statement", "projectId", "queryTypeId")
    VALUES ('1329', '2', '2023-07-05 22:07:11.409662', '2023-07-05 22:07:13.409662', 'False', 'None', 'SELECT Books.book_id, Orders.shipping_address FROM Books LEFT OUTER JOIN Orders ON Books.book_id = Orders.shipping_address;', '3', '1');
INSERT INTO "QueryColumnAccess" ("queryId", "columnId")
    VALUES ('1329', '1');
INSERT INTO "QueryColumnAccess" ("queryId", "columnId")
    VALUES ('1329', '6');
INSERT INTO "QueryTableAccess" ("queryId", "tableId")
    VALUES ('1329', '1');
INSERT INTO "QueryTableAccess" ("queryId", "tableId")
    VALUES ('1329', '5');
SELECT 'Orders.order_id', 'Publishers.publisher_id' FROM Orders RIGHT OUTER JOIN Publishers ON 'Orders.order_id' = 'Publishers.publisher_id';
INSERT INTO "SqlQuery" ("queryId", "userId", "issuedAt", "finishedAt", "hasError", "errorMessage", "statement", "projectId", "queryTypeId")
    VALUES ('1330', '12', '2023-07-01 22:07:11.409672', '2023-07-01 22:07:13.409672', 'False', 'None', 'SELECT Orders.order_id, Publishers.publisher_id FROM Orders RIGHT OUTER JOIN Publishers ON Orders.order_id = Publishers.publisher_id;', '3', '1');
INSERT INTO "QueryColumnAccess" ("queryId", "columnId")
    VALUES ('1330', '1');
INSERT INTO "QueryColumnAccess" ("queryId", "columnId")
    VALUES ('1330', '1');
INSERT INTO "QueryTableAccess" ("queryId", "tableId")
    VALUES ('1330', '5');
INSERT INTO "QueryTableAccess" ("queryId", "tableId")
    VALUES ('1330', '3');
SELECT 'Customers.country', 'Authors.last_name' FROM Customers NATURAL JOIN Authors ON 'Customers.country' = 'Authors.last_name';
INSERT INTO "SqlQuery" ("queryId", "userId", "issuedAt", "finishedAt", "hasError", "errorMessage", "statement", "projectId", "queryTypeId")
    VALUES ('1331', '14', '2023-05-09 22:07:11.409681', '2023-05-09 22:07:13.409681', 'False', 'None', 'SELECT Customers.country, Authors.last_name FROM Customers NATURAL JOIN Authors ON Customers.country = Authors.last_name;', '3', '1');
INSERT INTO "QueryColumnAccess" ("queryId", "columnId")
    VALUES ('1331', '10');
INSERT INTO "QueryColumnAccess" ("queryId", "columnId")
    VALUES ('1331', '3');
INSERT INTO "QueryTableAccess" ("queryId", "tableId")
    VALUES ('1331', '4');
INSERT INTO "QueryTableAccess" ("queryId", "tableId")
    VALUES ('1331', '2');
SELECT 'Books.publication_date', 'Orders.shipping_city' FROM Books NATURAL JOIN Orders ON 'Books.publication_date' = 'Orders.shipping_city';
INSERT INTO "SqlQuery" ("queryId", "userId", "issuedAt", "finishedAt", "hasError", "errorMessage", "statement", "projectId", "queryTypeId")
    VALUES ('1332', '9', '2023-06-02 22:07:11.409695', '2023-06-02 22:07:12.409695', 'False', 'None', 'SELECT Books.publication_date, Orders.shipping_city FROM Books NATURAL JOIN Orders ON Books.publication_date = Orders.shipping_city;', '3', '1');
INSERT INTO "QueryColumnAccess" ("queryId", "columnId")
    VALUES ('1332', '4');
INSERT INTO "QueryColumnAccess" ("queryId", "columnId")
    VALUES ('1332', '7');
INSERT INTO "QueryTableAccess" ("queryId", "tableId")
    VALUES ('1332', '1');
INSERT INTO "QueryTableAccess" ("queryId", "tableId")
    VALUES ('1332', '5');
SELECT 'Books.category_id', 'Publishers.publisher_name' FROM Books LEFT OUTER JOIN Publishers ON 'Books.category_id' = 'Publishers.publisher_name';
INSERT INTO "SqlQuery" ("queryId", "userId", "issuedAt", "finishedAt", "hasError", "errorMessage", "statement", "projectId", "queryTypeId")
    VALUES ('1333', '5', '2023-07-07 22:07:11.409704', '2023-07-07 22:07:13.409704', 'False', 'None', 'SELECT Books.category_id, Publishers.publisher_name FROM Books LEFT OUTER JOIN Publishers ON Books.category_id = Publishers.publisher_name;', '3', '1');
INSERT INTO "QueryColumnAccess" ("queryId", "columnId")
    VALUES ('1333', '7');
INSERT INTO "QueryColumnAccess" ("queryId", "columnId")
    VALUES ('1333', '2');
INSERT INTO "QueryTableAccess" ("queryId", "tableId")
    VALUES ('1333', '1');
INSERT INTO "QueryTableAccess" ("queryId", "tableId")
    VALUES ('1333', '3');
SELECT 'Orders.shipping_country', 'Customers.country' FROM Orders RIGHT OUTER JOIN Customers ON 'Orders.shipping_country' = 'Customers.country';
INSERT INTO "SqlQuery" ("queryId", "userId", "issuedAt", "finishedAt", "hasError", "errorMessage", "statement", "projectId", "queryTypeId")
    VALUES ('1334', '8', '2023-05-16 22:07:11.409714', '2023-05-16 22:07:12.409714', 'False', 'None', 'SELECT Orders.shipping_country, Customers.country FROM Orders RIGHT OUTER JOIN Customers ON Orders.shipping_country = Customers.country;', '3', '1');
INSERT INTO "QueryColumnAccess" ("queryId", "columnId")
    VALUES ('1334', '10');
INSERT INTO "QueryColumnAccess" ("queryId", "columnId")
    VALUES ('1334', '10');
INSERT INTO "QueryTableAccess" ("queryId", "tableId")
    VALUES ('1334', '5');
INSERT INTO "QueryTableAccess" ("queryId", "tableId")
    VALUES ('1334', '4');
SELECT 'Orders.shipping_address', 'Publishers.publisher_name' FROM Orders LEFT OUTER JOIN Publishers ON 'Orders.shipping_address' = 'Publishers.publisher_name';
INSERT INTO "SqlQuery" ("queryId", "userId", "issuedAt", "finishedAt", "hasError", "errorMessage", "statement", "projectId", "queryTypeId")
    VALUES ('1335', '4', '2023-04-29 22:07:11.409728', '2023-04-29 22:07:14.409728', 'False', 'None', 'SELECT Orders.shipping_address, Publishers.publisher_name FROM Orders LEFT OUTER JOIN Publishers ON Orders.shipping_address = Publishers.publisher_name;', '3', '1');
INSERT INTO "QueryColumnAccess" ("queryId", "columnId")
    VALUES ('1335', '6');
INSERT INTO "QueryColumnAccess" ("queryId", "columnId")
    VALUES ('1335', '2');
INSERT INTO "QueryTableAccess" ("queryId", "tableId")
    VALUES ('1335', '5');
INSERT INTO "QueryTableAccess" ("queryId", "tableId")
    VALUES ('1335', '3');
SELECT 'Publishers.publisher_name', 'Customers.state' FROM Publishers LEFT OUTER JOIN Customers ON 'Publishers.publisher_name' = 'Customers.state';
INSERT INTO "SqlQuery" ("queryId", "userId", "issuedAt", "finishedAt", "hasError", "errorMessage", "statement", "projectId", "queryTypeId")
    VALUES ('1336', '4', '2023-04-16 22:07:11.409738', '2023-04-16 22:07:14.409738', 'False', 'None', 'SELECT Publishers.publisher_name, Customers.state FROM Publishers LEFT OUTER JOIN Customers ON Publishers.publisher_name = Customers.state;', '3', '1');
INSERT INTO "QueryColumnAccess" ("queryId", "columnId")
    VALUES ('1336', '2');
INSERT INTO "QueryColumnAccess" ("queryId", "columnId")
    VALUES ('1336', '8');
INSERT INTO "QueryTableAccess" ("queryId", "tableId")
    VALUES ('1336', '3');
INSERT INTO "QueryTableAccess" ("queryId", "tableId")
    VALUES ('1336', '4');
SELECT 'Customers.state', 'Publishers.website' FROM Customers RIGHT OUTER JOIN Publishers ON 'Customers.state' = 'Publishers.website';
INSERT INTO "SqlQuery" ("queryId", "userId", "issuedAt", "finishedAt", "hasError", "errorMessage", "statement", "projectId", "queryTypeId")
    VALUES ('1337', '9', '2023-06-01 22:07:11.409746', '2023-06-01 22:07:12.409746', 'False', 'None', 'SELECT Customers.state, Publishers.website FROM Customers RIGHT OUTER JOIN Publishers ON Customers.state = Publishers.website;', '3', '1');
INSERT INTO "QueryColumnAccess" ("queryId", "columnId")
    VALUES ('1337', '8');
INSERT INTO "QueryColumnAccess" ("queryId", "columnId")
    VALUES ('1337', '5');
INSERT INTO "QueryTableAccess" ("queryId", "tableId")
    VALUES ('1337', '4');
INSERT INTO "QueryTableAccess" ("queryId", "tableId")
    VALUES ('1337', '3');
SELECT 'Publishers.website', 'Customers.phone_number' FROM Publishers RIGHT OUTER JOIN Customers ON 'Publishers.website' = 'Customers.phone_number';
INSERT INTO "SqlQuery" ("queryId", "userId", "issuedAt", "finishedAt", "hasError", "errorMessage", "statement", "projectId", "queryTypeId")
    VALUES ('1338', '1', '2023-05-01 22:07:11.409755', '2023-05-01 22:07:12.409755', 'False', 'None', 'SELECT Publishers.website, Customers.phone_number FROM Publishers RIGHT OUTER JOIN Customers ON Publishers.website = Customers.phone_number;', '3', '1');
INSERT INTO "QueryColumnAccess" ("queryId", "columnId")
    VALUES ('1338', '5');
INSERT INTO "QueryColumnAccess" ("queryId", "columnId")
    VALUES ('1338', '5');
INSERT INTO "QueryTableAccess" ("queryId", "tableId")
    VALUES ('1338', '3');
INSERT INTO "QueryTableAccess" ("queryId", "tableId")
    VALUES ('1338', '4');
SELECT 'Publishers.website', 'Authors.first_name' FROM Publishers RIGHT OUTER JOIN Authors ON 'Publishers.website' = 'Authors.first_name';
INSERT INTO "SqlQuery" ("queryId", "userId", "issuedAt", "finishedAt", "hasError", "errorMessage", "statement", "projectId", "queryTypeId")
    VALUES ('1339', '12', '2023-05-25 22:07:11.409764', '2023-05-25 22:07:13.409764', 'False', 'None', 'SELECT Publishers.website, Authors.first_name FROM Publishers RIGHT OUTER JOIN Authors ON Publishers.website = Authors.first_name;', '3', '1');
INSERT INTO "QueryColumnAccess" ("queryId", "columnId")
    VALUES ('1339', '5');
INSERT INTO "QueryColumnAccess" ("queryId", "columnId")
    VALUES ('1339', '2');
INSERT INTO "QueryTableAccess" ("queryId", "tableId")
    VALUES ('1339', '3');
INSERT INTO "QueryTableAccess" ("queryId", "tableId")
    VALUES ('1339', '2');
SELECT 'Publishers.country', 'Orders.order_id' FROM Publishers LEFT OUTER JOIN Orders ON 'Publishers.country' = 'Orders.order_id';
INSERT INTO "SqlQuery" ("queryId", "userId", "issuedAt", "finishedAt", "hasError", "errorMessage", "statement", "projectId", "queryTypeId")
    VALUES ('1340', '12', '2023-06-03 22:07:11.409773', '2023-06-03 22:07:15.409773', 'False', 'None', 'SELECT Publishers.country, Orders.order_id FROM Publishers LEFT OUTER JOIN Orders ON Publishers.country = Orders.order_id;', '3', '1');
INSERT INTO "QueryColumnAccess" ("queryId", "columnId")
    VALUES ('1340', '4');
INSERT INTO "QueryColumnAccess" ("queryId", "columnId")
    VALUES ('1340', '1');
INSERT INTO "QueryTableAccess" ("queryId", "tableId")
    VALUES ('1340', '3');
INSERT INTO "QueryTableAccess" ("queryId", "tableId")
    VALUES ('1340', '5');
SELECT 'Customers.email', 'Orders.order_id' FROM Customers LEFT OUTER JOIN Orders ON 'Customers.email' = 'Orders.order_id';
INSERT INTO "SqlQuery" ("queryId", "userId", "issuedAt", "finishedAt", "hasError", "errorMessage", "statement", "projectId", "queryTypeId")
    VALUES ('1341', '1', '2023-06-05 22:07:11.409782', '2023-06-05 22:07:14.409782', 'False', 'None', 'SELECT Customers.email, Orders.order_id FROM Customers LEFT OUTER JOIN Orders ON Customers.email = Orders.order_id;', '3', '1');
INSERT INTO "QueryColumnAccess" ("queryId", "columnId")
    VALUES ('1341', '4');
INSERT INTO "QueryColumnAccess" ("queryId", "columnId")
    VALUES ('1341', '1');
INSERT INTO "QueryTableAccess" ("queryId", "tableId")
    VALUES ('1341', '4');
INSERT INTO "QueryTableAccess" ("queryId", "tableId")
    VALUES ('1341', '5');
SELECT 'Books.publisher', 'Authors.author_id' FROM Books RIGHT OUTER JOIN Authors ON 'Books.publisher' = 'Authors.author_id';
INSERT INTO "SqlQuery" ("queryId", "userId", "issuedAt", "finishedAt", "hasError", "errorMessage", "statement", "projectId", "queryTypeId")
    VALUES ('1342', '10', '2023-06-17 22:07:11.409791', '2023-06-17 22:07:13.409791', 'False', 'None', 'SELECT Books.publisher, Authors.author_id FROM Books RIGHT OUTER JOIN Authors ON Books.publisher = Authors.author_id;', '3', '1');
INSERT INTO "QueryColumnAccess" ("queryId", "columnId")
    VALUES ('1342', '5');
INSERT INTO "QueryColumnAccess" ("queryId", "columnId")
    VALUES ('1342', '1');
INSERT INTO "QueryTableAccess" ("queryId", "tableId")
    VALUES ('1342', '1');
INSERT INTO "QueryTableAccess" ("queryId", "tableId")
    VALUES ('1342', '2');
SELECT 'Authors.birth_date', 'Customers.state' FROM Authors NATURAL JOIN Customers ON 'Authors.birth_date' = 'Customers.state';
INSERT INTO "SqlQuery" ("queryId", "userId", "issuedAt", "finishedAt", "hasError", "errorMessage", "statement", "projectId", "queryTypeId")
    VALUES ('1343', '2', '2023-06-02 22:07:11.409800', '2023-06-02 22:07:15.409800', 'False', 'None', 'SELECT Authors.birth_date, Customers.state FROM Authors NATURAL JOIN Customers ON Authors.birth_date = Customers.state;', '3', '1');
INSERT INTO "QueryColumnAccess" ("queryId", "columnId")
    VALUES ('1343', '4');
INSERT INTO "QueryColumnAccess" ("queryId", "columnId")
    VALUES ('1343', '8');
INSERT INTO "QueryTableAccess" ("queryId", "tableId")
    VALUES ('1343', '2');
INSERT INTO "QueryTableAccess" ("queryId", "tableId")
    VALUES ('1343', '4');
SELECT 'Customers.country', 'Authors.country' FROM Customers NATURAL JOIN Authors ON 'Customers.country' = 'Authors.country';
INSERT INTO "SqlQuery" ("queryId", "userId", "issuedAt", "finishedAt", "hasError", "errorMessage", "statement", "projectId", "queryTypeId")
    VALUES ('1344', '9', '2023-05-06 22:07:11.409810', '2023-05-06 22:07:14.409810', 'False', 'None', 'SELECT Customers.country, Authors.country FROM Customers NATURAL JOIN Authors ON Customers.country = Authors.country;', '3', '1');
INSERT INTO "QueryColumnAccess" ("queryId", "columnId")
    VALUES ('1344', '10');
INSERT INTO "QueryColumnAccess" ("queryId", "columnId")
    VALUES ('1344', '5');
INSERT INTO "QueryTableAccess" ("queryId", "tableId")
    VALUES ('1344', '4');
INSERT INTO "QueryTableAccess" ("queryId", "tableId")
    VALUES ('1344', '2');
SELECT 'Orders.status', 'Customers.phone_number' FROM Orders LEFT OUTER JOIN Customers ON 'Orders.status' = 'Customers.phone_number';
INSERT INTO "SqlQuery" ("queryId", "userId", "issuedAt", "finishedAt", "hasError", "errorMessage", "statement", "projectId", "queryTypeId")
    VALUES ('1345', '5', '2023-07-05 22:07:11.409824', '2023-07-05 22:07:12.409824', 'False', 'None', 'SELECT Orders.status, Customers.phone_number FROM Orders LEFT OUTER JOIN Customers ON Orders.status = Customers.phone_number;', '3', '1');
INSERT INTO "QueryColumnAccess" ("queryId", "columnId")
    VALUES ('1345', '5');
INSERT INTO "QueryColumnAccess" ("queryId", "columnId")
    VALUES ('1345', '5');
INSERT INTO "QueryTableAccess" ("queryId", "tableId")
    VALUES ('1345', '5');
INSERT INTO "QueryTableAccess" ("queryId", "tableId")
    VALUES ('1345', '4');
SELECT 'Authors.author_id', 'Orders.shipping_country' FROM Authors LEFT OUTER JOIN Orders ON 'Authors.author_id' = 'Orders.shipping_country';
INSERT INTO "SqlQuery" ("queryId", "userId", "issuedAt", "finishedAt", "hasError", "errorMessage", "statement", "projectId", "queryTypeId")
    VALUES ('1346', '4', '2023-04-27 22:07:11.409832', '2023-04-27 22:07:14.409832', 'False', 'None', 'SELECT Authors.author_id, Orders.shipping_country FROM Authors LEFT OUTER JOIN Orders ON Authors.author_id = Orders.shipping_country;', '3', '1');
INSERT INTO "QueryColumnAccess" ("queryId", "columnId")
    VALUES ('1346', '1');
INSERT INTO "QueryColumnAccess" ("queryId", "columnId")
    VALUES ('1346', '10');
INSERT INTO "QueryTableAccess" ("queryId", "tableId")
    VALUES ('1346', '2');
INSERT INTO "QueryTableAccess" ("queryId", "tableId")
    VALUES ('1346', '5');
SELECT 'Books.publisher', 'Authors.last_name' FROM Books NATURAL JOIN Authors ON 'Books.publisher' = 'Authors.last_name';
INSERT INTO "SqlQuery" ("queryId", "userId", "issuedAt", "finishedAt", "hasError", "errorMessage", "statement", "projectId", "queryTypeId")
    VALUES ('1347', '4', '2023-07-08 22:07:11.409841', '2023-07-08 22:07:13.409841', 'False', 'None', 'SELECT Books.publisher, Authors.last_name FROM Books NATURAL JOIN Authors ON Books.publisher = Authors.last_name;', '3', '1');
INSERT INTO "QueryColumnAccess" ("queryId", "columnId")
    VALUES ('1347', '5');
INSERT INTO "QueryColumnAccess" ("queryId", "columnId")
    VALUES ('1347', '3');
INSERT INTO "QueryTableAccess" ("queryId", "tableId")
    VALUES ('1347', '1');
INSERT INTO "QueryTableAccess" ("queryId", "tableId")
    VALUES ('1347', '2');
SELECT 'Publishers.website', 'Books.book_id' FROM Publishers RIGHT OUTER JOIN Books ON 'Publishers.website' = 'Books.book_id';
INSERT INTO "SqlQuery" ("queryId", "userId", "issuedAt", "finishedAt", "hasError", "errorMessage", "statement", "projectId", "queryTypeId")
    VALUES ('1348', '1', '2023-06-03 22:07:11.409850', '2023-06-03 22:07:15.409850', 'False', 'None', 'SELECT Publishers.website, Books.book_id FROM Publishers RIGHT OUTER JOIN Books ON Publishers.website = Books.book_id;', '3', '1');
INSERT INTO "QueryColumnAccess" ("queryId", "columnId")
    VALUES ('1348', '5');
INSERT INTO "QueryColumnAccess" ("queryId", "columnId")
    VALUES ('1348', '1');
INSERT INTO "QueryTableAccess" ("queryId", "tableId")
    VALUES ('1348', '3');
INSERT INTO "QueryTableAccess" ("queryId", "tableId")
    VALUES ('1348', '1');
SELECT 'Orders.status', 'Publishers.publisher_name' FROM Orders LEFT OUTER JOIN Publishers ON 'Orders.status' = 'Publishers.publisher_name';
INSERT INTO "SqlQuery" ("queryId", "userId", "issuedAt", "finishedAt", "hasError", "errorMessage", "statement", "projectId", "queryTypeId")
    VALUES ('1349', '3', '2023-04-21 22:07:11.409858', '2023-04-21 22:07:14.409858', 'False', 'None', 'SELECT Orders.status, Publishers.publisher_name FROM Orders LEFT OUTER JOIN Publishers ON Orders.status = Publishers.publisher_name;', '3', '1');
INSERT INTO "QueryColumnAccess" ("queryId", "columnId")
    VALUES ('1349', '5');
INSERT INTO "QueryColumnAccess" ("queryId", "columnId")
    VALUES ('1349', '2');
INSERT INTO "QueryTableAccess" ("queryId", "tableId")
    VALUES ('1349', '5');
INSERT INTO "QueryTableAccess" ("queryId", "tableId")
    VALUES ('1349', '3');
SELECT 'Books.author', 'Authors.first_name' FROM Books LEFT OUTER JOIN Authors ON 'Books.author' = 'Authors.first_name';
INSERT INTO "SqlQuery" ("queryId", "userId", "issuedAt", "finishedAt", "hasError", "errorMessage", "statement", "projectId", "queryTypeId")
    VALUES ('1350', '6', '2023-06-18 22:07:11.409867', '2023-06-18 22:07:14.409867', 'False', 'None', 'SELECT Books.author, Authors.first_name FROM Books LEFT OUTER JOIN Authors ON Books.author = Authors.first_name;', '3', '1');
INSERT INTO "QueryColumnAccess" ("queryId", "columnId")
    VALUES ('1350', '3');
INSERT INTO "QueryColumnAccess" ("queryId", "columnId")
    VALUES ('1350', '2');
INSERT INTO "QueryTableAccess" ("queryId", "tableId")
    VALUES ('1350', '1');
INSERT INTO "QueryTableAccess" ("queryId", "tableId")
    VALUES ('1350', '2');
SELECT 'Orders.status', 'Publishers.website' FROM Orders LEFT OUTER JOIN Publishers ON 'Orders.status' = 'Publishers.website';
INSERT INTO "SqlQuery" ("queryId", "userId", "issuedAt", "finishedAt", "hasError", "errorMessage", "statement", "projectId", "queryTypeId")
    VALUES ('1351', '2', '2023-06-04 22:07:11.409876', '2023-06-04 22:07:12.409876', 'False', 'None', 'SELECT Orders.status, Publishers.website FROM Orders LEFT OUTER JOIN Publishers ON Orders.status = Publishers.website;', '3', '1');
INSERT INTO "QueryColumnAccess" ("queryId", "columnId")
    VALUES ('1351', '5');
INSERT INTO "QueryColumnAccess" ("queryId", "columnId")
    VALUES ('1351', '5');
INSERT INTO "QueryTableAccess" ("queryId", "tableId")
    VALUES ('1351', '5');
INSERT INTO "QueryTableAccess" ("queryId", "tableId")
    VALUES ('1351', '3');
SELECT 'Orders.shipping_state', 'Customers.state' FROM Orders NATURAL JOIN Customers ON 'Orders.shipping_state' = 'Customers.state';
INSERT INTO "SqlQuery" ("queryId", "userId", "issuedAt", "finishedAt", "hasError", "errorMessage", "statement", "projectId", "queryTypeId")
    VALUES ('1352', '9', '2023-05-31 22:07:11.409885', '2023-05-31 22:07:14.409885', 'False', 'None', 'SELECT Orders.shipping_state, Customers.state FROM Orders NATURAL JOIN Customers ON Orders.shipping_state = Customers.state;', '3', '1');
INSERT INTO "QueryColumnAccess" ("queryId", "columnId")
    VALUES ('1352', '8');
INSERT INTO "QueryColumnAccess" ("queryId", "columnId")
    VALUES ('1352', '8');
INSERT INTO "QueryTableAccess" ("queryId", "tableId")
    VALUES ('1352', '5');
INSERT INTO "QueryTableAccess" ("queryId", "tableId")
    VALUES ('1352', '4');
SELECT 'Books.price', 'Customers.country' FROM Books RIGHT OUTER JOIN Customers ON 'Books.price' = 'Customers.country';
INSERT INTO "SqlQuery" ("queryId", "userId", "issuedAt", "finishedAt", "hasError", "errorMessage", "statement", "projectId", "queryTypeId")
    VALUES ('1353', '4', '2023-06-15 22:07:11.409893', '2023-06-15 22:07:13.409893', 'False', 'None', 'SELECT Books.price, Customers.country FROM Books RIGHT OUTER JOIN Customers ON Books.price = Customers.country;', '3', '1');
INSERT INTO "QueryColumnAccess" ("queryId", "columnId")
    VALUES ('1353', '6');
INSERT INTO "QueryColumnAccess" ("queryId", "columnId")
    VALUES ('1353', '10');
INSERT INTO "QueryTableAccess" ("queryId", "tableId")
    VALUES ('1353', '1');
INSERT INTO "QueryTableAccess" ("queryId", "tableId")
    VALUES ('1353', '4');
SELECT 'Orders.shipping_address', 'Authors.author_id' FROM Orders NATURAL JOIN Authors ON 'Orders.shipping_address' = 'Authors.author_id';
INSERT INTO "SqlQuery" ("queryId", "userId", "issuedAt", "finishedAt", "hasError", "errorMessage", "statement", "projectId", "queryTypeId")
    VALUES ('1354', '4', '2023-07-10 22:07:11.409907', '2023-07-10 22:07:12.409907', 'False', 'None', 'SELECT Orders.shipping_address, Authors.author_id FROM Orders NATURAL JOIN Authors ON Orders.shipping_address = Authors.author_id;', '3', '1');
INSERT INTO "QueryColumnAccess" ("queryId", "columnId")
    VALUES ('1354', '6');
INSERT INTO "QueryColumnAccess" ("queryId", "columnId")
    VALUES ('1354', '1');
INSERT INTO "QueryTableAccess" ("queryId", "tableId")
    VALUES ('1354', '5');
INSERT INTO "QueryTableAccess" ("queryId", "tableId")
    VALUES ('1354', '2');
SELECT 'Publishers.website', 'Authors.last_name' FROM Publishers LEFT OUTER JOIN Authors ON 'Publishers.website' = 'Authors.last_name';
INSERT INTO "SqlQuery" ("queryId", "userId", "issuedAt", "finishedAt", "hasError", "errorMessage", "statement", "projectId", "queryTypeId")
    VALUES ('1355', '5', '2023-06-02 22:07:11.409919', '2023-06-02 22:07:14.409919', 'False', 'None', 'SELECT Publishers.website, Authors.last_name FROM Publishers LEFT OUTER JOIN Authors ON Publishers.website = Authors.last_name;', '3', '1');
INSERT INTO "QueryColumnAccess" ("queryId", "columnId")
    VALUES ('1355', '5');
INSERT INTO "QueryColumnAccess" ("queryId", "columnId")
    VALUES ('1355', '3');
INSERT INTO "QueryTableAccess" ("queryId", "tableId")
    VALUES ('1355', '3');
INSERT INTO "QueryTableAccess" ("queryId", "tableId")
    VALUES ('1355', '2');
SELECT 'Authors.first_name', 'Books.title' FROM Authors LEFT OUTER JOIN Books ON 'Authors.first_name' = 'Books.title';
INSERT INTO "SqlQuery" ("queryId", "userId", "issuedAt", "finishedAt", "hasError", "errorMessage", "statement", "projectId", "queryTypeId")
    VALUES ('1356', '3', '2023-04-15 22:07:11.409928', '2023-04-15 22:07:14.409928', 'False', 'None', 'SELECT Authors.first_name, Books.title FROM Authors LEFT OUTER JOIN Books ON Authors.first_name = Books.title;', '3', '1');
INSERT INTO "QueryColumnAccess" ("queryId", "columnId")
    VALUES ('1356', '2');
INSERT INTO "QueryColumnAccess" ("queryId", "columnId")
    VALUES ('1356', '2');
INSERT INTO "QueryTableAccess" ("queryId", "tableId")
    VALUES ('1356', '2');
INSERT INTO "QueryTableAccess" ("queryId", "tableId")
    VALUES ('1356', '1');
SELECT 'Orders.order_id', 'Authors.first_name' FROM Orders NATURAL JOIN Authors ON 'Orders.order_id' = 'Authors.first_name';
INSERT INTO "SqlQuery" ("queryId", "userId", "issuedAt", "finishedAt", "hasError", "errorMessage", "statement", "projectId", "queryTypeId")
    VALUES ('1357', '14', '2023-05-20 22:07:11.409936', '2023-05-20 22:07:14.409936', 'False', 'None', 'SELECT Orders.order_id, Authors.first_name FROM Orders NATURAL JOIN Authors ON Orders.order_id = Authors.first_name;', '3', '1');
INSERT INTO "QueryColumnAccess" ("queryId", "columnId")
    VALUES ('1357', '1');
INSERT INTO "QueryColumnAccess" ("queryId", "columnId")
    VALUES ('1357', '2');
INSERT INTO "QueryTableAccess" ("queryId", "tableId")
    VALUES ('1357', '5');
INSERT INTO "QueryTableAccess" ("queryId", "tableId")
    VALUES ('1357', '2');
SELECT 'Authors.author_id', 'Books.book_id' FROM Authors NATURAL JOIN Books ON 'Authors.author_id' = 'Books.book_id';
INSERT INTO "SqlQuery" ("queryId", "userId", "issuedAt", "finishedAt", "hasError", "errorMessage", "statement", "projectId", "queryTypeId")
    VALUES ('1358', '8', '2023-06-19 22:07:11.409945', '2023-06-19 22:07:12.409945', 'False', 'None', 'SELECT Authors.author_id, Books.book_id FROM Authors NATURAL JOIN Books ON Authors.author_id = Books.book_id;', '3', '1');
INSERT INTO "QueryColumnAccess" ("queryId", "columnId")
    VALUES ('1358', '1');
INSERT INTO "QueryColumnAccess" ("queryId", "columnId")
    VALUES ('1358', '1');
INSERT INTO "QueryTableAccess" ("queryId", "tableId")
    VALUES ('1358', '2');
INSERT INTO "QueryTableAccess" ("queryId", "tableId")
    VALUES ('1358', '1');
SELECT 'Publishers.established_date', 'Books.title' FROM Publishers NATURAL JOIN Books ON 'Publishers.established_date' = 'Books.title';
INSERT INTO "SqlQuery" ("queryId", "userId", "issuedAt", "finishedAt", "hasError", "errorMessage", "statement", "projectId", "queryTypeId")
    VALUES ('1359', '7', '2023-05-30 22:07:11.409953', '2023-05-30 22:07:13.409953', 'False', 'None', 'SELECT Publishers.established_date, Books.title FROM Publishers NATURAL JOIN Books ON Publishers.established_date = Books.title;', '3', '1');
INSERT INTO "QueryColumnAccess" ("queryId", "columnId")
    VALUES ('1359', '3');
INSERT INTO "QueryColumnAccess" ("queryId", "columnId")
    VALUES ('1359', '2');
INSERT INTO "QueryTableAccess" ("queryId", "tableId")
    VALUES ('1359', '3');
INSERT INTO "QueryTableAccess" ("queryId", "tableId")
    VALUES ('1359', '1');
SELECT 'Publishers.established_date', 'Orders.shipping_city' FROM Publishers LEFT OUTER JOIN Orders ON 'Publishers.established_date' = 'Orders.shipping_city';
INSERT INTO "SqlQuery" ("queryId", "userId", "issuedAt", "finishedAt", "hasError", "errorMessage", "statement", "projectId", "queryTypeId")
    VALUES ('1360', '9', '2023-05-05 22:07:11.409962', '2023-05-05 22:07:14.409962', 'False', 'None', 'SELECT Publishers.established_date, Orders.shipping_city FROM Publishers LEFT OUTER JOIN Orders ON Publishers.established_date = Orders.shipping_city;', '3', '1');
INSERT INTO "QueryColumnAccess" ("queryId", "columnId")
    VALUES ('1360', '3');
INSERT INTO "QueryColumnAccess" ("queryId", "columnId")
    VALUES ('1360', '7');
INSERT INTO "QueryTableAccess" ("queryId", "tableId")
    VALUES ('1360', '3');
INSERT INTO "QueryTableAccess" ("queryId", "tableId")
    VALUES ('1360', '5');
SELECT 'Authors.author_id', 'Books.title' FROM Authors NATURAL JOIN Books ON 'Authors.author_id' = 'Books.title';
INSERT INTO "SqlQuery" ("queryId", "userId", "issuedAt", "finishedAt", "hasError", "errorMessage", "statement", "projectId", "queryTypeId")
    VALUES ('1361', '6', '2023-05-14 22:07:11.409971', '2023-05-14 22:07:15.409971', 'False', 'None', 'SELECT Authors.author_id, Books.title FROM Authors NATURAL JOIN Books ON Authors.author_id = Books.title;', '3', '1');
INSERT INTO "QueryColumnAccess" ("queryId", "columnId")
    VALUES ('1361', '1');
INSERT INTO "QueryColumnAccess" ("queryId", "columnId")
    VALUES ('1361', '2');
INSERT INTO "QueryTableAccess" ("queryId", "tableId")
    VALUES ('1361', '2');
INSERT INTO "QueryTableAccess" ("queryId", "tableId")
    VALUES ('1361', '1');
SELECT 'Orders.shipping_country', 'Customers.email' FROM Orders RIGHT OUTER JOIN Customers ON 'Orders.shipping_country' = 'Customers.email';
INSERT INTO "SqlQuery" ("queryId", "userId", "issuedAt", "finishedAt", "hasError", "errorMessage", "statement", "projectId", "queryTypeId")
    VALUES ('1362', '14', '2023-06-26 22:07:11.409980', '2023-06-26 22:07:13.409980', 'False', 'None', 'SELECT Orders.shipping_country, Customers.email FROM Orders RIGHT OUTER JOIN Customers ON Orders.shipping_country = Customers.email;', '3', '1');
INSERT INTO "QueryColumnAccess" ("queryId", "columnId")
    VALUES ('1362', '10');
INSERT INTO "QueryColumnAccess" ("queryId", "columnId")
    VALUES ('1362', '4');
INSERT INTO "QueryTableAccess" ("queryId", "tableId")
    VALUES ('1362', '5');
INSERT INTO "QueryTableAccess" ("queryId", "tableId")
    VALUES ('1362', '4');
SELECT 'Books.category_id', 'Authors.first_name' FROM Books LEFT OUTER JOIN Authors ON 'Books.category_id' = 'Authors.first_name';
INSERT INTO "SqlQuery" ("queryId", "userId", "issuedAt", "finishedAt", "hasError", "errorMessage", "statement", "projectId", "queryTypeId")
    VALUES ('1363', '14', '2023-05-30 22:07:11.409988', '2023-05-30 22:07:13.409988', 'False', 'None', 'SELECT Books.category_id, Authors.first_name FROM Books LEFT OUTER JOIN Authors ON Books.category_id = Authors.first_name;', '3', '1');
INSERT INTO "QueryColumnAccess" ("queryId", "columnId")
    VALUES ('1363', '7');
INSERT INTO "QueryColumnAccess" ("queryId", "columnId")
    VALUES ('1363', '2');
INSERT INTO "QueryTableAccess" ("queryId", "tableId")
    VALUES ('1363', '1');
INSERT INTO "QueryTableAccess" ("queryId", "tableId")
    VALUES ('1363', '2');
SELECT 'Books.author', 'Publishers.publisher_name' FROM Books LEFT OUTER JOIN Publishers ON 'Books.author' = 'Publishers.publisher_name';
INSERT INTO "SqlQuery" ("queryId", "userId", "issuedAt", "finishedAt", "hasError", "errorMessage", "statement", "projectId", "queryTypeId")
    VALUES ('1364', '2', '2023-05-31 22:07:11.410002', '2023-05-31 22:07:15.410002', 'False', 'None', 'SELECT Books.author, Publishers.publisher_name FROM Books LEFT OUTER JOIN Publishers ON Books.author = Publishers.publisher_name;', '3', '1');
INSERT INTO "QueryColumnAccess" ("queryId", "columnId")
    VALUES ('1364', '3');
INSERT INTO "QueryColumnAccess" ("queryId", "columnId")
    VALUES ('1364', '2');
INSERT INTO "QueryTableAccess" ("queryId", "tableId")
    VALUES ('1364', '1');
INSERT INTO "QueryTableAccess" ("queryId", "tableId")
    VALUES ('1364', '3');
SELECT 'Publishers.website', 'Authors.last_name' FROM Publishers RIGHT OUTER JOIN Authors ON 'Publishers.website' = 'Authors.last_name';
INSERT INTO "SqlQuery" ("queryId", "userId", "issuedAt", "finishedAt", "hasError", "errorMessage", "statement", "projectId", "queryTypeId")
    VALUES ('1365', '15', '2023-05-08 22:07:11.410011', '2023-05-08 22:07:15.410011', 'False', 'None', 'SELECT Publishers.website, Authors.last_name FROM Publishers RIGHT OUTER JOIN Authors ON Publishers.website = Authors.last_name;', '3', '1');
INSERT INTO "QueryColumnAccess" ("queryId", "columnId")
    VALUES ('1365', '5');
INSERT INTO "QueryColumnAccess" ("queryId", "columnId")
    VALUES ('1365', '3');
INSERT INTO "QueryTableAccess" ("queryId", "tableId")
    VALUES ('1365', '3');
INSERT INTO "QueryTableAccess" ("queryId", "tableId")
    VALUES ('1365', '2');
SELECT 'Authors.first_name', 'Customers.zip_code' FROM Authors RIGHT OUTER JOIN Customers ON 'Authors.first_name' = 'Customers.zip_code';
INSERT INTO "SqlQuery" ("queryId", "userId", "issuedAt", "finishedAt", "hasError", "errorMessage", "statement", "projectId", "queryTypeId")
    VALUES ('1366', '15', '2023-05-25 22:07:11.410019', '2023-05-25 22:07:13.410019', 'False', 'None', 'SELECT Authors.first_name, Customers.zip_code FROM Authors RIGHT OUTER JOIN Customers ON Authors.first_name = Customers.zip_code;', '3', '1');
INSERT INTO "QueryColumnAccess" ("queryId", "columnId")
    VALUES ('1366', '2');
INSERT INTO "QueryColumnAccess" ("queryId", "columnId")
    VALUES ('1366', '9');
INSERT INTO "QueryTableAccess" ("queryId", "tableId")
    VALUES ('1366', '2');
INSERT INTO "QueryTableAccess" ("queryId", "tableId")
    VALUES ('1366', '4');
SELECT 'Books.publisher', 'Publishers.website' FROM Books LEFT OUTER JOIN Publishers ON 'Books.publisher' = 'Publishers.website';
INSERT INTO "SqlQuery" ("queryId", "userId", "issuedAt", "finishedAt", "hasError", "errorMessage", "statement", "projectId", "queryTypeId")
    VALUES ('1367', '1', '2023-06-09 22:07:11.410028', '2023-06-09 22:07:12.410028', 'False', 'None', 'SELECT Books.publisher, Publishers.website FROM Books LEFT OUTER JOIN Publishers ON Books.publisher = Publishers.website;', '3', '1');
INSERT INTO "QueryColumnAccess" ("queryId", "columnId")
    VALUES ('1367', '5');
INSERT INTO "QueryColumnAccess" ("queryId", "columnId")
    VALUES ('1367', '5');
INSERT INTO "QueryTableAccess" ("queryId", "tableId")
    VALUES ('1367', '1');
INSERT INTO "QueryTableAccess" ("queryId", "tableId")
    VALUES ('1367', '3');
SELECT 'Authors.country', 'Publishers.established_date' FROM Authors RIGHT OUTER JOIN Publishers ON 'Authors.country' = 'Publishers.established_date';
INSERT INTO "SqlQuery" ("queryId", "userId", "issuedAt", "finishedAt", "hasError", "errorMessage", "statement", "projectId", "queryTypeId")
    VALUES ('1368', '7', '2023-05-19 22:07:11.410037', '2023-05-19 22:07:12.410037', 'False', 'None', 'SELECT Authors.country, Publishers.established_date FROM Authors RIGHT OUTER JOIN Publishers ON Authors.country = Publishers.established_date;', '3', '1');
INSERT INTO "QueryColumnAccess" ("queryId", "columnId")
    VALUES ('1368', '5');
INSERT INTO "QueryColumnAccess" ("queryId", "columnId")
    VALUES ('1368', '3');
INSERT INTO "QueryTableAccess" ("queryId", "tableId")
    VALUES ('1368', '2');
INSERT INTO "QueryTableAccess" ("queryId", "tableId")
    VALUES ('1368', '3');
SELECT 'Customers.first_name', 'Publishers.website' FROM Customers LEFT OUTER JOIN Publishers ON 'Customers.first_name' = 'Publishers.website';
INSERT INTO "SqlQuery" ("queryId", "userId", "issuedAt", "finishedAt", "hasError", "errorMessage", "statement", "projectId", "queryTypeId")
    VALUES ('1369', '1', '2023-05-31 22:07:11.410045', '2023-05-31 22:07:15.410045', 'False', 'None', 'SELECT Customers.first_name, Publishers.website FROM Customers LEFT OUTER JOIN Publishers ON Customers.first_name = Publishers.website;', '3', '1');
INSERT INTO "QueryColumnAccess" ("queryId", "columnId")
    VALUES ('1369', '2');
INSERT INTO "QueryColumnAccess" ("queryId", "columnId")
    VALUES ('1369', '5');
INSERT INTO "QueryTableAccess" ("queryId", "tableId")
    VALUES ('1369', '4');
INSERT INTO "QueryTableAccess" ("queryId", "tableId")
    VALUES ('1369', '3');
SELECT 'Publishers.website', 'Books.publication_date' FROM Publishers RIGHT OUTER JOIN Books ON 'Publishers.website' = 'Books.publication_date';
INSERT INTO "SqlQuery" ("queryId", "userId", "issuedAt", "finishedAt", "hasError", "errorMessage", "statement", "projectId", "queryTypeId")
    VALUES ('1370', '4', '2023-06-08 22:07:11.410054', '2023-06-08 22:07:12.410054', 'False', 'None', 'SELECT Publishers.website, Books.publication_date FROM Publishers RIGHT OUTER JOIN Books ON Publishers.website = Books.publication_date;', '3', '1');
INSERT INTO "QueryColumnAccess" ("queryId", "columnId")
    VALUES ('1370', '5');
INSERT INTO "QueryColumnAccess" ("queryId", "columnId")
    VALUES ('1370', '4');
INSERT INTO "QueryTableAccess" ("queryId", "tableId")
    VALUES ('1370', '3');
INSERT INTO "QueryTableAccess" ("queryId", "tableId")
    VALUES ('1370', '1');
SELECT 'Orders.shipping_state', 'Publishers.website' FROM Orders NATURAL JOIN Publishers ON 'Orders.shipping_state' = 'Publishers.website';
INSERT INTO "SqlQuery" ("queryId", "userId", "issuedAt", "finishedAt", "hasError", "errorMessage", "statement", "projectId", "queryTypeId")
    VALUES ('1371', '12', '2023-04-27 22:07:11.410063', '2023-04-27 22:07:14.410063', 'False', 'None', 'SELECT Orders.shipping_state, Publishers.website FROM Orders NATURAL JOIN Publishers ON Orders.shipping_state = Publishers.website;', '3', '1');
INSERT INTO "QueryColumnAccess" ("queryId", "columnId")
    VALUES ('1371', '8');
INSERT INTO "QueryColumnAccess" ("queryId", "columnId")
    VALUES ('1371', '5');
INSERT INTO "QueryTableAccess" ("queryId", "tableId")
    VALUES ('1371', '5');
INSERT INTO "QueryTableAccess" ("queryId", "tableId")
    VALUES ('1371', '3');
SELECT 'Customers.zip_code', 'Publishers.country' FROM Customers LEFT OUTER JOIN Publishers ON 'Customers.zip_code' = 'Publishers.country';
INSERT INTO "SqlQuery" ("queryId", "userId", "issuedAt", "finishedAt", "hasError", "errorMessage", "statement", "projectId", "queryTypeId")
    VALUES ('1372', '2', '2023-04-25 22:07:11.410072', '2023-04-25 22:07:13.410072', 'False', 'None', 'SELECT Customers.zip_code, Publishers.country FROM Customers LEFT OUTER JOIN Publishers ON Customers.zip_code = Publishers.country;', '3', '1');
INSERT INTO "QueryColumnAccess" ("queryId", "columnId")
    VALUES ('1372', '9');
INSERT INTO "QueryColumnAccess" ("queryId", "columnId")
    VALUES ('1372', '4');
INSERT INTO "QueryTableAccess" ("queryId", "tableId")
    VALUES ('1372', '4');
INSERT INTO "QueryTableAccess" ("queryId", "tableId")
    VALUES ('1372', '3');
SELECT 'Customers.zip_code', 'Orders.customer_id' FROM Customers NATURAL JOIN Orders ON 'Customers.zip_code' = 'Orders.customer_id';
INSERT INTO "SqlQuery" ("queryId", "userId", "issuedAt", "finishedAt", "hasError", "errorMessage", "statement", "projectId", "queryTypeId")
    VALUES ('1373', '2', '2023-05-10 22:07:11.410081', '2023-05-10 22:07:15.410081', 'False', 'None', 'SELECT Customers.zip_code, Orders.customer_id FROM Customers NATURAL JOIN Orders ON Customers.zip_code = Orders.customer_id;', '3', '1');
INSERT INTO "QueryColumnAccess" ("queryId", "columnId")
    VALUES ('1373', '9');
INSERT INTO "QueryColumnAccess" ("queryId", "columnId")
    VALUES ('1373', '2');
INSERT INTO "QueryTableAccess" ("queryId", "tableId")
    VALUES ('1373', '4');
INSERT INTO "QueryTableAccess" ("queryId", "tableId")
    VALUES ('1373', '5');
SELECT 'Books.publication_date', 'Publishers.publisher_id' FROM Books RIGHT OUTER JOIN Publishers ON 'Books.publication_date' = 'Publishers.publisher_id';
INSERT INTO "SqlQuery" ("queryId", "userId", "issuedAt", "finishedAt", "hasError", "errorMessage", "statement", "projectId", "queryTypeId")
    VALUES ('1374', '1', '2023-04-13 22:07:11.410093', '2023-04-13 22:07:13.410093', 'False', 'None', 'SELECT Books.publication_date, Publishers.publisher_id FROM Books RIGHT OUTER JOIN Publishers ON Books.publication_date = Publishers.publisher_id;', '3', '1');
INSERT INTO "QueryColumnAccess" ("queryId", "columnId")
    VALUES ('1374', '4');
INSERT INTO "QueryColumnAccess" ("queryId", "columnId")
    VALUES ('1374', '1');
INSERT INTO "QueryTableAccess" ("queryId", "tableId")
    VALUES ('1374', '1');
INSERT INTO "QueryTableAccess" ("queryId", "tableId")
    VALUES ('1374', '3');
SELECT 'Authors.birth_date', 'Publishers.established_date' FROM Authors NATURAL JOIN Publishers ON 'Authors.birth_date' = 'Publishers.established_date';
INSERT INTO "SqlQuery" ("queryId", "userId", "issuedAt", "finishedAt", "hasError", "errorMessage", "statement", "projectId", "queryTypeId")
    VALUES ('1375', '13', '2023-06-03 22:07:11.410102', '2023-06-03 22:07:14.410102', 'False', 'None', 'SELECT Authors.birth_date, Publishers.established_date FROM Authors NATURAL JOIN Publishers ON Authors.birth_date = Publishers.established_date;', '3', '1');
INSERT INTO "QueryColumnAccess" ("queryId", "columnId")
    VALUES ('1375', '4');
INSERT INTO "QueryColumnAccess" ("queryId", "columnId")
    VALUES ('1375', '3');
INSERT INTO "QueryTableAccess" ("queryId", "tableId")
    VALUES ('1375', '2');
INSERT INTO "QueryTableAccess" ("queryId", "tableId")
    VALUES ('1375', '3');
SELECT 'Books.author', 'Publishers.country' FROM Books NATURAL JOIN Publishers ON 'Books.author' = 'Publishers.country';
INSERT INTO "SqlQuery" ("queryId", "userId", "issuedAt", "finishedAt", "hasError", "errorMessage", "statement", "projectId", "queryTypeId")
    VALUES ('1376', '9', '2023-05-18 22:07:11.410111', '2023-05-18 22:07:14.410111', 'False', 'None', 'SELECT Books.author, Publishers.country FROM Books NATURAL JOIN Publishers ON Books.author = Publishers.country;', '3', '1');
INSERT INTO "QueryColumnAccess" ("queryId", "columnId")
    VALUES ('1376', '3');
INSERT INTO "QueryColumnAccess" ("queryId", "columnId")
    VALUES ('1376', '4');
INSERT INTO "QueryTableAccess" ("queryId", "tableId")
    VALUES ('1376', '1');
INSERT INTO "QueryTableAccess" ("queryId", "tableId")
    VALUES ('1376', '3');
SELECT 'Customers.zip_code', 'Orders.shipping_country' FROM Customers NATURAL JOIN Orders ON 'Customers.zip_code' = 'Orders.shipping_country';
INSERT INTO "SqlQuery" ("queryId", "userId", "issuedAt", "finishedAt", "hasError", "errorMessage", "statement", "projectId", "queryTypeId")
    VALUES ('1377', '6', '2023-07-02 22:07:11.410121', '2023-07-02 22:07:15.410121', 'False', 'None', 'SELECT Customers.zip_code, Orders.shipping_country FROM Customers NATURAL JOIN Orders ON Customers.zip_code = Orders.shipping_country;', '3', '1');
INSERT INTO "QueryColumnAccess" ("queryId", "columnId")
    VALUES ('1377', '9');
INSERT INTO "QueryColumnAccess" ("queryId", "columnId")
    VALUES ('1377', '10');
INSERT INTO "QueryTableAccess" ("queryId", "tableId")
    VALUES ('1377', '4');
INSERT INTO "QueryTableAccess" ("queryId", "tableId")
    VALUES ('1377', '5');
SELECT 'Books.title', 'Customers.state' FROM Books NATURAL JOIN Customers ON 'Books.title' = 'Customers.state';
INSERT INTO "SqlQuery" ("queryId", "userId", "issuedAt", "finishedAt", "hasError", "errorMessage", "statement", "projectId", "queryTypeId")
    VALUES ('1378', '9', '2023-05-28 22:07:11.410130', '2023-05-28 22:07:13.410130', 'False', 'None', 'SELECT Books.title, Customers.state FROM Books NATURAL JOIN Customers ON Books.title = Customers.state;', '3', '1');
INSERT INTO "QueryColumnAccess" ("queryId", "columnId")
    VALUES ('1378', '2');
INSERT INTO "QueryColumnAccess" ("queryId", "columnId")
    VALUES ('1378', '8');
INSERT INTO "QueryTableAccess" ("queryId", "tableId")
    VALUES ('1378', '1');
INSERT INTO "QueryTableAccess" ("queryId", "tableId")
    VALUES ('1378', '4');
SELECT 'Customers.state', 'Publishers.publisher_id' FROM Customers RIGHT OUTER JOIN Publishers ON 'Customers.state' = 'Publishers.publisher_id';
INSERT INTO "SqlQuery" ("queryId", "userId", "issuedAt", "finishedAt", "hasError", "errorMessage", "statement", "projectId", "queryTypeId")
    VALUES ('1379', '3', '2023-04-30 22:07:11.410138', '2023-04-30 22:07:14.410138', 'False', 'None', 'SELECT Customers.state, Publishers.publisher_id FROM Customers RIGHT OUTER JOIN Publishers ON Customers.state = Publishers.publisher_id;', '3', '1');
INSERT INTO "QueryColumnAccess" ("queryId", "columnId")
    VALUES ('1379', '8');
INSERT INTO "QueryColumnAccess" ("queryId", "columnId")
    VALUES ('1379', '1');
INSERT INTO "QueryTableAccess" ("queryId", "tableId")
    VALUES ('1379', '4');
INSERT INTO "QueryTableAccess" ("queryId", "tableId")
    VALUES ('1379', '3');
SELECT 'Books.publisher', 'Authors.author_id' FROM Books RIGHT OUTER JOIN Authors ON 'Books.publisher' = 'Authors.author_id';
INSERT INTO "SqlQuery" ("queryId", "userId", "issuedAt", "finishedAt", "hasError", "errorMessage", "statement", "projectId", "queryTypeId")
    VALUES ('1380', '11', '2023-06-23 22:07:11.410147', '2023-06-23 22:07:15.410147', 'False', 'None', 'SELECT Books.publisher, Authors.author_id FROM Books RIGHT OUTER JOIN Authors ON Books.publisher = Authors.author_id;', '3', '1');
INSERT INTO "QueryColumnAccess" ("queryId", "columnId")
    VALUES ('1380', '5');
INSERT INTO "QueryColumnAccess" ("queryId", "columnId")
    VALUES ('1380', '1');
INSERT INTO "QueryTableAccess" ("queryId", "tableId")
    VALUES ('1380', '1');
INSERT INTO "QueryTableAccess" ("queryId", "tableId")
    VALUES ('1380', '2');
SELECT 'Authors.first_name', 'Books.title' FROM Authors NATURAL JOIN Books ON 'Authors.first_name' = 'Books.title';
INSERT INTO "SqlQuery" ("queryId", "userId", "issuedAt", "finishedAt", "hasError", "errorMessage", "statement", "projectId", "queryTypeId")
    VALUES ('1381', '14', '2023-06-09 22:07:11.410156', '2023-06-09 22:07:15.410156', 'False', 'None', 'SELECT Authors.first_name, Books.title FROM Authors NATURAL JOIN Books ON Authors.first_name = Books.title;', '3', '1');
INSERT INTO "QueryColumnAccess" ("queryId", "columnId")
    VALUES ('1381', '2');
INSERT INTO "QueryColumnAccess" ("queryId", "columnId")
    VALUES ('1381', '2');
INSERT INTO "QueryTableAccess" ("queryId", "tableId")
    VALUES ('1381', '2');
INSERT INTO "QueryTableAccess" ("queryId", "tableId")
    VALUES ('1381', '1');
SELECT 'Authors.birth_date', 'Publishers.publisher_name' FROM Authors NATURAL JOIN Publishers ON 'Authors.birth_date' = 'Publishers.publisher_name';
INSERT INTO "SqlQuery" ("queryId", "userId", "issuedAt", "finishedAt", "hasError", "errorMessage", "statement", "projectId", "queryTypeId")
    VALUES ('1382', '1', '2023-06-27 22:07:11.410164', '2023-06-27 22:07:12.410164', 'False', 'None', 'SELECT Authors.birth_date, Publishers.publisher_name FROM Authors NATURAL JOIN Publishers ON Authors.birth_date = Publishers.publisher_name;', '3', '1');
INSERT INTO "QueryColumnAccess" ("queryId", "columnId")
    VALUES ('1382', '4');
INSERT INTO "QueryColumnAccess" ("queryId", "columnId")
    VALUES ('1382', '2');
INSERT INTO "QueryTableAccess" ("queryId", "tableId")
    VALUES ('1382', '2');
INSERT INTO "QueryTableAccess" ("queryId", "tableId")
    VALUES ('1382', '3');
SELECT 'Authors.last_name', 'Publishers.publisher_id' FROM Authors LEFT OUTER JOIN Publishers ON 'Authors.last_name' = 'Publishers.publisher_id';
INSERT INTO "SqlQuery" ("queryId", "userId", "issuedAt", "finishedAt", "hasError", "errorMessage", "statement", "projectId", "queryTypeId")
    VALUES ('1383', '9', '2023-06-03 22:07:11.410178', '2023-06-03 22:07:12.410178', 'False', 'None', 'SELECT Authors.last_name, Publishers.publisher_id FROM Authors LEFT OUTER JOIN Publishers ON Authors.last_name = Publishers.publisher_id;', '3', '1');
INSERT INTO "QueryColumnAccess" ("queryId", "columnId")
    VALUES ('1383', '3');
INSERT INTO "QueryColumnAccess" ("queryId", "columnId")
    VALUES ('1383', '1');
INSERT INTO "QueryTableAccess" ("queryId", "tableId")
    VALUES ('1383', '2');
INSERT INTO "QueryTableAccess" ("queryId", "tableId")
    VALUES ('1383', '3');
SELECT 'Publishers.publisher_id', 'Orders.shipping_city' FROM Publishers LEFT OUTER JOIN Orders ON 'Publishers.publisher_id' = 'Orders.shipping_city';
INSERT INTO "SqlQuery" ("queryId", "userId", "issuedAt", "finishedAt", "hasError", "errorMessage", "statement", "projectId", "queryTypeId")
    VALUES ('1384', '15', '2023-06-01 22:07:11.410187', '2023-06-01 22:07:14.410187', 'False', 'None', 'SELECT Publishers.publisher_id, Orders.shipping_city FROM Publishers LEFT OUTER JOIN Orders ON Publishers.publisher_id = Orders.shipping_city;', '3', '1');
INSERT INTO "QueryColumnAccess" ("queryId", "columnId")
    VALUES ('1384', '1');
INSERT INTO "QueryColumnAccess" ("queryId", "columnId")
    VALUES ('1384', '7');
INSERT INTO "QueryTableAccess" ("queryId", "tableId")
    VALUES ('1384', '3');
INSERT INTO "QueryTableAccess" ("queryId", "tableId")
    VALUES ('1384', '5');
SELECT 'Orders.customer_id', 'Books.book_id' FROM Orders LEFT OUTER JOIN Books ON 'Orders.customer_id' = 'Books.book_id';
INSERT INTO "SqlQuery" ("queryId", "userId", "issuedAt", "finishedAt", "hasError", "errorMessage", "statement", "projectId", "queryTypeId")
    VALUES ('1385', '3', '2023-05-03 22:07:11.410195', '2023-05-03 22:07:12.410195', 'False', 'None', 'SELECT Orders.customer_id, Books.book_id FROM Orders LEFT OUTER JOIN Books ON Orders.customer_id = Books.book_id;', '3', '1');
INSERT INTO "QueryColumnAccess" ("queryId", "columnId")
    VALUES ('1385', '2');
INSERT INTO "QueryColumnAccess" ("queryId", "columnId")
    VALUES ('1385', '1');
INSERT INTO "QueryTableAccess" ("queryId", "tableId")
    VALUES ('1385', '5');
INSERT INTO "QueryTableAccess" ("queryId", "tableId")
    VALUES ('1385', '1');
SELECT 'Publishers.country', 'Customers.country' FROM Publishers RIGHT OUTER JOIN Customers ON 'Publishers.country' = 'Customers.country';
INSERT INTO "SqlQuery" ("queryId", "userId", "issuedAt", "finishedAt", "hasError", "errorMessage", "statement", "projectId", "queryTypeId")
    VALUES ('1386', '7', '2023-05-28 22:07:11.410204', '2023-05-28 22:07:13.410204', 'False', 'None', 'SELECT Publishers.country, Customers.country FROM Publishers RIGHT OUTER JOIN Customers ON Publishers.country = Customers.country;', '3', '1');
INSERT INTO "QueryColumnAccess" ("queryId", "columnId")
    VALUES ('1386', '4');
INSERT INTO "QueryColumnAccess" ("queryId", "columnId")
    VALUES ('1386', '10');
INSERT INTO "QueryTableAccess" ("queryId", "tableId")
    VALUES ('1386', '3');
INSERT INTO "QueryTableAccess" ("queryId", "tableId")
    VALUES ('1386', '4');
SELECT 'Publishers.country', 'Books.category_id' FROM Publishers NATURAL JOIN Books ON 'Publishers.country' = 'Books.category_id';
INSERT INTO "SqlQuery" ("queryId", "userId", "issuedAt", "finishedAt", "hasError", "errorMessage", "statement", "projectId", "queryTypeId")
    VALUES ('1387', '14', '2023-06-13 22:07:11.410213', '2023-06-13 22:07:13.410213', 'False', 'None', 'SELECT Publishers.country, Books.category_id FROM Publishers NATURAL JOIN Books ON Publishers.country = Books.category_id;', '3', '1');
INSERT INTO "QueryColumnAccess" ("queryId", "columnId")
    VALUES ('1387', '4');
INSERT INTO "QueryColumnAccess" ("queryId", "columnId")
    VALUES ('1387', '7');
INSERT INTO "QueryTableAccess" ("queryId", "tableId")
    VALUES ('1387', '3');
INSERT INTO "QueryTableAccess" ("queryId", "tableId")
    VALUES ('1387', '1');
SELECT 'Authors.last_name', 'Orders.status' FROM Authors RIGHT OUTER JOIN Orders ON 'Authors.last_name' = 'Orders.status';
INSERT INTO "SqlQuery" ("queryId", "userId", "issuedAt", "finishedAt", "hasError", "errorMessage", "statement", "projectId", "queryTypeId")
    VALUES ('1388', '8', '2023-07-02 22:07:11.410221', '2023-07-02 22:07:13.410221', 'False', 'None', 'SELECT Authors.last_name, Orders.status FROM Authors RIGHT OUTER JOIN Orders ON Authors.last_name = Orders.status;', '3', '1');
INSERT INTO "QueryColumnAccess" ("queryId", "columnId")
    VALUES ('1388', '3');
INSERT INTO "QueryColumnAccess" ("queryId", "columnId")
    VALUES ('1388', '5');
INSERT INTO "QueryTableAccess" ("queryId", "tableId")
    VALUES ('1388', '2');
INSERT INTO "QueryTableAccess" ("queryId", "tableId")
    VALUES ('1388', '5');
SELECT 'Authors.birth_date', 'Orders.status' FROM Authors RIGHT OUTER JOIN Orders ON 'Authors.birth_date' = 'Orders.status';
INSERT INTO "SqlQuery" ("queryId", "userId", "issuedAt", "finishedAt", "hasError", "errorMessage", "statement", "projectId", "queryTypeId")
    VALUES ('1389', '7', '2023-06-23 22:07:11.410230', '2023-06-23 22:07:13.410230', 'False', 'None', 'SELECT Authors.birth_date, Orders.status FROM Authors RIGHT OUTER JOIN Orders ON Authors.birth_date = Orders.status;', '3', '1');
INSERT INTO "QueryColumnAccess" ("queryId", "columnId")
    VALUES ('1389', '4');
INSERT INTO "QueryColumnAccess" ("queryId", "columnId")
    VALUES ('1389', '5');
INSERT INTO "QueryTableAccess" ("queryId", "tableId")
    VALUES ('1389', '2');
INSERT INTO "QueryTableAccess" ("queryId", "tableId")
    VALUES ('1389', '5');
SELECT 'Authors.country', 'Publishers.country' FROM Authors RIGHT OUTER JOIN Publishers ON 'Authors.country' = 'Publishers.country';
INSERT INTO "SqlQuery" ("queryId", "userId", "issuedAt", "finishedAt", "hasError", "errorMessage", "statement", "projectId", "queryTypeId")
    VALUES ('1390', '12', '2023-05-24 22:07:11.410239', '2023-05-24 22:07:15.410239', 'False', 'None', 'SELECT Authors.country, Publishers.country FROM Authors RIGHT OUTER JOIN Publishers ON Authors.country = Publishers.country;', '3', '1');
INSERT INTO "QueryColumnAccess" ("queryId", "columnId")
    VALUES ('1390', '5');
INSERT INTO "QueryColumnAccess" ("queryId", "columnId")
    VALUES ('1390', '4');
INSERT INTO "QueryTableAccess" ("queryId", "tableId")
    VALUES ('1390', '2');
INSERT INTO "QueryTableAccess" ("queryId", "tableId")
    VALUES ('1390', '3');
SELECT 'Books.category_id', 'Customers.country' FROM Books RIGHT OUTER JOIN Customers ON 'Books.category_id' = 'Customers.country';
INSERT INTO "SqlQuery" ("queryId", "userId", "issuedAt", "finishedAt", "hasError", "errorMessage", "statement", "projectId", "queryTypeId")
    VALUES ('1391', '4', '2023-06-23 22:07:11.410248', '2023-06-23 22:07:14.410248', 'False', 'None', 'SELECT Books.category_id, Customers.country FROM Books RIGHT OUTER JOIN Customers ON Books.category_id = Customers.country;', '3', '1');
INSERT INTO "QueryColumnAccess" ("queryId", "columnId")
    VALUES ('1391', '7');
INSERT INTO "QueryColumnAccess" ("queryId", "columnId")
    VALUES ('1391', '10');
INSERT INTO "QueryTableAccess" ("queryId", "tableId")
    VALUES ('1391', '1');
INSERT INTO "QueryTableAccess" ("queryId", "tableId")
    VALUES ('1391', '4');
SELECT 'Books.publication_date', 'Publishers.publisher_name' FROM Books NATURAL JOIN Publishers ON 'Books.publication_date' = 'Publishers.publisher_name';
INSERT INTO "SqlQuery" ("queryId", "userId", "issuedAt", "finishedAt", "hasError", "errorMessage", "statement", "projectId", "queryTypeId")
    VALUES ('1392', '14', '2023-05-26 22:07:11.410256', '2023-05-26 22:07:13.410256', 'False', 'None', 'SELECT Books.publication_date, Publishers.publisher_name FROM Books NATURAL JOIN Publishers ON Books.publication_date = Publishers.publisher_name;', '3', '1');
INSERT INTO "QueryColumnAccess" ("queryId", "columnId")
    VALUES ('1392', '4');
INSERT INTO "QueryColumnAccess" ("queryId", "columnId")
    VALUES ('1392', '2');
INSERT INTO "QueryTableAccess" ("queryId", "tableId")
    VALUES ('1392', '1');
INSERT INTO "QueryTableAccess" ("queryId", "tableId")
    VALUES ('1392', '3');
SELECT 'Books.author', 'Orders.shipping_state' FROM Books LEFT OUTER JOIN Orders ON 'Books.author' = 'Orders.shipping_state';
INSERT INTO "SqlQuery" ("queryId", "userId", "issuedAt", "finishedAt", "hasError", "errorMessage", "statement", "projectId", "queryTypeId")
    VALUES ('1393', '10', '2023-05-31 22:07:11.410276', '2023-05-31 22:07:12.410276', 'False', 'None', 'SELECT Books.author, Orders.shipping_state FROM Books LEFT OUTER JOIN Orders ON Books.author = Orders.shipping_state;', '3', '1');
INSERT INTO "QueryColumnAccess" ("queryId", "columnId")
    VALUES ('1393', '3');
INSERT INTO "QueryColumnAccess" ("queryId", "columnId")
    VALUES ('1393', '8');
INSERT INTO "QueryTableAccess" ("queryId", "tableId")
    VALUES ('1393', '1');
INSERT INTO "QueryTableAccess" ("queryId", "tableId")
    VALUES ('1393', '5');
SELECT 'Customers.email', 'Authors.birth_date' FROM Customers LEFT OUTER JOIN Authors ON 'Customers.email' = 'Authors.birth_date';
INSERT INTO "SqlQuery" ("queryId", "userId", "issuedAt", "finishedAt", "hasError", "errorMessage", "statement", "projectId", "queryTypeId")
    VALUES ('1394', '12', '2023-07-10 22:07:11.410285', '2023-07-10 22:07:14.410285', 'False', 'None', 'SELECT Customers.email, Authors.birth_date FROM Customers LEFT OUTER JOIN Authors ON Customers.email = Authors.birth_date;', '3', '1');
INSERT INTO "QueryColumnAccess" ("queryId", "columnId")
    VALUES ('1394', '4');
INSERT INTO "QueryColumnAccess" ("queryId", "columnId")
    VALUES ('1394', '4');
INSERT INTO "QueryTableAccess" ("queryId", "tableId")
    VALUES ('1394', '4');
INSERT INTO "QueryTableAccess" ("queryId", "tableId")
    VALUES ('1394', '2');
SELECT 'Customers.last_name', 'Authors.birth_date' FROM Customers NATURAL JOIN Authors ON 'Customers.last_name' = 'Authors.birth_date';
INSERT INTO "SqlQuery" ("queryId", "userId", "issuedAt", "finishedAt", "hasError", "errorMessage", "statement", "projectId", "queryTypeId")
    VALUES ('1395', '5', '2023-06-17 22:07:11.410294', '2023-06-17 22:07:15.410294', 'False', 'None', 'SELECT Customers.last_name, Authors.birth_date FROM Customers NATURAL JOIN Authors ON Customers.last_name = Authors.birth_date;', '3', '1');
INSERT INTO "QueryColumnAccess" ("queryId", "columnId")
    VALUES ('1395', '3');
INSERT INTO "QueryColumnAccess" ("queryId", "columnId")
    VALUES ('1395', '4');
INSERT INTO "QueryTableAccess" ("queryId", "tableId")
    VALUES ('1395', '4');
INSERT INTO "QueryTableAccess" ("queryId", "tableId")
    VALUES ('1395', '2');
SELECT 'Authors.first_name', 'Customers.email' FROM Authors RIGHT OUTER JOIN Customers ON 'Authors.first_name' = 'Customers.email';
INSERT INTO "SqlQuery" ("queryId", "userId", "issuedAt", "finishedAt", "hasError", "errorMessage", "statement", "projectId", "queryTypeId")
    VALUES ('1396', '10', '2023-06-24 22:07:11.410303', '2023-06-24 22:07:12.410303', 'False', 'None', 'SELECT Authors.first_name, Customers.email FROM Authors RIGHT OUTER JOIN Customers ON Authors.first_name = Customers.email;', '3', '1');
INSERT INTO "QueryColumnAccess" ("queryId", "columnId")
    VALUES ('1396', '2');
INSERT INTO "QueryColumnAccess" ("queryId", "columnId")
    VALUES ('1396', '4');
INSERT INTO "QueryTableAccess" ("queryId", "tableId")
    VALUES ('1396', '2');
INSERT INTO "QueryTableAccess" ("queryId", "tableId")
    VALUES ('1396', '4');
SELECT 'Authors.birth_date', 'Publishers.publisher_id' FROM Authors NATURAL JOIN Publishers ON 'Authors.birth_date' = 'Publishers.publisher_id';
INSERT INTO "SqlQuery" ("queryId", "userId", "issuedAt", "finishedAt", "hasError", "errorMessage", "statement", "projectId", "queryTypeId")
    VALUES ('1397', '7', '2023-06-23 22:07:11.410311', '2023-06-23 22:07:15.410311', 'False', 'None', 'SELECT Authors.birth_date, Publishers.publisher_id FROM Authors NATURAL JOIN Publishers ON Authors.birth_date = Publishers.publisher_id;', '3', '1');
INSERT INTO "QueryColumnAccess" ("queryId", "columnId")
    VALUES ('1397', '4');
INSERT INTO "QueryColumnAccess" ("queryId", "columnId")
    VALUES ('1397', '1');
INSERT INTO "QueryTableAccess" ("queryId", "tableId")
    VALUES ('1397', '2');
INSERT INTO "QueryTableAccess" ("queryId", "tableId")
    VALUES ('1397', '3');
SELECT 'Authors.last_name', 'Books.author' FROM Authors NATURAL JOIN Books ON 'Authors.last_name' = 'Books.author';
INSERT INTO "SqlQuery" ("queryId", "userId", "issuedAt", "finishedAt", "hasError", "errorMessage", "statement", "projectId", "queryTypeId")
    VALUES ('1398', '9', '2023-06-04 22:07:11.410320', '2023-06-04 22:07:12.410320', 'False', 'None', 'SELECT Authors.last_name, Books.author FROM Authors NATURAL JOIN Books ON Authors.last_name = Books.author;', '3', '1');
INSERT INTO "QueryColumnAccess" ("queryId", "columnId")
    VALUES ('1398', '3');
INSERT INTO "QueryColumnAccess" ("queryId", "columnId")
    VALUES ('1398', '3');
INSERT INTO "QueryTableAccess" ("queryId", "tableId")
    VALUES ('1398', '2');
INSERT INTO "QueryTableAccess" ("queryId", "tableId")
    VALUES ('1398', '1');
SELECT 'Publishers.website', 'Books.title' FROM Publishers LEFT OUTER JOIN Books ON 'Publishers.website' = 'Books.title';
INSERT INTO "SqlQuery" ("queryId", "userId", "issuedAt", "finishedAt", "hasError", "errorMessage", "statement", "projectId", "queryTypeId")
    VALUES ('1399', '13', '2023-05-08 22:07:11.410364', '2023-05-08 22:07:14.410364', 'False', 'None', 'SELECT Publishers.website, Books.title FROM Publishers LEFT OUTER JOIN Books ON Publishers.website = Books.title;', '3', '1');
INSERT INTO "QueryColumnAccess" ("queryId", "columnId")
    VALUES ('1399', '5');
INSERT INTO "QueryColumnAccess" ("queryId", "columnId")
    VALUES ('1399', '2');
INSERT INTO "QueryTableAccess" ("queryId", "tableId")
    VALUES ('1399', '3');
INSERT INTO "QueryTableAccess" ("queryId", "tableId")
    VALUES ('1399', '1');
SELECT 'Books.category_id', 'Publishers.country' FROM Books LEFT OUTER JOIN Publishers ON 'Books.category_id' = 'Publishers.country';
INSERT INTO "SqlQuery" ("queryId", "userId", "issuedAt", "finishedAt", "hasError", "errorMessage", "statement", "projectId", "queryTypeId")
    VALUES ('1400', '1', '2023-05-26 22:07:11.410373', '2023-05-26 22:07:15.410373', 'False', 'None', 'SELECT Books.category_id, Publishers.country FROM Books LEFT OUTER JOIN Publishers ON Books.category_id = Publishers.country;', '3', '1');
INSERT INTO "QueryColumnAccess" ("queryId", "columnId")
    VALUES ('1400', '7');
INSERT INTO "QueryColumnAccess" ("queryId", "columnId")
    VALUES ('1400', '4');
INSERT INTO "QueryTableAccess" ("queryId", "tableId")
    VALUES ('1400', '1');
INSERT INTO "QueryTableAccess" ("queryId", "tableId")
    VALUES ('1400', '3');
SELECT 'Customers.state', 'Books.publisher' FROM Customers RIGHT OUTER JOIN Books ON 'Customers.state' = 'Books.publisher';
INSERT INTO "SqlQuery" ("queryId", "userId", "issuedAt", "finishedAt", "hasError", "errorMessage", "statement", "projectId", "queryTypeId")
    VALUES ('1401', '12', '2023-07-03 22:07:11.410381', '2023-07-03 22:07:15.410381', 'False', 'None', 'SELECT Customers.state, Books.publisher FROM Customers RIGHT OUTER JOIN Books ON Customers.state = Books.publisher;', '3', '1');
INSERT INTO "QueryColumnAccess" ("queryId", "columnId")
    VALUES ('1401', '8');
INSERT INTO "QueryColumnAccess" ("queryId", "columnId")
    VALUES ('1401', '5');
INSERT INTO "QueryTableAccess" ("queryId", "tableId")
    VALUES ('1401', '4');
INSERT INTO "QueryTableAccess" ("queryId", "tableId")
    VALUES ('1401', '1');
SELECT 'Customers.zip_code', 'Orders.order_id' FROM Customers LEFT OUTER JOIN Orders ON 'Customers.zip_code' = 'Orders.order_id';
INSERT INTO "SqlQuery" ("queryId", "userId", "issuedAt", "finishedAt", "hasError", "errorMessage", "statement", "projectId", "queryTypeId")
    VALUES ('1402', '10', '2023-05-23 22:07:11.410395', '2023-05-23 22:07:12.410395', 'False', 'None', 'SELECT Customers.zip_code, Orders.order_id FROM Customers LEFT OUTER JOIN Orders ON Customers.zip_code = Orders.order_id;', '3', '1');
INSERT INTO "QueryColumnAccess" ("queryId", "columnId")
    VALUES ('1402', '9');
INSERT INTO "QueryColumnAccess" ("queryId", "columnId")
    VALUES ('1402', '1');
INSERT INTO "QueryTableAccess" ("queryId", "tableId")
    VALUES ('1402', '4');
INSERT INTO "QueryTableAccess" ("queryId", "tableId")
    VALUES ('1402', '5');
SELECT 'Authors.country', 'Books.title' FROM Authors RIGHT OUTER JOIN Books ON 'Authors.country' = 'Books.title';
INSERT INTO "SqlQuery" ("queryId", "userId", "issuedAt", "finishedAt", "hasError", "errorMessage", "statement", "projectId", "queryTypeId")
    VALUES ('1403', '3', '2023-06-09 22:07:11.410404', '2023-06-09 22:07:14.410404', 'False', 'None', 'SELECT Authors.country, Books.title FROM Authors RIGHT OUTER JOIN Books ON Authors.country = Books.title;', '3', '1');
INSERT INTO "QueryColumnAccess" ("queryId", "columnId")
    VALUES ('1403', '5');
INSERT INTO "QueryColumnAccess" ("queryId", "columnId")
    VALUES ('1403', '2');
INSERT INTO "QueryTableAccess" ("queryId", "tableId")
    VALUES ('1403', '2');
INSERT INTO "QueryTableAccess" ("queryId", "tableId")
    VALUES ('1403', '1');
SELECT 'Authors.last_name', 'Orders.order_date' FROM Authors RIGHT OUTER JOIN Orders ON 'Authors.last_name' = 'Orders.order_date';
INSERT INTO "SqlQuery" ("queryId", "userId", "issuedAt", "finishedAt", "hasError", "errorMessage", "statement", "projectId", "queryTypeId")
    VALUES ('1404', '15', '2023-06-08 22:07:11.410413', '2023-06-08 22:07:14.410413', 'False', 'None', 'SELECT Authors.last_name, Orders.order_date FROM Authors RIGHT OUTER JOIN Orders ON Authors.last_name = Orders.order_date;', '3', '1');
INSERT INTO "QueryColumnAccess" ("queryId", "columnId")
    VALUES ('1404', '3');
INSERT INTO "QueryColumnAccess" ("queryId", "columnId")
    VALUES ('1404', '3');
INSERT INTO "QueryTableAccess" ("queryId", "tableId")
    VALUES ('1404', '2');
INSERT INTO "QueryTableAccess" ("queryId", "tableId")
    VALUES ('1404', '5');
SELECT 'Authors.country', 'Books.category_id' FROM Authors NATURAL JOIN Books ON 'Authors.country' = 'Books.category_id';
INSERT INTO "SqlQuery" ("queryId", "userId", "issuedAt", "finishedAt", "hasError", "errorMessage", "statement", "projectId", "queryTypeId")
    VALUES ('1405', '4', '2023-05-05 22:07:11.410421', '2023-05-05 22:07:14.410421', 'False', 'None', 'SELECT Authors.country, Books.category_id FROM Authors NATURAL JOIN Books ON Authors.country = Books.category_id;', '3', '1');
INSERT INTO "QueryColumnAccess" ("queryId", "columnId")
    VALUES ('1405', '5');
INSERT INTO "QueryColumnAccess" ("queryId", "columnId")
    VALUES ('1405', '7');
INSERT INTO "QueryTableAccess" ("queryId", "tableId")
    VALUES ('1405', '2');
INSERT INTO "QueryTableAccess" ("queryId", "tableId")
    VALUES ('1405', '1');
SELECT 'Customers.address', 'Publishers.publisher_id' FROM Customers RIGHT OUTER JOIN Publishers ON 'Customers.address' = 'Publishers.publisher_id';
INSERT INTO "SqlQuery" ("queryId", "userId", "issuedAt", "finishedAt", "hasError", "errorMessage", "statement", "projectId", "queryTypeId")
    VALUES ('1406', '4', '2023-04-13 22:07:11.410430', '2023-04-13 22:07:14.410430', 'False', 'None', 'SELECT Customers.address, Publishers.publisher_id FROM Customers RIGHT OUTER JOIN Publishers ON Customers.address = Publishers.publisher_id;', '3', '1');
INSERT INTO "QueryColumnAccess" ("queryId", "columnId")
    VALUES ('1406', '6');
INSERT INTO "QueryColumnAccess" ("queryId", "columnId")
    VALUES ('1406', '1');
INSERT INTO "QueryTableAccess" ("queryId", "tableId")
    VALUES ('1406', '4');
INSERT INTO "QueryTableAccess" ("queryId", "tableId")
    VALUES ('1406', '3');
SELECT 'Orders.shipping_zip_code', 'Books.publisher' FROM Orders LEFT OUTER JOIN Books ON 'Orders.shipping_zip_code' = 'Books.publisher';
INSERT INTO "SqlQuery" ("queryId", "userId", "issuedAt", "finishedAt", "hasError", "errorMessage", "statement", "projectId", "queryTypeId")
    VALUES ('1407', '15', '2023-05-03 22:07:11.410438', '2023-05-03 22:07:14.410438', 'False', 'None', 'SELECT Orders.shipping_zip_code, Books.publisher FROM Orders LEFT OUTER JOIN Books ON Orders.shipping_zip_code = Books.publisher;', '3', '1');
INSERT INTO "QueryColumnAccess" ("queryId", "columnId")
    VALUES ('1407', '9');
INSERT INTO "QueryColumnAccess" ("queryId", "columnId")
    VALUES ('1407', '5');
INSERT INTO "QueryTableAccess" ("queryId", "tableId")
    VALUES ('1407', '5');
INSERT INTO "QueryTableAccess" ("queryId", "tableId")
    VALUES ('1407', '1');
SELECT 'Publishers.publisher_id', 'Authors.birth_date' FROM Publishers NATURAL JOIN Authors ON 'Publishers.publisher_id' = 'Authors.birth_date';
INSERT INTO "SqlQuery" ("queryId", "userId", "issuedAt", "finishedAt", "hasError", "errorMessage", "statement", "projectId", "queryTypeId")
    VALUES ('1408', '6', '2023-05-17 22:07:11.410447', '2023-05-17 22:07:15.410447', 'False', 'None', 'SELECT Publishers.publisher_id, Authors.birth_date FROM Publishers NATURAL JOIN Authors ON Publishers.publisher_id = Authors.birth_date;', '3', '1');
INSERT INTO "QueryColumnAccess" ("queryId", "columnId")
    VALUES ('1408', '1');
INSERT INTO "QueryColumnAccess" ("queryId", "columnId")
    VALUES ('1408', '4');
INSERT INTO "QueryTableAccess" ("queryId", "tableId")
    VALUES ('1408', '3');
INSERT INTO "QueryTableAccess" ("queryId", "tableId")
    VALUES ('1408', '2');
SELECT 'Publishers.publisher_name', 'Books.category_id' FROM Publishers NATURAL JOIN Books ON 'Publishers.publisher_name' = 'Books.category_id';
INSERT INTO "SqlQuery" ("queryId", "userId", "issuedAt", "finishedAt", "hasError", "errorMessage", "statement", "projectId", "queryTypeId")
    VALUES ('1409', '2', '2023-05-09 22:07:11.410456', '2023-05-09 22:07:15.410456', 'False', 'None', 'SELECT Publishers.publisher_name, Books.category_id FROM Publishers NATURAL JOIN Books ON Publishers.publisher_name = Books.category_id;', '3', '1');
INSERT INTO "QueryColumnAccess" ("queryId", "columnId")
    VALUES ('1409', '2');
INSERT INTO "QueryColumnAccess" ("queryId", "columnId")
    VALUES ('1409', '7');
INSERT INTO "QueryTableAccess" ("queryId", "tableId")
    VALUES ('1409', '3');
INSERT INTO "QueryTableAccess" ("queryId", "tableId")
    VALUES ('1409', '1');
SELECT 'Authors.author_id', 'Customers.state' FROM Authors RIGHT OUTER JOIN Customers ON 'Authors.author_id' = 'Customers.state';
INSERT INTO "SqlQuery" ("queryId", "userId", "issuedAt", "finishedAt", "hasError", "errorMessage", "statement", "projectId", "queryTypeId")
    VALUES ('1410', '6', '2023-07-08 22:07:11.410465', '2023-07-08 22:07:12.410465', 'False', 'None', 'SELECT Authors.author_id, Customers.state FROM Authors RIGHT OUTER JOIN Customers ON Authors.author_id = Customers.state;', '3', '1');
INSERT INTO "QueryColumnAccess" ("queryId", "columnId")
    VALUES ('1410', '1');
INSERT INTO "QueryColumnAccess" ("queryId", "columnId")
    VALUES ('1410', '8');
INSERT INTO "QueryTableAccess" ("queryId", "tableId")
    VALUES ('1410', '2');
INSERT INTO "QueryTableAccess" ("queryId", "tableId")
    VALUES ('1410', '4');
SELECT 'Books.price', 'Authors.first_name' FROM Books LEFT OUTER JOIN Authors ON 'Books.price' = 'Authors.first_name';
INSERT INTO "SqlQuery" ("queryId", "userId", "issuedAt", "finishedAt", "hasError", "errorMessage", "statement", "projectId", "queryTypeId")
    VALUES ('1411', '15', '2023-06-23 22:07:11.410474', '2023-06-23 22:07:13.410474', 'False', 'None', 'SELECT Books.price, Authors.first_name FROM Books LEFT OUTER JOIN Authors ON Books.price = Authors.first_name;', '3', '1');
INSERT INTO "QueryColumnAccess" ("queryId", "columnId")
    VALUES ('1411', '6');
INSERT INTO "QueryColumnAccess" ("queryId", "columnId")
    VALUES ('1411', '2');
INSERT INTO "QueryTableAccess" ("queryId", "tableId")
    VALUES ('1411', '1');
INSERT INTO "QueryTableAccess" ("queryId", "tableId")
    VALUES ('1411', '2');
SELECT 'Orders.status', 'Authors.author_id' FROM Orders LEFT OUTER JOIN Authors ON 'Orders.status' = 'Authors.author_id';
INSERT INTO "SqlQuery" ("queryId", "userId", "issuedAt", "finishedAt", "hasError", "errorMessage", "statement", "projectId", "queryTypeId")
    VALUES ('1412', '6', '2023-05-25 22:07:11.410489', '2023-05-25 22:07:14.410489', 'False', 'None', 'SELECT Orders.status, Authors.author_id FROM Orders LEFT OUTER JOIN Authors ON Orders.status = Authors.author_id;', '3', '1');
INSERT INTO "QueryColumnAccess" ("queryId", "columnId")
    VALUES ('1412', '5');
INSERT INTO "QueryColumnAccess" ("queryId", "columnId")
    VALUES ('1412', '1');
INSERT INTO "QueryTableAccess" ("queryId", "tableId")
    VALUES ('1412', '5');
INSERT INTO "QueryTableAccess" ("queryId", "tableId")
    VALUES ('1412', '2');
SELECT 'Authors.birth_date', 'Customers.city' FROM Authors NATURAL JOIN Customers ON 'Authors.birth_date' = 'Customers.city';
INSERT INTO "SqlQuery" ("queryId", "userId", "issuedAt", "finishedAt", "hasError", "errorMessage", "statement", "projectId", "queryTypeId")
    VALUES ('1413', '4', '2023-04-27 22:07:11.410498', '2023-04-27 22:07:13.410498', 'False', 'None', 'SELECT Authors.birth_date, Customers.city FROM Authors NATURAL JOIN Customers ON Authors.birth_date = Customers.city;', '3', '1');
INSERT INTO "QueryColumnAccess" ("queryId", "columnId")
    VALUES ('1413', '4');
INSERT INTO "QueryColumnAccess" ("queryId", "columnId")
    VALUES ('1413', '7');
INSERT INTO "QueryTableAccess" ("queryId", "tableId")
    VALUES ('1413', '2');
INSERT INTO "QueryTableAccess" ("queryId", "tableId")
    VALUES ('1413', '4');
SELECT 'Books.book_id', 'Orders.shipping_state' FROM Books RIGHT OUTER JOIN Orders ON 'Books.book_id' = 'Orders.shipping_state';
INSERT INTO "SqlQuery" ("queryId", "userId", "issuedAt", "finishedAt", "hasError", "errorMessage", "statement", "projectId", "queryTypeId")
    VALUES ('1414', '14', '2023-04-28 22:07:11.410507', '2023-04-28 22:07:12.410507', 'False', 'None', 'SELECT Books.book_id, Orders.shipping_state FROM Books RIGHT OUTER JOIN Orders ON Books.book_id = Orders.shipping_state;', '3', '1');
INSERT INTO "QueryColumnAccess" ("queryId", "columnId")
    VALUES ('1414', '1');
INSERT INTO "QueryColumnAccess" ("queryId", "columnId")
    VALUES ('1414', '8');
INSERT INTO "QueryTableAccess" ("queryId", "tableId")
    VALUES ('1414', '1');
INSERT INTO "QueryTableAccess" ("queryId", "tableId")
    VALUES ('1414', '5');
SELECT 'Books.book_id', 'Publishers.country' FROM Books NATURAL JOIN Publishers ON 'Books.book_id' = 'Publishers.country';
INSERT INTO "SqlQuery" ("queryId", "userId", "issuedAt", "finishedAt", "hasError", "errorMessage", "statement", "projectId", "queryTypeId")
    VALUES ('1415', '11', '2023-06-13 22:07:11.410515', '2023-06-13 22:07:14.410515', 'False', 'None', 'SELECT Books.book_id, Publishers.country FROM Books NATURAL JOIN Publishers ON Books.book_id = Publishers.country;', '3', '1');
INSERT INTO "QueryColumnAccess" ("queryId", "columnId")
    VALUES ('1415', '1');
INSERT INTO "QueryColumnAccess" ("queryId", "columnId")
    VALUES ('1415', '4');
INSERT INTO "QueryTableAccess" ("queryId", "tableId")
    VALUES ('1415', '1');
INSERT INTO "QueryTableAccess" ("queryId", "tableId")
    VALUES ('1415', '3');
SELECT 'Publishers.website', 'Books.price' FROM Publishers NATURAL JOIN Books ON 'Publishers.website' = 'Books.price';
INSERT INTO "SqlQuery" ("queryId", "userId", "issuedAt", "finishedAt", "hasError", "errorMessage", "statement", "projectId", "queryTypeId")
    VALUES ('1416', '6', '2023-05-17 22:07:11.410528', '2023-05-17 22:07:12.410528', 'False', 'None', 'SELECT Publishers.website, Books.price FROM Publishers NATURAL JOIN Books ON Publishers.website = Books.price;', '3', '1');
INSERT INTO "QueryColumnAccess" ("queryId", "columnId")
    VALUES ('1416', '5');
INSERT INTO "QueryColumnAccess" ("queryId", "columnId")
    VALUES ('1416', '6');
INSERT INTO "QueryTableAccess" ("queryId", "tableId")
    VALUES ('1416', '3');
INSERT INTO "QueryTableAccess" ("queryId", "tableId")
    VALUES ('1416', '1');
SELECT 'Customers.country', 'Orders.shipping_zip_code' FROM Customers LEFT OUTER JOIN Orders ON 'Customers.country' = 'Orders.shipping_zip_code';
INSERT INTO "SqlQuery" ("queryId", "userId", "issuedAt", "finishedAt", "hasError", "errorMessage", "statement", "projectId", "queryTypeId")
    VALUES ('1417', '5', '2023-05-31 22:07:11.410537', '2023-05-31 22:07:14.410537', 'False', 'None', 'SELECT Customers.country, Orders.shipping_zip_code FROM Customers LEFT OUTER JOIN Orders ON Customers.country = Orders.shipping_zip_code;', '3', '1');
INSERT INTO "QueryColumnAccess" ("queryId", "columnId")
    VALUES ('1417', '10');
INSERT INTO "QueryColumnAccess" ("queryId", "columnId")
    VALUES ('1417', '9');
INSERT INTO "QueryTableAccess" ("queryId", "tableId")
    VALUES ('1417', '4');
INSERT INTO "QueryTableAccess" ("queryId", "tableId")
    VALUES ('1417', '5');
SELECT 'Books.book_id', 'Customers.email' FROM Books NATURAL JOIN Customers ON 'Books.book_id' = 'Customers.email';
INSERT INTO "SqlQuery" ("queryId", "userId", "issuedAt", "finishedAt", "hasError", "errorMessage", "statement", "projectId", "queryTypeId")
    VALUES ('1418', '13', '2023-07-08 22:07:11.410546', '2023-07-08 22:07:13.410546', 'False', 'None', 'SELECT Books.book_id, Customers.email FROM Books NATURAL JOIN Customers ON Books.book_id = Customers.email;', '3', '1');
INSERT INTO "QueryColumnAccess" ("queryId", "columnId")
    VALUES ('1418', '1');
INSERT INTO "QueryColumnAccess" ("queryId", "columnId")
    VALUES ('1418', '4');
INSERT INTO "QueryTableAccess" ("queryId", "tableId")
    VALUES ('1418', '1');
INSERT INTO "QueryTableAccess" ("queryId", "tableId")
    VALUES ('1418', '4');
SELECT 'Books.category_id', 'Publishers.publisher_id' FROM Books LEFT OUTER JOIN Publishers ON 'Books.category_id' = 'Publishers.publisher_id';
INSERT INTO "SqlQuery" ("queryId", "userId", "issuedAt", "finishedAt", "hasError", "errorMessage", "statement", "projectId", "queryTypeId")
    VALUES ('1419', '9', '2023-05-21 22:07:11.410569', '2023-05-21 22:07:14.410569', 'False', 'None', 'SELECT Books.category_id, Publishers.publisher_id FROM Books LEFT OUTER JOIN Publishers ON Books.category_id = Publishers.publisher_id;', '3', '1');
INSERT INTO "QueryColumnAccess" ("queryId", "columnId")
    VALUES ('1419', '7');
INSERT INTO "QueryColumnAccess" ("queryId", "columnId")
    VALUES ('1419', '1');
INSERT INTO "QueryTableAccess" ("queryId", "tableId")
    VALUES ('1419', '1');
INSERT INTO "QueryTableAccess" ("queryId", "tableId")
    VALUES ('1419', '3');
SELECT 'Authors.first_name', 'Orders.shipping_address' FROM Authors LEFT OUTER JOIN Orders ON 'Authors.first_name' = 'Orders.shipping_address';
INSERT INTO "SqlQuery" ("queryId", "userId", "issuedAt", "finishedAt", "hasError", "errorMessage", "statement", "projectId", "queryTypeId")
    VALUES ('1420', '7', '2023-06-16 22:07:11.410578', '2023-06-16 22:07:14.410578', 'False', 'None', 'SELECT Authors.first_name, Orders.shipping_address FROM Authors LEFT OUTER JOIN Orders ON Authors.first_name = Orders.shipping_address;', '3', '1');
INSERT INTO "QueryColumnAccess" ("queryId", "columnId")
    VALUES ('1420', '2');
INSERT INTO "QueryColumnAccess" ("queryId", "columnId")
    VALUES ('1420', '6');
INSERT INTO "QueryTableAccess" ("queryId", "tableId")
    VALUES ('1420', '2');
INSERT INTO "QueryTableAccess" ("queryId", "tableId")
    VALUES ('1420', '5');
SELECT 'Orders.shipping_country', 'Publishers.publisher_id' FROM Orders RIGHT OUTER JOIN Publishers ON 'Orders.shipping_country' = 'Publishers.publisher_id';
INSERT INTO "SqlQuery" ("queryId", "userId", "issuedAt", "finishedAt", "hasError", "errorMessage", "statement", "projectId", "queryTypeId")
    VALUES ('1421', '3', '2023-04-14 22:07:11.410587', '2023-04-14 22:07:15.410587', 'False', 'None', 'SELECT Orders.shipping_country, Publishers.publisher_id FROM Orders RIGHT OUTER JOIN Publishers ON Orders.shipping_country = Publishers.publisher_id;', '3', '1');
INSERT INTO "QueryColumnAccess" ("queryId", "columnId")
    VALUES ('1421', '10');
INSERT INTO "QueryColumnAccess" ("queryId", "columnId")
    VALUES ('1421', '1');
INSERT INTO "QueryTableAccess" ("queryId", "tableId")
    VALUES ('1421', '5');
INSERT INTO "QueryTableAccess" ("queryId", "tableId")
    VALUES ('1421', '3');
SELECT 'Books.price', 'Authors.birth_date' FROM Books RIGHT OUTER JOIN Authors ON 'Books.price' = 'Authors.birth_date';
INSERT INTO "SqlQuery" ("queryId", "userId", "issuedAt", "finishedAt", "hasError", "errorMessage", "statement", "projectId", "queryTypeId")
    VALUES ('1422', '9', '2023-05-22 22:07:11.410606', '2023-05-22 22:07:14.410606', 'False', 'None', 'SELECT Books.price, Authors.birth_date FROM Books RIGHT OUTER JOIN Authors ON Books.price = Authors.birth_date;', '3', '1');
INSERT INTO "QueryColumnAccess" ("queryId", "columnId")
    VALUES ('1422', '6');
INSERT INTO "QueryColumnAccess" ("queryId", "columnId")
    VALUES ('1422', '4');
INSERT INTO "QueryTableAccess" ("queryId", "tableId")
    VALUES ('1422', '1');
INSERT INTO "QueryTableAccess" ("queryId", "tableId")
    VALUES ('1422', '2');
SELECT 'Customers.state', 'Publishers.country' FROM Customers NATURAL JOIN Publishers ON 'Customers.state' = 'Publishers.country';
INSERT INTO "SqlQuery" ("queryId", "userId", "issuedAt", "finishedAt", "hasError", "errorMessage", "statement", "projectId", "queryTypeId")
    VALUES ('1423', '7', '2023-05-20 22:07:11.410615', '2023-05-20 22:07:13.410615', 'False', 'None', 'SELECT Customers.state, Publishers.country FROM Customers NATURAL JOIN Publishers ON Customers.state = Publishers.country;', '3', '1');
INSERT INTO "QueryColumnAccess" ("queryId", "columnId")
    VALUES ('1423', '8');
INSERT INTO "QueryColumnAccess" ("queryId", "columnId")
    VALUES ('1423', '4');
INSERT INTO "QueryTableAccess" ("queryId", "tableId")
    VALUES ('1423', '4');
INSERT INTO "QueryTableAccess" ("queryId", "tableId")
    VALUES ('1423', '3');
SELECT 'Publishers.website', 'Authors.last_name' FROM Publishers RIGHT OUTER JOIN Authors ON 'Publishers.website' = 'Authors.last_name';
INSERT INTO "SqlQuery" ("queryId", "userId", "issuedAt", "finishedAt", "hasError", "errorMessage", "statement", "projectId", "queryTypeId")
    VALUES ('1424', '4', '2023-05-06 22:07:11.410624', '2023-05-06 22:07:12.410624', 'False', 'None', 'SELECT Publishers.website, Authors.last_name FROM Publishers RIGHT OUTER JOIN Authors ON Publishers.website = Authors.last_name;', '3', '1');
INSERT INTO "QueryColumnAccess" ("queryId", "columnId")
    VALUES ('1424', '5');
INSERT INTO "QueryColumnAccess" ("queryId", "columnId")
    VALUES ('1424', '3');
INSERT INTO "QueryTableAccess" ("queryId", "tableId")
    VALUES ('1424', '3');
INSERT INTO "QueryTableAccess" ("queryId", "tableId")
    VALUES ('1424', '2');
SELECT 'Authors.last_name', 'Books.book_id' FROM Authors NATURAL JOIN Books ON 'Authors.last_name' = 'Books.book_id';
INSERT INTO "SqlQuery" ("queryId", "userId", "issuedAt", "finishedAt", "hasError", "errorMessage", "statement", "projectId", "queryTypeId")
    VALUES ('1425', '3', '2023-04-11 22:07:11.410632', '2023-04-11 22:07:12.410632', 'False', 'None', 'SELECT Authors.last_name, Books.book_id FROM Authors NATURAL JOIN Books ON Authors.last_name = Books.book_id;', '3', '1');
INSERT INTO "QueryColumnAccess" ("queryId", "columnId")
    VALUES ('1425', '3');
INSERT INTO "QueryColumnAccess" ("queryId", "columnId")
    VALUES ('1425', '1');
INSERT INTO "QueryTableAccess" ("queryId", "tableId")
    VALUES ('1425', '2');
INSERT INTO "QueryTableAccess" ("queryId", "tableId")
    VALUES ('1425', '1');
SELECT 'Orders.customer_id', 'Customers.customer_id' FROM Orders LEFT OUTER JOIN Customers ON 'Orders.customer_id' = 'Customers.customer_id';
INSERT INTO "SqlQuery" ("queryId", "userId", "issuedAt", "finishedAt", "hasError", "errorMessage", "statement", "projectId", "queryTypeId")
    VALUES ('1426', '11', '2023-05-06 22:07:11.410641', '2023-05-06 22:07:15.410641', 'False', 'None', 'SELECT Orders.customer_id, Customers.customer_id FROM Orders LEFT OUTER JOIN Customers ON Orders.customer_id = Customers.customer_id;', '3', '1');
INSERT INTO "QueryColumnAccess" ("queryId", "columnId")
    VALUES ('1426', '2');
INSERT INTO "QueryColumnAccess" ("queryId", "columnId")
    VALUES ('1426', '1');
INSERT INTO "QueryTableAccess" ("queryId", "tableId")
    VALUES ('1426', '5');
INSERT INTO "QueryTableAccess" ("queryId", "tableId")
    VALUES ('1426', '4');
SELECT 'Authors.birth_date', 'Customers.phone_number' FROM Authors NATURAL JOIN Customers ON 'Authors.birth_date' = 'Customers.phone_number';
INSERT INTO "SqlQuery" ("queryId", "userId", "issuedAt", "finishedAt", "hasError", "errorMessage", "statement", "projectId", "queryTypeId")
    VALUES ('1427', '6', '2023-07-10 22:07:11.410650', '2023-07-10 22:07:13.410650', 'False', 'None', 'SELECT Authors.birth_date, Customers.phone_number FROM Authors NATURAL JOIN Customers ON Authors.birth_date = Customers.phone_number;', '3', '1');
INSERT INTO "QueryColumnAccess" ("queryId", "columnId")
    VALUES ('1427', '4');
INSERT INTO "QueryColumnAccess" ("queryId", "columnId")
    VALUES ('1427', '5');
INSERT INTO "QueryTableAccess" ("queryId", "tableId")
    VALUES ('1427', '2');
INSERT INTO "QueryTableAccess" ("queryId", "tableId")
    VALUES ('1427', '4');
SELECT 'Books.publisher', 'Orders.shipping_city' FROM Books LEFT OUTER JOIN Orders ON 'Books.publisher' = 'Orders.shipping_city';
INSERT INTO "SqlQuery" ("queryId", "userId", "issuedAt", "finishedAt", "hasError", "errorMessage", "statement", "projectId", "queryTypeId")
    VALUES ('1428', '5', '2023-05-08 22:07:11.410659', '2023-05-08 22:07:12.410659', 'False', 'None', 'SELECT Books.publisher, Orders.shipping_city FROM Books LEFT OUTER JOIN Orders ON Books.publisher = Orders.shipping_city;', '3', '1');
INSERT INTO "QueryColumnAccess" ("queryId", "columnId")
    VALUES ('1428', '5');
INSERT INTO "QueryColumnAccess" ("queryId", "columnId")
    VALUES ('1428', '7');
INSERT INTO "QueryTableAccess" ("queryId", "tableId")
    VALUES ('1428', '1');
INSERT INTO "QueryTableAccess" ("queryId", "tableId")
    VALUES ('1428', '5');
SELECT 'Books.author', 'Orders.order_date' FROM Books RIGHT OUTER JOIN Orders ON 'Books.author' = 'Orders.order_date';
INSERT INTO "SqlQuery" ("queryId", "userId", "issuedAt", "finishedAt", "hasError", "errorMessage", "statement", "projectId", "queryTypeId")
    VALUES ('1429', '11', '2023-05-08 22:07:11.410668', '2023-05-08 22:07:15.410668', 'False', 'None', 'SELECT Books.author, Orders.order_date FROM Books RIGHT OUTER JOIN Orders ON Books.author = Orders.order_date;', '3', '1');
INSERT INTO "QueryColumnAccess" ("queryId", "columnId")
    VALUES ('1429', '3');
INSERT INTO "QueryColumnAccess" ("queryId", "columnId")
    VALUES ('1429', '3');
INSERT INTO "QueryTableAccess" ("queryId", "tableId")
    VALUES ('1429', '1');
INSERT INTO "QueryTableAccess" ("queryId", "tableId")
    VALUES ('1429', '5');
SELECT 'Authors.last_name', 'Customers.country' FROM Authors LEFT OUTER JOIN Customers ON 'Authors.last_name' = 'Customers.country';
INSERT INTO "SqlQuery" ("queryId", "userId", "issuedAt", "finishedAt", "hasError", "errorMessage", "statement", "projectId", "queryTypeId")
    VALUES ('1430', '15', '2023-07-03 22:07:11.410676', '2023-07-03 22:07:14.410676', 'False', 'None', 'SELECT Authors.last_name, Customers.country FROM Authors LEFT OUTER JOIN Customers ON Authors.last_name = Customers.country;', '3', '1');
INSERT INTO "QueryColumnAccess" ("queryId", "columnId")
    VALUES ('1430', '3');
INSERT INTO "QueryColumnAccess" ("queryId", "columnId")
    VALUES ('1430', '10');
INSERT INTO "QueryTableAccess" ("queryId", "tableId")
    VALUES ('1430', '2');
INSERT INTO "QueryTableAccess" ("queryId", "tableId")
    VALUES ('1430', '4');
SELECT 'Customers.country', 'Books.publication_date' FROM Customers RIGHT OUTER JOIN Books ON 'Customers.country' = 'Books.publication_date';
INSERT INTO "SqlQuery" ("queryId", "userId", "issuedAt", "finishedAt", "hasError", "errorMessage", "statement", "projectId", "queryTypeId")
    VALUES ('1431', '5', '2023-07-05 22:07:11.410688', '2023-07-05 22:07:15.410688', 'False', 'None', 'SELECT Customers.country, Books.publication_date FROM Customers RIGHT OUTER JOIN Books ON Customers.country = Books.publication_date;', '3', '1');
INSERT INTO "QueryColumnAccess" ("queryId", "columnId")
    VALUES ('1431', '10');
INSERT INTO "QueryColumnAccess" ("queryId", "columnId")
    VALUES ('1431', '4');
INSERT INTO "QueryTableAccess" ("queryId", "tableId")
    VALUES ('1431', '4');
INSERT INTO "QueryTableAccess" ("queryId", "tableId")
    VALUES ('1431', '1');
SELECT 'Authors.country', 'Publishers.publisher_id' FROM Authors RIGHT OUTER JOIN Publishers ON 'Authors.country' = 'Publishers.publisher_id';
INSERT INTO "SqlQuery" ("queryId", "userId", "issuedAt", "finishedAt", "hasError", "errorMessage", "statement", "projectId", "queryTypeId")
    VALUES ('1432', '13', '2023-04-20 22:07:11.410697', '2023-04-20 22:07:15.410697', 'False', 'None', 'SELECT Authors.country, Publishers.publisher_id FROM Authors RIGHT OUTER JOIN Publishers ON Authors.country = Publishers.publisher_id;', '3', '1');
INSERT INTO "QueryColumnAccess" ("queryId", "columnId")
    VALUES ('1432', '5');
INSERT INTO "QueryColumnAccess" ("queryId", "columnId")
    VALUES ('1432', '1');
INSERT INTO "QueryTableAccess" ("queryId", "tableId")
    VALUES ('1432', '2');
INSERT INTO "QueryTableAccess" ("queryId", "tableId")
    VALUES ('1432', '3');
SELECT 'Authors.first_name', 'Orders.shipping_country' FROM Authors NATURAL JOIN Orders ON 'Authors.first_name' = 'Orders.shipping_country';
INSERT INTO "SqlQuery" ("queryId", "userId", "issuedAt", "finishedAt", "hasError", "errorMessage", "statement", "projectId", "queryTypeId")
    VALUES ('1433', '13', '2023-06-22 22:07:11.410706', '2023-06-22 22:07:13.410706', 'False', 'None', 'SELECT Authors.first_name, Orders.shipping_country FROM Authors NATURAL JOIN Orders ON Authors.first_name = Orders.shipping_country;', '3', '1');
INSERT INTO "QueryColumnAccess" ("queryId", "columnId")
    VALUES ('1433', '2');
INSERT INTO "QueryColumnAccess" ("queryId", "columnId")
    VALUES ('1433', '10');
INSERT INTO "QueryTableAccess" ("queryId", "tableId")
    VALUES ('1433', '2');
INSERT INTO "QueryTableAccess" ("queryId", "tableId")
    VALUES ('1433', '5');
SELECT 'Orders.status', 'Publishers.country' FROM Orders RIGHT OUTER JOIN Publishers ON 'Orders.status' = 'Publishers.country';
INSERT INTO "SqlQuery" ("queryId", "userId", "issuedAt", "finishedAt", "hasError", "errorMessage", "statement", "projectId", "queryTypeId")
    VALUES ('1434', '2', '2023-06-28 22:07:11.410714', '2023-06-28 22:07:13.410714', 'False', 'None', 'SELECT Orders.status, Publishers.country FROM Orders RIGHT OUTER JOIN Publishers ON Orders.status = Publishers.country;', '3', '1');
INSERT INTO "QueryColumnAccess" ("queryId", "columnId")
    VALUES ('1434', '5');
INSERT INTO "QueryColumnAccess" ("queryId", "columnId")
    VALUES ('1434', '4');
INSERT INTO "QueryTableAccess" ("queryId", "tableId")
    VALUES ('1434', '5');
INSERT INTO "QueryTableAccess" ("queryId", "tableId")
    VALUES ('1434', '3');
SELECT 'Orders.shipping_state', 'Customers.address' FROM Orders NATURAL JOIN Customers ON 'Orders.shipping_state' = 'Customers.address';
INSERT INTO "SqlQuery" ("queryId", "userId", "issuedAt", "finishedAt", "hasError", "errorMessage", "statement", "projectId", "queryTypeId")
    VALUES ('1435', '14', '2023-05-15 22:07:11.410723', '2023-05-15 22:07:14.410723', 'False', 'None', 'SELECT Orders.shipping_state, Customers.address FROM Orders NATURAL JOIN Customers ON Orders.shipping_state = Customers.address;', '3', '1');
INSERT INTO "QueryColumnAccess" ("queryId", "columnId")
    VALUES ('1435', '8');
INSERT INTO "QueryColumnAccess" ("queryId", "columnId")
    VALUES ('1435', '6');
INSERT INTO "QueryTableAccess" ("queryId", "tableId")
    VALUES ('1435', '5');
INSERT INTO "QueryTableAccess" ("queryId", "tableId")
    VALUES ('1435', '4');
SELECT 'Publishers.publisher_id', 'Customers.email' FROM Publishers RIGHT OUTER JOIN Customers ON 'Publishers.publisher_id' = 'Customers.email';
INSERT INTO "SqlQuery" ("queryId", "userId", "issuedAt", "finishedAt", "hasError", "errorMessage", "statement", "projectId", "queryTypeId")
    VALUES ('1436', '4', '2023-06-24 22:07:11.410732', '2023-06-24 22:07:12.410732', 'False', 'None', 'SELECT Publishers.publisher_id, Customers.email FROM Publishers RIGHT OUTER JOIN Customers ON Publishers.publisher_id = Customers.email;', '3', '1');
INSERT INTO "QueryColumnAccess" ("queryId", "columnId")
    VALUES ('1436', '1');
INSERT INTO "QueryColumnAccess" ("queryId", "columnId")
    VALUES ('1436', '4');
INSERT INTO "QueryTableAccess" ("queryId", "tableId")
    VALUES ('1436', '3');
INSERT INTO "QueryTableAccess" ("queryId", "tableId")
    VALUES ('1436', '4');
SELECT 'Orders.order_id', 'Customers.city' FROM Orders LEFT OUTER JOIN Customers ON 'Orders.order_id' = 'Customers.city';
INSERT INTO "SqlQuery" ("queryId", "userId", "issuedAt", "finishedAt", "hasError", "errorMessage", "statement", "projectId", "queryTypeId")
    VALUES ('1437', '12', '2023-05-11 22:07:11.410741', '2023-05-11 22:07:15.410741', 'False', 'None', 'SELECT Orders.order_id, Customers.city FROM Orders LEFT OUTER JOIN Customers ON Orders.order_id = Customers.city;', '3', '1');
INSERT INTO "QueryColumnAccess" ("queryId", "columnId")
    VALUES ('1437', '1');
INSERT INTO "QueryColumnAccess" ("queryId", "columnId")
    VALUES ('1437', '7');
INSERT INTO "QueryTableAccess" ("queryId", "tableId")
    VALUES ('1437', '5');
INSERT INTO "QueryTableAccess" ("queryId", "tableId")
    VALUES ('1437', '4');
SELECT 'Books.category_id', 'Publishers.country' FROM Books NATURAL JOIN Publishers ON 'Books.category_id' = 'Publishers.country';
INSERT INTO "SqlQuery" ("queryId", "userId", "issuedAt", "finishedAt", "hasError", "errorMessage", "statement", "projectId", "queryTypeId")
    VALUES ('1438', '13', '2023-07-06 22:07:11.410750', '2023-07-06 22:07:12.410750', 'False', 'None', 'SELECT Books.category_id, Publishers.country FROM Books NATURAL JOIN Publishers ON Books.category_id = Publishers.country;', '3', '1');
INSERT INTO "QueryColumnAccess" ("queryId", "columnId")
    VALUES ('1438', '7');
INSERT INTO "QueryColumnAccess" ("queryId", "columnId")
    VALUES ('1438', '4');
INSERT INTO "QueryTableAccess" ("queryId", "tableId")
    VALUES ('1438', '1');
INSERT INTO "QueryTableAccess" ("queryId", "tableId")
    VALUES ('1438', '3');
SELECT 'Orders.order_date', 'Customers.address' FROM Orders NATURAL JOIN Customers ON 'Orders.order_date' = 'Customers.address';
INSERT INTO "SqlQuery" ("queryId", "userId", "issuedAt", "finishedAt", "hasError", "errorMessage", "statement", "projectId", "queryTypeId")
    VALUES ('1439', '6', '2023-06-11 22:07:11.410758', '2023-06-11 22:07:14.410758', 'False', 'None', 'SELECT Orders.order_date, Customers.address FROM Orders NATURAL JOIN Customers ON Orders.order_date = Customers.address;', '3', '1');
INSERT INTO "QueryColumnAccess" ("queryId", "columnId")
    VALUES ('1439', '3');
INSERT INTO "QueryColumnAccess" ("queryId", "columnId")
    VALUES ('1439', '6');
INSERT INTO "QueryTableAccess" ("queryId", "tableId")
    VALUES ('1439', '5');
INSERT INTO "QueryTableAccess" ("queryId", "tableId")
    VALUES ('1439', '4');
SELECT 'Customers.zip_code', 'Publishers.publisher_name' FROM Customers NATURAL JOIN Publishers ON 'Customers.zip_code' = 'Publishers.publisher_name';
INSERT INTO "SqlQuery" ("queryId", "userId", "issuedAt", "finishedAt", "hasError", "errorMessage", "statement", "projectId", "queryTypeId")
    VALUES ('1440', '3', '2023-05-07 22:07:11.410767', '2023-05-07 22:07:12.410767', 'False', 'None', 'SELECT Customers.zip_code, Publishers.publisher_name FROM Customers NATURAL JOIN Publishers ON Customers.zip_code = Publishers.publisher_name;', '3', '1');
INSERT INTO "QueryColumnAccess" ("queryId", "columnId")
    VALUES ('1440', '9');
INSERT INTO "QueryColumnAccess" ("queryId", "columnId")
    VALUES ('1440', '2');
INSERT INTO "QueryTableAccess" ("queryId", "tableId")
    VALUES ('1440', '4');
INSERT INTO "QueryTableAccess" ("queryId", "tableId")
    VALUES ('1440', '3');
SELECT 'Customers.first_name', 'Books.publisher' FROM Customers LEFT OUTER JOIN Books ON 'Customers.first_name' = 'Books.publisher';
INSERT INTO "SqlQuery" ("queryId", "userId", "issuedAt", "finishedAt", "hasError", "errorMessage", "statement", "projectId", "queryTypeId")
    VALUES ('1441', '2', '2023-04-23 22:07:11.410783', '2023-04-23 22:07:13.410783', 'False', 'None', 'SELECT Customers.first_name, Books.publisher FROM Customers LEFT OUTER JOIN Books ON Customers.first_name = Books.publisher;', '3', '1');
INSERT INTO "QueryColumnAccess" ("queryId", "columnId")
    VALUES ('1441', '2');
INSERT INTO "QueryColumnAccess" ("queryId", "columnId")
    VALUES ('1441', '5');
INSERT INTO "QueryTableAccess" ("queryId", "tableId")
    VALUES ('1441', '4');
INSERT INTO "QueryTableAccess" ("queryId", "tableId")
    VALUES ('1441', '1');
SELECT 'Books.publisher', 'Publishers.publisher_id' FROM Books RIGHT OUTER JOIN Publishers ON 'Books.publisher' = 'Publishers.publisher_id';
INSERT INTO "SqlQuery" ("queryId", "userId", "issuedAt", "finishedAt", "hasError", "errorMessage", "statement", "projectId", "queryTypeId")
    VALUES ('1442', '14', '2023-04-19 22:07:11.410792', '2023-04-19 22:07:14.410792', 'False', 'None', 'SELECT Books.publisher, Publishers.publisher_id FROM Books RIGHT OUTER JOIN Publishers ON Books.publisher = Publishers.publisher_id;', '3', '1');
INSERT INTO "QueryColumnAccess" ("queryId", "columnId")
    VALUES ('1442', '5');
INSERT INTO "QueryColumnAccess" ("queryId", "columnId")
    VALUES ('1442', '1');
INSERT INTO "QueryTableAccess" ("queryId", "tableId")
    VALUES ('1442', '1');
INSERT INTO "QueryTableAccess" ("queryId", "tableId")
    VALUES ('1442', '3');
SELECT 'Authors.last_name', 'Books.publisher' FROM Authors NATURAL JOIN Books ON 'Authors.last_name' = 'Books.publisher';
INSERT INTO "SqlQuery" ("queryId", "userId", "issuedAt", "finishedAt", "hasError", "errorMessage", "statement", "projectId", "queryTypeId")
    VALUES ('1443', '10', '2023-04-16 22:07:11.410801', '2023-04-16 22:07:15.410801', 'False', 'None', 'SELECT Authors.last_name, Books.publisher FROM Authors NATURAL JOIN Books ON Authors.last_name = Books.publisher;', '3', '1');
INSERT INTO "QueryColumnAccess" ("queryId", "columnId")
    VALUES ('1443', '3');
INSERT INTO "QueryColumnAccess" ("queryId", "columnId")
    VALUES ('1443', '5');
INSERT INTO "QueryTableAccess" ("queryId", "tableId")
    VALUES ('1443', '2');
INSERT INTO "QueryTableAccess" ("queryId", "tableId")
    VALUES ('1443', '1');
SELECT 'Publishers.website', 'Customers.phone_number' FROM Publishers LEFT OUTER JOIN Customers ON 'Publishers.website' = 'Customers.phone_number';
INSERT INTO "SqlQuery" ("queryId", "userId", "issuedAt", "finishedAt", "hasError", "errorMessage", "statement", "projectId", "queryTypeId")
    VALUES ('1444', '12', '2023-04-27 22:07:11.410810', '2023-04-27 22:07:13.410810', 'False', 'None', 'SELECT Publishers.website, Customers.phone_number FROM Publishers LEFT OUTER JOIN Customers ON Publishers.website = Customers.phone_number;', '3', '1');
INSERT INTO "QueryColumnAccess" ("queryId", "columnId")
    VALUES ('1444', '5');
INSERT INTO "QueryColumnAccess" ("queryId", "columnId")
    VALUES ('1444', '5');
INSERT INTO "QueryTableAccess" ("queryId", "tableId")
    VALUES ('1444', '3');
INSERT INTO "QueryTableAccess" ("queryId", "tableId")
    VALUES ('1444', '4');
SELECT 'Authors.last_name', 'Publishers.website' FROM Authors RIGHT OUTER JOIN Publishers ON 'Authors.last_name' = 'Publishers.website';
INSERT INTO "SqlQuery" ("queryId", "userId", "issuedAt", "finishedAt", "hasError", "errorMessage", "statement", "projectId", "queryTypeId")
    VALUES ('1445', '12', '2023-06-10 22:07:11.410819', '2023-06-10 22:07:13.410819', 'False', 'None', 'SELECT Authors.last_name, Publishers.website FROM Authors RIGHT OUTER JOIN Publishers ON Authors.last_name = Publishers.website;', '3', '1');
INSERT INTO "QueryColumnAccess" ("queryId", "columnId")
    VALUES ('1445', '3');
INSERT INTO "QueryColumnAccess" ("queryId", "columnId")
    VALUES ('1445', '5');
INSERT INTO "QueryTableAccess" ("queryId", "tableId")
    VALUES ('1445', '2');
INSERT INTO "QueryTableAccess" ("queryId", "tableId")
    VALUES ('1445', '3');
SELECT 'Customers.phone_number', 'Books.price' FROM Customers LEFT OUTER JOIN Books ON 'Customers.phone_number' = 'Books.price';
INSERT INTO "SqlQuery" ("queryId", "userId", "issuedAt", "finishedAt", "hasError", "errorMessage", "statement", "projectId", "queryTypeId")
    VALUES ('1446', '3', '2023-07-03 22:07:11.410827', '2023-07-03 22:07:12.410827', 'False', 'None', 'SELECT Customers.phone_number, Books.price FROM Customers LEFT OUTER JOIN Books ON Customers.phone_number = Books.price;', '3', '1');
INSERT INTO "QueryColumnAccess" ("queryId", "columnId")
    VALUES ('1446', '5');
INSERT INTO "QueryColumnAccess" ("queryId", "columnId")
    VALUES ('1446', '6');
INSERT INTO "QueryTableAccess" ("queryId", "tableId")
    VALUES ('1446', '4');
INSERT INTO "QueryTableAccess" ("queryId", "tableId")
    VALUES ('1446', '1');
SELECT 'Books.title', 'Publishers.publisher_name' FROM Books LEFT OUTER JOIN Publishers ON 'Books.title' = 'Publishers.publisher_name';
INSERT INTO "SqlQuery" ("queryId", "userId", "issuedAt", "finishedAt", "hasError", "errorMessage", "statement", "projectId", "queryTypeId")
    VALUES ('1447', '11', '2023-05-08 22:07:11.410836', '2023-05-08 22:07:13.410836', 'False', 'None', 'SELECT Books.title, Publishers.publisher_name FROM Books LEFT OUTER JOIN Publishers ON Books.title = Publishers.publisher_name;', '3', '1');
INSERT INTO "QueryColumnAccess" ("queryId", "columnId")
    VALUES ('1447', '2');
INSERT INTO "QueryColumnAccess" ("queryId", "columnId")
    VALUES ('1447', '2');
INSERT INTO "QueryTableAccess" ("queryId", "tableId")
    VALUES ('1447', '1');
INSERT INTO "QueryTableAccess" ("queryId", "tableId")
    VALUES ('1447', '3');
SELECT 'Books.category_id', 'Customers.zip_code' FROM Books LEFT OUTER JOIN Customers ON 'Books.category_id' = 'Customers.zip_code';
INSERT INTO "SqlQuery" ("queryId", "userId", "issuedAt", "finishedAt", "hasError", "errorMessage", "statement", "projectId", "queryTypeId")
    VALUES ('1448', '12', '2023-04-18 22:07:11.410844', '2023-04-18 22:07:15.410844', 'False', 'None', 'SELECT Books.category_id, Customers.zip_code FROM Books LEFT OUTER JOIN Customers ON Books.category_id = Customers.zip_code;', '3', '1');
INSERT INTO "QueryColumnAccess" ("queryId", "columnId")
    VALUES ('1448', '7');
INSERT INTO "QueryColumnAccess" ("queryId", "columnId")
    VALUES ('1448', '9');
INSERT INTO "QueryTableAccess" ("queryId", "tableId")
    VALUES ('1448', '1');
INSERT INTO "QueryTableAccess" ("queryId", "tableId")
    VALUES ('1448', '4');
SELECT 'Orders.shipping_address', 'Authors.author_id' FROM Orders LEFT OUTER JOIN Authors ON 'Orders.shipping_address' = 'Authors.author_id';
INSERT INTO "SqlQuery" ("queryId", "userId", "issuedAt", "finishedAt", "hasError", "errorMessage", "statement", "projectId", "queryTypeId")
    VALUES ('1449', '7', '2023-06-17 22:07:11.410853', '2023-06-17 22:07:14.410853', 'False', 'None', 'SELECT Orders.shipping_address, Authors.author_id FROM Orders LEFT OUTER JOIN Authors ON Orders.shipping_address = Authors.author_id;', '3', '1');
INSERT INTO "QueryColumnAccess" ("queryId", "columnId")
    VALUES ('1449', '6');
INSERT INTO "QueryColumnAccess" ("queryId", "columnId")
    VALUES ('1449', '1');
INSERT INTO "QueryTableAccess" ("queryId", "tableId")
    VALUES ('1449', '5');
INSERT INTO "QueryTableAccess" ("queryId", "tableId")
    VALUES ('1449', '2');
SELECT 'Books.price', 'Orders.total_amount' FROM Books RIGHT OUTER JOIN Orders ON 'Books.price' = 'Orders.total_amount';
INSERT INTO "SqlQuery" ("queryId", "userId", "issuedAt", "finishedAt", "hasError", "errorMessage", "statement", "projectId", "queryTypeId")
    VALUES ('1450', '3', '2023-05-26 22:07:11.410865', '2023-05-26 22:07:12.410865', 'False', 'None', 'SELECT Books.price, Orders.total_amount FROM Books RIGHT OUTER JOIN Orders ON Books.price = Orders.total_amount;', '3', '1');
INSERT INTO "QueryColumnAccess" ("queryId", "columnId")
    VALUES ('1450', '6');
INSERT INTO "QueryColumnAccess" ("queryId", "columnId")
    VALUES ('1450', '4');
INSERT INTO "QueryTableAccess" ("queryId", "tableId")
    VALUES ('1450', '1');
INSERT INTO "QueryTableAccess" ("queryId", "tableId")
    VALUES ('1450', '5');
SELECT 'Customers.customer_id', 'Publishers.publisher_id' FROM Customers LEFT OUTER JOIN Publishers ON 'Customers.customer_id' = 'Publishers.publisher_id';
INSERT INTO "SqlQuery" ("queryId", "userId", "issuedAt", "finishedAt", "hasError", "errorMessage", "statement", "projectId", "queryTypeId")
    VALUES ('1451', '2', '2023-05-06 22:07:11.410874', '2023-05-06 22:07:12.410874', 'False', 'None', 'SELECT Customers.customer_id, Publishers.publisher_id FROM Customers LEFT OUTER JOIN Publishers ON Customers.customer_id = Publishers.publisher_id;', '3', '1');
INSERT INTO "QueryColumnAccess" ("queryId", "columnId")
    VALUES ('1451', '1');
INSERT INTO "QueryColumnAccess" ("queryId", "columnId")
    VALUES ('1451', '1');
INSERT INTO "QueryTableAccess" ("queryId", "tableId")
    VALUES ('1451', '4');
INSERT INTO "QueryTableAccess" ("queryId", "tableId")
    VALUES ('1451', '3');
SELECT 'Books.publisher', 'Orders.shipping_city' FROM Books LEFT OUTER JOIN Orders ON 'Books.publisher' = 'Orders.shipping_city';
INSERT INTO "SqlQuery" ("queryId", "userId", "issuedAt", "finishedAt", "hasError", "errorMessage", "statement", "projectId", "queryTypeId")
    VALUES ('1452', '8', '2023-04-30 22:07:11.410883', '2023-04-30 22:07:14.410883', 'False', 'None', 'SELECT Books.publisher, Orders.shipping_city FROM Books LEFT OUTER JOIN Orders ON Books.publisher = Orders.shipping_city;', '3', '1');
INSERT INTO "QueryColumnAccess" ("queryId", "columnId")
    VALUES ('1452', '5');
INSERT INTO "QueryColumnAccess" ("queryId", "columnId")
    VALUES ('1452', '7');
INSERT INTO "QueryTableAccess" ("queryId", "tableId")
    VALUES ('1452', '1');
INSERT INTO "QueryTableAccess" ("queryId", "tableId")
    VALUES ('1452', '5');
SELECT 'Customers.zip_code', 'Books.title' FROM Customers LEFT OUTER JOIN Books ON 'Customers.zip_code' = 'Books.title';
INSERT INTO "SqlQuery" ("queryId", "userId", "issuedAt", "finishedAt", "hasError", "errorMessage", "statement", "projectId", "queryTypeId")
    VALUES ('1453', '11', '2023-05-29 22:07:11.410892', '2023-05-29 22:07:15.410892', 'False', 'None', 'SELECT Customers.zip_code, Books.title FROM Customers LEFT OUTER JOIN Books ON Customers.zip_code = Books.title;', '3', '1');
INSERT INTO "QueryColumnAccess" ("queryId", "columnId")
    VALUES ('1453', '9');
INSERT INTO "QueryColumnAccess" ("queryId", "columnId")
    VALUES ('1453', '2');
INSERT INTO "QueryTableAccess" ("queryId", "tableId")
    VALUES ('1453', '4');
INSERT INTO "QueryTableAccess" ("queryId", "tableId")
    VALUES ('1453', '1');
SELECT 'Books.title', 'Orders.shipping_zip_code' FROM Books NATURAL JOIN Orders ON 'Books.title' = 'Orders.shipping_zip_code';
INSERT INTO "SqlQuery" ("queryId", "userId", "issuedAt", "finishedAt", "hasError", "errorMessage", "statement", "projectId", "queryTypeId")
    VALUES ('1454', '11', '2023-04-26 22:07:11.410900', '2023-04-26 22:07:13.410900', 'False', 'None', 'SELECT Books.title, Orders.shipping_zip_code FROM Books NATURAL JOIN Orders ON Books.title = Orders.shipping_zip_code;', '3', '1');
INSERT INTO "QueryColumnAccess" ("queryId", "columnId")
    VALUES ('1454', '2');
INSERT INTO "QueryColumnAccess" ("queryId", "columnId")
    VALUES ('1454', '9');
INSERT INTO "QueryTableAccess" ("queryId", "tableId")
    VALUES ('1454', '1');
INSERT INTO "QueryTableAccess" ("queryId", "tableId")
    VALUES ('1454', '5');
SELECT 'Books.book_id', 'Customers.last_name' FROM Books RIGHT OUTER JOIN Customers ON 'Books.book_id' = 'Customers.last_name';
INSERT INTO "SqlQuery" ("queryId", "userId", "issuedAt", "finishedAt", "hasError", "errorMessage", "statement", "projectId", "queryTypeId")
    VALUES ('1455', '4', '2023-06-18 22:07:11.410925', '2023-06-18 22:07:15.410925', 'False', 'None', 'SELECT Books.book_id, Customers.last_name FROM Books RIGHT OUTER JOIN Customers ON Books.book_id = Customers.last_name;', '3', '1');
INSERT INTO "QueryColumnAccess" ("queryId", "columnId")
    VALUES ('1455', '1');
INSERT INTO "QueryColumnAccess" ("queryId", "columnId")
    VALUES ('1455', '3');
INSERT INTO "QueryTableAccess" ("queryId", "tableId")
    VALUES ('1455', '1');
INSERT INTO "QueryTableAccess" ("queryId", "tableId")
    VALUES ('1455', '4');
SELECT 'Publishers.website', 'Authors.author_id' FROM Publishers NATURAL JOIN Authors ON 'Publishers.website' = 'Authors.author_id';
INSERT INTO "SqlQuery" ("queryId", "userId", "issuedAt", "finishedAt", "hasError", "errorMessage", "statement", "projectId", "queryTypeId")
    VALUES ('1456', '1', '2023-04-22 22:07:11.410934', '2023-04-22 22:07:15.410934', 'False', 'None', 'SELECT Publishers.website, Authors.author_id FROM Publishers NATURAL JOIN Authors ON Publishers.website = Authors.author_id;', '3', '1');
INSERT INTO "QueryColumnAccess" ("queryId", "columnId")
    VALUES ('1456', '5');
INSERT INTO "QueryColumnAccess" ("queryId", "columnId")
    VALUES ('1456', '1');
INSERT INTO "QueryTableAccess" ("queryId", "tableId")
    VALUES ('1456', '3');
INSERT INTO "QueryTableAccess" ("queryId", "tableId")
    VALUES ('1456', '2');
SELECT 'Books.book_id', 'Publishers.established_date' FROM Books RIGHT OUTER JOIN Publishers ON 'Books.book_id' = 'Publishers.established_date';
INSERT INTO "SqlQuery" ("queryId", "userId", "issuedAt", "finishedAt", "hasError", "errorMessage", "statement", "projectId", "queryTypeId")
    VALUES ('1457', '8', '2023-04-12 22:07:11.410943', '2023-04-12 22:07:14.410943', 'False', 'None', 'SELECT Books.book_id, Publishers.established_date FROM Books RIGHT OUTER JOIN Publishers ON Books.book_id = Publishers.established_date;', '3', '1');
INSERT INTO "QueryColumnAccess" ("queryId", "columnId")
    VALUES ('1457', '1');
INSERT INTO "QueryColumnAccess" ("queryId", "columnId")
    VALUES ('1457', '3');
INSERT INTO "QueryTableAccess" ("queryId", "tableId")
    VALUES ('1457', '1');
INSERT INTO "QueryTableAccess" ("queryId", "tableId")
    VALUES ('1457', '3');
SELECT 'Authors.author_id', 'Customers.customer_id' FROM Authors RIGHT OUTER JOIN Customers ON 'Authors.author_id' = 'Customers.customer_id';
INSERT INTO "SqlQuery" ("queryId", "userId", "issuedAt", "finishedAt", "hasError", "errorMessage", "statement", "projectId", "queryTypeId")
    VALUES ('1458', '6', '2023-05-13 22:07:11.410951', '2023-05-13 22:07:14.410951', 'False', 'None', 'SELECT Authors.author_id, Customers.customer_id FROM Authors RIGHT OUTER JOIN Customers ON Authors.author_id = Customers.customer_id;', '3', '1');
INSERT INTO "QueryColumnAccess" ("queryId", "columnId")
    VALUES ('1458', '1');
INSERT INTO "QueryColumnAccess" ("queryId", "columnId")
    VALUES ('1458', '1');
INSERT INTO "QueryTableAccess" ("queryId", "tableId")
    VALUES ('1458', '2');
INSERT INTO "QueryTableAccess" ("queryId", "tableId")
    VALUES ('1458', '4');
SELECT 'Publishers.established_date', 'Customers.country' FROM Publishers RIGHT OUTER JOIN Customers ON 'Publishers.established_date' = 'Customers.country';
INSERT INTO "SqlQuery" ("queryId", "userId", "issuedAt", "finishedAt", "hasError", "errorMessage", "statement", "projectId", "queryTypeId")
    VALUES ('1459', '1', '2023-06-11 22:07:11.410960', '2023-06-11 22:07:12.410960', 'False', 'None', 'SELECT Publishers.established_date, Customers.country FROM Publishers RIGHT OUTER JOIN Customers ON Publishers.established_date = Customers.country;', '3', '1');
INSERT INTO "QueryColumnAccess" ("queryId", "columnId")
    VALUES ('1459', '3');
INSERT INTO "QueryColumnAccess" ("queryId", "columnId")
    VALUES ('1459', '10');
INSERT INTO "QueryTableAccess" ("queryId", "tableId")
    VALUES ('1459', '3');
INSERT INTO "QueryTableAccess" ("queryId", "tableId")
    VALUES ('1459', '4');
SELECT 'Authors.birth_date', 'Publishers.website' FROM Authors NATURAL JOIN Publishers ON 'Authors.birth_date' = 'Publishers.website';
INSERT INTO "SqlQuery" ("queryId", "userId", "issuedAt", "finishedAt", "hasError", "errorMessage", "statement", "projectId", "queryTypeId")
    VALUES ('1460', '13', '2023-06-19 22:07:11.410974', '2023-06-19 22:07:12.410974', 'False', 'None', 'SELECT Authors.birth_date, Publishers.website FROM Authors NATURAL JOIN Publishers ON Authors.birth_date = Publishers.website;', '3', '1');
INSERT INTO "QueryColumnAccess" ("queryId", "columnId")
    VALUES ('1460', '4');
INSERT INTO "QueryColumnAccess" ("queryId", "columnId")
    VALUES ('1460', '5');
INSERT INTO "QueryTableAccess" ("queryId", "tableId")
    VALUES ('1460', '2');
INSERT INTO "QueryTableAccess" ("queryId", "tableId")
    VALUES ('1460', '3');
SELECT 'Publishers.publisher_name', 'Customers.first_name' FROM Publishers LEFT OUTER JOIN Customers ON 'Publishers.publisher_name' = 'Customers.first_name';
INSERT INTO "SqlQuery" ("queryId", "userId", "issuedAt", "finishedAt", "hasError", "errorMessage", "statement", "projectId", "queryTypeId")
    VALUES ('1461', '2', '2023-06-08 22:07:11.410982', '2023-06-08 22:07:15.410982', 'False', 'None', 'SELECT Publishers.publisher_name, Customers.first_name FROM Publishers LEFT OUTER JOIN Customers ON Publishers.publisher_name = Customers.first_name;', '3', '1');
INSERT INTO "QueryColumnAccess" ("queryId", "columnId")
    VALUES ('1461', '2');
INSERT INTO "QueryColumnAccess" ("queryId", "columnId")
    VALUES ('1461', '2');
INSERT INTO "QueryTableAccess" ("queryId", "tableId")
    VALUES ('1461', '3');
INSERT INTO "QueryTableAccess" ("queryId", "tableId")
    VALUES ('1461', '4');
SELECT 'Books.price', 'Authors.first_name' FROM Books RIGHT OUTER JOIN Authors ON 'Books.price' = 'Authors.first_name';
INSERT INTO "SqlQuery" ("queryId", "userId", "issuedAt", "finishedAt", "hasError", "errorMessage", "statement", "projectId", "queryTypeId")
    VALUES ('1462', '1', '2023-06-01 22:07:11.410991', '2023-06-01 22:07:12.410991', 'False', 'None', 'SELECT Books.price, Authors.first_name FROM Books RIGHT OUTER JOIN Authors ON Books.price = Authors.first_name;', '3', '1');
INSERT INTO "QueryColumnAccess" ("queryId", "columnId")
    VALUES ('1462', '6');
INSERT INTO "QueryColumnAccess" ("queryId", "columnId")
    VALUES ('1462', '2');
INSERT INTO "QueryTableAccess" ("queryId", "tableId")
    VALUES ('1462', '1');
INSERT INTO "QueryTableAccess" ("queryId", "tableId")
    VALUES ('1462', '2');
SELECT 'Authors.birth_date', 'Publishers.website' FROM Authors NATURAL JOIN Publishers ON 'Authors.birth_date' = 'Publishers.website';
INSERT INTO "SqlQuery" ("queryId", "userId", "issuedAt", "finishedAt", "hasError", "errorMessage", "statement", "projectId", "queryTypeId")
    VALUES ('1463', '6', '2023-07-06 22:07:11.411003', '2023-07-06 22:07:15.411003', 'False', 'None', 'SELECT Authors.birth_date, Publishers.website FROM Authors NATURAL JOIN Publishers ON Authors.birth_date = Publishers.website;', '3', '1');
INSERT INTO "QueryColumnAccess" ("queryId", "columnId")
    VALUES ('1463', '4');
INSERT INTO "QueryColumnAccess" ("queryId", "columnId")
    VALUES ('1463', '5');
INSERT INTO "QueryTableAccess" ("queryId", "tableId")
    VALUES ('1463', '2');
INSERT INTO "QueryTableAccess" ("queryId", "tableId")
    VALUES ('1463', '3');
SELECT 'Customers.customer_id', 'Orders.shipping_city' FROM Customers NATURAL JOIN Orders ON 'Customers.customer_id' = 'Orders.shipping_city';
INSERT INTO "SqlQuery" ("queryId", "userId", "issuedAt", "finishedAt", "hasError", "errorMessage", "statement", "projectId", "queryTypeId")
    VALUES ('1464', '9', '2023-05-10 22:07:11.411012', '2023-05-10 22:07:13.411012', 'False', 'None', 'SELECT Customers.customer_id, Orders.shipping_city FROM Customers NATURAL JOIN Orders ON Customers.customer_id = Orders.shipping_city;', '3', '1');
INSERT INTO "QueryColumnAccess" ("queryId", "columnId")
    VALUES ('1464', '1');
INSERT INTO "QueryColumnAccess" ("queryId", "columnId")
    VALUES ('1464', '7');
INSERT INTO "QueryTableAccess" ("queryId", "tableId")
    VALUES ('1464', '4');
INSERT INTO "QueryTableAccess" ("queryId", "tableId")
    VALUES ('1464', '5');
SELECT 'Books.book_id', 'Authors.author_id' FROM Books RIGHT OUTER JOIN Authors ON 'Books.book_id' = 'Authors.author_id';
INSERT INTO "SqlQuery" ("queryId", "userId", "issuedAt", "finishedAt", "hasError", "errorMessage", "statement", "projectId", "queryTypeId")
    VALUES ('1465', '7', '2023-05-21 22:07:11.411020', '2023-05-21 22:07:14.411020', 'False', 'None', 'SELECT Books.book_id, Authors.author_id FROM Books RIGHT OUTER JOIN Authors ON Books.book_id = Authors.author_id;', '3', '1');
INSERT INTO "QueryColumnAccess" ("queryId", "columnId")
    VALUES ('1465', '1');
INSERT INTO "QueryColumnAccess" ("queryId", "columnId")
    VALUES ('1465', '1');
INSERT INTO "QueryTableAccess" ("queryId", "tableId")
    VALUES ('1465', '1');
INSERT INTO "QueryTableAccess" ("queryId", "tableId")
    VALUES ('1465', '2');
SELECT 'Orders.shipping_state', 'Books.price' FROM Orders RIGHT OUTER JOIN Books ON 'Orders.shipping_state' = 'Books.price';
INSERT INTO "SqlQuery" ("queryId", "userId", "issuedAt", "finishedAt", "hasError", "errorMessage", "statement", "projectId", "queryTypeId")
    VALUES ('1466', '9', '2023-07-06 22:07:11.411029', '2023-07-06 22:07:14.411029', 'False', 'None', 'SELECT Orders.shipping_state, Books.price FROM Orders RIGHT OUTER JOIN Books ON Orders.shipping_state = Books.price;', '3', '1');
INSERT INTO "QueryColumnAccess" ("queryId", "columnId")
    VALUES ('1466', '8');
INSERT INTO "QueryColumnAccess" ("queryId", "columnId")
    VALUES ('1466', '6');
INSERT INTO "QueryTableAccess" ("queryId", "tableId")
    VALUES ('1466', '5');
INSERT INTO "QueryTableAccess" ("queryId", "tableId")
    VALUES ('1466', '1');
SELECT 'Books.publisher', 'Publishers.website' FROM Books NATURAL JOIN Publishers ON 'Books.publisher' = 'Publishers.website';
INSERT INTO "SqlQuery" ("queryId", "userId", "issuedAt", "finishedAt", "hasError", "errorMessage", "statement", "projectId", "queryTypeId")
    VALUES ('1467', '6', '2023-05-09 22:07:11.411038', '2023-05-09 22:07:15.411038', 'False', 'None', 'SELECT Books.publisher, Publishers.website FROM Books NATURAL JOIN Publishers ON Books.publisher = Publishers.website;', '3', '1');
INSERT INTO "QueryColumnAccess" ("queryId", "columnId")
    VALUES ('1467', '5');
INSERT INTO "QueryColumnAccess" ("queryId", "columnId")
    VALUES ('1467', '5');
INSERT INTO "QueryTableAccess" ("queryId", "tableId")
    VALUES ('1467', '1');
INSERT INTO "QueryTableAccess" ("queryId", "tableId")
    VALUES ('1467', '3');
SELECT 'Customers.country', 'Orders.customer_id' FROM Customers RIGHT OUTER JOIN Orders ON 'Customers.country' = 'Orders.customer_id';
INSERT INTO "SqlQuery" ("queryId", "userId", "issuedAt", "finishedAt", "hasError", "errorMessage", "statement", "projectId", "queryTypeId")
    VALUES ('1468', '2', '2023-06-18 22:07:11.411047', '2023-06-18 22:07:14.411047', 'False', 'None', 'SELECT Customers.country, Orders.customer_id FROM Customers RIGHT OUTER JOIN Orders ON Customers.country = Orders.customer_id;', '3', '1');
INSERT INTO "QueryColumnAccess" ("queryId", "columnId")
    VALUES ('1468', '10');
INSERT INTO "QueryColumnAccess" ("queryId", "columnId")
    VALUES ('1468', '2');
INSERT INTO "QueryTableAccess" ("queryId", "tableId")
    VALUES ('1468', '4');
INSERT INTO "QueryTableAccess" ("queryId", "tableId")
    VALUES ('1468', '5');
SELECT 'Authors.birth_date', 'Orders.order_date' FROM Authors LEFT OUTER JOIN Orders ON 'Authors.birth_date' = 'Orders.order_date';
INSERT INTO "SqlQuery" ("queryId", "userId", "issuedAt", "finishedAt", "hasError", "errorMessage", "statement", "projectId", "queryTypeId")
    VALUES ('1469', '3', '2023-06-06 22:07:11.411063', '2023-06-06 22:07:15.411063', 'False', 'None', 'SELECT Authors.birth_date, Orders.order_date FROM Authors LEFT OUTER JOIN Orders ON Authors.birth_date = Orders.order_date;', '3', '1');
INSERT INTO "QueryColumnAccess" ("queryId", "columnId")
    VALUES ('1469', '4');
INSERT INTO "QueryColumnAccess" ("queryId", "columnId")
    VALUES ('1469', '3');
INSERT INTO "QueryTableAccess" ("queryId", "tableId")
    VALUES ('1469', '2');
INSERT INTO "QueryTableAccess" ("queryId", "tableId")
    VALUES ('1469', '5');
SELECT 'Publishers.established_date', 'Books.book_id' FROM Publishers LEFT OUTER JOIN Books ON 'Publishers.established_date' = 'Books.book_id';
INSERT INTO "SqlQuery" ("queryId", "userId", "issuedAt", "finishedAt", "hasError", "errorMessage", "statement", "projectId", "queryTypeId")
    VALUES ('1470', '8', '2023-04-13 22:07:11.411072', '2023-04-13 22:07:14.411072', 'False', 'None', 'SELECT Publishers.established_date, Books.book_id FROM Publishers LEFT OUTER JOIN Books ON Publishers.established_date = Books.book_id;', '3', '1');
INSERT INTO "QueryColumnAccess" ("queryId", "columnId")
    VALUES ('1470', '3');
INSERT INTO "QueryColumnAccess" ("queryId", "columnId")
    VALUES ('1470', '1');
INSERT INTO "QueryTableAccess" ("queryId", "tableId")
    VALUES ('1470', '3');
INSERT INTO "QueryTableAccess" ("queryId", "tableId")
    VALUES ('1470', '1');
SELECT 'Orders.customer_id', 'Authors.birth_date' FROM Orders NATURAL JOIN Authors ON 'Orders.customer_id' = 'Authors.birth_date';
INSERT INTO "SqlQuery" ("queryId", "userId", "issuedAt", "finishedAt", "hasError", "errorMessage", "statement", "projectId", "queryTypeId")
    VALUES ('1471', '14', '2023-04-28 22:07:11.411081', '2023-04-28 22:07:12.411081', 'False', 'None', 'SELECT Orders.customer_id, Authors.birth_date FROM Orders NATURAL JOIN Authors ON Orders.customer_id = Authors.birth_date;', '3', '1');
INSERT INTO "QueryColumnAccess" ("queryId", "columnId")
    VALUES ('1471', '2');
INSERT INTO "QueryColumnAccess" ("queryId", "columnId")
    VALUES ('1471', '4');
INSERT INTO "QueryTableAccess" ("queryId", "tableId")
    VALUES ('1471', '5');
INSERT INTO "QueryTableAccess" ("queryId", "tableId")
    VALUES ('1471', '2');
SELECT 'Customers.email', 'Authors.last_name' FROM Customers RIGHT OUTER JOIN Authors ON 'Customers.email' = 'Authors.last_name';
INSERT INTO "SqlQuery" ("queryId", "userId", "issuedAt", "finishedAt", "hasError", "errorMessage", "statement", "projectId", "queryTypeId")
    VALUES ('1472', '3', '2023-06-03 22:07:11.411089', '2023-06-03 22:07:13.411089', 'False', 'None', 'SELECT Customers.email, Authors.last_name FROM Customers RIGHT OUTER JOIN Authors ON Customers.email = Authors.last_name;', '3', '1');
INSERT INTO "QueryColumnAccess" ("queryId", "columnId")
    VALUES ('1472', '4');
INSERT INTO "QueryColumnAccess" ("queryId", "columnId")
    VALUES ('1472', '3');
INSERT INTO "QueryTableAccess" ("queryId", "tableId")
    VALUES ('1472', '4');
INSERT INTO "QueryTableAccess" ("queryId", "tableId")
    VALUES ('1472', '2');
SELECT 'Customers.customer_id', 'Authors.country' FROM Customers LEFT OUTER JOIN Authors ON 'Customers.customer_id' = 'Authors.country';
INSERT INTO "SqlQuery" ("queryId", "userId", "issuedAt", "finishedAt", "hasError", "errorMessage", "statement", "projectId", "queryTypeId")
    VALUES ('1473', '15', '2023-05-07 22:07:11.411098', '2023-05-07 22:07:12.411098', 'False', 'None', 'SELECT Customers.customer_id, Authors.country FROM Customers LEFT OUTER JOIN Authors ON Customers.customer_id = Authors.country;', '3', '1');
INSERT INTO "QueryColumnAccess" ("queryId", "columnId")
    VALUES ('1473', '1');
INSERT INTO "QueryColumnAccess" ("queryId", "columnId")
    VALUES ('1473', '5');
INSERT INTO "QueryTableAccess" ("queryId", "tableId")
    VALUES ('1473', '4');
INSERT INTO "QueryTableAccess" ("queryId", "tableId")
    VALUES ('1473', '2');
SELECT 'Books.publisher', 'Customers.country' FROM Books NATURAL JOIN Customers ON 'Books.publisher' = 'Customers.country';
INSERT INTO "SqlQuery" ("queryId", "userId", "issuedAt", "finishedAt", "hasError", "errorMessage", "statement", "projectId", "queryTypeId")
    VALUES ('1474', '14', '2023-04-20 22:07:11.411107', '2023-04-20 22:07:15.411107', 'False', 'None', 'SELECT Books.publisher, Customers.country FROM Books NATURAL JOIN Customers ON Books.publisher = Customers.country;', '3', '1');
INSERT INTO "QueryColumnAccess" ("queryId", "columnId")
    VALUES ('1474', '5');
INSERT INTO "QueryColumnAccess" ("queryId", "columnId")
    VALUES ('1474', '10');
INSERT INTO "QueryTableAccess" ("queryId", "tableId")
    VALUES ('1474', '1');
INSERT INTO "QueryTableAccess" ("queryId", "tableId")
    VALUES ('1474', '4');
SELECT 'Publishers.publisher_name', 'Customers.customer_id' FROM Publishers NATURAL JOIN Customers ON 'Publishers.publisher_name' = 'Customers.customer_id';
INSERT INTO "SqlQuery" ("queryId", "userId", "issuedAt", "finishedAt", "hasError", "errorMessage", "statement", "projectId", "queryTypeId")
    VALUES ('1475', '8', '2023-06-20 22:07:11.411115', '2023-06-20 22:07:12.411115', 'False', 'None', 'SELECT Publishers.publisher_name, Customers.customer_id FROM Publishers NATURAL JOIN Customers ON Publishers.publisher_name = Customers.customer_id;', '3', '1');
INSERT INTO "QueryColumnAccess" ("queryId", "columnId")
    VALUES ('1475', '2');
INSERT INTO "QueryColumnAccess" ("queryId", "columnId")
    VALUES ('1475', '1');
INSERT INTO "QueryTableAccess" ("queryId", "tableId")
    VALUES ('1475', '3');
INSERT INTO "QueryTableAccess" ("queryId", "tableId")
    VALUES ('1475', '4');
SELECT 'Orders.shipping_country', 'Publishers.publisher_name' FROM Orders LEFT OUTER JOIN Publishers ON 'Orders.shipping_country' = 'Publishers.publisher_name';
INSERT INTO "SqlQuery" ("queryId", "userId", "issuedAt", "finishedAt", "hasError", "errorMessage", "statement", "projectId", "queryTypeId")
    VALUES ('1476', '1', '2023-04-26 22:07:11.411124', '2023-04-26 22:07:12.411124', 'False', 'None', 'SELECT Orders.shipping_country, Publishers.publisher_name FROM Orders LEFT OUTER JOIN Publishers ON Orders.shipping_country = Publishers.publisher_name;', '3', '1');
INSERT INTO "QueryColumnAccess" ("queryId", "columnId")
    VALUES ('1476', '10');
INSERT INTO "QueryColumnAccess" ("queryId", "columnId")
    VALUES ('1476', '2');
INSERT INTO "QueryTableAccess" ("queryId", "tableId")
    VALUES ('1476', '5');
INSERT INTO "QueryTableAccess" ("queryId", "tableId")
    VALUES ('1476', '3');
SELECT 'Authors.country', 'Orders.shipping_city' FROM Authors LEFT OUTER JOIN Orders ON 'Authors.country' = 'Orders.shipping_city';
INSERT INTO "SqlQuery" ("queryId", "userId", "issuedAt", "finishedAt", "hasError", "errorMessage", "statement", "projectId", "queryTypeId")
    VALUES ('1477', '15', '2023-06-13 22:07:11.411133', '2023-06-13 22:07:12.411133', 'False', 'None', 'SELECT Authors.country, Orders.shipping_city FROM Authors LEFT OUTER JOIN Orders ON Authors.country = Orders.shipping_city;', '3', '1');
INSERT INTO "QueryColumnAccess" ("queryId", "columnId")
    VALUES ('1477', '5');
INSERT INTO "QueryColumnAccess" ("queryId", "columnId")
    VALUES ('1477', '7');
INSERT INTO "QueryTableAccess" ("queryId", "tableId")
    VALUES ('1477', '2');
INSERT INTO "QueryTableAccess" ("queryId", "tableId")
    VALUES ('1477', '5');
SELECT 'Publishers.established_date', 'Books.price' FROM Publishers NATURAL JOIN Books ON 'Publishers.established_date' = 'Books.price';
INSERT INTO "SqlQuery" ("queryId", "userId", "issuedAt", "finishedAt", "hasError", "errorMessage", "statement", "projectId", "queryTypeId")
    VALUES ('1478', '9', '2023-06-20 22:07:11.411142', '2023-06-20 22:07:13.411142', 'False', 'None', 'SELECT Publishers.established_date, Books.price FROM Publishers NATURAL JOIN Books ON Publishers.established_date = Books.price;', '3', '1');
INSERT INTO "QueryColumnAccess" ("queryId", "columnId")
    VALUES ('1478', '3');
INSERT INTO "QueryColumnAccess" ("queryId", "columnId")
    VALUES ('1478', '6');
INSERT INTO "QueryTableAccess" ("queryId", "tableId")
    VALUES ('1478', '3');
INSERT INTO "QueryTableAccess" ("queryId", "tableId")
    VALUES ('1478', '1');
SELECT 'Books.book_id', 'Publishers.country' FROM Books NATURAL JOIN Publishers ON 'Books.book_id' = 'Publishers.country';
INSERT INTO "SqlQuery" ("queryId", "userId", "issuedAt", "finishedAt", "hasError", "errorMessage", "statement", "projectId", "queryTypeId")
    VALUES ('1479', '4', '2023-04-23 22:07:11.411158', '2023-04-23 22:07:14.411158', 'False', 'None', 'SELECT Books.book_id, Publishers.country FROM Books NATURAL JOIN Publishers ON Books.book_id = Publishers.country;', '3', '1');
INSERT INTO "QueryColumnAccess" ("queryId", "columnId")
    VALUES ('1479', '1');
INSERT INTO "QueryColumnAccess" ("queryId", "columnId")
    VALUES ('1479', '4');
INSERT INTO "QueryTableAccess" ("queryId", "tableId")
    VALUES ('1479', '1');
INSERT INTO "QueryTableAccess" ("queryId", "tableId")
    VALUES ('1479', '3');
SELECT 'Orders.order_date', 'Customers.address' FROM Orders NATURAL JOIN Customers ON 'Orders.order_date' = 'Customers.address';
INSERT INTO "SqlQuery" ("queryId", "userId", "issuedAt", "finishedAt", "hasError", "errorMessage", "statement", "projectId", "queryTypeId")
    VALUES ('1480', '11', '2023-07-04 22:07:11.411167', '2023-07-04 22:07:12.411167', 'False', 'None', 'SELECT Orders.order_date, Customers.address FROM Orders NATURAL JOIN Customers ON Orders.order_date = Customers.address;', '3', '1');
INSERT INTO "QueryColumnAccess" ("queryId", "columnId")
    VALUES ('1480', '3');
INSERT INTO "QueryColumnAccess" ("queryId", "columnId")
    VALUES ('1480', '6');
INSERT INTO "QueryTableAccess" ("queryId", "tableId")
    VALUES ('1480', '5');
INSERT INTO "QueryTableAccess" ("queryId", "tableId")
    VALUES ('1480', '4');
SELECT 'Publishers.website', 'Authors.birth_date' FROM Publishers NATURAL JOIN Authors ON 'Publishers.website' = 'Authors.birth_date';
INSERT INTO "SqlQuery" ("queryId", "userId", "issuedAt", "finishedAt", "hasError", "errorMessage", "statement", "projectId", "queryTypeId")
    VALUES ('1481', '4', '2023-04-21 22:07:11.411175', '2023-04-21 22:07:13.411175', 'False', 'None', 'SELECT Publishers.website, Authors.birth_date FROM Publishers NATURAL JOIN Authors ON Publishers.website = Authors.birth_date;', '3', '1');
INSERT INTO "QueryColumnAccess" ("queryId", "columnId")
    VALUES ('1481', '5');
INSERT INTO "QueryColumnAccess" ("queryId", "columnId")
    VALUES ('1481', '4');
INSERT INTO "QueryTableAccess" ("queryId", "tableId")
    VALUES ('1481', '3');
INSERT INTO "QueryTableAccess" ("queryId", "tableId")
    VALUES ('1481', '2');
SELECT 'Customers.email', 'Books.title' FROM Customers LEFT OUTER JOIN Books ON 'Customers.email' = 'Books.title';
INSERT INTO "SqlQuery" ("queryId", "userId", "issuedAt", "finishedAt", "hasError", "errorMessage", "statement", "projectId", "queryTypeId")
    VALUES ('1482', '11', '2023-05-03 22:07:11.411184', '2023-05-03 22:07:15.411184', 'False', 'None', 'SELECT Customers.email, Books.title FROM Customers LEFT OUTER JOIN Books ON Customers.email = Books.title;', '3', '1');
INSERT INTO "QueryColumnAccess" ("queryId", "columnId")
    VALUES ('1482', '4');
INSERT INTO "QueryColumnAccess" ("queryId", "columnId")
    VALUES ('1482', '2');
INSERT INTO "QueryTableAccess" ("queryId", "tableId")
    VALUES ('1482', '4');
INSERT INTO "QueryTableAccess" ("queryId", "tableId")
    VALUES ('1482', '1');
SELECT 'Publishers.publisher_name', 'Orders.customer_id' FROM Publishers RIGHT OUTER JOIN Orders ON 'Publishers.publisher_name' = 'Orders.customer_id';
INSERT INTO "SqlQuery" ("queryId", "userId", "issuedAt", "finishedAt", "hasError", "errorMessage", "statement", "projectId", "queryTypeId")
    VALUES ('1483', '12', '2023-06-02 22:07:11.411192', '2023-06-02 22:07:12.411192', 'False', 'None', 'SELECT Publishers.publisher_name, Orders.customer_id FROM Publishers RIGHT OUTER JOIN Orders ON Publishers.publisher_name = Orders.customer_id;', '3', '1');
INSERT INTO "QueryColumnAccess" ("queryId", "columnId")
    VALUES ('1483', '2');
INSERT INTO "QueryColumnAccess" ("queryId", "columnId")
    VALUES ('1483', '2');
INSERT INTO "QueryTableAccess" ("queryId", "tableId")
    VALUES ('1483', '3');
INSERT INTO "QueryTableAccess" ("queryId", "tableId")
    VALUES ('1483', '5');
SELECT 'Orders.order_date', 'Customers.customer_id' FROM Orders NATURAL JOIN Customers ON 'Orders.order_date' = 'Customers.customer_id';
INSERT INTO "SqlQuery" ("queryId", "userId", "issuedAt", "finishedAt", "hasError", "errorMessage", "statement", "projectId", "queryTypeId")
    VALUES ('1484', '13', '2023-05-22 22:07:11.411201', '2023-05-22 22:07:14.411201', 'False', 'None', 'SELECT Orders.order_date, Customers.customer_id FROM Orders NATURAL JOIN Customers ON Orders.order_date = Customers.customer_id;', '3', '1');
INSERT INTO "QueryColumnAccess" ("queryId", "columnId")
    VALUES ('1484', '3');
INSERT INTO "QueryColumnAccess" ("queryId", "columnId")
    VALUES ('1484', '1');
INSERT INTO "QueryTableAccess" ("queryId", "tableId")
    VALUES ('1484', '5');
INSERT INTO "QueryTableAccess" ("queryId", "tableId")
    VALUES ('1484', '4');
SELECT 'Books.title', 'Publishers.website' FROM Books LEFT OUTER JOIN Publishers ON 'Books.title' = 'Publishers.website';
INSERT INTO "SqlQuery" ("queryId", "userId", "issuedAt", "finishedAt", "hasError", "errorMessage", "statement", "projectId", "queryTypeId")
    VALUES ('1485', '7', '2023-04-14 22:07:11.411210', '2023-04-14 22:07:14.411210', 'False', 'None', 'SELECT Books.title, Publishers.website FROM Books LEFT OUTER JOIN Publishers ON Books.title = Publishers.website;', '3', '1');
INSERT INTO "QueryColumnAccess" ("queryId", "columnId")
    VALUES ('1485', '2');
INSERT INTO "QueryColumnAccess" ("queryId", "columnId")
    VALUES ('1485', '5');
INSERT INTO "QueryTableAccess" ("queryId", "tableId")
    VALUES ('1485', '1');
INSERT INTO "QueryTableAccess" ("queryId", "tableId")
    VALUES ('1485', '3');
SELECT 'Customers.state', 'Authors.first_name' FROM Customers RIGHT OUTER JOIN Authors ON 'Customers.state' = 'Authors.first_name';
INSERT INTO "SqlQuery" ("queryId", "userId", "issuedAt", "finishedAt", "hasError", "errorMessage", "statement", "projectId", "queryTypeId")
    VALUES ('1486', '6', '2023-06-27 22:07:11.411218', '2023-06-27 22:07:15.411218', 'False', 'None', 'SELECT Customers.state, Authors.first_name FROM Customers RIGHT OUTER JOIN Authors ON Customers.state = Authors.first_name;', '3', '1');
INSERT INTO "QueryColumnAccess" ("queryId", "columnId")
    VALUES ('1486', '8');
INSERT INTO "QueryColumnAccess" ("queryId", "columnId")
    VALUES ('1486', '2');
INSERT INTO "QueryTableAccess" ("queryId", "tableId")
    VALUES ('1486', '4');
INSERT INTO "QueryTableAccess" ("queryId", "tableId")
    VALUES ('1486', '2');
SELECT 'Publishers.website', 'Authors.country' FROM Publishers RIGHT OUTER JOIN Authors ON 'Publishers.website' = 'Authors.country';
INSERT INTO "SqlQuery" ("queryId", "userId", "issuedAt", "finishedAt", "hasError", "errorMessage", "statement", "projectId", "queryTypeId")
    VALUES ('1487', '15', '2023-06-02 22:07:11.411228', '2023-06-02 22:07:12.411228', 'False', 'None', 'SELECT Publishers.website, Authors.country FROM Publishers RIGHT OUTER JOIN Authors ON Publishers.website = Authors.country;', '3', '1');
INSERT INTO "QueryColumnAccess" ("queryId", "columnId")
    VALUES ('1487', '5');
INSERT INTO "QueryColumnAccess" ("queryId", "columnId")
    VALUES ('1487', '5');
INSERT INTO "QueryTableAccess" ("queryId", "tableId")
    VALUES ('1487', '3');
INSERT INTO "QueryTableAccess" ("queryId", "tableId")
    VALUES ('1487', '2');
SELECT 'Books.category_id', 'Customers.zip_code' FROM Books LEFT OUTER JOIN Customers ON 'Books.category_id' = 'Customers.zip_code';
INSERT INTO "SqlQuery" ("queryId", "userId", "issuedAt", "finishedAt", "hasError", "errorMessage", "statement", "projectId", "queryTypeId")
    VALUES ('1488', '5', '2023-06-20 22:07:11.411243', '2023-06-20 22:07:15.411243', 'False', 'None', 'SELECT Books.category_id, Customers.zip_code FROM Books LEFT OUTER JOIN Customers ON Books.category_id = Customers.zip_code;', '3', '1');
INSERT INTO "QueryColumnAccess" ("queryId", "columnId")
    VALUES ('1488', '7');
INSERT INTO "QueryColumnAccess" ("queryId", "columnId")
    VALUES ('1488', '9');
INSERT INTO "QueryTableAccess" ("queryId", "tableId")
    VALUES ('1488', '1');
INSERT INTO "QueryTableAccess" ("queryId", "tableId")
    VALUES ('1488', '4');
SELECT 'Authors.first_name', 'Customers.customer_id' FROM Authors NATURAL JOIN Customers ON 'Authors.first_name' = 'Customers.customer_id';
INSERT INTO "SqlQuery" ("queryId", "userId", "issuedAt", "finishedAt", "hasError", "errorMessage", "statement", "projectId", "queryTypeId")
    VALUES ('1489', '14', '2023-07-03 22:07:11.411252', '2023-07-03 22:07:12.411252', 'False', 'None', 'SELECT Authors.first_name, Customers.customer_id FROM Authors NATURAL JOIN Customers ON Authors.first_name = Customers.customer_id;', '3', '1');
INSERT INTO "QueryColumnAccess" ("queryId", "columnId")
    VALUES ('1489', '2');
INSERT INTO "QueryColumnAccess" ("queryId", "columnId")
    VALUES ('1489', '1');
INSERT INTO "QueryTableAccess" ("queryId", "tableId")
    VALUES ('1489', '2');
INSERT INTO "QueryTableAccess" ("queryId", "tableId")
    VALUES ('1489', '4');
SELECT 'Books.publication_date', 'Publishers.country' FROM Books NATURAL JOIN Publishers ON 'Books.publication_date' = 'Publishers.country';
INSERT INTO "SqlQuery" ("queryId", "userId", "issuedAt", "finishedAt", "hasError", "errorMessage", "statement", "projectId", "queryTypeId")
    VALUES ('1490', '10', '2023-07-01 22:07:11.411261', '2023-07-01 22:07:13.411261', 'False', 'None', 'SELECT Books.publication_date, Publishers.country FROM Books NATURAL JOIN Publishers ON Books.publication_date = Publishers.country;', '3', '1');
INSERT INTO "QueryColumnAccess" ("queryId", "columnId")
    VALUES ('1490', '4');
INSERT INTO "QueryColumnAccess" ("queryId", "columnId")
    VALUES ('1490', '4');
INSERT INTO "QueryTableAccess" ("queryId", "tableId")
    VALUES ('1490', '1');
INSERT INTO "QueryTableAccess" ("queryId", "tableId")
    VALUES ('1490', '3');
SELECT 'Publishers.publisher_name', 'Orders.shipping_address' FROM Publishers RIGHT OUTER JOIN Orders ON 'Publishers.publisher_name' = 'Orders.shipping_address';
INSERT INTO "SqlQuery" ("queryId", "userId", "issuedAt", "finishedAt", "hasError", "errorMessage", "statement", "projectId", "queryTypeId")
    VALUES ('1491', '4', '2023-04-22 22:07:11.411269', '2023-04-22 22:07:12.411269', 'False', 'None', 'SELECT Publishers.publisher_name, Orders.shipping_address FROM Publishers RIGHT OUTER JOIN Orders ON Publishers.publisher_name = Orders.shipping_address;', '3', '1');
INSERT INTO "QueryColumnAccess" ("queryId", "columnId")
    VALUES ('1491', '2');
INSERT INTO "QueryColumnAccess" ("queryId", "columnId")
    VALUES ('1491', '6');
INSERT INTO "QueryTableAccess" ("queryId", "tableId")
    VALUES ('1491', '3');
INSERT INTO "QueryTableAccess" ("queryId", "tableId")
    VALUES ('1491', '5');
SELECT 'Publishers.publisher_name', 'Orders.shipping_country' FROM Publishers NATURAL JOIN Orders ON 'Publishers.publisher_name' = 'Orders.shipping_country';
INSERT INTO "SqlQuery" ("queryId", "userId", "issuedAt", "finishedAt", "hasError", "errorMessage", "statement", "projectId", "queryTypeId")
    VALUES ('1492', '11', '2023-06-01 22:07:11.411279', '2023-06-01 22:07:14.411279', 'False', 'None', 'SELECT Publishers.publisher_name, Orders.shipping_country FROM Publishers NATURAL JOIN Orders ON Publishers.publisher_name = Orders.shipping_country;', '3', '1');
INSERT INTO "QueryColumnAccess" ("queryId", "columnId")
    VALUES ('1492', '2');
INSERT INTO "QueryColumnAccess" ("queryId", "columnId")
    VALUES ('1492', '10');
INSERT INTO "QueryTableAccess" ("queryId", "tableId")
    VALUES ('1492', '3');
INSERT INTO "QueryTableAccess" ("queryId", "tableId")
    VALUES ('1492', '5');
SELECT 'Publishers.publisher_name', 'Customers.city' FROM Publishers RIGHT OUTER JOIN Customers ON 'Publishers.publisher_name' = 'Customers.city';
INSERT INTO "SqlQuery" ("queryId", "userId", "issuedAt", "finishedAt", "hasError", "errorMessage", "statement", "projectId", "queryTypeId")
    VALUES ('1493', '13', '2023-04-29 22:07:11.411288', '2023-04-29 22:07:12.411288', 'False', 'None', 'SELECT Publishers.publisher_name, Customers.city FROM Publishers RIGHT OUTER JOIN Customers ON Publishers.publisher_name = Customers.city;', '3', '1');
INSERT INTO "QueryColumnAccess" ("queryId", "columnId")
    VALUES ('1493', '2');
INSERT INTO "QueryColumnAccess" ("queryId", "columnId")
    VALUES ('1493', '7');
INSERT INTO "QueryTableAccess" ("queryId", "tableId")
    VALUES ('1493', '3');
INSERT INTO "QueryTableAccess" ("queryId", "tableId")
    VALUES ('1493', '4');
SELECT 'Customers.phone_number', 'Orders.shipping_zip_code' FROM Customers RIGHT OUTER JOIN Orders ON 'Customers.phone_number' = 'Orders.shipping_zip_code';
INSERT INTO "SqlQuery" ("queryId", "userId", "issuedAt", "finishedAt", "hasError", "errorMessage", "statement", "projectId", "queryTypeId")
    VALUES ('1494', '12', '2023-06-25 22:07:11.411297', '2023-06-25 22:07:13.411297', 'False', 'None', 'SELECT Customers.phone_number, Orders.shipping_zip_code FROM Customers RIGHT OUTER JOIN Orders ON Customers.phone_number = Orders.shipping_zip_code;', '3', '1');
INSERT INTO "QueryColumnAccess" ("queryId", "columnId")
    VALUES ('1494', '5');
INSERT INTO "QueryColumnAccess" ("queryId", "columnId")
    VALUES ('1494', '9');
INSERT INTO "QueryTableAccess" ("queryId", "tableId")
    VALUES ('1494', '4');
INSERT INTO "QueryTableAccess" ("queryId", "tableId")
    VALUES ('1494', '5');
SELECT 'Publishers.country', 'Orders.shipping_city' FROM Publishers NATURAL JOIN Orders ON 'Publishers.country' = 'Orders.shipping_city';
INSERT INTO "SqlQuery" ("queryId", "userId", "issuedAt", "finishedAt", "hasError", "errorMessage", "statement", "projectId", "queryTypeId")
    VALUES ('1495', '11', '2023-05-09 22:07:11.411309', '2023-05-09 22:07:14.411309', 'False', 'None', 'SELECT Publishers.country, Orders.shipping_city FROM Publishers NATURAL JOIN Orders ON Publishers.country = Orders.shipping_city;', '3', '1');
INSERT INTO "QueryColumnAccess" ("queryId", "columnId")
    VALUES ('1495', '4');
INSERT INTO "QueryColumnAccess" ("queryId", "columnId")
    VALUES ('1495', '7');
INSERT INTO "QueryTableAccess" ("queryId", "tableId")
    VALUES ('1495', '3');
INSERT INTO "QueryTableAccess" ("queryId", "tableId")
    VALUES ('1495', '5');
SELECT 'Customers.customer_id', 'Publishers.website' FROM Customers RIGHT OUTER JOIN Publishers ON 'Customers.customer_id' = 'Publishers.website';
INSERT INTO "SqlQuery" ("queryId", "userId", "issuedAt", "finishedAt", "hasError", "errorMessage", "statement", "projectId", "queryTypeId")
    VALUES ('1496', '5', '2023-04-24 22:07:11.411318', '2023-04-24 22:07:15.411318', 'False', 'None', 'SELECT Customers.customer_id, Publishers.website FROM Customers RIGHT OUTER JOIN Publishers ON Customers.customer_id = Publishers.website;', '3', '1');
INSERT INTO "QueryColumnAccess" ("queryId", "columnId")
    VALUES ('1496', '1');
INSERT INTO "QueryColumnAccess" ("queryId", "columnId")
    VALUES ('1496', '5');
INSERT INTO "QueryTableAccess" ("queryId", "tableId")
    VALUES ('1496', '4');
INSERT INTO "QueryTableAccess" ("queryId", "tableId")
    VALUES ('1496', '3');
SELECT 'Publishers.website', 'Books.publisher' FROM Publishers RIGHT OUTER JOIN Books ON 'Publishers.website' = 'Books.publisher';
INSERT INTO "SqlQuery" ("queryId", "userId", "issuedAt", "finishedAt", "hasError", "errorMessage", "statement", "projectId", "queryTypeId")
    VALUES ('1497', '5', '2023-06-26 22:07:11.411327', '2023-06-26 22:07:13.411327', 'False', 'None', 'SELECT Publishers.website, Books.publisher FROM Publishers RIGHT OUTER JOIN Books ON Publishers.website = Books.publisher;', '3', '1');
INSERT INTO "QueryColumnAccess" ("queryId", "columnId")
    VALUES ('1497', '5');
INSERT INTO "QueryColumnAccess" ("queryId", "columnId")
    VALUES ('1497', '5');
INSERT INTO "QueryTableAccess" ("queryId", "tableId")
    VALUES ('1497', '3');
INSERT INTO "QueryTableAccess" ("queryId", "tableId")
    VALUES ('1497', '1');
SELECT 'Publishers.publisher_id', 'Books.title' FROM Publishers RIGHT OUTER JOIN Books ON 'Publishers.publisher_id' = 'Books.title';
INSERT INTO "SqlQuery" ("queryId", "userId", "issuedAt", "finishedAt", "hasError", "errorMessage", "statement", "projectId", "queryTypeId")
    VALUES ('1498', '11', '2023-06-24 22:07:11.411340', '2023-06-24 22:07:12.411340', 'False', 'None', 'SELECT Publishers.publisher_id, Books.title FROM Publishers RIGHT OUTER JOIN Books ON Publishers.publisher_id = Books.title;', '3', '1');
INSERT INTO "QueryColumnAccess" ("queryId", "columnId")
    VALUES ('1498', '1');
INSERT INTO "QueryColumnAccess" ("queryId", "columnId")
    VALUES ('1498', '2');
INSERT INTO "QueryTableAccess" ("queryId", "tableId")
    VALUES ('1498', '3');
INSERT INTO "QueryTableAccess" ("queryId", "tableId")
    VALUES ('1498', '1');
SELECT 'Customers.state', 'Publishers.publisher_id' FROM Customers RIGHT OUTER JOIN Publishers ON 'Customers.state' = 'Publishers.publisher_id';
INSERT INTO "SqlQuery" ("queryId", "userId", "issuedAt", "finishedAt", "hasError", "errorMessage", "statement", "projectId", "queryTypeId")
    VALUES ('1499', '4', '2023-06-28 22:07:11.411348', '2023-06-28 22:07:14.411348', 'False', 'None', 'SELECT Customers.state, Publishers.publisher_id FROM Customers RIGHT OUTER JOIN Publishers ON Customers.state = Publishers.publisher_id;', '3', '1');
INSERT INTO "QueryColumnAccess" ("queryId", "columnId")
    VALUES ('1499', '8');
INSERT INTO "QueryColumnAccess" ("queryId", "columnId")
    VALUES ('1499', '1');
INSERT INTO "QueryTableAccess" ("queryId", "tableId")
    VALUES ('1499', '4');
INSERT INTO "QueryTableAccess" ("queryId", "tableId")
    VALUES ('1499', '3');
SELECT 'Publishers.country', 'Customers.last_name' FROM Publishers LEFT OUTER JOIN Customers ON 'Publishers.country' = 'Customers.last_name';
INSERT INTO "SqlQuery" ("queryId", "userId", "issuedAt", "finishedAt", "hasError", "errorMessage", "statement", "projectId", "queryTypeId")
    VALUES ('1500', '15', '2023-05-27 22:07:11.411357', '2023-05-27 22:07:12.411357', 'False', 'None', 'SELECT Publishers.country, Customers.last_name FROM Publishers LEFT OUTER JOIN Customers ON Publishers.country = Customers.last_name;', '3', '1');
INSERT INTO "QueryColumnAccess" ("queryId", "columnId")
    VALUES ('1500', '4');
INSERT INTO "QueryColumnAccess" ("queryId", "columnId")
    VALUES ('1500', '3');
INSERT INTO "QueryTableAccess" ("queryId", "tableId")
    VALUES ('1500', '3');
INSERT INTO "QueryTableAccess" ("queryId", "tableId")
    VALUES ('1500', '4');
SELECT 'Publishers.publisher_id', 'Orders.shipping_address' FROM Publishers LEFT OUTER JOIN Orders ON 'Publishers.publisher_id' = 'Orders.shipping_address';
INSERT INTO "SqlQuery" ("queryId", "userId", "issuedAt", "finishedAt", "hasError", "errorMessage", "statement", "projectId", "queryTypeId")
    VALUES ('1501', '15', '2023-06-22 22:07:11.411366', '2023-06-22 22:07:12.411366', 'False', 'None', 'SELECT Publishers.publisher_id, Orders.shipping_address FROM Publishers LEFT OUTER JOIN Orders ON Publishers.publisher_id = Orders.shipping_address;', '3', '1');
INSERT INTO "QueryColumnAccess" ("queryId", "columnId")
    VALUES ('1501', '1');
INSERT INTO "QueryColumnAccess" ("queryId", "columnId")
    VALUES ('1501', '6');
INSERT INTO "QueryTableAccess" ("queryId", "tableId")
    VALUES ('1501', '3');
INSERT INTO "QueryTableAccess" ("queryId", "tableId")
    VALUES ('1501', '5');
SELECT 'Customers.first_name', 'Authors.last_name' FROM Customers RIGHT OUTER JOIN Authors ON 'Customers.first_name' = 'Authors.last_name';
INSERT INTO "SqlQuery" ("queryId", "userId", "issuedAt", "finishedAt", "hasError", "errorMessage", "statement", "projectId", "queryTypeId")
    VALUES ('1502', '2', '2023-05-31 22:07:11.411375', '2023-05-31 22:07:15.411375', 'False', 'None', 'SELECT Customers.first_name, Authors.last_name FROM Customers RIGHT OUTER JOIN Authors ON Customers.first_name = Authors.last_name;', '3', '1');
INSERT INTO "QueryColumnAccess" ("queryId", "columnId")
    VALUES ('1502', '2');
INSERT INTO "QueryColumnAccess" ("queryId", "columnId")
    VALUES ('1502', '3');
INSERT INTO "QueryTableAccess" ("queryId", "tableId")
    VALUES ('1502', '4');
INSERT INTO "QueryTableAccess" ("queryId", "tableId")
    VALUES ('1502', '2');
SELECT 'Books.publication_date', 'Authors.country' FROM Books NATURAL JOIN Authors ON 'Books.publication_date' = 'Authors.country';
INSERT INTO "SqlQuery" ("queryId", "userId", "issuedAt", "finishedAt", "hasError", "errorMessage", "statement", "projectId", "queryTypeId")
    VALUES ('1503', '12', '2023-05-25 22:07:11.411384', '2023-05-25 22:07:14.411384', 'False', 'None', 'SELECT Books.publication_date, Authors.country FROM Books NATURAL JOIN Authors ON Books.publication_date = Authors.country;', '3', '1');
INSERT INTO "QueryColumnAccess" ("queryId", "columnId")
    VALUES ('1503', '4');
INSERT INTO "QueryColumnAccess" ("queryId", "columnId")
    VALUES ('1503', '5');
INSERT INTO "QueryTableAccess" ("queryId", "tableId")
    VALUES ('1503', '1');
INSERT INTO "QueryTableAccess" ("queryId", "tableId")
    VALUES ('1503', '2');
SELECT 'Customers.address', 'Authors.first_name' FROM Customers LEFT OUTER JOIN Authors ON 'Customers.address' = 'Authors.first_name';
INSERT INTO "SqlQuery" ("queryId", "userId", "issuedAt", "finishedAt", "hasError", "errorMessage", "statement", "projectId", "queryTypeId")
    VALUES ('1504', '7', '2023-05-10 22:07:11.411393', '2023-05-10 22:07:15.411393', 'False', 'None', 'SELECT Customers.address, Authors.first_name FROM Customers LEFT OUTER JOIN Authors ON Customers.address = Authors.first_name;', '3', '1');
INSERT INTO "QueryColumnAccess" ("queryId", "columnId")
    VALUES ('1504', '6');
INSERT INTO "QueryColumnAccess" ("queryId", "columnId")
    VALUES ('1504', '2');
INSERT INTO "QueryTableAccess" ("queryId", "tableId")
    VALUES ('1504', '4');
INSERT INTO "QueryTableAccess" ("queryId", "tableId")
    VALUES ('1504', '2');
SELECT 'Publishers.established_date', 'Books.book_id' FROM Publishers LEFT OUTER JOIN Books ON 'Publishers.established_date' = 'Books.book_id';
INSERT INTO "SqlQuery" ("queryId", "userId", "issuedAt", "finishedAt", "hasError", "errorMessage", "statement", "projectId", "queryTypeId")
    VALUES ('1505', '7', '2023-05-14 22:07:11.411401', '2023-05-14 22:07:14.411401', 'False', 'None', 'SELECT Publishers.established_date, Books.book_id FROM Publishers LEFT OUTER JOIN Books ON Publishers.established_date = Books.book_id;', '3', '1');
INSERT INTO "QueryColumnAccess" ("queryId", "columnId")
    VALUES ('1505', '3');
INSERT INTO "QueryColumnAccess" ("queryId", "columnId")
    VALUES ('1505', '1');
INSERT INTO "QueryTableAccess" ("queryId", "tableId")
    VALUES ('1505', '3');
INSERT INTO "QueryTableAccess" ("queryId", "tableId")
    VALUES ('1505', '1');
SELECT 'Customers.state', 'Authors.country' FROM Customers NATURAL JOIN Authors ON 'Customers.state' = 'Authors.country';
INSERT INTO "SqlQuery" ("queryId", "userId", "issuedAt", "finishedAt", "hasError", "errorMessage", "statement", "projectId", "queryTypeId")
    VALUES ('1506', '3', '2023-04-29 22:07:11.411410', '2023-04-29 22:07:12.411410', 'False', 'None', 'SELECT Customers.state, Authors.country FROM Customers NATURAL JOIN Authors ON Customers.state = Authors.country;', '3', '1');
INSERT INTO "QueryColumnAccess" ("queryId", "columnId")
    VALUES ('1506', '8');
INSERT INTO "QueryColumnAccess" ("queryId", "columnId")
    VALUES ('1506', '5');
INSERT INTO "QueryTableAccess" ("queryId", "tableId")
    VALUES ('1506', '4');
INSERT INTO "QueryTableAccess" ("queryId", "tableId")
    VALUES ('1506', '2');
SELECT 'Authors.birth_date', 'Publishers.established_date' FROM Authors NATURAL JOIN Publishers ON 'Authors.birth_date' = 'Publishers.established_date';
INSERT INTO "SqlQuery" ("queryId", "userId", "issuedAt", "finishedAt", "hasError", "errorMessage", "statement", "projectId", "queryTypeId")
    VALUES ('1507', '12', '2023-06-08 22:07:11.411422', '2023-06-08 22:07:14.411422', 'False', 'None', 'SELECT Authors.birth_date, Publishers.established_date FROM Authors NATURAL JOIN Publishers ON Authors.birth_date = Publishers.established_date;', '3', '1');
INSERT INTO "QueryColumnAccess" ("queryId", "columnId")
    VALUES ('1507', '4');
INSERT INTO "QueryColumnAccess" ("queryId", "columnId")
    VALUES ('1507', '3');
INSERT INTO "QueryTableAccess" ("queryId", "tableId")
    VALUES ('1507', '2');
INSERT INTO "QueryTableAccess" ("queryId", "tableId")
    VALUES ('1507', '3');
SELECT 'Orders.order_date', 'Publishers.country' FROM Orders NATURAL JOIN Publishers ON 'Orders.order_date' = 'Publishers.country';
INSERT INTO "SqlQuery" ("queryId", "userId", "issuedAt", "finishedAt", "hasError", "errorMessage", "statement", "projectId", "queryTypeId")
    VALUES ('1508', '12', '2023-05-04 22:07:11.411430', '2023-05-04 22:07:15.411430', 'False', 'None', 'SELECT Orders.order_date, Publishers.country FROM Orders NATURAL JOIN Publishers ON Orders.order_date = Publishers.country;', '3', '1');
INSERT INTO "QueryColumnAccess" ("queryId", "columnId")
    VALUES ('1508', '3');
INSERT INTO "QueryColumnAccess" ("queryId", "columnId")
    VALUES ('1508', '4');
INSERT INTO "QueryTableAccess" ("queryId", "tableId")
    VALUES ('1508', '5');
INSERT INTO "QueryTableAccess" ("queryId", "tableId")
    VALUES ('1508', '3');
SELECT 'Books.publication_date', 'Customers.city' FROM Books RIGHT OUTER JOIN Customers ON 'Books.publication_date' = 'Customers.city';
INSERT INTO "SqlQuery" ("queryId", "userId", "issuedAt", "finishedAt", "hasError", "errorMessage", "statement", "projectId", "queryTypeId")
    VALUES ('1509', '3', '2023-05-07 22:07:11.411439', '2023-05-07 22:07:14.411439', 'False', 'None', 'SELECT Books.publication_date, Customers.city FROM Books RIGHT OUTER JOIN Customers ON Books.publication_date = Customers.city;', '3', '1');
INSERT INTO "QueryColumnAccess" ("queryId", "columnId")
    VALUES ('1509', '4');
INSERT INTO "QueryColumnAccess" ("queryId", "columnId")
    VALUES ('1509', '7');
INSERT INTO "QueryTableAccess" ("queryId", "tableId")
    VALUES ('1509', '1');
INSERT INTO "QueryTableAccess" ("queryId", "tableId")
    VALUES ('1509', '4');
SELECT 'Publishers.publisher_id', 'Customers.address' FROM Publishers LEFT OUTER JOIN Customers ON 'Publishers.publisher_id' = 'Customers.address';
INSERT INTO "SqlQuery" ("queryId", "userId", "issuedAt", "finishedAt", "hasError", "errorMessage", "statement", "projectId", "queryTypeId")
    VALUES ('1510', '10', '2023-06-06 22:07:11.411448', '2023-06-06 22:07:12.411448', 'False', 'None', 'SELECT Publishers.publisher_id, Customers.address FROM Publishers LEFT OUTER JOIN Customers ON Publishers.publisher_id = Customers.address;', '3', '1');
INSERT INTO "QueryColumnAccess" ("queryId", "columnId")
    VALUES ('1510', '1');
INSERT INTO "QueryColumnAccess" ("queryId", "columnId")
    VALUES ('1510', '6');
INSERT INTO "QueryTableAccess" ("queryId", "tableId")
    VALUES ('1510', '3');
INSERT INTO "QueryTableAccess" ("queryId", "tableId")
    VALUES ('1510', '4');
SELECT 'Customers.last_name', 'Orders.total_amount' FROM Customers LEFT OUTER JOIN Orders ON 'Customers.last_name' = 'Orders.total_amount';
INSERT INTO "SqlQuery" ("queryId", "userId", "issuedAt", "finishedAt", "hasError", "errorMessage", "statement", "projectId", "queryTypeId")
    VALUES ('1511', '7', '2023-06-02 22:07:11.411456', '2023-06-02 22:07:13.411456', 'False', 'None', 'SELECT Customers.last_name, Orders.total_amount FROM Customers LEFT OUTER JOIN Orders ON Customers.last_name = Orders.total_amount;', '3', '1');
INSERT INTO "QueryColumnAccess" ("queryId", "columnId")
    VALUES ('1511', '3');
INSERT INTO "QueryColumnAccess" ("queryId", "columnId")
    VALUES ('1511', '4');
INSERT INTO "QueryTableAccess" ("queryId", "tableId")
    VALUES ('1511', '4');
INSERT INTO "QueryTableAccess" ("queryId", "tableId")
    VALUES ('1511', '5');
SELECT 'Customers.customer_id', 'Publishers.website' FROM Customers NATURAL JOIN Publishers ON 'Customers.customer_id' = 'Publishers.website';
INSERT INTO "SqlQuery" ("queryId", "userId", "issuedAt", "finishedAt", "hasError", "errorMessage", "statement", "projectId", "queryTypeId")
    VALUES ('1512', '14', '2023-07-10 22:07:11.411465', '2023-07-10 22:07:15.411465', 'False', 'None', 'SELECT Customers.customer_id, Publishers.website FROM Customers NATURAL JOIN Publishers ON Customers.customer_id = Publishers.website;', '3', '1');
INSERT INTO "QueryColumnAccess" ("queryId", "columnId")
    VALUES ('1512', '1');
INSERT INTO "QueryColumnAccess" ("queryId", "columnId")
    VALUES ('1512', '5');
INSERT INTO "QueryTableAccess" ("queryId", "tableId")
    VALUES ('1512', '4');
INSERT INTO "QueryTableAccess" ("queryId", "tableId")
    VALUES ('1512', '3');
SELECT 'Publishers.country', 'Authors.birth_date' FROM Publishers RIGHT OUTER JOIN Authors ON 'Publishers.country' = 'Authors.birth_date';
INSERT INTO "SqlQuery" ("queryId", "userId", "issuedAt", "finishedAt", "hasError", "errorMessage", "statement", "projectId", "queryTypeId")
    VALUES ('1513', '5', '2023-05-23 22:07:11.411474', '2023-05-23 22:07:12.411474', 'False', 'None', 'SELECT Publishers.country, Authors.birth_date FROM Publishers RIGHT OUTER JOIN Authors ON Publishers.country = Authors.birth_date;', '3', '1');
INSERT INTO "QueryColumnAccess" ("queryId", "columnId")
    VALUES ('1513', '4');
INSERT INTO "QueryColumnAccess" ("queryId", "columnId")
    VALUES ('1513', '4');
INSERT INTO "QueryTableAccess" ("queryId", "tableId")
    VALUES ('1513', '3');
INSERT INTO "QueryTableAccess" ("queryId", "tableId")
    VALUES ('1513', '2');
SELECT 'Orders.order_id', 'Authors.country' FROM Orders RIGHT OUTER JOIN Authors ON 'Orders.order_id' = 'Authors.country';
INSERT INTO "SqlQuery" ("queryId", "userId", "issuedAt", "finishedAt", "hasError", "errorMessage", "statement", "projectId", "queryTypeId")
    VALUES ('1514', '4', '2023-05-16 22:07:11.411483', '2023-05-16 22:07:15.411483', 'False', 'None', 'SELECT Orders.order_id, Authors.country FROM Orders RIGHT OUTER JOIN Authors ON Orders.order_id = Authors.country;', '3', '1');
INSERT INTO "QueryColumnAccess" ("queryId", "columnId")
    VALUES ('1514', '1');
INSERT INTO "QueryColumnAccess" ("queryId", "columnId")
    VALUES ('1514', '5');
INSERT INTO "QueryTableAccess" ("queryId", "tableId")
    VALUES ('1514', '5');
INSERT INTO "QueryTableAccess" ("queryId", "tableId")
    VALUES ('1514', '2');
SELECT 'Authors.last_name', 'Orders.total_amount' FROM Authors RIGHT OUTER JOIN Orders ON 'Authors.last_name' = 'Orders.total_amount';
INSERT INTO "SqlQuery" ("queryId", "userId", "issuedAt", "finishedAt", "hasError", "errorMessage", "statement", "projectId", "queryTypeId")
    VALUES ('1515', '10', '2023-06-20 22:07:11.411491', '2023-06-20 22:07:15.411491', 'False', 'None', 'SELECT Authors.last_name, Orders.total_amount FROM Authors RIGHT OUTER JOIN Orders ON Authors.last_name = Orders.total_amount;', '3', '1');
INSERT INTO "QueryColumnAccess" ("queryId", "columnId")
    VALUES ('1515', '3');
INSERT INTO "QueryColumnAccess" ("queryId", "columnId")
    VALUES ('1515', '4');
INSERT INTO "QueryTableAccess" ("queryId", "tableId")
    VALUES ('1515', '2');
INSERT INTO "QueryTableAccess" ("queryId", "tableId")
    VALUES ('1515', '5');
SELECT 'Books.title', 'Orders.shipping_state' FROM Books LEFT OUTER JOIN Orders ON 'Books.title' = 'Orders.shipping_state';
INSERT INTO "SqlQuery" ("queryId", "userId", "issuedAt", "finishedAt", "hasError", "errorMessage", "statement", "projectId", "queryTypeId")
    VALUES ('1516', '8', '2023-05-22 22:07:11.411500', '2023-05-22 22:07:15.411500', 'False', 'None', 'SELECT Books.title, Orders.shipping_state FROM Books LEFT OUTER JOIN Orders ON Books.title = Orders.shipping_state;', '3', '1');
INSERT INTO "QueryColumnAccess" ("queryId", "columnId")
    VALUES ('1516', '2');
INSERT INTO "QueryColumnAccess" ("queryId", "columnId")
    VALUES ('1516', '8');
INSERT INTO "QueryTableAccess" ("queryId", "tableId")
    VALUES ('1516', '1');
INSERT INTO "QueryTableAccess" ("queryId", "tableId")
    VALUES ('1516', '5');
SELECT 'Publishers.established_date', 'Customers.address' FROM Publishers RIGHT OUTER JOIN Customers ON 'Publishers.established_date' = 'Customers.address';
INSERT INTO "SqlQuery" ("queryId", "userId", "issuedAt", "finishedAt", "hasError", "errorMessage", "statement", "projectId", "queryTypeId")
    VALUES ('1517', '4', '2023-05-10 22:07:11.411513', '2023-05-10 22:07:15.411513', 'False', 'None', 'SELECT Publishers.established_date, Customers.address FROM Publishers RIGHT OUTER JOIN Customers ON Publishers.established_date = Customers.address;', '3', '1');
INSERT INTO "QueryColumnAccess" ("queryId", "columnId")
    VALUES ('1517', '3');
INSERT INTO "QueryColumnAccess" ("queryId", "columnId")
    VALUES ('1517', '6');
INSERT INTO "QueryTableAccess" ("queryId", "tableId")
    VALUES ('1517', '3');
INSERT INTO "QueryTableAccess" ("queryId", "tableId")
    VALUES ('1517', '4');
SELECT 'Authors.birth_date', 'Books.category_id' FROM Authors RIGHT OUTER JOIN Books ON 'Authors.birth_date' = 'Books.category_id';
INSERT INTO "SqlQuery" ("queryId", "userId", "issuedAt", "finishedAt", "hasError", "errorMessage", "statement", "projectId", "queryTypeId")
    VALUES ('1518', '5', '2023-05-19 22:07:11.411522', '2023-05-19 22:07:13.411522', 'False', 'None', 'SELECT Authors.birth_date, Books.category_id FROM Authors RIGHT OUTER JOIN Books ON Authors.birth_date = Books.category_id;', '3', '1');
INSERT INTO "QueryColumnAccess" ("queryId", "columnId")
    VALUES ('1518', '4');
INSERT INTO "QueryColumnAccess" ("queryId", "columnId")
    VALUES ('1518', '7');
INSERT INTO "QueryTableAccess" ("queryId", "tableId")
    VALUES ('1518', '2');
INSERT INTO "QueryTableAccess" ("queryId", "tableId")
    VALUES ('1518', '1');
SELECT 'Publishers.publisher_name', 'Authors.first_name' FROM Publishers LEFT OUTER JOIN Authors ON 'Publishers.publisher_name' = 'Authors.first_name';
INSERT INTO "SqlQuery" ("queryId", "userId", "issuedAt", "finishedAt", "hasError", "errorMessage", "statement", "projectId", "queryTypeId")
    VALUES ('1519', '14', '2023-04-15 22:07:11.411531', '2023-04-15 22:07:14.411531', 'False', 'None', 'SELECT Publishers.publisher_name, Authors.first_name FROM Publishers LEFT OUTER JOIN Authors ON Publishers.publisher_name = Authors.first_name;', '3', '1');
INSERT INTO "QueryColumnAccess" ("queryId", "columnId")
    VALUES ('1519', '2');
INSERT INTO "QueryColumnAccess" ("queryId", "columnId")
    VALUES ('1519', '2');
INSERT INTO "QueryTableAccess" ("queryId", "tableId")
    VALUES ('1519', '3');
INSERT INTO "QueryTableAccess" ("queryId", "tableId")
    VALUES ('1519', '2');
SELECT 'Books.author', 'Orders.order_id' FROM Books RIGHT OUTER JOIN Orders ON 'Books.author' = 'Orders.order_id';
INSERT INTO "SqlQuery" ("queryId", "userId", "issuedAt", "finishedAt", "hasError", "errorMessage", "statement", "projectId", "queryTypeId")
    VALUES ('1520', '10', '2023-04-13 22:07:11.411539', '2023-04-13 22:07:15.411539', 'False', 'None', 'SELECT Books.author, Orders.order_id FROM Books RIGHT OUTER JOIN Orders ON Books.author = Orders.order_id;', '3', '1');
INSERT INTO "QueryColumnAccess" ("queryId", "columnId")
    VALUES ('1520', '3');
INSERT INTO "QueryColumnAccess" ("queryId", "columnId")
    VALUES ('1520', '1');
INSERT INTO "QueryTableAccess" ("queryId", "tableId")
    VALUES ('1520', '1');
INSERT INTO "QueryTableAccess" ("queryId", "tableId")
    VALUES ('1520', '5');
SELECT 'Authors.first_name', 'Customers.email' FROM Authors NATURAL JOIN Customers ON 'Authors.first_name' = 'Customers.email';
INSERT INTO "SqlQuery" ("queryId", "userId", "issuedAt", "finishedAt", "hasError", "errorMessage", "statement", "projectId", "queryTypeId")
    VALUES ('1521', '2', '2023-07-06 22:07:11.411554', '2023-07-06 22:07:12.411554', 'False', 'None', 'SELECT Authors.first_name, Customers.email FROM Authors NATURAL JOIN Customers ON Authors.first_name = Customers.email;', '3', '1');
INSERT INTO "QueryColumnAccess" ("queryId", "columnId")
    VALUES ('1521', '2');
INSERT INTO "QueryColumnAccess" ("queryId", "columnId")
    VALUES ('1521', '4');
INSERT INTO "QueryTableAccess" ("queryId", "tableId")
    VALUES ('1521', '2');
INSERT INTO "QueryTableAccess" ("queryId", "tableId")
    VALUES ('1521', '4');
SELECT 'Publishers.publisher_id', 'Books.title' FROM Publishers NATURAL JOIN Books ON 'Publishers.publisher_id' = 'Books.title';
INSERT INTO "SqlQuery" ("queryId", "userId", "issuedAt", "finishedAt", "hasError", "errorMessage", "statement", "projectId", "queryTypeId")
    VALUES ('1522', '2', '2023-06-02 22:07:11.411562', '2023-06-02 22:07:15.411562', 'False', 'None', 'SELECT Publishers.publisher_id, Books.title FROM Publishers NATURAL JOIN Books ON Publishers.publisher_id = Books.title;', '3', '1');
INSERT INTO "QueryColumnAccess" ("queryId", "columnId")
    VALUES ('1522', '1');
INSERT INTO "QueryColumnAccess" ("queryId", "columnId")
    VALUES ('1522', '2');
INSERT INTO "QueryTableAccess" ("queryId", "tableId")
    VALUES ('1522', '3');
INSERT INTO "QueryTableAccess" ("queryId", "tableId")
    VALUES ('1522', '1');
SELECT 'Publishers.established_date', 'Authors.country' FROM Publishers NATURAL JOIN Authors ON 'Publishers.established_date' = 'Authors.country';
INSERT INTO "SqlQuery" ("queryId", "userId", "issuedAt", "finishedAt", "hasError", "errorMessage", "statement", "projectId", "queryTypeId")
    VALUES ('1523', '6', '2023-05-19 22:07:11.411571', '2023-05-19 22:07:15.411571', 'False', 'None', 'SELECT Publishers.established_date, Authors.country FROM Publishers NATURAL JOIN Authors ON Publishers.established_date = Authors.country;', '3', '1');
INSERT INTO "QueryColumnAccess" ("queryId", "columnId")
    VALUES ('1523', '3');
INSERT INTO "QueryColumnAccess" ("queryId", "columnId")
    VALUES ('1523', '5');
INSERT INTO "QueryTableAccess" ("queryId", "tableId")
    VALUES ('1523', '3');
INSERT INTO "QueryTableAccess" ("queryId", "tableId")
    VALUES ('1523', '2');
SELECT 'Orders.customer_id', 'Publishers.publisher_id' FROM Orders LEFT OUTER JOIN Publishers ON 'Orders.customer_id' = 'Publishers.publisher_id';
INSERT INTO "SqlQuery" ("queryId", "userId", "issuedAt", "finishedAt", "hasError", "errorMessage", "statement", "projectId", "queryTypeId")
    VALUES ('1524', '1', '2023-04-14 22:07:11.411579', '2023-04-14 22:07:13.411579', 'False', 'None', 'SELECT Orders.customer_id, Publishers.publisher_id FROM Orders LEFT OUTER JOIN Publishers ON Orders.customer_id = Publishers.publisher_id;', '3', '1');
INSERT INTO "QueryColumnAccess" ("queryId", "columnId")
    VALUES ('1524', '2');
INSERT INTO "QueryColumnAccess" ("queryId", "columnId")
    VALUES ('1524', '1');
INSERT INTO "QueryTableAccess" ("queryId", "tableId")
    VALUES ('1524', '5');
INSERT INTO "QueryTableAccess" ("queryId", "tableId")
    VALUES ('1524', '3');
SELECT 'Authors.author_id', 'Customers.first_name' FROM Authors LEFT OUTER JOIN Customers ON 'Authors.author_id' = 'Customers.first_name';
INSERT INTO "SqlQuery" ("queryId", "userId", "issuedAt", "finishedAt", "hasError", "errorMessage", "statement", "projectId", "queryTypeId")
    VALUES ('1525', '7', '2023-07-07 22:07:11.411588', '2023-07-07 22:07:14.411588', 'False', 'None', 'SELECT Authors.author_id, Customers.first_name FROM Authors LEFT OUTER JOIN Customers ON Authors.author_id = Customers.first_name;', '3', '1');
INSERT INTO "QueryColumnAccess" ("queryId", "columnId")
    VALUES ('1525', '1');
INSERT INTO "QueryColumnAccess" ("queryId", "columnId")
    VALUES ('1525', '2');
INSERT INTO "QueryTableAccess" ("queryId", "tableId")
    VALUES ('1525', '2');
INSERT INTO "QueryTableAccess" ("queryId", "tableId")
    VALUES ('1525', '4');
SELECT 'Customers.zip_code', 'Orders.order_id' FROM Customers RIGHT OUTER JOIN Orders ON 'Customers.zip_code' = 'Orders.order_id';
INSERT INTO "SqlQuery" ("queryId", "userId", "issuedAt", "finishedAt", "hasError", "errorMessage", "statement", "projectId", "queryTypeId")
    VALUES ('1526', '7', '2023-05-02 22:07:11.411600', '2023-05-02 22:07:14.411600', 'False', 'None', 'SELECT Customers.zip_code, Orders.order_id FROM Customers RIGHT OUTER JOIN Orders ON Customers.zip_code = Orders.order_id;', '3', '1');
INSERT INTO "QueryColumnAccess" ("queryId", "columnId")
    VALUES ('1526', '9');
INSERT INTO "QueryColumnAccess" ("queryId", "columnId")
    VALUES ('1526', '1');
INSERT INTO "QueryTableAccess" ("queryId", "tableId")
    VALUES ('1526', '4');
INSERT INTO "QueryTableAccess" ("queryId", "tableId")
    VALUES ('1526', '5');
SELECT 'Customers.address', 'Books.price' FROM Customers RIGHT OUTER JOIN Books ON 'Customers.address' = 'Books.price';
INSERT INTO "SqlQuery" ("queryId", "userId", "issuedAt", "finishedAt", "hasError", "errorMessage", "statement", "projectId", "queryTypeId")
    VALUES ('1527', '10', '2023-04-20 22:07:11.411610', '2023-04-20 22:07:15.411610', 'False', 'None', 'SELECT Customers.address, Books.price FROM Customers RIGHT OUTER JOIN Books ON Customers.address = Books.price;', '3', '1');
INSERT INTO "QueryColumnAccess" ("queryId", "columnId")
    VALUES ('1527', '6');
INSERT INTO "QueryColumnAccess" ("queryId", "columnId")
    VALUES ('1527', '6');
INSERT INTO "QueryTableAccess" ("queryId", "tableId")
    VALUES ('1527', '4');
INSERT INTO "QueryTableAccess" ("queryId", "tableId")
    VALUES ('1527', '1');
SELECT 'Books.publication_date', 'Publishers.website' FROM Books RIGHT OUTER JOIN Publishers ON 'Books.publication_date' = 'Publishers.website';
INSERT INTO "SqlQuery" ("queryId", "userId", "issuedAt", "finishedAt", "hasError", "errorMessage", "statement", "projectId", "queryTypeId")
    VALUES ('1528', '1', '2023-06-22 22:07:11.411619', '2023-06-22 22:07:12.411619', 'False', 'None', 'SELECT Books.publication_date, Publishers.website FROM Books RIGHT OUTER JOIN Publishers ON Books.publication_date = Publishers.website;', '3', '1');
INSERT INTO "QueryColumnAccess" ("queryId", "columnId")
    VALUES ('1528', '4');
INSERT INTO "QueryColumnAccess" ("queryId", "columnId")
    VALUES ('1528', '5');
INSERT INTO "QueryTableAccess" ("queryId", "tableId")
    VALUES ('1528', '1');
INSERT INTO "QueryTableAccess" ("queryId", "tableId")
    VALUES ('1528', '3');
SELECT 'Orders.order_date', 'Publishers.established_date' FROM Orders LEFT OUTER JOIN Publishers ON 'Orders.order_date' = 'Publishers.established_date';
INSERT INTO "SqlQuery" ("queryId", "userId", "issuedAt", "finishedAt", "hasError", "errorMessage", "statement", "projectId", "queryTypeId")
    VALUES ('1529', '4', '2023-05-29 22:07:11.411628', '2023-05-29 22:07:13.411628', 'False', 'None', 'SELECT Orders.order_date, Publishers.established_date FROM Orders LEFT OUTER JOIN Publishers ON Orders.order_date = Publishers.established_date;', '3', '1');
INSERT INTO "QueryColumnAccess" ("queryId", "columnId")
    VALUES ('1529', '3');
INSERT INTO "QueryColumnAccess" ("queryId", "columnId")
    VALUES ('1529', '3');
INSERT INTO "QueryTableAccess" ("queryId", "tableId")
    VALUES ('1529', '5');
INSERT INTO "QueryTableAccess" ("queryId", "tableId")
    VALUES ('1529', '3');
SELECT 'Books.author', 'Publishers.country' FROM Books LEFT OUTER JOIN Publishers ON 'Books.author' = 'Publishers.country';
INSERT INTO "SqlQuery" ("queryId", "userId", "issuedAt", "finishedAt", "hasError", "errorMessage", "statement", "projectId", "queryTypeId")
    VALUES ('1530', '15', '2023-07-09 22:07:11.411637', '2023-07-09 22:07:15.411637', 'False', 'None', 'SELECT Books.author, Publishers.country FROM Books LEFT OUTER JOIN Publishers ON Books.author = Publishers.country;', '3', '1');
INSERT INTO "QueryColumnAccess" ("queryId", "columnId")
    VALUES ('1530', '3');
INSERT INTO "QueryColumnAccess" ("queryId", "columnId")
    VALUES ('1530', '4');
INSERT INTO "QueryTableAccess" ("queryId", "tableId")
    VALUES ('1530', '1');
INSERT INTO "QueryTableAccess" ("queryId", "tableId")
    VALUES ('1530', '3');
SELECT 'Orders.shipping_zip_code', 'Books.author' FROM Orders RIGHT OUTER JOIN Books ON 'Orders.shipping_zip_code' = 'Books.author';
INSERT INTO "SqlQuery" ("queryId", "userId", "issuedAt", "finishedAt", "hasError", "errorMessage", "statement", "projectId", "queryTypeId")
    VALUES ('1531', '7', '2023-06-01 22:07:11.411645', '2023-06-01 22:07:12.411645', 'False', 'None', 'SELECT Orders.shipping_zip_code, Books.author FROM Orders RIGHT OUTER JOIN Books ON Orders.shipping_zip_code = Books.author;', '3', '1');
INSERT INTO "QueryColumnAccess" ("queryId", "columnId")
    VALUES ('1531', '9');
INSERT INTO "QueryColumnAccess" ("queryId", "columnId")
    VALUES ('1531', '3');
INSERT INTO "QueryTableAccess" ("queryId", "tableId")
    VALUES ('1531', '5');
INSERT INTO "QueryTableAccess" ("queryId", "tableId")
    VALUES ('1531', '1');
SELECT 'Orders.total_amount', 'Customers.first_name' FROM Orders LEFT OUTER JOIN Customers ON 'Orders.total_amount' = 'Customers.first_name';
INSERT INTO "SqlQuery" ("queryId", "userId", "issuedAt", "finishedAt", "hasError", "errorMessage", "statement", "projectId", "queryTypeId")
    VALUES ('1532', '15', '2023-05-06 22:07:11.411654', '2023-05-06 22:07:15.411654', 'False', 'None', 'SELECT Orders.total_amount, Customers.first_name FROM Orders LEFT OUTER JOIN Customers ON Orders.total_amount = Customers.first_name;', '3', '1');
INSERT INTO "QueryColumnAccess" ("queryId", "columnId")
    VALUES ('1532', '4');
INSERT INTO "QueryColumnAccess" ("queryId", "columnId")
    VALUES ('1532', '2');
INSERT INTO "QueryTableAccess" ("queryId", "tableId")
    VALUES ('1532', '5');
INSERT INTO "QueryTableAccess" ("queryId", "tableId")
    VALUES ('1532', '4');
SELECT 'Publishers.publisher_id', 'Customers.phone_number' FROM Publishers RIGHT OUTER JOIN Customers ON 'Publishers.publisher_id' = 'Customers.phone_number';
INSERT INTO "SqlQuery" ("queryId", "userId", "issuedAt", "finishedAt", "hasError", "errorMessage", "statement", "projectId", "queryTypeId")
    VALUES ('1533', '6', '2023-06-29 22:07:11.411663', '2023-06-29 22:07:15.411663', 'False', 'None', 'SELECT Publishers.publisher_id, Customers.phone_number FROM Publishers RIGHT OUTER JOIN Customers ON Publishers.publisher_id = Customers.phone_number;', '3', '1');
INSERT INTO "QueryColumnAccess" ("queryId", "columnId")
    VALUES ('1533', '1');
INSERT INTO "QueryColumnAccess" ("queryId", "columnId")
    VALUES ('1533', '5');
INSERT INTO "QueryTableAccess" ("queryId", "tableId")
    VALUES ('1533', '3');
INSERT INTO "QueryTableAccess" ("queryId", "tableId")
    VALUES ('1533', '4');
SELECT 'Customers.customer_id', 'Books.category_id' FROM Customers NATURAL JOIN Books ON 'Customers.customer_id' = 'Books.category_id';
INSERT INTO "SqlQuery" ("queryId", "userId", "issuedAt", "finishedAt", "hasError", "errorMessage", "statement", "projectId", "queryTypeId")
    VALUES ('1534', '1', '2023-05-03 22:07:11.411672', '2023-05-03 22:07:12.411672', 'False', 'None', 'SELECT Customers.customer_id, Books.category_id FROM Customers NATURAL JOIN Books ON Customers.customer_id = Books.category_id;', '3', '1');
INSERT INTO "QueryColumnAccess" ("queryId", "columnId")
    VALUES ('1534', '1');
INSERT INTO "QueryColumnAccess" ("queryId", "columnId")
    VALUES ('1534', '7');
INSERT INTO "QueryTableAccess" ("queryId", "tableId")
    VALUES ('1534', '4');
INSERT INTO "QueryTableAccess" ("queryId", "tableId")
    VALUES ('1534', '1');
SELECT 'Orders.total_amount', 'Customers.address' FROM Orders NATURAL JOIN Customers ON 'Orders.total_amount' = 'Customers.address';
INSERT INTO "SqlQuery" ("queryId", "userId", "issuedAt", "finishedAt", "hasError", "errorMessage", "statement", "projectId", "queryTypeId")
    VALUES ('1535', '14', '2023-04-16 22:07:11.411681', '2023-04-16 22:07:14.411681', 'False', 'None', 'SELECT Orders.total_amount, Customers.address FROM Orders NATURAL JOIN Customers ON Orders.total_amount = Customers.address;', '3', '1');
INSERT INTO "QueryColumnAccess" ("queryId", "columnId")
    VALUES ('1535', '4');
INSERT INTO "QueryColumnAccess" ("queryId", "columnId")
    VALUES ('1535', '6');
INSERT INTO "QueryTableAccess" ("queryId", "tableId")
    VALUES ('1535', '5');
INSERT INTO "QueryTableAccess" ("queryId", "tableId")
    VALUES ('1535', '4');
SELECT 'Publishers.website', 'Books.category_id' FROM Publishers LEFT OUTER JOIN Books ON 'Publishers.website' = 'Books.category_id';
INSERT INTO "SqlQuery" ("queryId", "userId", "issuedAt", "finishedAt", "hasError", "errorMessage", "statement", "projectId", "queryTypeId")
    VALUES ('1536', '4', '2023-04-15 22:07:11.411696', '2023-04-15 22:07:14.411696', 'False', 'None', 'SELECT Publishers.website, Books.category_id FROM Publishers LEFT OUTER JOIN Books ON Publishers.website = Books.category_id;', '3', '1');
INSERT INTO "QueryColumnAccess" ("queryId", "columnId")
    VALUES ('1536', '5');
INSERT INTO "QueryColumnAccess" ("queryId", "columnId")
    VALUES ('1536', '7');
INSERT INTO "QueryTableAccess" ("queryId", "tableId")
    VALUES ('1536', '3');
INSERT INTO "QueryTableAccess" ("queryId", "tableId")
    VALUES ('1536', '1');
SELECT 'Publishers.country', 'Books.publisher' FROM Publishers NATURAL JOIN Books ON 'Publishers.country' = 'Books.publisher';
INSERT INTO "SqlQuery" ("queryId", "userId", "issuedAt", "finishedAt", "hasError", "errorMessage", "statement", "projectId", "queryTypeId")
    VALUES ('1537', '2', '2023-04-15 22:07:11.411705', '2023-04-15 22:07:14.411705', 'False', 'None', 'SELECT Publishers.country, Books.publisher FROM Publishers NATURAL JOIN Books ON Publishers.country = Books.publisher;', '3', '1');
INSERT INTO "QueryColumnAccess" ("queryId", "columnId")
    VALUES ('1537', '4');
INSERT INTO "QueryColumnAccess" ("queryId", "columnId")
    VALUES ('1537', '5');
INSERT INTO "QueryTableAccess" ("queryId", "tableId")
    VALUES ('1537', '3');
INSERT INTO "QueryTableAccess" ("queryId", "tableId")
    VALUES ('1537', '1');
SELECT 'Customers.first_name', 'Authors.author_id' FROM Customers RIGHT OUTER JOIN Authors ON 'Customers.first_name' = 'Authors.author_id';
INSERT INTO "SqlQuery" ("queryId", "userId", "issuedAt", "finishedAt", "hasError", "errorMessage", "statement", "projectId", "queryTypeId")
    VALUES ('1538', '1', '2023-04-21 22:07:11.411714', '2023-04-21 22:07:14.411714', 'False', 'None', 'SELECT Customers.first_name, Authors.author_id FROM Customers RIGHT OUTER JOIN Authors ON Customers.first_name = Authors.author_id;', '3', '1');
INSERT INTO "QueryColumnAccess" ("queryId", "columnId")
    VALUES ('1538', '2');
INSERT INTO "QueryColumnAccess" ("queryId", "columnId")
    VALUES ('1538', '1');
INSERT INTO "QueryTableAccess" ("queryId", "tableId")
    VALUES ('1538', '4');
INSERT INTO "QueryTableAccess" ("queryId", "tableId")
    VALUES ('1538', '2');
SELECT 'Authors.first_name', 'Orders.shipping_state' FROM Authors LEFT OUTER JOIN Orders ON 'Authors.first_name' = 'Orders.shipping_state';
INSERT INTO "SqlQuery" ("queryId", "userId", "issuedAt", "finishedAt", "hasError", "errorMessage", "statement", "projectId", "queryTypeId")
    VALUES ('1539', '1', '2023-05-25 22:07:11.411722', '2023-05-25 22:07:14.411722', 'False', 'None', 'SELECT Authors.first_name, Orders.shipping_state FROM Authors LEFT OUTER JOIN Orders ON Authors.first_name = Orders.shipping_state;', '3', '1');
INSERT INTO "QueryColumnAccess" ("queryId", "columnId")
    VALUES ('1539', '2');
INSERT INTO "QueryColumnAccess" ("queryId", "columnId")
    VALUES ('1539', '8');
INSERT INTO "QueryTableAccess" ("queryId", "tableId")
    VALUES ('1539', '2');
INSERT INTO "QueryTableAccess" ("queryId", "tableId")
    VALUES ('1539', '5');
SELECT 'Authors.country', 'Publishers.country' FROM Authors NATURAL JOIN Publishers ON 'Authors.country' = 'Publishers.country';
INSERT INTO "SqlQuery" ("queryId", "userId", "issuedAt", "finishedAt", "hasError", "errorMessage", "statement", "projectId", "queryTypeId")
    VALUES ('1540', '4', '2023-05-27 22:07:11.411731', '2023-05-27 22:07:12.411731', 'False', 'None', 'SELECT Authors.country, Publishers.country FROM Authors NATURAL JOIN Publishers ON Authors.country = Publishers.country;', '3', '1');
INSERT INTO "QueryColumnAccess" ("queryId", "columnId")
    VALUES ('1540', '5');
INSERT INTO "QueryColumnAccess" ("queryId", "columnId")
    VALUES ('1540', '4');
INSERT INTO "QueryTableAccess" ("queryId", "tableId")
    VALUES ('1540', '2');
INSERT INTO "QueryTableAccess" ("queryId", "tableId")
    VALUES ('1540', '3');
SELECT 'Orders.shipping_zip_code', 'Publishers.country' FROM Orders RIGHT OUTER JOIN Publishers ON 'Orders.shipping_zip_code' = 'Publishers.country';
INSERT INTO "SqlQuery" ("queryId", "userId", "issuedAt", "finishedAt", "hasError", "errorMessage", "statement", "projectId", "queryTypeId")
    VALUES ('1541', '8', '2023-05-10 22:07:11.411740', '2023-05-10 22:07:14.411740', 'False', 'None', 'SELECT Orders.shipping_zip_code, Publishers.country FROM Orders RIGHT OUTER JOIN Publishers ON Orders.shipping_zip_code = Publishers.country;', '3', '1');
INSERT INTO "QueryColumnAccess" ("queryId", "columnId")
    VALUES ('1541', '9');
INSERT INTO "QueryColumnAccess" ("queryId", "columnId")
    VALUES ('1541', '4');
INSERT INTO "QueryTableAccess" ("queryId", "tableId")
    VALUES ('1541', '5');
INSERT INTO "QueryTableAccess" ("queryId", "tableId")
    VALUES ('1541', '3');
SELECT 'Books.author', 'Customers.address' FROM Books LEFT OUTER JOIN Customers ON 'Books.author' = 'Customers.address';
INSERT INTO "SqlQuery" ("queryId", "userId", "issuedAt", "finishedAt", "hasError", "errorMessage", "statement", "projectId", "queryTypeId")
    VALUES ('1542', '9', '2023-06-15 22:07:11.411749', '2023-06-15 22:07:15.411749', 'False', 'None', 'SELECT Books.author, Customers.address FROM Books LEFT OUTER JOIN Customers ON Books.author = Customers.address;', '3', '1');
INSERT INTO "QueryColumnAccess" ("queryId", "columnId")
    VALUES ('1542', '3');
INSERT INTO "QueryColumnAccess" ("queryId", "columnId")
    VALUES ('1542', '6');
INSERT INTO "QueryTableAccess" ("queryId", "tableId")
    VALUES ('1542', '1');
INSERT INTO "QueryTableAccess" ("queryId", "tableId")
    VALUES ('1542', '4');
SELECT 'Publishers.publisher_id', 'Customers.state' FROM Publishers RIGHT OUTER JOIN Customers ON 'Publishers.publisher_id' = 'Customers.state';
INSERT INTO "SqlQuery" ("queryId", "userId", "issuedAt", "finishedAt", "hasError", "errorMessage", "statement", "projectId", "queryTypeId")
    VALUES ('1543', '15', '2023-05-05 22:07:11.411758', '2023-05-05 22:07:15.411758', 'False', 'None', 'SELECT Publishers.publisher_id, Customers.state FROM Publishers RIGHT OUTER JOIN Customers ON Publishers.publisher_id = Customers.state;', '3', '1');
INSERT INTO "QueryColumnAccess" ("queryId", "columnId")
    VALUES ('1543', '1');
INSERT INTO "QueryColumnAccess" ("queryId", "columnId")
    VALUES ('1543', '8');
INSERT INTO "QueryTableAccess" ("queryId", "tableId")
    VALUES ('1543', '3');
INSERT INTO "QueryTableAccess" ("queryId", "tableId")
    VALUES ('1543', '4');
SELECT 'Authors.author_id', 'Books.publisher' FROM Authors LEFT OUTER JOIN Books ON 'Authors.author_id' = 'Books.publisher';
INSERT INTO "SqlQuery" ("queryId", "userId", "issuedAt", "finishedAt", "hasError", "errorMessage", "statement", "projectId", "queryTypeId")
    VALUES ('1544', '2', '2023-07-03 22:07:11.411767', '2023-07-03 22:07:14.411767', 'False', 'None', 'SELECT Authors.author_id, Books.publisher FROM Authors LEFT OUTER JOIN Books ON Authors.author_id = Books.publisher;', '3', '1');
INSERT INTO "QueryColumnAccess" ("queryId", "columnId")
    VALUES ('1544', '1');
INSERT INTO "QueryColumnAccess" ("queryId", "columnId")
    VALUES ('1544', '5');
INSERT INTO "QueryTableAccess" ("queryId", "tableId")
    VALUES ('1544', '2');
INSERT INTO "QueryTableAccess" ("queryId", "tableId")
    VALUES ('1544', '1');
SELECT 'Orders.shipping_state', 'Publishers.established_date' FROM Orders RIGHT OUTER JOIN Publishers ON 'Orders.shipping_state' = 'Publishers.established_date';
INSERT INTO "SqlQuery" ("queryId", "userId", "issuedAt", "finishedAt", "hasError", "errorMessage", "statement", "projectId", "queryTypeId")
    VALUES ('1545', '12', '2023-04-25 22:07:11.411784', '2023-04-25 22:07:12.411784', 'False', 'None', 'SELECT Orders.shipping_state, Publishers.established_date FROM Orders RIGHT OUTER JOIN Publishers ON Orders.shipping_state = Publishers.established_date;', '3', '1');
INSERT INTO "QueryColumnAccess" ("queryId", "columnId")
    VALUES ('1545', '8');
INSERT INTO "QueryColumnAccess" ("queryId", "columnId")
    VALUES ('1545', '3');
INSERT INTO "QueryTableAccess" ("queryId", "tableId")
    VALUES ('1545', '5');
INSERT INTO "QueryTableAccess" ("queryId", "tableId")
    VALUES ('1545', '3');
SELECT 'Books.price', 'Publishers.publisher_id' FROM Books LEFT OUTER JOIN Publishers ON 'Books.price' = 'Publishers.publisher_id';
INSERT INTO "SqlQuery" ("queryId", "userId", "issuedAt", "finishedAt", "hasError", "errorMessage", "statement", "projectId", "queryTypeId")
    VALUES ('1546', '7', '2023-04-13 22:07:11.411793', '2023-04-13 22:07:13.411793', 'False', 'None', 'SELECT Books.price, Publishers.publisher_id FROM Books LEFT OUTER JOIN Publishers ON Books.price = Publishers.publisher_id;', '3', '1');
INSERT INTO "QueryColumnAccess" ("queryId", "columnId")
    VALUES ('1546', '6');
INSERT INTO "QueryColumnAccess" ("queryId", "columnId")
    VALUES ('1546', '1');
INSERT INTO "QueryTableAccess" ("queryId", "tableId")
    VALUES ('1546', '1');
INSERT INTO "QueryTableAccess" ("queryId", "tableId")
    VALUES ('1546', '3');
SELECT 'Orders.status', 'Authors.birth_date' FROM Orders RIGHT OUTER JOIN Authors ON 'Orders.status' = 'Authors.birth_date';
INSERT INTO "SqlQuery" ("queryId", "userId", "issuedAt", "finishedAt", "hasError", "errorMessage", "statement", "projectId", "queryTypeId")
    VALUES ('1547', '8', '2023-07-01 22:07:11.411802', '2023-07-01 22:07:12.411802', 'False', 'None', 'SELECT Orders.status, Authors.birth_date FROM Orders RIGHT OUTER JOIN Authors ON Orders.status = Authors.birth_date;', '3', '1');
INSERT INTO "QueryColumnAccess" ("queryId", "columnId")
    VALUES ('1547', '5');
INSERT INTO "QueryColumnAccess" ("queryId", "columnId")
    VALUES ('1547', '4');
INSERT INTO "QueryTableAccess" ("queryId", "tableId")
    VALUES ('1547', '5');
INSERT INTO "QueryTableAccess" ("queryId", "tableId")
    VALUES ('1547', '2');
SELECT 'Customers.first_name', 'Authors.first_name' FROM Customers NATURAL JOIN Authors ON 'Customers.first_name' = 'Authors.first_name';
INSERT INTO "SqlQuery" ("queryId", "userId", "issuedAt", "finishedAt", "hasError", "errorMessage", "statement", "projectId", "queryTypeId")
    VALUES ('1548', '9', '2023-06-30 22:07:11.411811', '2023-06-30 22:07:14.411811', 'False', 'None', 'SELECT Customers.first_name, Authors.first_name FROM Customers NATURAL JOIN Authors ON Customers.first_name = Authors.first_name;', '3', '1');
INSERT INTO "QueryColumnAccess" ("queryId", "columnId")
    VALUES ('1548', '2');
INSERT INTO "QueryColumnAccess" ("queryId", "columnId")
    VALUES ('1548', '2');
INSERT INTO "QueryTableAccess" ("queryId", "tableId")
    VALUES ('1548', '4');
INSERT INTO "QueryTableAccess" ("queryId", "tableId")
    VALUES ('1548', '2');
SELECT 'Customers.customer_id', 'Publishers.publisher_name' FROM Customers RIGHT OUTER JOIN Publishers ON 'Customers.customer_id' = 'Publishers.publisher_name';
INSERT INTO "SqlQuery" ("queryId", "userId", "issuedAt", "finishedAt", "hasError", "errorMessage", "statement", "projectId", "queryTypeId")
    VALUES ('1549', '10', '2023-06-30 22:07:11.411821', '2023-06-30 22:07:14.411821', 'False', 'None', 'SELECT Customers.customer_id, Publishers.publisher_name FROM Customers RIGHT OUTER JOIN Publishers ON Customers.customer_id = Publishers.publisher_name;', '3', '1');
INSERT INTO "QueryColumnAccess" ("queryId", "columnId")
    VALUES ('1549', '1');
INSERT INTO "QueryColumnAccess" ("queryId", "columnId")
    VALUES ('1549', '2');
INSERT INTO "QueryTableAccess" ("queryId", "tableId")
    VALUES ('1549', '4');
INSERT INTO "QueryTableAccess" ("queryId", "tableId")
    VALUES ('1549', '3');
SELECT 'Authors.author_id', 'Customers.zip_code' FROM Authors RIGHT OUTER JOIN Customers ON 'Authors.author_id' = 'Customers.zip_code';
INSERT INTO "SqlQuery" ("queryId", "userId", "issuedAt", "finishedAt", "hasError", "errorMessage", "statement", "projectId", "queryTypeId")
    VALUES ('1550', '15', '2023-07-08 22:07:11.411829', '2023-07-08 22:07:14.411829', 'False', 'None', 'SELECT Authors.author_id, Customers.zip_code FROM Authors RIGHT OUTER JOIN Customers ON Authors.author_id = Customers.zip_code;', '3', '1');
INSERT INTO "QueryColumnAccess" ("queryId", "columnId")
    VALUES ('1550', '1');
INSERT INTO "QueryColumnAccess" ("queryId", "columnId")
    VALUES ('1550', '9');
INSERT INTO "QueryTableAccess" ("queryId", "tableId")
    VALUES ('1550', '2');
INSERT INTO "QueryTableAccess" ("queryId", "tableId")
    VALUES ('1550', '4');
SELECT 'Orders.customer_id', 'Books.publication_date' FROM Orders LEFT OUTER JOIN Books ON 'Orders.customer_id' = 'Books.publication_date';
INSERT INTO "SqlQuery" ("queryId", "userId", "issuedAt", "finishedAt", "hasError", "errorMessage", "statement", "projectId", "queryTypeId")
    VALUES ('1551', '13', '2023-06-20 22:07:11.411838', '2023-06-20 22:07:12.411838', 'False', 'None', 'SELECT Orders.customer_id, Books.publication_date FROM Orders LEFT OUTER JOIN Books ON Orders.customer_id = Books.publication_date;', '3', '1');
INSERT INTO "QueryColumnAccess" ("queryId", "columnId")
    VALUES ('1551', '2');
INSERT INTO "QueryColumnAccess" ("queryId", "columnId")
    VALUES ('1551', '4');
INSERT INTO "QueryTableAccess" ("queryId", "tableId")
    VALUES ('1551', '5');
INSERT INTO "QueryTableAccess" ("queryId", "tableId")
    VALUES ('1551', '1');
SELECT 'Authors.birth_date', 'Customers.address' FROM Authors NATURAL JOIN Customers ON 'Authors.birth_date' = 'Customers.address';
INSERT INTO "SqlQuery" ("queryId", "userId", "issuedAt", "finishedAt", "hasError", "errorMessage", "statement", "projectId", "queryTypeId")
    VALUES ('1552', '2', '2023-05-27 22:07:11.411847', '2023-05-27 22:07:15.411847', 'False', 'None', 'SELECT Authors.birth_date, Customers.address FROM Authors NATURAL JOIN Customers ON Authors.birth_date = Customers.address;', '3', '1');
INSERT INTO "QueryColumnAccess" ("queryId", "columnId")
    VALUES ('1552', '4');
INSERT INTO "QueryColumnAccess" ("queryId", "columnId")
    VALUES ('1552', '6');
INSERT INTO "QueryTableAccess" ("queryId", "tableId")
    VALUES ('1552', '2');
INSERT INTO "QueryTableAccess" ("queryId", "tableId")
    VALUES ('1552', '4');
SELECT 'Orders.shipping_country', 'Publishers.website' FROM Orders NATURAL JOIN Publishers ON 'Orders.shipping_country' = 'Publishers.website';
INSERT INTO "SqlQuery" ("queryId", "userId", "issuedAt", "finishedAt", "hasError", "errorMessage", "statement", "projectId", "queryTypeId")
    VALUES ('1553', '8', '2023-06-21 22:07:11.411856', '2023-06-21 22:07:15.411856', 'False', 'None', 'SELECT Orders.shipping_country, Publishers.website FROM Orders NATURAL JOIN Publishers ON Orders.shipping_country = Publishers.website;', '3', '1');
INSERT INTO "QueryColumnAccess" ("queryId", "columnId")
    VALUES ('1553', '10');
INSERT INTO "QueryColumnAccess" ("queryId", "columnId")
    VALUES ('1553', '5');
INSERT INTO "QueryTableAccess" ("queryId", "tableId")
    VALUES ('1553', '5');
INSERT INTO "QueryTableAccess" ("queryId", "tableId")
    VALUES ('1553', '3');
SELECT 'Publishers.publisher_id', 'Authors.last_name' FROM Publishers LEFT OUTER JOIN Authors ON 'Publishers.publisher_id' = 'Authors.last_name';
INSERT INTO "SqlQuery" ("queryId", "userId", "issuedAt", "finishedAt", "hasError", "errorMessage", "statement", "projectId", "queryTypeId")
    VALUES ('1554', '6', '2023-05-04 22:07:11.411865', '2023-05-04 22:07:13.411865', 'False', 'None', 'SELECT Publishers.publisher_id, Authors.last_name FROM Publishers LEFT OUTER JOIN Authors ON Publishers.publisher_id = Authors.last_name;', '3', '1');
INSERT INTO "QueryColumnAccess" ("queryId", "columnId")
    VALUES ('1554', '1');
INSERT INTO "QueryColumnAccess" ("queryId", "columnId")
    VALUES ('1554', '3');
INSERT INTO "QueryTableAccess" ("queryId", "tableId")
    VALUES ('1554', '3');
INSERT INTO "QueryTableAccess" ("queryId", "tableId")
    VALUES ('1554', '2');
SELECT 'Publishers.publisher_name', 'Orders.shipping_zip_code' FROM Publishers NATURAL JOIN Orders ON 'Publishers.publisher_name' = 'Orders.shipping_zip_code';
INSERT INTO "SqlQuery" ("queryId", "userId", "issuedAt", "finishedAt", "hasError", "errorMessage", "statement", "projectId", "queryTypeId")
    VALUES ('1555', '5', '2023-04-30 22:07:11.411880', '2023-04-30 22:07:12.411880', 'False', 'None', 'SELECT Publishers.publisher_name, Orders.shipping_zip_code FROM Publishers NATURAL JOIN Orders ON Publishers.publisher_name = Orders.shipping_zip_code;', '3', '1');
INSERT INTO "QueryColumnAccess" ("queryId", "columnId")
    VALUES ('1555', '2');
INSERT INTO "QueryColumnAccess" ("queryId", "columnId")
    VALUES ('1555', '9');
INSERT INTO "QueryTableAccess" ("queryId", "tableId")
    VALUES ('1555', '3');
INSERT INTO "QueryTableAccess" ("queryId", "tableId")
    VALUES ('1555', '5');
SELECT 'Books.title', 'Publishers.publisher_name' FROM Books RIGHT OUTER JOIN Publishers ON 'Books.title' = 'Publishers.publisher_name';
INSERT INTO "SqlQuery" ("queryId", "userId", "issuedAt", "finishedAt", "hasError", "errorMessage", "statement", "projectId", "queryTypeId")
    VALUES ('1556', '8', '2023-04-24 22:07:11.411890', '2023-04-24 22:07:14.411890', 'False', 'None', 'SELECT Books.title, Publishers.publisher_name FROM Books RIGHT OUTER JOIN Publishers ON Books.title = Publishers.publisher_name;', '3', '1');
INSERT INTO "QueryColumnAccess" ("queryId", "columnId")
    VALUES ('1556', '2');
INSERT INTO "QueryColumnAccess" ("queryId", "columnId")
    VALUES ('1556', '2');
INSERT INTO "QueryTableAccess" ("queryId", "tableId")
    VALUES ('1556', '1');
INSERT INTO "QueryTableAccess" ("queryId", "tableId")
    VALUES ('1556', '3');
SELECT 'Customers.email', 'Authors.first_name' FROM Customers LEFT OUTER JOIN Authors ON 'Customers.email' = 'Authors.first_name';
INSERT INTO "SqlQuery" ("queryId", "userId", "issuedAt", "finishedAt", "hasError", "errorMessage", "statement", "projectId", "queryTypeId")
    VALUES ('1557', '12', '2023-04-26 22:07:11.411899', '2023-04-26 22:07:15.411899', 'False', 'None', 'SELECT Customers.email, Authors.first_name FROM Customers LEFT OUTER JOIN Authors ON Customers.email = Authors.first_name;', '3', '1');
INSERT INTO "QueryColumnAccess" ("queryId", "columnId")
    VALUES ('1557', '4');
INSERT INTO "QueryColumnAccess" ("queryId", "columnId")
    VALUES ('1557', '2');
INSERT INTO "QueryTableAccess" ("queryId", "tableId")
    VALUES ('1557', '4');
INSERT INTO "QueryTableAccess" ("queryId", "tableId")
    VALUES ('1557', '2');
SELECT 'Books.title', 'Customers.customer_id' FROM Books NATURAL JOIN Customers ON 'Books.title' = 'Customers.customer_id';
INSERT INTO "SqlQuery" ("queryId", "userId", "issuedAt", "finishedAt", "hasError", "errorMessage", "statement", "projectId", "queryTypeId")
    VALUES ('1558', '5', '2023-05-15 22:07:11.411907', '2023-05-15 22:07:13.411907', 'False', 'None', 'SELECT Books.title, Customers.customer_id FROM Books NATURAL JOIN Customers ON Books.title = Customers.customer_id;', '3', '1');
INSERT INTO "QueryColumnAccess" ("queryId", "columnId")
    VALUES ('1558', '2');
INSERT INTO "QueryColumnAccess" ("queryId", "columnId")
    VALUES ('1558', '1');
INSERT INTO "QueryTableAccess" ("queryId", "tableId")
    VALUES ('1558', '1');
INSERT INTO "QueryTableAccess" ("queryId", "tableId")
    VALUES ('1558', '4');
SELECT 'Customers.email', 'Orders.shipping_country' FROM Customers NATURAL JOIN Orders ON 'Customers.email' = 'Orders.shipping_country';
INSERT INTO "SqlQuery" ("queryId", "userId", "issuedAt", "finishedAt", "hasError", "errorMessage", "statement", "projectId", "queryTypeId")
    VALUES ('1559', '1', '2023-04-18 22:07:11.411916', '2023-04-18 22:07:12.411916', 'False', 'None', 'SELECT Customers.email, Orders.shipping_country FROM Customers NATURAL JOIN Orders ON Customers.email = Orders.shipping_country;', '3', '1');
INSERT INTO "QueryColumnAccess" ("queryId", "columnId")
    VALUES ('1559', '4');
INSERT INTO "QueryColumnAccess" ("queryId", "columnId")
    VALUES ('1559', '10');
INSERT INTO "QueryTableAccess" ("queryId", "tableId")
    VALUES ('1559', '4');
INSERT INTO "QueryTableAccess" ("queryId", "tableId")
    VALUES ('1559', '5');
SELECT 'Authors.country', 'Orders.shipping_city' FROM Authors RIGHT OUTER JOIN Orders ON 'Authors.country' = 'Orders.shipping_city';
INSERT INTO "SqlQuery" ("queryId", "userId", "issuedAt", "finishedAt", "hasError", "errorMessage", "statement", "projectId", "queryTypeId")
    VALUES ('1560', '5', '2023-06-14 22:07:11.411925', '2023-06-14 22:07:12.411925', 'False', 'None', 'SELECT Authors.country, Orders.shipping_city FROM Authors RIGHT OUTER JOIN Orders ON Authors.country = Orders.shipping_city;', '3', '1');
INSERT INTO "QueryColumnAccess" ("queryId", "columnId")
    VALUES ('1560', '5');
INSERT INTO "QueryColumnAccess" ("queryId", "columnId")
    VALUES ('1560', '7');
INSERT INTO "QueryTableAccess" ("queryId", "tableId")
    VALUES ('1560', '2');
INSERT INTO "QueryTableAccess" ("queryId", "tableId")
    VALUES ('1560', '5');
SELECT 'Books.price', 'Customers.address' FROM Books RIGHT OUTER JOIN Customers ON 'Books.price' = 'Customers.address';
INSERT INTO "SqlQuery" ("queryId", "userId", "issuedAt", "finishedAt", "hasError", "errorMessage", "statement", "projectId", "queryTypeId")
    VALUES ('1561', '15', '2023-05-23 22:07:11.411934', '2023-05-23 22:07:14.411934', 'False', 'None', 'SELECT Books.price, Customers.address FROM Books RIGHT OUTER JOIN Customers ON Books.price = Customers.address;', '3', '1');
INSERT INTO "QueryColumnAccess" ("queryId", "columnId")
    VALUES ('1561', '6');
INSERT INTO "QueryColumnAccess" ("queryId", "columnId")
    VALUES ('1561', '6');
INSERT INTO "QueryTableAccess" ("queryId", "tableId")
    VALUES ('1561', '1');
INSERT INTO "QueryTableAccess" ("queryId", "tableId")
    VALUES ('1561', '4');
SELECT 'Publishers.publisher_name', 'Authors.country' FROM Publishers NATURAL JOIN Authors ON 'Publishers.publisher_name' = 'Authors.country';
INSERT INTO "SqlQuery" ("queryId", "userId", "issuedAt", "finishedAt", "hasError", "errorMessage", "statement", "projectId", "queryTypeId")
    VALUES ('1562', '5', '2023-04-21 22:07:11.411944', '2023-04-21 22:07:14.411944', 'False', 'None', 'SELECT Publishers.publisher_name, Authors.country FROM Publishers NATURAL JOIN Authors ON Publishers.publisher_name = Authors.country;', '3', '1');
INSERT INTO "QueryColumnAccess" ("queryId", "columnId")
    VALUES ('1562', '2');
INSERT INTO "QueryColumnAccess" ("queryId", "columnId")
    VALUES ('1562', '5');
INSERT INTO "QueryTableAccess" ("queryId", "tableId")
    VALUES ('1562', '3');
INSERT INTO "QueryTableAccess" ("queryId", "tableId")
    VALUES ('1562', '2');
SELECT 'Books.publisher', 'Publishers.established_date' FROM Books LEFT OUTER JOIN Publishers ON 'Books.publisher' = 'Publishers.established_date';
INSERT INTO "SqlQuery" ("queryId", "userId", "issuedAt", "finishedAt", "hasError", "errorMessage", "statement", "projectId", "queryTypeId")
    VALUES ('1563', '2', '2023-05-14 22:07:11.411953', '2023-05-14 22:07:14.411953', 'False', 'None', 'SELECT Books.publisher, Publishers.established_date FROM Books LEFT OUTER JOIN Publishers ON Books.publisher = Publishers.established_date;', '3', '1');
INSERT INTO "QueryColumnAccess" ("queryId", "columnId")
    VALUES ('1563', '5');
INSERT INTO "QueryColumnAccess" ("queryId", "columnId")
    VALUES ('1563', '3');
INSERT INTO "QueryTableAccess" ("queryId", "tableId")
    VALUES ('1563', '1');
INSERT INTO "QueryTableAccess" ("queryId", "tableId")
    VALUES ('1563', '3');
SELECT 'Orders.order_id', 'Publishers.publisher_id' FROM Orders NATURAL JOIN Publishers ON 'Orders.order_id' = 'Publishers.publisher_id';
INSERT INTO "SqlQuery" ("queryId", "userId", "issuedAt", "finishedAt", "hasError", "errorMessage", "statement", "projectId", "queryTypeId")
    VALUES ('1564', '3', '2023-06-26 22:07:11.411965', '2023-06-26 22:07:14.411965', 'False', 'None', 'SELECT Orders.order_id, Publishers.publisher_id FROM Orders NATURAL JOIN Publishers ON Orders.order_id = Publishers.publisher_id;', '3', '1');
INSERT INTO "QueryColumnAccess" ("queryId", "columnId")
    VALUES ('1564', '1');
INSERT INTO "QueryColumnAccess" ("queryId", "columnId")
    VALUES ('1564', '1');
INSERT INTO "QueryTableAccess" ("queryId", "tableId")
    VALUES ('1564', '5');
INSERT INTO "QueryTableAccess" ("queryId", "tableId")
    VALUES ('1564', '3');
SELECT 'Customers.city', 'Publishers.established_date' FROM Customers RIGHT OUTER JOIN Publishers ON 'Customers.city' = 'Publishers.established_date';
INSERT INTO "SqlQuery" ("queryId", "userId", "issuedAt", "finishedAt", "hasError", "errorMessage", "statement", "projectId", "queryTypeId")
    VALUES ('1565', '4', '2023-06-28 22:07:11.411974', '2023-06-28 22:07:14.411974', 'False', 'None', 'SELECT Customers.city, Publishers.established_date FROM Customers RIGHT OUTER JOIN Publishers ON Customers.city = Publishers.established_date;', '3', '1');
INSERT INTO "QueryColumnAccess" ("queryId", "columnId")
    VALUES ('1565', '7');
INSERT INTO "QueryColumnAccess" ("queryId", "columnId")
    VALUES ('1565', '3');
INSERT INTO "QueryTableAccess" ("queryId", "tableId")
    VALUES ('1565', '4');
INSERT INTO "QueryTableAccess" ("queryId", "tableId")
    VALUES ('1565', '3');
SELECT 'Authors.last_name', 'Publishers.established_date' FROM Authors RIGHT OUTER JOIN Publishers ON 'Authors.last_name' = 'Publishers.established_date';
INSERT INTO "SqlQuery" ("queryId", "userId", "issuedAt", "finishedAt", "hasError", "errorMessage", "statement", "projectId", "queryTypeId")
    VALUES ('1566', '8', '2023-04-27 22:07:11.411984', '2023-04-27 22:07:15.411984', 'False', 'None', 'SELECT Authors.last_name, Publishers.established_date FROM Authors RIGHT OUTER JOIN Publishers ON Authors.last_name = Publishers.established_date;', '3', '1');
INSERT INTO "QueryColumnAccess" ("queryId", "columnId")
    VALUES ('1566', '3');
INSERT INTO "QueryColumnAccess" ("queryId", "columnId")
    VALUES ('1566', '3');
INSERT INTO "QueryTableAccess" ("queryId", "tableId")
    VALUES ('1566', '2');
INSERT INTO "QueryTableAccess" ("queryId", "tableId")
    VALUES ('1566', '3');
SELECT 'Books.book_id', 'Publishers.country' FROM Books LEFT OUTER JOIN Publishers ON 'Books.book_id' = 'Publishers.country';
INSERT INTO "SqlQuery" ("queryId", "userId", "issuedAt", "finishedAt", "hasError", "errorMessage", "statement", "projectId", "queryTypeId")
    VALUES ('1567', '7', '2023-04-29 22:07:11.411993', '2023-04-29 22:07:12.411993', 'False', 'None', 'SELECT Books.book_id, Publishers.country FROM Books LEFT OUTER JOIN Publishers ON Books.book_id = Publishers.country;', '3', '1');
INSERT INTO "QueryColumnAccess" ("queryId", "columnId")
    VALUES ('1567', '1');
INSERT INTO "QueryColumnAccess" ("queryId", "columnId")
    VALUES ('1567', '4');
INSERT INTO "QueryTableAccess" ("queryId", "tableId")
    VALUES ('1567', '1');
INSERT INTO "QueryTableAccess" ("queryId", "tableId")
    VALUES ('1567', '3');
SELECT 'Orders.order_id', 'Customers.customer_id' FROM Orders RIGHT OUTER JOIN Customers ON 'Orders.order_id' = 'Customers.customer_id';
INSERT INTO "SqlQuery" ("queryId", "userId", "issuedAt", "finishedAt", "hasError", "errorMessage", "statement", "projectId", "queryTypeId")
    VALUES ('1568', '13', '2023-05-21 22:07:11.412003', '2023-05-21 22:07:13.412003', 'False', 'None', 'SELECT Orders.order_id, Customers.customer_id FROM Orders RIGHT OUTER JOIN Customers ON Orders.order_id = Customers.customer_id;', '3', '1');
INSERT INTO "QueryColumnAccess" ("queryId", "columnId")
    VALUES ('1568', '1');
INSERT INTO "QueryColumnAccess" ("queryId", "columnId")
    VALUES ('1568', '1');
INSERT INTO "QueryTableAccess" ("queryId", "tableId")
    VALUES ('1568', '5');
INSERT INTO "QueryTableAccess" ("queryId", "tableId")
    VALUES ('1568', '4');
SELECT 'Authors.author_id', 'Publishers.established_date' FROM Authors NATURAL JOIN Publishers ON 'Authors.author_id' = 'Publishers.established_date';
INSERT INTO "SqlQuery" ("queryId", "userId", "issuedAt", "finishedAt", "hasError", "errorMessage", "statement", "projectId", "queryTypeId")
    VALUES ('1569', '7', '2023-05-16 22:07:11.412012', '2023-05-16 22:07:15.412012', 'False', 'None', 'SELECT Authors.author_id, Publishers.established_date FROM Authors NATURAL JOIN Publishers ON Authors.author_id = Publishers.established_date;', '3', '1');
INSERT INTO "QueryColumnAccess" ("queryId", "columnId")
    VALUES ('1569', '1');
INSERT INTO "QueryColumnAccess" ("queryId", "columnId")
    VALUES ('1569', '3');
INSERT INTO "QueryTableAccess" ("queryId", "tableId")
    VALUES ('1569', '2');
INSERT INTO "QueryTableAccess" ("queryId", "tableId")
    VALUES ('1569', '3');
SELECT 'Authors.last_name', 'Orders.order_id' FROM Authors RIGHT OUTER JOIN Orders ON 'Authors.last_name' = 'Orders.order_id';
INSERT INTO "SqlQuery" ("queryId", "userId", "issuedAt", "finishedAt", "hasError", "errorMessage", "statement", "projectId", "queryTypeId")
    VALUES ('1570', '12', '2023-06-25 22:07:11.412021', '2023-06-25 22:07:13.412021', 'False', 'None', 'SELECT Authors.last_name, Orders.order_id FROM Authors RIGHT OUTER JOIN Orders ON Authors.last_name = Orders.order_id;', '3', '1');
INSERT INTO "QueryColumnAccess" ("queryId", "columnId")
    VALUES ('1570', '3');
INSERT INTO "QueryColumnAccess" ("queryId", "columnId")
    VALUES ('1570', '1');
INSERT INTO "QueryTableAccess" ("queryId", "tableId")
    VALUES ('1570', '2');
INSERT INTO "QueryTableAccess" ("queryId", "tableId")
    VALUES ('1570', '5');
SELECT 'Authors.author_id', 'Orders.order_date' FROM Authors RIGHT OUTER JOIN Orders ON 'Authors.author_id' = 'Orders.order_date';
INSERT INTO "SqlQuery" ("queryId", "userId", "issuedAt", "finishedAt", "hasError", "errorMessage", "statement", "projectId", "queryTypeId")
    VALUES ('1571', '7', '2023-05-18 22:07:11.412030', '2023-05-18 22:07:12.412030', 'False', 'None', 'SELECT Authors.author_id, Orders.order_date FROM Authors RIGHT OUTER JOIN Orders ON Authors.author_id = Orders.order_date;', '3', '1');
INSERT INTO "QueryColumnAccess" ("queryId", "columnId")
    VALUES ('1571', '1');
INSERT INTO "QueryColumnAccess" ("queryId", "columnId")
    VALUES ('1571', '3');
INSERT INTO "QueryTableAccess" ("queryId", "tableId")
    VALUES ('1571', '2');
INSERT INTO "QueryTableAccess" ("queryId", "tableId")
    VALUES ('1571', '5');
SELECT 'Customers.state', 'Publishers.established_date' FROM Customers RIGHT OUTER JOIN Publishers ON 'Customers.state' = 'Publishers.established_date';
INSERT INTO "SqlQuery" ("queryId", "userId", "issuedAt", "finishedAt", "hasError", "errorMessage", "statement", "projectId", "queryTypeId")
    VALUES ('1572', '11', '2023-06-13 22:07:11.412039', '2023-06-13 22:07:13.412039', 'False', 'None', 'SELECT Customers.state, Publishers.established_date FROM Customers RIGHT OUTER JOIN Publishers ON Customers.state = Publishers.established_date;', '3', '1');
INSERT INTO "QueryColumnAccess" ("queryId", "columnId")
    VALUES ('1572', '8');
INSERT INTO "QueryColumnAccess" ("queryId", "columnId")
    VALUES ('1572', '3');
INSERT INTO "QueryTableAccess" ("queryId", "tableId")
    VALUES ('1572', '4');
INSERT INTO "QueryTableAccess" ("queryId", "tableId")
    VALUES ('1572', '3');
SELECT 'Publishers.country', 'Books.publication_date' FROM Publishers LEFT OUTER JOIN Books ON 'Publishers.country' = 'Books.publication_date';
INSERT INTO "SqlQuery" ("queryId", "userId", "issuedAt", "finishedAt", "hasError", "errorMessage", "statement", "projectId", "queryTypeId")
    VALUES ('1573', '9', '2023-05-20 22:07:11.412047', '2023-05-20 22:07:12.412047', 'False', 'None', 'SELECT Publishers.country, Books.publication_date FROM Publishers LEFT OUTER JOIN Books ON Publishers.country = Books.publication_date;', '3', '1');
INSERT INTO "QueryColumnAccess" ("queryId", "columnId")
    VALUES ('1573', '4');
INSERT INTO "QueryColumnAccess" ("queryId", "columnId")
    VALUES ('1573', '4');
INSERT INTO "QueryTableAccess" ("queryId", "tableId")
    VALUES ('1573', '3');
INSERT INTO "QueryTableAccess" ("queryId", "tableId")
    VALUES ('1573', '1');
SELECT 'Orders.order_date', 'Books.publication_date' FROM Orders NATURAL JOIN Books ON 'Orders.order_date' = 'Books.publication_date';
INSERT INTO "SqlQuery" ("queryId", "userId", "issuedAt", "finishedAt", "hasError", "errorMessage", "statement", "projectId", "queryTypeId")
    VALUES ('1574', '12', '2023-07-03 22:07:11.412063', '2023-07-03 22:07:14.412063', 'False', 'None', 'SELECT Orders.order_date, Books.publication_date FROM Orders NATURAL JOIN Books ON Orders.order_date = Books.publication_date;', '3', '1');
INSERT INTO "QueryColumnAccess" ("queryId", "columnId")
    VALUES ('1574', '3');
INSERT INTO "QueryColumnAccess" ("queryId", "columnId")
    VALUES ('1574', '4');
INSERT INTO "QueryTableAccess" ("queryId", "tableId")
    VALUES ('1574', '5');
INSERT INTO "QueryTableAccess" ("queryId", "tableId")
    VALUES ('1574', '1');
SELECT 'Orders.shipping_country', 'Authors.birth_date' FROM Orders LEFT OUTER JOIN Authors ON 'Orders.shipping_country' = 'Authors.birth_date';
INSERT INTO "SqlQuery" ("queryId", "userId", "issuedAt", "finishedAt", "hasError", "errorMessage", "statement", "projectId", "queryTypeId")
    VALUES ('1575', '11', '2023-04-27 22:07:11.412072', '2023-04-27 22:07:12.412072', 'False', 'None', 'SELECT Orders.shipping_country, Authors.birth_date FROM Orders LEFT OUTER JOIN Authors ON Orders.shipping_country = Authors.birth_date;', '3', '1');
INSERT INTO "QueryColumnAccess" ("queryId", "columnId")
    VALUES ('1575', '10');
INSERT INTO "QueryColumnAccess" ("queryId", "columnId")
    VALUES ('1575', '4');
INSERT INTO "QueryTableAccess" ("queryId", "tableId")
    VALUES ('1575', '5');
INSERT INTO "QueryTableAccess" ("queryId", "tableId")
    VALUES ('1575', '2');
SELECT 'Books.publication_date', 'Orders.shipping_state' FROM Books NATURAL JOIN Orders ON 'Books.publication_date' = 'Orders.shipping_state';
INSERT INTO "SqlQuery" ("queryId", "userId", "issuedAt", "finishedAt", "hasError", "errorMessage", "statement", "projectId", "queryTypeId")
    VALUES ('1576', '15', '2023-06-02 22:07:11.412081', '2023-06-02 22:07:13.412081', 'False', 'None', 'SELECT Books.publication_date, Orders.shipping_state FROM Books NATURAL JOIN Orders ON Books.publication_date = Orders.shipping_state;', '3', '1');
INSERT INTO "QueryColumnAccess" ("queryId", "columnId")
    VALUES ('1576', '4');
INSERT INTO "QueryColumnAccess" ("queryId", "columnId")
    VALUES ('1576', '8');
INSERT INTO "QueryTableAccess" ("queryId", "tableId")
    VALUES ('1576', '1');
INSERT INTO "QueryTableAccess" ("queryId", "tableId")
    VALUES ('1576', '5');
SELECT 'Publishers.established_date', 'Customers.customer_id' FROM Publishers RIGHT OUTER JOIN Customers ON 'Publishers.established_date' = 'Customers.customer_id';
INSERT INTO "SqlQuery" ("queryId", "userId", "issuedAt", "finishedAt", "hasError", "errorMessage", "statement", "projectId", "queryTypeId")
    VALUES ('1577', '6', '2023-05-10 22:07:11.412090', '2023-05-10 22:07:13.412090', 'False', 'None', 'SELECT Publishers.established_date, Customers.customer_id FROM Publishers RIGHT OUTER JOIN Customers ON Publishers.established_date = Customers.customer_id;', '3', '1');
INSERT INTO "QueryColumnAccess" ("queryId", "columnId")
    VALUES ('1577', '3');
INSERT INTO "QueryColumnAccess" ("queryId", "columnId")
    VALUES ('1577', '1');
INSERT INTO "QueryTableAccess" ("queryId", "tableId")
    VALUES ('1577', '3');
INSERT INTO "QueryTableAccess" ("queryId", "tableId")
    VALUES ('1577', '4');
SELECT 'Publishers.established_date', 'Books.publisher' FROM Publishers NATURAL JOIN Books ON 'Publishers.established_date' = 'Books.publisher';
INSERT INTO "SqlQuery" ("queryId", "userId", "issuedAt", "finishedAt", "hasError", "errorMessage", "statement", "projectId", "queryTypeId")
    VALUES ('1578', '2', '2023-04-13 22:07:11.412099', '2023-04-13 22:07:12.412099', 'False', 'None', 'SELECT Publishers.established_date, Books.publisher FROM Publishers NATURAL JOIN Books ON Publishers.established_date = Books.publisher;', '3', '1');
INSERT INTO "QueryColumnAccess" ("queryId", "columnId")
    VALUES ('1578', '3');
INSERT INTO "QueryColumnAccess" ("queryId", "columnId")
    VALUES ('1578', '5');
INSERT INTO "QueryTableAccess" ("queryId", "tableId")
    VALUES ('1578', '3');
INSERT INTO "QueryTableAccess" ("queryId", "tableId")
    VALUES ('1578', '1');
SELECT 'Authors.author_id', 'Books.price' FROM Authors RIGHT OUTER JOIN Books ON 'Authors.author_id' = 'Books.price';
INSERT INTO "SqlQuery" ("queryId", "userId", "issuedAt", "finishedAt", "hasError", "errorMessage", "statement", "projectId", "queryTypeId")
    VALUES ('1579', '14', '2023-05-30 22:07:11.412108', '2023-05-30 22:07:12.412108', 'False', 'None', 'SELECT Authors.author_id, Books.price FROM Authors RIGHT OUTER JOIN Books ON Authors.author_id = Books.price;', '3', '1');
INSERT INTO "QueryColumnAccess" ("queryId", "columnId")
    VALUES ('1579', '1');
INSERT INTO "QueryColumnAccess" ("queryId", "columnId")
    VALUES ('1579', '6');
INSERT INTO "QueryTableAccess" ("queryId", "tableId")
    VALUES ('1579', '2');
INSERT INTO "QueryTableAccess" ("queryId", "tableId")
    VALUES ('1579', '1');
SELECT 'Authors.first_name', 'Orders.shipping_country' FROM Authors LEFT OUTER JOIN Orders ON 'Authors.first_name' = 'Orders.shipping_country';
INSERT INTO "SqlQuery" ("queryId", "userId", "issuedAt", "finishedAt", "hasError", "errorMessage", "statement", "projectId", "queryTypeId")
    VALUES ('1580', '3', '2023-05-09 22:07:11.412117', '2023-05-09 22:07:14.412117', 'False', 'None', 'SELECT Authors.first_name, Orders.shipping_country FROM Authors LEFT OUTER JOIN Orders ON Authors.first_name = Orders.shipping_country;', '3', '1');
INSERT INTO "QueryColumnAccess" ("queryId", "columnId")
    VALUES ('1580', '2');
INSERT INTO "QueryColumnAccess" ("queryId", "columnId")
    VALUES ('1580', '10');
INSERT INTO "QueryTableAccess" ("queryId", "tableId")
    VALUES ('1580', '2');
INSERT INTO "QueryTableAccess" ("queryId", "tableId")
    VALUES ('1580', '5');
SELECT 'Authors.last_name', 'Customers.last_name' FROM Authors RIGHT OUTER JOIN Customers ON 'Authors.last_name' = 'Customers.last_name';
INSERT INTO "SqlQuery" ("queryId", "userId", "issuedAt", "finishedAt", "hasError", "errorMessage", "statement", "projectId", "queryTypeId")
    VALUES ('1581', '6', '2023-05-21 22:07:11.412126', '2023-05-21 22:07:13.412126', 'False', 'None', 'SELECT Authors.last_name, Customers.last_name FROM Authors RIGHT OUTER JOIN Customers ON Authors.last_name = Customers.last_name;', '3', '1');
INSERT INTO "QueryColumnAccess" ("queryId", "columnId")
    VALUES ('1581', '3');
INSERT INTO "QueryColumnAccess" ("queryId", "columnId")
    VALUES ('1581', '3');
INSERT INTO "QueryTableAccess" ("queryId", "tableId")
    VALUES ('1581', '2');
INSERT INTO "QueryTableAccess" ("queryId", "tableId")
    VALUES ('1581', '4');
SELECT 'Publishers.publisher_id', 'Orders.shipping_country' FROM Publishers NATURAL JOIN Orders ON 'Publishers.publisher_id' = 'Orders.shipping_country';
INSERT INTO "SqlQuery" ("queryId", "userId", "issuedAt", "finishedAt", "hasError", "errorMessage", "statement", "projectId", "queryTypeId")
    VALUES ('1582', '13', '2023-06-08 22:07:11.412135', '2023-06-08 22:07:14.412135', 'False', 'None', 'SELECT Publishers.publisher_id, Orders.shipping_country FROM Publishers NATURAL JOIN Orders ON Publishers.publisher_id = Orders.shipping_country;', '3', '1');
INSERT INTO "QueryColumnAccess" ("queryId", "columnId")
    VALUES ('1582', '1');
INSERT INTO "QueryColumnAccess" ("queryId", "columnId")
    VALUES ('1582', '10');
INSERT INTO "QueryTableAccess" ("queryId", "tableId")
    VALUES ('1582', '3');
INSERT INTO "QueryTableAccess" ("queryId", "tableId")
    VALUES ('1582', '5');
SELECT 'Customers.phone_number', 'Orders.order_id' FROM Customers NATURAL JOIN Orders ON 'Customers.phone_number' = 'Orders.order_id';
INSERT INTO "SqlQuery" ("queryId", "userId", "issuedAt", "finishedAt", "hasError", "errorMessage", "statement", "projectId", "queryTypeId")
    VALUES ('1583', '6', '2023-06-11 22:07:11.412149', '2023-06-11 22:07:13.412149', 'False', 'None', 'SELECT Customers.phone_number, Orders.order_id FROM Customers NATURAL JOIN Orders ON Customers.phone_number = Orders.order_id;', '3', '1');
INSERT INTO "QueryColumnAccess" ("queryId", "columnId")
    VALUES ('1583', '5');
INSERT INTO "QueryColumnAccess" ("queryId", "columnId")
    VALUES ('1583', '1');
INSERT INTO "QueryTableAccess" ("queryId", "tableId")
    VALUES ('1583', '4');
INSERT INTO "QueryTableAccess" ("queryId", "tableId")
    VALUES ('1583', '5');
SELECT 'Books.category_id', 'Orders.order_id' FROM Books NATURAL JOIN Orders ON 'Books.category_id' = 'Orders.order_id';
INSERT INTO "SqlQuery" ("queryId", "userId", "issuedAt", "finishedAt", "hasError", "errorMessage", "statement", "projectId", "queryTypeId")
    VALUES ('1584', '6', '2023-06-29 22:07:11.412158', '2023-06-29 22:07:15.412158', 'False', 'None', 'SELECT Books.category_id, Orders.order_id FROM Books NATURAL JOIN Orders ON Books.category_id = Orders.order_id;', '3', '1');
INSERT INTO "QueryColumnAccess" ("queryId", "columnId")
    VALUES ('1584', '7');
INSERT INTO "QueryColumnAccess" ("queryId", "columnId")
    VALUES ('1584', '1');
INSERT INTO "QueryTableAccess" ("queryId", "tableId")
    VALUES ('1584', '1');
INSERT INTO "QueryTableAccess" ("queryId", "tableId")
    VALUES ('1584', '5');
SELECT 'Books.price', 'Publishers.publisher_name' FROM Books LEFT OUTER JOIN Publishers ON 'Books.price' = 'Publishers.publisher_name';
INSERT INTO "SqlQuery" ("queryId", "userId", "issuedAt", "finishedAt", "hasError", "errorMessage", "statement", "projectId", "queryTypeId")
    VALUES ('1585', '13', '2023-05-20 22:07:11.412168', '2023-05-20 22:07:13.412168', 'False', 'None', 'SELECT Books.price, Publishers.publisher_name FROM Books LEFT OUTER JOIN Publishers ON Books.price = Publishers.publisher_name;', '3', '1');
INSERT INTO "QueryColumnAccess" ("queryId", "columnId")
    VALUES ('1585', '6');
INSERT INTO "QueryColumnAccess" ("queryId", "columnId")
    VALUES ('1585', '2');
INSERT INTO "QueryTableAccess" ("queryId", "tableId")
    VALUES ('1585', '1');
INSERT INTO "QueryTableAccess" ("queryId", "tableId")
    VALUES ('1585', '3');
SELECT 'Orders.customer_id', 'Customers.state' FROM Orders NATURAL JOIN Customers ON 'Orders.customer_id' = 'Customers.state';
INSERT INTO "SqlQuery" ("queryId", "userId", "issuedAt", "finishedAt", "hasError", "errorMessage", "statement", "projectId", "queryTypeId")
    VALUES ('1586', '6', '2023-04-15 22:07:11.412176', '2023-04-15 22:07:14.412176', 'False', 'None', 'SELECT Orders.customer_id, Customers.state FROM Orders NATURAL JOIN Customers ON Orders.customer_id = Customers.state;', '3', '1');
INSERT INTO "QueryColumnAccess" ("queryId", "columnId")
    VALUES ('1586', '2');
INSERT INTO "QueryColumnAccess" ("queryId", "columnId")
    VALUES ('1586', '8');
INSERT INTO "QueryTableAccess" ("queryId", "tableId")
    VALUES ('1586', '5');
INSERT INTO "QueryTableAccess" ("queryId", "tableId")
    VALUES ('1586', '4');
SELECT 'Books.publication_date', 'Publishers.established_date' FROM Books NATURAL JOIN Publishers ON 'Books.publication_date' = 'Publishers.established_date';
INSERT INTO "SqlQuery" ("queryId", "userId", "issuedAt", "finishedAt", "hasError", "errorMessage", "statement", "projectId", "queryTypeId")
    VALUES ('1587', '7', '2023-04-21 22:07:11.412186', '2023-04-21 22:07:14.412186', 'False', 'None', 'SELECT Books.publication_date, Publishers.established_date FROM Books NATURAL JOIN Publishers ON Books.publication_date = Publishers.established_date;', '3', '1');
INSERT INTO "QueryColumnAccess" ("queryId", "columnId")
    VALUES ('1587', '4');
INSERT INTO "QueryColumnAccess" ("queryId", "columnId")
    VALUES ('1587', '3');
INSERT INTO "QueryTableAccess" ("queryId", "tableId")
    VALUES ('1587', '1');
INSERT INTO "QueryTableAccess" ("queryId", "tableId")
    VALUES ('1587', '3');
SELECT 'Books.category_id', 'Customers.email' FROM Books LEFT OUTER JOIN Customers ON 'Books.category_id' = 'Customers.email';
INSERT INTO "SqlQuery" ("queryId", "userId", "issuedAt", "finishedAt", "hasError", "errorMessage", "statement", "projectId", "queryTypeId")
    VALUES ('1588', '10', '2023-05-02 22:07:11.412195', '2023-05-02 22:07:12.412195', 'False', 'None', 'SELECT Books.category_id, Customers.email FROM Books LEFT OUTER JOIN Customers ON Books.category_id = Customers.email;', '3', '1');
INSERT INTO "QueryColumnAccess" ("queryId", "columnId")
    VALUES ('1588', '7');
INSERT INTO "QueryColumnAccess" ("queryId", "columnId")
    VALUES ('1588', '4');
INSERT INTO "QueryTableAccess" ("queryId", "tableId")
    VALUES ('1588', '1');
INSERT INTO "QueryTableAccess" ("queryId", "tableId")
    VALUES ('1588', '4');
SELECT 'Publishers.publisher_id', 'Orders.shipping_country' FROM Publishers RIGHT OUTER JOIN Orders ON 'Publishers.publisher_id' = 'Orders.shipping_country';
INSERT INTO "SqlQuery" ("queryId", "userId", "issuedAt", "finishedAt", "hasError", "errorMessage", "statement", "projectId", "queryTypeId")
    VALUES ('1589', '6', '2023-04-15 22:07:11.412204', '2023-04-15 22:07:14.412204', 'False', 'None', 'SELECT Publishers.publisher_id, Orders.shipping_country FROM Publishers RIGHT OUTER JOIN Orders ON Publishers.publisher_id = Orders.shipping_country;', '3', '1');
INSERT INTO "QueryColumnAccess" ("queryId", "columnId")
    VALUES ('1589', '1');
INSERT INTO "QueryColumnAccess" ("queryId", "columnId")
    VALUES ('1589', '10');
INSERT INTO "QueryTableAccess" ("queryId", "tableId")
    VALUES ('1589', '3');
INSERT INTO "QueryTableAccess" ("queryId", "tableId")
    VALUES ('1589', '5');
SELECT 'Books.book_id', 'Customers.country' FROM Books NATURAL JOIN Customers ON 'Books.book_id' = 'Customers.country';
INSERT INTO "SqlQuery" ("queryId", "userId", "issuedAt", "finishedAt", "hasError", "errorMessage", "statement", "projectId", "queryTypeId")
    VALUES ('1590', '6', '2023-06-02 22:07:11.412213', '2023-06-02 22:07:12.412213', 'False', 'None', 'SELECT Books.book_id, Customers.country FROM Books NATURAL JOIN Customers ON Books.book_id = Customers.country;', '3', '1');
INSERT INTO "QueryColumnAccess" ("queryId", "columnId")
    VALUES ('1590', '1');
INSERT INTO "QueryColumnAccess" ("queryId", "columnId")
    VALUES ('1590', '10');
INSERT INTO "QueryTableAccess" ("queryId", "tableId")
    VALUES ('1590', '1');
INSERT INTO "QueryTableAccess" ("queryId", "tableId")
    VALUES ('1590', '4');
SELECT 'Authors.last_name', 'Publishers.website' FROM Authors NATURAL JOIN Publishers ON 'Authors.last_name' = 'Publishers.website';
INSERT INTO "SqlQuery" ("queryId", "userId", "issuedAt", "finishedAt", "hasError", "errorMessage", "statement", "projectId", "queryTypeId")
    VALUES ('1591', '6', '2023-06-18 22:07:11.412223', '2023-06-18 22:07:14.412223', 'False', 'None', 'SELECT Authors.last_name, Publishers.website FROM Authors NATURAL JOIN Publishers ON Authors.last_name = Publishers.website;', '3', '1');
INSERT INTO "QueryColumnAccess" ("queryId", "columnId")
    VALUES ('1591', '3');
INSERT INTO "QueryColumnAccess" ("queryId", "columnId")
    VALUES ('1591', '5');
INSERT INTO "QueryTableAccess" ("queryId", "tableId")
    VALUES ('1591', '2');
INSERT INTO "QueryTableAccess" ("queryId", "tableId")
    VALUES ('1591', '3');
SELECT 'Authors.birth_date', 'Orders.customer_id' FROM Authors RIGHT OUTER JOIN Orders ON 'Authors.birth_date' = 'Orders.customer_id';
INSERT INTO "SqlQuery" ("queryId", "userId", "issuedAt", "finishedAt", "hasError", "errorMessage", "statement", "projectId", "queryTypeId")
    VALUES ('1592', '4', '2023-06-17 22:07:11.412231', '2023-06-17 22:07:13.412231', 'False', 'None', 'SELECT Authors.birth_date, Orders.customer_id FROM Authors RIGHT OUTER JOIN Orders ON Authors.birth_date = Orders.customer_id;', '3', '1');
INSERT INTO "QueryColumnAccess" ("queryId", "columnId")
    VALUES ('1592', '4');
INSERT INTO "QueryColumnAccess" ("queryId", "columnId")
    VALUES ('1592', '2');
INSERT INTO "QueryTableAccess" ("queryId", "tableId")
    VALUES ('1592', '2');
INSERT INTO "QueryTableAccess" ("queryId", "tableId")
    VALUES ('1592', '5');
SELECT 'Customers.customer_id', 'Authors.first_name' FROM Customers RIGHT OUTER JOIN Authors ON 'Customers.customer_id' = 'Authors.first_name';
INSERT INTO "SqlQuery" ("queryId", "userId", "issuedAt", "finishedAt", "hasError", "errorMessage", "statement", "projectId", "queryTypeId")
    VALUES ('1593', '3', '2023-05-18 22:07:11.412247', '2023-05-18 22:07:15.412247', 'False', 'None', 'SELECT Customers.customer_id, Authors.first_name FROM Customers RIGHT OUTER JOIN Authors ON Customers.customer_id = Authors.first_name;', '3', '1');
INSERT INTO "QueryColumnAccess" ("queryId", "columnId")
    VALUES ('1593', '1');
INSERT INTO "QueryColumnAccess" ("queryId", "columnId")
    VALUES ('1593', '2');
INSERT INTO "QueryTableAccess" ("queryId", "tableId")
    VALUES ('1593', '4');
INSERT INTO "QueryTableAccess" ("queryId", "tableId")
    VALUES ('1593', '2');
SELECT 'Authors.last_name', 'Customers.address' FROM Authors NATURAL JOIN Customers ON 'Authors.last_name' = 'Customers.address';
INSERT INTO "SqlQuery" ("queryId", "userId", "issuedAt", "finishedAt", "hasError", "errorMessage", "statement", "projectId", "queryTypeId")
    VALUES ('1594', '9', '2023-05-01 22:07:11.412256', '2023-05-01 22:07:13.412256', 'False', 'None', 'SELECT Authors.last_name, Customers.address FROM Authors NATURAL JOIN Customers ON Authors.last_name = Customers.address;', '3', '1');
INSERT INTO "QueryColumnAccess" ("queryId", "columnId")
    VALUES ('1594', '3');
INSERT INTO "QueryColumnAccess" ("queryId", "columnId")
    VALUES ('1594', '6');
INSERT INTO "QueryTableAccess" ("queryId", "tableId")
    VALUES ('1594', '2');
INSERT INTO "QueryTableAccess" ("queryId", "tableId")
    VALUES ('1594', '4');
SELECT 'Publishers.country', 'Orders.order_date' FROM Publishers LEFT OUTER JOIN Orders ON 'Publishers.country' = 'Orders.order_date';
INSERT INTO "SqlQuery" ("queryId", "userId", "issuedAt", "finishedAt", "hasError", "errorMessage", "statement", "projectId", "queryTypeId")
    VALUES ('1595', '3', '2023-05-09 22:07:11.412265', '2023-05-09 22:07:15.412265', 'False', 'None', 'SELECT Publishers.country, Orders.order_date FROM Publishers LEFT OUTER JOIN Orders ON Publishers.country = Orders.order_date;', '3', '1');
INSERT INTO "QueryColumnAccess" ("queryId", "columnId")
    VALUES ('1595', '4');
INSERT INTO "QueryColumnAccess" ("queryId", "columnId")
    VALUES ('1595', '3');
INSERT INTO "QueryTableAccess" ("queryId", "tableId")
    VALUES ('1595', '3');
INSERT INTO "QueryTableAccess" ("queryId", "tableId")
    VALUES ('1595', '5');
SELECT 'Orders.total_amount', 'Customers.first_name' FROM Orders RIGHT OUTER JOIN Customers ON 'Orders.total_amount' = 'Customers.first_name';
INSERT INTO "SqlQuery" ("queryId", "userId", "issuedAt", "finishedAt", "hasError", "errorMessage", "statement", "projectId", "queryTypeId")
    VALUES ('1596', '12', '2023-05-31 22:07:11.412274', '2023-05-31 22:07:13.412274', 'False', 'None', 'SELECT Orders.total_amount, Customers.first_name FROM Orders RIGHT OUTER JOIN Customers ON Orders.total_amount = Customers.first_name;', '3', '1');
INSERT INTO "QueryColumnAccess" ("queryId", "columnId")
    VALUES ('1596', '4');
INSERT INTO "QueryColumnAccess" ("queryId", "columnId")
    VALUES ('1596', '2');
INSERT INTO "QueryTableAccess" ("queryId", "tableId")
    VALUES ('1596', '5');
INSERT INTO "QueryTableAccess" ("queryId", "tableId")
    VALUES ('1596', '4');
SELECT 'Books.title', 'Publishers.publisher_id' FROM Books NATURAL JOIN Publishers ON 'Books.title' = 'Publishers.publisher_id';
INSERT INTO "SqlQuery" ("queryId", "userId", "issuedAt", "finishedAt", "hasError", "errorMessage", "statement", "projectId", "queryTypeId")
    VALUES ('1597', '14', '2023-04-19 22:07:11.412282', '2023-04-19 22:07:12.412282', 'False', 'None', 'SELECT Books.title, Publishers.publisher_id FROM Books NATURAL JOIN Publishers ON Books.title = Publishers.publisher_id;', '3', '1');
INSERT INTO "QueryColumnAccess" ("queryId", "columnId")
    VALUES ('1597', '2');
INSERT INTO "QueryColumnAccess" ("queryId", "columnId")
    VALUES ('1597', '1');
INSERT INTO "QueryTableAccess" ("queryId", "tableId")
    VALUES ('1597', '1');
INSERT INTO "QueryTableAccess" ("queryId", "tableId")
    VALUES ('1597', '3');
SELECT 'Publishers.established_date', 'Customers.last_name' FROM Publishers RIGHT OUTER JOIN Customers ON 'Publishers.established_date' = 'Customers.last_name';
INSERT INTO "SqlQuery" ("queryId", "userId", "issuedAt", "finishedAt", "hasError", "errorMessage", "statement", "projectId", "queryTypeId")
    VALUES ('1598', '8', '2023-06-23 22:07:11.412291', '2023-06-23 22:07:12.412291', 'False', 'None', 'SELECT Publishers.established_date, Customers.last_name FROM Publishers RIGHT OUTER JOIN Customers ON Publishers.established_date = Customers.last_name;', '3', '1');
INSERT INTO "QueryColumnAccess" ("queryId", "columnId")
    VALUES ('1598', '3');
INSERT INTO "QueryColumnAccess" ("queryId", "columnId")
    VALUES ('1598', '3');
INSERT INTO "QueryTableAccess" ("queryId", "tableId")
    VALUES ('1598', '3');
INSERT INTO "QueryTableAccess" ("queryId", "tableId")
    VALUES ('1598', '4');
SELECT 'Orders.shipping_state', 'Authors.country' FROM Orders NATURAL JOIN Authors ON 'Orders.shipping_state' = 'Authors.country';
INSERT INTO "SqlQuery" ("queryId", "userId", "issuedAt", "finishedAt", "hasError", "errorMessage", "statement", "projectId", "queryTypeId")
    VALUES ('1599', '5', '2023-05-01 22:07:11.412300', '2023-05-01 22:07:13.412300', 'False', 'None', 'SELECT Orders.shipping_state, Authors.country FROM Orders NATURAL JOIN Authors ON Orders.shipping_state = Authors.country;', '3', '1');
INSERT INTO "QueryColumnAccess" ("queryId", "columnId")
    VALUES ('1599', '8');
INSERT INTO "QueryColumnAccess" ("queryId", "columnId")
    VALUES ('1599', '5');
INSERT INTO "QueryTableAccess" ("queryId", "tableId")
    VALUES ('1599', '5');
INSERT INTO "QueryTableAccess" ("queryId", "tableId")
    VALUES ('1599', '2');
SELECT 'Authors.first_name', 'Customers.zip_code' FROM Authors RIGHT OUTER JOIN Customers ON 'Authors.first_name' = 'Customers.zip_code';
INSERT INTO "SqlQuery" ("queryId", "userId", "issuedAt", "finishedAt", "hasError", "errorMessage", "statement", "projectId", "queryTypeId")
    VALUES ('1600', '3', '2023-07-04 22:07:11.412309', '2023-07-04 22:07:14.412309', 'False', 'None', 'SELECT Authors.first_name, Customers.zip_code FROM Authors RIGHT OUTER JOIN Customers ON Authors.first_name = Customers.zip_code;', '3', '1');
INSERT INTO "QueryColumnAccess" ("queryId", "columnId")
    VALUES ('1600', '2');
INSERT INTO "QueryColumnAccess" ("queryId", "columnId")
    VALUES ('1600', '9');
INSERT INTO "QueryTableAccess" ("queryId", "tableId")
    VALUES ('1600', '2');
INSERT INTO "QueryTableAccess" ("queryId", "tableId")
    VALUES ('1600', '4');
SELECT 'Authors.author_id', 'Books.price' FROM Authors LEFT OUTER JOIN Books ON 'Authors.author_id' = 'Books.price';
INSERT INTO "SqlQuery" ("queryId", "userId", "issuedAt", "finishedAt", "hasError", "errorMessage", "statement", "projectId", "queryTypeId")
    VALUES ('1601', '10', '2023-05-08 22:07:11.412317', '2023-05-08 22:07:14.412317', 'False', 'None', 'SELECT Authors.author_id, Books.price FROM Authors LEFT OUTER JOIN Books ON Authors.author_id = Books.price;', '3', '1');
INSERT INTO "QueryColumnAccess" ("queryId", "columnId")
    VALUES ('1601', '1');
INSERT INTO "QueryColumnAccess" ("queryId", "columnId")
    VALUES ('1601', '6');
INSERT INTO "QueryTableAccess" ("queryId", "tableId")
    VALUES ('1601', '2');
INSERT INTO "QueryTableAccess" ("queryId", "tableId")
    VALUES ('1601', '1');
SELECT 'Books.category_id', 'Authors.last_name' FROM Books NATURAL JOIN Authors ON 'Books.category_id' = 'Authors.last_name';
INSERT INTO "SqlQuery" ("queryId", "userId", "issuedAt", "finishedAt", "hasError", "errorMessage", "statement", "projectId", "queryTypeId")
    VALUES ('1602', '7', '2023-07-09 22:07:11.412331', '2023-07-09 22:07:15.412331', 'False', 'None', 'SELECT Books.category_id, Authors.last_name FROM Books NATURAL JOIN Authors ON Books.category_id = Authors.last_name;', '3', '1');
INSERT INTO "QueryColumnAccess" ("queryId", "columnId")
    VALUES ('1602', '7');
INSERT INTO "QueryColumnAccess" ("queryId", "columnId")
    VALUES ('1602', '3');
INSERT INTO "QueryTableAccess" ("queryId", "tableId")
    VALUES ('1602', '1');
INSERT INTO "QueryTableAccess" ("queryId", "tableId")
    VALUES ('1602', '2');
SELECT 'Books.title', 'Orders.customer_id' FROM Books RIGHT OUTER JOIN Orders ON 'Books.title' = 'Orders.customer_id';
INSERT INTO "SqlQuery" ("queryId", "userId", "issuedAt", "finishedAt", "hasError", "errorMessage", "statement", "projectId", "queryTypeId")
    VALUES ('1603', '2', '2023-07-08 22:07:11.412340', '2023-07-08 22:07:13.412340', 'False', 'None', 'SELECT Books.title, Orders.customer_id FROM Books RIGHT OUTER JOIN Orders ON Books.title = Orders.customer_id;', '3', '1');
INSERT INTO "QueryColumnAccess" ("queryId", "columnId")
    VALUES ('1603', '2');
INSERT INTO "QueryColumnAccess" ("queryId", "columnId")
    VALUES ('1603', '2');
INSERT INTO "QueryTableAccess" ("queryId", "tableId")
    VALUES ('1603', '1');
INSERT INTO "QueryTableAccess" ("queryId", "tableId")
    VALUES ('1603', '5');
SELECT 'Authors.author_id', 'Books.category_id' FROM Authors NATURAL JOIN Books ON 'Authors.author_id' = 'Books.category_id';
INSERT INTO "SqlQuery" ("queryId", "userId", "issuedAt", "finishedAt", "hasError", "errorMessage", "statement", "projectId", "queryTypeId")
    VALUES ('1604', '14', '2023-06-30 22:07:11.412349', '2023-06-30 22:07:15.412349', 'False', 'None', 'SELECT Authors.author_id, Books.category_id FROM Authors NATURAL JOIN Books ON Authors.author_id = Books.category_id;', '3', '1');
INSERT INTO "QueryColumnAccess" ("queryId", "columnId")
    VALUES ('1604', '1');
INSERT INTO "QueryColumnAccess" ("queryId", "columnId")
    VALUES ('1604', '7');
INSERT INTO "QueryTableAccess" ("queryId", "tableId")
    VALUES ('1604', '2');
INSERT INTO "QueryTableAccess" ("queryId", "tableId")
    VALUES ('1604', '1');
SELECT 'Publishers.country', 'Customers.last_name' FROM Publishers NATURAL JOIN Customers ON 'Publishers.country' = 'Customers.last_name';
INSERT INTO "SqlQuery" ("queryId", "userId", "issuedAt", "finishedAt", "hasError", "errorMessage", "statement", "projectId", "queryTypeId")
    VALUES ('1605', '15', '2023-04-23 22:07:11.412357', '2023-04-23 22:07:14.412357', 'False', 'None', 'SELECT Publishers.country, Customers.last_name FROM Publishers NATURAL JOIN Customers ON Publishers.country = Customers.last_name;', '3', '1');
INSERT INTO "QueryColumnAccess" ("queryId", "columnId")
    VALUES ('1605', '4');
INSERT INTO "QueryColumnAccess" ("queryId", "columnId")
    VALUES ('1605', '3');
INSERT INTO "QueryTableAccess" ("queryId", "tableId")
    VALUES ('1605', '3');
INSERT INTO "QueryTableAccess" ("queryId", "tableId")
    VALUES ('1605', '4');
SELECT 'Customers.address', 'Orders.order_id' FROM Customers NATURAL JOIN Orders ON 'Customers.address' = 'Orders.order_id';
INSERT INTO "SqlQuery" ("queryId", "userId", "issuedAt", "finishedAt", "hasError", "errorMessage", "statement", "projectId", "queryTypeId")
    VALUES ('1606', '6', '2023-04-22 22:07:11.412366', '2023-04-22 22:07:14.412366', 'False', 'None', 'SELECT Customers.address, Orders.order_id FROM Customers NATURAL JOIN Orders ON Customers.address = Orders.order_id;', '3', '1');
INSERT INTO "QueryColumnAccess" ("queryId", "columnId")
    VALUES ('1606', '6');
INSERT INTO "QueryColumnAccess" ("queryId", "columnId")
    VALUES ('1606', '1');
INSERT INTO "QueryTableAccess" ("queryId", "tableId")
    VALUES ('1606', '4');
INSERT INTO "QueryTableAccess" ("queryId", "tableId")
    VALUES ('1606', '5');
SELECT 'Authors.first_name', 'Customers.phone_number' FROM Authors LEFT OUTER JOIN Customers ON 'Authors.first_name' = 'Customers.phone_number';
INSERT INTO "SqlQuery" ("queryId", "userId", "issuedAt", "finishedAt", "hasError", "errorMessage", "statement", "projectId", "queryTypeId")
    VALUES ('1607', '5', '2023-04-18 22:07:11.412375', '2023-04-18 22:07:15.412375', 'False', 'None', 'SELECT Authors.first_name, Customers.phone_number FROM Authors LEFT OUTER JOIN Customers ON Authors.first_name = Customers.phone_number;', '3', '1');
INSERT INTO "QueryColumnAccess" ("queryId", "columnId")
    VALUES ('1607', '2');
INSERT INTO "QueryColumnAccess" ("queryId", "columnId")
    VALUES ('1607', '5');
INSERT INTO "QueryTableAccess" ("queryId", "tableId")
    VALUES ('1607', '2');
INSERT INTO "QueryTableAccess" ("queryId", "tableId")
    VALUES ('1607', '4');
SELECT 'Orders.customer_id', 'Customers.customer_id' FROM Orders RIGHT OUTER JOIN Customers ON 'Orders.customer_id' = 'Customers.customer_id';
INSERT INTO "SqlQuery" ("queryId", "userId", "issuedAt", "finishedAt", "hasError", "errorMessage", "statement", "projectId", "queryTypeId")
    VALUES ('1608', '10', '2023-07-07 22:07:11.412384', '2023-07-07 22:07:12.412384', 'False', 'None', 'SELECT Orders.customer_id, Customers.customer_id FROM Orders RIGHT OUTER JOIN Customers ON Orders.customer_id = Customers.customer_id;', '3', '1');
INSERT INTO "QueryColumnAccess" ("queryId", "columnId")
    VALUES ('1608', '2');
INSERT INTO "QueryColumnAccess" ("queryId", "columnId")
    VALUES ('1608', '1');
INSERT INTO "QueryTableAccess" ("queryId", "tableId")
    VALUES ('1608', '5');
INSERT INTO "QueryTableAccess" ("queryId", "tableId")
    VALUES ('1608', '4');
SELECT 'Orders.total_amount', 'Publishers.publisher_name' FROM Orders RIGHT OUTER JOIN Publishers ON 'Orders.total_amount' = 'Publishers.publisher_name';
INSERT INTO "SqlQuery" ("queryId", "userId", "issuedAt", "finishedAt", "hasError", "errorMessage", "statement", "projectId", "queryTypeId")
    VALUES ('1609', '6', '2023-04-30 22:07:11.412394', '2023-04-30 22:07:13.412394', 'False', 'None', 'SELECT Orders.total_amount, Publishers.publisher_name FROM Orders RIGHT OUTER JOIN Publishers ON Orders.total_amount = Publishers.publisher_name;', '3', '1');
INSERT INTO "QueryColumnAccess" ("queryId", "columnId")
    VALUES ('1609', '4');
INSERT INTO "QueryColumnAccess" ("queryId", "columnId")
    VALUES ('1609', '2');
INSERT INTO "QueryTableAccess" ("queryId", "tableId")
    VALUES ('1609', '5');
INSERT INTO "QueryTableAccess" ("queryId", "tableId")
    VALUES ('1609', '3');
SELECT 'Authors.author_id', 'Publishers.publisher_id' FROM Authors LEFT OUTER JOIN Publishers ON 'Authors.author_id' = 'Publishers.publisher_id';
INSERT INTO "SqlQuery" ("queryId", "userId", "issuedAt", "finishedAt", "hasError", "errorMessage", "statement", "projectId", "queryTypeId")
    VALUES ('1610', '10', '2023-05-22 22:07:11.412403', '2023-05-22 22:07:13.412403', 'False', 'None', 'SELECT Authors.author_id, Publishers.publisher_id FROM Authors LEFT OUTER JOIN Publishers ON Authors.author_id = Publishers.publisher_id;', '3', '1');
INSERT INTO "QueryColumnAccess" ("queryId", "columnId")
    VALUES ('1610', '1');
INSERT INTO "QueryColumnAccess" ("queryId", "columnId")
    VALUES ('1610', '1');
INSERT INTO "QueryTableAccess" ("queryId", "tableId")
    VALUES ('1610', '2');
INSERT INTO "QueryTableAccess" ("queryId", "tableId")
    VALUES ('1610', '3');
SELECT 'Orders.shipping_zip_code', 'Publishers.publisher_name' FROM Orders LEFT OUTER JOIN Publishers ON 'Orders.shipping_zip_code' = 'Publishers.publisher_name';
INSERT INTO "SqlQuery" ("queryId", "userId", "issuedAt", "finishedAt", "hasError", "errorMessage", "statement", "projectId", "queryTypeId")
    VALUES ('1611', '15', '2023-05-25 22:07:11.412412', '2023-05-25 22:07:14.412412', 'False', 'None', 'SELECT Orders.shipping_zip_code, Publishers.publisher_name FROM Orders LEFT OUTER JOIN Publishers ON Orders.shipping_zip_code = Publishers.publisher_name;', '3', '1');
INSERT INTO "QueryColumnAccess" ("queryId", "columnId")
    VALUES ('1611', '9');
INSERT INTO "QueryColumnAccess" ("queryId", "columnId")
    VALUES ('1611', '2');
INSERT INTO "QueryTableAccess" ("queryId", "tableId")
    VALUES ('1611', '5');
INSERT INTO "QueryTableAccess" ("queryId", "tableId")
    VALUES ('1611', '3');
SELECT 'Customers.zip_code', 'Orders.shipping_zip_code' FROM Customers LEFT OUTER JOIN Orders ON 'Customers.zip_code' = 'Orders.shipping_zip_code';
INSERT INTO "SqlQuery" ("queryId", "userId", "issuedAt", "finishedAt", "hasError", "errorMessage", "statement", "projectId", "queryTypeId")
    VALUES ('1612', '4', '2023-04-12 22:07:11.412424', '2023-04-12 22:07:13.412424', 'False', 'None', 'SELECT Customers.zip_code, Orders.shipping_zip_code FROM Customers LEFT OUTER JOIN Orders ON Customers.zip_code = Orders.shipping_zip_code;', '3', '1');
INSERT INTO "QueryColumnAccess" ("queryId", "columnId")
    VALUES ('1612', '9');
INSERT INTO "QueryColumnAccess" ("queryId", "columnId")
    VALUES ('1612', '9');
INSERT INTO "QueryTableAccess" ("queryId", "tableId")
    VALUES ('1612', '4');
INSERT INTO "QueryTableAccess" ("queryId", "tableId")
    VALUES ('1612', '5');
SELECT 'Customers.state', 'Authors.country' FROM Customers RIGHT OUTER JOIN Authors ON 'Customers.state' = 'Authors.country';
INSERT INTO "SqlQuery" ("queryId", "userId", "issuedAt", "finishedAt", "hasError", "errorMessage", "statement", "projectId", "queryTypeId")
    VALUES ('1613', '15', '2023-04-23 22:07:11.412433', '2023-04-23 22:07:13.412433', 'False', 'None', 'SELECT Customers.state, Authors.country FROM Customers RIGHT OUTER JOIN Authors ON Customers.state = Authors.country;', '3', '1');
INSERT INTO "QueryColumnAccess" ("queryId", "columnId")
    VALUES ('1613', '8');
INSERT INTO "QueryColumnAccess" ("queryId", "columnId")
    VALUES ('1613', '5');
INSERT INTO "QueryTableAccess" ("queryId", "tableId")
    VALUES ('1613', '4');
INSERT INTO "QueryTableAccess" ("queryId", "tableId")
    VALUES ('1613', '2');
SELECT 'Orders.shipping_state', 'Customers.zip_code' FROM Orders LEFT OUTER JOIN Customers ON 'Orders.shipping_state' = 'Customers.zip_code';
INSERT INTO "SqlQuery" ("queryId", "userId", "issuedAt", "finishedAt", "hasError", "errorMessage", "statement", "projectId", "queryTypeId")
    VALUES ('1614', '13', '2023-04-19 22:07:11.412442', '2023-04-19 22:07:12.412442', 'False', 'None', 'SELECT Orders.shipping_state, Customers.zip_code FROM Orders LEFT OUTER JOIN Customers ON Orders.shipping_state = Customers.zip_code;', '3', '1');
INSERT INTO "QueryColumnAccess" ("queryId", "columnId")
    VALUES ('1614', '8');
INSERT INTO "QueryColumnAccess" ("queryId", "columnId")
    VALUES ('1614', '9');
INSERT INTO "QueryTableAccess" ("queryId", "tableId")
    VALUES ('1614', '5');
INSERT INTO "QueryTableAccess" ("queryId", "tableId")
    VALUES ('1614', '4');
SELECT 'Customers.state', 'Orders.shipping_zip_code' FROM Customers LEFT OUTER JOIN Orders ON 'Customers.state' = 'Orders.shipping_zip_code';
INSERT INTO "SqlQuery" ("queryId", "userId", "issuedAt", "finishedAt", "hasError", "errorMessage", "statement", "projectId", "queryTypeId")
    VALUES ('1615', '14', '2023-06-17 22:07:11.412451', '2023-06-17 22:07:12.412451', 'False', 'None', 'SELECT Customers.state, Orders.shipping_zip_code FROM Customers LEFT OUTER JOIN Orders ON Customers.state = Orders.shipping_zip_code;', '3', '1');
INSERT INTO "QueryColumnAccess" ("queryId", "columnId")
    VALUES ('1615', '8');
INSERT INTO "QueryColumnAccess" ("queryId", "columnId")
    VALUES ('1615', '9');
INSERT INTO "QueryTableAccess" ("queryId", "tableId")
    VALUES ('1615', '4');
INSERT INTO "QueryTableAccess" ("queryId", "tableId")
    VALUES ('1615', '5');
SELECT 'Books.author', 'Orders.shipping_zip_code' FROM Books RIGHT OUTER JOIN Orders ON 'Books.author' = 'Orders.shipping_zip_code';
INSERT INTO "SqlQuery" ("queryId", "userId", "issuedAt", "finishedAt", "hasError", "errorMessage", "statement", "projectId", "queryTypeId")
    VALUES ('1616', '11', '2023-04-17 22:07:11.412460', '2023-04-17 22:07:12.412460', 'False', 'None', 'SELECT Books.author, Orders.shipping_zip_code FROM Books RIGHT OUTER JOIN Orders ON Books.author = Orders.shipping_zip_code;', '3', '1');
INSERT INTO "QueryColumnAccess" ("queryId", "columnId")
    VALUES ('1616', '3');
INSERT INTO "QueryColumnAccess" ("queryId", "columnId")
    VALUES ('1616', '9');
INSERT INTO "QueryTableAccess" ("queryId", "tableId")
    VALUES ('1616', '1');
INSERT INTO "QueryTableAccess" ("queryId", "tableId")
    VALUES ('1616', '5');
SELECT 'Publishers.established_date', 'Orders.shipping_state' FROM Publishers RIGHT OUTER JOIN Orders ON 'Publishers.established_date' = 'Orders.shipping_state';
INSERT INTO "SqlQuery" ("queryId", "userId", "issuedAt", "finishedAt", "hasError", "errorMessage", "statement", "projectId", "queryTypeId")
    VALUES ('1617', '10', '2023-05-16 22:07:11.412469', '2023-05-16 22:07:13.412469', 'False', 'None', 'SELECT Publishers.established_date, Orders.shipping_state FROM Publishers RIGHT OUTER JOIN Orders ON Publishers.established_date = Orders.shipping_state;', '3', '1');
INSERT INTO "QueryColumnAccess" ("queryId", "columnId")
    VALUES ('1617', '3');
INSERT INTO "QueryColumnAccess" ("queryId", "columnId")
    VALUES ('1617', '8');
INSERT INTO "QueryTableAccess" ("queryId", "tableId")
    VALUES ('1617', '3');
INSERT INTO "QueryTableAccess" ("queryId", "tableId")
    VALUES ('1617', '5');
SELECT 'Authors.birth_date', 'Customers.phone_number' FROM Authors LEFT OUTER JOIN Customers ON 'Authors.birth_date' = 'Customers.phone_number';
INSERT INTO "SqlQuery" ("queryId", "userId", "issuedAt", "finishedAt", "hasError", "errorMessage", "statement", "projectId", "queryTypeId")
    VALUES ('1618', '14', '2023-07-10 22:07:11.412478', '2023-07-10 22:07:14.412478', 'False', 'None', 'SELECT Authors.birth_date, Customers.phone_number FROM Authors LEFT OUTER JOIN Customers ON Authors.birth_date = Customers.phone_number;', '3', '1');
INSERT INTO "QueryColumnAccess" ("queryId", "columnId")
    VALUES ('1618', '4');
INSERT INTO "QueryColumnAccess" ("queryId", "columnId")
    VALUES ('1618', '5');
INSERT INTO "QueryTableAccess" ("queryId", "tableId")
    VALUES ('1618', '2');
INSERT INTO "QueryTableAccess" ("queryId", "tableId")
    VALUES ('1618', '4');
SELECT 'Customers.address', 'Orders.shipping_zip_code' FROM Customers NATURAL JOIN Orders ON 'Customers.address' = 'Orders.shipping_zip_code';
INSERT INTO "SqlQuery" ("queryId", "userId", "issuedAt", "finishedAt", "hasError", "errorMessage", "statement", "projectId", "queryTypeId")
    VALUES ('1619', '9', '2023-04-14 22:07:11.412487', '2023-04-14 22:07:14.412487', 'False', 'None', 'SELECT Customers.address, Orders.shipping_zip_code FROM Customers NATURAL JOIN Orders ON Customers.address = Orders.shipping_zip_code;', '3', '1');
INSERT INTO "QueryColumnAccess" ("queryId", "columnId")
    VALUES ('1619', '6');
INSERT INTO "QueryColumnAccess" ("queryId", "columnId")
    VALUES ('1619', '9');
INSERT INTO "QueryTableAccess" ("queryId", "tableId")
    VALUES ('1619', '4');
INSERT INTO "QueryTableAccess" ("queryId", "tableId")
    VALUES ('1619', '5');
SELECT 'Publishers.website', 'Orders.shipping_address' FROM Publishers LEFT OUTER JOIN Orders ON 'Publishers.website' = 'Orders.shipping_address';
INSERT INTO "SqlQuery" ("queryId", "userId", "issuedAt", "finishedAt", "hasError", "errorMessage", "statement", "projectId", "queryTypeId")
    VALUES ('1620', '9', '2023-05-18 22:07:11.412496', '2023-05-18 22:07:12.412496', 'False', 'None', 'SELECT Publishers.website, Orders.shipping_address FROM Publishers LEFT OUTER JOIN Orders ON Publishers.website = Orders.shipping_address;', '3', '1');
INSERT INTO "QueryColumnAccess" ("queryId", "columnId")
    VALUES ('1620', '5');
INSERT INTO "QueryColumnAccess" ("queryId", "columnId")
    VALUES ('1620', '6');
INSERT INTO "QueryTableAccess" ("queryId", "tableId")
    VALUES ('1620', '3');
INSERT INTO "QueryTableAccess" ("queryId", "tableId")
    VALUES ('1620', '5');
SELECT 'Customers.first_name', 'Orders.shipping_country' FROM Customers LEFT OUTER JOIN Orders ON 'Customers.first_name' = 'Orders.shipping_country';
INSERT INTO "SqlQuery" ("queryId", "userId", "issuedAt", "finishedAt", "hasError", "errorMessage", "statement", "projectId", "queryTypeId")
    VALUES ('1621', '14', '2023-07-05 22:07:11.412511', '2023-07-05 22:07:15.412511', 'False', 'None', 'SELECT Customers.first_name, Orders.shipping_country FROM Customers LEFT OUTER JOIN Orders ON Customers.first_name = Orders.shipping_country;', '3', '1');
INSERT INTO "QueryColumnAccess" ("queryId", "columnId")
    VALUES ('1621', '2');
INSERT INTO "QueryColumnAccess" ("queryId", "columnId")
    VALUES ('1621', '10');
INSERT INTO "QueryTableAccess" ("queryId", "tableId")
    VALUES ('1621', '4');
INSERT INTO "QueryTableAccess" ("queryId", "tableId")
    VALUES ('1621', '5');
SELECT 'Publishers.country', 'Authors.author_id' FROM Publishers RIGHT OUTER JOIN Authors ON 'Publishers.country' = 'Authors.author_id';
INSERT INTO "SqlQuery" ("queryId", "userId", "issuedAt", "finishedAt", "hasError", "errorMessage", "statement", "projectId", "queryTypeId")
    VALUES ('1622', '4', '2023-05-08 22:07:11.412520', '2023-05-08 22:07:12.412520', 'False', 'None', 'SELECT Publishers.country, Authors.author_id FROM Publishers RIGHT OUTER JOIN Authors ON Publishers.country = Authors.author_id;', '3', '1');
INSERT INTO "QueryColumnAccess" ("queryId", "columnId")
    VALUES ('1622', '4');
INSERT INTO "QueryColumnAccess" ("queryId", "columnId")
    VALUES ('1622', '1');
INSERT INTO "QueryTableAccess" ("queryId", "tableId")
    VALUES ('1622', '3');
INSERT INTO "QueryTableAccess" ("queryId", "tableId")
    VALUES ('1622', '2');
SELECT 'Customers.last_name', 'Books.publisher' FROM Customers NATURAL JOIN Books ON 'Customers.last_name' = 'Books.publisher';
INSERT INTO "SqlQuery" ("queryId", "userId", "issuedAt", "finishedAt", "hasError", "errorMessage", "statement", "projectId", "queryTypeId")
    VALUES ('1623', '2', '2023-06-15 22:07:11.412529', '2023-06-15 22:07:14.412529', 'False', 'None', 'SELECT Customers.last_name, Books.publisher FROM Customers NATURAL JOIN Books ON Customers.last_name = Books.publisher;', '3', '1');
INSERT INTO "QueryColumnAccess" ("queryId", "columnId")
    VALUES ('1623', '3');
INSERT INTO "QueryColumnAccess" ("queryId", "columnId")
    VALUES ('1623', '5');
INSERT INTO "QueryTableAccess" ("queryId", "tableId")
    VALUES ('1623', '4');
INSERT INTO "QueryTableAccess" ("queryId", "tableId")
    VALUES ('1623', '1');
SELECT 'Authors.birth_date', 'Orders.order_date' FROM Authors NATURAL JOIN Orders ON 'Authors.birth_date' = 'Orders.order_date';
INSERT INTO "SqlQuery" ("queryId", "userId", "issuedAt", "finishedAt", "hasError", "errorMessage", "statement", "projectId", "queryTypeId")
    VALUES ('1624', '15', '2023-06-27 22:07:11.412538', '2023-06-27 22:07:12.412538', 'False', 'None', 'SELECT Authors.birth_date, Orders.order_date FROM Authors NATURAL JOIN Orders ON Authors.birth_date = Orders.order_date;', '3', '1');
INSERT INTO "QueryColumnAccess" ("queryId", "columnId")
    VALUES ('1624', '4');
INSERT INTO "QueryColumnAccess" ("queryId", "columnId")
    VALUES ('1624', '3');
INSERT INTO "QueryTableAccess" ("queryId", "tableId")
    VALUES ('1624', '2');
INSERT INTO "QueryTableAccess" ("queryId", "tableId")
    VALUES ('1624', '5');
SELECT 'Customers.last_name', 'Publishers.publisher_id' FROM Customers NATURAL JOIN Publishers ON 'Customers.last_name' = 'Publishers.publisher_id';
INSERT INTO "SqlQuery" ("queryId", "userId", "issuedAt", "finishedAt", "hasError", "errorMessage", "statement", "projectId", "queryTypeId")
    VALUES ('1625', '7', '2023-06-26 22:07:11.412547', '2023-06-26 22:07:14.412547', 'False', 'None', 'SELECT Customers.last_name, Publishers.publisher_id FROM Customers NATURAL JOIN Publishers ON Customers.last_name = Publishers.publisher_id;', '3', '1');
INSERT INTO "QueryColumnAccess" ("queryId", "columnId")
    VALUES ('1625', '3');
INSERT INTO "QueryColumnAccess" ("queryId", "columnId")
    VALUES ('1625', '1');
INSERT INTO "QueryTableAccess" ("queryId", "tableId")
    VALUES ('1625', '4');
INSERT INTO "QueryTableAccess" ("queryId", "tableId")
    VALUES ('1625', '3');
SELECT 'Authors.first_name', 'Books.author' FROM Authors LEFT OUTER JOIN Books ON 'Authors.first_name' = 'Books.author';
INSERT INTO "SqlQuery" ("queryId", "userId", "issuedAt", "finishedAt", "hasError", "errorMessage", "statement", "projectId", "queryTypeId")
    VALUES ('1626', '12', '2023-04-20 22:07:11.412556', '2023-04-20 22:07:15.412556', 'False', 'None', 'SELECT Authors.first_name, Books.author FROM Authors LEFT OUTER JOIN Books ON Authors.first_name = Books.author;', '3', '1');
INSERT INTO "QueryColumnAccess" ("queryId", "columnId")
    VALUES ('1626', '2');
INSERT INTO "QueryColumnAccess" ("queryId", "columnId")
    VALUES ('1626', '3');
INSERT INTO "QueryTableAccess" ("queryId", "tableId")
    VALUES ('1626', '2');
INSERT INTO "QueryTableAccess" ("queryId", "tableId")
    VALUES ('1626', '1');
SELECT 'Customers.phone_number', 'Authors.author_id' FROM Customers NATURAL JOIN Authors ON 'Customers.phone_number' = 'Authors.author_id';
INSERT INTO "SqlQuery" ("queryId", "userId", "issuedAt", "finishedAt", "hasError", "errorMessage", "statement", "projectId", "queryTypeId")
    VALUES ('1627', '9', '2023-07-02 22:07:11.412565', '2023-07-02 22:07:12.412565', 'False', 'None', 'SELECT Customers.phone_number, Authors.author_id FROM Customers NATURAL JOIN Authors ON Customers.phone_number = Authors.author_id;', '3', '1');
INSERT INTO "QueryColumnAccess" ("queryId", "columnId")
    VALUES ('1627', '5');
INSERT INTO "QueryColumnAccess" ("queryId", "columnId")
    VALUES ('1627', '1');
INSERT INTO "QueryTableAccess" ("queryId", "tableId")
    VALUES ('1627', '4');
INSERT INTO "QueryTableAccess" ("queryId", "tableId")
    VALUES ('1627', '2');
SELECT 'Customers.country', 'Publishers.website' FROM Customers LEFT OUTER JOIN Publishers ON 'Customers.country' = 'Publishers.website';
INSERT INTO "SqlQuery" ("queryId", "userId", "issuedAt", "finishedAt", "hasError", "errorMessage", "statement", "projectId", "queryTypeId")
    VALUES ('1628', '3', '2023-06-06 22:07:11.412574', '2023-06-06 22:07:12.412574', 'False', 'None', 'SELECT Customers.country, Publishers.website FROM Customers LEFT OUTER JOIN Publishers ON Customers.country = Publishers.website;', '3', '1');
INSERT INTO "QueryColumnAccess" ("queryId", "columnId")
    VALUES ('1628', '10');
INSERT INTO "QueryColumnAccess" ("queryId", "columnId")
    VALUES ('1628', '5');
INSERT INTO "QueryTableAccess" ("queryId", "tableId")
    VALUES ('1628', '4');
INSERT INTO "QueryTableAccess" ("queryId", "tableId")
    VALUES ('1628', '3');
SELECT 'Orders.shipping_state', 'Authors.first_name' FROM Orders NATURAL JOIN Authors ON 'Orders.shipping_state' = 'Authors.first_name';
INSERT INTO "SqlQuery" ("queryId", "userId", "issuedAt", "finishedAt", "hasError", "errorMessage", "statement", "projectId", "queryTypeId")
    VALUES ('1629', '5', '2023-05-04 22:07:11.412583', '2023-05-04 22:07:12.412583', 'False', 'None', 'SELECT Orders.shipping_state, Authors.first_name FROM Orders NATURAL JOIN Authors ON Orders.shipping_state = Authors.first_name;', '3', '1');
INSERT INTO "QueryColumnAccess" ("queryId", "columnId")
    VALUES ('1629', '8');
INSERT INTO "QueryColumnAccess" ("queryId", "columnId")
    VALUES ('1629', '2');
INSERT INTO "QueryTableAccess" ("queryId", "tableId")
    VALUES ('1629', '5');
INSERT INTO "QueryTableAccess" ("queryId", "tableId")
    VALUES ('1629', '2');
SELECT 'Customers.email', 'Publishers.publisher_id' FROM Customers RIGHT OUTER JOIN Publishers ON 'Customers.email' = 'Publishers.publisher_id';
INSERT INTO "SqlQuery" ("queryId", "userId", "issuedAt", "finishedAt", "hasError", "errorMessage", "statement", "projectId", "queryTypeId")
    VALUES ('1630', '10', '2023-05-20 22:07:11.412592', '2023-05-20 22:07:14.412592', 'False', 'None', 'SELECT Customers.email, Publishers.publisher_id FROM Customers RIGHT OUTER JOIN Publishers ON Customers.email = Publishers.publisher_id;', '3', '1');
INSERT INTO "QueryColumnAccess" ("queryId", "columnId")
    VALUES ('1630', '4');
INSERT INTO "QueryColumnAccess" ("queryId", "columnId")
    VALUES ('1630', '1');
INSERT INTO "QueryTableAccess" ("queryId", "tableId")
    VALUES ('1630', '4');
INSERT INTO "QueryTableAccess" ("queryId", "tableId")
    VALUES ('1630', '3');
SELECT 'Orders.shipping_country', 'Customers.last_name' FROM Orders NATURAL JOIN Customers ON 'Orders.shipping_country' = 'Customers.last_name';
INSERT INTO "SqlQuery" ("queryId", "userId", "issuedAt", "finishedAt", "hasError", "errorMessage", "statement", "projectId", "queryTypeId")
    VALUES ('1631', '2', '2023-05-23 22:07:11.412609', '2023-05-23 22:07:13.412609', 'False', 'None', 'SELECT Orders.shipping_country, Customers.last_name FROM Orders NATURAL JOIN Customers ON Orders.shipping_country = Customers.last_name;', '3', '1');
INSERT INTO "QueryColumnAccess" ("queryId", "columnId")
    VALUES ('1631', '10');
INSERT INTO "QueryColumnAccess" ("queryId", "columnId")
    VALUES ('1631', '3');
INSERT INTO "QueryTableAccess" ("queryId", "tableId")
    VALUES ('1631', '5');
INSERT INTO "QueryTableAccess" ("queryId", "tableId")
    VALUES ('1631', '4');
SELECT 'Publishers.website', 'Orders.status' FROM Publishers RIGHT OUTER JOIN Orders ON 'Publishers.website' = 'Orders.status';
INSERT INTO "SqlQuery" ("queryId", "userId", "issuedAt", "finishedAt", "hasError", "errorMessage", "statement", "projectId", "queryTypeId")
    VALUES ('1632', '1', '2023-06-15 22:07:11.412618', '2023-06-15 22:07:12.412618', 'False', 'None', 'SELECT Publishers.website, Orders.status FROM Publishers RIGHT OUTER JOIN Orders ON Publishers.website = Orders.status;', '3', '1');
INSERT INTO "QueryColumnAccess" ("queryId", "columnId")
    VALUES ('1632', '5');
INSERT INTO "QueryColumnAccess" ("queryId", "columnId")
    VALUES ('1632', '5');
INSERT INTO "QueryTableAccess" ("queryId", "tableId")
    VALUES ('1632', '3');
INSERT INTO "QueryTableAccess" ("queryId", "tableId")
    VALUES ('1632', '5');
SELECT 'Customers.phone_number', 'Authors.first_name' FROM Customers NATURAL JOIN Authors ON 'Customers.phone_number' = 'Authors.first_name';
INSERT INTO "SqlQuery" ("queryId", "userId", "issuedAt", "finishedAt", "hasError", "errorMessage", "statement", "projectId", "queryTypeId")
    VALUES ('1633', '11', '2023-06-22 22:07:11.412628', '2023-06-22 22:07:12.412628', 'False', 'None', 'SELECT Customers.phone_number, Authors.first_name FROM Customers NATURAL JOIN Authors ON Customers.phone_number = Authors.first_name;', '3', '1');
INSERT INTO "QueryColumnAccess" ("queryId", "columnId")
    VALUES ('1633', '5');
INSERT INTO "QueryColumnAccess" ("queryId", "columnId")
    VALUES ('1633', '2');
INSERT INTO "QueryTableAccess" ("queryId", "tableId")
    VALUES ('1633', '4');
INSERT INTO "QueryTableAccess" ("queryId", "tableId")
    VALUES ('1633', '2');
SELECT 'Authors.author_id', 'Orders.status' FROM Authors RIGHT OUTER JOIN Orders ON 'Authors.author_id' = 'Orders.status';
INSERT INTO "SqlQuery" ("queryId", "userId", "issuedAt", "finishedAt", "hasError", "errorMessage", "statement", "projectId", "queryTypeId")
    VALUES ('1634', '3', '2023-06-23 22:07:11.412636', '2023-06-23 22:07:15.412636', 'False', 'None', 'SELECT Authors.author_id, Orders.status FROM Authors RIGHT OUTER JOIN Orders ON Authors.author_id = Orders.status;', '3', '1');
INSERT INTO "QueryColumnAccess" ("queryId", "columnId")
    VALUES ('1634', '1');
INSERT INTO "QueryColumnAccess" ("queryId", "columnId")
    VALUES ('1634', '5');
INSERT INTO "QueryTableAccess" ("queryId", "tableId")
    VALUES ('1634', '2');
INSERT INTO "QueryTableAccess" ("queryId", "tableId")
    VALUES ('1634', '5');
SELECT 'Orders.order_date', 'Customers.first_name' FROM Orders LEFT OUTER JOIN Customers ON 'Orders.order_date' = 'Customers.first_name';
INSERT INTO "SqlQuery" ("queryId", "userId", "issuedAt", "finishedAt", "hasError", "errorMessage", "statement", "projectId", "queryTypeId")
    VALUES ('1635', '12', '2023-04-23 22:07:11.412645', '2023-04-23 22:07:13.412645', 'False', 'None', 'SELECT Orders.order_date, Customers.first_name FROM Orders LEFT OUTER JOIN Customers ON Orders.order_date = Customers.first_name;', '3', '1');
INSERT INTO "QueryColumnAccess" ("queryId", "columnId")
    VALUES ('1635', '3');
INSERT INTO "QueryColumnAccess" ("queryId", "columnId")
    VALUES ('1635', '2');
INSERT INTO "QueryTableAccess" ("queryId", "tableId")
    VALUES ('1635', '5');
INSERT INTO "QueryTableAccess" ("queryId", "tableId")
    VALUES ('1635', '4');
SELECT 'Authors.last_name', 'Customers.country' FROM Authors RIGHT OUTER JOIN Customers ON 'Authors.last_name' = 'Customers.country';
INSERT INTO "SqlQuery" ("queryId", "userId", "issuedAt", "finishedAt", "hasError", "errorMessage", "statement", "projectId", "queryTypeId")
    VALUES ('1636', '2', '2023-05-06 22:07:11.412654', '2023-05-06 22:07:14.412654', 'False', 'None', 'SELECT Authors.last_name, Customers.country FROM Authors RIGHT OUTER JOIN Customers ON Authors.last_name = Customers.country;', '3', '1');
INSERT INTO "QueryColumnAccess" ("queryId", "columnId")
    VALUES ('1636', '3');
INSERT INTO "QueryColumnAccess" ("queryId", "columnId")
    VALUES ('1636', '10');
INSERT INTO "QueryTableAccess" ("queryId", "tableId")
    VALUES ('1636', '2');
INSERT INTO "QueryTableAccess" ("queryId", "tableId")
    VALUES ('1636', '4');
SELECT 'Books.price', 'Orders.shipping_city' FROM Books LEFT OUTER JOIN Orders ON 'Books.price' = 'Orders.shipping_city';
INSERT INTO "SqlQuery" ("queryId", "userId", "issuedAt", "finishedAt", "hasError", "errorMessage", "statement", "projectId", "queryTypeId")
    VALUES ('1637', '3', '2023-06-24 22:07:11.412663', '2023-06-24 22:07:15.412663', 'False', 'None', 'SELECT Books.price, Orders.shipping_city FROM Books LEFT OUTER JOIN Orders ON Books.price = Orders.shipping_city;', '3', '1');
INSERT INTO "QueryColumnAccess" ("queryId", "columnId")
    VALUES ('1637', '6');
INSERT INTO "QueryColumnAccess" ("queryId", "columnId")
    VALUES ('1637', '7');
INSERT INTO "QueryTableAccess" ("queryId", "tableId")
    VALUES ('1637', '1');
INSERT INTO "QueryTableAccess" ("queryId", "tableId")
    VALUES ('1637', '5');
SELECT 'Customers.first_name', 'Orders.total_amount' FROM Customers NATURAL JOIN Orders ON 'Customers.first_name' = 'Orders.total_amount';
INSERT INTO "SqlQuery" ("queryId", "userId", "issuedAt", "finishedAt", "hasError", "errorMessage", "statement", "projectId", "queryTypeId")
    VALUES ('1638', '8', '2023-05-14 22:07:11.412672', '2023-05-14 22:07:14.412672', 'False', 'None', 'SELECT Customers.first_name, Orders.total_amount FROM Customers NATURAL JOIN Orders ON Customers.first_name = Orders.total_amount;', '3', '1');
INSERT INTO "QueryColumnAccess" ("queryId", "columnId")
    VALUES ('1638', '2');
INSERT INTO "QueryColumnAccess" ("queryId", "columnId")
    VALUES ('1638', '4');
INSERT INTO "QueryTableAccess" ("queryId", "tableId")
    VALUES ('1638', '4');
INSERT INTO "QueryTableAccess" ("queryId", "tableId")
    VALUES ('1638', '5');
SELECT 'Authors.birth_date', 'Orders.shipping_state' FROM Authors LEFT OUTER JOIN Orders ON 'Authors.birth_date' = 'Orders.shipping_state';
INSERT INTO "SqlQuery" ("queryId", "userId", "issuedAt", "finishedAt", "hasError", "errorMessage", "statement", "projectId", "queryTypeId")
    VALUES ('1639', '5', '2023-07-02 22:07:11.412680', '2023-07-02 22:07:13.412680', 'False', 'None', 'SELECT Authors.birth_date, Orders.shipping_state FROM Authors LEFT OUTER JOIN Orders ON Authors.birth_date = Orders.shipping_state;', '3', '1');
INSERT INTO "QueryColumnAccess" ("queryId", "columnId")
    VALUES ('1639', '4');
INSERT INTO "QueryColumnAccess" ("queryId", "columnId")
    VALUES ('1639', '8');
INSERT INTO "QueryTableAccess" ("queryId", "tableId")
    VALUES ('1639', '2');
INSERT INTO "QueryTableAccess" ("queryId", "tableId")
    VALUES ('1639', '5');
SELECT 'Orders.status', 'Authors.birth_date' FROM Orders NATURAL JOIN Authors ON 'Orders.status' = 'Authors.birth_date';
INSERT INTO "SqlQuery" ("queryId", "userId", "issuedAt", "finishedAt", "hasError", "errorMessage", "statement", "projectId", "queryTypeId")
    VALUES ('1640', '10', '2023-07-06 22:07:11.412698', '2023-07-06 22:07:14.412698', 'False', 'None', 'SELECT Orders.status, Authors.birth_date FROM Orders NATURAL JOIN Authors ON Orders.status = Authors.birth_date;', '3', '1');
INSERT INTO "QueryColumnAccess" ("queryId", "columnId")
    VALUES ('1640', '5');
INSERT INTO "QueryColumnAccess" ("queryId", "columnId")
    VALUES ('1640', '4');
INSERT INTO "QueryTableAccess" ("queryId", "tableId")
    VALUES ('1640', '5');
INSERT INTO "QueryTableAccess" ("queryId", "tableId")
    VALUES ('1640', '2');
SELECT 'Customers.email', 'Orders.shipping_city' FROM Customers LEFT OUTER JOIN Orders ON 'Customers.email' = 'Orders.shipping_city';
INSERT INTO "SqlQuery" ("queryId", "userId", "issuedAt", "finishedAt", "hasError", "errorMessage", "statement", "projectId", "queryTypeId")
    VALUES ('1641', '6', '2023-06-04 22:07:11.412707', '2023-06-04 22:07:12.412707', 'False', 'None', 'SELECT Customers.email, Orders.shipping_city FROM Customers LEFT OUTER JOIN Orders ON Customers.email = Orders.shipping_city;', '3', '1');
INSERT INTO "QueryColumnAccess" ("queryId", "columnId")
    VALUES ('1641', '4');
INSERT INTO "QueryColumnAccess" ("queryId", "columnId")
    VALUES ('1641', '7');
INSERT INTO "QueryTableAccess" ("queryId", "tableId")
    VALUES ('1641', '4');
INSERT INTO "QueryTableAccess" ("queryId", "tableId")
    VALUES ('1641', '5');
SELECT 'Authors.last_name', 'Publishers.publisher_name' FROM Authors NATURAL JOIN Publishers ON 'Authors.last_name' = 'Publishers.publisher_name';
INSERT INTO "SqlQuery" ("queryId", "userId", "issuedAt", "finishedAt", "hasError", "errorMessage", "statement", "projectId", "queryTypeId")
    VALUES ('1642', '13', '2023-06-12 22:07:11.412716', '2023-06-12 22:07:12.412716', 'False', 'None', 'SELECT Authors.last_name, Publishers.publisher_name FROM Authors NATURAL JOIN Publishers ON Authors.last_name = Publishers.publisher_name;', '3', '1');
INSERT INTO "QueryColumnAccess" ("queryId", "columnId")
    VALUES ('1642', '3');
INSERT INTO "QueryColumnAccess" ("queryId", "columnId")
    VALUES ('1642', '2');
INSERT INTO "QueryTableAccess" ("queryId", "tableId")
    VALUES ('1642', '2');
INSERT INTO "QueryTableAccess" ("queryId", "tableId")
    VALUES ('1642', '3');
SELECT 'Customers.phone_number', 'Authors.author_id' FROM Customers RIGHT OUTER JOIN Authors ON 'Customers.phone_number' = 'Authors.author_id';
INSERT INTO "SqlQuery" ("queryId", "userId", "issuedAt", "finishedAt", "hasError", "errorMessage", "statement", "projectId", "queryTypeId")
    VALUES ('1643', '7', '2023-06-20 22:07:11.412725', '2023-06-20 22:07:14.412725', 'False', 'None', 'SELECT Customers.phone_number, Authors.author_id FROM Customers RIGHT OUTER JOIN Authors ON Customers.phone_number = Authors.author_id;', '3', '1');
INSERT INTO "QueryColumnAccess" ("queryId", "columnId")
    VALUES ('1643', '5');
INSERT INTO "QueryColumnAccess" ("queryId", "columnId")
    VALUES ('1643', '1');
INSERT INTO "QueryTableAccess" ("queryId", "tableId")
    VALUES ('1643', '4');
INSERT INTO "QueryTableAccess" ("queryId", "tableId")
    VALUES ('1643', '2');
SELECT 'Customers.country', 'Books.book_id' FROM Customers NATURAL JOIN Books ON 'Customers.country' = 'Books.book_id';
INSERT INTO "SqlQuery" ("queryId", "userId", "issuedAt", "finishedAt", "hasError", "errorMessage", "statement", "projectId", "queryTypeId")
    VALUES ('1644', '9', '2023-06-09 22:07:11.412734', '2023-06-09 22:07:12.412734', 'False', 'None', 'SELECT Customers.country, Books.book_id FROM Customers NATURAL JOIN Books ON Customers.country = Books.book_id;', '3', '1');
INSERT INTO "QueryColumnAccess" ("queryId", "columnId")
    VALUES ('1644', '10');
INSERT INTO "QueryColumnAccess" ("queryId", "columnId")
    VALUES ('1644', '1');
INSERT INTO "QueryTableAccess" ("queryId", "tableId")
    VALUES ('1644', '4');
INSERT INTO "QueryTableAccess" ("queryId", "tableId")
    VALUES ('1644', '1');
SELECT 'Customers.country', 'Publishers.established_date' FROM Customers RIGHT OUTER JOIN Publishers ON 'Customers.country' = 'Publishers.established_date';
INSERT INTO "SqlQuery" ("queryId", "userId", "issuedAt", "finishedAt", "hasError", "errorMessage", "statement", "projectId", "queryTypeId")
    VALUES ('1645', '8', '2023-06-24 22:07:11.412743', '2023-06-24 22:07:14.412743', 'False', 'None', 'SELECT Customers.country, Publishers.established_date FROM Customers RIGHT OUTER JOIN Publishers ON Customers.country = Publishers.established_date;', '3', '1');
INSERT INTO "QueryColumnAccess" ("queryId", "columnId")
    VALUES ('1645', '10');
INSERT INTO "QueryColumnAccess" ("queryId", "columnId")
    VALUES ('1645', '3');
INSERT INTO "QueryTableAccess" ("queryId", "tableId")
    VALUES ('1645', '4');
INSERT INTO "QueryTableAccess" ("queryId", "tableId")
    VALUES ('1645', '3');
SELECT 'Customers.email', 'Orders.order_id' FROM Customers NATURAL JOIN Orders ON 'Customers.email' = 'Orders.order_id';
INSERT INTO "SqlQuery" ("queryId", "userId", "issuedAt", "finishedAt", "hasError", "errorMessage", "statement", "projectId", "queryTypeId")
    VALUES ('1646', '4', '2023-05-30 22:07:11.412752', '2023-05-30 22:07:12.412752', 'False', 'None', 'SELECT Customers.email, Orders.order_id FROM Customers NATURAL JOIN Orders ON Customers.email = Orders.order_id;', '3', '1');
INSERT INTO "QueryColumnAccess" ("queryId", "columnId")
    VALUES ('1646', '4');
INSERT INTO "QueryColumnAccess" ("queryId", "columnId")
    VALUES ('1646', '1');
INSERT INTO "QueryTableAccess" ("queryId", "tableId")
    VALUES ('1646', '4');
INSERT INTO "QueryTableAccess" ("queryId", "tableId")
    VALUES ('1646', '5');
SELECT 'Books.price', 'Authors.first_name' FROM Books LEFT OUTER JOIN Authors ON 'Books.price' = 'Authors.first_name';
INSERT INTO "SqlQuery" ("queryId", "userId", "issuedAt", "finishedAt", "hasError", "errorMessage", "statement", "projectId", "queryTypeId")
    VALUES ('1647', '4', '2023-07-07 22:07:11.412761', '2023-07-07 22:07:13.412761', 'False', 'None', 'SELECT Books.price, Authors.first_name FROM Books LEFT OUTER JOIN Authors ON Books.price = Authors.first_name;', '3', '1');
INSERT INTO "QueryColumnAccess" ("queryId", "columnId")
    VALUES ('1647', '6');
INSERT INTO "QueryColumnAccess" ("queryId", "columnId")
    VALUES ('1647', '2');
INSERT INTO "QueryTableAccess" ("queryId", "tableId")
    VALUES ('1647', '1');
INSERT INTO "QueryTableAccess" ("queryId", "tableId")
    VALUES ('1647', '2');
SELECT 'Books.publisher', 'Publishers.country' FROM Books NATURAL JOIN Publishers ON 'Books.publisher' = 'Publishers.country';
INSERT INTO "SqlQuery" ("queryId", "userId", "issuedAt", "finishedAt", "hasError", "errorMessage", "statement", "projectId", "queryTypeId")
    VALUES ('1648', '7', '2023-04-30 22:07:11.412770', '2023-04-30 22:07:13.412770', 'False', 'None', 'SELECT Books.publisher, Publishers.country FROM Books NATURAL JOIN Publishers ON Books.publisher = Publishers.country;', '3', '1');
INSERT INTO "QueryColumnAccess" ("queryId", "columnId")
    VALUES ('1648', '5');
INSERT INTO "QueryColumnAccess" ("queryId", "columnId")
    VALUES ('1648', '4');
INSERT INTO "QueryTableAccess" ("queryId", "tableId")
    VALUES ('1648', '1');
INSERT INTO "QueryTableAccess" ("queryId", "tableId")
    VALUES ('1648', '3');
SELECT 'Publishers.publisher_name', 'Authors.country' FROM Publishers NATURAL JOIN Authors ON 'Publishers.publisher_name' = 'Authors.country';
INSERT INTO "SqlQuery" ("queryId", "userId", "issuedAt", "finishedAt", "hasError", "errorMessage", "statement", "projectId", "queryTypeId")
    VALUES ('1649', '4', '2023-06-01 22:07:11.412779', '2023-06-01 22:07:13.412779', 'False', 'None', 'SELECT Publishers.publisher_name, Authors.country FROM Publishers NATURAL JOIN Authors ON Publishers.publisher_name = Authors.country;', '3', '1');
INSERT INTO "QueryColumnAccess" ("queryId", "columnId")
    VALUES ('1649', '2');
INSERT INTO "QueryColumnAccess" ("queryId", "columnId")
    VALUES ('1649', '5');
INSERT INTO "QueryTableAccess" ("queryId", "tableId")
    VALUES ('1649', '3');
INSERT INTO "QueryTableAccess" ("queryId", "tableId")
    VALUES ('1649', '2');
SELECT 'Orders.total_amount', 'Authors.first_name' FROM Orders LEFT OUTER JOIN Authors ON 'Orders.total_amount' = 'Authors.first_name';
INSERT INTO "SqlQuery" ("queryId", "userId", "issuedAt", "finishedAt", "hasError", "errorMessage", "statement", "projectId", "queryTypeId")
    VALUES ('1650', '9', '2023-06-23 22:07:11.412792', '2023-06-23 22:07:12.412792', 'False', 'None', 'SELECT Orders.total_amount, Authors.first_name FROM Orders LEFT OUTER JOIN Authors ON Orders.total_amount = Authors.first_name;', '3', '1');
INSERT INTO "QueryColumnAccess" ("queryId", "columnId")
    VALUES ('1650', '4');
INSERT INTO "QueryColumnAccess" ("queryId", "columnId")
    VALUES ('1650', '2');
INSERT INTO "QueryTableAccess" ("queryId", "tableId")
    VALUES ('1650', '5');
INSERT INTO "QueryTableAccess" ("queryId", "tableId")
    VALUES ('1650', '2');
SELECT 'Authors.birth_date', 'Books.publication_date' FROM Authors LEFT OUTER JOIN Books ON 'Authors.birth_date' = 'Books.publication_date';
INSERT INTO "SqlQuery" ("queryId", "userId", "issuedAt", "finishedAt", "hasError", "errorMessage", "statement", "projectId", "queryTypeId")
    VALUES ('1651', '5', '2023-05-23 22:07:11.412801', '2023-05-23 22:07:15.412801', 'False', 'None', 'SELECT Authors.birth_date, Books.publication_date FROM Authors LEFT OUTER JOIN Books ON Authors.birth_date = Books.publication_date;', '3', '1');
INSERT INTO "QueryColumnAccess" ("queryId", "columnId")
    VALUES ('1651', '4');
INSERT INTO "QueryColumnAccess" ("queryId", "columnId")
    VALUES ('1651', '4');
INSERT INTO "QueryTableAccess" ("queryId", "tableId")
    VALUES ('1651', '2');
INSERT INTO "QueryTableAccess" ("queryId", "tableId")
    VALUES ('1651', '1');
SELECT 'Publishers.country', 'Authors.last_name' FROM Publishers RIGHT OUTER JOIN Authors ON 'Publishers.country' = 'Authors.last_name';
INSERT INTO "SqlQuery" ("queryId", "userId", "issuedAt", "finishedAt", "hasError", "errorMessage", "statement", "projectId", "queryTypeId")
    VALUES ('1652', '10', '2023-05-01 22:07:11.412810', '2023-05-01 22:07:14.412810', 'False', 'None', 'SELECT Publishers.country, Authors.last_name FROM Publishers RIGHT OUTER JOIN Authors ON Publishers.country = Authors.last_name;', '3', '1');
INSERT INTO "QueryColumnAccess" ("queryId", "columnId")
    VALUES ('1652', '4');
INSERT INTO "QueryColumnAccess" ("queryId", "columnId")
    VALUES ('1652', '3');
INSERT INTO "QueryTableAccess" ("queryId", "tableId")
    VALUES ('1652', '3');
INSERT INTO "QueryTableAccess" ("queryId", "tableId")
    VALUES ('1652', '2');
SELECT 'Orders.shipping_zip_code', 'Customers.address' FROM Orders RIGHT OUTER JOIN Customers ON 'Orders.shipping_zip_code' = 'Customers.address';
INSERT INTO "SqlQuery" ("queryId", "userId", "issuedAt", "finishedAt", "hasError", "errorMessage", "statement", "projectId", "queryTypeId")
    VALUES ('1653', '7', '2023-05-04 22:07:11.412820', '2023-05-04 22:07:12.412820', 'False', 'None', 'SELECT Orders.shipping_zip_code, Customers.address FROM Orders RIGHT OUTER JOIN Customers ON Orders.shipping_zip_code = Customers.address;', '3', '1');
INSERT INTO "QueryColumnAccess" ("queryId", "columnId")
    VALUES ('1653', '9');
INSERT INTO "QueryColumnAccess" ("queryId", "columnId")
    VALUES ('1653', '6');
INSERT INTO "QueryTableAccess" ("queryId", "tableId")
    VALUES ('1653', '5');
INSERT INTO "QueryTableAccess" ("queryId", "tableId")
    VALUES ('1653', '4');
SELECT 'Books.publisher', 'Customers.state' FROM Books LEFT OUTER JOIN Customers ON 'Books.publisher' = 'Customers.state';
INSERT INTO "SqlQuery" ("queryId", "userId", "issuedAt", "finishedAt", "hasError", "errorMessage", "statement", "projectId", "queryTypeId")
    VALUES ('1654', '15', '2023-06-25 22:07:11.412829', '2023-06-25 22:07:14.412829', 'False', 'None', 'SELECT Books.publisher, Customers.state FROM Books LEFT OUTER JOIN Customers ON Books.publisher = Customers.state;', '3', '1');
INSERT INTO "QueryColumnAccess" ("queryId", "columnId")
    VALUES ('1654', '5');
INSERT INTO "QueryColumnAccess" ("queryId", "columnId")
    VALUES ('1654', '8');
INSERT INTO "QueryTableAccess" ("queryId", "tableId")
    VALUES ('1654', '1');
INSERT INTO "QueryTableAccess" ("queryId", "tableId")
    VALUES ('1654', '4');
SELECT 'Authors.last_name', 'Publishers.publisher_name' FROM Authors NATURAL JOIN Publishers ON 'Authors.last_name' = 'Publishers.publisher_name';
INSERT INTO "SqlQuery" ("queryId", "userId", "issuedAt", "finishedAt", "hasError", "errorMessage", "statement", "projectId", "queryTypeId")
    VALUES ('1655', '14', '2023-07-05 22:07:11.412838', '2023-07-05 22:07:13.412838', 'False', 'None', 'SELECT Authors.last_name, Publishers.publisher_name FROM Authors NATURAL JOIN Publishers ON Authors.last_name = Publishers.publisher_name;', '3', '1');
INSERT INTO "QueryColumnAccess" ("queryId", "columnId")
    VALUES ('1655', '3');
INSERT INTO "QueryColumnAccess" ("queryId", "columnId")
    VALUES ('1655', '2');
INSERT INTO "QueryTableAccess" ("queryId", "tableId")
    VALUES ('1655', '2');
INSERT INTO "QueryTableAccess" ("queryId", "tableId")
    VALUES ('1655', '3');
SELECT 'Books.price', 'Customers.first_name' FROM Books LEFT OUTER JOIN Customers ON 'Books.price' = 'Customers.first_name';
INSERT INTO "SqlQuery" ("queryId", "userId", "issuedAt", "finishedAt", "hasError", "errorMessage", "statement", "projectId", "queryTypeId")
    VALUES ('1656', '5', '2023-05-16 22:07:11.412858', '2023-05-16 22:07:15.412858', 'False', 'None', 'SELECT Books.price, Customers.first_name FROM Books LEFT OUTER JOIN Customers ON Books.price = Customers.first_name;', '3', '1');
INSERT INTO "QueryColumnAccess" ("queryId", "columnId")
    VALUES ('1656', '6');
INSERT INTO "QueryColumnAccess" ("queryId", "columnId")
    VALUES ('1656', '2');
INSERT INTO "QueryTableAccess" ("queryId", "tableId")
    VALUES ('1656', '1');
INSERT INTO "QueryTableAccess" ("queryId", "tableId")
    VALUES ('1656', '4');
SELECT 'Publishers.established_date', 'Books.title' FROM Publishers RIGHT OUTER JOIN Books ON 'Publishers.established_date' = 'Books.title';
INSERT INTO "SqlQuery" ("queryId", "userId", "issuedAt", "finishedAt", "hasError", "errorMessage", "statement", "projectId", "queryTypeId")
    VALUES ('1657', '15', '2023-04-26 22:07:11.412868', '2023-04-26 22:07:13.412868', 'False', 'None', 'SELECT Publishers.established_date, Books.title FROM Publishers RIGHT OUTER JOIN Books ON Publishers.established_date = Books.title;', '3', '1');
INSERT INTO "QueryColumnAccess" ("queryId", "columnId")
    VALUES ('1657', '3');
INSERT INTO "QueryColumnAccess" ("queryId", "columnId")
    VALUES ('1657', '2');
INSERT INTO "QueryTableAccess" ("queryId", "tableId")
    VALUES ('1657', '3');
INSERT INTO "QueryTableAccess" ("queryId", "tableId")
    VALUES ('1657', '1');
SELECT 'Authors.last_name', 'Publishers.publisher_name' FROM Authors NATURAL JOIN Publishers ON 'Authors.last_name' = 'Publishers.publisher_name';
INSERT INTO "SqlQuery" ("queryId", "userId", "issuedAt", "finishedAt", "hasError", "errorMessage", "statement", "projectId", "queryTypeId")
    VALUES ('1658', '3', '2023-04-27 22:07:11.412877', '2023-04-27 22:07:14.412877', 'False', 'None', 'SELECT Authors.last_name, Publishers.publisher_name FROM Authors NATURAL JOIN Publishers ON Authors.last_name = Publishers.publisher_name;', '3', '1');
INSERT INTO "QueryColumnAccess" ("queryId", "columnId")
    VALUES ('1658', '3');
INSERT INTO "QueryColumnAccess" ("queryId", "columnId")
    VALUES ('1658', '2');
INSERT INTO "QueryTableAccess" ("queryId", "tableId")
    VALUES ('1658', '2');
INSERT INTO "QueryTableAccess" ("queryId", "tableId")
    VALUES ('1658', '3');
SELECT 'Customers.city', 'Orders.total_amount' FROM Customers RIGHT OUTER JOIN Orders ON 'Customers.city' = 'Orders.total_amount';
INSERT INTO "SqlQuery" ("queryId", "userId", "issuedAt", "finishedAt", "hasError", "errorMessage", "statement", "projectId", "queryTypeId")
    VALUES ('1659', '4', '2023-06-08 22:07:11.412893', '2023-06-08 22:07:13.412893', 'False', 'None', 'SELECT Customers.city, Orders.total_amount FROM Customers RIGHT OUTER JOIN Orders ON Customers.city = Orders.total_amount;', '3', '1');
INSERT INTO "QueryColumnAccess" ("queryId", "columnId")
    VALUES ('1659', '7');
INSERT INTO "QueryColumnAccess" ("queryId", "columnId")
    VALUES ('1659', '4');
INSERT INTO "QueryTableAccess" ("queryId", "tableId")
    VALUES ('1659', '4');
INSERT INTO "QueryTableAccess" ("queryId", "tableId")
    VALUES ('1659', '5');
SELECT 'Books.publication_date', 'Publishers.country' FROM Books RIGHT OUTER JOIN Publishers ON 'Books.publication_date' = 'Publishers.country';
INSERT INTO "SqlQuery" ("queryId", "userId", "issuedAt", "finishedAt", "hasError", "errorMessage", "statement", "projectId", "queryTypeId")
    VALUES ('1660', '6', '2023-04-30 22:07:11.412908', '2023-04-30 22:07:12.412908', 'False', 'None', 'SELECT Books.publication_date, Publishers.country FROM Books RIGHT OUTER JOIN Publishers ON Books.publication_date = Publishers.country;', '3', '1');
INSERT INTO "QueryColumnAccess" ("queryId", "columnId")
    VALUES ('1660', '4');
INSERT INTO "QueryColumnAccess" ("queryId", "columnId")
    VALUES ('1660', '4');
INSERT INTO "QueryTableAccess" ("queryId", "tableId")
    VALUES ('1660', '1');
INSERT INTO "QueryTableAccess" ("queryId", "tableId")
    VALUES ('1660', '3');
SELECT 'Customers.first_name', 'Publishers.website' FROM Customers RIGHT OUTER JOIN Publishers ON 'Customers.first_name' = 'Publishers.website';
INSERT INTO "SqlQuery" ("queryId", "userId", "issuedAt", "finishedAt", "hasError", "errorMessage", "statement", "projectId", "queryTypeId")
    VALUES ('1661', '10', '2023-04-23 22:07:11.412919', '2023-04-23 22:07:14.412919', 'False', 'None', 'SELECT Customers.first_name, Publishers.website FROM Customers RIGHT OUTER JOIN Publishers ON Customers.first_name = Publishers.website;', '3', '1');
INSERT INTO "QueryColumnAccess" ("queryId", "columnId")
    VALUES ('1661', '2');
INSERT INTO "QueryColumnAccess" ("queryId", "columnId")
    VALUES ('1661', '5');
INSERT INTO "QueryTableAccess" ("queryId", "tableId")
    VALUES ('1661', '4');
INSERT INTO "QueryTableAccess" ("queryId", "tableId")
    VALUES ('1661', '3');
SELECT 'Books.price', 'Customers.zip_code' FROM Books RIGHT OUTER JOIN Customers ON 'Books.price' = 'Customers.zip_code';
INSERT INTO "SqlQuery" ("queryId", "userId", "issuedAt", "finishedAt", "hasError", "errorMessage", "statement", "projectId", "queryTypeId")
    VALUES ('1662', '7', '2023-05-26 22:07:11.412928', '2023-05-26 22:07:14.412928', 'False', 'None', 'SELECT Books.price, Customers.zip_code FROM Books RIGHT OUTER JOIN Customers ON Books.price = Customers.zip_code;', '3', '1');
INSERT INTO "QueryColumnAccess" ("queryId", "columnId")
    VALUES ('1662', '6');
INSERT INTO "QueryColumnAccess" ("queryId", "columnId")
    VALUES ('1662', '9');
INSERT INTO "QueryTableAccess" ("queryId", "tableId")
    VALUES ('1662', '1');
INSERT INTO "QueryTableAccess" ("queryId", "tableId")
    VALUES ('1662', '4');
SELECT 'Authors.last_name', 'Publishers.website' FROM Authors NATURAL JOIN Publishers ON 'Authors.last_name' = 'Publishers.website';
INSERT INTO "SqlQuery" ("queryId", "userId", "issuedAt", "finishedAt", "hasError", "errorMessage", "statement", "projectId", "queryTypeId")
    VALUES ('1663', '2', '2023-04-25 22:07:11.412938', '2023-04-25 22:07:12.412938', 'False', 'None', 'SELECT Authors.last_name, Publishers.website FROM Authors NATURAL JOIN Publishers ON Authors.last_name = Publishers.website;', '3', '1');
INSERT INTO "QueryColumnAccess" ("queryId", "columnId")
    VALUES ('1663', '3');
INSERT INTO "QueryColumnAccess" ("queryId", "columnId")
    VALUES ('1663', '5');
INSERT INTO "QueryTableAccess" ("queryId", "tableId")
    VALUES ('1663', '2');
INSERT INTO "QueryTableAccess" ("queryId", "tableId")
    VALUES ('1663', '3');
SELECT 'Publishers.established_date', 'Orders.status' FROM Publishers NATURAL JOIN Orders ON 'Publishers.established_date' = 'Orders.status';
INSERT INTO "SqlQuery" ("queryId", "userId", "issuedAt", "finishedAt", "hasError", "errorMessage", "statement", "projectId", "queryTypeId")
    VALUES ('1664', '13', '2023-06-27 22:07:11.412947', '2023-06-27 22:07:13.412947', 'False', 'None', 'SELECT Publishers.established_date, Orders.status FROM Publishers NATURAL JOIN Orders ON Publishers.established_date = Orders.status;', '3', '1');
INSERT INTO "QueryColumnAccess" ("queryId", "columnId")
    VALUES ('1664', '3');
INSERT INTO "QueryColumnAccess" ("queryId", "columnId")
    VALUES ('1664', '5');
INSERT INTO "QueryTableAccess" ("queryId", "tableId")
    VALUES ('1664', '3');
INSERT INTO "QueryTableAccess" ("queryId", "tableId")
    VALUES ('1664', '5');
SELECT 'Orders.shipping_country', 'Publishers.publisher_id' FROM Orders NATURAL JOIN Publishers ON 'Orders.shipping_country' = 'Publishers.publisher_id';
INSERT INTO "SqlQuery" ("queryId", "userId", "issuedAt", "finishedAt", "hasError", "errorMessage", "statement", "projectId", "queryTypeId")
    VALUES ('1665', '5', '2023-06-10 22:07:11.412956', '2023-06-10 22:07:15.412956', 'False', 'None', 'SELECT Orders.shipping_country, Publishers.publisher_id FROM Orders NATURAL JOIN Publishers ON Orders.shipping_country = Publishers.publisher_id;', '3', '1');
INSERT INTO "QueryColumnAccess" ("queryId", "columnId")
    VALUES ('1665', '10');
INSERT INTO "QueryColumnAccess" ("queryId", "columnId")
    VALUES ('1665', '1');
INSERT INTO "QueryTableAccess" ("queryId", "tableId")
    VALUES ('1665', '5');
INSERT INTO "QueryTableAccess" ("queryId", "tableId")
    VALUES ('1665', '3');
SELECT 'Customers.state', 'Orders.total_amount' FROM Customers LEFT OUTER JOIN Orders ON 'Customers.state' = 'Orders.total_amount';
INSERT INTO "SqlQuery" ("queryId", "userId", "issuedAt", "finishedAt", "hasError", "errorMessage", "statement", "projectId", "queryTypeId")
    VALUES ('1666', '5', '2023-06-01 22:07:11.412965', '2023-06-01 22:07:15.412965', 'False', 'None', 'SELECT Customers.state, Orders.total_amount FROM Customers LEFT OUTER JOIN Orders ON Customers.state = Orders.total_amount;', '3', '1');
INSERT INTO "QueryColumnAccess" ("queryId", "columnId")
    VALUES ('1666', '8');
INSERT INTO "QueryColumnAccess" ("queryId", "columnId")
    VALUES ('1666', '4');
INSERT INTO "QueryTableAccess" ("queryId", "tableId")
    VALUES ('1666', '4');
INSERT INTO "QueryTableAccess" ("queryId", "tableId")
    VALUES ('1666', '5');
SELECT 'Authors.first_name', 'Orders.customer_id' FROM Authors NATURAL JOIN Orders ON 'Authors.first_name' = 'Orders.customer_id';
INSERT INTO "SqlQuery" ("queryId", "userId", "issuedAt", "finishedAt", "hasError", "errorMessage", "statement", "projectId", "queryTypeId")
    VALUES ('1667', '8', '2023-06-27 22:07:11.412974', '2023-06-27 22:07:12.412974', 'False', 'None', 'SELECT Authors.first_name, Orders.customer_id FROM Authors NATURAL JOIN Orders ON Authors.first_name = Orders.customer_id;', '3', '1');
INSERT INTO "QueryColumnAccess" ("queryId", "columnId")
    VALUES ('1667', '2');
INSERT INTO "QueryColumnAccess" ("queryId", "columnId")
    VALUES ('1667', '2');
INSERT INTO "QueryTableAccess" ("queryId", "tableId")
    VALUES ('1667', '2');
INSERT INTO "QueryTableAccess" ("queryId", "tableId")
    VALUES ('1667', '5');
SELECT 'Publishers.publisher_name', 'Authors.country' FROM Publishers LEFT OUTER JOIN Authors ON 'Publishers.publisher_name' = 'Authors.country';
INSERT INTO "SqlQuery" ("queryId", "userId", "issuedAt", "finishedAt", "hasError", "errorMessage", "statement", "projectId", "queryTypeId")
    VALUES ('1668', '2', '2023-05-17 22:07:11.412983', '2023-05-17 22:07:15.412983', 'False', 'None', 'SELECT Publishers.publisher_name, Authors.country FROM Publishers LEFT OUTER JOIN Authors ON Publishers.publisher_name = Authors.country;', '3', '1');
INSERT INTO "QueryColumnAccess" ("queryId", "columnId")
    VALUES ('1668', '2');
INSERT INTO "QueryColumnAccess" ("queryId", "columnId")
    VALUES ('1668', '5');
INSERT INTO "QueryTableAccess" ("queryId", "tableId")
    VALUES ('1668', '3');
INSERT INTO "QueryTableAccess" ("queryId", "tableId")
    VALUES ('1668', '2');
SELECT 'Customers.last_name', 'Books.title' FROM Customers LEFT OUTER JOIN Books ON 'Customers.last_name' = 'Books.title';
INSERT INTO "SqlQuery" ("queryId", "userId", "issuedAt", "finishedAt", "hasError", "errorMessage", "statement", "projectId", "queryTypeId")
    VALUES ('1669', '10', '2023-06-10 22:07:11.412995', '2023-06-10 22:07:13.412995', 'False', 'None', 'SELECT Customers.last_name, Books.title FROM Customers LEFT OUTER JOIN Books ON Customers.last_name = Books.title;', '3', '1');
INSERT INTO "QueryColumnAccess" ("queryId", "columnId")
    VALUES ('1669', '3');
INSERT INTO "QueryColumnAccess" ("queryId", "columnId")
    VALUES ('1669', '2');
INSERT INTO "QueryTableAccess" ("queryId", "tableId")
    VALUES ('1669', '4');
INSERT INTO "QueryTableAccess" ("queryId", "tableId")
    VALUES ('1669', '1');
SELECT 'Customers.zip_code', 'Authors.author_id' FROM Customers RIGHT OUTER JOIN Authors ON 'Customers.zip_code' = 'Authors.author_id';
INSERT INTO "SqlQuery" ("queryId", "userId", "issuedAt", "finishedAt", "hasError", "errorMessage", "statement", "projectId", "queryTypeId")
    VALUES ('1670', '4', '2023-05-21 22:07:11.413005', '2023-05-21 22:07:13.413005', 'False', 'None', 'SELECT Customers.zip_code, Authors.author_id FROM Customers RIGHT OUTER JOIN Authors ON Customers.zip_code = Authors.author_id;', '3', '1');
INSERT INTO "QueryColumnAccess" ("queryId", "columnId")
    VALUES ('1670', '9');
INSERT INTO "QueryColumnAccess" ("queryId", "columnId")
    VALUES ('1670', '1');
INSERT INTO "QueryTableAccess" ("queryId", "tableId")
    VALUES ('1670', '4');
INSERT INTO "QueryTableAccess" ("queryId", "tableId")
    VALUES ('1670', '2');
SELECT 'Authors.author_id', 'Books.publication_date' FROM Authors LEFT OUTER JOIN Books ON 'Authors.author_id' = 'Books.publication_date';
INSERT INTO "SqlQuery" ("queryId", "userId", "issuedAt", "finishedAt", "hasError", "errorMessage", "statement", "projectId", "queryTypeId")
    VALUES ('1671', '4', '2023-05-31 22:07:11.413014', '2023-05-31 22:07:14.413014', 'False', 'None', 'SELECT Authors.author_id, Books.publication_date FROM Authors LEFT OUTER JOIN Books ON Authors.author_id = Books.publication_date;', '3', '1');
INSERT INTO "QueryColumnAccess" ("queryId", "columnId")
    VALUES ('1671', '1');
INSERT INTO "QueryColumnAccess" ("queryId", "columnId")
    VALUES ('1671', '4');
INSERT INTO "QueryTableAccess" ("queryId", "tableId")
    VALUES ('1671', '2');
INSERT INTO "QueryTableAccess" ("queryId", "tableId")
    VALUES ('1671', '1');
SELECT 'Customers.last_name', 'Publishers.website' FROM Customers RIGHT OUTER JOIN Publishers ON 'Customers.last_name' = 'Publishers.website';
INSERT INTO "SqlQuery" ("queryId", "userId", "issuedAt", "finishedAt", "hasError", "errorMessage", "statement", "projectId", "queryTypeId")
    VALUES ('1672', '12', '2023-05-28 22:07:11.413023', '2023-05-28 22:07:15.413023', 'False', 'None', 'SELECT Customers.last_name, Publishers.website FROM Customers RIGHT OUTER JOIN Publishers ON Customers.last_name = Publishers.website;', '3', '1');
INSERT INTO "QueryColumnAccess" ("queryId", "columnId")
    VALUES ('1672', '3');
INSERT INTO "QueryColumnAccess" ("queryId", "columnId")
    VALUES ('1672', '5');
INSERT INTO "QueryTableAccess" ("queryId", "tableId")
    VALUES ('1672', '4');
INSERT INTO "QueryTableAccess" ("queryId", "tableId")
    VALUES ('1672', '3');
SELECT 'Customers.phone_number', 'Authors.first_name' FROM Customers LEFT OUTER JOIN Authors ON 'Customers.phone_number' = 'Authors.first_name';
INSERT INTO "SqlQuery" ("queryId", "userId", "issuedAt", "finishedAt", "hasError", "errorMessage", "statement", "projectId", "queryTypeId")
    VALUES ('1673', '7', '2023-06-07 22:07:11.413032', '2023-06-07 22:07:12.413032', 'False', 'None', 'SELECT Customers.phone_number, Authors.first_name FROM Customers LEFT OUTER JOIN Authors ON Customers.phone_number = Authors.first_name;', '3', '1');
INSERT INTO "QueryColumnAccess" ("queryId", "columnId")
    VALUES ('1673', '5');
INSERT INTO "QueryColumnAccess" ("queryId", "columnId")
    VALUES ('1673', '2');
INSERT INTO "QueryTableAccess" ("queryId", "tableId")
    VALUES ('1673', '4');
INSERT INTO "QueryTableAccess" ("queryId", "tableId")
    VALUES ('1673', '2');
SELECT 'Customers.address', 'Authors.last_name' FROM Customers RIGHT OUTER JOIN Authors ON 'Customers.address' = 'Authors.last_name';
INSERT INTO "SqlQuery" ("queryId", "userId", "issuedAt", "finishedAt", "hasError", "errorMessage", "statement", "projectId", "queryTypeId")
    VALUES ('1674', '13', '2023-05-28 22:07:11.413040', '2023-05-28 22:07:13.413040', 'False', 'None', 'SELECT Customers.address, Authors.last_name FROM Customers RIGHT OUTER JOIN Authors ON Customers.address = Authors.last_name;', '3', '1');
INSERT INTO "QueryColumnAccess" ("queryId", "columnId")
    VALUES ('1674', '6');
INSERT INTO "QueryColumnAccess" ("queryId", "columnId")
    VALUES ('1674', '3');
INSERT INTO "QueryTableAccess" ("queryId", "tableId")
    VALUES ('1674', '4');
INSERT INTO "QueryTableAccess" ("queryId", "tableId")
    VALUES ('1674', '2');
SELECT 'Publishers.publisher_id', 'Orders.status' FROM Publishers NATURAL JOIN Orders ON 'Publishers.publisher_id' = 'Orders.status';
INSERT INTO "SqlQuery" ("queryId", "userId", "issuedAt", "finishedAt", "hasError", "errorMessage", "statement", "projectId", "queryTypeId")
    VALUES ('1675', '3', '2023-06-23 22:07:11.413049', '2023-06-23 22:07:13.413049', 'False', 'None', 'SELECT Publishers.publisher_id, Orders.status FROM Publishers NATURAL JOIN Orders ON Publishers.publisher_id = Orders.status;', '3', '1');
INSERT INTO "QueryColumnAccess" ("queryId", "columnId")
    VALUES ('1675', '1');
INSERT INTO "QueryColumnAccess" ("queryId", "columnId")
    VALUES ('1675', '5');
INSERT INTO "QueryTableAccess" ("queryId", "tableId")
    VALUES ('1675', '3');
INSERT INTO "QueryTableAccess" ("queryId", "tableId")
    VALUES ('1675', '5');
SELECT 'Publishers.established_date', 'Authors.author_id' FROM Publishers NATURAL JOIN Authors ON 'Publishers.established_date' = 'Authors.author_id';
INSERT INTO "SqlQuery" ("queryId", "userId", "issuedAt", "finishedAt", "hasError", "errorMessage", "statement", "projectId", "queryTypeId")
    VALUES ('1676', '13', '2023-06-18 22:07:11.413058', '2023-06-18 22:07:12.413058', 'False', 'None', 'SELECT Publishers.established_date, Authors.author_id FROM Publishers NATURAL JOIN Authors ON Publishers.established_date = Authors.author_id;', '3', '1');
INSERT INTO "QueryColumnAccess" ("queryId", "columnId")
    VALUES ('1676', '3');
INSERT INTO "QueryColumnAccess" ("queryId", "columnId")
    VALUES ('1676', '1');
INSERT INTO "QueryTableAccess" ("queryId", "tableId")
    VALUES ('1676', '3');
INSERT INTO "QueryTableAccess" ("queryId", "tableId")
    VALUES ('1676', '2');
SELECT 'Books.publisher', 'Customers.address' FROM Books LEFT OUTER JOIN Customers ON 'Books.publisher' = 'Customers.address';
INSERT INTO "SqlQuery" ("queryId", "userId", "issuedAt", "finishedAt", "hasError", "errorMessage", "statement", "projectId", "queryTypeId")
    VALUES ('1677', '15', '2023-06-03 22:07:11.413067', '2023-06-03 22:07:14.413067', 'False', 'None', 'SELECT Books.publisher, Customers.address FROM Books LEFT OUTER JOIN Customers ON Books.publisher = Customers.address;', '3', '1');
INSERT INTO "QueryColumnAccess" ("queryId", "columnId")
    VALUES ('1677', '5');
INSERT INTO "QueryColumnAccess" ("queryId", "columnId")
    VALUES ('1677', '6');
INSERT INTO "QueryTableAccess" ("queryId", "tableId")
    VALUES ('1677', '1');
INSERT INTO "QueryTableAccess" ("queryId", "tableId")
    VALUES ('1677', '4');
SELECT 'Publishers.established_date', 'Authors.birth_date' FROM Publishers NATURAL JOIN Authors ON 'Publishers.established_date' = 'Authors.birth_date';
INSERT INTO "SqlQuery" ("queryId", "userId", "issuedAt", "finishedAt", "hasError", "errorMessage", "statement", "projectId", "queryTypeId")
    VALUES ('1678', '12', '2023-06-10 22:07:11.413081', '2023-06-10 22:07:14.413081', 'False', 'None', 'SELECT Publishers.established_date, Authors.birth_date FROM Publishers NATURAL JOIN Authors ON Publishers.established_date = Authors.birth_date;', '3', '1');
INSERT INTO "QueryColumnAccess" ("queryId", "columnId")
    VALUES ('1678', '3');
INSERT INTO "QueryColumnAccess" ("queryId", "columnId")
    VALUES ('1678', '4');
INSERT INTO "QueryTableAccess" ("queryId", "tableId")
    VALUES ('1678', '3');
INSERT INTO "QueryTableAccess" ("queryId", "tableId")
    VALUES ('1678', '2');
SELECT 'Customers.phone_number', 'Books.title' FROM Customers NATURAL JOIN Books ON 'Customers.phone_number' = 'Books.title';
INSERT INTO "SqlQuery" ("queryId", "userId", "issuedAt", "finishedAt", "hasError", "errorMessage", "statement", "projectId", "queryTypeId")
    VALUES ('1679', '14', '2023-06-04 22:07:11.413090', '2023-06-04 22:07:15.413090', 'False', 'None', 'SELECT Customers.phone_number, Books.title FROM Customers NATURAL JOIN Books ON Customers.phone_number = Books.title;', '3', '1');
INSERT INTO "QueryColumnAccess" ("queryId", "columnId")
    VALUES ('1679', '5');
INSERT INTO "QueryColumnAccess" ("queryId", "columnId")
    VALUES ('1679', '2');
INSERT INTO "QueryTableAccess" ("queryId", "tableId")
    VALUES ('1679', '4');
INSERT INTO "QueryTableAccess" ("queryId", "tableId")
    VALUES ('1679', '1');
SELECT 'Orders.order_date', 'Books.price' FROM Orders RIGHT OUTER JOIN Books ON 'Orders.order_date' = 'Books.price';
INSERT INTO "SqlQuery" ("queryId", "userId", "issuedAt", "finishedAt", "hasError", "errorMessage", "statement", "projectId", "queryTypeId")
    VALUES ('1680', '11', '2023-05-11 22:07:11.413099', '2023-05-11 22:07:12.413099', 'False', 'None', 'SELECT Orders.order_date, Books.price FROM Orders RIGHT OUTER JOIN Books ON Orders.order_date = Books.price;', '3', '1');
INSERT INTO "QueryColumnAccess" ("queryId", "columnId")
    VALUES ('1680', '3');
INSERT INTO "QueryColumnAccess" ("queryId", "columnId")
    VALUES ('1680', '6');
INSERT INTO "QueryTableAccess" ("queryId", "tableId")
    VALUES ('1680', '5');
INSERT INTO "QueryTableAccess" ("queryId", "tableId")
    VALUES ('1680', '1');
SELECT 'Publishers.country', 'Authors.last_name' FROM Publishers NATURAL JOIN Authors ON 'Publishers.country' = 'Authors.last_name';
INSERT INTO "SqlQuery" ("queryId", "userId", "issuedAt", "finishedAt", "hasError", "errorMessage", "statement", "projectId", "queryTypeId")
    VALUES ('1681', '2', '2023-06-24 22:07:11.413108', '2023-06-24 22:07:15.413108', 'False', 'None', 'SELECT Publishers.country, Authors.last_name FROM Publishers NATURAL JOIN Authors ON Publishers.country = Authors.last_name;', '3', '1');
INSERT INTO "QueryColumnAccess" ("queryId", "columnId")
    VALUES ('1681', '4');
INSERT INTO "QueryColumnAccess" ("queryId", "columnId")
    VALUES ('1681', '3');
INSERT INTO "QueryTableAccess" ("queryId", "tableId")
    VALUES ('1681', '3');
INSERT INTO "QueryTableAccess" ("queryId", "tableId")
    VALUES ('1681', '2');
SELECT 'Orders.order_date', 'Customers.email' FROM Orders RIGHT OUTER JOIN Customers ON 'Orders.order_date' = 'Customers.email';
INSERT INTO "SqlQuery" ("queryId", "userId", "issuedAt", "finishedAt", "hasError", "errorMessage", "statement", "projectId", "queryTypeId")
    VALUES ('1682', '4', '2023-04-26 22:07:11.413117', '2023-04-26 22:07:12.413117', 'False', 'None', 'SELECT Orders.order_date, Customers.email FROM Orders RIGHT OUTER JOIN Customers ON Orders.order_date = Customers.email;', '3', '1');
INSERT INTO "QueryColumnAccess" ("queryId", "columnId")
    VALUES ('1682', '3');
INSERT INTO "QueryColumnAccess" ("queryId", "columnId")
    VALUES ('1682', '4');
INSERT INTO "QueryTableAccess" ("queryId", "tableId")
    VALUES ('1682', '5');
INSERT INTO "QueryTableAccess" ("queryId", "tableId")
    VALUES ('1682', '4');
SELECT 'Publishers.publisher_id', 'Customers.customer_id' FROM Publishers NATURAL JOIN Customers ON 'Publishers.publisher_id' = 'Customers.customer_id';
INSERT INTO "SqlQuery" ("queryId", "userId", "issuedAt", "finishedAt", "hasError", "errorMessage", "statement", "projectId", "queryTypeId")
    VALUES ('1683', '9', '2023-06-26 22:07:11.413126', '2023-06-26 22:07:15.413126', 'False', 'None', 'SELECT Publishers.publisher_id, Customers.customer_id FROM Publishers NATURAL JOIN Customers ON Publishers.publisher_id = Customers.customer_id;', '3', '1');
INSERT INTO "QueryColumnAccess" ("queryId", "columnId")
    VALUES ('1683', '1');
INSERT INTO "QueryColumnAccess" ("queryId", "columnId")
    VALUES ('1683', '1');
INSERT INTO "QueryTableAccess" ("queryId", "tableId")
    VALUES ('1683', '3');
INSERT INTO "QueryTableAccess" ("queryId", "tableId")
    VALUES ('1683', '4');
SELECT 'Orders.shipping_state', 'Authors.country' FROM Orders LEFT OUTER JOIN Authors ON 'Orders.shipping_state' = 'Authors.country';
INSERT INTO "SqlQuery" ("queryId", "userId", "issuedAt", "finishedAt", "hasError", "errorMessage", "statement", "projectId", "queryTypeId")
    VALUES ('1684', '9', '2023-06-22 22:07:11.413135', '2023-06-22 22:07:12.413135', 'False', 'None', 'SELECT Orders.shipping_state, Authors.country FROM Orders LEFT OUTER JOIN Authors ON Orders.shipping_state = Authors.country;', '3', '1');
INSERT INTO "QueryColumnAccess" ("queryId", "columnId")
    VALUES ('1684', '8');
INSERT INTO "QueryColumnAccess" ("queryId", "columnId")
    VALUES ('1684', '5');
INSERT INTO "QueryTableAccess" ("queryId", "tableId")
    VALUES ('1684', '5');
INSERT INTO "QueryTableAccess" ("queryId", "tableId")
    VALUES ('1684', '2');
SELECT 'Books.publisher', 'Customers.phone_number' FROM Books RIGHT OUTER JOIN Customers ON 'Books.publisher' = 'Customers.phone_number';
INSERT INTO "SqlQuery" ("queryId", "userId", "issuedAt", "finishedAt", "hasError", "errorMessage", "statement", "projectId", "queryTypeId")
    VALUES ('1685', '14', '2023-04-27 22:07:11.413144', '2023-04-27 22:07:12.413144', 'False', 'None', 'SELECT Books.publisher, Customers.phone_number FROM Books RIGHT OUTER JOIN Customers ON Books.publisher = Customers.phone_number;', '3', '1');
INSERT INTO "QueryColumnAccess" ("queryId", "columnId")
    VALUES ('1685', '5');
INSERT INTO "QueryColumnAccess" ("queryId", "columnId")
    VALUES ('1685', '5');
INSERT INTO "QueryTableAccess" ("queryId", "tableId")
    VALUES ('1685', '1');
INSERT INTO "QueryTableAccess" ("queryId", "tableId")
    VALUES ('1685', '4');
SELECT 'Customers.email', 'Books.price' FROM Customers NATURAL JOIN Books ON 'Customers.email' = 'Books.price';
INSERT INTO "SqlQuery" ("queryId", "userId", "issuedAt", "finishedAt", "hasError", "errorMessage", "statement", "projectId", "queryTypeId")
    VALUES ('1686', '14', '2023-06-20 22:07:11.413153', '2023-06-20 22:07:12.413153', 'False', 'None', 'SELECT Customers.email, Books.price FROM Customers NATURAL JOIN Books ON Customers.email = Books.price;', '3', '1');
INSERT INTO "QueryColumnAccess" ("queryId", "columnId")
    VALUES ('1686', '4');
INSERT INTO "QueryColumnAccess" ("queryId", "columnId")
    VALUES ('1686', '6');
INSERT INTO "QueryTableAccess" ("queryId", "tableId")
    VALUES ('1686', '4');
INSERT INTO "QueryTableAccess" ("queryId", "tableId")
    VALUES ('1686', '1');
SELECT 'Orders.order_date', 'Customers.first_name' FROM Orders LEFT OUTER JOIN Customers ON 'Orders.order_date' = 'Customers.first_name';
INSERT INTO "SqlQuery" ("queryId", "userId", "issuedAt", "finishedAt", "hasError", "errorMessage", "statement", "projectId", "queryTypeId")
    VALUES ('1687', '2', '2023-04-29 22:07:11.413161', '2023-04-29 22:07:13.413161', 'False', 'None', 'SELECT Orders.order_date, Customers.first_name FROM Orders LEFT OUTER JOIN Customers ON Orders.order_date = Customers.first_name;', '3', '1');
INSERT INTO "QueryColumnAccess" ("queryId", "columnId")
    VALUES ('1687', '3');
INSERT INTO "QueryColumnAccess" ("queryId", "columnId")
    VALUES ('1687', '2');
INSERT INTO "QueryTableAccess" ("queryId", "tableId")
    VALUES ('1687', '5');
INSERT INTO "QueryTableAccess" ("queryId", "tableId")
    VALUES ('1687', '4');
SELECT 'Customers.country', 'Orders.status' FROM Customers NATURAL JOIN Orders ON 'Customers.country' = 'Orders.status';
INSERT INTO "SqlQuery" ("queryId", "userId", "issuedAt", "finishedAt", "hasError", "errorMessage", "statement", "projectId", "queryTypeId")
    VALUES ('1688', '15', '2023-07-03 22:07:11.413173', '2023-07-03 22:07:14.413173', 'False', 'None', 'SELECT Customers.country, Orders.status FROM Customers NATURAL JOIN Orders ON Customers.country = Orders.status;', '3', '1');
INSERT INTO "QueryColumnAccess" ("queryId", "columnId")
    VALUES ('1688', '10');
INSERT INTO "QueryColumnAccess" ("queryId", "columnId")
    VALUES ('1688', '5');
INSERT INTO "QueryTableAccess" ("queryId", "tableId")
    VALUES ('1688', '4');
INSERT INTO "QueryTableAccess" ("queryId", "tableId")
    VALUES ('1688', '5');
SELECT 'Publishers.publisher_name', 'Books.publisher' FROM Publishers NATURAL JOIN Books ON 'Publishers.publisher_name' = 'Books.publisher';
INSERT INTO "SqlQuery" ("queryId", "userId", "issuedAt", "finishedAt", "hasError", "errorMessage", "statement", "projectId", "queryTypeId")
    VALUES ('1689', '9', '2023-06-28 22:07:11.413183', '2023-06-28 22:07:15.413183', 'False', 'None', 'SELECT Publishers.publisher_name, Books.publisher FROM Publishers NATURAL JOIN Books ON Publishers.publisher_name = Books.publisher;', '3', '1');
INSERT INTO "QueryColumnAccess" ("queryId", "columnId")
    VALUES ('1689', '2');
INSERT INTO "QueryColumnAccess" ("queryId", "columnId")
    VALUES ('1689', '5');
INSERT INTO "QueryTableAccess" ("queryId", "tableId")
    VALUES ('1689', '3');
INSERT INTO "QueryTableAccess" ("queryId", "tableId")
    VALUES ('1689', '1');
SELECT 'Authors.author_id', 'Customers.phone_number' FROM Authors LEFT OUTER JOIN Customers ON 'Authors.author_id' = 'Customers.phone_number';
INSERT INTO "SqlQuery" ("queryId", "userId", "issuedAt", "finishedAt", "hasError", "errorMessage", "statement", "projectId", "queryTypeId")
    VALUES ('1690', '15', '2023-06-26 22:07:11.413192', '2023-06-26 22:07:12.413192', 'False', 'None', 'SELECT Authors.author_id, Customers.phone_number FROM Authors LEFT OUTER JOIN Customers ON Authors.author_id = Customers.phone_number;', '3', '1');
INSERT INTO "QueryColumnAccess" ("queryId", "columnId")
    VALUES ('1690', '1');
INSERT INTO "QueryColumnAccess" ("queryId", "columnId")
    VALUES ('1690', '5');
INSERT INTO "QueryTableAccess" ("queryId", "tableId")
    VALUES ('1690', '2');
INSERT INTO "QueryTableAccess" ("queryId", "tableId")
    VALUES ('1690', '4');
SELECT 'Customers.customer_id', 'Publishers.website' FROM Customers NATURAL JOIN Publishers ON 'Customers.customer_id' = 'Publishers.website';
INSERT INTO "SqlQuery" ("queryId", "userId", "issuedAt", "finishedAt", "hasError", "errorMessage", "statement", "projectId", "queryTypeId")
    VALUES ('1691', '12', '2023-05-26 22:07:11.413201', '2023-05-26 22:07:14.413201', 'False', 'None', 'SELECT Customers.customer_id, Publishers.website FROM Customers NATURAL JOIN Publishers ON Customers.customer_id = Publishers.website;', '3', '1');
INSERT INTO "QueryColumnAccess" ("queryId", "columnId")
    VALUES ('1691', '1');
INSERT INTO "QueryColumnAccess" ("queryId", "columnId")
    VALUES ('1691', '5');
INSERT INTO "QueryTableAccess" ("queryId", "tableId")
    VALUES ('1691', '4');
INSERT INTO "QueryTableAccess" ("queryId", "tableId")
    VALUES ('1691', '3');
SELECT 'Books.price', 'Customers.customer_id' FROM Books NATURAL JOIN Customers ON 'Books.price' = 'Customers.customer_id';
INSERT INTO "SqlQuery" ("queryId", "userId", "issuedAt", "finishedAt", "hasError", "errorMessage", "statement", "projectId", "queryTypeId")
    VALUES ('1692', '9', '2023-07-10 22:07:11.413210', '2023-07-10 22:07:13.413210', 'False', 'None', 'SELECT Books.price, Customers.customer_id FROM Books NATURAL JOIN Customers ON Books.price = Customers.customer_id;', '3', '1');
INSERT INTO "QueryColumnAccess" ("queryId", "columnId")
    VALUES ('1692', '6');
INSERT INTO "QueryColumnAccess" ("queryId", "columnId")
    VALUES ('1692', '1');
INSERT INTO "QueryTableAccess" ("queryId", "tableId")
    VALUES ('1692', '1');
INSERT INTO "QueryTableAccess" ("queryId", "tableId")
    VALUES ('1692', '4');
SELECT 'Orders.order_date', 'Publishers.publisher_name' FROM Orders LEFT OUTER JOIN Publishers ON 'Orders.order_date' = 'Publishers.publisher_name';
INSERT INTO "SqlQuery" ("queryId", "userId", "issuedAt", "finishedAt", "hasError", "errorMessage", "statement", "projectId", "queryTypeId")
    VALUES ('1693', '5', '2023-07-09 22:07:11.413219', '2023-07-09 22:07:14.413219', 'False', 'None', 'SELECT Orders.order_date, Publishers.publisher_name FROM Orders LEFT OUTER JOIN Publishers ON Orders.order_date = Publishers.publisher_name;', '3', '1');
INSERT INTO "QueryColumnAccess" ("queryId", "columnId")
    VALUES ('1693', '3');
INSERT INTO "QueryColumnAccess" ("queryId", "columnId")
    VALUES ('1693', '2');
INSERT INTO "QueryTableAccess" ("queryId", "tableId")
    VALUES ('1693', '5');
INSERT INTO "QueryTableAccess" ("queryId", "tableId")
    VALUES ('1693', '3');
SELECT 'Orders.order_date', 'Publishers.publisher_id' FROM Orders LEFT OUTER JOIN Publishers ON 'Orders.order_date' = 'Publishers.publisher_id';
INSERT INTO "SqlQuery" ("queryId", "userId", "issuedAt", "finishedAt", "hasError", "errorMessage", "statement", "projectId", "queryTypeId")
    VALUES ('1694', '1', '2023-05-06 22:07:11.413228', '2023-05-06 22:07:12.413228', 'False', 'None', 'SELECT Orders.order_date, Publishers.publisher_id FROM Orders LEFT OUTER JOIN Publishers ON Orders.order_date = Publishers.publisher_id;', '3', '1');
INSERT INTO "QueryColumnAccess" ("queryId", "columnId")
    VALUES ('1694', '3');
INSERT INTO "QueryColumnAccess" ("queryId", "columnId")
    VALUES ('1694', '1');
INSERT INTO "QueryTableAccess" ("queryId", "tableId")
    VALUES ('1694', '5');
INSERT INTO "QueryTableAccess" ("queryId", "tableId")
    VALUES ('1694', '3');
SELECT 'Customers.country', 'Publishers.country' FROM Customers RIGHT OUTER JOIN Publishers ON 'Customers.country' = 'Publishers.country';
INSERT INTO "SqlQuery" ("queryId", "userId", "issuedAt", "finishedAt", "hasError", "errorMessage", "statement", "projectId", "queryTypeId")
    VALUES ('1695', '9', '2023-05-11 22:07:11.413237', '2023-05-11 22:07:14.413237', 'False', 'None', 'SELECT Customers.country, Publishers.country FROM Customers RIGHT OUTER JOIN Publishers ON Customers.country = Publishers.country;', '3', '1');
INSERT INTO "QueryColumnAccess" ("queryId", "columnId")
    VALUES ('1695', '10');
INSERT INTO "QueryColumnAccess" ("queryId", "columnId")
    VALUES ('1695', '4');
INSERT INTO "QueryTableAccess" ("queryId", "tableId")
    VALUES ('1695', '4');
INSERT INTO "QueryTableAccess" ("queryId", "tableId")
    VALUES ('1695', '3');
SELECT 'Authors.author_id', 'Publishers.country' FROM Authors NATURAL JOIN Publishers ON 'Authors.author_id' = 'Publishers.country';
INSERT INTO "SqlQuery" ("queryId", "userId", "issuedAt", "finishedAt", "hasError", "errorMessage", "statement", "projectId", "queryTypeId")
    VALUES ('1696', '3', '2023-05-21 22:07:11.413246', '2023-05-21 22:07:14.413246', 'False', 'None', 'SELECT Authors.author_id, Publishers.country FROM Authors NATURAL JOIN Publishers ON Authors.author_id = Publishers.country;', '3', '1');
INSERT INTO "QueryColumnAccess" ("queryId", "columnId")
    VALUES ('1696', '1');
INSERT INTO "QueryColumnAccess" ("queryId", "columnId")
    VALUES ('1696', '4');
INSERT INTO "QueryTableAccess" ("queryId", "tableId")
    VALUES ('1696', '2');
INSERT INTO "QueryTableAccess" ("queryId", "tableId")
    VALUES ('1696', '3');
SELECT 'Orders.shipping_city', 'Books.title' FROM Orders LEFT OUTER JOIN Books ON 'Orders.shipping_city' = 'Books.title';
INSERT INTO "SqlQuery" ("queryId", "userId", "issuedAt", "finishedAt", "hasError", "errorMessage", "statement", "projectId", "queryTypeId")
    VALUES ('1697', '6', '2023-05-10 22:07:11.413259', '2023-05-10 22:07:13.413259', 'False', 'None', 'SELECT Orders.shipping_city, Books.title FROM Orders LEFT OUTER JOIN Books ON Orders.shipping_city = Books.title;', '3', '1');
INSERT INTO "QueryColumnAccess" ("queryId", "columnId")
    VALUES ('1697', '7');
INSERT INTO "QueryColumnAccess" ("queryId", "columnId")
    VALUES ('1697', '2');
INSERT INTO "QueryTableAccess" ("queryId", "tableId")
    VALUES ('1697', '5');
INSERT INTO "QueryTableAccess" ("queryId", "tableId")
    VALUES ('1697', '1');
SELECT 'Publishers.website', 'Customers.customer_id' FROM Publishers NATURAL JOIN Customers ON 'Publishers.website' = 'Customers.customer_id';
INSERT INTO "SqlQuery" ("queryId", "userId", "issuedAt", "finishedAt", "hasError", "errorMessage", "statement", "projectId", "queryTypeId")
    VALUES ('1698', '14', '2023-06-03 22:07:11.413268', '2023-06-03 22:07:15.413268', 'False', 'None', 'SELECT Publishers.website, Customers.customer_id FROM Publishers NATURAL JOIN Customers ON Publishers.website = Customers.customer_id;', '3', '1');
INSERT INTO "QueryColumnAccess" ("queryId", "columnId")
    VALUES ('1698', '5');
INSERT INTO "QueryColumnAccess" ("queryId", "columnId")
    VALUES ('1698', '1');
INSERT INTO "QueryTableAccess" ("queryId", "tableId")
    VALUES ('1698', '3');
INSERT INTO "QueryTableAccess" ("queryId", "tableId")
    VALUES ('1698', '4');
SELECT 'Publishers.publisher_id', 'Orders.shipping_city' FROM Publishers NATURAL JOIN Orders ON 'Publishers.publisher_id' = 'Orders.shipping_city';
INSERT INTO "SqlQuery" ("queryId", "userId", "issuedAt", "finishedAt", "hasError", "errorMessage", "statement", "projectId", "queryTypeId")
    VALUES ('1699', '3', '2023-06-01 22:07:11.413277', '2023-06-01 22:07:14.413277', 'False', 'None', 'SELECT Publishers.publisher_id, Orders.shipping_city FROM Publishers NATURAL JOIN Orders ON Publishers.publisher_id = Orders.shipping_city;', '3', '1');
INSERT INTO "QueryColumnAccess" ("queryId", "columnId")
    VALUES ('1699', '1');
INSERT INTO "QueryColumnAccess" ("queryId", "columnId")
    VALUES ('1699', '7');
INSERT INTO "QueryTableAccess" ("queryId", "tableId")
    VALUES ('1699', '3');
INSERT INTO "QueryTableAccess" ("queryId", "tableId")
    VALUES ('1699', '5');
SELECT 'Authors.author_id', 'Orders.total_amount' FROM Authors NATURAL JOIN Orders ON 'Authors.author_id' = 'Orders.total_amount';
INSERT INTO "SqlQuery" ("queryId", "userId", "issuedAt", "finishedAt", "hasError", "errorMessage", "statement", "projectId", "queryTypeId")
    VALUES ('1700', '10', '2023-04-18 22:07:11.413286', '2023-04-18 22:07:12.413286', 'False', 'None', 'SELECT Authors.author_id, Orders.total_amount FROM Authors NATURAL JOIN Orders ON Authors.author_id = Orders.total_amount;', '3', '1');
INSERT INTO "QueryColumnAccess" ("queryId", "columnId")
    VALUES ('1700', '1');
INSERT INTO "QueryColumnAccess" ("queryId", "columnId")
    VALUES ('1700', '4');
INSERT INTO "QueryTableAccess" ("queryId", "tableId")
    VALUES ('1700', '2');
INSERT INTO "QueryTableAccess" ("queryId", "tableId")
    VALUES ('1700', '5');
SELECT 'Authors.first_name', 'Books.title' FROM Authors LEFT OUTER JOIN Books ON 'Authors.first_name' = 'Books.title';
INSERT INTO "SqlQuery" ("queryId", "userId", "issuedAt", "finishedAt", "hasError", "errorMessage", "statement", "projectId", "queryTypeId")
    VALUES ('1701', '5', '2023-04-11 22:07:11.413295', '2023-04-11 22:07:15.413295', 'False', 'None', 'SELECT Authors.first_name, Books.title FROM Authors LEFT OUTER JOIN Books ON Authors.first_name = Books.title;', '3', '1');
INSERT INTO "QueryColumnAccess" ("queryId", "columnId")
    VALUES ('1701', '2');
INSERT INTO "QueryColumnAccess" ("queryId", "columnId")
    VALUES ('1701', '2');
INSERT INTO "QueryTableAccess" ("queryId", "tableId")
    VALUES ('1701', '2');
INSERT INTO "QueryTableAccess" ("queryId", "tableId")
    VALUES ('1701', '1');
SELECT 'Orders.order_date', 'Publishers.country' FROM Orders LEFT OUTER JOIN Publishers ON 'Orders.order_date' = 'Publishers.country';
INSERT INTO "SqlQuery" ("queryId", "userId", "issuedAt", "finishedAt", "hasError", "errorMessage", "statement", "projectId", "queryTypeId")
    VALUES ('1702', '13', '2023-07-02 22:07:11.413304', '2023-07-02 22:07:15.413304', 'False', 'None', 'SELECT Orders.order_date, Publishers.country FROM Orders LEFT OUTER JOIN Publishers ON Orders.order_date = Publishers.country;', '3', '1');
INSERT INTO "QueryColumnAccess" ("queryId", "columnId")
    VALUES ('1702', '3');
INSERT INTO "QueryColumnAccess" ("queryId", "columnId")
    VALUES ('1702', '4');
INSERT INTO "QueryTableAccess" ("queryId", "tableId")
    VALUES ('1702', '5');
INSERT INTO "QueryTableAccess" ("queryId", "tableId")
    VALUES ('1702', '3');
SELECT 'Books.publication_date', 'Publishers.website' FROM Books RIGHT OUTER JOIN Publishers ON 'Books.publication_date' = 'Publishers.website';
INSERT INTO "SqlQuery" ("queryId", "userId", "issuedAt", "finishedAt", "hasError", "errorMessage", "statement", "projectId", "queryTypeId")
    VALUES ('1703', '7', '2023-06-30 22:07:11.413313', '2023-06-30 22:07:13.413313', 'False', 'None', 'SELECT Books.publication_date, Publishers.website FROM Books RIGHT OUTER JOIN Publishers ON Books.publication_date = Publishers.website;', '3', '1');
INSERT INTO "QueryColumnAccess" ("queryId", "columnId")
    VALUES ('1703', '4');
INSERT INTO "QueryColumnAccess" ("queryId", "columnId")
    VALUES ('1703', '5');
INSERT INTO "QueryTableAccess" ("queryId", "tableId")
    VALUES ('1703', '1');
INSERT INTO "QueryTableAccess" ("queryId", "tableId")
    VALUES ('1703', '3');
SELECT 'Customers.address', 'Books.author' FROM Customers NATURAL JOIN Books ON 'Customers.address' = 'Books.author';
INSERT INTO "SqlQuery" ("queryId", "userId", "issuedAt", "finishedAt", "hasError", "errorMessage", "statement", "projectId", "queryTypeId")
    VALUES ('1704', '10', '2023-05-04 22:07:11.413322', '2023-05-04 22:07:12.413322', 'False', 'None', 'SELECT Customers.address, Books.author FROM Customers NATURAL JOIN Books ON Customers.address = Books.author;', '3', '1');
INSERT INTO "QueryColumnAccess" ("queryId", "columnId")
    VALUES ('1704', '6');
INSERT INTO "QueryColumnAccess" ("queryId", "columnId")
    VALUES ('1704', '3');
INSERT INTO "QueryTableAccess" ("queryId", "tableId")
    VALUES ('1704', '4');
INSERT INTO "QueryTableAccess" ("queryId", "tableId")
    VALUES ('1704', '1');
SELECT 'Orders.order_id', 'Customers.first_name' FROM Orders LEFT OUTER JOIN Customers ON 'Orders.order_id' = 'Customers.first_name';
INSERT INTO "SqlQuery" ("queryId", "userId", "issuedAt", "finishedAt", "hasError", "errorMessage", "statement", "projectId", "queryTypeId")
    VALUES ('1705', '6', '2023-07-07 22:07:11.413331', '2023-07-07 22:07:15.413331', 'False', 'None', 'SELECT Orders.order_id, Customers.first_name FROM Orders LEFT OUTER JOIN Customers ON Orders.order_id = Customers.first_name;', '3', '1');
INSERT INTO "QueryColumnAccess" ("queryId", "columnId")
    VALUES ('1705', '1');
INSERT INTO "QueryColumnAccess" ("queryId", "columnId")
    VALUES ('1705', '2');
INSERT INTO "QueryTableAccess" ("queryId", "tableId")
    VALUES ('1705', '5');
INSERT INTO "QueryTableAccess" ("queryId", "tableId")
    VALUES ('1705', '4');
SELECT 'Authors.author_id', 'Customers.zip_code' FROM Authors NATURAL JOIN Customers ON 'Authors.author_id' = 'Customers.zip_code';
INSERT INTO "SqlQuery" ("queryId", "userId", "issuedAt", "finishedAt", "hasError", "errorMessage", "statement", "projectId", "queryTypeId")
    VALUES ('1706', '7', '2023-06-30 22:07:11.413340', '2023-06-30 22:07:12.413340', 'False', 'None', 'SELECT Authors.author_id, Customers.zip_code FROM Authors NATURAL JOIN Customers ON Authors.author_id = Customers.zip_code;', '3', '1');
INSERT INTO "QueryColumnAccess" ("queryId", "columnId")
    VALUES ('1706', '1');
INSERT INTO "QueryColumnAccess" ("queryId", "columnId")
    VALUES ('1706', '9');
INSERT INTO "QueryTableAccess" ("queryId", "tableId")
    VALUES ('1706', '2');
INSERT INTO "QueryTableAccess" ("queryId", "tableId")
    VALUES ('1706', '4');
SELECT 'Authors.country', 'Publishers.publisher_name' FROM Authors RIGHT OUTER JOIN Publishers ON 'Authors.country' = 'Publishers.publisher_name';
INSERT INTO "SqlQuery" ("queryId", "userId", "issuedAt", "finishedAt", "hasError", "errorMessage", "statement", "projectId", "queryTypeId")
    VALUES ('1707', '12', '2023-04-18 22:07:11.413360', '2023-04-18 22:07:15.413360', 'False', 'None', 'SELECT Authors.country, Publishers.publisher_name FROM Authors RIGHT OUTER JOIN Publishers ON Authors.country = Publishers.publisher_name;', '3', '1');
INSERT INTO "QueryColumnAccess" ("queryId", "columnId")
    VALUES ('1707', '5');
INSERT INTO "QueryColumnAccess" ("queryId", "columnId")
    VALUES ('1707', '2');
INSERT INTO "QueryTableAccess" ("queryId", "tableId")
    VALUES ('1707', '2');
INSERT INTO "QueryTableAccess" ("queryId", "tableId")
    VALUES ('1707', '3');
SELECT 'Publishers.publisher_name', 'Orders.status' FROM Publishers NATURAL JOIN Orders ON 'Publishers.publisher_name' = 'Orders.status';
INSERT INTO "SqlQuery" ("queryId", "userId", "issuedAt", "finishedAt", "hasError", "errorMessage", "statement", "projectId", "queryTypeId")
    VALUES ('1708', '10', '2023-06-27 22:07:11.413369', '2023-06-27 22:07:13.413369', 'False', 'None', 'SELECT Publishers.publisher_name, Orders.status FROM Publishers NATURAL JOIN Orders ON Publishers.publisher_name = Orders.status;', '3', '1');
INSERT INTO "QueryColumnAccess" ("queryId", "columnId")
    VALUES ('1708', '2');
INSERT INTO "QueryColumnAccess" ("queryId", "columnId")
    VALUES ('1708', '5');
INSERT INTO "QueryTableAccess" ("queryId", "tableId")
    VALUES ('1708', '3');
INSERT INTO "QueryTableAccess" ("queryId", "tableId")
    VALUES ('1708', '5');
SELECT 'Orders.shipping_city', 'Publishers.publisher_name' FROM Orders LEFT OUTER JOIN Publishers ON 'Orders.shipping_city' = 'Publishers.publisher_name';
INSERT INTO "SqlQuery" ("queryId", "userId", "issuedAt", "finishedAt", "hasError", "errorMessage", "statement", "projectId", "queryTypeId")
    VALUES ('1709', '11', '2023-05-16 22:07:11.413378', '2023-05-16 22:07:14.413378', 'False', 'None', 'SELECT Orders.shipping_city, Publishers.publisher_name FROM Orders LEFT OUTER JOIN Publishers ON Orders.shipping_city = Publishers.publisher_name;', '3', '1');
INSERT INTO "QueryColumnAccess" ("queryId", "columnId")
    VALUES ('1709', '7');
INSERT INTO "QueryColumnAccess" ("queryId", "columnId")
    VALUES ('1709', '2');
INSERT INTO "QueryTableAccess" ("queryId", "tableId")
    VALUES ('1709', '5');
INSERT INTO "QueryTableAccess" ("queryId", "tableId")
    VALUES ('1709', '3');
SELECT 'Customers.address', 'Books.publication_date' FROM Customers RIGHT OUTER JOIN Books ON 'Customers.address' = 'Books.publication_date';
INSERT INTO "SqlQuery" ("queryId", "userId", "issuedAt", "finishedAt", "hasError", "errorMessage", "statement", "projectId", "queryTypeId")
    VALUES ('1710', '11', '2023-04-11 22:07:11.413387', '2023-04-11 22:07:15.413387', 'False', 'None', 'SELECT Customers.address, Books.publication_date FROM Customers RIGHT OUTER JOIN Books ON Customers.address = Books.publication_date;', '3', '1');
INSERT INTO "QueryColumnAccess" ("queryId", "columnId")
    VALUES ('1710', '6');
INSERT INTO "QueryColumnAccess" ("queryId", "columnId")
    VALUES ('1710', '4');
INSERT INTO "QueryTableAccess" ("queryId", "tableId")
    VALUES ('1710', '4');
INSERT INTO "QueryTableAccess" ("queryId", "tableId")
    VALUES ('1710', '1');
SELECT 'Books.title', 'Orders.customer_id' FROM Books NATURAL JOIN Orders ON 'Books.title' = 'Orders.customer_id';
INSERT INTO "SqlQuery" ("queryId", "userId", "issuedAt", "finishedAt", "hasError", "errorMessage", "statement", "projectId", "queryTypeId")
    VALUES ('1711', '4', '2023-04-23 22:07:11.413396', '2023-04-23 22:07:15.413396', 'False', 'None', 'SELECT Books.title, Orders.customer_id FROM Books NATURAL JOIN Orders ON Books.title = Orders.customer_id;', '3', '1');
INSERT INTO "QueryColumnAccess" ("queryId", "columnId")
    VALUES ('1711', '2');
INSERT INTO "QueryColumnAccess" ("queryId", "columnId")
    VALUES ('1711', '2');
INSERT INTO "QueryTableAccess" ("queryId", "tableId")
    VALUES ('1711', '1');
INSERT INTO "QueryTableAccess" ("queryId", "tableId")
    VALUES ('1711', '5');
SELECT 'Orders.shipping_city', 'Authors.first_name' FROM Orders NATURAL JOIN Authors ON 'Orders.shipping_city' = 'Authors.first_name';
INSERT INTO "SqlQuery" ("queryId", "userId", "issuedAt", "finishedAt", "hasError", "errorMessage", "statement", "projectId", "queryTypeId")
    VALUES ('1712', '10', '2023-05-02 22:07:11.413405', '2023-05-02 22:07:15.413405', 'False', 'None', 'SELECT Orders.shipping_city, Authors.first_name FROM Orders NATURAL JOIN Authors ON Orders.shipping_city = Authors.first_name;', '3', '1');
INSERT INTO "QueryColumnAccess" ("queryId", "columnId")
    VALUES ('1712', '7');
INSERT INTO "QueryColumnAccess" ("queryId", "columnId")
    VALUES ('1712', '2');
INSERT INTO "QueryTableAccess" ("queryId", "tableId")
    VALUES ('1712', '5');
INSERT INTO "QueryTableAccess" ("queryId", "tableId")
    VALUES ('1712', '2');
SELECT 'Books.price', 'Publishers.publisher_id' FROM Books LEFT OUTER JOIN Publishers ON 'Books.price' = 'Publishers.publisher_id';
INSERT INTO "SqlQuery" ("queryId", "userId", "issuedAt", "finishedAt", "hasError", "errorMessage", "statement", "projectId", "queryTypeId")
    VALUES ('1713', '10', '2023-04-24 22:07:11.413414', '2023-04-24 22:07:15.413414', 'False', 'None', 'SELECT Books.price, Publishers.publisher_id FROM Books LEFT OUTER JOIN Publishers ON Books.price = Publishers.publisher_id;', '3', '1');
INSERT INTO "QueryColumnAccess" ("queryId", "columnId")
    VALUES ('1713', '6');
INSERT INTO "QueryColumnAccess" ("queryId", "columnId")
    VALUES ('1713', '1');
INSERT INTO "QueryTableAccess" ("queryId", "tableId")
    VALUES ('1713', '1');
INSERT INTO "QueryTableAccess" ("queryId", "tableId")
    VALUES ('1713', '3');
SELECT 'Authors.birth_date', 'Publishers.website' FROM Authors LEFT OUTER JOIN Publishers ON 'Authors.birth_date' = 'Publishers.website';
INSERT INTO "SqlQuery" ("queryId", "userId", "issuedAt", "finishedAt", "hasError", "errorMessage", "statement", "projectId", "queryTypeId")
    VALUES ('1714', '14', '2023-05-27 22:07:11.413422', '2023-05-27 22:07:15.413422', 'False', 'None', 'SELECT Authors.birth_date, Publishers.website FROM Authors LEFT OUTER JOIN Publishers ON Authors.birth_date = Publishers.website;', '3', '1');
INSERT INTO "QueryColumnAccess" ("queryId", "columnId")
    VALUES ('1714', '4');
INSERT INTO "QueryColumnAccess" ("queryId", "columnId")
    VALUES ('1714', '5');
INSERT INTO "QueryTableAccess" ("queryId", "tableId")
    VALUES ('1714', '2');
INSERT INTO "QueryTableAccess" ("queryId", "tableId")
    VALUES ('1714', '3');
SELECT 'Publishers.publisher_name', 'Authors.last_name' FROM Publishers RIGHT OUTER JOIN Authors ON 'Publishers.publisher_name' = 'Authors.last_name';
INSERT INTO "SqlQuery" ("queryId", "userId", "issuedAt", "finishedAt", "hasError", "errorMessage", "statement", "projectId", "queryTypeId")
    VALUES ('1715', '13', '2023-06-07 22:07:11.413432', '2023-06-07 22:07:12.413432', 'False', 'None', 'SELECT Publishers.publisher_name, Authors.last_name FROM Publishers RIGHT OUTER JOIN Authors ON Publishers.publisher_name = Authors.last_name;', '3', '1');
INSERT INTO "QueryColumnAccess" ("queryId", "columnId")
    VALUES ('1715', '2');
INSERT INTO "QueryColumnAccess" ("queryId", "columnId")
    VALUES ('1715', '3');
INSERT INTO "QueryTableAccess" ("queryId", "tableId")
    VALUES ('1715', '3');
INSERT INTO "QueryTableAccess" ("queryId", "tableId")
    VALUES ('1715', '2');
SELECT 'Publishers.established_date', 'Orders.status' FROM Publishers NATURAL JOIN Orders ON 'Publishers.established_date' = 'Orders.status';
INSERT INTO "SqlQuery" ("queryId", "userId", "issuedAt", "finishedAt", "hasError", "errorMessage", "statement", "projectId", "queryTypeId")
    VALUES ('1716', '2', '2023-05-21 22:07:11.413444', '2023-05-21 22:07:15.413444', 'False', 'None', 'SELECT Publishers.established_date, Orders.status FROM Publishers NATURAL JOIN Orders ON Publishers.established_date = Orders.status;', '3', '1');
INSERT INTO "QueryColumnAccess" ("queryId", "columnId")
    VALUES ('1716', '3');
INSERT INTO "QueryColumnAccess" ("queryId", "columnId")
    VALUES ('1716', '5');
INSERT INTO "QueryTableAccess" ("queryId", "tableId")
    VALUES ('1716', '3');
INSERT INTO "QueryTableAccess" ("queryId", "tableId")
    VALUES ('1716', '5');
SELECT 'Publishers.country', 'Orders.shipping_zip_code' FROM Publishers NATURAL JOIN Orders ON 'Publishers.country' = 'Orders.shipping_zip_code';
INSERT INTO "SqlQuery" ("queryId", "userId", "issuedAt", "finishedAt", "hasError", "errorMessage", "statement", "projectId", "queryTypeId")
    VALUES ('1717', '2', '2023-04-25 22:07:11.413453', '2023-04-25 22:07:12.413453', 'False', 'None', 'SELECT Publishers.country, Orders.shipping_zip_code FROM Publishers NATURAL JOIN Orders ON Publishers.country = Orders.shipping_zip_code;', '3', '1');
INSERT INTO "QueryColumnAccess" ("queryId", "columnId")
    VALUES ('1717', '4');
INSERT INTO "QueryColumnAccess" ("queryId", "columnId")
    VALUES ('1717', '9');
INSERT INTO "QueryTableAccess" ("queryId", "tableId")
    VALUES ('1717', '3');
INSERT INTO "QueryTableAccess" ("queryId", "tableId")
    VALUES ('1717', '5');
SELECT 'Orders.shipping_address', 'Publishers.publisher_id' FROM Orders NATURAL JOIN Publishers ON 'Orders.shipping_address' = 'Publishers.publisher_id';
INSERT INTO "SqlQuery" ("queryId", "userId", "issuedAt", "finishedAt", "hasError", "errorMessage", "statement", "projectId", "queryTypeId")
    VALUES ('1718', '5', '2023-04-23 22:07:11.413462', '2023-04-23 22:07:12.413462', 'False', 'None', 'SELECT Orders.shipping_address, Publishers.publisher_id FROM Orders NATURAL JOIN Publishers ON Orders.shipping_address = Publishers.publisher_id;', '3', '1');
INSERT INTO "QueryColumnAccess" ("queryId", "columnId")
    VALUES ('1718', '6');
INSERT INTO "QueryColumnAccess" ("queryId", "columnId")
    VALUES ('1718', '1');
INSERT INTO "QueryTableAccess" ("queryId", "tableId")
    VALUES ('1718', '5');
INSERT INTO "QueryTableAccess" ("queryId", "tableId")
    VALUES ('1718', '3');
SELECT 'Publishers.website', 'Customers.zip_code' FROM Publishers RIGHT OUTER JOIN Customers ON 'Publishers.website' = 'Customers.zip_code';
INSERT INTO "SqlQuery" ("queryId", "userId", "issuedAt", "finishedAt", "hasError", "errorMessage", "statement", "projectId", "queryTypeId")
    VALUES ('1719', '15', '2023-06-30 22:07:11.413471', '2023-06-30 22:07:12.413471', 'False', 'None', 'SELECT Publishers.website, Customers.zip_code FROM Publishers RIGHT OUTER JOIN Customers ON Publishers.website = Customers.zip_code;', '3', '1');
INSERT INTO "QueryColumnAccess" ("queryId", "columnId")
    VALUES ('1719', '5');
INSERT INTO "QueryColumnAccess" ("queryId", "columnId")
    VALUES ('1719', '9');
INSERT INTO "QueryTableAccess" ("queryId", "tableId")
    VALUES ('1719', '3');
INSERT INTO "QueryTableAccess" ("queryId", "tableId")
    VALUES ('1719', '4');
SELECT 'Publishers.publisher_id', 'Orders.shipping_state' FROM Publishers RIGHT OUTER JOIN Orders ON 'Publishers.publisher_id' = 'Orders.shipping_state';
INSERT INTO "SqlQuery" ("queryId", "userId", "issuedAt", "finishedAt", "hasError", "errorMessage", "statement", "projectId", "queryTypeId")
    VALUES ('1720', '13', '2023-04-17 22:07:11.413480', '2023-04-17 22:07:15.413480', 'False', 'None', 'SELECT Publishers.publisher_id, Orders.shipping_state FROM Publishers RIGHT OUTER JOIN Orders ON Publishers.publisher_id = Orders.shipping_state;', '3', '1');
INSERT INTO "QueryColumnAccess" ("queryId", "columnId")
    VALUES ('1720', '1');
INSERT INTO "QueryColumnAccess" ("queryId", "columnId")
    VALUES ('1720', '8');
INSERT INTO "QueryTableAccess" ("queryId", "tableId")
    VALUES ('1720', '3');
INSERT INTO "QueryTableAccess" ("queryId", "tableId")
    VALUES ('1720', '5');
SELECT 'Authors.author_id', 'Customers.last_name' FROM Authors LEFT OUTER JOIN Customers ON 'Authors.author_id' = 'Customers.last_name';
INSERT INTO "SqlQuery" ("queryId", "userId", "issuedAt", "finishedAt", "hasError", "errorMessage", "statement", "projectId", "queryTypeId")
    VALUES ('1721', '6', '2023-05-29 22:07:11.413488', '2023-05-29 22:07:15.413488', 'False', 'None', 'SELECT Authors.author_id, Customers.last_name FROM Authors LEFT OUTER JOIN Customers ON Authors.author_id = Customers.last_name;', '3', '1');
INSERT INTO "QueryColumnAccess" ("queryId", "columnId")
    VALUES ('1721', '1');
INSERT INTO "QueryColumnAccess" ("queryId", "columnId")
    VALUES ('1721', '3');
INSERT INTO "QueryTableAccess" ("queryId", "tableId")
    VALUES ('1721', '2');
INSERT INTO "QueryTableAccess" ("queryId", "tableId")
    VALUES ('1721', '4');
SELECT 'Publishers.established_date', 'Authors.first_name' FROM Publishers RIGHT OUTER JOIN Authors ON 'Publishers.established_date' = 'Authors.first_name';
INSERT INTO "SqlQuery" ("queryId", "userId", "issuedAt", "finishedAt", "hasError", "errorMessage", "statement", "projectId", "queryTypeId")
    VALUES ('1722', '5', '2023-05-26 22:07:11.413497', '2023-05-26 22:07:12.413497', 'False', 'None', 'SELECT Publishers.established_date, Authors.first_name FROM Publishers RIGHT OUTER JOIN Authors ON Publishers.established_date = Authors.first_name;', '3', '1');
INSERT INTO "QueryColumnAccess" ("queryId", "columnId")
    VALUES ('1722', '3');
INSERT INTO "QueryColumnAccess" ("queryId", "columnId")
    VALUES ('1722', '2');
INSERT INTO "QueryTableAccess" ("queryId", "tableId")
    VALUES ('1722', '3');
INSERT INTO "QueryTableAccess" ("queryId", "tableId")
    VALUES ('1722', '2');
SELECT 'Authors.first_name', 'Customers.country' FROM Authors NATURAL JOIN Customers ON 'Authors.first_name' = 'Customers.country';
INSERT INTO "SqlQuery" ("queryId", "userId", "issuedAt", "finishedAt", "hasError", "errorMessage", "statement", "projectId", "queryTypeId")
    VALUES ('1723', '2', '2023-05-29 22:07:11.413505', '2023-05-29 22:07:15.413505', 'False', 'None', 'SELECT Authors.first_name, Customers.country FROM Authors NATURAL JOIN Customers ON Authors.first_name = Customers.country;', '3', '1');
INSERT INTO "QueryColumnAccess" ("queryId", "columnId")
    VALUES ('1723', '2');
INSERT INTO "QueryColumnAccess" ("queryId", "columnId")
    VALUES ('1723', '10');
INSERT INTO "QueryTableAccess" ("queryId", "tableId")
    VALUES ('1723', '2');
INSERT INTO "QueryTableAccess" ("queryId", "tableId")
    VALUES ('1723', '4');
SELECT 'Orders.status', 'Authors.birth_date' FROM Orders LEFT OUTER JOIN Authors ON 'Orders.status' = 'Authors.birth_date';
INSERT INTO "SqlQuery" ("queryId", "userId", "issuedAt", "finishedAt", "hasError", "errorMessage", "statement", "projectId", "queryTypeId")
    VALUES ('1724', '8', '2023-06-12 22:07:11.413514', '2023-06-12 22:07:14.413514', 'False', 'None', 'SELECT Orders.status, Authors.birth_date FROM Orders LEFT OUTER JOIN Authors ON Orders.status = Authors.birth_date;', '3', '1');
INSERT INTO "QueryColumnAccess" ("queryId", "columnId")
    VALUES ('1724', '5');
INSERT INTO "QueryColumnAccess" ("queryId", "columnId")
    VALUES ('1724', '4');
INSERT INTO "QueryTableAccess" ("queryId", "tableId")
    VALUES ('1724', '5');
INSERT INTO "QueryTableAccess" ("queryId", "tableId")
    VALUES ('1724', '2');
SELECT 'Publishers.publisher_name', 'Books.author' FROM Publishers RIGHT OUTER JOIN Books ON 'Publishers.publisher_name' = 'Books.author';
INSERT INTO "SqlQuery" ("queryId", "userId", "issuedAt", "finishedAt", "hasError", "errorMessage", "statement", "projectId", "queryTypeId")
    VALUES ('1725', '11', '2023-05-17 22:07:11.413523', '2023-05-17 22:07:15.413523', 'False', 'None', 'SELECT Publishers.publisher_name, Books.author FROM Publishers RIGHT OUTER JOIN Books ON Publishers.publisher_name = Books.author;', '3', '1');
INSERT INTO "QueryColumnAccess" ("queryId", "columnId")
    VALUES ('1725', '2');
INSERT INTO "QueryColumnAccess" ("queryId", "columnId")
    VALUES ('1725', '3');
INSERT INTO "QueryTableAccess" ("queryId", "tableId")
    VALUES ('1725', '3');
INSERT INTO "QueryTableAccess" ("queryId", "tableId")
    VALUES ('1725', '1');
SELECT 'Publishers.website', 'Authors.author_id' FROM Publishers NATURAL JOIN Authors ON 'Publishers.website' = 'Authors.author_id';
INSERT INTO "SqlQuery" ("queryId", "userId", "issuedAt", "finishedAt", "hasError", "errorMessage", "statement", "projectId", "queryTypeId")
    VALUES ('1726', '9', '2023-04-21 22:07:11.413534', '2023-04-21 22:07:12.413534', 'False', 'None', 'SELECT Publishers.website, Authors.author_id FROM Publishers NATURAL JOIN Authors ON Publishers.website = Authors.author_id;', '3', '1');
INSERT INTO "QueryColumnAccess" ("queryId", "columnId")
    VALUES ('1726', '5');
INSERT INTO "QueryColumnAccess" ("queryId", "columnId")
    VALUES ('1726', '1');
INSERT INTO "QueryTableAccess" ("queryId", "tableId")
    VALUES ('1726', '3');
INSERT INTO "QueryTableAccess" ("queryId", "tableId")
    VALUES ('1726', '2');
SELECT 'Customers.customer_id', 'Publishers.publisher_id' FROM Customers LEFT OUTER JOIN Publishers ON 'Customers.customer_id' = 'Publishers.publisher_id';
INSERT INTO "SqlQuery" ("queryId", "userId", "issuedAt", "finishedAt", "hasError", "errorMessage", "statement", "projectId", "queryTypeId")
    VALUES ('1727', '15', '2023-04-24 22:07:11.413543', '2023-04-24 22:07:13.413543', 'False', 'None', 'SELECT Customers.customer_id, Publishers.publisher_id FROM Customers LEFT OUTER JOIN Publishers ON Customers.customer_id = Publishers.publisher_id;', '3', '1');
INSERT INTO "QueryColumnAccess" ("queryId", "columnId")
    VALUES ('1727', '1');
INSERT INTO "QueryColumnAccess" ("queryId", "columnId")
    VALUES ('1727', '1');
INSERT INTO "QueryTableAccess" ("queryId", "tableId")
    VALUES ('1727', '4');
INSERT INTO "QueryTableAccess" ("queryId", "tableId")
    VALUES ('1727', '3');
SELECT 'Books.publisher', 'Authors.author_id' FROM Books LEFT OUTER JOIN Authors ON 'Books.publisher' = 'Authors.author_id';
INSERT INTO "SqlQuery" ("queryId", "userId", "issuedAt", "finishedAt", "hasError", "errorMessage", "statement", "projectId", "queryTypeId")
    VALUES ('1728', '12', '2023-05-09 22:07:11.413551', '2023-05-09 22:07:14.413551', 'False', 'None', 'SELECT Books.publisher, Authors.author_id FROM Books LEFT OUTER JOIN Authors ON Books.publisher = Authors.author_id;', '3', '1');
INSERT INTO "QueryColumnAccess" ("queryId", "columnId")
    VALUES ('1728', '5');
INSERT INTO "QueryColumnAccess" ("queryId", "columnId")
    VALUES ('1728', '1');
INSERT INTO "QueryTableAccess" ("queryId", "tableId")
    VALUES ('1728', '1');
INSERT INTO "QueryTableAccess" ("queryId", "tableId")
    VALUES ('1728', '2');
SELECT 'Publishers.publisher_name', 'Books.author' FROM Publishers LEFT OUTER JOIN Books ON 'Publishers.publisher_name' = 'Books.author';
INSERT INTO "SqlQuery" ("queryId", "userId", "issuedAt", "finishedAt", "hasError", "errorMessage", "statement", "projectId", "queryTypeId")
    VALUES ('1729', '2', '2023-06-21 22:07:11.413560', '2023-06-21 22:07:12.413560', 'False', 'None', 'SELECT Publishers.publisher_name, Books.author FROM Publishers LEFT OUTER JOIN Books ON Publishers.publisher_name = Books.author;', '3', '1');
INSERT INTO "QueryColumnAccess" ("queryId", "columnId")
    VALUES ('1729', '2');
INSERT INTO "QueryColumnAccess" ("queryId", "columnId")
    VALUES ('1729', '3');
INSERT INTO "QueryTableAccess" ("queryId", "tableId")
    VALUES ('1729', '3');
INSERT INTO "QueryTableAccess" ("queryId", "tableId")
    VALUES ('1729', '1');
SELECT 'Orders.order_id', 'Books.category_id' FROM Orders RIGHT OUTER JOIN Books ON 'Orders.order_id' = 'Books.category_id';
INSERT INTO "SqlQuery" ("queryId", "userId", "issuedAt", "finishedAt", "hasError", "errorMessage", "statement", "projectId", "queryTypeId")
    VALUES ('1730', '8', '2023-04-16 22:07:11.413569', '2023-04-16 22:07:15.413569', 'False', 'None', 'SELECT Orders.order_id, Books.category_id FROM Orders RIGHT OUTER JOIN Books ON Orders.order_id = Books.category_id;', '3', '1');
INSERT INTO "QueryColumnAccess" ("queryId", "columnId")
    VALUES ('1730', '1');
INSERT INTO "QueryColumnAccess" ("queryId", "columnId")
    VALUES ('1730', '7');
INSERT INTO "QueryTableAccess" ("queryId", "tableId")
    VALUES ('1730', '5');
INSERT INTO "QueryTableAccess" ("queryId", "tableId")
    VALUES ('1730', '1');
SELECT 'Authors.last_name', 'Orders.shipping_address' FROM Authors LEFT OUTER JOIN Orders ON 'Authors.last_name' = 'Orders.shipping_address';
INSERT INTO "SqlQuery" ("queryId", "userId", "issuedAt", "finishedAt", "hasError", "errorMessage", "statement", "projectId", "queryTypeId")
    VALUES ('1731', '15', '2023-06-06 22:07:11.413577', '2023-06-06 22:07:15.413577', 'False', 'None', 'SELECT Authors.last_name, Orders.shipping_address FROM Authors LEFT OUTER JOIN Orders ON Authors.last_name = Orders.shipping_address;', '3', '1');
INSERT INTO "QueryColumnAccess" ("queryId", "columnId")
    VALUES ('1731', '3');
INSERT INTO "QueryColumnAccess" ("queryId", "columnId")
    VALUES ('1731', '6');
INSERT INTO "QueryTableAccess" ("queryId", "tableId")
    VALUES ('1731', '2');
INSERT INTO "QueryTableAccess" ("queryId", "tableId")
    VALUES ('1731', '5');
SELECT 'Customers.first_name', 'Authors.author_id' FROM Customers LEFT OUTER JOIN Authors ON 'Customers.first_name' = 'Authors.author_id';
INSERT INTO "SqlQuery" ("queryId", "userId", "issuedAt", "finishedAt", "hasError", "errorMessage", "statement", "projectId", "queryTypeId")
    VALUES ('1732', '9', '2023-04-13 22:07:11.413586', '2023-04-13 22:07:13.413586', 'False', 'None', 'SELECT Customers.first_name, Authors.author_id FROM Customers LEFT OUTER JOIN Authors ON Customers.first_name = Authors.author_id;', '3', '1');
INSERT INTO "QueryColumnAccess" ("queryId", "columnId")
    VALUES ('1732', '2');
INSERT INTO "QueryColumnAccess" ("queryId", "columnId")
    VALUES ('1732', '1');
INSERT INTO "QueryTableAccess" ("queryId", "tableId")
    VALUES ('1732', '4');
INSERT INTO "QueryTableAccess" ("queryId", "tableId")
    VALUES ('1732', '2');
SELECT 'Publishers.publisher_name', 'Customers.country' FROM Publishers NATURAL JOIN Customers ON 'Publishers.publisher_name' = 'Customers.country';
INSERT INTO "SqlQuery" ("queryId", "userId", "issuedAt", "finishedAt", "hasError", "errorMessage", "statement", "projectId", "queryTypeId")
    VALUES ('1733', '13', '2023-07-06 22:07:11.413594', '2023-07-06 22:07:14.413594', 'False', 'None', 'SELECT Publishers.publisher_name, Customers.country FROM Publishers NATURAL JOIN Customers ON Publishers.publisher_name = Customers.country;', '3', '1');
INSERT INTO "QueryColumnAccess" ("queryId", "columnId")
    VALUES ('1733', '2');
INSERT INTO "QueryColumnAccess" ("queryId", "columnId")
    VALUES ('1733', '10');
INSERT INTO "QueryTableAccess" ("queryId", "tableId")
    VALUES ('1733', '3');
INSERT INTO "QueryTableAccess" ("queryId", "tableId")
    VALUES ('1733', '4');
SELECT 'Books.category_id', 'Orders.shipping_state' FROM Books RIGHT OUTER JOIN Orders ON 'Books.category_id' = 'Orders.shipping_state';
INSERT INTO "SqlQuery" ("queryId", "userId", "issuedAt", "finishedAt", "hasError", "errorMessage", "statement", "projectId", "queryTypeId")
    VALUES ('1734', '11', '2023-05-31 22:07:11.413603', '2023-05-31 22:07:14.413603', 'False', 'None', 'SELECT Books.category_id, Orders.shipping_state FROM Books RIGHT OUTER JOIN Orders ON Books.category_id = Orders.shipping_state;', '3', '1');
INSERT INTO "QueryColumnAccess" ("queryId", "columnId")
    VALUES ('1734', '7');
INSERT INTO "QueryColumnAccess" ("queryId", "columnId")
    VALUES ('1734', '8');
INSERT INTO "QueryTableAccess" ("queryId", "tableId")
    VALUES ('1734', '1');
INSERT INTO "QueryTableAccess" ("queryId", "tableId")
    VALUES ('1734', '5');
SELECT 'Publishers.publisher_name', 'Orders.status' FROM Publishers NATURAL JOIN Orders ON 'Publishers.publisher_name' = 'Orders.status';
INSERT INTO "SqlQuery" ("queryId", "userId", "issuedAt", "finishedAt", "hasError", "errorMessage", "statement", "projectId", "queryTypeId")
    VALUES ('1735', '6', '2023-05-15 22:07:11.413616', '2023-05-15 22:07:12.413616', 'False', 'None', 'SELECT Publishers.publisher_name, Orders.status FROM Publishers NATURAL JOIN Orders ON Publishers.publisher_name = Orders.status;', '3', '1');
INSERT INTO "QueryColumnAccess" ("queryId", "columnId")
    VALUES ('1735', '2');
INSERT INTO "QueryColumnAccess" ("queryId", "columnId")
    VALUES ('1735', '5');
INSERT INTO "QueryTableAccess" ("queryId", "tableId")
    VALUES ('1735', '3');
INSERT INTO "QueryTableAccess" ("queryId", "tableId")
    VALUES ('1735', '5');
SELECT 'Books.publisher', 'Orders.shipping_city' FROM Books NATURAL JOIN Orders ON 'Books.publisher' = 'Orders.shipping_city';
INSERT INTO "SqlQuery" ("queryId", "userId", "issuedAt", "finishedAt", "hasError", "errorMessage", "statement", "projectId", "queryTypeId")
    VALUES ('1736', '11', '2023-04-25 22:07:11.413625', '2023-04-25 22:07:14.413625', 'False', 'None', 'SELECT Books.publisher, Orders.shipping_city FROM Books NATURAL JOIN Orders ON Books.publisher = Orders.shipping_city;', '3', '1');
INSERT INTO "QueryColumnAccess" ("queryId", "columnId")
    VALUES ('1736', '5');
INSERT INTO "QueryColumnAccess" ("queryId", "columnId")
    VALUES ('1736', '7');
INSERT INTO "QueryTableAccess" ("queryId", "tableId")
    VALUES ('1736', '1');
INSERT INTO "QueryTableAccess" ("queryId", "tableId")
    VALUES ('1736', '5');
SELECT 'Orders.shipping_zip_code', 'Customers.state' FROM Orders RIGHT OUTER JOIN Customers ON 'Orders.shipping_zip_code' = 'Customers.state';
INSERT INTO "SqlQuery" ("queryId", "userId", "issuedAt", "finishedAt", "hasError", "errorMessage", "statement", "projectId", "queryTypeId")
    VALUES ('1737', '14', '2023-05-06 22:07:11.413634', '2023-05-06 22:07:12.413634', 'False', 'None', 'SELECT Orders.shipping_zip_code, Customers.state FROM Orders RIGHT OUTER JOIN Customers ON Orders.shipping_zip_code = Customers.state;', '3', '1');
INSERT INTO "QueryColumnAccess" ("queryId", "columnId")
    VALUES ('1737', '9');
INSERT INTO "QueryColumnAccess" ("queryId", "columnId")
    VALUES ('1737', '8');
INSERT INTO "QueryTableAccess" ("queryId", "tableId")
    VALUES ('1737', '5');
INSERT INTO "QueryTableAccess" ("queryId", "tableId")
    VALUES ('1737', '4');
SELECT 'Customers.first_name', 'Authors.last_name' FROM Customers RIGHT OUTER JOIN Authors ON 'Customers.first_name' = 'Authors.last_name';
INSERT INTO "SqlQuery" ("queryId", "userId", "issuedAt", "finishedAt", "hasError", "errorMessage", "statement", "projectId", "queryTypeId")
    VALUES ('1738', '7', '2023-06-01 22:07:11.413643', '2023-06-01 22:07:12.413643', 'False', 'None', 'SELECT Customers.first_name, Authors.last_name FROM Customers RIGHT OUTER JOIN Authors ON Customers.first_name = Authors.last_name;', '3', '1');
INSERT INTO "QueryColumnAccess" ("queryId", "columnId")
    VALUES ('1738', '2');
INSERT INTO "QueryColumnAccess" ("queryId", "columnId")
    VALUES ('1738', '3');
INSERT INTO "QueryTableAccess" ("queryId", "tableId")
    VALUES ('1738', '4');
INSERT INTO "QueryTableAccess" ("queryId", "tableId")
    VALUES ('1738', '2');
SELECT 'Authors.first_name', 'Publishers.country' FROM Authors LEFT OUTER JOIN Publishers ON 'Authors.first_name' = 'Publishers.country';
INSERT INTO "SqlQuery" ("queryId", "userId", "issuedAt", "finishedAt", "hasError", "errorMessage", "statement", "projectId", "queryTypeId")
    VALUES ('1739', '10', '2023-04-12 22:07:11.413651', '2023-04-12 22:07:14.413651', 'False', 'None', 'SELECT Authors.first_name, Publishers.country FROM Authors LEFT OUTER JOIN Publishers ON Authors.first_name = Publishers.country;', '3', '1');
INSERT INTO "QueryColumnAccess" ("queryId", "columnId")
    VALUES ('1739', '2');
INSERT INTO "QueryColumnAccess" ("queryId", "columnId")
    VALUES ('1739', '4');
INSERT INTO "QueryTableAccess" ("queryId", "tableId")
    VALUES ('1739', '2');
INSERT INTO "QueryTableAccess" ("queryId", "tableId")
    VALUES ('1739', '3');
SELECT 'Orders.shipping_country', 'Authors.first_name' FROM Orders LEFT OUTER JOIN Authors ON 'Orders.shipping_country' = 'Authors.first_name';
INSERT INTO "SqlQuery" ("queryId", "userId", "issuedAt", "finishedAt", "hasError", "errorMessage", "statement", "projectId", "queryTypeId")
    VALUES ('1740', '15', '2023-05-26 22:07:11.413660', '2023-05-26 22:07:15.413660', 'False', 'None', 'SELECT Orders.shipping_country, Authors.first_name FROM Orders LEFT OUTER JOIN Authors ON Orders.shipping_country = Authors.first_name;', '3', '1');
INSERT INTO "QueryColumnAccess" ("queryId", "columnId")
    VALUES ('1740', '10');
INSERT INTO "QueryColumnAccess" ("queryId", "columnId")
    VALUES ('1740', '2');
INSERT INTO "QueryTableAccess" ("queryId", "tableId")
    VALUES ('1740', '5');
INSERT INTO "QueryTableAccess" ("queryId", "tableId")
    VALUES ('1740', '2');
SELECT 'Authors.first_name', 'Publishers.established_date' FROM Authors LEFT OUTER JOIN Publishers ON 'Authors.first_name' = 'Publishers.established_date';
INSERT INTO "SqlQuery" ("queryId", "userId", "issuedAt", "finishedAt", "hasError", "errorMessage", "statement", "projectId", "queryTypeId")
    VALUES ('1741', '4', '2023-06-14 22:07:11.413669', '2023-06-14 22:07:15.413669', 'False', 'None', 'SELECT Authors.first_name, Publishers.established_date FROM Authors LEFT OUTER JOIN Publishers ON Authors.first_name = Publishers.established_date;', '3', '1');
INSERT INTO "QueryColumnAccess" ("queryId", "columnId")
    VALUES ('1741', '2');
INSERT INTO "QueryColumnAccess" ("queryId", "columnId")
    VALUES ('1741', '3');
INSERT INTO "QueryTableAccess" ("queryId", "tableId")
    VALUES ('1741', '2');
INSERT INTO "QueryTableAccess" ("queryId", "tableId")
    VALUES ('1741', '3');
SELECT 'Customers.address', 'Orders.shipping_country' FROM Customers NATURAL JOIN Orders ON 'Customers.address' = 'Orders.shipping_country';
INSERT INTO "SqlQuery" ("queryId", "userId", "issuedAt", "finishedAt", "hasError", "errorMessage", "statement", "projectId", "queryTypeId")
    VALUES ('1742', '1', '2023-06-17 22:07:11.413677', '2023-06-17 22:07:13.413677', 'False', 'None', 'SELECT Customers.address, Orders.shipping_country FROM Customers NATURAL JOIN Orders ON Customers.address = Orders.shipping_country;', '3', '1');
INSERT INTO "QueryColumnAccess" ("queryId", "columnId")
    VALUES ('1742', '6');
INSERT INTO "QueryColumnAccess" ("queryId", "columnId")
    VALUES ('1742', '10');
INSERT INTO "QueryTableAccess" ("queryId", "tableId")
    VALUES ('1742', '4');
INSERT INTO "QueryTableAccess" ("queryId", "tableId")
    VALUES ('1742', '5');
SELECT 'Publishers.publisher_name', 'Customers.state' FROM Publishers RIGHT OUTER JOIN Customers ON 'Publishers.publisher_name' = 'Customers.state';
INSERT INTO "SqlQuery" ("queryId", "userId", "issuedAt", "finishedAt", "hasError", "errorMessage", "statement", "projectId", "queryTypeId")
    VALUES ('1743', '3', '2023-06-24 22:07:11.413686', '2023-06-24 22:07:12.413686', 'False', 'None', 'SELECT Publishers.publisher_name, Customers.state FROM Publishers RIGHT OUTER JOIN Customers ON Publishers.publisher_name = Customers.state;', '3', '1');
INSERT INTO "QueryColumnAccess" ("queryId", "columnId")
    VALUES ('1743', '2');
INSERT INTO "QueryColumnAccess" ("queryId", "columnId")
    VALUES ('1743', '8');
INSERT INTO "QueryTableAccess" ("queryId", "tableId")
    VALUES ('1743', '3');
INSERT INTO "QueryTableAccess" ("queryId", "tableId")
    VALUES ('1743', '4');
SELECT 'Orders.status', 'Publishers.country' FROM Orders RIGHT OUTER JOIN Publishers ON 'Orders.status' = 'Publishers.country';
INSERT INTO "SqlQuery" ("queryId", "userId", "issuedAt", "finishedAt", "hasError", "errorMessage", "statement", "projectId", "queryTypeId")
    VALUES ('1744', '4', '2023-04-30 22:07:11.413695', '2023-04-30 22:07:15.413695', 'False', 'None', 'SELECT Orders.status, Publishers.country FROM Orders RIGHT OUTER JOIN Publishers ON Orders.status = Publishers.country;', '3', '1');
INSERT INTO "QueryColumnAccess" ("queryId", "columnId")
    VALUES ('1744', '5');
INSERT INTO "QueryColumnAccess" ("queryId", "columnId")
    VALUES ('1744', '4');
INSERT INTO "QueryTableAccess" ("queryId", "tableId")
    VALUES ('1744', '5');
INSERT INTO "QueryTableAccess" ("queryId", "tableId")
    VALUES ('1744', '3');
SELECT 'Orders.total_amount', 'Books.book_id' FROM Orders RIGHT OUTER JOIN Books ON 'Orders.total_amount' = 'Books.book_id';
INSERT INTO "SqlQuery" ("queryId", "userId", "issuedAt", "finishedAt", "hasError", "errorMessage", "statement", "projectId", "queryTypeId")
    VALUES ('1745', '15', '2023-07-10 22:07:11.413710', '2023-07-10 22:07:14.413710', 'False', 'None', 'SELECT Orders.total_amount, Books.book_id FROM Orders RIGHT OUTER JOIN Books ON Orders.total_amount = Books.book_id;', '3', '1');
INSERT INTO "QueryColumnAccess" ("queryId", "columnId")
    VALUES ('1745', '4');
INSERT INTO "QueryColumnAccess" ("queryId", "columnId")
    VALUES ('1745', '1');
INSERT INTO "QueryTableAccess" ("queryId", "tableId")
    VALUES ('1745', '5');
INSERT INTO "QueryTableAccess" ("queryId", "tableId")
    VALUES ('1745', '1');
SELECT 'Publishers.publisher_id', 'Books.price' FROM Publishers RIGHT OUTER JOIN Books ON 'Publishers.publisher_id' = 'Books.price';
INSERT INTO "SqlQuery" ("queryId", "userId", "issuedAt", "finishedAt", "hasError", "errorMessage", "statement", "projectId", "queryTypeId")
    VALUES ('1746', '12', '2023-05-21 22:07:11.413719', '2023-05-21 22:07:15.413719', 'False', 'None', 'SELECT Publishers.publisher_id, Books.price FROM Publishers RIGHT OUTER JOIN Books ON Publishers.publisher_id = Books.price;', '3', '1');
INSERT INTO "QueryColumnAccess" ("queryId", "columnId")
    VALUES ('1746', '1');
INSERT INTO "QueryColumnAccess" ("queryId", "columnId")
    VALUES ('1746', '6');
INSERT INTO "QueryTableAccess" ("queryId", "tableId")
    VALUES ('1746', '3');
INSERT INTO "QueryTableAccess" ("queryId", "tableId")
    VALUES ('1746', '1');
SELECT 'Orders.shipping_state', 'Books.book_id' FROM Orders NATURAL JOIN Books ON 'Orders.shipping_state' = 'Books.book_id';
INSERT INTO "SqlQuery" ("queryId", "userId", "issuedAt", "finishedAt", "hasError", "errorMessage", "statement", "projectId", "queryTypeId")
    VALUES ('1747', '5', '2023-06-11 22:07:11.413728', '2023-06-11 22:07:12.413728', 'False', 'None', 'SELECT Orders.shipping_state, Books.book_id FROM Orders NATURAL JOIN Books ON Orders.shipping_state = Books.book_id;', '3', '1');
INSERT INTO "QueryColumnAccess" ("queryId", "columnId")
    VALUES ('1747', '8');
INSERT INTO "QueryColumnAccess" ("queryId", "columnId")
    VALUES ('1747', '1');
INSERT INTO "QueryTableAccess" ("queryId", "tableId")
    VALUES ('1747', '5');
INSERT INTO "QueryTableAccess" ("queryId", "tableId")
    VALUES ('1747', '1');
SELECT 'Publishers.publisher_id', 'Books.publisher' FROM Publishers RIGHT OUTER JOIN Books ON 'Publishers.publisher_id' = 'Books.publisher';
INSERT INTO "SqlQuery" ("queryId", "userId", "issuedAt", "finishedAt", "hasError", "errorMessage", "statement", "projectId", "queryTypeId")
    VALUES ('1748', '14', '2023-04-12 22:07:11.413737', '2023-04-12 22:07:14.413737', 'False', 'None', 'SELECT Publishers.publisher_id, Books.publisher FROM Publishers RIGHT OUTER JOIN Books ON Publishers.publisher_id = Books.publisher;', '3', '1');
INSERT INTO "QueryColumnAccess" ("queryId", "columnId")
    VALUES ('1748', '1');
INSERT INTO "QueryColumnAccess" ("queryId", "columnId")
    VALUES ('1748', '5');
INSERT INTO "QueryTableAccess" ("queryId", "tableId")
    VALUES ('1748', '3');
INSERT INTO "QueryTableAccess" ("queryId", "tableId")
    VALUES ('1748', '1');
SELECT 'Orders.shipping_address', 'Authors.country' FROM Orders RIGHT OUTER JOIN Authors ON 'Orders.shipping_address' = 'Authors.country';
INSERT INTO "SqlQuery" ("queryId", "userId", "issuedAt", "finishedAt", "hasError", "errorMessage", "statement", "projectId", "queryTypeId")
    VALUES ('1749', '10', '2023-05-30 22:07:11.413745', '2023-05-30 22:07:14.413745', 'False', 'None', 'SELECT Orders.shipping_address, Authors.country FROM Orders RIGHT OUTER JOIN Authors ON Orders.shipping_address = Authors.country;', '3', '1');
INSERT INTO "QueryColumnAccess" ("queryId", "columnId")
    VALUES ('1749', '6');
INSERT INTO "QueryColumnAccess" ("queryId", "columnId")
    VALUES ('1749', '5');
INSERT INTO "QueryTableAccess" ("queryId", "tableId")
    VALUES ('1749', '5');
INSERT INTO "QueryTableAccess" ("queryId", "tableId")
    VALUES ('1749', '2');
SELECT 'Authors.first_name', 'Orders.order_id' FROM Authors NATURAL JOIN Orders ON 'Authors.first_name' = 'Orders.order_id';
INSERT INTO "SqlQuery" ("queryId", "userId", "issuedAt", "finishedAt", "hasError", "errorMessage", "statement", "projectId", "queryTypeId")
    VALUES ('1750', '6', '2023-05-10 22:07:11.413754', '2023-05-10 22:07:15.413754', 'False', 'None', 'SELECT Authors.first_name, Orders.order_id FROM Authors NATURAL JOIN Orders ON Authors.first_name = Orders.order_id;', '3', '1');
INSERT INTO "QueryColumnAccess" ("queryId", "columnId")
    VALUES ('1750', '2');
INSERT INTO "QueryColumnAccess" ("queryId", "columnId")
    VALUES ('1750', '1');
INSERT INTO "QueryTableAccess" ("queryId", "tableId")
    VALUES ('1750', '2');
INSERT INTO "QueryTableAccess" ("queryId", "tableId")
    VALUES ('1750', '5');
SELECT 'Books.book_id', 'Orders.shipping_zip_code' FROM Books RIGHT OUTER JOIN Orders ON 'Books.book_id' = 'Orders.shipping_zip_code';
INSERT INTO "SqlQuery" ("queryId", "userId", "issuedAt", "finishedAt", "hasError", "errorMessage", "statement", "projectId", "queryTypeId")
    VALUES ('1751', '3', '2023-06-08 22:07:11.413762', '2023-06-08 22:07:13.413762', 'False', 'None', 'SELECT Books.book_id, Orders.shipping_zip_code FROM Books RIGHT OUTER JOIN Orders ON Books.book_id = Orders.shipping_zip_code;', '3', '1');
INSERT INTO "QueryColumnAccess" ("queryId", "columnId")
    VALUES ('1751', '1');
INSERT INTO "QueryColumnAccess" ("queryId", "columnId")
    VALUES ('1751', '9');
INSERT INTO "QueryTableAccess" ("queryId", "tableId")
    VALUES ('1751', '1');
INSERT INTO "QueryTableAccess" ("queryId", "tableId")
    VALUES ('1751', '5');
SELECT 'Orders.status', 'Books.publication_date' FROM Orders LEFT OUTER JOIN Books ON 'Orders.status' = 'Books.publication_date';
INSERT INTO "SqlQuery" ("queryId", "userId", "issuedAt", "finishedAt", "hasError", "errorMessage", "statement", "projectId", "queryTypeId")
    VALUES ('1752', '3', '2023-05-14 22:07:11.413771', '2023-05-14 22:07:13.413771', 'False', 'None', 'SELECT Orders.status, Books.publication_date FROM Orders LEFT OUTER JOIN Books ON Orders.status = Books.publication_date;', '3', '1');
INSERT INTO "QueryColumnAccess" ("queryId", "columnId")
    VALUES ('1752', '5');
INSERT INTO "QueryColumnAccess" ("queryId", "columnId")
    VALUES ('1752', '4');
INSERT INTO "QueryTableAccess" ("queryId", "tableId")
    VALUES ('1752', '5');
INSERT INTO "QueryTableAccess" ("queryId", "tableId")
    VALUES ('1752', '1');
SELECT 'Customers.phone_number', 'Books.book_id' FROM Customers LEFT OUTER JOIN Books ON 'Customers.phone_number' = 'Books.book_id';
INSERT INTO "SqlQuery" ("queryId", "userId", "issuedAt", "finishedAt", "hasError", "errorMessage", "statement", "projectId", "queryTypeId")
    VALUES ('1753', '10', '2023-04-30 22:07:11.413780', '2023-04-30 22:07:14.413780', 'False', 'None', 'SELECT Customers.phone_number, Books.book_id FROM Customers LEFT OUTER JOIN Books ON Customers.phone_number = Books.book_id;', '3', '1');
INSERT INTO "QueryColumnAccess" ("queryId", "columnId")
    VALUES ('1753', '5');
INSERT INTO "QueryColumnAccess" ("queryId", "columnId")
    VALUES ('1753', '1');
INSERT INTO "QueryTableAccess" ("queryId", "tableId")
    VALUES ('1753', '4');
INSERT INTO "QueryTableAccess" ("queryId", "tableId")
    VALUES ('1753', '1');
SELECT 'Orders.total_amount', 'Customers.state' FROM Orders NATURAL JOIN Customers ON 'Orders.total_amount' = 'Customers.state';
INSERT INTO "SqlQuery" ("queryId", "userId", "issuedAt", "finishedAt", "hasError", "errorMessage", "statement", "projectId", "queryTypeId")
    VALUES ('1754', '9', '2023-04-29 22:07:11.413797', '2023-04-29 22:07:12.413797', 'False', 'None', 'SELECT Orders.total_amount, Customers.state FROM Orders NATURAL JOIN Customers ON Orders.total_amount = Customers.state;', '3', '1');
INSERT INTO "QueryColumnAccess" ("queryId", "columnId")
    VALUES ('1754', '4');
INSERT INTO "QueryColumnAccess" ("queryId", "columnId")
    VALUES ('1754', '8');
INSERT INTO "QueryTableAccess" ("queryId", "tableId")
    VALUES ('1754', '5');
INSERT INTO "QueryTableAccess" ("queryId", "tableId")
    VALUES ('1754', '4');
SELECT 'Orders.status', 'Customers.state' FROM Orders LEFT OUTER JOIN Customers ON 'Orders.status' = 'Customers.state';
INSERT INTO "SqlQuery" ("queryId", "userId", "issuedAt", "finishedAt", "hasError", "errorMessage", "statement", "projectId", "queryTypeId")
    VALUES ('1755', '13', '2023-04-13 22:07:11.413806', '2023-04-13 22:07:15.413806', 'False', 'None', 'SELECT Orders.status, Customers.state FROM Orders LEFT OUTER JOIN Customers ON Orders.status = Customers.state;', '3', '1');
INSERT INTO "QueryColumnAccess" ("queryId", "columnId")
    VALUES ('1755', '5');
INSERT INTO "QueryColumnAccess" ("queryId", "columnId")
    VALUES ('1755', '8');
INSERT INTO "QueryTableAccess" ("queryId", "tableId")
    VALUES ('1755', '5');
INSERT INTO "QueryTableAccess" ("queryId", "tableId")
    VALUES ('1755', '4');
SELECT 'Authors.country', 'Orders.order_id' FROM Authors LEFT OUTER JOIN Orders ON 'Authors.country' = 'Orders.order_id';
INSERT INTO "SqlQuery" ("queryId", "userId", "issuedAt", "finishedAt", "hasError", "errorMessage", "statement", "projectId", "queryTypeId")
    VALUES ('1756', '12', '2023-06-13 22:07:11.413815', '2023-06-13 22:07:14.413815', 'False', 'None', 'SELECT Authors.country, Orders.order_id FROM Authors LEFT OUTER JOIN Orders ON Authors.country = Orders.order_id;', '3', '1');
INSERT INTO "QueryColumnAccess" ("queryId", "columnId")
    VALUES ('1756', '5');
INSERT INTO "QueryColumnAccess" ("queryId", "columnId")
    VALUES ('1756', '1');
INSERT INTO "QueryTableAccess" ("queryId", "tableId")
    VALUES ('1756', '2');
INSERT INTO "QueryTableAccess" ("queryId", "tableId")
    VALUES ('1756', '5');
SELECT 'Publishers.established_date', 'Customers.country' FROM Publishers LEFT OUTER JOIN Customers ON 'Publishers.established_date' = 'Customers.country';
INSERT INTO "SqlQuery" ("queryId", "userId", "issuedAt", "finishedAt", "hasError", "errorMessage", "statement", "projectId", "queryTypeId")
    VALUES ('1757', '12', '2023-04-22 22:07:11.413824', '2023-04-22 22:07:12.413824', 'False', 'None', 'SELECT Publishers.established_date, Customers.country FROM Publishers LEFT OUTER JOIN Customers ON Publishers.established_date = Customers.country;', '3', '1');
INSERT INTO "QueryColumnAccess" ("queryId", "columnId")
    VALUES ('1757', '3');
INSERT INTO "QueryColumnAccess" ("queryId", "columnId")
    VALUES ('1757', '10');
INSERT INTO "QueryTableAccess" ("queryId", "tableId")
    VALUES ('1757', '3');
INSERT INTO "QueryTableAccess" ("queryId", "tableId")
    VALUES ('1757', '4');
SELECT 'Orders.order_date', 'Publishers.website' FROM Orders NATURAL JOIN Publishers ON 'Orders.order_date' = 'Publishers.website';
INSERT INTO "SqlQuery" ("queryId", "userId", "issuedAt", "finishedAt", "hasError", "errorMessage", "statement", "projectId", "queryTypeId")
    VALUES ('1758', '11', '2023-07-10 22:07:11.413833', '2023-07-10 22:07:13.413833', 'False', 'None', 'SELECT Orders.order_date, Publishers.website FROM Orders NATURAL JOIN Publishers ON Orders.order_date = Publishers.website;', '3', '1');
INSERT INTO "QueryColumnAccess" ("queryId", "columnId")
    VALUES ('1758', '3');
INSERT INTO "QueryColumnAccess" ("queryId", "columnId")
    VALUES ('1758', '5');
INSERT INTO "QueryTableAccess" ("queryId", "tableId")
    VALUES ('1758', '5');
INSERT INTO "QueryTableAccess" ("queryId", "tableId")
    VALUES ('1758', '3');
SELECT 'Books.publication_date', 'Customers.phone_number' FROM Books LEFT OUTER JOIN Customers ON 'Books.publication_date' = 'Customers.phone_number';
INSERT INTO "SqlQuery" ("queryId", "userId", "issuedAt", "finishedAt", "hasError", "errorMessage", "statement", "projectId", "queryTypeId")
    VALUES ('1759', '12', '2023-06-25 22:07:11.413842', '2023-06-25 22:07:12.413842', 'False', 'None', 'SELECT Books.publication_date, Customers.phone_number FROM Books LEFT OUTER JOIN Customers ON Books.publication_date = Customers.phone_number;', '3', '1');
INSERT INTO "QueryColumnAccess" ("queryId", "columnId")
    VALUES ('1759', '4');
INSERT INTO "QueryColumnAccess" ("queryId", "columnId")
    VALUES ('1759', '5');
INSERT INTO "QueryTableAccess" ("queryId", "tableId")
    VALUES ('1759', '1');
INSERT INTO "QueryTableAccess" ("queryId", "tableId")
    VALUES ('1759', '4');
SELECT 'Orders.customer_id', 'Publishers.publisher_id' FROM Orders NATURAL JOIN Publishers ON 'Orders.customer_id' = 'Publishers.publisher_id';
INSERT INTO "SqlQuery" ("queryId", "userId", "issuedAt", "finishedAt", "hasError", "errorMessage", "statement", "projectId", "queryTypeId")
    VALUES ('1760', '13', '2023-05-24 22:07:11.413851', '2023-05-24 22:07:15.413851', 'False', 'None', 'SELECT Orders.customer_id, Publishers.publisher_id FROM Orders NATURAL JOIN Publishers ON Orders.customer_id = Publishers.publisher_id;', '3', '1');
INSERT INTO "QueryColumnAccess" ("queryId", "columnId")
    VALUES ('1760', '2');
INSERT INTO "QueryColumnAccess" ("queryId", "columnId")
    VALUES ('1760', '1');
INSERT INTO "QueryTableAccess" ("queryId", "tableId")
    VALUES ('1760', '5');
INSERT INTO "QueryTableAccess" ("queryId", "tableId")
    VALUES ('1760', '3');
SELECT 'Customers.country', 'Orders.shipping_zip_code' FROM Customers LEFT OUTER JOIN Orders ON 'Customers.country' = 'Orders.shipping_zip_code';
INSERT INTO "SqlQuery" ("queryId", "userId", "issuedAt", "finishedAt", "hasError", "errorMessage", "statement", "projectId", "queryTypeId")
    VALUES ('1761', '12', '2023-07-01 22:07:11.413859', '2023-07-01 22:07:14.413859', 'False', 'None', 'SELECT Customers.country, Orders.shipping_zip_code FROM Customers LEFT OUTER JOIN Orders ON Customers.country = Orders.shipping_zip_code;', '3', '1');
INSERT INTO "QueryColumnAccess" ("queryId", "columnId")
    VALUES ('1761', '10');
INSERT INTO "QueryColumnAccess" ("queryId", "columnId")
    VALUES ('1761', '9');
INSERT INTO "QueryTableAccess" ("queryId", "tableId")
    VALUES ('1761', '4');
INSERT INTO "QueryTableAccess" ("queryId", "tableId")
    VALUES ('1761', '5');
SELECT 'Authors.author_id', 'Orders.shipping_address' FROM Authors RIGHT OUTER JOIN Orders ON 'Authors.author_id' = 'Orders.shipping_address';
INSERT INTO "SqlQuery" ("queryId", "userId", "issuedAt", "finishedAt", "hasError", "errorMessage", "statement", "projectId", "queryTypeId")
    VALUES ('1762', '11', '2023-04-29 22:07:11.413868', '2023-04-29 22:07:12.413868', 'False', 'None', 'SELECT Authors.author_id, Orders.shipping_address FROM Authors RIGHT OUTER JOIN Orders ON Authors.author_id = Orders.shipping_address;', '3', '1');
INSERT INTO "QueryColumnAccess" ("queryId", "columnId")
    VALUES ('1762', '1');
INSERT INTO "QueryColumnAccess" ("queryId", "columnId")
    VALUES ('1762', '6');
INSERT INTO "QueryTableAccess" ("queryId", "tableId")
    VALUES ('1762', '2');
INSERT INTO "QueryTableAccess" ("queryId", "tableId")
    VALUES ('1762', '5');
SELECT 'Orders.customer_id', 'Authors.birth_date' FROM Orders RIGHT OUTER JOIN Authors ON 'Orders.customer_id' = 'Authors.birth_date';
INSERT INTO "SqlQuery" ("queryId", "userId", "issuedAt", "finishedAt", "hasError", "errorMessage", "statement", "projectId", "queryTypeId")
    VALUES ('1763', '8', '2023-04-25 22:07:11.413877', '2023-04-25 22:07:13.413877', 'False', 'None', 'SELECT Orders.customer_id, Authors.birth_date FROM Orders RIGHT OUTER JOIN Authors ON Orders.customer_id = Authors.birth_date;', '3', '1');
INSERT INTO "QueryColumnAccess" ("queryId", "columnId")
    VALUES ('1763', '2');
INSERT INTO "QueryColumnAccess" ("queryId", "columnId")
    VALUES ('1763', '4');
INSERT INTO "QueryTableAccess" ("queryId", "tableId")
    VALUES ('1763', '5');
INSERT INTO "QueryTableAccess" ("queryId", "tableId")
    VALUES ('1763', '2');
SELECT 'Orders.status', 'Authors.birth_date' FROM Orders LEFT OUTER JOIN Authors ON 'Orders.status' = 'Authors.birth_date';
INSERT INTO "SqlQuery" ("queryId", "userId", "issuedAt", "finishedAt", "hasError", "errorMessage", "statement", "projectId", "queryTypeId")
    VALUES ('1764', '9', '2023-06-23 22:07:11.413889', '2023-06-23 22:07:12.413889', 'False', 'None', 'SELECT Orders.status, Authors.birth_date FROM Orders LEFT OUTER JOIN Authors ON Orders.status = Authors.birth_date;', '3', '1');
INSERT INTO "QueryColumnAccess" ("queryId", "columnId")
    VALUES ('1764', '5');
INSERT INTO "QueryColumnAccess" ("queryId", "columnId")
    VALUES ('1764', '4');
INSERT INTO "QueryTableAccess" ("queryId", "tableId")
    VALUES ('1764', '5');
INSERT INTO "QueryTableAccess" ("queryId", "tableId")
    VALUES ('1764', '2');
SELECT 'Publishers.publisher_name', 'Authors.last_name' FROM Publishers NATURAL JOIN Authors ON 'Publishers.publisher_name' = 'Authors.last_name';
INSERT INTO "SqlQuery" ("queryId", "userId", "issuedAt", "finishedAt", "hasError", "errorMessage", "statement", "projectId", "queryTypeId")
    VALUES ('1765', '3', '2023-06-28 22:07:11.413898', '2023-06-28 22:07:13.413898', 'False', 'None', 'SELECT Publishers.publisher_name, Authors.last_name FROM Publishers NATURAL JOIN Authors ON Publishers.publisher_name = Authors.last_name;', '3', '1');
INSERT INTO "QueryColumnAccess" ("queryId", "columnId")
    VALUES ('1765', '2');
INSERT INTO "QueryColumnAccess" ("queryId", "columnId")
    VALUES ('1765', '3');
INSERT INTO "QueryTableAccess" ("queryId", "tableId")
    VALUES ('1765', '3');
INSERT INTO "QueryTableAccess" ("queryId", "tableId")
    VALUES ('1765', '2');
SELECT 'Authors.author_id', 'Publishers.publisher_name' FROM Authors NATURAL JOIN Publishers ON 'Authors.author_id' = 'Publishers.publisher_name';
INSERT INTO "SqlQuery" ("queryId", "userId", "issuedAt", "finishedAt", "hasError", "errorMessage", "statement", "projectId", "queryTypeId")
    VALUES ('1766', '12', '2023-05-21 22:07:11.413907', '2023-05-21 22:07:15.413907', 'False', 'None', 'SELECT Authors.author_id, Publishers.publisher_name FROM Authors NATURAL JOIN Publishers ON Authors.author_id = Publishers.publisher_name;', '3', '1');
INSERT INTO "QueryColumnAccess" ("queryId", "columnId")
    VALUES ('1766', '1');
INSERT INTO "QueryColumnAccess" ("queryId", "columnId")
    VALUES ('1766', '2');
INSERT INTO "QueryTableAccess" ("queryId", "tableId")
    VALUES ('1766', '2');
INSERT INTO "QueryTableAccess" ("queryId", "tableId")
    VALUES ('1766', '3');
SELECT 'Authors.first_name', 'Orders.shipping_country' FROM Authors LEFT OUTER JOIN Orders ON 'Authors.first_name' = 'Orders.shipping_country';
INSERT INTO "SqlQuery" ("queryId", "userId", "issuedAt", "finishedAt", "hasError", "errorMessage", "statement", "projectId", "queryTypeId")
    VALUES ('1767', '3', '2023-05-14 22:07:11.413916', '2023-05-14 22:07:13.413916', 'False', 'None', 'SELECT Authors.first_name, Orders.shipping_country FROM Authors LEFT OUTER JOIN Orders ON Authors.first_name = Orders.shipping_country;', '3', '1');
INSERT INTO "QueryColumnAccess" ("queryId", "columnId")
    VALUES ('1767', '2');
INSERT INTO "QueryColumnAccess" ("queryId", "columnId")
    VALUES ('1767', '10');
INSERT INTO "QueryTableAccess" ("queryId", "tableId")
    VALUES ('1767', '2');
INSERT INTO "QueryTableAccess" ("queryId", "tableId")
    VALUES ('1767', '5');
SELECT 'Orders.shipping_zip_code', 'Authors.author_id' FROM Orders LEFT OUTER JOIN Authors ON 'Orders.shipping_zip_code' = 'Authors.author_id';
INSERT INTO "SqlQuery" ("queryId", "userId", "issuedAt", "finishedAt", "hasError", "errorMessage", "statement", "projectId", "queryTypeId")
    VALUES ('1768', '7', '2023-06-17 22:07:11.413924', '2023-06-17 22:07:12.413924', 'False', 'None', 'SELECT Orders.shipping_zip_code, Authors.author_id FROM Orders LEFT OUTER JOIN Authors ON Orders.shipping_zip_code = Authors.author_id;', '3', '1');
INSERT INTO "QueryColumnAccess" ("queryId", "columnId")
    VALUES ('1768', '9');
INSERT INTO "QueryColumnAccess" ("queryId", "columnId")
    VALUES ('1768', '1');
INSERT INTO "QueryTableAccess" ("queryId", "tableId")
    VALUES ('1768', '5');
INSERT INTO "QueryTableAccess" ("queryId", "tableId")
    VALUES ('1768', '2');
SELECT 'Authors.author_id', 'Customers.first_name' FROM Authors RIGHT OUTER JOIN Customers ON 'Authors.author_id' = 'Customers.first_name';
INSERT INTO "SqlQuery" ("queryId", "userId", "issuedAt", "finishedAt", "hasError", "errorMessage", "statement", "projectId", "queryTypeId")
    VALUES ('1769', '3', '2023-06-29 22:07:11.413933', '2023-06-29 22:07:15.413933', 'False', 'None', 'SELECT Authors.author_id, Customers.first_name FROM Authors RIGHT OUTER JOIN Customers ON Authors.author_id = Customers.first_name;', '3', '1');
INSERT INTO "QueryColumnAccess" ("queryId", "columnId")
    VALUES ('1769', '1');
INSERT INTO "QueryColumnAccess" ("queryId", "columnId")
    VALUES ('1769', '2');
INSERT INTO "QueryTableAccess" ("queryId", "tableId")
    VALUES ('1769', '2');
INSERT INTO "QueryTableAccess" ("queryId", "tableId")
    VALUES ('1769', '4');
SELECT 'Orders.shipping_zip_code', 'Books.author' FROM Orders NATURAL JOIN Books ON 'Orders.shipping_zip_code' = 'Books.author';
INSERT INTO "SqlQuery" ("queryId", "userId", "issuedAt", "finishedAt", "hasError", "errorMessage", "statement", "projectId", "queryTypeId")
    VALUES ('1770', '6', '2023-07-09 22:07:11.413942', '2023-07-09 22:07:15.413942', 'False', 'None', 'SELECT Orders.shipping_zip_code, Books.author FROM Orders NATURAL JOIN Books ON Orders.shipping_zip_code = Books.author;', '3', '1');
INSERT INTO "QueryColumnAccess" ("queryId", "columnId")
    VALUES ('1770', '9');
INSERT INTO "QueryColumnAccess" ("queryId", "columnId")
    VALUES ('1770', '3');
INSERT INTO "QueryTableAccess" ("queryId", "tableId")
    VALUES ('1770', '5');
INSERT INTO "QueryTableAccess" ("queryId", "tableId")
    VALUES ('1770', '1');
SELECT 'Publishers.website', 'Customers.phone_number' FROM Publishers LEFT OUTER JOIN Customers ON 'Publishers.website' = 'Customers.phone_number';
INSERT INTO "SqlQuery" ("queryId", "userId", "issuedAt", "finishedAt", "hasError", "errorMessage", "statement", "projectId", "queryTypeId")
    VALUES ('1771', '13', '2023-05-15 22:07:11.413950', '2023-05-15 22:07:15.413950', 'False', 'None', 'SELECT Publishers.website, Customers.phone_number FROM Publishers LEFT OUTER JOIN Customers ON Publishers.website = Customers.phone_number;', '3', '1');
INSERT INTO "QueryColumnAccess" ("queryId", "columnId")
    VALUES ('1771', '5');
INSERT INTO "QueryColumnAccess" ("queryId", "columnId")
    VALUES ('1771', '5');
INSERT INTO "QueryTableAccess" ("queryId", "tableId")
    VALUES ('1771', '3');
INSERT INTO "QueryTableAccess" ("queryId", "tableId")
    VALUES ('1771', '4');
SELECT 'Books.price', 'Customers.zip_code' FROM Books RIGHT OUTER JOIN Customers ON 'Books.price' = 'Customers.zip_code';
INSERT INTO "SqlQuery" ("queryId", "userId", "issuedAt", "finishedAt", "hasError", "errorMessage", "statement", "projectId", "queryTypeId")
    VALUES ('1772', '3', '2023-04-28 22:07:11.413959', '2023-04-28 22:07:13.413959', 'False', 'None', 'SELECT Books.price, Customers.zip_code FROM Books RIGHT OUTER JOIN Customers ON Books.price = Customers.zip_code;', '3', '1');
INSERT INTO "QueryColumnAccess" ("queryId", "columnId")
    VALUES ('1772', '6');
INSERT INTO "QueryColumnAccess" ("queryId", "columnId")
    VALUES ('1772', '9');
INSERT INTO "QueryTableAccess" ("queryId", "tableId")
    VALUES ('1772', '1');
INSERT INTO "QueryTableAccess" ("queryId", "tableId")
    VALUES ('1772', '4');
SELECT 'Orders.customer_id', 'Authors.first_name' FROM Orders RIGHT OUTER JOIN Authors ON 'Orders.customer_id' = 'Authors.first_name';
INSERT INTO "SqlQuery" ("queryId", "userId", "issuedAt", "finishedAt", "hasError", "errorMessage", "statement", "projectId", "queryTypeId")
    VALUES ('1773', '13', '2023-06-12 22:07:11.413972', '2023-06-12 22:07:14.413972', 'False', 'None', 'SELECT Orders.customer_id, Authors.first_name FROM Orders RIGHT OUTER JOIN Authors ON Orders.customer_id = Authors.first_name;', '3', '1');
INSERT INTO "QueryColumnAccess" ("queryId", "columnId")
    VALUES ('1773', '2');
INSERT INTO "QueryColumnAccess" ("queryId", "columnId")
    VALUES ('1773', '2');
INSERT INTO "QueryTableAccess" ("queryId", "tableId")
    VALUES ('1773', '5');
INSERT INTO "QueryTableAccess" ("queryId", "tableId")
    VALUES ('1773', '2');
SELECT 'Books.title', 'Orders.order_id' FROM Books LEFT OUTER JOIN Orders ON 'Books.title' = 'Orders.order_id';
INSERT INTO "SqlQuery" ("queryId", "userId", "issuedAt", "finishedAt", "hasError", "errorMessage", "statement", "projectId", "queryTypeId")
    VALUES ('1774', '15', '2023-04-15 22:07:11.413981', '2023-04-15 22:07:15.413981', 'False', 'None', 'SELECT Books.title, Orders.order_id FROM Books LEFT OUTER JOIN Orders ON Books.title = Orders.order_id;', '3', '1');
INSERT INTO "QueryColumnAccess" ("queryId", "columnId")
    VALUES ('1774', '2');
INSERT INTO "QueryColumnAccess" ("queryId", "columnId")
    VALUES ('1774', '1');
INSERT INTO "QueryTableAccess" ("queryId", "tableId")
    VALUES ('1774', '1');
INSERT INTO "QueryTableAccess" ("queryId", "tableId")
    VALUES ('1774', '5');
SELECT 'Publishers.publisher_name', 'Orders.customer_id' FROM Publishers LEFT OUTER JOIN Orders ON 'Publishers.publisher_name' = 'Orders.customer_id';
INSERT INTO "SqlQuery" ("queryId", "userId", "issuedAt", "finishedAt", "hasError", "errorMessage", "statement", "projectId", "queryTypeId")
    VALUES ('1775', '3', '2023-06-01 22:07:11.413990', '2023-06-01 22:07:14.413990', 'False', 'None', 'SELECT Publishers.publisher_name, Orders.customer_id FROM Publishers LEFT OUTER JOIN Orders ON Publishers.publisher_name = Orders.customer_id;', '3', '1');
INSERT INTO "QueryColumnAccess" ("queryId", "columnId")
    VALUES ('1775', '2');
INSERT INTO "QueryColumnAccess" ("queryId", "columnId")
    VALUES ('1775', '2');
INSERT INTO "QueryTableAccess" ("queryId", "tableId")
    VALUES ('1775', '3');
INSERT INTO "QueryTableAccess" ("queryId", "tableId")
    VALUES ('1775', '5');
SELECT 'Books.publication_date', 'Publishers.established_date' FROM Books NATURAL JOIN Publishers ON 'Books.publication_date' = 'Publishers.established_date';
INSERT INTO "SqlQuery" ("queryId", "userId", "issuedAt", "finishedAt", "hasError", "errorMessage", "statement", "projectId", "queryTypeId")
    VALUES ('1776', '3', '2023-04-17 22:07:11.413998', '2023-04-17 22:07:14.413998', 'False', 'None', 'SELECT Books.publication_date, Publishers.established_date FROM Books NATURAL JOIN Publishers ON Books.publication_date = Publishers.established_date;', '3', '1');
INSERT INTO "QueryColumnAccess" ("queryId", "columnId")
    VALUES ('1776', '4');
INSERT INTO "QueryColumnAccess" ("queryId", "columnId")
    VALUES ('1776', '3');
INSERT INTO "QueryTableAccess" ("queryId", "tableId")
    VALUES ('1776', '1');
INSERT INTO "QueryTableAccess" ("queryId", "tableId")
    VALUES ('1776', '3');
SELECT 'Books.publication_date', 'Publishers.publisher_name' FROM Books RIGHT OUTER JOIN Publishers ON 'Books.publication_date' = 'Publishers.publisher_name';
INSERT INTO "SqlQuery" ("queryId", "userId", "issuedAt", "finishedAt", "hasError", "errorMessage", "statement", "projectId", "queryTypeId")
    VALUES ('1777', '4', '2023-04-21 22:07:11.414007', '2023-04-21 22:07:15.414007', 'False', 'None', 'SELECT Books.publication_date, Publishers.publisher_name FROM Books RIGHT OUTER JOIN Publishers ON Books.publication_date = Publishers.publisher_name;', '3', '1');
INSERT INTO "QueryColumnAccess" ("queryId", "columnId")
    VALUES ('1777', '4');
INSERT INTO "QueryColumnAccess" ("queryId", "columnId")
    VALUES ('1777', '2');
INSERT INTO "QueryTableAccess" ("queryId", "tableId")
    VALUES ('1777', '1');
INSERT INTO "QueryTableAccess" ("queryId", "tableId")
    VALUES ('1777', '3');
SELECT 'Publishers.publisher_id', 'Orders.shipping_zip_code' FROM Publishers NATURAL JOIN Orders ON 'Publishers.publisher_id' = 'Orders.shipping_zip_code';
INSERT INTO "SqlQuery" ("queryId", "userId", "issuedAt", "finishedAt", "hasError", "errorMessage", "statement", "projectId", "queryTypeId")
    VALUES ('1778', '1', '2023-05-04 22:07:11.414015', '2023-05-04 22:07:13.414015', 'False', 'None', 'SELECT Publishers.publisher_id, Orders.shipping_zip_code FROM Publishers NATURAL JOIN Orders ON Publishers.publisher_id = Orders.shipping_zip_code;', '3', '1');
INSERT INTO "QueryColumnAccess" ("queryId", "columnId")
    VALUES ('1778', '1');
INSERT INTO "QueryColumnAccess" ("queryId", "columnId")
    VALUES ('1778', '9');
INSERT INTO "QueryTableAccess" ("queryId", "tableId")
    VALUES ('1778', '3');
INSERT INTO "QueryTableAccess" ("queryId", "tableId")
    VALUES ('1778', '5');
SELECT 'Customers.zip_code', 'Authors.last_name' FROM Customers LEFT OUTER JOIN Authors ON 'Customers.zip_code' = 'Authors.last_name';
INSERT INTO "SqlQuery" ("queryId", "userId", "issuedAt", "finishedAt", "hasError", "errorMessage", "statement", "projectId", "queryTypeId")
    VALUES ('1779', '9', '2023-05-14 22:07:11.414024', '2023-05-14 22:07:13.414024', 'False', 'None', 'SELECT Customers.zip_code, Authors.last_name FROM Customers LEFT OUTER JOIN Authors ON Customers.zip_code = Authors.last_name;', '3', '1');
INSERT INTO "QueryColumnAccess" ("queryId", "columnId")
    VALUES ('1779', '9');
INSERT INTO "QueryColumnAccess" ("queryId", "columnId")
    VALUES ('1779', '3');
INSERT INTO "QueryTableAccess" ("queryId", "tableId")
    VALUES ('1779', '4');
INSERT INTO "QueryTableAccess" ("queryId", "tableId")
    VALUES ('1779', '2');
SELECT 'Customers.email', 'Publishers.country' FROM Customers NATURAL JOIN Publishers ON 'Customers.email' = 'Publishers.country';
INSERT INTO "SqlQuery" ("queryId", "userId", "issuedAt", "finishedAt", "hasError", "errorMessage", "statement", "projectId", "queryTypeId")
    VALUES ('1780', '15', '2023-05-14 22:07:11.414033', '2023-05-14 22:07:14.414033', 'False', 'None', 'SELECT Customers.email, Publishers.country FROM Customers NATURAL JOIN Publishers ON Customers.email = Publishers.country;', '3', '1');
INSERT INTO "QueryColumnAccess" ("queryId", "columnId")
    VALUES ('1780', '4');
INSERT INTO "QueryColumnAccess" ("queryId", "columnId")
    VALUES ('1780', '4');
INSERT INTO "QueryTableAccess" ("queryId", "tableId")
    VALUES ('1780', '4');
INSERT INTO "QueryTableAccess" ("queryId", "tableId")
    VALUES ('1780', '3');
SELECT 'Orders.shipping_country', 'Publishers.website' FROM Orders NATURAL JOIN Publishers ON 'Orders.shipping_country' = 'Publishers.website';
INSERT INTO "SqlQuery" ("queryId", "userId", "issuedAt", "finishedAt", "hasError", "errorMessage", "statement", "projectId", "queryTypeId")
    VALUES ('1781', '10', '2023-05-28 22:07:11.414041', '2023-05-28 22:07:12.414041', 'False', 'None', 'SELECT Orders.shipping_country, Publishers.website FROM Orders NATURAL JOIN Publishers ON Orders.shipping_country = Publishers.website;', '3', '1');
INSERT INTO "QueryColumnAccess" ("queryId", "columnId")
    VALUES ('1781', '10');
INSERT INTO "QueryColumnAccess" ("queryId", "columnId")
    VALUES ('1781', '5');
INSERT INTO "QueryTableAccess" ("queryId", "tableId")
    VALUES ('1781', '5');
INSERT INTO "QueryTableAccess" ("queryId", "tableId")
    VALUES ('1781', '3');
SELECT 'Customers.customer_id', 'Authors.last_name' FROM Customers NATURAL JOIN Authors ON 'Customers.customer_id' = 'Authors.last_name';
INSERT INTO "SqlQuery" ("queryId", "userId", "issuedAt", "finishedAt", "hasError", "errorMessage", "statement", "projectId", "queryTypeId")
    VALUES ('1782', '9', '2023-04-17 22:07:11.414050', '2023-04-17 22:07:14.414050', 'False', 'None', 'SELECT Customers.customer_id, Authors.last_name FROM Customers NATURAL JOIN Authors ON Customers.customer_id = Authors.last_name;', '3', '1');
INSERT INTO "QueryColumnAccess" ("queryId", "columnId")
    VALUES ('1782', '1');
INSERT INTO "QueryColumnAccess" ("queryId", "columnId")
    VALUES ('1782', '3');
INSERT INTO "QueryTableAccess" ("queryId", "tableId")
    VALUES ('1782', '4');
INSERT INTO "QueryTableAccess" ("queryId", "tableId")
    VALUES ('1782', '2');
SELECT 'Books.publisher', 'Publishers.website' FROM Books NATURAL JOIN Publishers ON 'Books.publisher' = 'Publishers.website';
INSERT INTO "SqlQuery" ("queryId", "userId", "issuedAt", "finishedAt", "hasError", "errorMessage", "statement", "projectId", "queryTypeId")
    VALUES ('1783', '5', '2023-07-06 22:07:11.414066', '2023-07-06 22:07:13.414066', 'False', 'None', 'SELECT Books.publisher, Publishers.website FROM Books NATURAL JOIN Publishers ON Books.publisher = Publishers.website;', '3', '1');
INSERT INTO "QueryColumnAccess" ("queryId", "columnId")
    VALUES ('1783', '5');
INSERT INTO "QueryColumnAccess" ("queryId", "columnId")
    VALUES ('1783', '5');
INSERT INTO "QueryTableAccess" ("queryId", "tableId")
    VALUES ('1783', '1');
INSERT INTO "QueryTableAccess" ("queryId", "tableId")
    VALUES ('1783', '3');
SELECT 'Publishers.publisher_name', 'Customers.phone_number' FROM Publishers NATURAL JOIN Customers ON 'Publishers.publisher_name' = 'Customers.phone_number';
INSERT INTO "SqlQuery" ("queryId", "userId", "issuedAt", "finishedAt", "hasError", "errorMessage", "statement", "projectId", "queryTypeId")
    VALUES ('1784', '11', '2023-05-30 22:07:11.414075', '2023-05-30 22:07:15.414075', 'False', 'None', 'SELECT Publishers.publisher_name, Customers.phone_number FROM Publishers NATURAL JOIN Customers ON Publishers.publisher_name = Customers.phone_number;', '3', '1');
INSERT INTO "QueryColumnAccess" ("queryId", "columnId")
    VALUES ('1784', '2');
INSERT INTO "QueryColumnAccess" ("queryId", "columnId")
    VALUES ('1784', '5');
INSERT INTO "QueryTableAccess" ("queryId", "tableId")
    VALUES ('1784', '3');
INSERT INTO "QueryTableAccess" ("queryId", "tableId")
    VALUES ('1784', '4');
SELECT 'Books.publisher', 'Authors.birth_date' FROM Books RIGHT OUTER JOIN Authors ON 'Books.publisher' = 'Authors.birth_date';
INSERT INTO "SqlQuery" ("queryId", "userId", "issuedAt", "finishedAt", "hasError", "errorMessage", "statement", "projectId", "queryTypeId")
    VALUES ('1785', '4', '2023-04-14 22:07:11.414084', '2023-04-14 22:07:12.414084', 'False', 'None', 'SELECT Books.publisher, Authors.birth_date FROM Books RIGHT OUTER JOIN Authors ON Books.publisher = Authors.birth_date;', '3', '1');
INSERT INTO "QueryColumnAccess" ("queryId", "columnId")
    VALUES ('1785', '5');
INSERT INTO "QueryColumnAccess" ("queryId", "columnId")
    VALUES ('1785', '4');
INSERT INTO "QueryTableAccess" ("queryId", "tableId")
    VALUES ('1785', '1');
INSERT INTO "QueryTableAccess" ("queryId", "tableId")
    VALUES ('1785', '2');
SELECT 'Books.book_id', 'Authors.last_name' FROM Books RIGHT OUTER JOIN Authors ON 'Books.book_id' = 'Authors.last_name';
INSERT INTO "SqlQuery" ("queryId", "userId", "issuedAt", "finishedAt", "hasError", "errorMessage", "statement", "projectId", "queryTypeId")
    VALUES ('1786', '9', '2023-06-17 22:07:11.414093', '2023-06-17 22:07:12.414093', 'False', 'None', 'SELECT Books.book_id, Authors.last_name FROM Books RIGHT OUTER JOIN Authors ON Books.book_id = Authors.last_name;', '3', '1');
INSERT INTO "QueryColumnAccess" ("queryId", "columnId")
    VALUES ('1786', '1');
INSERT INTO "QueryColumnAccess" ("queryId", "columnId")
    VALUES ('1786', '3');
INSERT INTO "QueryTableAccess" ("queryId", "tableId")
    VALUES ('1786', '1');
INSERT INTO "QueryTableAccess" ("queryId", "tableId")
    VALUES ('1786', '2');
SELECT 'Customers.country', 'Publishers.website' FROM Customers RIGHT OUTER JOIN Publishers ON 'Customers.country' = 'Publishers.website';
INSERT INTO "SqlQuery" ("queryId", "userId", "issuedAt", "finishedAt", "hasError", "errorMessage", "statement", "projectId", "queryTypeId")
    VALUES ('1787', '12', '2023-06-29 22:07:11.414101', '2023-06-29 22:07:15.414101', 'False', 'None', 'SELECT Customers.country, Publishers.website FROM Customers RIGHT OUTER JOIN Publishers ON Customers.country = Publishers.website;', '3', '1');
INSERT INTO "QueryColumnAccess" ("queryId", "columnId")
    VALUES ('1787', '10');
INSERT INTO "QueryColumnAccess" ("queryId", "columnId")
    VALUES ('1787', '5');
INSERT INTO "QueryTableAccess" ("queryId", "tableId")
    VALUES ('1787', '4');
INSERT INTO "QueryTableAccess" ("queryId", "tableId")
    VALUES ('1787', '3');
SELECT 'Books.title', 'Authors.last_name' FROM Books RIGHT OUTER JOIN Authors ON 'Books.title' = 'Authors.last_name';
INSERT INTO "SqlQuery" ("queryId", "userId", "issuedAt", "finishedAt", "hasError", "errorMessage", "statement", "projectId", "queryTypeId")
    VALUES ('1788', '1', '2023-07-09 22:07:11.414110', '2023-07-09 22:07:12.414110', 'False', 'None', 'SELECT Books.title, Authors.last_name FROM Books RIGHT OUTER JOIN Authors ON Books.title = Authors.last_name;', '3', '1');
INSERT INTO "QueryColumnAccess" ("queryId", "columnId")
    VALUES ('1788', '2');
INSERT INTO "QueryColumnAccess" ("queryId", "columnId")
    VALUES ('1788', '3');
INSERT INTO "QueryTableAccess" ("queryId", "tableId")
    VALUES ('1788', '1');
INSERT INTO "QueryTableAccess" ("queryId", "tableId")
    VALUES ('1788', '2');
SELECT 'Customers.state', 'Books.author' FROM Customers NATURAL JOIN Books ON 'Customers.state' = 'Books.author';
INSERT INTO "SqlQuery" ("queryId", "userId", "issuedAt", "finishedAt", "hasError", "errorMessage", "statement", "projectId", "queryTypeId")
    VALUES ('1789', '13', '2023-04-27 22:07:11.414118', '2023-04-27 22:07:15.414118', 'False', 'None', 'SELECT Customers.state, Books.author FROM Customers NATURAL JOIN Books ON Customers.state = Books.author;', '3', '1');
INSERT INTO "QueryColumnAccess" ("queryId", "columnId")
    VALUES ('1789', '8');
INSERT INTO "QueryColumnAccess" ("queryId", "columnId")
    VALUES ('1789', '3');
INSERT INTO "QueryTableAccess" ("queryId", "tableId")
    VALUES ('1789', '4');
INSERT INTO "QueryTableAccess" ("queryId", "tableId")
    VALUES ('1789', '1');
SELECT 'Publishers.country', 'Books.price' FROM Publishers NATURAL JOIN Books ON 'Publishers.country' = 'Books.price';
INSERT INTO "SqlQuery" ("queryId", "userId", "issuedAt", "finishedAt", "hasError", "errorMessage", "statement", "projectId", "queryTypeId")
    VALUES ('1790', '7', '2023-05-11 22:07:11.414127', '2023-05-11 22:07:14.414127', 'False', 'None', 'SELECT Publishers.country, Books.price FROM Publishers NATURAL JOIN Books ON Publishers.country = Books.price;', '3', '1');
INSERT INTO "QueryColumnAccess" ("queryId", "columnId")
    VALUES ('1790', '4');
INSERT INTO "QueryColumnAccess" ("queryId", "columnId")
    VALUES ('1790', '6');
INSERT INTO "QueryTableAccess" ("queryId", "tableId")
    VALUES ('1790', '3');
INSERT INTO "QueryTableAccess" ("queryId", "tableId")
    VALUES ('1790', '1');
SELECT 'Books.publisher', 'Orders.customer_id' FROM Books RIGHT OUTER JOIN Orders ON 'Books.publisher' = 'Orders.customer_id';
INSERT INTO "SqlQuery" ("queryId", "userId", "issuedAt", "finishedAt", "hasError", "errorMessage", "statement", "projectId", "queryTypeId")
    VALUES ('1791', '14', '2023-05-15 22:07:11.414136', '2023-05-15 22:07:12.414136', 'False', 'None', 'SELECT Books.publisher, Orders.customer_id FROM Books RIGHT OUTER JOIN Orders ON Books.publisher = Orders.customer_id;', '3', '1');
INSERT INTO "QueryColumnAccess" ("queryId", "columnId")
    VALUES ('1791', '5');
INSERT INTO "QueryColumnAccess" ("queryId", "columnId")
    VALUES ('1791', '2');
INSERT INTO "QueryTableAccess" ("queryId", "tableId")
    VALUES ('1791', '1');
INSERT INTO "QueryTableAccess" ("queryId", "tableId")
    VALUES ('1791', '5');
SELECT 'Books.author', 'Customers.state' FROM Books LEFT OUTER JOIN Customers ON 'Books.author' = 'Customers.state';
INSERT INTO "SqlQuery" ("queryId", "userId", "issuedAt", "finishedAt", "hasError", "errorMessage", "statement", "projectId", "queryTypeId")
    VALUES ('1792', '10', '2023-05-26 22:07:11.414144', '2023-05-26 22:07:14.414144', 'False', 'None', 'SELECT Books.author, Customers.state FROM Books LEFT OUTER JOIN Customers ON Books.author = Customers.state;', '3', '1');
INSERT INTO "QueryColumnAccess" ("queryId", "columnId")
    VALUES ('1792', '3');
INSERT INTO "QueryColumnAccess" ("queryId", "columnId")
    VALUES ('1792', '8');
INSERT INTO "QueryTableAccess" ("queryId", "tableId")
    VALUES ('1792', '1');
INSERT INTO "QueryTableAccess" ("queryId", "tableId")
    VALUES ('1792', '4');
SELECT 'Authors.first_name', 'Books.price' FROM Authors NATURAL JOIN Books ON 'Authors.first_name' = 'Books.price';
INSERT INTO "SqlQuery" ("queryId", "userId", "issuedAt", "finishedAt", "hasError", "errorMessage", "statement", "projectId", "queryTypeId")
    VALUES ('1793', '11', '2023-05-06 22:07:11.414157', '2023-05-06 22:07:15.414157', 'False', 'None', 'SELECT Authors.first_name, Books.price FROM Authors NATURAL JOIN Books ON Authors.first_name = Books.price;', '3', '1');
INSERT INTO "QueryColumnAccess" ("queryId", "columnId")
    VALUES ('1793', '2');
INSERT INTO "QueryColumnAccess" ("queryId", "columnId")
    VALUES ('1793', '6');
INSERT INTO "QueryTableAccess" ("queryId", "tableId")
    VALUES ('1793', '2');
INSERT INTO "QueryTableAccess" ("queryId", "tableId")
    VALUES ('1793', '1');
SELECT 'Authors.birth_date', 'Books.price' FROM Authors LEFT OUTER JOIN Books ON 'Authors.birth_date' = 'Books.price';
INSERT INTO "SqlQuery" ("queryId", "userId", "issuedAt", "finishedAt", "hasError", "errorMessage", "statement", "projectId", "queryTypeId")
    VALUES ('1794', '5', '2023-06-02 22:07:11.414166', '2023-06-02 22:07:13.414166', 'False', 'None', 'SELECT Authors.birth_date, Books.price FROM Authors LEFT OUTER JOIN Books ON Authors.birth_date = Books.price;', '3', '1');
INSERT INTO "QueryColumnAccess" ("queryId", "columnId")
    VALUES ('1794', '4');
INSERT INTO "QueryColumnAccess" ("queryId", "columnId")
    VALUES ('1794', '6');
INSERT INTO "QueryTableAccess" ("queryId", "tableId")
    VALUES ('1794', '2');
INSERT INTO "QueryTableAccess" ("queryId", "tableId")
    VALUES ('1794', '1');
SELECT 'Customers.state', 'Books.author' FROM Customers LEFT OUTER JOIN Books ON 'Customers.state' = 'Books.author';
INSERT INTO "SqlQuery" ("queryId", "userId", "issuedAt", "finishedAt", "hasError", "errorMessage", "statement", "projectId", "queryTypeId")
    VALUES ('1795', '10', '2023-05-17 22:07:11.414175', '2023-05-17 22:07:12.414175', 'False', 'None', 'SELECT Customers.state, Books.author FROM Customers LEFT OUTER JOIN Books ON Customers.state = Books.author;', '3', '1');
INSERT INTO "QueryColumnAccess" ("queryId", "columnId")
    VALUES ('1795', '8');
INSERT INTO "QueryColumnAccess" ("queryId", "columnId")
    VALUES ('1795', '3');
INSERT INTO "QueryTableAccess" ("queryId", "tableId")
    VALUES ('1795', '4');
INSERT INTO "QueryTableAccess" ("queryId", "tableId")
    VALUES ('1795', '1');
SELECT 'Orders.total_amount', 'Customers.first_name' FROM Orders NATURAL JOIN Customers ON 'Orders.total_amount' = 'Customers.first_name';
INSERT INTO "SqlQuery" ("queryId", "userId", "issuedAt", "finishedAt", "hasError", "errorMessage", "statement", "projectId", "queryTypeId")
    VALUES ('1796', '15', '2023-06-22 22:07:11.414183', '2023-06-22 22:07:12.414183', 'False', 'None', 'SELECT Orders.total_amount, Customers.first_name FROM Orders NATURAL JOIN Customers ON Orders.total_amount = Customers.first_name;', '3', '1');
INSERT INTO "QueryColumnAccess" ("queryId", "columnId")
    VALUES ('1796', '4');
INSERT INTO "QueryColumnAccess" ("queryId", "columnId")
    VALUES ('1796', '2');
INSERT INTO "QueryTableAccess" ("queryId", "tableId")
    VALUES ('1796', '5');
INSERT INTO "QueryTableAccess" ("queryId", "tableId")
    VALUES ('1796', '4');
SELECT 'Books.publication_date', 'Authors.country' FROM Books NATURAL JOIN Authors ON 'Books.publication_date' = 'Authors.country';
INSERT INTO "SqlQuery" ("queryId", "userId", "issuedAt", "finishedAt", "hasError", "errorMessage", "statement", "projectId", "queryTypeId")
    VALUES ('1797', '3', '2023-05-24 22:07:11.414193', '2023-05-24 22:07:12.414193', 'False', 'None', 'SELECT Books.publication_date, Authors.country FROM Books NATURAL JOIN Authors ON Books.publication_date = Authors.country;', '3', '1');
INSERT INTO "QueryColumnAccess" ("queryId", "columnId")
    VALUES ('1797', '4');
INSERT INTO "QueryColumnAccess" ("queryId", "columnId")
    VALUES ('1797', '5');
INSERT INTO "QueryTableAccess" ("queryId", "tableId")
    VALUES ('1797', '1');
INSERT INTO "QueryTableAccess" ("queryId", "tableId")
    VALUES ('1797', '2');
SELECT 'Publishers.country', 'Customers.country' FROM Publishers LEFT OUTER JOIN Customers ON 'Publishers.country' = 'Customers.country';
INSERT INTO "SqlQuery" ("queryId", "userId", "issuedAt", "finishedAt", "hasError", "errorMessage", "statement", "projectId", "queryTypeId")
    VALUES ('1798', '2', '2023-06-26 22:07:11.414201', '2023-06-26 22:07:13.414201', 'False', 'None', 'SELECT Publishers.country, Customers.country FROM Publishers LEFT OUTER JOIN Customers ON Publishers.country = Customers.country;', '3', '1');
INSERT INTO "QueryColumnAccess" ("queryId", "columnId")
    VALUES ('1798', '4');
INSERT INTO "QueryColumnAccess" ("queryId", "columnId")
    VALUES ('1798', '10');
INSERT INTO "QueryTableAccess" ("queryId", "tableId")
    VALUES ('1798', '3');
INSERT INTO "QueryTableAccess" ("queryId", "tableId")
    VALUES ('1798', '4');
SELECT 'Authors.last_name', 'Customers.state' FROM Authors NATURAL JOIN Customers ON 'Authors.last_name' = 'Customers.state';
INSERT INTO "SqlQuery" ("queryId", "userId", "issuedAt", "finishedAt", "hasError", "errorMessage", "statement", "projectId", "queryTypeId")
    VALUES ('1799', '10', '2023-05-28 22:07:11.414211', '2023-05-28 22:07:12.414211', 'False', 'None', 'SELECT Authors.last_name, Customers.state FROM Authors NATURAL JOIN Customers ON Authors.last_name = Customers.state;', '3', '1');
INSERT INTO "QueryColumnAccess" ("queryId", "columnId")
    VALUES ('1799', '3');
INSERT INTO "QueryColumnAccess" ("queryId", "columnId")
    VALUES ('1799', '8');
INSERT INTO "QueryTableAccess" ("queryId", "tableId")
    VALUES ('1799', '2');
INSERT INTO "QueryTableAccess" ("queryId", "tableId")
    VALUES ('1799', '4');
SELECT 'Books.publication_date', 'Publishers.website' FROM Books RIGHT OUTER JOIN Publishers ON 'Books.publication_date' = 'Publishers.website';
INSERT INTO "SqlQuery" ("queryId", "userId", "issuedAt", "finishedAt", "hasError", "errorMessage", "statement", "projectId", "queryTypeId")
    VALUES ('1800', '7', '2023-04-22 22:07:11.414220', '2023-04-22 22:07:13.414220', 'False', 'None', 'SELECT Books.publication_date, Publishers.website FROM Books RIGHT OUTER JOIN Publishers ON Books.publication_date = Publishers.website;', '3', '1');
INSERT INTO "QueryColumnAccess" ("queryId", "columnId")
    VALUES ('1800', '4');
INSERT INTO "QueryColumnAccess" ("queryId", "columnId")
    VALUES ('1800', '5');
INSERT INTO "QueryTableAccess" ("queryId", "tableId")
    VALUES ('1800', '1');
INSERT INTO "QueryTableAccess" ("queryId", "tableId")
    VALUES ('1800', '3');
SELECT 'Books.title', 'Customers.customer_id' FROM Books NATURAL JOIN Customers ON 'Books.title' = 'Customers.customer_id';
INSERT INTO "SqlQuery" ("queryId", "userId", "issuedAt", "finishedAt", "hasError", "errorMessage", "statement", "projectId", "queryTypeId")
    VALUES ('1801', '1', '2023-04-28 22:07:11.414229', '2023-04-28 22:07:12.414229', 'False', 'None', 'SELECT Books.title, Customers.customer_id FROM Books NATURAL JOIN Customers ON Books.title = Customers.customer_id;', '3', '1');
INSERT INTO "QueryColumnAccess" ("queryId", "columnId")
    VALUES ('1801', '2');
INSERT INTO "QueryColumnAccess" ("queryId", "columnId")
    VALUES ('1801', '1');
INSERT INTO "QueryTableAccess" ("queryId", "tableId")
    VALUES ('1801', '1');
INSERT INTO "QueryTableAccess" ("queryId", "tableId")
    VALUES ('1801', '4');
SELECT 'Publishers.publisher_name', 'Authors.birth_date' FROM Publishers NATURAL JOIN Authors ON 'Publishers.publisher_name' = 'Authors.birth_date';
INSERT INTO "SqlQuery" ("queryId", "userId", "issuedAt", "finishedAt", "hasError", "errorMessage", "statement", "projectId", "queryTypeId")
    VALUES ('1802', '7', '2023-04-15 22:07:11.414245', '2023-04-15 22:07:15.414245', 'False', 'None', 'SELECT Publishers.publisher_name, Authors.birth_date FROM Publishers NATURAL JOIN Authors ON Publishers.publisher_name = Authors.birth_date;', '3', '1');
INSERT INTO "QueryColumnAccess" ("queryId", "columnId")
    VALUES ('1802', '2');
INSERT INTO "QueryColumnAccess" ("queryId", "columnId")
    VALUES ('1802', '4');
INSERT INTO "QueryTableAccess" ("queryId", "tableId")
    VALUES ('1802', '3');
INSERT INTO "QueryTableAccess" ("queryId", "tableId")
    VALUES ('1802', '2');
SELECT 'Books.category_id', 'Publishers.country' FROM Books NATURAL JOIN Publishers ON 'Books.category_id' = 'Publishers.country';
INSERT INTO "SqlQuery" ("queryId", "userId", "issuedAt", "finishedAt", "hasError", "errorMessage", "statement", "projectId", "queryTypeId")
    VALUES ('1803', '3', '2023-04-12 22:07:11.414254', '2023-04-12 22:07:13.414254', 'False', 'None', 'SELECT Books.category_id, Publishers.country FROM Books NATURAL JOIN Publishers ON Books.category_id = Publishers.country;', '3', '1');
INSERT INTO "QueryColumnAccess" ("queryId", "columnId")
    VALUES ('1803', '7');
INSERT INTO "QueryColumnAccess" ("queryId", "columnId")
    VALUES ('1803', '4');
INSERT INTO "QueryTableAccess" ("queryId", "tableId")
    VALUES ('1803', '1');
INSERT INTO "QueryTableAccess" ("queryId", "tableId")
    VALUES ('1803', '3');
SELECT 'Publishers.publisher_name', 'Authors.last_name' FROM Publishers NATURAL JOIN Authors ON 'Publishers.publisher_name' = 'Authors.last_name';
INSERT INTO "SqlQuery" ("queryId", "userId", "issuedAt", "finishedAt", "hasError", "errorMessage", "statement", "projectId", "queryTypeId")
    VALUES ('1804', '9', '2023-06-26 22:07:11.414263', '2023-06-26 22:07:15.414263', 'False', 'None', 'SELECT Publishers.publisher_name, Authors.last_name FROM Publishers NATURAL JOIN Authors ON Publishers.publisher_name = Authors.last_name;', '3', '1');
INSERT INTO "QueryColumnAccess" ("queryId", "columnId")
    VALUES ('1804', '2');
INSERT INTO "QueryColumnAccess" ("queryId", "columnId")
    VALUES ('1804', '3');
INSERT INTO "QueryTableAccess" ("queryId", "tableId")
    VALUES ('1804', '3');
INSERT INTO "QueryTableAccess" ("queryId", "tableId")
    VALUES ('1804', '2');
SELECT 'Publishers.country', 'Authors.first_name' FROM Publishers RIGHT OUTER JOIN Authors ON 'Publishers.country' = 'Authors.first_name';
INSERT INTO "SqlQuery" ("queryId", "userId", "issuedAt", "finishedAt", "hasError", "errorMessage", "statement", "projectId", "queryTypeId")
    VALUES ('1805', '14', '2023-04-29 22:07:11.414272', '2023-04-29 22:07:15.414272', 'False', 'None', 'SELECT Publishers.country, Authors.first_name FROM Publishers RIGHT OUTER JOIN Authors ON Publishers.country = Authors.first_name;', '3', '1');
INSERT INTO "QueryColumnAccess" ("queryId", "columnId")
    VALUES ('1805', '4');
INSERT INTO "QueryColumnAccess" ("queryId", "columnId")
    VALUES ('1805', '2');
INSERT INTO "QueryTableAccess" ("queryId", "tableId")
    VALUES ('1805', '3');
INSERT INTO "QueryTableAccess" ("queryId", "tableId")
    VALUES ('1805', '2');
SELECT 'Customers.customer_id', 'Authors.author_id' FROM Customers NATURAL JOIN Authors ON 'Customers.customer_id' = 'Authors.author_id';
INSERT INTO "SqlQuery" ("queryId", "userId", "issuedAt", "finishedAt", "hasError", "errorMessage", "statement", "projectId", "queryTypeId")
    VALUES ('1806', '14', '2023-06-28 22:07:11.414281', '2023-06-28 22:07:14.414281', 'False', 'None', 'SELECT Customers.customer_id, Authors.author_id FROM Customers NATURAL JOIN Authors ON Customers.customer_id = Authors.author_id;', '3', '1');
INSERT INTO "QueryColumnAccess" ("queryId", "columnId")
    VALUES ('1806', '1');
INSERT INTO "QueryColumnAccess" ("queryId", "columnId")
    VALUES ('1806', '1');
INSERT INTO "QueryTableAccess" ("queryId", "tableId")
    VALUES ('1806', '4');
INSERT INTO "QueryTableAccess" ("queryId", "tableId")
    VALUES ('1806', '2');
SELECT 'Books.category_id', 'Publishers.country' FROM Books NATURAL JOIN Publishers ON 'Books.category_id' = 'Publishers.country';
INSERT INTO "SqlQuery" ("queryId", "userId", "issuedAt", "finishedAt", "hasError", "errorMessage", "statement", "projectId", "queryTypeId")
    VALUES ('1807', '15', '2023-06-03 22:07:11.414290', '2023-06-03 22:07:15.414290', 'False', 'None', 'SELECT Books.category_id, Publishers.country FROM Books NATURAL JOIN Publishers ON Books.category_id = Publishers.country;', '3', '1');
INSERT INTO "QueryColumnAccess" ("queryId", "columnId")
    VALUES ('1807', '7');
INSERT INTO "QueryColumnAccess" ("queryId", "columnId")
    VALUES ('1807', '4');
INSERT INTO "QueryTableAccess" ("queryId", "tableId")
    VALUES ('1807', '1');
INSERT INTO "QueryTableAccess" ("queryId", "tableId")
    VALUES ('1807', '3');
SELECT 'Orders.total_amount', 'Publishers.country' FROM Orders LEFT OUTER JOIN Publishers ON 'Orders.total_amount' = 'Publishers.country';
INSERT INTO "SqlQuery" ("queryId", "userId", "issuedAt", "finishedAt", "hasError", "errorMessage", "statement", "projectId", "queryTypeId")
    VALUES ('1808', '3', '2023-04-16 22:07:11.414298', '2023-04-16 22:07:13.414298', 'False', 'None', 'SELECT Orders.total_amount, Publishers.country FROM Orders LEFT OUTER JOIN Publishers ON Orders.total_amount = Publishers.country;', '3', '1');
INSERT INTO "QueryColumnAccess" ("queryId", "columnId")
    VALUES ('1808', '4');
INSERT INTO "QueryColumnAccess" ("queryId", "columnId")
    VALUES ('1808', '4');
INSERT INTO "QueryTableAccess" ("queryId", "tableId")
    VALUES ('1808', '5');
INSERT INTO "QueryTableAccess" ("queryId", "tableId")
    VALUES ('1808', '3');
SELECT 'Books.author', 'Publishers.publisher_name' FROM Books RIGHT OUTER JOIN Publishers ON 'Books.author' = 'Publishers.publisher_name';
INSERT INTO "SqlQuery" ("queryId", "userId", "issuedAt", "finishedAt", "hasError", "errorMessage", "statement", "projectId", "queryTypeId")
    VALUES ('1809', '7', '2023-04-30 22:07:11.414307', '2023-04-30 22:07:12.414307', 'False', 'None', 'SELECT Books.author, Publishers.publisher_name FROM Books RIGHT OUTER JOIN Publishers ON Books.author = Publishers.publisher_name;', '3', '1');
INSERT INTO "QueryColumnAccess" ("queryId", "columnId")
    VALUES ('1809', '3');
INSERT INTO "QueryColumnAccess" ("queryId", "columnId")
    VALUES ('1809', '2');
INSERT INTO "QueryTableAccess" ("queryId", "tableId")
    VALUES ('1809', '1');
INSERT INTO "QueryTableAccess" ("queryId", "tableId")
    VALUES ('1809', '3');
SELECT 'Orders.order_date', 'Publishers.publisher_id' FROM Orders RIGHT OUTER JOIN Publishers ON 'Orders.order_date' = 'Publishers.publisher_id';
INSERT INTO "SqlQuery" ("queryId", "userId", "issuedAt", "finishedAt", "hasError", "errorMessage", "statement", "projectId", "queryTypeId")
    VALUES ('1810', '9', '2023-04-15 22:07:11.414316', '2023-04-15 22:07:14.414316', 'False', 'None', 'SELECT Orders.order_date, Publishers.publisher_id FROM Orders RIGHT OUTER JOIN Publishers ON Orders.order_date = Publishers.publisher_id;', '3', '1');
INSERT INTO "QueryColumnAccess" ("queryId", "columnId")
    VALUES ('1810', '3');
INSERT INTO "QueryColumnAccess" ("queryId", "columnId")
    VALUES ('1810', '1');
INSERT INTO "QueryTableAccess" ("queryId", "tableId")
    VALUES ('1810', '5');
INSERT INTO "QueryTableAccess" ("queryId", "tableId")
    VALUES ('1810', '3');
SELECT 'Customers.city', 'Books.category_id' FROM Customers RIGHT OUTER JOIN Books ON 'Customers.city' = 'Books.category_id';
INSERT INTO "SqlQuery" ("queryId", "userId", "issuedAt", "finishedAt", "hasError", "errorMessage", "statement", "projectId", "queryTypeId")
    VALUES ('1811', '15', '2023-06-07 22:07:11.414325', '2023-06-07 22:07:14.414325', 'False', 'None', 'SELECT Customers.city, Books.category_id FROM Customers RIGHT OUTER JOIN Books ON Customers.city = Books.category_id;', '3', '1');
INSERT INTO "QueryColumnAccess" ("queryId", "columnId")
    VALUES ('1811', '7');
INSERT INTO "QueryColumnAccess" ("queryId", "columnId")
    VALUES ('1811', '7');
INSERT INTO "QueryTableAccess" ("queryId", "tableId")
    VALUES ('1811', '4');
INSERT INTO "QueryTableAccess" ("queryId", "tableId")
    VALUES ('1811', '1');
SELECT 'Authors.author_id', 'Orders.status' FROM Authors LEFT OUTER JOIN Orders ON 'Authors.author_id' = 'Orders.status';
INSERT INTO "SqlQuery" ("queryId", "userId", "issuedAt", "finishedAt", "hasError", "errorMessage", "statement", "projectId", "queryTypeId")
    VALUES ('1812', '7', '2023-05-16 22:07:11.414340', '2023-05-16 22:07:13.414340', 'False', 'None', 'SELECT Authors.author_id, Orders.status FROM Authors LEFT OUTER JOIN Orders ON Authors.author_id = Orders.status;', '3', '1');
INSERT INTO "QueryColumnAccess" ("queryId", "columnId")
    VALUES ('1812', '1');
INSERT INTO "QueryColumnAccess" ("queryId", "columnId")
    VALUES ('1812', '5');
INSERT INTO "QueryTableAccess" ("queryId", "tableId")
    VALUES ('1812', '2');
INSERT INTO "QueryTableAccess" ("queryId", "tableId")
    VALUES ('1812', '5');
SELECT 'Books.author', 'Orders.total_amount' FROM Books RIGHT OUTER JOIN Orders ON 'Books.author' = 'Orders.total_amount';
INSERT INTO "SqlQuery" ("queryId", "userId", "issuedAt", "finishedAt", "hasError", "errorMessage", "statement", "projectId", "queryTypeId")
    VALUES ('1813', '9', '2023-05-12 22:07:11.414349', '2023-05-12 22:07:13.414349', 'False', 'None', 'SELECT Books.author, Orders.total_amount FROM Books RIGHT OUTER JOIN Orders ON Books.author = Orders.total_amount;', '3', '1');
INSERT INTO "QueryColumnAccess" ("queryId", "columnId")
    VALUES ('1813', '3');
INSERT INTO "QueryColumnAccess" ("queryId", "columnId")
    VALUES ('1813', '4');
INSERT INTO "QueryTableAccess" ("queryId", "tableId")
    VALUES ('1813', '1');
INSERT INTO "QueryTableAccess" ("queryId", "tableId")
    VALUES ('1813', '5');
SELECT 'Publishers.website', 'Authors.last_name' FROM Publishers LEFT OUTER JOIN Authors ON 'Publishers.website' = 'Authors.last_name';
INSERT INTO "SqlQuery" ("queryId", "userId", "issuedAt", "finishedAt", "hasError", "errorMessage", "statement", "projectId", "queryTypeId")
    VALUES ('1814', '10', '2023-06-14 22:07:11.414357', '2023-06-14 22:07:14.414357', 'False', 'None', 'SELECT Publishers.website, Authors.last_name FROM Publishers LEFT OUTER JOIN Authors ON Publishers.website = Authors.last_name;', '3', '1');
INSERT INTO "QueryColumnAccess" ("queryId", "columnId")
    VALUES ('1814', '5');
INSERT INTO "QueryColumnAccess" ("queryId", "columnId")
    VALUES ('1814', '3');
INSERT INTO "QueryTableAccess" ("queryId", "tableId")
    VALUES ('1814', '3');
INSERT INTO "QueryTableAccess" ("queryId", "tableId")
    VALUES ('1814', '2');
SELECT 'Books.category_id', 'Publishers.country' FROM Books RIGHT OUTER JOIN Publishers ON 'Books.category_id' = 'Publishers.country';
INSERT INTO "SqlQuery" ("queryId", "userId", "issuedAt", "finishedAt", "hasError", "errorMessage", "statement", "projectId", "queryTypeId")
    VALUES ('1815', '9', '2023-05-19 22:07:11.414366', '2023-05-19 22:07:14.414366', 'False', 'None', 'SELECT Books.category_id, Publishers.country FROM Books RIGHT OUTER JOIN Publishers ON Books.category_id = Publishers.country;', '3', '1');
INSERT INTO "QueryColumnAccess" ("queryId", "columnId")
    VALUES ('1815', '7');
INSERT INTO "QueryColumnAccess" ("queryId", "columnId")
    VALUES ('1815', '4');
INSERT INTO "QueryTableAccess" ("queryId", "tableId")
    VALUES ('1815', '1');
INSERT INTO "QueryTableAccess" ("queryId", "tableId")
    VALUES ('1815', '3');
SELECT 'Orders.shipping_city', 'Books.publication_date' FROM Orders NATURAL JOIN Books ON 'Orders.shipping_city' = 'Books.publication_date';
INSERT INTO "SqlQuery" ("queryId", "userId", "issuedAt", "finishedAt", "hasError", "errorMessage", "statement", "projectId", "queryTypeId")
    VALUES ('1816', '7', '2023-07-04 22:07:11.414374', '2023-07-04 22:07:12.414374', 'False', 'None', 'SELECT Orders.shipping_city, Books.publication_date FROM Orders NATURAL JOIN Books ON Orders.shipping_city = Books.publication_date;', '3', '1');
INSERT INTO "QueryColumnAccess" ("queryId", "columnId")
    VALUES ('1816', '7');
INSERT INTO "QueryColumnAccess" ("queryId", "columnId")
    VALUES ('1816', '4');
INSERT INTO "QueryTableAccess" ("queryId", "tableId")
    VALUES ('1816', '5');
INSERT INTO "QueryTableAccess" ("queryId", "tableId")
    VALUES ('1816', '1');
SELECT 'Publishers.publisher_name', 'Customers.city' FROM Publishers NATURAL JOIN Customers ON 'Publishers.publisher_name' = 'Customers.city';
INSERT INTO "SqlQuery" ("queryId", "userId", "issuedAt", "finishedAt", "hasError", "errorMessage", "statement", "projectId", "queryTypeId")
    VALUES ('1817', '11', '2023-04-15 22:07:11.414383', '2023-04-15 22:07:14.414383', 'False', 'None', 'SELECT Publishers.publisher_name, Customers.city FROM Publishers NATURAL JOIN Customers ON Publishers.publisher_name = Customers.city;', '3', '1');
INSERT INTO "QueryColumnAccess" ("queryId", "columnId")
    VALUES ('1817', '2');
INSERT INTO "QueryColumnAccess" ("queryId", "columnId")
    VALUES ('1817', '7');
INSERT INTO "QueryTableAccess" ("queryId", "tableId")
    VALUES ('1817', '3');
INSERT INTO "QueryTableAccess" ("queryId", "tableId")
    VALUES ('1817', '4');
SELECT 'Books.book_id', 'Publishers.country' FROM Books LEFT OUTER JOIN Publishers ON 'Books.book_id' = 'Publishers.country';
INSERT INTO "SqlQuery" ("queryId", "userId", "issuedAt", "finishedAt", "hasError", "errorMessage", "statement", "projectId", "queryTypeId")
    VALUES ('1818', '14', '2023-04-11 22:07:11.414391', '2023-04-11 22:07:14.414391', 'False', 'None', 'SELECT Books.book_id, Publishers.country FROM Books LEFT OUTER JOIN Publishers ON Books.book_id = Publishers.country;', '3', '1');
INSERT INTO "QueryColumnAccess" ("queryId", "columnId")
    VALUES ('1818', '1');
INSERT INTO "QueryColumnAccess" ("queryId", "columnId")
    VALUES ('1818', '4');
INSERT INTO "QueryTableAccess" ("queryId", "tableId")
    VALUES ('1818', '1');
INSERT INTO "QueryTableAccess" ("queryId", "tableId")
    VALUES ('1818', '3');
SELECT 'Orders.shipping_city', 'Publishers.website' FROM Orders LEFT OUTER JOIN Publishers ON 'Orders.shipping_city' = 'Publishers.website';
INSERT INTO "SqlQuery" ("queryId", "userId", "issuedAt", "finishedAt", "hasError", "errorMessage", "statement", "projectId", "queryTypeId")
    VALUES ('1819', '13', '2023-04-21 22:07:11.414400', '2023-04-21 22:07:14.414400', 'False', 'None', 'SELECT Orders.shipping_city, Publishers.website FROM Orders LEFT OUTER JOIN Publishers ON Orders.shipping_city = Publishers.website;', '3', '1');
INSERT INTO "QueryColumnAccess" ("queryId", "columnId")
    VALUES ('1819', '7');
INSERT INTO "QueryColumnAccess" ("queryId", "columnId")
    VALUES ('1819', '5');
INSERT INTO "QueryTableAccess" ("queryId", "tableId")
    VALUES ('1819', '5');
INSERT INTO "QueryTableAccess" ("queryId", "tableId")
    VALUES ('1819', '3');
SELECT 'Books.author', 'Publishers.publisher_id' FROM Books LEFT OUTER JOIN Publishers ON 'Books.author' = 'Publishers.publisher_id';
INSERT INTO "SqlQuery" ("queryId", "userId", "issuedAt", "finishedAt", "hasError", "errorMessage", "statement", "projectId", "queryTypeId")
    VALUES ('1820', '11', '2023-06-01 22:07:11.414408', '2023-06-01 22:07:14.414408', 'False', 'None', 'SELECT Books.author, Publishers.publisher_id FROM Books LEFT OUTER JOIN Publishers ON Books.author = Publishers.publisher_id;', '3', '1');
INSERT INTO "QueryColumnAccess" ("queryId", "columnId")
    VALUES ('1820', '3');
INSERT INTO "QueryColumnAccess" ("queryId", "columnId")
    VALUES ('1820', '1');
INSERT INTO "QueryTableAccess" ("queryId", "tableId")
    VALUES ('1820', '1');
INSERT INTO "QueryTableAccess" ("queryId", "tableId")
    VALUES ('1820', '3');
SELECT 'Publishers.website', 'Customers.last_name' FROM Publishers RIGHT OUTER JOIN Customers ON 'Publishers.website' = 'Customers.last_name';
INSERT INTO "SqlQuery" ("queryId", "userId", "issuedAt", "finishedAt", "hasError", "errorMessage", "statement", "projectId", "queryTypeId")
    VALUES ('1821', '11', '2023-04-13 22:07:11.414420', '2023-04-13 22:07:12.414420', 'False', 'None', 'SELECT Publishers.website, Customers.last_name FROM Publishers RIGHT OUTER JOIN Customers ON Publishers.website = Customers.last_name;', '3', '1');
INSERT INTO "QueryColumnAccess" ("queryId", "columnId")
    VALUES ('1821', '5');
INSERT INTO "QueryColumnAccess" ("queryId", "columnId")
    VALUES ('1821', '3');
INSERT INTO "QueryTableAccess" ("queryId", "tableId")
    VALUES ('1821', '3');
INSERT INTO "QueryTableAccess" ("queryId", "tableId")
    VALUES ('1821', '4');
SELECT 'Publishers.country', 'Orders.shipping_state' FROM Publishers LEFT OUTER JOIN Orders ON 'Publishers.country' = 'Orders.shipping_state';
INSERT INTO "SqlQuery" ("queryId", "userId", "issuedAt", "finishedAt", "hasError", "errorMessage", "statement", "projectId", "queryTypeId")
    VALUES ('1822', '11', '2023-05-30 22:07:11.414429', '2023-05-30 22:07:15.414429', 'False', 'None', 'SELECT Publishers.country, Orders.shipping_state FROM Publishers LEFT OUTER JOIN Orders ON Publishers.country = Orders.shipping_state;', '3', '1');
INSERT INTO "QueryColumnAccess" ("queryId", "columnId")
    VALUES ('1822', '4');
INSERT INTO "QueryColumnAccess" ("queryId", "columnId")
    VALUES ('1822', '8');
INSERT INTO "QueryTableAccess" ("queryId", "tableId")
    VALUES ('1822', '3');
INSERT INTO "QueryTableAccess" ("queryId", "tableId")
    VALUES ('1822', '5');
SELECT 'Customers.city', 'Books.publisher' FROM Customers NATURAL JOIN Books ON 'Customers.city' = 'Books.publisher';
INSERT INTO "SqlQuery" ("queryId", "userId", "issuedAt", "finishedAt", "hasError", "errorMessage", "statement", "projectId", "queryTypeId")
    VALUES ('1823', '7', '2023-06-13 22:07:11.414438', '2023-06-13 22:07:15.414438', 'False', 'None', 'SELECT Customers.city, Books.publisher FROM Customers NATURAL JOIN Books ON Customers.city = Books.publisher;', '3', '1');
INSERT INTO "QueryColumnAccess" ("queryId", "columnId")
    VALUES ('1823', '7');
INSERT INTO "QueryColumnAccess" ("queryId", "columnId")
    VALUES ('1823', '5');
INSERT INTO "QueryTableAccess" ("queryId", "tableId")
    VALUES ('1823', '4');
INSERT INTO "QueryTableAccess" ("queryId", "tableId")
    VALUES ('1823', '1');
SELECT 'Orders.total_amount', 'Books.publisher' FROM Orders RIGHT OUTER JOIN Books ON 'Orders.total_amount' = 'Books.publisher';
INSERT INTO "SqlQuery" ("queryId", "userId", "issuedAt", "finishedAt", "hasError", "errorMessage", "statement", "projectId", "queryTypeId")
    VALUES ('1824', '15', '2023-06-30 22:07:11.414446', '2023-06-30 22:07:14.414446', 'False', 'None', 'SELECT Orders.total_amount, Books.publisher FROM Orders RIGHT OUTER JOIN Books ON Orders.total_amount = Books.publisher;', '3', '1');
INSERT INTO "QueryColumnAccess" ("queryId", "columnId")
    VALUES ('1824', '4');
INSERT INTO "QueryColumnAccess" ("queryId", "columnId")
    VALUES ('1824', '5');
INSERT INTO "QueryTableAccess" ("queryId", "tableId")
    VALUES ('1824', '5');
INSERT INTO "QueryTableAccess" ("queryId", "tableId")
    VALUES ('1824', '1');
SELECT 'Customers.email', 'Authors.last_name' FROM Customers LEFT OUTER JOIN Authors ON 'Customers.email' = 'Authors.last_name';
INSERT INTO "SqlQuery" ("queryId", "userId", "issuedAt", "finishedAt", "hasError", "errorMessage", "statement", "projectId", "queryTypeId")
    VALUES ('1825', '15', '2023-04-23 22:07:11.414455', '2023-04-23 22:07:12.414455', 'False', 'None', 'SELECT Customers.email, Authors.last_name FROM Customers LEFT OUTER JOIN Authors ON Customers.email = Authors.last_name;', '3', '1');
INSERT INTO "QueryColumnAccess" ("queryId", "columnId")
    VALUES ('1825', '4');
INSERT INTO "QueryColumnAccess" ("queryId", "columnId")
    VALUES ('1825', '3');
INSERT INTO "QueryTableAccess" ("queryId", "tableId")
    VALUES ('1825', '4');
INSERT INTO "QueryTableAccess" ("queryId", "tableId")
    VALUES ('1825', '2');
SELECT 'Publishers.website', 'Orders.order_date' FROM Publishers RIGHT OUTER JOIN Orders ON 'Publishers.website' = 'Orders.order_date';
INSERT INTO "SqlQuery" ("queryId", "userId", "issuedAt", "finishedAt", "hasError", "errorMessage", "statement", "projectId", "queryTypeId")
    VALUES ('1826', '4', '2023-06-15 22:07:11.414464', '2023-06-15 22:07:14.414464', 'False', 'None', 'SELECT Publishers.website, Orders.order_date FROM Publishers RIGHT OUTER JOIN Orders ON Publishers.website = Orders.order_date;', '3', '1');
INSERT INTO "QueryColumnAccess" ("queryId", "columnId")
    VALUES ('1826', '5');
INSERT INTO "QueryColumnAccess" ("queryId", "columnId")
    VALUES ('1826', '3');
INSERT INTO "QueryTableAccess" ("queryId", "tableId")
    VALUES ('1826', '3');
INSERT INTO "QueryTableAccess" ("queryId", "tableId")
    VALUES ('1826', '5');
SELECT 'Authors.birth_date', 'Orders.shipping_city' FROM Authors NATURAL JOIN Orders ON 'Authors.birth_date' = 'Orders.shipping_city';
INSERT INTO "SqlQuery" ("queryId", "userId", "issuedAt", "finishedAt", "hasError", "errorMessage", "statement", "projectId", "queryTypeId")
    VALUES ('1827', '10', '2023-06-09 22:07:11.414472', '2023-06-09 22:07:13.414472', 'False', 'None', 'SELECT Authors.birth_date, Orders.shipping_city FROM Authors NATURAL JOIN Orders ON Authors.birth_date = Orders.shipping_city;', '3', '1');
INSERT INTO "QueryColumnAccess" ("queryId", "columnId")
    VALUES ('1827', '4');
INSERT INTO "QueryColumnAccess" ("queryId", "columnId")
    VALUES ('1827', '7');
INSERT INTO "QueryTableAccess" ("queryId", "tableId")
    VALUES ('1827', '2');
INSERT INTO "QueryTableAccess" ("queryId", "tableId")
    VALUES ('1827', '5');
SELECT 'Orders.status', 'Books.publication_date' FROM Orders NATURAL JOIN Books ON 'Orders.status' = 'Books.publication_date';
INSERT INTO "SqlQuery" ("queryId", "userId", "issuedAt", "finishedAt", "hasError", "errorMessage", "statement", "projectId", "queryTypeId")
    VALUES ('1828', '14', '2023-05-28 22:07:11.414481', '2023-05-28 22:07:12.414481', 'False', 'None', 'SELECT Orders.status, Books.publication_date FROM Orders NATURAL JOIN Books ON Orders.status = Books.publication_date;', '3', '1');
INSERT INTO "QueryColumnAccess" ("queryId", "columnId")
    VALUES ('1828', '5');
INSERT INTO "QueryColumnAccess" ("queryId", "columnId")
    VALUES ('1828', '4');
INSERT INTO "QueryTableAccess" ("queryId", "tableId")
    VALUES ('1828', '5');
INSERT INTO "QueryTableAccess" ("queryId", "tableId")
    VALUES ('1828', '1');
SELECT 'Books.price', 'Publishers.established_date' FROM Books RIGHT OUTER JOIN Publishers ON 'Books.price' = 'Publishers.established_date';
INSERT INTO "SqlQuery" ("queryId", "userId", "issuedAt", "finishedAt", "hasError", "errorMessage", "statement", "projectId", "queryTypeId")
    VALUES ('1829', '11', '2023-05-15 22:07:11.414490', '2023-05-15 22:07:12.414490', 'False', 'None', 'SELECT Books.price, Publishers.established_date FROM Books RIGHT OUTER JOIN Publishers ON Books.price = Publishers.established_date;', '3', '1');
INSERT INTO "QueryColumnAccess" ("queryId", "columnId")
    VALUES ('1829', '6');
INSERT INTO "QueryColumnAccess" ("queryId", "columnId")
    VALUES ('1829', '3');
INSERT INTO "QueryTableAccess" ("queryId", "tableId")
    VALUES ('1829', '1');
INSERT INTO "QueryTableAccess" ("queryId", "tableId")
    VALUES ('1829', '3');
SELECT 'Orders.order_id', 'Publishers.website' FROM Orders RIGHT OUTER JOIN Publishers ON 'Orders.order_id' = 'Publishers.website';
INSERT INTO "SqlQuery" ("queryId", "userId", "issuedAt", "finishedAt", "hasError", "errorMessage", "statement", "projectId", "queryTypeId")
    VALUES ('1830', '4', '2023-05-14 22:07:11.414498', '2023-05-14 22:07:14.414498', 'False', 'None', 'SELECT Orders.order_id, Publishers.website FROM Orders RIGHT OUTER JOIN Publishers ON Orders.order_id = Publishers.website;', '3', '1');
INSERT INTO "QueryColumnAccess" ("queryId", "columnId")
    VALUES ('1830', '1');
INSERT INTO "QueryColumnAccess" ("queryId", "columnId")
    VALUES ('1830', '5');
INSERT INTO "QueryTableAccess" ("queryId", "tableId")
    VALUES ('1830', '5');
INSERT INTO "QueryTableAccess" ("queryId", "tableId")
    VALUES ('1830', '3');
SELECT 'Orders.order_date', 'Publishers.established_date' FROM Orders RIGHT OUTER JOIN Publishers ON 'Orders.order_date' = 'Publishers.established_date';
INSERT INTO "SqlQuery" ("queryId", "userId", "issuedAt", "finishedAt", "hasError", "errorMessage", "statement", "projectId", "queryTypeId")
    VALUES ('1831', '3', '2023-06-06 22:07:11.414513', '2023-06-06 22:07:15.414513', 'False', 'None', 'SELECT Orders.order_date, Publishers.established_date FROM Orders RIGHT OUTER JOIN Publishers ON Orders.order_date = Publishers.established_date;', '3', '1');
INSERT INTO "QueryColumnAccess" ("queryId", "columnId")
    VALUES ('1831', '3');
INSERT INTO "QueryColumnAccess" ("queryId", "columnId")
    VALUES ('1831', '3');
INSERT INTO "QueryTableAccess" ("queryId", "tableId")
    VALUES ('1831', '5');
INSERT INTO "QueryTableAccess" ("queryId", "tableId")
    VALUES ('1831', '3');
SELECT 'Orders.total_amount', 'Customers.customer_id' FROM Orders RIGHT OUTER JOIN Customers ON 'Orders.total_amount' = 'Customers.customer_id';
INSERT INTO "SqlQuery" ("queryId", "userId", "issuedAt", "finishedAt", "hasError", "errorMessage", "statement", "projectId", "queryTypeId")
    VALUES ('1832', '9', '2023-06-09 22:07:11.414522', '2023-06-09 22:07:13.414522', 'False', 'None', 'SELECT Orders.total_amount, Customers.customer_id FROM Orders RIGHT OUTER JOIN Customers ON Orders.total_amount = Customers.customer_id;', '3', '1');
INSERT INTO "QueryColumnAccess" ("queryId", "columnId")
    VALUES ('1832', '4');
INSERT INTO "QueryColumnAccess" ("queryId", "columnId")
    VALUES ('1832', '1');
INSERT INTO "QueryTableAccess" ("queryId", "tableId")
    VALUES ('1832', '5');
INSERT INTO "QueryTableAccess" ("queryId", "tableId")
    VALUES ('1832', '4');
SELECT 'Customers.first_name', 'Books.author' FROM Customers NATURAL JOIN Books ON 'Customers.first_name' = 'Books.author';
INSERT INTO "SqlQuery" ("queryId", "userId", "issuedAt", "finishedAt", "hasError", "errorMessage", "statement", "projectId", "queryTypeId")
    VALUES ('1833', '9', '2023-05-18 22:07:11.414531', '2023-05-18 22:07:14.414531', 'False', 'None', 'SELECT Customers.first_name, Books.author FROM Customers NATURAL JOIN Books ON Customers.first_name = Books.author;', '3', '1');
INSERT INTO "QueryColumnAccess" ("queryId", "columnId")
    VALUES ('1833', '2');
INSERT INTO "QueryColumnAccess" ("queryId", "columnId")
    VALUES ('1833', '3');
INSERT INTO "QueryTableAccess" ("queryId", "tableId")
    VALUES ('1833', '4');
INSERT INTO "QueryTableAccess" ("queryId", "tableId")
    VALUES ('1833', '1');
SELECT 'Books.category_id', 'Publishers.website' FROM Books NATURAL JOIN Publishers ON 'Books.category_id' = 'Publishers.website';
INSERT INTO "SqlQuery" ("queryId", "userId", "issuedAt", "finishedAt", "hasError", "errorMessage", "statement", "projectId", "queryTypeId")
    VALUES ('1834', '6', '2023-07-09 22:07:11.414539', '2023-07-09 22:07:12.414539', 'False', 'None', 'SELECT Books.category_id, Publishers.website FROM Books NATURAL JOIN Publishers ON Books.category_id = Publishers.website;', '3', '1');
INSERT INTO "QueryColumnAccess" ("queryId", "columnId")
    VALUES ('1834', '7');
INSERT INTO "QueryColumnAccess" ("queryId", "columnId")
    VALUES ('1834', '5');
INSERT INTO "QueryTableAccess" ("queryId", "tableId")
    VALUES ('1834', '1');
INSERT INTO "QueryTableAccess" ("queryId", "tableId")
    VALUES ('1834', '3');
SELECT 'Books.publication_date', 'Orders.shipping_country' FROM Books LEFT OUTER JOIN Orders ON 'Books.publication_date' = 'Orders.shipping_country';
INSERT INTO "SqlQuery" ("queryId", "userId", "issuedAt", "finishedAt", "hasError", "errorMessage", "statement", "projectId", "queryTypeId")
    VALUES ('1835', '12', '2023-04-21 22:07:11.414548', '2023-04-21 22:07:14.414548', 'False', 'None', 'SELECT Books.publication_date, Orders.shipping_country FROM Books LEFT OUTER JOIN Orders ON Books.publication_date = Orders.shipping_country;', '3', '1');
INSERT INTO "QueryColumnAccess" ("queryId", "columnId")
    VALUES ('1835', '4');
INSERT INTO "QueryColumnAccess" ("queryId", "columnId")
    VALUES ('1835', '10');
INSERT INTO "QueryTableAccess" ("queryId", "tableId")
    VALUES ('1835', '1');
INSERT INTO "QueryTableAccess" ("queryId", "tableId")
    VALUES ('1835', '5');
SELECT 'Publishers.established_date', 'Orders.order_date' FROM Publishers LEFT OUTER JOIN Orders ON 'Publishers.established_date' = 'Orders.order_date';
INSERT INTO "SqlQuery" ("queryId", "userId", "issuedAt", "finishedAt", "hasError", "errorMessage", "statement", "projectId", "queryTypeId")
    VALUES ('1836', '4', '2023-06-27 22:07:11.414556', '2023-06-27 22:07:12.414556', 'False', 'None', 'SELECT Publishers.established_date, Orders.order_date FROM Publishers LEFT OUTER JOIN Orders ON Publishers.established_date = Orders.order_date;', '3', '1');
INSERT INTO "QueryColumnAccess" ("queryId", "columnId")
    VALUES ('1836', '3');
INSERT INTO "QueryColumnAccess" ("queryId", "columnId")
    VALUES ('1836', '3');
INSERT INTO "QueryTableAccess" ("queryId", "tableId")
    VALUES ('1836', '3');
INSERT INTO "QueryTableAccess" ("queryId", "tableId")
    VALUES ('1836', '5');
SELECT 'Customers.zip_code', 'Orders.order_id' FROM Customers LEFT OUTER JOIN Orders ON 'Customers.zip_code' = 'Orders.order_id';
INSERT INTO "SqlQuery" ("queryId", "userId", "issuedAt", "finishedAt", "hasError", "errorMessage", "statement", "projectId", "queryTypeId")
    VALUES ('1837', '9', '2023-06-12 22:07:11.414565', '2023-06-12 22:07:13.414565', 'False', 'None', 'SELECT Customers.zip_code, Orders.order_id FROM Customers LEFT OUTER JOIN Orders ON Customers.zip_code = Orders.order_id;', '3', '1');
INSERT INTO "QueryColumnAccess" ("queryId", "columnId")
    VALUES ('1837', '9');
INSERT INTO "QueryColumnAccess" ("queryId", "columnId")
    VALUES ('1837', '1');
INSERT INTO "QueryTableAccess" ("queryId", "tableId")
    VALUES ('1837', '4');
INSERT INTO "QueryTableAccess" ("queryId", "tableId")
    VALUES ('1837', '5');
SELECT 'Customers.customer_id', 'Books.publication_date' FROM Customers NATURAL JOIN Books ON 'Customers.customer_id' = 'Books.publication_date';
INSERT INTO "SqlQuery" ("queryId", "userId", "issuedAt", "finishedAt", "hasError", "errorMessage", "statement", "projectId", "queryTypeId")
    VALUES ('1838', '9', '2023-05-18 22:07:11.414574', '2023-05-18 22:07:13.414574', 'False', 'None', 'SELECT Customers.customer_id, Books.publication_date FROM Customers NATURAL JOIN Books ON Customers.customer_id = Books.publication_date;', '3', '1');
INSERT INTO "QueryColumnAccess" ("queryId", "columnId")
    VALUES ('1838', '1');
INSERT INTO "QueryColumnAccess" ("queryId", "columnId")
    VALUES ('1838', '4');
INSERT INTO "QueryTableAccess" ("queryId", "tableId")
    VALUES ('1838', '4');
INSERT INTO "QueryTableAccess" ("queryId", "tableId")
    VALUES ('1838', '1');
SELECT 'Books.publisher', 'Authors.last_name' FROM Books RIGHT OUTER JOIN Authors ON 'Books.publisher' = 'Authors.last_name';
INSERT INTO "SqlQuery" ("queryId", "userId", "issuedAt", "finishedAt", "hasError", "errorMessage", "statement", "projectId", "queryTypeId")
    VALUES ('1839', '2', '2023-04-29 22:07:11.414582', '2023-04-29 22:07:12.414582', 'False', 'None', 'SELECT Books.publisher, Authors.last_name FROM Books RIGHT OUTER JOIN Authors ON Books.publisher = Authors.last_name;', '3', '1');
INSERT INTO "QueryColumnAccess" ("queryId", "columnId")
    VALUES ('1839', '5');
INSERT INTO "QueryColumnAccess" ("queryId", "columnId")
    VALUES ('1839', '3');
INSERT INTO "QueryTableAccess" ("queryId", "tableId")
    VALUES ('1839', '1');
INSERT INTO "QueryTableAccess" ("queryId", "tableId")
    VALUES ('1839', '2');
SELECT 'Publishers.publisher_name', 'Books.book_id' FROM Publishers RIGHT OUTER JOIN Books ON 'Publishers.publisher_name' = 'Books.book_id';
INSERT INTO "SqlQuery" ("queryId", "userId", "issuedAt", "finishedAt", "hasError", "errorMessage", "statement", "projectId", "queryTypeId")
    VALUES ('1840', '15', '2023-04-28 22:07:11.414591', '2023-04-28 22:07:12.414591', 'False', 'None', 'SELECT Publishers.publisher_name, Books.book_id FROM Publishers RIGHT OUTER JOIN Books ON Publishers.publisher_name = Books.book_id;', '3', '1');
INSERT INTO "QueryColumnAccess" ("queryId", "columnId")
    VALUES ('1840', '2');
INSERT INTO "QueryColumnAccess" ("queryId", "columnId")
    VALUES ('1840', '1');
INSERT INTO "QueryTableAccess" ("queryId", "tableId")
    VALUES ('1840', '3');
INSERT INTO "QueryTableAccess" ("queryId", "tableId")
    VALUES ('1840', '1');
SELECT 'Authors.author_id', 'Books.price' FROM Authors NATURAL JOIN Books ON 'Authors.author_id' = 'Books.price';
INSERT INTO "SqlQuery" ("queryId", "userId", "issuedAt", "finishedAt", "hasError", "errorMessage", "statement", "projectId", "queryTypeId")
    VALUES ('1841', '10', '2023-05-14 22:07:11.414603', '2023-05-14 22:07:13.414603', 'False', 'None', 'SELECT Authors.author_id, Books.price FROM Authors NATURAL JOIN Books ON Authors.author_id = Books.price;', '3', '1');
INSERT INTO "QueryColumnAccess" ("queryId", "columnId")
    VALUES ('1841', '1');
INSERT INTO "QueryColumnAccess" ("queryId", "columnId")
    VALUES ('1841', '6');
INSERT INTO "QueryTableAccess" ("queryId", "tableId")
    VALUES ('1841', '2');
INSERT INTO "QueryTableAccess" ("queryId", "tableId")
    VALUES ('1841', '1');
SELECT 'Publishers.country', 'Authors.last_name' FROM Publishers RIGHT OUTER JOIN Authors ON 'Publishers.country' = 'Authors.last_name';
INSERT INTO "SqlQuery" ("queryId", "userId", "issuedAt", "finishedAt", "hasError", "errorMessage", "statement", "projectId", "queryTypeId")
    VALUES ('1842', '6', '2023-07-07 22:07:11.414611', '2023-07-07 22:07:15.414611', 'False', 'None', 'SELECT Publishers.country, Authors.last_name FROM Publishers RIGHT OUTER JOIN Authors ON Publishers.country = Authors.last_name;', '3', '1');
INSERT INTO "QueryColumnAccess" ("queryId", "columnId")
    VALUES ('1842', '4');
INSERT INTO "QueryColumnAccess" ("queryId", "columnId")
    VALUES ('1842', '3');
INSERT INTO "QueryTableAccess" ("queryId", "tableId")
    VALUES ('1842', '3');
INSERT INTO "QueryTableAccess" ("queryId", "tableId")
    VALUES ('1842', '2');
SELECT 'Authors.country', 'Orders.total_amount' FROM Authors NATURAL JOIN Orders ON 'Authors.country' = 'Orders.total_amount';
INSERT INTO "SqlQuery" ("queryId", "userId", "issuedAt", "finishedAt", "hasError", "errorMessage", "statement", "projectId", "queryTypeId")
    VALUES ('1843', '2', '2023-06-07 22:07:11.414620', '2023-06-07 22:07:15.414620', 'False', 'None', 'SELECT Authors.country, Orders.total_amount FROM Authors NATURAL JOIN Orders ON Authors.country = Orders.total_amount;', '3', '1');
INSERT INTO "QueryColumnAccess" ("queryId", "columnId")
    VALUES ('1843', '5');
INSERT INTO "QueryColumnAccess" ("queryId", "columnId")
    VALUES ('1843', '4');
INSERT INTO "QueryTableAccess" ("queryId", "tableId")
    VALUES ('1843', '2');
INSERT INTO "QueryTableAccess" ("queryId", "tableId")
    VALUES ('1843', '5');
SELECT 'Orders.shipping_address', 'Authors.author_id' FROM Orders RIGHT OUTER JOIN Authors ON 'Orders.shipping_address' = 'Authors.author_id';
INSERT INTO "SqlQuery" ("queryId", "userId", "issuedAt", "finishedAt", "hasError", "errorMessage", "statement", "projectId", "queryTypeId")
    VALUES ('1844', '1', '2023-05-04 22:07:11.414628', '2023-05-04 22:07:13.414628', 'False', 'None', 'SELECT Orders.shipping_address, Authors.author_id FROM Orders RIGHT OUTER JOIN Authors ON Orders.shipping_address = Authors.author_id;', '3', '1');
INSERT INTO "QueryColumnAccess" ("queryId", "columnId")
    VALUES ('1844', '6');
INSERT INTO "QueryColumnAccess" ("queryId", "columnId")
    VALUES ('1844', '1');
INSERT INTO "QueryTableAccess" ("queryId", "tableId")
    VALUES ('1844', '5');
INSERT INTO "QueryTableAccess" ("queryId", "tableId")
    VALUES ('1844', '2');
SELECT 'Customers.zip_code', 'Authors.first_name' FROM Customers NATURAL JOIN Authors ON 'Customers.zip_code' = 'Authors.first_name';
INSERT INTO "SqlQuery" ("queryId", "userId", "issuedAt", "finishedAt", "hasError", "errorMessage", "statement", "projectId", "queryTypeId")
    VALUES ('1845', '6', '2023-04-16 22:07:11.414637', '2023-04-16 22:07:13.414637', 'False', 'None', 'SELECT Customers.zip_code, Authors.first_name FROM Customers NATURAL JOIN Authors ON Customers.zip_code = Authors.first_name;', '3', '1');
INSERT INTO "QueryColumnAccess" ("queryId", "columnId")
    VALUES ('1845', '9');
INSERT INTO "QueryColumnAccess" ("queryId", "columnId")
    VALUES ('1845', '2');
INSERT INTO "QueryTableAccess" ("queryId", "tableId")
    VALUES ('1845', '4');
INSERT INTO "QueryTableAccess" ("queryId", "tableId")
    VALUES ('1845', '2');
SELECT 'Publishers.country', 'Authors.author_id' FROM Publishers RIGHT OUTER JOIN Authors ON 'Publishers.country' = 'Authors.author_id';
INSERT INTO "SqlQuery" ("queryId", "userId", "issuedAt", "finishedAt", "hasError", "errorMessage", "statement", "projectId", "queryTypeId")
    VALUES ('1846', '2', '2023-04-22 22:07:11.414646', '2023-04-22 22:07:13.414646', 'False', 'None', 'SELECT Publishers.country, Authors.author_id FROM Publishers RIGHT OUTER JOIN Authors ON Publishers.country = Authors.author_id;', '3', '1');
INSERT INTO "QueryColumnAccess" ("queryId", "columnId")
    VALUES ('1846', '4');
INSERT INTO "QueryColumnAccess" ("queryId", "columnId")
    VALUES ('1846', '1');
INSERT INTO "QueryTableAccess" ("queryId", "tableId")
    VALUES ('1846', '3');
INSERT INTO "QueryTableAccess" ("queryId", "tableId")
    VALUES ('1846', '2');
SELECT 'Books.publication_date', 'Customers.city' FROM Books NATURAL JOIN Customers ON 'Books.publication_date' = 'Customers.city';
INSERT INTO "SqlQuery" ("queryId", "userId", "issuedAt", "finishedAt", "hasError", "errorMessage", "statement", "projectId", "queryTypeId")
    VALUES ('1847', '8', '2023-04-13 22:07:11.414654', '2023-04-13 22:07:15.414654', 'False', 'None', 'SELECT Books.publication_date, Customers.city FROM Books NATURAL JOIN Customers ON Books.publication_date = Customers.city;', '3', '1');
INSERT INTO "QueryColumnAccess" ("queryId", "columnId")
    VALUES ('1847', '4');
INSERT INTO "QueryColumnAccess" ("queryId", "columnId")
    VALUES ('1847', '7');
INSERT INTO "QueryTableAccess" ("queryId", "tableId")
    VALUES ('1847', '1');
INSERT INTO "QueryTableAccess" ("queryId", "tableId")
    VALUES ('1847', '4');
SELECT 'Customers.country', 'Publishers.established_date' FROM Customers RIGHT OUTER JOIN Publishers ON 'Customers.country' = 'Publishers.established_date';
INSERT INTO "SqlQuery" ("queryId", "userId", "issuedAt", "finishedAt", "hasError", "errorMessage", "statement", "projectId", "queryTypeId")
    VALUES ('1848', '7', '2023-05-28 22:07:11.414662', '2023-05-28 22:07:15.414662', 'False', 'None', 'SELECT Customers.country, Publishers.established_date FROM Customers RIGHT OUTER JOIN Publishers ON Customers.country = Publishers.established_date;', '3', '1');
INSERT INTO "QueryColumnAccess" ("queryId", "columnId")
    VALUES ('1848', '10');
INSERT INTO "QueryColumnAccess" ("queryId", "columnId")
    VALUES ('1848', '3');
INSERT INTO "QueryTableAccess" ("queryId", "tableId")
    VALUES ('1848', '4');
INSERT INTO "QueryTableAccess" ("queryId", "tableId")
    VALUES ('1848', '3');
SELECT 'Books.category_id', 'Orders.shipping_address' FROM Books RIGHT OUTER JOIN Orders ON 'Books.category_id' = 'Orders.shipping_address';
INSERT INTO "SqlQuery" ("queryId", "userId", "issuedAt", "finishedAt", "hasError", "errorMessage", "statement", "projectId", "queryTypeId")
    VALUES ('1849', '6', '2023-06-12 22:07:11.414672', '2023-06-12 22:07:14.414672', 'False', 'None', 'SELECT Books.category_id, Orders.shipping_address FROM Books RIGHT OUTER JOIN Orders ON Books.category_id = Orders.shipping_address;', '3', '1');
INSERT INTO "QueryColumnAccess" ("queryId", "columnId")
    VALUES ('1849', '7');
INSERT INTO "QueryColumnAccess" ("queryId", "columnId")
    VALUES ('1849', '6');
INSERT INTO "QueryTableAccess" ("queryId", "tableId")
    VALUES ('1849', '1');
INSERT INTO "QueryTableAccess" ("queryId", "tableId")
    VALUES ('1849', '5');
SELECT 'Customers.city', 'Publishers.publisher_id' FROM Customers LEFT OUTER JOIN Publishers ON 'Customers.city' = 'Publishers.publisher_id';
INSERT INTO "SqlQuery" ("queryId", "userId", "issuedAt", "finishedAt", "hasError", "errorMessage", "statement", "projectId", "queryTypeId")
    VALUES ('1850', '12', '2023-06-12 22:07:11.414686', '2023-06-12 22:07:13.414686', 'False', 'None', 'SELECT Customers.city, Publishers.publisher_id FROM Customers LEFT OUTER JOIN Publishers ON Customers.city = Publishers.publisher_id;', '3', '1');
INSERT INTO "QueryColumnAccess" ("queryId", "columnId")
    VALUES ('1850', '7');
INSERT INTO "QueryColumnAccess" ("queryId", "columnId")
    VALUES ('1850', '1');
INSERT INTO "QueryTableAccess" ("queryId", "tableId")
    VALUES ('1850', '4');
INSERT INTO "QueryTableAccess" ("queryId", "tableId")
    VALUES ('1850', '3');
SELECT 'Publishers.publisher_name', 'Authors.country' FROM Publishers RIGHT OUTER JOIN Authors ON 'Publishers.publisher_name' = 'Authors.country';
INSERT INTO "SqlQuery" ("queryId", "userId", "issuedAt", "finishedAt", "hasError", "errorMessage", "statement", "projectId", "queryTypeId")
    VALUES ('1851', '4', '2023-04-24 22:07:11.414702', '2023-04-24 22:07:14.414702', 'False', 'None', 'SELECT Publishers.publisher_name, Authors.country FROM Publishers RIGHT OUTER JOIN Authors ON Publishers.publisher_name = Authors.country;', '3', '1');
INSERT INTO "QueryColumnAccess" ("queryId", "columnId")
    VALUES ('1851', '2');
INSERT INTO "QueryColumnAccess" ("queryId", "columnId")
    VALUES ('1851', '5');
INSERT INTO "QueryTableAccess" ("queryId", "tableId")
    VALUES ('1851', '3');
INSERT INTO "QueryTableAccess" ("queryId", "tableId")
    VALUES ('1851', '2');
SELECT 'Authors.first_name', 'Publishers.website' FROM Authors RIGHT OUTER JOIN Publishers ON 'Authors.first_name' = 'Publishers.website';
INSERT INTO "SqlQuery" ("queryId", "userId", "issuedAt", "finishedAt", "hasError", "errorMessage", "statement", "projectId", "queryTypeId")
    VALUES ('1852', '3', '2023-05-03 22:07:11.414710', '2023-05-03 22:07:13.414710', 'False', 'None', 'SELECT Authors.first_name, Publishers.website FROM Authors RIGHT OUTER JOIN Publishers ON Authors.first_name = Publishers.website;', '3', '1');
INSERT INTO "QueryColumnAccess" ("queryId", "columnId")
    VALUES ('1852', '2');
INSERT INTO "QueryColumnAccess" ("queryId", "columnId")
    VALUES ('1852', '5');
INSERT INTO "QueryTableAccess" ("queryId", "tableId")
    VALUES ('1852', '2');
INSERT INTO "QueryTableAccess" ("queryId", "tableId")
    VALUES ('1852', '3');
SELECT 'Customers.last_name', 'Orders.shipping_city' FROM Customers RIGHT OUTER JOIN Orders ON 'Customers.last_name' = 'Orders.shipping_city';
INSERT INTO "SqlQuery" ("queryId", "userId", "issuedAt", "finishedAt", "hasError", "errorMessage", "statement", "projectId", "queryTypeId")
    VALUES ('1853', '7', '2023-06-16 22:07:11.414719', '2023-06-16 22:07:15.414719', 'False', 'None', 'SELECT Customers.last_name, Orders.shipping_city FROM Customers RIGHT OUTER JOIN Orders ON Customers.last_name = Orders.shipping_city;', '3', '1');
INSERT INTO "QueryColumnAccess" ("queryId", "columnId")
    VALUES ('1853', '3');
INSERT INTO "QueryColumnAccess" ("queryId", "columnId")
    VALUES ('1853', '7');
INSERT INTO "QueryTableAccess" ("queryId", "tableId")
    VALUES ('1853', '4');
INSERT INTO "QueryTableAccess" ("queryId", "tableId")
    VALUES ('1853', '5');
SELECT 'Books.category_id', 'Orders.shipping_country' FROM Books RIGHT OUTER JOIN Orders ON 'Books.category_id' = 'Orders.shipping_country';
INSERT INTO "SqlQuery" ("queryId", "userId", "issuedAt", "finishedAt", "hasError", "errorMessage", "statement", "projectId", "queryTypeId")
    VALUES ('1854', '6', '2023-06-27 22:07:11.414728', '2023-06-27 22:07:12.414728', 'False', 'None', 'SELECT Books.category_id, Orders.shipping_country FROM Books RIGHT OUTER JOIN Orders ON Books.category_id = Orders.shipping_country;', '3', '1');
INSERT INTO "QueryColumnAccess" ("queryId", "columnId")
    VALUES ('1854', '7');
INSERT INTO "QueryColumnAccess" ("queryId", "columnId")
    VALUES ('1854', '10');
INSERT INTO "QueryTableAccess" ("queryId", "tableId")
    VALUES ('1854', '1');
INSERT INTO "QueryTableAccess" ("queryId", "tableId")
    VALUES ('1854', '5');
SELECT 'Books.title', 'Authors.birth_date' FROM Books NATURAL JOIN Authors ON 'Books.title' = 'Authors.birth_date';
INSERT INTO "SqlQuery" ("queryId", "userId", "issuedAt", "finishedAt", "hasError", "errorMessage", "statement", "projectId", "queryTypeId")
    VALUES ('1855', '8', '2023-05-01 22:07:11.414736', '2023-05-01 22:07:12.414736', 'False', 'None', 'SELECT Books.title, Authors.birth_date FROM Books NATURAL JOIN Authors ON Books.title = Authors.birth_date;', '3', '1');
INSERT INTO "QueryColumnAccess" ("queryId", "columnId")
    VALUES ('1855', '2');
INSERT INTO "QueryColumnAccess" ("queryId", "columnId")
    VALUES ('1855', '4');
INSERT INTO "QueryTableAccess" ("queryId", "tableId")
    VALUES ('1855', '1');
INSERT INTO "QueryTableAccess" ("queryId", "tableId")
    VALUES ('1855', '2');
SELECT 'Publishers.country', 'Authors.author_id' FROM Publishers NATURAL JOIN Authors ON 'Publishers.country' = 'Authors.author_id';
INSERT INTO "SqlQuery" ("queryId", "userId", "issuedAt", "finishedAt", "hasError", "errorMessage", "statement", "projectId", "queryTypeId")
    VALUES ('1856', '7', '2023-07-10 22:07:11.414745', '2023-07-10 22:07:12.414745', 'False', 'None', 'SELECT Publishers.country, Authors.author_id FROM Publishers NATURAL JOIN Authors ON Publishers.country = Authors.author_id;', '3', '1');
INSERT INTO "QueryColumnAccess" ("queryId", "columnId")
    VALUES ('1856', '4');
INSERT INTO "QueryColumnAccess" ("queryId", "columnId")
    VALUES ('1856', '1');
INSERT INTO "QueryTableAccess" ("queryId", "tableId")
    VALUES ('1856', '3');
INSERT INTO "QueryTableAccess" ("queryId", "tableId")
    VALUES ('1856', '2');
SELECT 'Orders.total_amount', 'Customers.zip_code' FROM Orders RIGHT OUTER JOIN Customers ON 'Orders.total_amount' = 'Customers.zip_code';
INSERT INTO "SqlQuery" ("queryId", "userId", "issuedAt", "finishedAt", "hasError", "errorMessage", "statement", "projectId", "queryTypeId")
    VALUES ('1857', '5', '2023-05-25 22:07:11.414754', '2023-05-25 22:07:12.414754', 'False', 'None', 'SELECT Orders.total_amount, Customers.zip_code FROM Orders RIGHT OUTER JOIN Customers ON Orders.total_amount = Customers.zip_code;', '3', '1');
INSERT INTO "QueryColumnAccess" ("queryId", "columnId")
    VALUES ('1857', '4');
INSERT INTO "QueryColumnAccess" ("queryId", "columnId")
    VALUES ('1857', '9');
INSERT INTO "QueryTableAccess" ("queryId", "tableId")
    VALUES ('1857', '5');
INSERT INTO "QueryTableAccess" ("queryId", "tableId")
    VALUES ('1857', '4');
SELECT 'Books.publisher', 'Orders.customer_id' FROM Books NATURAL JOIN Orders ON 'Books.publisher' = 'Orders.customer_id';
INSERT INTO "SqlQuery" ("queryId", "userId", "issuedAt", "finishedAt", "hasError", "errorMessage", "statement", "projectId", "queryTypeId")
    VALUES ('1858', '14', '2023-07-06 22:07:11.414763', '2023-07-06 22:07:14.414763', 'False', 'None', 'SELECT Books.publisher, Orders.customer_id FROM Books NATURAL JOIN Orders ON Books.publisher = Orders.customer_id;', '3', '1');
INSERT INTO "QueryColumnAccess" ("queryId", "columnId")
    VALUES ('1858', '5');
INSERT INTO "QueryColumnAccess" ("queryId", "columnId")
    VALUES ('1858', '2');
INSERT INTO "QueryTableAccess" ("queryId", "tableId")
    VALUES ('1858', '1');
INSERT INTO "QueryTableAccess" ("queryId", "tableId")
    VALUES ('1858', '5');
SELECT 'Customers.last_name', 'Orders.shipping_country' FROM Customers LEFT OUTER JOIN Orders ON 'Customers.last_name' = 'Orders.shipping_country';
INSERT INTO "SqlQuery" ("queryId", "userId", "issuedAt", "finishedAt", "hasError", "errorMessage", "statement", "projectId", "queryTypeId")
    VALUES ('1859', '4', '2023-05-20 22:07:11.414772', '2023-05-20 22:07:12.414772', 'False', 'None', 'SELECT Customers.last_name, Orders.shipping_country FROM Customers LEFT OUTER JOIN Orders ON Customers.last_name = Orders.shipping_country;', '3', '1');
INSERT INTO "QueryColumnAccess" ("queryId", "columnId")
    VALUES ('1859', '3');
INSERT INTO "QueryColumnAccess" ("queryId", "columnId")
    VALUES ('1859', '10');
INSERT INTO "QueryTableAccess" ("queryId", "tableId")
    VALUES ('1859', '4');
INSERT INTO "QueryTableAccess" ("queryId", "tableId")
    VALUES ('1859', '5');
SELECT 'Books.category_id', 'Publishers.publisher_name' FROM Books NATURAL JOIN Publishers ON 'Books.category_id' = 'Publishers.publisher_name';
INSERT INTO "SqlQuery" ("queryId", "userId", "issuedAt", "finishedAt", "hasError", "errorMessage", "statement", "projectId", "queryTypeId")
    VALUES ('1860', '6', '2023-06-09 22:07:11.414788', '2023-06-09 22:07:15.414788', 'False', 'None', 'SELECT Books.category_id, Publishers.publisher_name FROM Books NATURAL JOIN Publishers ON Books.category_id = Publishers.publisher_name;', '3', '1');
INSERT INTO "QueryColumnAccess" ("queryId", "columnId")
    VALUES ('1860', '7');
INSERT INTO "QueryColumnAccess" ("queryId", "columnId")
    VALUES ('1860', '2');
INSERT INTO "QueryTableAccess" ("queryId", "tableId")
    VALUES ('1860', '1');
INSERT INTO "QueryTableAccess" ("queryId", "tableId")
    VALUES ('1860', '3');
SELECT 'Publishers.established_date', 'Orders.shipping_country' FROM Publishers RIGHT OUTER JOIN Orders ON 'Publishers.established_date' = 'Orders.shipping_country';
INSERT INTO "SqlQuery" ("queryId", "userId", "issuedAt", "finishedAt", "hasError", "errorMessage", "statement", "projectId", "queryTypeId")
    VALUES ('1861', '5', '2023-05-11 22:07:11.414797', '2023-05-11 22:07:15.414797', 'False', 'None', 'SELECT Publishers.established_date, Orders.shipping_country FROM Publishers RIGHT OUTER JOIN Orders ON Publishers.established_date = Orders.shipping_country;', '3', '1');
INSERT INTO "QueryColumnAccess" ("queryId", "columnId")
    VALUES ('1861', '3');
INSERT INTO "QueryColumnAccess" ("queryId", "columnId")
    VALUES ('1861', '10');
INSERT INTO "QueryTableAccess" ("queryId", "tableId")
    VALUES ('1861', '3');
INSERT INTO "QueryTableAccess" ("queryId", "tableId")
    VALUES ('1861', '5');
SELECT 'Publishers.website', 'Orders.status' FROM Publishers RIGHT OUTER JOIN Orders ON 'Publishers.website' = 'Orders.status';
INSERT INTO "SqlQuery" ("queryId", "userId", "issuedAt", "finishedAt", "hasError", "errorMessage", "statement", "projectId", "queryTypeId")
    VALUES ('1862', '9', '2023-07-03 22:07:11.414805', '2023-07-03 22:07:14.414805', 'False', 'None', 'SELECT Publishers.website, Orders.status FROM Publishers RIGHT OUTER JOIN Orders ON Publishers.website = Orders.status;', '3', '1');
INSERT INTO "QueryColumnAccess" ("queryId", "columnId")
    VALUES ('1862', '5');
INSERT INTO "QueryColumnAccess" ("queryId", "columnId")
    VALUES ('1862', '5');
INSERT INTO "QueryTableAccess" ("queryId", "tableId")
    VALUES ('1862', '3');
INSERT INTO "QueryTableAccess" ("queryId", "tableId")
    VALUES ('1862', '5');
SELECT 'Books.publication_date', 'Customers.customer_id' FROM Books LEFT OUTER JOIN Customers ON 'Books.publication_date' = 'Customers.customer_id';
INSERT INTO "SqlQuery" ("queryId", "userId", "issuedAt", "finishedAt", "hasError", "errorMessage", "statement", "projectId", "queryTypeId")
    VALUES ('1863', '1', '2023-05-06 22:07:11.414814', '2023-05-06 22:07:13.414814', 'False', 'None', 'SELECT Books.publication_date, Customers.customer_id FROM Books LEFT OUTER JOIN Customers ON Books.publication_date = Customers.customer_id;', '3', '1');
INSERT INTO "QueryColumnAccess" ("queryId", "columnId")
    VALUES ('1863', '4');
INSERT INTO "QueryColumnAccess" ("queryId", "columnId")
    VALUES ('1863', '1');
INSERT INTO "QueryTableAccess" ("queryId", "tableId")
    VALUES ('1863', '1');
INSERT INTO "QueryTableAccess" ("queryId", "tableId")
    VALUES ('1863', '4');
SELECT 'Authors.author_id', 'Publishers.website' FROM Authors RIGHT OUTER JOIN Publishers ON 'Authors.author_id' = 'Publishers.website';
INSERT INTO "SqlQuery" ("queryId", "userId", "issuedAt", "finishedAt", "hasError", "errorMessage", "statement", "projectId", "queryTypeId")
    VALUES ('1864', '1', '2023-05-24 22:07:11.414823', '2023-05-24 22:07:15.414823', 'False', 'None', 'SELECT Authors.author_id, Publishers.website FROM Authors RIGHT OUTER JOIN Publishers ON Authors.author_id = Publishers.website;', '3', '1');
INSERT INTO "QueryColumnAccess" ("queryId", "columnId")
    VALUES ('1864', '1');
INSERT INTO "QueryColumnAccess" ("queryId", "columnId")
    VALUES ('1864', '5');
INSERT INTO "QueryTableAccess" ("queryId", "tableId")
    VALUES ('1864', '2');
INSERT INTO "QueryTableAccess" ("queryId", "tableId")
    VALUES ('1864', '3');
SELECT 'Books.category_id', 'Publishers.publisher_name' FROM Books RIGHT OUTER JOIN Publishers ON 'Books.category_id' = 'Publishers.publisher_name';
INSERT INTO "SqlQuery" ("queryId", "userId", "issuedAt", "finishedAt", "hasError", "errorMessage", "statement", "projectId", "queryTypeId")
    VALUES ('1865', '9', '2023-07-03 22:07:11.414832', '2023-07-03 22:07:12.414832', 'False', 'None', 'SELECT Books.category_id, Publishers.publisher_name FROM Books RIGHT OUTER JOIN Publishers ON Books.category_id = Publishers.publisher_name;', '3', '1');
INSERT INTO "QueryColumnAccess" ("queryId", "columnId")
    VALUES ('1865', '7');
INSERT INTO "QueryColumnAccess" ("queryId", "columnId")
    VALUES ('1865', '2');
INSERT INTO "QueryTableAccess" ("queryId", "tableId")
    VALUES ('1865', '1');
INSERT INTO "QueryTableAccess" ("queryId", "tableId")
    VALUES ('1865', '3');
SELECT 'Customers.address', 'Authors.last_name' FROM Customers NATURAL JOIN Authors ON 'Customers.address' = 'Authors.last_name';
INSERT INTO "SqlQuery" ("queryId", "userId", "issuedAt", "finishedAt", "hasError", "errorMessage", "statement", "projectId", "queryTypeId")
    VALUES ('1866', '9', '2023-04-21 22:07:11.414840', '2023-04-21 22:07:14.414840', 'False', 'None', 'SELECT Customers.address, Authors.last_name FROM Customers NATURAL JOIN Authors ON Customers.address = Authors.last_name;', '3', '1');
INSERT INTO "QueryColumnAccess" ("queryId", "columnId")
    VALUES ('1866', '6');
INSERT INTO "QueryColumnAccess" ("queryId", "columnId")
    VALUES ('1866', '3');
INSERT INTO "QueryTableAccess" ("queryId", "tableId")
    VALUES ('1866', '4');
INSERT INTO "QueryTableAccess" ("queryId", "tableId")
    VALUES ('1866', '2');
SELECT 'Customers.email', 'Authors.country' FROM Customers RIGHT OUTER JOIN Authors ON 'Customers.email' = 'Authors.country';
INSERT INTO "SqlQuery" ("queryId", "userId", "issuedAt", "finishedAt", "hasError", "errorMessage", "statement", "projectId", "queryTypeId")
    VALUES ('1867', '4', '2023-05-15 22:07:11.414849', '2023-05-15 22:07:13.414849', 'False', 'None', 'SELECT Customers.email, Authors.country FROM Customers RIGHT OUTER JOIN Authors ON Customers.email = Authors.country;', '3', '1');
INSERT INTO "QueryColumnAccess" ("queryId", "columnId")
    VALUES ('1867', '4');
INSERT INTO "QueryColumnAccess" ("queryId", "columnId")
    VALUES ('1867', '5');
INSERT INTO "QueryTableAccess" ("queryId", "tableId")
    VALUES ('1867', '4');
INSERT INTO "QueryTableAccess" ("queryId", "tableId")
    VALUES ('1867', '2');
SELECT 'Customers.email', 'Publishers.publisher_id' FROM Customers LEFT OUTER JOIN Publishers ON 'Customers.email' = 'Publishers.publisher_id';
INSERT INTO "SqlQuery" ("queryId", "userId", "issuedAt", "finishedAt", "hasError", "errorMessage", "statement", "projectId", "queryTypeId")
    VALUES ('1868', '6', '2023-06-11 22:07:11.414858', '2023-06-11 22:07:13.414858', 'False', 'None', 'SELECT Customers.email, Publishers.publisher_id FROM Customers LEFT OUTER JOIN Publishers ON Customers.email = Publishers.publisher_id;', '3', '1');
INSERT INTO "QueryColumnAccess" ("queryId", "columnId")
    VALUES ('1868', '4');
INSERT INTO "QueryColumnAccess" ("queryId", "columnId")
    VALUES ('1868', '1');
INSERT INTO "QueryTableAccess" ("queryId", "tableId")
    VALUES ('1868', '4');
INSERT INTO "QueryTableAccess" ("queryId", "tableId")
    VALUES ('1868', '3');
SELECT 'Customers.zip_code', 'Books.author' FROM Customers NATURAL JOIN Books ON 'Customers.zip_code' = 'Books.author';
INSERT INTO "SqlQuery" ("queryId", "userId", "issuedAt", "finishedAt", "hasError", "errorMessage", "statement", "projectId", "queryTypeId")
    VALUES ('1869', '10', '2023-06-17 22:07:11.414873', '2023-06-17 22:07:12.414873', 'False', 'None', 'SELECT Customers.zip_code, Books.author FROM Customers NATURAL JOIN Books ON Customers.zip_code = Books.author;', '3', '1');
INSERT INTO "QueryColumnAccess" ("queryId", "columnId")
    VALUES ('1869', '9');
INSERT INTO "QueryColumnAccess" ("queryId", "columnId")
    VALUES ('1869', '3');
INSERT INTO "QueryTableAccess" ("queryId", "tableId")
    VALUES ('1869', '4');
INSERT INTO "QueryTableAccess" ("queryId", "tableId")
    VALUES ('1869', '1');
SELECT 'Books.author', 'Publishers.country' FROM Books LEFT OUTER JOIN Publishers ON 'Books.author' = 'Publishers.country';
INSERT INTO "SqlQuery" ("queryId", "userId", "issuedAt", "finishedAt", "hasError", "errorMessage", "statement", "projectId", "queryTypeId")
    VALUES ('1870', '13', '2023-06-04 22:07:11.414883', '2023-06-04 22:07:14.414883', 'False', 'None', 'SELECT Books.author, Publishers.country FROM Books LEFT OUTER JOIN Publishers ON Books.author = Publishers.country;', '3', '1');
INSERT INTO "QueryColumnAccess" ("queryId", "columnId")
    VALUES ('1870', '3');
INSERT INTO "QueryColumnAccess" ("queryId", "columnId")
    VALUES ('1870', '4');
INSERT INTO "QueryTableAccess" ("queryId", "tableId")
    VALUES ('1870', '1');
INSERT INTO "QueryTableAccess" ("queryId", "tableId")
    VALUES ('1870', '3');
SELECT 'Customers.state', 'Books.book_id' FROM Customers NATURAL JOIN Books ON 'Customers.state' = 'Books.book_id';
INSERT INTO "SqlQuery" ("queryId", "userId", "issuedAt", "finishedAt", "hasError", "errorMessage", "statement", "projectId", "queryTypeId")
    VALUES ('1871', '10', '2023-06-24 22:07:11.414891', '2023-06-24 22:07:15.414891', 'False', 'None', 'SELECT Customers.state, Books.book_id FROM Customers NATURAL JOIN Books ON Customers.state = Books.book_id;', '3', '1');
INSERT INTO "QueryColumnAccess" ("queryId", "columnId")
    VALUES ('1871', '8');
INSERT INTO "QueryColumnAccess" ("queryId", "columnId")
    VALUES ('1871', '1');
INSERT INTO "QueryTableAccess" ("queryId", "tableId")
    VALUES ('1871', '4');
INSERT INTO "QueryTableAccess" ("queryId", "tableId")
    VALUES ('1871', '1');
SELECT 'Authors.last_name', 'Customers.last_name' FROM Authors RIGHT OUTER JOIN Customers ON 'Authors.last_name' = 'Customers.last_name';
INSERT INTO "SqlQuery" ("queryId", "userId", "issuedAt", "finishedAt", "hasError", "errorMessage", "statement", "projectId", "queryTypeId")
    VALUES ('1872', '3', '2023-04-29 22:07:11.414900', '2023-04-29 22:07:12.414900', 'False', 'None', 'SELECT Authors.last_name, Customers.last_name FROM Authors RIGHT OUTER JOIN Customers ON Authors.last_name = Customers.last_name;', '3', '1');
INSERT INTO "QueryColumnAccess" ("queryId", "columnId")
    VALUES ('1872', '3');
INSERT INTO "QueryColumnAccess" ("queryId", "columnId")
    VALUES ('1872', '3');
INSERT INTO "QueryTableAccess" ("queryId", "tableId")
    VALUES ('1872', '2');
INSERT INTO "QueryTableAccess" ("queryId", "tableId")
    VALUES ('1872', '4');
SELECT 'Publishers.country', 'Customers.zip_code' FROM Publishers NATURAL JOIN Customers ON 'Publishers.country' = 'Customers.zip_code';
INSERT INTO "SqlQuery" ("queryId", "userId", "issuedAt", "finishedAt", "hasError", "errorMessage", "statement", "projectId", "queryTypeId")
    VALUES ('1873', '2', '2023-04-30 22:07:11.414909', '2023-04-30 22:07:13.414909', 'False', 'None', 'SELECT Publishers.country, Customers.zip_code FROM Publishers NATURAL JOIN Customers ON Publishers.country = Customers.zip_code;', '3', '1');
INSERT INTO "QueryColumnAccess" ("queryId", "columnId")
    VALUES ('1873', '4');
INSERT INTO "QueryColumnAccess" ("queryId", "columnId")
    VALUES ('1873', '9');
INSERT INTO "QueryTableAccess" ("queryId", "tableId")
    VALUES ('1873', '3');
INSERT INTO "QueryTableAccess" ("queryId", "tableId")
    VALUES ('1873', '4');
SELECT 'Publishers.country', 'Customers.email' FROM Publishers LEFT OUTER JOIN Customers ON 'Publishers.country' = 'Customers.email';
INSERT INTO "SqlQuery" ("queryId", "userId", "issuedAt", "finishedAt", "hasError", "errorMessage", "statement", "projectId", "queryTypeId")
    VALUES ('1874', '8', '2023-06-10 22:07:11.414918', '2023-06-10 22:07:12.414918', 'False', 'None', 'SELECT Publishers.country, Customers.email FROM Publishers LEFT OUTER JOIN Customers ON Publishers.country = Customers.email;', '3', '1');
INSERT INTO "QueryColumnAccess" ("queryId", "columnId")
    VALUES ('1874', '4');
INSERT INTO "QueryColumnAccess" ("queryId", "columnId")
    VALUES ('1874', '4');
INSERT INTO "QueryTableAccess" ("queryId", "tableId")
    VALUES ('1874', '3');
INSERT INTO "QueryTableAccess" ("queryId", "tableId")
    VALUES ('1874', '4');
SELECT 'Publishers.established_date', 'Customers.city' FROM Publishers LEFT OUTER JOIN Customers ON 'Publishers.established_date' = 'Customers.city';
INSERT INTO "SqlQuery" ("queryId", "userId", "issuedAt", "finishedAt", "hasError", "errorMessage", "statement", "projectId", "queryTypeId")
    VALUES ('1875', '7', '2023-05-26 22:07:11.414927', '2023-05-26 22:07:13.414927', 'False', 'None', 'SELECT Publishers.established_date, Customers.city FROM Publishers LEFT OUTER JOIN Customers ON Publishers.established_date = Customers.city;', '3', '1');
INSERT INTO "QueryColumnAccess" ("queryId", "columnId")
    VALUES ('1875', '3');
INSERT INTO "QueryColumnAccess" ("queryId", "columnId")
    VALUES ('1875', '7');
INSERT INTO "QueryTableAccess" ("queryId", "tableId")
    VALUES ('1875', '3');
INSERT INTO "QueryTableAccess" ("queryId", "tableId")
    VALUES ('1875', '4');
SELECT 'Books.price', 'Customers.city' FROM Books RIGHT OUTER JOIN Customers ON 'Books.price' = 'Customers.city';
INSERT INTO "SqlQuery" ("queryId", "userId", "issuedAt", "finishedAt", "hasError", "errorMessage", "statement", "projectId", "queryTypeId")
    VALUES ('1876', '2', '2023-05-22 22:07:11.414935', '2023-05-22 22:07:14.414935', 'False', 'None', 'SELECT Books.price, Customers.city FROM Books RIGHT OUTER JOIN Customers ON Books.price = Customers.city;', '3', '1');
INSERT INTO "QueryColumnAccess" ("queryId", "columnId")
    VALUES ('1876', '6');
INSERT INTO "QueryColumnAccess" ("queryId", "columnId")
    VALUES ('1876', '7');
INSERT INTO "QueryTableAccess" ("queryId", "tableId")
    VALUES ('1876', '1');
INSERT INTO "QueryTableAccess" ("queryId", "tableId")
    VALUES ('1876', '4');
SELECT 'Publishers.publisher_name', 'Customers.first_name' FROM Publishers RIGHT OUTER JOIN Customers ON 'Publishers.publisher_name' = 'Customers.first_name';
INSERT INTO "SqlQuery" ("queryId", "userId", "issuedAt", "finishedAt", "hasError", "errorMessage", "statement", "projectId", "queryTypeId")
    VALUES ('1877', '5', '2023-05-27 22:07:11.414944', '2023-05-27 22:07:14.414944', 'False', 'None', 'SELECT Publishers.publisher_name, Customers.first_name FROM Publishers RIGHT OUTER JOIN Customers ON Publishers.publisher_name = Customers.first_name;', '3', '1');
INSERT INTO "QueryColumnAccess" ("queryId", "columnId")
    VALUES ('1877', '2');
INSERT INTO "QueryColumnAccess" ("queryId", "columnId")
    VALUES ('1877', '2');
INSERT INTO "QueryTableAccess" ("queryId", "tableId")
    VALUES ('1877', '3');
INSERT INTO "QueryTableAccess" ("queryId", "tableId")
    VALUES ('1877', '4');
SELECT 'Books.category_id', 'Customers.zip_code' FROM Books NATURAL JOIN Customers ON 'Books.category_id' = 'Customers.zip_code';
INSERT INTO "SqlQuery" ("queryId", "userId", "issuedAt", "finishedAt", "hasError", "errorMessage", "statement", "projectId", "queryTypeId")
    VALUES ('1878', '15', '2023-06-15 22:07:11.414952', '2023-06-15 22:07:14.414952', 'False', 'None', 'SELECT Books.category_id, Customers.zip_code FROM Books NATURAL JOIN Customers ON Books.category_id = Customers.zip_code;', '3', '1');
INSERT INTO "QueryColumnAccess" ("queryId", "columnId")
    VALUES ('1878', '7');
INSERT INTO "QueryColumnAccess" ("queryId", "columnId")
    VALUES ('1878', '9');
INSERT INTO "QueryTableAccess" ("queryId", "tableId")
    VALUES ('1878', '1');
INSERT INTO "QueryTableAccess" ("queryId", "tableId")
    VALUES ('1878', '4');
SELECT 'Publishers.publisher_name', 'Customers.country' FROM Publishers LEFT OUTER JOIN Customers ON 'Publishers.publisher_name' = 'Customers.country';
INSERT INTO "SqlQuery" ("queryId", "userId", "issuedAt", "finishedAt", "hasError", "errorMessage", "statement", "projectId", "queryTypeId")
    VALUES ('1879', '9', '2023-06-04 22:07:11.414964', '2023-06-04 22:07:15.414964', 'False', 'None', 'SELECT Publishers.publisher_name, Customers.country FROM Publishers LEFT OUTER JOIN Customers ON Publishers.publisher_name = Customers.country;', '3', '1');
INSERT INTO "QueryColumnAccess" ("queryId", "columnId")
    VALUES ('1879', '2');
INSERT INTO "QueryColumnAccess" ("queryId", "columnId")
    VALUES ('1879', '10');
INSERT INTO "QueryTableAccess" ("queryId", "tableId")
    VALUES ('1879', '3');
INSERT INTO "QueryTableAccess" ("queryId", "tableId")
    VALUES ('1879', '4');
SELECT 'Books.category_id', 'Orders.status' FROM Books RIGHT OUTER JOIN Orders ON 'Books.category_id' = 'Orders.status';
INSERT INTO "SqlQuery" ("queryId", "userId", "issuedAt", "finishedAt", "hasError", "errorMessage", "statement", "projectId", "queryTypeId")
    VALUES ('1880', '7', '2023-04-30 22:07:11.414973', '2023-04-30 22:07:12.414973', 'False', 'None', 'SELECT Books.category_id, Orders.status FROM Books RIGHT OUTER JOIN Orders ON Books.category_id = Orders.status;', '3', '1');
INSERT INTO "QueryColumnAccess" ("queryId", "columnId")
    VALUES ('1880', '7');
INSERT INTO "QueryColumnAccess" ("queryId", "columnId")
    VALUES ('1880', '5');
INSERT INTO "QueryTableAccess" ("queryId", "tableId")
    VALUES ('1880', '1');
INSERT INTO "QueryTableAccess" ("queryId", "tableId")
    VALUES ('1880', '5');
SELECT 'Publishers.established_date', 'Orders.customer_id' FROM Publishers RIGHT OUTER JOIN Orders ON 'Publishers.established_date' = 'Orders.customer_id';
INSERT INTO "SqlQuery" ("queryId", "userId", "issuedAt", "finishedAt", "hasError", "errorMessage", "statement", "projectId", "queryTypeId")
    VALUES ('1881', '14', '2023-05-02 22:07:11.414982', '2023-05-02 22:07:14.414982', 'False', 'None', 'SELECT Publishers.established_date, Orders.customer_id FROM Publishers RIGHT OUTER JOIN Orders ON Publishers.established_date = Orders.customer_id;', '3', '1');
INSERT INTO "QueryColumnAccess" ("queryId", "columnId")
    VALUES ('1881', '3');
INSERT INTO "QueryColumnAccess" ("queryId", "columnId")
    VALUES ('1881', '2');
INSERT INTO "QueryTableAccess" ("queryId", "tableId")
    VALUES ('1881', '3');
INSERT INTO "QueryTableAccess" ("queryId", "tableId")
    VALUES ('1881', '5');
SELECT 'Books.book_id', 'Customers.zip_code' FROM Books RIGHT OUTER JOIN Customers ON 'Books.book_id' = 'Customers.zip_code';
INSERT INTO "SqlQuery" ("queryId", "userId", "issuedAt", "finishedAt", "hasError", "errorMessage", "statement", "projectId", "queryTypeId")
    VALUES ('1882', '13', '2023-05-25 22:07:11.414990', '2023-05-25 22:07:13.414990', 'False', 'None', 'SELECT Books.book_id, Customers.zip_code FROM Books RIGHT OUTER JOIN Customers ON Books.book_id = Customers.zip_code;', '3', '1');
INSERT INTO "QueryColumnAccess" ("queryId", "columnId")
    VALUES ('1882', '1');
INSERT INTO "QueryColumnAccess" ("queryId", "columnId")
    VALUES ('1882', '9');
INSERT INTO "QueryTableAccess" ("queryId", "tableId")
    VALUES ('1882', '1');
INSERT INTO "QueryTableAccess" ("queryId", "tableId")
    VALUES ('1882', '4');
SELECT 'Books.publisher', 'Customers.customer_id' FROM Books LEFT OUTER JOIN Customers ON 'Books.publisher' = 'Customers.customer_id';
INSERT INTO "SqlQuery" ("queryId", "userId", "issuedAt", "finishedAt", "hasError", "errorMessage", "statement", "projectId", "queryTypeId")
    VALUES ('1883', '7', '2023-04-29 22:07:11.414999', '2023-04-29 22:07:14.414999', 'False', 'None', 'SELECT Books.publisher, Customers.customer_id FROM Books LEFT OUTER JOIN Customers ON Books.publisher = Customers.customer_id;', '3', '1');
INSERT INTO "QueryColumnAccess" ("queryId", "columnId")
    VALUES ('1883', '5');
INSERT INTO "QueryColumnAccess" ("queryId", "columnId")
    VALUES ('1883', '1');
INSERT INTO "QueryTableAccess" ("queryId", "tableId")
    VALUES ('1883', '1');
INSERT INTO "QueryTableAccess" ("queryId", "tableId")
    VALUES ('1883', '4');
SELECT 'Publishers.publisher_id', 'Books.publisher' FROM Publishers LEFT OUTER JOIN Books ON 'Publishers.publisher_id' = 'Books.publisher';
INSERT INTO "SqlQuery" ("queryId", "userId", "issuedAt", "finishedAt", "hasError", "errorMessage", "statement", "projectId", "queryTypeId")
    VALUES ('1884', '14', '2023-05-01 22:07:11.415008', '2023-05-01 22:07:13.415008', 'False', 'None', 'SELECT Publishers.publisher_id, Books.publisher FROM Publishers LEFT OUTER JOIN Books ON Publishers.publisher_id = Books.publisher;', '3', '1');
INSERT INTO "QueryColumnAccess" ("queryId", "columnId")
    VALUES ('1884', '1');
INSERT INTO "QueryColumnAccess" ("queryId", "columnId")
    VALUES ('1884', '5');
INSERT INTO "QueryTableAccess" ("queryId", "tableId")
    VALUES ('1884', '3');
INSERT INTO "QueryTableAccess" ("queryId", "tableId")
    VALUES ('1884', '1');
SELECT 'Publishers.website', 'Orders.shipping_state' FROM Publishers RIGHT OUTER JOIN Orders ON 'Publishers.website' = 'Orders.shipping_state';
INSERT INTO "SqlQuery" ("queryId", "userId", "issuedAt", "finishedAt", "hasError", "errorMessage", "statement", "projectId", "queryTypeId")
    VALUES ('1885', '10', '2023-05-29 22:07:11.415016', '2023-05-29 22:07:14.415016', 'False', 'None', 'SELECT Publishers.website, Orders.shipping_state FROM Publishers RIGHT OUTER JOIN Orders ON Publishers.website = Orders.shipping_state;', '3', '1');
INSERT INTO "QueryColumnAccess" ("queryId", "columnId")
    VALUES ('1885', '5');
INSERT INTO "QueryColumnAccess" ("queryId", "columnId")
    VALUES ('1885', '8');
INSERT INTO "QueryTableAccess" ("queryId", "tableId")
    VALUES ('1885', '3');
INSERT INTO "QueryTableAccess" ("queryId", "tableId")
    VALUES ('1885', '5');
SELECT 'Authors.last_name', 'Customers.zip_code' FROM Authors RIGHT OUTER JOIN Customers ON 'Authors.last_name' = 'Customers.zip_code';
INSERT INTO "SqlQuery" ("queryId", "userId", "issuedAt", "finishedAt", "hasError", "errorMessage", "statement", "projectId", "queryTypeId")
    VALUES ('1886', '11', '2023-07-01 22:07:11.415025', '2023-07-01 22:07:12.415025', 'False', 'None', 'SELECT Authors.last_name, Customers.zip_code FROM Authors RIGHT OUTER JOIN Customers ON Authors.last_name = Customers.zip_code;', '3', '1');
INSERT INTO "QueryColumnAccess" ("queryId", "columnId")
    VALUES ('1886', '3');
INSERT INTO "QueryColumnAccess" ("queryId", "columnId")
    VALUES ('1886', '9');
INSERT INTO "QueryTableAccess" ("queryId", "tableId")
    VALUES ('1886', '2');
INSERT INTO "QueryTableAccess" ("queryId", "tableId")
    VALUES ('1886', '4');
SELECT 'Books.price', 'Authors.last_name' FROM Books RIGHT OUTER JOIN Authors ON 'Books.price' = 'Authors.last_name';
INSERT INTO "SqlQuery" ("queryId", "userId", "issuedAt", "finishedAt", "hasError", "errorMessage", "statement", "projectId", "queryTypeId")
    VALUES ('1887', '15', '2023-06-24 22:07:11.415034', '2023-06-24 22:07:15.415034', 'False', 'None', 'SELECT Books.price, Authors.last_name FROM Books RIGHT OUTER JOIN Authors ON Books.price = Authors.last_name;', '3', '1');
INSERT INTO "QueryColumnAccess" ("queryId", "columnId")
    VALUES ('1887', '6');
INSERT INTO "QueryColumnAccess" ("queryId", "columnId")
    VALUES ('1887', '3');
INSERT INTO "QueryTableAccess" ("queryId", "tableId")
    VALUES ('1887', '1');
INSERT INTO "QueryTableAccess" ("queryId", "tableId")
    VALUES ('1887', '2');
SELECT 'Publishers.website', 'Books.category_id' FROM Publishers NATURAL JOIN Books ON 'Publishers.website' = 'Books.category_id';
INSERT INTO "SqlQuery" ("queryId", "userId", "issuedAt", "finishedAt", "hasError", "errorMessage", "statement", "projectId", "queryTypeId")
    VALUES ('1888', '10', '2023-04-15 22:07:11.415047', '2023-04-15 22:07:12.415047', 'False', 'None', 'SELECT Publishers.website, Books.category_id FROM Publishers NATURAL JOIN Books ON Publishers.website = Books.category_id;', '3', '1');
INSERT INTO "QueryColumnAccess" ("queryId", "columnId")
    VALUES ('1888', '5');
INSERT INTO "QueryColumnAccess" ("queryId", "columnId")
    VALUES ('1888', '7');
INSERT INTO "QueryTableAccess" ("queryId", "tableId")
    VALUES ('1888', '3');
INSERT INTO "QueryTableAccess" ("queryId", "tableId")
    VALUES ('1888', '1');
SELECT 'Orders.shipping_country', 'Publishers.established_date' FROM Orders NATURAL JOIN Publishers ON 'Orders.shipping_country' = 'Publishers.established_date';
INSERT INTO "SqlQuery" ("queryId", "userId", "issuedAt", "finishedAt", "hasError", "errorMessage", "statement", "projectId", "queryTypeId")
    VALUES ('1889', '3', '2023-06-06 22:07:11.415057', '2023-06-06 22:07:12.415057', 'False', 'None', 'SELECT Orders.shipping_country, Publishers.established_date FROM Orders NATURAL JOIN Publishers ON Orders.shipping_country = Publishers.established_date;', '3', '1');
INSERT INTO "QueryColumnAccess" ("queryId", "columnId")
    VALUES ('1889', '10');
INSERT INTO "QueryColumnAccess" ("queryId", "columnId")
    VALUES ('1889', '3');
INSERT INTO "QueryTableAccess" ("queryId", "tableId")
    VALUES ('1889', '5');
INSERT INTO "QueryTableAccess" ("queryId", "tableId")
    VALUES ('1889', '3');
SELECT 'Orders.customer_id', 'Customers.country' FROM Orders RIGHT OUTER JOIN Customers ON 'Orders.customer_id' = 'Customers.country';
INSERT INTO "SqlQuery" ("queryId", "userId", "issuedAt", "finishedAt", "hasError", "errorMessage", "statement", "projectId", "queryTypeId")
    VALUES ('1890', '14', '2023-04-12 22:07:11.415066', '2023-04-12 22:07:13.415066', 'False', 'None', 'SELECT Orders.customer_id, Customers.country FROM Orders RIGHT OUTER JOIN Customers ON Orders.customer_id = Customers.country;', '3', '1');
INSERT INTO "QueryColumnAccess" ("queryId", "columnId")
    VALUES ('1890', '2');
INSERT INTO "QueryColumnAccess" ("queryId", "columnId")
    VALUES ('1890', '10');
INSERT INTO "QueryTableAccess" ("queryId", "tableId")
    VALUES ('1890', '5');
INSERT INTO "QueryTableAccess" ("queryId", "tableId")
    VALUES ('1890', '4');
SELECT 'Orders.shipping_city', 'Authors.last_name' FROM Orders RIGHT OUTER JOIN Authors ON 'Orders.shipping_city' = 'Authors.last_name';
INSERT INTO "SqlQuery" ("queryId", "userId", "issuedAt", "finishedAt", "hasError", "errorMessage", "statement", "projectId", "queryTypeId")
    VALUES ('1891', '2', '2023-04-24 22:07:11.415074', '2023-04-24 22:07:12.415074', 'False', 'None', 'SELECT Orders.shipping_city, Authors.last_name FROM Orders RIGHT OUTER JOIN Authors ON Orders.shipping_city = Authors.last_name;', '3', '1');
INSERT INTO "QueryColumnAccess" ("queryId", "columnId")
    VALUES ('1891', '7');
INSERT INTO "QueryColumnAccess" ("queryId", "columnId")
    VALUES ('1891', '3');
INSERT INTO "QueryTableAccess" ("queryId", "tableId")
    VALUES ('1891', '5');
INSERT INTO "QueryTableAccess" ("queryId", "tableId")
    VALUES ('1891', '2');
SELECT 'Orders.status', 'Books.publication_date' FROM Orders LEFT OUTER JOIN Books ON 'Orders.status' = 'Books.publication_date';
INSERT INTO "SqlQuery" ("queryId", "userId", "issuedAt", "finishedAt", "hasError", "errorMessage", "statement", "projectId", "queryTypeId")
    VALUES ('1892', '4', '2023-04-23 22:07:11.415083', '2023-04-23 22:07:13.415083', 'False', 'None', 'SELECT Orders.status, Books.publication_date FROM Orders LEFT OUTER JOIN Books ON Orders.status = Books.publication_date;', '3', '1');
INSERT INTO "QueryColumnAccess" ("queryId", "columnId")
    VALUES ('1892', '5');
INSERT INTO "QueryColumnAccess" ("queryId", "columnId")
    VALUES ('1892', '4');
INSERT INTO "QueryTableAccess" ("queryId", "tableId")
    VALUES ('1892', '5');
INSERT INTO "QueryTableAccess" ("queryId", "tableId")
    VALUES ('1892', '1');
SELECT 'Publishers.publisher_id', 'Customers.city' FROM Publishers NATURAL JOIN Customers ON 'Publishers.publisher_id' = 'Customers.city';
INSERT INTO "SqlQuery" ("queryId", "userId", "issuedAt", "finishedAt", "hasError", "errorMessage", "statement", "projectId", "queryTypeId")
    VALUES ('1893', '2', '2023-05-14 22:07:11.415092', '2023-05-14 22:07:15.415092', 'False', 'None', 'SELECT Publishers.publisher_id, Customers.city FROM Publishers NATURAL JOIN Customers ON Publishers.publisher_id = Customers.city;', '3', '1');
INSERT INTO "QueryColumnAccess" ("queryId", "columnId")
    VALUES ('1893', '1');
INSERT INTO "QueryColumnAccess" ("queryId", "columnId")
    VALUES ('1893', '7');
INSERT INTO "QueryTableAccess" ("queryId", "tableId")
    VALUES ('1893', '3');
INSERT INTO "QueryTableAccess" ("queryId", "tableId")
    VALUES ('1893', '4');
SELECT 'Orders.shipping_city', 'Customers.last_name' FROM Orders RIGHT OUTER JOIN Customers ON 'Orders.shipping_city' = 'Customers.last_name';
INSERT INTO "SqlQuery" ("queryId", "userId", "issuedAt", "finishedAt", "hasError", "errorMessage", "statement", "projectId", "queryTypeId")
    VALUES ('1894', '11', '2023-06-21 22:07:11.415100', '2023-06-21 22:07:12.415100', 'False', 'None', 'SELECT Orders.shipping_city, Customers.last_name FROM Orders RIGHT OUTER JOIN Customers ON Orders.shipping_city = Customers.last_name;', '3', '1');
INSERT INTO "QueryColumnAccess" ("queryId", "columnId")
    VALUES ('1894', '7');
INSERT INTO "QueryColumnAccess" ("queryId", "columnId")
    VALUES ('1894', '3');
INSERT INTO "QueryTableAccess" ("queryId", "tableId")
    VALUES ('1894', '5');
INSERT INTO "QueryTableAccess" ("queryId", "tableId")
    VALUES ('1894', '4');
SELECT 'Books.publication_date', 'Publishers.country' FROM Books NATURAL JOIN Publishers ON 'Books.publication_date' = 'Publishers.country';
INSERT INTO "SqlQuery" ("queryId", "userId", "issuedAt", "finishedAt", "hasError", "errorMessage", "statement", "projectId", "queryTypeId")
    VALUES ('1895', '15', '2023-04-30 22:07:11.415109', '2023-04-30 22:07:12.415109', 'False', 'None', 'SELECT Books.publication_date, Publishers.country FROM Books NATURAL JOIN Publishers ON Books.publication_date = Publishers.country;', '3', '1');
INSERT INTO "QueryColumnAccess" ("queryId", "columnId")
    VALUES ('1895', '4');
INSERT INTO "QueryColumnAccess" ("queryId", "columnId")
    VALUES ('1895', '4');
INSERT INTO "QueryTableAccess" ("queryId", "tableId")
    VALUES ('1895', '1');
INSERT INTO "QueryTableAccess" ("queryId", "tableId")
    VALUES ('1895', '3');
SELECT 'Books.title', 'Customers.zip_code' FROM Books LEFT OUTER JOIN Customers ON 'Books.title' = 'Customers.zip_code';
INSERT INTO "SqlQuery" ("queryId", "userId", "issuedAt", "finishedAt", "hasError", "errorMessage", "statement", "projectId", "queryTypeId")
    VALUES ('1896', '2', '2023-05-08 22:07:11.415118', '2023-05-08 22:07:13.415118', 'False', 'None', 'SELECT Books.title, Customers.zip_code FROM Books LEFT OUTER JOIN Customers ON Books.title = Customers.zip_code;', '3', '1');
INSERT INTO "QueryColumnAccess" ("queryId", "columnId")
    VALUES ('1896', '2');
INSERT INTO "QueryColumnAccess" ("queryId", "columnId")
    VALUES ('1896', '9');
INSERT INTO "QueryTableAccess" ("queryId", "tableId")
    VALUES ('1896', '1');
INSERT INTO "QueryTableAccess" ("queryId", "tableId")
    VALUES ('1896', '4');
SELECT 'Orders.shipping_state', 'Publishers.established_date' FROM Orders LEFT OUTER JOIN Publishers ON 'Orders.shipping_state' = 'Publishers.established_date';
INSERT INTO "SqlQuery" ("queryId", "userId", "issuedAt", "finishedAt", "hasError", "errorMessage", "statement", "projectId", "queryTypeId")
    VALUES ('1897', '10', '2023-04-26 22:07:11.415126', '2023-04-26 22:07:12.415126', 'False', 'None', 'SELECT Orders.shipping_state, Publishers.established_date FROM Orders LEFT OUTER JOIN Publishers ON Orders.shipping_state = Publishers.established_date;', '3', '1');
INSERT INTO "QueryColumnAccess" ("queryId", "columnId")
    VALUES ('1897', '8');
INSERT INTO "QueryColumnAccess" ("queryId", "columnId")
    VALUES ('1897', '3');
INSERT INTO "QueryTableAccess" ("queryId", "tableId")
    VALUES ('1897', '5');
INSERT INTO "QueryTableAccess" ("queryId", "tableId")
    VALUES ('1897', '3');
SELECT 'Books.book_id', 'Customers.state' FROM Books LEFT OUTER JOIN Customers ON 'Books.book_id' = 'Customers.state';
INSERT INTO "SqlQuery" ("queryId", "userId", "issuedAt", "finishedAt", "hasError", "errorMessage", "statement", "projectId", "queryTypeId")
    VALUES ('1898', '1', '2023-06-24 22:07:11.415138', '2023-06-24 22:07:13.415138', 'False', 'None', 'SELECT Books.book_id, Customers.state FROM Books LEFT OUTER JOIN Customers ON Books.book_id = Customers.state;', '3', '1');
INSERT INTO "QueryColumnAccess" ("queryId", "columnId")
    VALUES ('1898', '1');
INSERT INTO "QueryColumnAccess" ("queryId", "columnId")
    VALUES ('1898', '8');
INSERT INTO "QueryTableAccess" ("queryId", "tableId")
    VALUES ('1898', '1');
INSERT INTO "QueryTableAccess" ("queryId", "tableId")
    VALUES ('1898', '4');
SELECT 'Orders.status', 'Books.author' FROM Orders NATURAL JOIN Books ON 'Orders.status' = 'Books.author';
INSERT INTO "SqlQuery" ("queryId", "userId", "issuedAt", "finishedAt", "hasError", "errorMessage", "statement", "projectId", "queryTypeId")
    VALUES ('1899', '3', '2023-05-25 22:07:11.415148', '2023-05-25 22:07:15.415148', 'False', 'None', 'SELECT Orders.status, Books.author FROM Orders NATURAL JOIN Books ON Orders.status = Books.author;', '3', '1');
INSERT INTO "QueryColumnAccess" ("queryId", "columnId")
    VALUES ('1899', '5');
INSERT INTO "QueryColumnAccess" ("queryId", "columnId")
    VALUES ('1899', '3');
INSERT INTO "QueryTableAccess" ("queryId", "tableId")
    VALUES ('1899', '5');
INSERT INTO "QueryTableAccess" ("queryId", "tableId")
    VALUES ('1899', '1');
SELECT 'Orders.order_id', 'Publishers.website' FROM Orders RIGHT OUTER JOIN Publishers ON 'Orders.order_id' = 'Publishers.website';
INSERT INTO "SqlQuery" ("queryId", "userId", "issuedAt", "finishedAt", "hasError", "errorMessage", "statement", "projectId", "queryTypeId")
    VALUES ('1900', '12', '2023-06-05 22:07:11.415157', '2023-06-05 22:07:12.415157', 'False', 'None', 'SELECT Orders.order_id, Publishers.website FROM Orders RIGHT OUTER JOIN Publishers ON Orders.order_id = Publishers.website;', '3', '1');
INSERT INTO "QueryColumnAccess" ("queryId", "columnId")
    VALUES ('1900', '1');
INSERT INTO "QueryColumnAccess" ("queryId", "columnId")
    VALUES ('1900', '5');
INSERT INTO "QueryTableAccess" ("queryId", "tableId")
    VALUES ('1900', '5');
INSERT INTO "QueryTableAccess" ("queryId", "tableId")
    VALUES ('1900', '3');
SELECT 'Publishers.established_date', 'Orders.shipping_address' FROM Publishers LEFT OUTER JOIN Orders ON 'Publishers.established_date' = 'Orders.shipping_address';
INSERT INTO "SqlQuery" ("queryId", "userId", "issuedAt", "finishedAt", "hasError", "errorMessage", "statement", "projectId", "queryTypeId")
    VALUES ('1901', '13', '2023-06-17 22:07:11.415165', '2023-06-17 22:07:15.415165', 'False', 'None', 'SELECT Publishers.established_date, Orders.shipping_address FROM Publishers LEFT OUTER JOIN Orders ON Publishers.established_date = Orders.shipping_address;', '3', '1');
INSERT INTO "QueryColumnAccess" ("queryId", "columnId")
    VALUES ('1901', '3');
INSERT INTO "QueryColumnAccess" ("queryId", "columnId")
    VALUES ('1901', '6');
INSERT INTO "QueryTableAccess" ("queryId", "tableId")
    VALUES ('1901', '3');
INSERT INTO "QueryTableAccess" ("queryId", "tableId")
    VALUES ('1901', '5');
SELECT 'Books.book_id', 'Authors.country' FROM Books RIGHT OUTER JOIN Authors ON 'Books.book_id' = 'Authors.country';
INSERT INTO "SqlQuery" ("queryId", "userId", "issuedAt", "finishedAt", "hasError", "errorMessage", "statement", "projectId", "queryTypeId")
    VALUES ('1902', '2', '2023-04-16 22:07:11.415174', '2023-04-16 22:07:15.415174', 'False', 'None', 'SELECT Books.book_id, Authors.country FROM Books RIGHT OUTER JOIN Authors ON Books.book_id = Authors.country;', '3', '1');
INSERT INTO "QueryColumnAccess" ("queryId", "columnId")
    VALUES ('1902', '1');
INSERT INTO "QueryColumnAccess" ("queryId", "columnId")
    VALUES ('1902', '5');
INSERT INTO "QueryTableAccess" ("queryId", "tableId")
    VALUES ('1902', '1');
INSERT INTO "QueryTableAccess" ("queryId", "tableId")
    VALUES ('1902', '2');
SELECT 'Books.author', 'Publishers.established_date' FROM Books NATURAL JOIN Publishers ON 'Books.author' = 'Publishers.established_date';
INSERT INTO "SqlQuery" ("queryId", "userId", "issuedAt", "finishedAt", "hasError", "errorMessage", "statement", "projectId", "queryTypeId")
    VALUES ('1903', '11', '2023-06-03 22:07:11.415183', '2023-06-03 22:07:13.415183', 'False', 'None', 'SELECT Books.author, Publishers.established_date FROM Books NATURAL JOIN Publishers ON Books.author = Publishers.established_date;', '3', '1');
INSERT INTO "QueryColumnAccess" ("queryId", "columnId")
    VALUES ('1903', '3');
INSERT INTO "QueryColumnAccess" ("queryId", "columnId")
    VALUES ('1903', '3');
INSERT INTO "QueryTableAccess" ("queryId", "tableId")
    VALUES ('1903', '1');
INSERT INTO "QueryTableAccess" ("queryId", "tableId")
    VALUES ('1903', '3');
SELECT 'Authors.last_name', 'Customers.country' FROM Authors LEFT OUTER JOIN Customers ON 'Authors.last_name' = 'Customers.country';
INSERT INTO "SqlQuery" ("queryId", "userId", "issuedAt", "finishedAt", "hasError", "errorMessage", "statement", "projectId", "queryTypeId")
    VALUES ('1904', '15', '2023-06-08 22:07:11.415198', '2023-06-08 22:07:13.415198', 'False', 'None', 'SELECT Authors.last_name, Customers.country FROM Authors LEFT OUTER JOIN Customers ON Authors.last_name = Customers.country;', '3', '1');
INSERT INTO "QueryColumnAccess" ("queryId", "columnId")
    VALUES ('1904', '3');
INSERT INTO "QueryColumnAccess" ("queryId", "columnId")
    VALUES ('1904', '10');
INSERT INTO "QueryTableAccess" ("queryId", "tableId")
    VALUES ('1904', '2');
INSERT INTO "QueryTableAccess" ("queryId", "tableId")
    VALUES ('1904', '4');
SELECT 'Authors.country', 'Books.title' FROM Authors LEFT OUTER JOIN Books ON 'Authors.country' = 'Books.title';
INSERT INTO "SqlQuery" ("queryId", "userId", "issuedAt", "finishedAt", "hasError", "errorMessage", "statement", "projectId", "queryTypeId")
    VALUES ('1905', '6', '2023-06-17 22:07:11.415207', '2023-06-17 22:07:15.415207', 'False', 'None', 'SELECT Authors.country, Books.title FROM Authors LEFT OUTER JOIN Books ON Authors.country = Books.title;', '3', '1');
INSERT INTO "QueryColumnAccess" ("queryId", "columnId")
    VALUES ('1905', '5');
INSERT INTO "QueryColumnAccess" ("queryId", "columnId")
    VALUES ('1905', '2');
INSERT INTO "QueryTableAccess" ("queryId", "tableId")
    VALUES ('1905', '2');
INSERT INTO "QueryTableAccess" ("queryId", "tableId")
    VALUES ('1905', '1');
SELECT 'Orders.order_date', 'Customers.customer_id' FROM Orders NATURAL JOIN Customers ON 'Orders.order_date' = 'Customers.customer_id';
INSERT INTO "SqlQuery" ("queryId", "userId", "issuedAt", "finishedAt", "hasError", "errorMessage", "statement", "projectId", "queryTypeId")
    VALUES ('1906', '14', '2023-04-13 22:07:11.415215', '2023-04-13 22:07:13.415215', 'False', 'None', 'SELECT Orders.order_date, Customers.customer_id FROM Orders NATURAL JOIN Customers ON Orders.order_date = Customers.customer_id;', '3', '1');
INSERT INTO "QueryColumnAccess" ("queryId", "columnId")
    VALUES ('1906', '3');
INSERT INTO "QueryColumnAccess" ("queryId", "columnId")
    VALUES ('1906', '1');
INSERT INTO "QueryTableAccess" ("queryId", "tableId")
    VALUES ('1906', '5');
INSERT INTO "QueryTableAccess" ("queryId", "tableId")
    VALUES ('1906', '4');
SELECT 'Publishers.country', 'Books.price' FROM Publishers LEFT OUTER JOIN Books ON 'Publishers.country' = 'Books.price';
INSERT INTO "SqlQuery" ("queryId", "userId", "issuedAt", "finishedAt", "hasError", "errorMessage", "statement", "projectId", "queryTypeId")
    VALUES ('1907', '7', '2023-06-15 22:07:11.415228', '2023-06-15 22:07:12.415228', 'False', 'None', 'SELECT Publishers.country, Books.price FROM Publishers LEFT OUTER JOIN Books ON Publishers.country = Books.price;', '3', '1');
INSERT INTO "QueryColumnAccess" ("queryId", "columnId")
    VALUES ('1907', '4');
INSERT INTO "QueryColumnAccess" ("queryId", "columnId")
    VALUES ('1907', '6');
INSERT INTO "QueryTableAccess" ("queryId", "tableId")
    VALUES ('1907', '3');
INSERT INTO "QueryTableAccess" ("queryId", "tableId")
    VALUES ('1907', '1');
SELECT 'Books.publisher', 'Orders.shipping_city' FROM Books LEFT OUTER JOIN Orders ON 'Books.publisher' = 'Orders.shipping_city';
INSERT INTO "SqlQuery" ("queryId", "userId", "issuedAt", "finishedAt", "hasError", "errorMessage", "statement", "projectId", "queryTypeId")
    VALUES ('1908', '2', '2023-06-19 22:07:11.415237', '2023-06-19 22:07:12.415237', 'False', 'None', 'SELECT Books.publisher, Orders.shipping_city FROM Books LEFT OUTER JOIN Orders ON Books.publisher = Orders.shipping_city;', '3', '1');
INSERT INTO "QueryColumnAccess" ("queryId", "columnId")
    VALUES ('1908', '5');
INSERT INTO "QueryColumnAccess" ("queryId", "columnId")
    VALUES ('1908', '7');
INSERT INTO "QueryTableAccess" ("queryId", "tableId")
    VALUES ('1908', '1');
INSERT INTO "QueryTableAccess" ("queryId", "tableId")
    VALUES ('1908', '5');
SELECT 'Customers.first_name', 'Authors.birth_date' FROM Customers LEFT OUTER JOIN Authors ON 'Customers.first_name' = 'Authors.birth_date';
INSERT INTO "SqlQuery" ("queryId", "userId", "issuedAt", "finishedAt", "hasError", "errorMessage", "statement", "projectId", "queryTypeId")
    VALUES ('1909', '13', '2023-05-23 22:07:11.415246', '2023-05-23 22:07:12.415246', 'False', 'None', 'SELECT Customers.first_name, Authors.birth_date FROM Customers LEFT OUTER JOIN Authors ON Customers.first_name = Authors.birth_date;', '3', '1');
INSERT INTO "QueryColumnAccess" ("queryId", "columnId")
    VALUES ('1909', '2');
INSERT INTO "QueryColumnAccess" ("queryId", "columnId")
    VALUES ('1909', '4');
INSERT INTO "QueryTableAccess" ("queryId", "tableId")
    VALUES ('1909', '4');
INSERT INTO "QueryTableAccess" ("queryId", "tableId")
    VALUES ('1909', '2');
SELECT 'Books.category_id', 'Customers.state' FROM Books LEFT OUTER JOIN Customers ON 'Books.category_id' = 'Customers.state';
INSERT INTO "SqlQuery" ("queryId", "userId", "issuedAt", "finishedAt", "hasError", "errorMessage", "statement", "projectId", "queryTypeId")
    VALUES ('1910', '12', '2023-04-21 22:07:11.415255', '2023-04-21 22:07:15.415255', 'False', 'None', 'SELECT Books.category_id, Customers.state FROM Books LEFT OUTER JOIN Customers ON Books.category_id = Customers.state;', '3', '1');
INSERT INTO "QueryColumnAccess" ("queryId", "columnId")
    VALUES ('1910', '7');
INSERT INTO "QueryColumnAccess" ("queryId", "columnId")
    VALUES ('1910', '8');
INSERT INTO "QueryTableAccess" ("queryId", "tableId")
    VALUES ('1910', '1');
INSERT INTO "QueryTableAccess" ("queryId", "tableId")
    VALUES ('1910', '4');
SELECT 'Publishers.website', 'Authors.last_name' FROM Publishers LEFT OUTER JOIN Authors ON 'Publishers.website' = 'Authors.last_name';
INSERT INTO "SqlQuery" ("queryId", "userId", "issuedAt", "finishedAt", "hasError", "errorMessage", "statement", "projectId", "queryTypeId")
    VALUES ('1911', '7', '2023-06-17 22:07:11.415263', '2023-06-17 22:07:12.415263', 'False', 'None', 'SELECT Publishers.website, Authors.last_name FROM Publishers LEFT OUTER JOIN Authors ON Publishers.website = Authors.last_name;', '3', '1');
INSERT INTO "QueryColumnAccess" ("queryId", "columnId")
    VALUES ('1911', '5');
INSERT INTO "QueryColumnAccess" ("queryId", "columnId")
    VALUES ('1911', '3');
INSERT INTO "QueryTableAccess" ("queryId", "tableId")
    VALUES ('1911', '3');
INSERT INTO "QueryTableAccess" ("queryId", "tableId")
    VALUES ('1911', '2');
SELECT 'Orders.order_id', 'Authors.last_name' FROM Orders RIGHT OUTER JOIN Authors ON 'Orders.order_id' = 'Authors.last_name';
INSERT INTO "SqlQuery" ("queryId", "userId", "issuedAt", "finishedAt", "hasError", "errorMessage", "statement", "projectId", "queryTypeId")
    VALUES ('1912', '11', '2023-06-09 22:07:11.415272', '2023-06-09 22:07:12.415272', 'False', 'None', 'SELECT Orders.order_id, Authors.last_name FROM Orders RIGHT OUTER JOIN Authors ON Orders.order_id = Authors.last_name;', '3', '1');
INSERT INTO "QueryColumnAccess" ("queryId", "columnId")
    VALUES ('1912', '1');
INSERT INTO "QueryColumnAccess" ("queryId", "columnId")
    VALUES ('1912', '3');
INSERT INTO "QueryTableAccess" ("queryId", "tableId")
    VALUES ('1912', '5');
INSERT INTO "QueryTableAccess" ("queryId", "tableId")
    VALUES ('1912', '2');
SELECT 'Authors.country', 'Publishers.publisher_name' FROM Authors RIGHT OUTER JOIN Publishers ON 'Authors.country' = 'Publishers.publisher_name';
INSERT INTO "SqlQuery" ("queryId", "userId", "issuedAt", "finishedAt", "hasError", "errorMessage", "statement", "projectId", "queryTypeId")
    VALUES ('1913', '12', '2023-05-13 22:07:11.415280', '2023-05-13 22:07:14.415280', 'False', 'None', 'SELECT Authors.country, Publishers.publisher_name FROM Authors RIGHT OUTER JOIN Publishers ON Authors.country = Publishers.publisher_name;', '3', '1');
INSERT INTO "QueryColumnAccess" ("queryId", "columnId")
    VALUES ('1913', '5');
INSERT INTO "QueryColumnAccess" ("queryId", "columnId")
    VALUES ('1913', '2');
INSERT INTO "QueryTableAccess" ("queryId", "tableId")
    VALUES ('1913', '2');
INSERT INTO "QueryTableAccess" ("queryId", "tableId")
    VALUES ('1913', '3');
SELECT 'Authors.birth_date', 'Orders.status' FROM Authors NATURAL JOIN Orders ON 'Authors.birth_date' = 'Orders.status';
INSERT INTO "SqlQuery" ("queryId", "userId", "issuedAt", "finishedAt", "hasError", "errorMessage", "statement", "projectId", "queryTypeId")
    VALUES ('1914', '13', '2023-06-26 22:07:11.415289', '2023-06-26 22:07:15.415289', 'False', 'None', 'SELECT Authors.birth_date, Orders.status FROM Authors NATURAL JOIN Orders ON Authors.birth_date = Orders.status;', '3', '1');
INSERT INTO "QueryColumnAccess" ("queryId", "columnId")
    VALUES ('1914', '4');
INSERT INTO "QueryColumnAccess" ("queryId", "columnId")
    VALUES ('1914', '5');
INSERT INTO "QueryTableAccess" ("queryId", "tableId")
    VALUES ('1914', '2');
INSERT INTO "QueryTableAccess" ("queryId", "tableId")
    VALUES ('1914', '5');
SELECT 'Orders.status', 'Publishers.publisher_id' FROM Orders LEFT OUTER JOIN Publishers ON 'Orders.status' = 'Publishers.publisher_id';
INSERT INTO "SqlQuery" ("queryId", "userId", "issuedAt", "finishedAt", "hasError", "errorMessage", "statement", "projectId", "queryTypeId")
    VALUES ('1915', '4', '2023-07-10 22:07:11.415298', '2023-07-10 22:07:14.415298', 'False', 'None', 'SELECT Orders.status, Publishers.publisher_id FROM Orders LEFT OUTER JOIN Publishers ON Orders.status = Publishers.publisher_id;', '3', '1');
INSERT INTO "QueryColumnAccess" ("queryId", "columnId")
    VALUES ('1915', '5');
INSERT INTO "QueryColumnAccess" ("queryId", "columnId")
    VALUES ('1915', '1');
INSERT INTO "QueryTableAccess" ("queryId", "tableId")
    VALUES ('1915', '5');
INSERT INTO "QueryTableAccess" ("queryId", "tableId")
    VALUES ('1915', '3');
SELECT 'Books.price', 'Orders.shipping_address' FROM Books RIGHT OUTER JOIN Orders ON 'Books.price' = 'Orders.shipping_address';
INSERT INTO "SqlQuery" ("queryId", "userId", "issuedAt", "finishedAt", "hasError", "errorMessage", "statement", "projectId", "queryTypeId")
    VALUES ('1916', '9', '2023-05-21 22:07:11.415306', '2023-05-21 22:07:13.415306', 'False', 'None', 'SELECT Books.price, Orders.shipping_address FROM Books RIGHT OUTER JOIN Orders ON Books.price = Orders.shipping_address;', '3', '1');
INSERT INTO "QueryColumnAccess" ("queryId", "columnId")
    VALUES ('1916', '6');
INSERT INTO "QueryColumnAccess" ("queryId", "columnId")
    VALUES ('1916', '6');
INSERT INTO "QueryTableAccess" ("queryId", "tableId")
    VALUES ('1916', '1');
INSERT INTO "QueryTableAccess" ("queryId", "tableId")
    VALUES ('1916', '5');
SELECT 'Customers.state', 'Authors.author_id' FROM Customers LEFT OUTER JOIN Authors ON 'Customers.state' = 'Authors.author_id';
INSERT INTO "SqlQuery" ("queryId", "userId", "issuedAt", "finishedAt", "hasError", "errorMessage", "statement", "projectId", "queryTypeId")
    VALUES ('1917', '10', '2023-05-13 22:07:11.415318', '2023-05-13 22:07:15.415318', 'False', 'None', 'SELECT Customers.state, Authors.author_id FROM Customers LEFT OUTER JOIN Authors ON Customers.state = Authors.author_id;', '3', '1');
INSERT INTO "QueryColumnAccess" ("queryId", "columnId")
    VALUES ('1917', '8');
INSERT INTO "QueryColumnAccess" ("queryId", "columnId")
    VALUES ('1917', '1');
INSERT INTO "QueryTableAccess" ("queryId", "tableId")
    VALUES ('1917', '4');
INSERT INTO "QueryTableAccess" ("queryId", "tableId")
    VALUES ('1917', '2');
SELECT 'Customers.first_name', 'Books.author' FROM Customers NATURAL JOIN Books ON 'Customers.first_name' = 'Books.author';
INSERT INTO "SqlQuery" ("queryId", "userId", "issuedAt", "finishedAt", "hasError", "errorMessage", "statement", "projectId", "queryTypeId")
    VALUES ('1918', '3', '2023-04-23 22:07:11.415327', '2023-04-23 22:07:13.415327', 'False', 'None', 'SELECT Customers.first_name, Books.author FROM Customers NATURAL JOIN Books ON Customers.first_name = Books.author;', '3', '1');
INSERT INTO "QueryColumnAccess" ("queryId", "columnId")
    VALUES ('1918', '2');
INSERT INTO "QueryColumnAccess" ("queryId", "columnId")
    VALUES ('1918', '3');
INSERT INTO "QueryTableAccess" ("queryId", "tableId")
    VALUES ('1918', '4');
INSERT INTO "QueryTableAccess" ("queryId", "tableId")
    VALUES ('1918', '1');
SELECT 'Publishers.established_date', 'Orders.total_amount' FROM Publishers RIGHT OUTER JOIN Orders ON 'Publishers.established_date' = 'Orders.total_amount';
INSERT INTO "SqlQuery" ("queryId", "userId", "issuedAt", "finishedAt", "hasError", "errorMessage", "statement", "projectId", "queryTypeId")
    VALUES ('1919', '2', '2023-05-25 22:07:11.415335', '2023-05-25 22:07:15.415335', 'False', 'None', 'SELECT Publishers.established_date, Orders.total_amount FROM Publishers RIGHT OUTER JOIN Orders ON Publishers.established_date = Orders.total_amount;', '3', '1');
INSERT INTO "QueryColumnAccess" ("queryId", "columnId")
    VALUES ('1919', '3');
INSERT INTO "QueryColumnAccess" ("queryId", "columnId")
    VALUES ('1919', '4');
INSERT INTO "QueryTableAccess" ("queryId", "tableId")
    VALUES ('1919', '3');
INSERT INTO "QueryTableAccess" ("queryId", "tableId")
    VALUES ('1919', '5');
SELECT 'Books.book_id', 'Publishers.country' FROM Books RIGHT OUTER JOIN Publishers ON 'Books.book_id' = 'Publishers.country';
INSERT INTO "SqlQuery" ("queryId", "userId", "issuedAt", "finishedAt", "hasError", "errorMessage", "statement", "projectId", "queryTypeId")
    VALUES ('1920', '13', '2023-04-11 22:07:11.415344', '2023-04-11 22:07:13.415344', 'False', 'None', 'SELECT Books.book_id, Publishers.country FROM Books RIGHT OUTER JOIN Publishers ON Books.book_id = Publishers.country;', '3', '1');
INSERT INTO "QueryColumnAccess" ("queryId", "columnId")
    VALUES ('1920', '1');
INSERT INTO "QueryColumnAccess" ("queryId", "columnId")
    VALUES ('1920', '4');
INSERT INTO "QueryTableAccess" ("queryId", "tableId")
    VALUES ('1920', '1');
INSERT INTO "QueryTableAccess" ("queryId", "tableId")
    VALUES ('1920', '3');
SELECT 'Books.publication_date', 'Orders.shipping_address' FROM Books LEFT OUTER JOIN Orders ON 'Books.publication_date' = 'Orders.shipping_address';
INSERT INTO "SqlQuery" ("queryId", "userId", "issuedAt", "finishedAt", "hasError", "errorMessage", "statement", "projectId", "queryTypeId")
    VALUES ('1921', '13', '2023-05-28 22:07:11.415352', '2023-05-28 22:07:12.415352', 'False', 'None', 'SELECT Books.publication_date, Orders.shipping_address FROM Books LEFT OUTER JOIN Orders ON Books.publication_date = Orders.shipping_address;', '3', '1');
INSERT INTO "QueryColumnAccess" ("queryId", "columnId")
    VALUES ('1921', '4');
INSERT INTO "QueryColumnAccess" ("queryId", "columnId")
    VALUES ('1921', '6');
INSERT INTO "QueryTableAccess" ("queryId", "tableId")
    VALUES ('1921', '1');
INSERT INTO "QueryTableAccess" ("queryId", "tableId")
    VALUES ('1921', '5');
SELECT 'Books.title', 'Orders.shipping_state' FROM Books RIGHT OUTER JOIN Orders ON 'Books.title' = 'Orders.shipping_state';
INSERT INTO "SqlQuery" ("queryId", "userId", "issuedAt", "finishedAt", "hasError", "errorMessage", "statement", "projectId", "queryTypeId")
    VALUES ('1922', '4', '2023-05-13 22:07:11.415361', '2023-05-13 22:07:14.415361', 'False', 'None', 'SELECT Books.title, Orders.shipping_state FROM Books RIGHT OUTER JOIN Orders ON Books.title = Orders.shipping_state;', '3', '1');
INSERT INTO "QueryColumnAccess" ("queryId", "columnId")
    VALUES ('1922', '2');
INSERT INTO "QueryColumnAccess" ("queryId", "columnId")
    VALUES ('1922', '8');
INSERT INTO "QueryTableAccess" ("queryId", "tableId")
    VALUES ('1922', '1');
INSERT INTO "QueryTableAccess" ("queryId", "tableId")
    VALUES ('1922', '5');
SELECT 'Publishers.country', 'Customers.email' FROM Publishers NATURAL JOIN Customers ON 'Publishers.country' = 'Customers.email';
INSERT INTO "SqlQuery" ("queryId", "userId", "issuedAt", "finishedAt", "hasError", "errorMessage", "statement", "projectId", "queryTypeId")
    VALUES ('1923', '12', '2023-04-23 22:07:11.415370', '2023-04-23 22:07:14.415370', 'False', 'None', 'SELECT Publishers.country, Customers.email FROM Publishers NATURAL JOIN Customers ON Publishers.country = Customers.email;', '3', '1');
INSERT INTO "QueryColumnAccess" ("queryId", "columnId")
    VALUES ('1923', '4');
INSERT INTO "QueryColumnAccess" ("queryId", "columnId")
    VALUES ('1923', '4');
INSERT INTO "QueryTableAccess" ("queryId", "tableId")
    VALUES ('1923', '3');
INSERT INTO "QueryTableAccess" ("queryId", "tableId")
    VALUES ('1923', '4');
SELECT 'Publishers.website', 'Authors.first_name' FROM Publishers LEFT OUTER JOIN Authors ON 'Publishers.website' = 'Authors.first_name';
INSERT INTO "SqlQuery" ("queryId", "userId", "issuedAt", "finishedAt", "hasError", "errorMessage", "statement", "projectId", "queryTypeId")
    VALUES ('1924', '15', '2023-06-08 22:07:11.415378', '2023-06-08 22:07:15.415378', 'False', 'None', 'SELECT Publishers.website, Authors.first_name FROM Publishers LEFT OUTER JOIN Authors ON Publishers.website = Authors.first_name;', '3', '1');
INSERT INTO "QueryColumnAccess" ("queryId", "columnId")
    VALUES ('1924', '5');
INSERT INTO "QueryColumnAccess" ("queryId", "columnId")
    VALUES ('1924', '2');
INSERT INTO "QueryTableAccess" ("queryId", "tableId")
    VALUES ('1924', '3');
INSERT INTO "QueryTableAccess" ("queryId", "tableId")
    VALUES ('1924', '2');
SELECT 'Authors.birth_date', 'Orders.order_id' FROM Authors RIGHT OUTER JOIN Orders ON 'Authors.birth_date' = 'Orders.order_id';
INSERT INTO "SqlQuery" ("queryId", "userId", "issuedAt", "finishedAt", "hasError", "errorMessage", "statement", "projectId", "queryTypeId")
    VALUES ('1925', '11', '2023-06-01 22:07:11.415387', '2023-06-01 22:07:14.415387', 'False', 'None', 'SELECT Authors.birth_date, Orders.order_id FROM Authors RIGHT OUTER JOIN Orders ON Authors.birth_date = Orders.order_id;', '3', '1');
INSERT INTO "QueryColumnAccess" ("queryId", "columnId")
    VALUES ('1925', '4');
INSERT INTO "QueryColumnAccess" ("queryId", "columnId")
    VALUES ('1925', '1');
INSERT INTO "QueryTableAccess" ("queryId", "tableId")
    VALUES ('1925', '2');
INSERT INTO "QueryTableAccess" ("queryId", "tableId")
    VALUES ('1925', '5');
SELECT 'Orders.shipping_zip_code', 'Customers.state' FROM Orders RIGHT OUTER JOIN Customers ON 'Orders.shipping_zip_code' = 'Customers.state';
INSERT INTO "SqlQuery" ("queryId", "userId", "issuedAt", "finishedAt", "hasError", "errorMessage", "statement", "projectId", "queryTypeId")
    VALUES ('1926', '2', '2023-06-28 22:07:11.415396', '2023-06-28 22:07:14.415396', 'False', 'None', 'SELECT Orders.shipping_zip_code, Customers.state FROM Orders RIGHT OUTER JOIN Customers ON Orders.shipping_zip_code = Customers.state;', '3', '1');
INSERT INTO "QueryColumnAccess" ("queryId", "columnId")
    VALUES ('1926', '9');
INSERT INTO "QueryColumnAccess" ("queryId", "columnId")
    VALUES ('1926', '8');
INSERT INTO "QueryTableAccess" ("queryId", "tableId")
    VALUES ('1926', '5');
INSERT INTO "QueryTableAccess" ("queryId", "tableId")
    VALUES ('1926', '4');
SELECT 'Customers.customer_id', 'Orders.status' FROM Customers NATURAL JOIN Orders ON 'Customers.customer_id' = 'Orders.status';
INSERT INTO "SqlQuery" ("queryId", "userId", "issuedAt", "finishedAt", "hasError", "errorMessage", "statement", "projectId", "queryTypeId")
    VALUES ('1927', '2', '2023-04-13 22:07:11.415409', '2023-04-13 22:07:14.415409', 'False', 'None', 'SELECT Customers.customer_id, Orders.status FROM Customers NATURAL JOIN Orders ON Customers.customer_id = Orders.status;', '3', '1');
INSERT INTO "QueryColumnAccess" ("queryId", "columnId")
    VALUES ('1927', '1');
INSERT INTO "QueryColumnAccess" ("queryId", "columnId")
    VALUES ('1927', '5');
INSERT INTO "QueryTableAccess" ("queryId", "tableId")
    VALUES ('1927', '4');
INSERT INTO "QueryTableAccess" ("queryId", "tableId")
    VALUES ('1927', '5');
SELECT 'Books.category_id', 'Authors.author_id' FROM Books NATURAL JOIN Authors ON 'Books.category_id' = 'Authors.author_id';
INSERT INTO "SqlQuery" ("queryId", "userId", "issuedAt", "finishedAt", "hasError", "errorMessage", "statement", "projectId", "queryTypeId")
    VALUES ('1928', '8', '2023-07-06 22:07:11.415418', '2023-07-06 22:07:14.415418', 'False', 'None', 'SELECT Books.category_id, Authors.author_id FROM Books NATURAL JOIN Authors ON Books.category_id = Authors.author_id;', '3', '1');
INSERT INTO "QueryColumnAccess" ("queryId", "columnId")
    VALUES ('1928', '7');
INSERT INTO "QueryColumnAccess" ("queryId", "columnId")
    VALUES ('1928', '1');
INSERT INTO "QueryTableAccess" ("queryId", "tableId")
    VALUES ('1928', '1');
INSERT INTO "QueryTableAccess" ("queryId", "tableId")
    VALUES ('1928', '2');
SELECT 'Authors.last_name', 'Publishers.website' FROM Authors NATURAL JOIN Publishers ON 'Authors.last_name' = 'Publishers.website';
INSERT INTO "SqlQuery" ("queryId", "userId", "issuedAt", "finishedAt", "hasError", "errorMessage", "statement", "projectId", "queryTypeId")
    VALUES ('1929', '1', '2023-07-01 22:07:11.415426', '2023-07-01 22:07:13.415426', 'False', 'None', 'SELECT Authors.last_name, Publishers.website FROM Authors NATURAL JOIN Publishers ON Authors.last_name = Publishers.website;', '3', '1');
INSERT INTO "QueryColumnAccess" ("queryId", "columnId")
    VALUES ('1929', '3');
INSERT INTO "QueryColumnAccess" ("queryId", "columnId")
    VALUES ('1929', '5');
INSERT INTO "QueryTableAccess" ("queryId", "tableId")
    VALUES ('1929', '2');
INSERT INTO "QueryTableAccess" ("queryId", "tableId")
    VALUES ('1929', '3');
SELECT 'Customers.customer_id', 'Authors.country' FROM Customers LEFT OUTER JOIN Authors ON 'Customers.customer_id' = 'Authors.country';
INSERT INTO "SqlQuery" ("queryId", "userId", "issuedAt", "finishedAt", "hasError", "errorMessage", "statement", "projectId", "queryTypeId")
    VALUES ('1930', '15', '2023-07-04 22:07:11.415435', '2023-07-04 22:07:13.415435', 'False', 'None', 'SELECT Customers.customer_id, Authors.country FROM Customers LEFT OUTER JOIN Authors ON Customers.customer_id = Authors.country;', '3', '1');
INSERT INTO "QueryColumnAccess" ("queryId", "columnId")
    VALUES ('1930', '1');
INSERT INTO "QueryColumnAccess" ("queryId", "columnId")
    VALUES ('1930', '5');
INSERT INTO "QueryTableAccess" ("queryId", "tableId")
    VALUES ('1930', '4');
INSERT INTO "QueryTableAccess" ("queryId", "tableId")
    VALUES ('1930', '2');
SELECT 'Orders.shipping_address', 'Authors.birth_date' FROM Orders RIGHT OUTER JOIN Authors ON 'Orders.shipping_address' = 'Authors.birth_date';
INSERT INTO "SqlQuery" ("queryId", "userId", "issuedAt", "finishedAt", "hasError", "errorMessage", "statement", "projectId", "queryTypeId")
    VALUES ('1931', '2', '2023-07-08 22:07:11.415443', '2023-07-08 22:07:13.415443', 'False', 'None', 'SELECT Orders.shipping_address, Authors.birth_date FROM Orders RIGHT OUTER JOIN Authors ON Orders.shipping_address = Authors.birth_date;', '3', '1');
INSERT INTO "QueryColumnAccess" ("queryId", "columnId")
    VALUES ('1931', '6');
INSERT INTO "QueryColumnAccess" ("queryId", "columnId")
    VALUES ('1931', '4');
INSERT INTO "QueryTableAccess" ("queryId", "tableId")
    VALUES ('1931', '5');
INSERT INTO "QueryTableAccess" ("queryId", "tableId")
    VALUES ('1931', '2');
SELECT 'Publishers.publisher_id', 'Authors.last_name' FROM Publishers NATURAL JOIN Authors ON 'Publishers.publisher_id' = 'Authors.last_name';
INSERT INTO "SqlQuery" ("queryId", "userId", "issuedAt", "finishedAt", "hasError", "errorMessage", "statement", "projectId", "queryTypeId")
    VALUES ('1932', '11', '2023-05-06 22:07:11.415452', '2023-05-06 22:07:12.415452', 'False', 'None', 'SELECT Publishers.publisher_id, Authors.last_name FROM Publishers NATURAL JOIN Authors ON Publishers.publisher_id = Authors.last_name;', '3', '1');
INSERT INTO "QueryColumnAccess" ("queryId", "columnId")
    VALUES ('1932', '1');
INSERT INTO "QueryColumnAccess" ("queryId", "columnId")
    VALUES ('1932', '3');
INSERT INTO "QueryTableAccess" ("queryId", "tableId")
    VALUES ('1932', '3');
INSERT INTO "QueryTableAccess" ("queryId", "tableId")
    VALUES ('1932', '2');
SELECT 'Authors.first_name', 'Publishers.country' FROM Authors RIGHT OUTER JOIN Publishers ON 'Authors.first_name' = 'Publishers.country';
INSERT INTO "SqlQuery" ("queryId", "userId", "issuedAt", "finishedAt", "hasError", "errorMessage", "statement", "projectId", "queryTypeId")
    VALUES ('1933', '14', '2023-05-04 22:07:11.415461', '2023-05-04 22:07:13.415461', 'False', 'None', 'SELECT Authors.first_name, Publishers.country FROM Authors RIGHT OUTER JOIN Publishers ON Authors.first_name = Publishers.country;', '3', '1');
INSERT INTO "QueryColumnAccess" ("queryId", "columnId")
    VALUES ('1933', '2');
INSERT INTO "QueryColumnAccess" ("queryId", "columnId")
    VALUES ('1933', '4');
INSERT INTO "QueryTableAccess" ("queryId", "tableId")
    VALUES ('1933', '2');
INSERT INTO "QueryTableAccess" ("queryId", "tableId")
    VALUES ('1933', '3');
SELECT 'Publishers.publisher_name', 'Books.category_id' FROM Publishers NATURAL JOIN Books ON 'Publishers.publisher_name' = 'Books.category_id';
INSERT INTO "SqlQuery" ("queryId", "userId", "issuedAt", "finishedAt", "hasError", "errorMessage", "statement", "projectId", "queryTypeId")
    VALUES ('1934', '5', '2023-05-13 22:07:11.415469', '2023-05-13 22:07:13.415469', 'False', 'None', 'SELECT Publishers.publisher_name, Books.category_id FROM Publishers NATURAL JOIN Books ON Publishers.publisher_name = Books.category_id;', '3', '1');
INSERT INTO "QueryColumnAccess" ("queryId", "columnId")
    VALUES ('1934', '2');
INSERT INTO "QueryColumnAccess" ("queryId", "columnId")
    VALUES ('1934', '7');
INSERT INTO "QueryTableAccess" ("queryId", "tableId")
    VALUES ('1934', '3');
INSERT INTO "QueryTableAccess" ("queryId", "tableId")
    VALUES ('1934', '1');
SELECT 'Books.category_id', 'Customers.address' FROM Books LEFT OUTER JOIN Customers ON 'Books.category_id' = 'Customers.address';
INSERT INTO "SqlQuery" ("queryId", "userId", "issuedAt", "finishedAt", "hasError", "errorMessage", "statement", "projectId", "queryTypeId")
    VALUES ('1935', '8', '2023-07-05 22:07:11.415478', '2023-07-05 22:07:14.415478', 'False', 'None', 'SELECT Books.category_id, Customers.address FROM Books LEFT OUTER JOIN Customers ON Books.category_id = Customers.address;', '3', '1');
INSERT INTO "QueryColumnAccess" ("queryId", "columnId")
    VALUES ('1935', '7');
INSERT INTO "QueryColumnAccess" ("queryId", "columnId")
    VALUES ('1935', '6');
INSERT INTO "QueryTableAccess" ("queryId", "tableId")
    VALUES ('1935', '1');
INSERT INTO "QueryTableAccess" ("queryId", "tableId")
    VALUES ('1935', '4');
SELECT 'Publishers.publisher_id', 'Orders.shipping_address' FROM Publishers RIGHT OUTER JOIN Orders ON 'Publishers.publisher_id' = 'Orders.shipping_address';
INSERT INTO "SqlQuery" ("queryId", "userId", "issuedAt", "finishedAt", "hasError", "errorMessage", "statement", "projectId", "queryTypeId")
    VALUES ('1936', '8', '2023-05-26 22:07:11.415494', '2023-05-26 22:07:13.415494', 'False', 'None', 'SELECT Publishers.publisher_id, Orders.shipping_address FROM Publishers RIGHT OUTER JOIN Orders ON Publishers.publisher_id = Orders.shipping_address;', '3', '1');
INSERT INTO "QueryColumnAccess" ("queryId", "columnId")
    VALUES ('1936', '1');
INSERT INTO "QueryColumnAccess" ("queryId", "columnId")
    VALUES ('1936', '6');
INSERT INTO "QueryTableAccess" ("queryId", "tableId")
    VALUES ('1936', '3');
INSERT INTO "QueryTableAccess" ("queryId", "tableId")
    VALUES ('1936', '5');
SELECT 'Books.publisher', 'Authors.author_id' FROM Books NATURAL JOIN Authors ON 'Books.publisher' = 'Authors.author_id';
INSERT INTO "SqlQuery" ("queryId", "userId", "issuedAt", "finishedAt", "hasError", "errorMessage", "statement", "projectId", "queryTypeId")
    VALUES ('1937', '9', '2023-06-15 22:07:11.415503', '2023-06-15 22:07:15.415503', 'False', 'None', 'SELECT Books.publisher, Authors.author_id FROM Books NATURAL JOIN Authors ON Books.publisher = Authors.author_id;', '3', '1');
INSERT INTO "QueryColumnAccess" ("queryId", "columnId")
    VALUES ('1937', '5');
INSERT INTO "QueryColumnAccess" ("queryId", "columnId")
    VALUES ('1937', '1');
INSERT INTO "QueryTableAccess" ("queryId", "tableId")
    VALUES ('1937', '1');
INSERT INTO "QueryTableAccess" ("queryId", "tableId")
    VALUES ('1937', '2');
SELECT 'Orders.shipping_state', 'Customers.zip_code' FROM Orders RIGHT OUTER JOIN Customers ON 'Orders.shipping_state' = 'Customers.zip_code';
INSERT INTO "SqlQuery" ("queryId", "userId", "issuedAt", "finishedAt", "hasError", "errorMessage", "statement", "projectId", "queryTypeId")
    VALUES ('1938', '14', '2023-05-14 22:07:11.415511', '2023-05-14 22:07:14.415511', 'False', 'None', 'SELECT Orders.shipping_state, Customers.zip_code FROM Orders RIGHT OUTER JOIN Customers ON Orders.shipping_state = Customers.zip_code;', '3', '1');
INSERT INTO "QueryColumnAccess" ("queryId", "columnId")
    VALUES ('1938', '8');
INSERT INTO "QueryColumnAccess" ("queryId", "columnId")
    VALUES ('1938', '9');
INSERT INTO "QueryTableAccess" ("queryId", "tableId")
    VALUES ('1938', '5');
INSERT INTO "QueryTableAccess" ("queryId", "tableId")
    VALUES ('1938', '4');
SELECT 'Orders.shipping_country', 'Customers.first_name' FROM Orders LEFT OUTER JOIN Customers ON 'Orders.shipping_country' = 'Customers.first_name';
INSERT INTO "SqlQuery" ("queryId", "userId", "issuedAt", "finishedAt", "hasError", "errorMessage", "statement", "projectId", "queryTypeId")
    VALUES ('1939', '3', '2023-06-14 22:07:11.415520', '2023-06-14 22:07:15.415520', 'False', 'None', 'SELECT Orders.shipping_country, Customers.first_name FROM Orders LEFT OUTER JOIN Customers ON Orders.shipping_country = Customers.first_name;', '3', '1');
INSERT INTO "QueryColumnAccess" ("queryId", "columnId")
    VALUES ('1939', '10');
INSERT INTO "QueryColumnAccess" ("queryId", "columnId")
    VALUES ('1939', '2');
INSERT INTO "QueryTableAccess" ("queryId", "tableId")
    VALUES ('1939', '5');
INSERT INTO "QueryTableAccess" ("queryId", "tableId")
    VALUES ('1939', '4');
SELECT 'Orders.shipping_address', 'Authors.first_name' FROM Orders RIGHT OUTER JOIN Authors ON 'Orders.shipping_address' = 'Authors.first_name';
INSERT INTO "SqlQuery" ("queryId", "userId", "issuedAt", "finishedAt", "hasError", "errorMessage", "statement", "projectId", "queryTypeId")
    VALUES ('1940', '6', '2023-05-25 22:07:11.415529', '2023-05-25 22:07:13.415529', 'False', 'None', 'SELECT Orders.shipping_address, Authors.first_name FROM Orders RIGHT OUTER JOIN Authors ON Orders.shipping_address = Authors.first_name;', '3', '1');
INSERT INTO "QueryColumnAccess" ("queryId", "columnId")
    VALUES ('1940', '6');
INSERT INTO "QueryColumnAccess" ("queryId", "columnId")
    VALUES ('1940', '2');
INSERT INTO "QueryTableAccess" ("queryId", "tableId")
    VALUES ('1940', '5');
INSERT INTO "QueryTableAccess" ("queryId", "tableId")
    VALUES ('1940', '2');
SELECT 'Publishers.country', 'Books.book_id' FROM Publishers NATURAL JOIN Books ON 'Publishers.country' = 'Books.book_id';
INSERT INTO "SqlQuery" ("queryId", "userId", "issuedAt", "finishedAt", "hasError", "errorMessage", "statement", "projectId", "queryTypeId")
    VALUES ('1941', '5', '2023-05-05 22:07:11.415537', '2023-05-05 22:07:15.415537', 'False', 'None', 'SELECT Publishers.country, Books.book_id FROM Publishers NATURAL JOIN Books ON Publishers.country = Books.book_id;', '3', '1');
INSERT INTO "QueryColumnAccess" ("queryId", "columnId")
    VALUES ('1941', '4');
INSERT INTO "QueryColumnAccess" ("queryId", "columnId")
    VALUES ('1941', '1');
INSERT INTO "QueryTableAccess" ("queryId", "tableId")
    VALUES ('1941', '3');
INSERT INTO "QueryTableAccess" ("queryId", "tableId")
    VALUES ('1941', '1');
SELECT 'Authors.author_id', 'Publishers.country' FROM Authors RIGHT OUTER JOIN Publishers ON 'Authors.author_id' = 'Publishers.country';
INSERT INTO "SqlQuery" ("queryId", "userId", "issuedAt", "finishedAt", "hasError", "errorMessage", "statement", "projectId", "queryTypeId")
    VALUES ('1942', '5', '2023-06-15 22:07:11.415546', '2023-06-15 22:07:13.415546', 'False', 'None', 'SELECT Authors.author_id, Publishers.country FROM Authors RIGHT OUTER JOIN Publishers ON Authors.author_id = Publishers.country;', '3', '1');
INSERT INTO "QueryColumnAccess" ("queryId", "columnId")
    VALUES ('1942', '1');
INSERT INTO "QueryColumnAccess" ("queryId", "columnId")
    VALUES ('1942', '4');
INSERT INTO "QueryTableAccess" ("queryId", "tableId")
    VALUES ('1942', '2');
INSERT INTO "QueryTableAccess" ("queryId", "tableId")
    VALUES ('1942', '3');
SELECT 'Authors.birth_date', 'Customers.address' FROM Authors NATURAL JOIN Customers ON 'Authors.birth_date' = 'Customers.address';
INSERT INTO "SqlQuery" ("queryId", "userId", "issuedAt", "finishedAt", "hasError", "errorMessage", "statement", "projectId", "queryTypeId")
    VALUES ('1943', '3', '2023-05-08 22:07:11.415554', '2023-05-08 22:07:13.415554', 'False', 'None', 'SELECT Authors.birth_date, Customers.address FROM Authors NATURAL JOIN Customers ON Authors.birth_date = Customers.address;', '3', '1');
INSERT INTO "QueryColumnAccess" ("queryId", "columnId")
    VALUES ('1943', '4');
INSERT INTO "QueryColumnAccess" ("queryId", "columnId")
    VALUES ('1943', '6');
INSERT INTO "QueryTableAccess" ("queryId", "tableId")
    VALUES ('1943', '2');
INSERT INTO "QueryTableAccess" ("queryId", "tableId")
    VALUES ('1943', '4');
SELECT 'Orders.shipping_zip_code', 'Customers.state' FROM Orders LEFT OUTER JOIN Customers ON 'Orders.shipping_zip_code' = 'Customers.state';
INSERT INTO "SqlQuery" ("queryId", "userId", "issuedAt", "finishedAt", "hasError", "errorMessage", "statement", "projectId", "queryTypeId")
    VALUES ('1944', '9', '2023-05-13 22:07:11.415563', '2023-05-13 22:07:12.415563', 'False', 'None', 'SELECT Orders.shipping_zip_code, Customers.state FROM Orders LEFT OUTER JOIN Customers ON Orders.shipping_zip_code = Customers.state;', '3', '1');
INSERT INTO "QueryColumnAccess" ("queryId", "columnId")
    VALUES ('1944', '9');
INSERT INTO "QueryColumnAccess" ("queryId", "columnId")
    VALUES ('1944', '8');
INSERT INTO "QueryTableAccess" ("queryId", "tableId")
    VALUES ('1944', '5');
INSERT INTO "QueryTableAccess" ("queryId", "tableId")
    VALUES ('1944', '4');
SELECT 'Customers.customer_id', 'Authors.first_name' FROM Customers LEFT OUTER JOIN Authors ON 'Customers.customer_id' = 'Authors.first_name';
INSERT INTO "SqlQuery" ("queryId", "userId", "issuedAt", "finishedAt", "hasError", "errorMessage", "statement", "projectId", "queryTypeId")
    VALUES ('1945', '8', '2023-07-08 22:07:11.415571', '2023-07-08 22:07:14.415571', 'False', 'None', 'SELECT Customers.customer_id, Authors.first_name FROM Customers LEFT OUTER JOIN Authors ON Customers.customer_id = Authors.first_name;', '3', '1');
INSERT INTO "QueryColumnAccess" ("queryId", "columnId")
    VALUES ('1945', '1');
INSERT INTO "QueryColumnAccess" ("queryId", "columnId")
    VALUES ('1945', '2');
INSERT INTO "QueryTableAccess" ("queryId", "tableId")
    VALUES ('1945', '4');
INSERT INTO "QueryTableAccess" ("queryId", "tableId")
    VALUES ('1945', '2');
SELECT 'Publishers.publisher_name', 'Customers.state' FROM Publishers RIGHT OUTER JOIN Customers ON 'Publishers.publisher_name' = 'Customers.state';
INSERT INTO "SqlQuery" ("queryId", "userId", "issuedAt", "finishedAt", "hasError", "errorMessage", "statement", "projectId", "queryTypeId")
    VALUES ('1946', '12', '2023-04-15 22:07:11.415589', '2023-04-15 22:07:13.415589', 'False', 'None', 'SELECT Publishers.publisher_name, Customers.state FROM Publishers RIGHT OUTER JOIN Customers ON Publishers.publisher_name = Customers.state;', '3', '1');
INSERT INTO "QueryColumnAccess" ("queryId", "columnId")
    VALUES ('1946', '2');
INSERT INTO "QueryColumnAccess" ("queryId", "columnId")
    VALUES ('1946', '8');
INSERT INTO "QueryTableAccess" ("queryId", "tableId")
    VALUES ('1946', '3');
INSERT INTO "QueryTableAccess" ("queryId", "tableId")
    VALUES ('1946', '4');
SELECT 'Publishers.country', 'Customers.first_name' FROM Publishers LEFT OUTER JOIN Customers ON 'Publishers.country' = 'Customers.first_name';
INSERT INTO "SqlQuery" ("queryId", "userId", "issuedAt", "finishedAt", "hasError", "errorMessage", "statement", "projectId", "queryTypeId")
    VALUES ('1947', '10', '2023-05-08 22:07:11.415598', '2023-05-08 22:07:13.415598', 'False', 'None', 'SELECT Publishers.country, Customers.first_name FROM Publishers LEFT OUTER JOIN Customers ON Publishers.country = Customers.first_name;', '3', '1');
INSERT INTO "QueryColumnAccess" ("queryId", "columnId")
    VALUES ('1947', '4');
INSERT INTO "QueryColumnAccess" ("queryId", "columnId")
    VALUES ('1947', '2');
INSERT INTO "QueryTableAccess" ("queryId", "tableId")
    VALUES ('1947', '3');
INSERT INTO "QueryTableAccess" ("queryId", "tableId")
    VALUES ('1947', '4');
SELECT 'Publishers.country', 'Authors.author_id' FROM Publishers LEFT OUTER JOIN Authors ON 'Publishers.country' = 'Authors.author_id';
INSERT INTO "SqlQuery" ("queryId", "userId", "issuedAt", "finishedAt", "hasError", "errorMessage", "statement", "projectId", "queryTypeId")
    VALUES ('1948', '12', '2023-05-01 22:07:11.415607', '2023-05-01 22:07:13.415607', 'False', 'None', 'SELECT Publishers.country, Authors.author_id FROM Publishers LEFT OUTER JOIN Authors ON Publishers.country = Authors.author_id;', '3', '1');
INSERT INTO "QueryColumnAccess" ("queryId", "columnId")
    VALUES ('1948', '4');
INSERT INTO "QueryColumnAccess" ("queryId", "columnId")
    VALUES ('1948', '1');
INSERT INTO "QueryTableAccess" ("queryId", "tableId")
    VALUES ('1948', '3');
INSERT INTO "QueryTableAccess" ("queryId", "tableId")
    VALUES ('1948', '2');
SELECT 'Orders.shipping_state', 'Customers.zip_code' FROM Orders RIGHT OUTER JOIN Customers ON 'Orders.shipping_state' = 'Customers.zip_code';
INSERT INTO "SqlQuery" ("queryId", "userId", "issuedAt", "finishedAt", "hasError", "errorMessage", "statement", "projectId", "queryTypeId")
    VALUES ('1949', '7', '2023-05-02 22:07:11.415616', '2023-05-02 22:07:15.415616', 'False', 'None', 'SELECT Orders.shipping_state, Customers.zip_code FROM Orders RIGHT OUTER JOIN Customers ON Orders.shipping_state = Customers.zip_code;', '3', '1');
INSERT INTO "QueryColumnAccess" ("queryId", "columnId")
    VALUES ('1949', '8');
INSERT INTO "QueryColumnAccess" ("queryId", "columnId")
    VALUES ('1949', '9');
INSERT INTO "QueryTableAccess" ("queryId", "tableId")
    VALUES ('1949', '5');
INSERT INTO "QueryTableAccess" ("queryId", "tableId")
    VALUES ('1949', '4');
SELECT 'Books.publisher', 'Customers.first_name' FROM Books RIGHT OUTER JOIN Customers ON 'Books.publisher' = 'Customers.first_name';
INSERT INTO "SqlQuery" ("queryId", "userId", "issuedAt", "finishedAt", "hasError", "errorMessage", "statement", "projectId", "queryTypeId")
    VALUES ('1950', '5', '2023-06-28 22:07:11.415624', '2023-06-28 22:07:12.415624', 'False', 'None', 'SELECT Books.publisher, Customers.first_name FROM Books RIGHT OUTER JOIN Customers ON Books.publisher = Customers.first_name;', '3', '1');
INSERT INTO "QueryColumnAccess" ("queryId", "columnId")
    VALUES ('1950', '5');
INSERT INTO "QueryColumnAccess" ("queryId", "columnId")
    VALUES ('1950', '2');
INSERT INTO "QueryTableAccess" ("queryId", "tableId")
    VALUES ('1950', '1');
INSERT INTO "QueryTableAccess" ("queryId", "tableId")
    VALUES ('1950', '4');
SELECT 'Customers.state', 'Publishers.publisher_name' FROM Customers RIGHT OUTER JOIN Publishers ON 'Customers.state' = 'Publishers.publisher_name';
INSERT INTO "SqlQuery" ("queryId", "userId", "issuedAt", "finishedAt", "hasError", "errorMessage", "statement", "projectId", "queryTypeId")
    VALUES ('1951', '13', '2023-06-01 22:07:11.415633', '2023-06-01 22:07:12.415633', 'False', 'None', 'SELECT Customers.state, Publishers.publisher_name FROM Customers RIGHT OUTER JOIN Publishers ON Customers.state = Publishers.publisher_name;', '3', '1');
INSERT INTO "QueryColumnAccess" ("queryId", "columnId")
    VALUES ('1951', '8');
INSERT INTO "QueryColumnAccess" ("queryId", "columnId")
    VALUES ('1951', '2');
INSERT INTO "QueryTableAccess" ("queryId", "tableId")
    VALUES ('1951', '4');
INSERT INTO "QueryTableAccess" ("queryId", "tableId")
    VALUES ('1951', '3');
SELECT 'Customers.state', 'Publishers.publisher_name' FROM Customers NATURAL JOIN Publishers ON 'Customers.state' = 'Publishers.publisher_name';
INSERT INTO "SqlQuery" ("queryId", "userId", "issuedAt", "finishedAt", "hasError", "errorMessage", "statement", "projectId", "queryTypeId")
    VALUES ('1952', '5', '2023-05-19 22:07:11.415642', '2023-05-19 22:07:15.415642', 'False', 'None', 'SELECT Customers.state, Publishers.publisher_name FROM Customers NATURAL JOIN Publishers ON Customers.state = Publishers.publisher_name;', '3', '1');
INSERT INTO "QueryColumnAccess" ("queryId", "columnId")
    VALUES ('1952', '8');
INSERT INTO "QueryColumnAccess" ("queryId", "columnId")
    VALUES ('1952', '2');
INSERT INTO "QueryTableAccess" ("queryId", "tableId")
    VALUES ('1952', '4');
INSERT INTO "QueryTableAccess" ("queryId", "tableId")
    VALUES ('1952', '3');
SELECT 'Books.price', 'Orders.shipping_country' FROM Books NATURAL JOIN Orders ON 'Books.price' = 'Orders.shipping_country';
INSERT INTO "SqlQuery" ("queryId", "userId", "issuedAt", "finishedAt", "hasError", "errorMessage", "statement", "projectId", "queryTypeId")
    VALUES ('1953', '2', '2023-05-10 22:07:11.415651', '2023-05-10 22:07:13.415651', 'False', 'None', 'SELECT Books.price, Orders.shipping_country FROM Books NATURAL JOIN Orders ON Books.price = Orders.shipping_country;', '3', '1');
INSERT INTO "QueryColumnAccess" ("queryId", "columnId")
    VALUES ('1953', '6');
INSERT INTO "QueryColumnAccess" ("queryId", "columnId")
    VALUES ('1953', '10');
INSERT INTO "QueryTableAccess" ("queryId", "tableId")
    VALUES ('1953', '1');
INSERT INTO "QueryTableAccess" ("queryId", "tableId")
    VALUES ('1953', '5');
SELECT 'Publishers.country', 'Books.price' FROM Publishers NATURAL JOIN Books ON 'Publishers.country' = 'Books.price';
INSERT INTO "SqlQuery" ("queryId", "userId", "issuedAt", "finishedAt", "hasError", "errorMessage", "statement", "projectId", "queryTypeId")
    VALUES ('1954', '6', '2023-05-12 22:07:11.415659', '2023-05-12 22:07:14.415659', 'False', 'None', 'SELECT Publishers.country, Books.price FROM Publishers NATURAL JOIN Books ON Publishers.country = Books.price;', '3', '1');
INSERT INTO "QueryColumnAccess" ("queryId", "columnId")
    VALUES ('1954', '4');
INSERT INTO "QueryColumnAccess" ("queryId", "columnId")
    VALUES ('1954', '6');
INSERT INTO "QueryTableAccess" ("queryId", "tableId")
    VALUES ('1954', '3');
INSERT INTO "QueryTableAccess" ("queryId", "tableId")
    VALUES ('1954', '1');
SELECT 'Customers.state', 'Publishers.publisher_name' FROM Customers NATURAL JOIN Publishers ON 'Customers.state' = 'Publishers.publisher_name';
INSERT INTO "SqlQuery" ("queryId", "userId", "issuedAt", "finishedAt", "hasError", "errorMessage", "statement", "projectId", "queryTypeId")
    VALUES ('1955', '4', '2023-05-22 22:07:11.415671', '2023-05-22 22:07:12.415671', 'False', 'None', 'SELECT Customers.state, Publishers.publisher_name FROM Customers NATURAL JOIN Publishers ON Customers.state = Publishers.publisher_name;', '3', '1');
INSERT INTO "QueryColumnAccess" ("queryId", "columnId")
    VALUES ('1955', '8');
INSERT INTO "QueryColumnAccess" ("queryId", "columnId")
    VALUES ('1955', '2');
INSERT INTO "QueryTableAccess" ("queryId", "tableId")
    VALUES ('1955', '4');
INSERT INTO "QueryTableAccess" ("queryId", "tableId")
    VALUES ('1955', '3');
SELECT 'Books.category_id', 'Customers.customer_id' FROM Books LEFT OUTER JOIN Customers ON 'Books.category_id' = 'Customers.customer_id';
INSERT INTO "SqlQuery" ("queryId", "userId", "issuedAt", "finishedAt", "hasError", "errorMessage", "statement", "projectId", "queryTypeId")
    VALUES ('1956', '3', '2023-04-17 22:07:11.415679', '2023-04-17 22:07:15.415679', 'False', 'None', 'SELECT Books.category_id, Customers.customer_id FROM Books LEFT OUTER JOIN Customers ON Books.category_id = Customers.customer_id;', '3', '1');
INSERT INTO "QueryColumnAccess" ("queryId", "columnId")
    VALUES ('1956', '7');
INSERT INTO "QueryColumnAccess" ("queryId", "columnId")
    VALUES ('1956', '1');
INSERT INTO "QueryTableAccess" ("queryId", "tableId")
    VALUES ('1956', '1');
INSERT INTO "QueryTableAccess" ("queryId", "tableId")
    VALUES ('1956', '4');
SELECT 'Books.book_id', 'Orders.shipping_address' FROM Books NATURAL JOIN Orders ON 'Books.book_id' = 'Orders.shipping_address';
INSERT INTO "SqlQuery" ("queryId", "userId", "issuedAt", "finishedAt", "hasError", "errorMessage", "statement", "projectId", "queryTypeId")
    VALUES ('1957', '15', '2023-07-03 22:07:11.415688', '2023-07-03 22:07:15.415688', 'False', 'None', 'SELECT Books.book_id, Orders.shipping_address FROM Books NATURAL JOIN Orders ON Books.book_id = Orders.shipping_address;', '3', '1');
INSERT INTO "QueryColumnAccess" ("queryId", "columnId")
    VALUES ('1957', '1');
INSERT INTO "QueryColumnAccess" ("queryId", "columnId")
    VALUES ('1957', '6');
INSERT INTO "QueryTableAccess" ("queryId", "tableId")
    VALUES ('1957', '1');
INSERT INTO "QueryTableAccess" ("queryId", "tableId")
    VALUES ('1957', '5');
SELECT 'Orders.order_date', 'Books.book_id' FROM Orders RIGHT OUTER JOIN Books ON 'Orders.order_date' = 'Books.book_id';
INSERT INTO "SqlQuery" ("queryId", "userId", "issuedAt", "finishedAt", "hasError", "errorMessage", "statement", "projectId", "queryTypeId")
    VALUES ('1958', '14', '2023-04-17 22:07:11.415697', '2023-04-17 22:07:12.415697', 'False', 'None', 'SELECT Orders.order_date, Books.book_id FROM Orders RIGHT OUTER JOIN Books ON Orders.order_date = Books.book_id;', '3', '1');
INSERT INTO "QueryColumnAccess" ("queryId", "columnId")
    VALUES ('1958', '3');
INSERT INTO "QueryColumnAccess" ("queryId", "columnId")
    VALUES ('1958', '1');
INSERT INTO "QueryTableAccess" ("queryId", "tableId")
    VALUES ('1958', '5');
INSERT INTO "QueryTableAccess" ("queryId", "tableId")
    VALUES ('1958', '1');
SELECT 'Orders.shipping_address', 'Books.publisher' FROM Orders NATURAL JOIN Books ON 'Orders.shipping_address' = 'Books.publisher';
INSERT INTO "SqlQuery" ("queryId", "userId", "issuedAt", "finishedAt", "hasError", "errorMessage", "statement", "projectId", "queryTypeId")
    VALUES ('1959', '6', '2023-04-15 22:07:11.415706', '2023-04-15 22:07:15.415706', 'False', 'None', 'SELECT Orders.shipping_address, Books.publisher FROM Orders NATURAL JOIN Books ON Orders.shipping_address = Books.publisher;', '3', '1');
INSERT INTO "QueryColumnAccess" ("queryId", "columnId")
    VALUES ('1959', '6');
INSERT INTO "QueryColumnAccess" ("queryId", "columnId")
    VALUES ('1959', '5');
INSERT INTO "QueryTableAccess" ("queryId", "tableId")
    VALUES ('1959', '5');
INSERT INTO "QueryTableAccess" ("queryId", "tableId")
    VALUES ('1959', '1');
SELECT 'Orders.shipping_city', 'Books.author' FROM Orders LEFT OUTER JOIN Books ON 'Orders.shipping_city' = 'Books.author';
INSERT INTO "SqlQuery" ("queryId", "userId", "issuedAt", "finishedAt", "hasError", "errorMessage", "statement", "projectId", "queryTypeId")
    VALUES ('1960', '13', '2023-04-17 22:07:11.415714', '2023-04-17 22:07:12.415714', 'False', 'None', 'SELECT Orders.shipping_city, Books.author FROM Orders LEFT OUTER JOIN Books ON Orders.shipping_city = Books.author;', '3', '1');
INSERT INTO "QueryColumnAccess" ("queryId", "columnId")
    VALUES ('1960', '7');
INSERT INTO "QueryColumnAccess" ("queryId", "columnId")
    VALUES ('1960', '3');
INSERT INTO "QueryTableAccess" ("queryId", "tableId")
    VALUES ('1960', '5');
INSERT INTO "QueryTableAccess" ("queryId", "tableId")
    VALUES ('1960', '1');
SELECT 'Customers.customer_id', 'Orders.order_id' FROM Customers RIGHT OUTER JOIN Orders ON 'Customers.customer_id' = 'Orders.order_id';
INSERT INTO "SqlQuery" ("queryId", "userId", "issuedAt", "finishedAt", "hasError", "errorMessage", "statement", "projectId", "queryTypeId")
    VALUES ('1961', '12', '2023-05-24 22:07:11.415723', '2023-05-24 22:07:12.415723', 'False', 'None', 'SELECT Customers.customer_id, Orders.order_id FROM Customers RIGHT OUTER JOIN Orders ON Customers.customer_id = Orders.order_id;', '3', '1');
INSERT INTO "QueryColumnAccess" ("queryId", "columnId")
    VALUES ('1961', '1');
INSERT INTO "QueryColumnAccess" ("queryId", "columnId")
    VALUES ('1961', '1');
INSERT INTO "QueryTableAccess" ("queryId", "tableId")
    VALUES ('1961', '4');
INSERT INTO "QueryTableAccess" ("queryId", "tableId")
    VALUES ('1961', '5');
SELECT 'Publishers.country', 'Authors.last_name' FROM Publishers NATURAL JOIN Authors ON 'Publishers.country' = 'Authors.last_name';
INSERT INTO "SqlQuery" ("queryId", "userId", "issuedAt", "finishedAt", "hasError", "errorMessage", "statement", "projectId", "queryTypeId")
    VALUES ('1962', '13', '2023-05-03 22:07:11.415732', '2023-05-03 22:07:14.415732', 'False', 'None', 'SELECT Publishers.country, Authors.last_name FROM Publishers NATURAL JOIN Authors ON Publishers.country = Authors.last_name;', '3', '1');
INSERT INTO "QueryColumnAccess" ("queryId", "columnId")
    VALUES ('1962', '4');
INSERT INTO "QueryColumnAccess" ("queryId", "columnId")
    VALUES ('1962', '3');
INSERT INTO "QueryTableAccess" ("queryId", "tableId")
    VALUES ('1962', '3');
INSERT INTO "QueryTableAccess" ("queryId", "tableId")
    VALUES ('1962', '2');
SELECT 'Authors.country', 'Orders.order_date' FROM Authors LEFT OUTER JOIN Orders ON 'Authors.country' = 'Orders.order_date';
INSERT INTO "SqlQuery" ("queryId", "userId", "issuedAt", "finishedAt", "hasError", "errorMessage", "statement", "projectId", "queryTypeId")
    VALUES ('1963', '8', '2023-06-13 22:07:11.415740', '2023-06-13 22:07:15.415740', 'False', 'None', 'SELECT Authors.country, Orders.order_date FROM Authors LEFT OUTER JOIN Orders ON Authors.country = Orders.order_date;', '3', '1');
INSERT INTO "QueryColumnAccess" ("queryId", "columnId")
    VALUES ('1963', '5');
INSERT INTO "QueryColumnAccess" ("queryId", "columnId")
    VALUES ('1963', '3');
INSERT INTO "QueryTableAccess" ("queryId", "tableId")
    VALUES ('1963', '2');
INSERT INTO "QueryTableAccess" ("queryId", "tableId")
    VALUES ('1963', '5');
SELECT 'Publishers.website', 'Books.publisher' FROM Publishers LEFT OUTER JOIN Books ON 'Publishers.website' = 'Books.publisher';
INSERT INTO "SqlQuery" ("queryId", "userId", "issuedAt", "finishedAt", "hasError", "errorMessage", "statement", "projectId", "queryTypeId")
    VALUES ('1964', '12', '2023-04-24 22:07:11.415749', '2023-04-24 22:07:12.415749', 'False', 'None', 'SELECT Publishers.website, Books.publisher FROM Publishers LEFT OUTER JOIN Books ON Publishers.website = Books.publisher;', '3', '1');
INSERT INTO "QueryColumnAccess" ("queryId", "columnId")
    VALUES ('1964', '5');
INSERT INTO "QueryColumnAccess" ("queryId", "columnId")
    VALUES ('1964', '5');
INSERT INTO "QueryTableAccess" ("queryId", "tableId")
    VALUES ('1964', '3');
INSERT INTO "QueryTableAccess" ("queryId", "tableId")
    VALUES ('1964', '1');
SELECT 'Publishers.publisher_name', 'Books.price' FROM Publishers RIGHT OUTER JOIN Books ON 'Publishers.publisher_name' = 'Books.price';
INSERT INTO "SqlQuery" ("queryId", "userId", "issuedAt", "finishedAt", "hasError", "errorMessage", "statement", "projectId", "queryTypeId")
    VALUES ('1965', '14', '2023-07-05 22:07:11.415762', '2023-07-05 22:07:13.415762', 'False', 'None', 'SELECT Publishers.publisher_name, Books.price FROM Publishers RIGHT OUTER JOIN Books ON Publishers.publisher_name = Books.price;', '3', '1');
INSERT INTO "QueryColumnAccess" ("queryId", "columnId")
    VALUES ('1965', '2');
INSERT INTO "QueryColumnAccess" ("queryId", "columnId")
    VALUES ('1965', '6');
INSERT INTO "QueryTableAccess" ("queryId", "tableId")
    VALUES ('1965', '3');
INSERT INTO "QueryTableAccess" ("queryId", "tableId")
    VALUES ('1965', '1');
SELECT 'Publishers.country', 'Customers.address' FROM Publishers LEFT OUTER JOIN Customers ON 'Publishers.country' = 'Customers.address';
INSERT INTO "SqlQuery" ("queryId", "userId", "issuedAt", "finishedAt", "hasError", "errorMessage", "statement", "projectId", "queryTypeId")
    VALUES ('1966', '15', '2023-06-13 22:07:11.415771', '2023-06-13 22:07:13.415771', 'False', 'None', 'SELECT Publishers.country, Customers.address FROM Publishers LEFT OUTER JOIN Customers ON Publishers.country = Customers.address;', '3', '1');
INSERT INTO "QueryColumnAccess" ("queryId", "columnId")
    VALUES ('1966', '4');
INSERT INTO "QueryColumnAccess" ("queryId", "columnId")
    VALUES ('1966', '6');
INSERT INTO "QueryTableAccess" ("queryId", "tableId")
    VALUES ('1966', '3');
INSERT INTO "QueryTableAccess" ("queryId", "tableId")
    VALUES ('1966', '4');
SELECT 'Books.publication_date', 'Customers.last_name' FROM Books LEFT OUTER JOIN Customers ON 'Books.publication_date' = 'Customers.last_name';
INSERT INTO "SqlQuery" ("queryId", "userId", "issuedAt", "finishedAt", "hasError", "errorMessage", "statement", "projectId", "queryTypeId")
    VALUES ('1967', '6', '2023-04-19 22:07:11.415779', '2023-04-19 22:07:14.415779', 'False', 'None', 'SELECT Books.publication_date, Customers.last_name FROM Books LEFT OUTER JOIN Customers ON Books.publication_date = Customers.last_name;', '3', '1');
INSERT INTO "QueryColumnAccess" ("queryId", "columnId")
    VALUES ('1967', '4');
INSERT INTO "QueryColumnAccess" ("queryId", "columnId")
    VALUES ('1967', '3');
INSERT INTO "QueryTableAccess" ("queryId", "tableId")
    VALUES ('1967', '1');
INSERT INTO "QueryTableAccess" ("queryId", "tableId")
    VALUES ('1967', '4');
SELECT 'Publishers.publisher_id', 'Authors.author_id' FROM Publishers NATURAL JOIN Authors ON 'Publishers.publisher_id' = 'Authors.author_id';
INSERT INTO "SqlQuery" ("queryId", "userId", "issuedAt", "finishedAt", "hasError", "errorMessage", "statement", "projectId", "queryTypeId")
    VALUES ('1968', '1', '2023-04-12 22:07:11.415788', '2023-04-12 22:07:13.415788', 'False', 'None', 'SELECT Publishers.publisher_id, Authors.author_id FROM Publishers NATURAL JOIN Authors ON Publishers.publisher_id = Authors.author_id;', '3', '1');
INSERT INTO "QueryColumnAccess" ("queryId", "columnId")
    VALUES ('1968', '1');
INSERT INTO "QueryColumnAccess" ("queryId", "columnId")
    VALUES ('1968', '1');
INSERT INTO "QueryTableAccess" ("queryId", "tableId")
    VALUES ('1968', '3');
INSERT INTO "QueryTableAccess" ("queryId", "tableId")
    VALUES ('1968', '2');
SELECT 'Customers.email', 'Authors.first_name' FROM Customers RIGHT OUTER JOIN Authors ON 'Customers.email' = 'Authors.first_name';
INSERT INTO "SqlQuery" ("queryId", "userId", "issuedAt", "finishedAt", "hasError", "errorMessage", "statement", "projectId", "queryTypeId")
    VALUES ('1969', '11', '2023-05-05 22:07:11.415797', '2023-05-05 22:07:15.415797', 'False', 'None', 'SELECT Customers.email, Authors.first_name FROM Customers RIGHT OUTER JOIN Authors ON Customers.email = Authors.first_name;', '3', '1');
INSERT INTO "QueryColumnAccess" ("queryId", "columnId")
    VALUES ('1969', '4');
INSERT INTO "QueryColumnAccess" ("queryId", "columnId")
    VALUES ('1969', '2');
INSERT INTO "QueryTableAccess" ("queryId", "tableId")
    VALUES ('1969', '4');
INSERT INTO "QueryTableAccess" ("queryId", "tableId")
    VALUES ('1969', '2');
SELECT 'Orders.shipping_address', 'Books.author' FROM Orders RIGHT OUTER JOIN Books ON 'Orders.shipping_address' = 'Books.author';
INSERT INTO "SqlQuery" ("queryId", "userId", "issuedAt", "finishedAt", "hasError", "errorMessage", "statement", "projectId", "queryTypeId")
    VALUES ('1970', '2', '2023-05-17 22:07:11.415806', '2023-05-17 22:07:14.415806', 'False', 'None', 'SELECT Orders.shipping_address, Books.author FROM Orders RIGHT OUTER JOIN Books ON Orders.shipping_address = Books.author;', '3', '1');
INSERT INTO "QueryColumnAccess" ("queryId", "columnId")
    VALUES ('1970', '6');
INSERT INTO "QueryColumnAccess" ("queryId", "columnId")
    VALUES ('1970', '3');
INSERT INTO "QueryTableAccess" ("queryId", "tableId")
    VALUES ('1970', '5');
INSERT INTO "QueryTableAccess" ("queryId", "tableId")
    VALUES ('1970', '1');
SELECT 'Authors.author_id', 'Publishers.publisher_name' FROM Authors LEFT OUTER JOIN Publishers ON 'Authors.author_id' = 'Publishers.publisher_name';
INSERT INTO "SqlQuery" ("queryId", "userId", "issuedAt", "finishedAt", "hasError", "errorMessage", "statement", "projectId", "queryTypeId")
    VALUES ('1971', '2', '2023-04-21 22:07:11.415814', '2023-04-21 22:07:14.415814', 'False', 'None', 'SELECT Authors.author_id, Publishers.publisher_name FROM Authors LEFT OUTER JOIN Publishers ON Authors.author_id = Publishers.publisher_name;', '3', '1');
INSERT INTO "QueryColumnAccess" ("queryId", "columnId")
    VALUES ('1971', '1');
INSERT INTO "QueryColumnAccess" ("queryId", "columnId")
    VALUES ('1971', '2');
INSERT INTO "QueryTableAccess" ("queryId", "tableId")
    VALUES ('1971', '2');
INSERT INTO "QueryTableAccess" ("queryId", "tableId")
    VALUES ('1971', '3');
SELECT 'Publishers.publisher_id', 'Orders.shipping_city' FROM Publishers NATURAL JOIN Orders ON 'Publishers.publisher_id' = 'Orders.shipping_city';
INSERT INTO "SqlQuery" ("queryId", "userId", "issuedAt", "finishedAt", "hasError", "errorMessage", "statement", "projectId", "queryTypeId")
    VALUES ('1972', '12', '2023-07-06 22:07:11.415823', '2023-07-06 22:07:14.415823', 'False', 'None', 'SELECT Publishers.publisher_id, Orders.shipping_city FROM Publishers NATURAL JOIN Orders ON Publishers.publisher_id = Orders.shipping_city;', '3', '1');
INSERT INTO "QueryColumnAccess" ("queryId", "columnId")
    VALUES ('1972', '1');
INSERT INTO "QueryColumnAccess" ("queryId", "columnId")
    VALUES ('1972', '7');
INSERT INTO "QueryTableAccess" ("queryId", "tableId")
    VALUES ('1972', '3');
INSERT INTO "QueryTableAccess" ("queryId", "tableId")
    VALUES ('1972', '5');
SELECT 'Customers.email', 'Publishers.established_date' FROM Customers NATURAL JOIN Publishers ON 'Customers.email' = 'Publishers.established_date';
INSERT INTO "SqlQuery" ("queryId", "userId", "issuedAt", "finishedAt", "hasError", "errorMessage", "statement", "projectId", "queryTypeId")
    VALUES ('1973', '8', '2023-05-08 22:07:11.415832', '2023-05-08 22:07:12.415832', 'False', 'None', 'SELECT Customers.email, Publishers.established_date FROM Customers NATURAL JOIN Publishers ON Customers.email = Publishers.established_date;', '3', '1');
INSERT INTO "QueryColumnAccess" ("queryId", "columnId")
    VALUES ('1973', '4');
INSERT INTO "QueryColumnAccess" ("queryId", "columnId")
    VALUES ('1973', '3');
INSERT INTO "QueryTableAccess" ("queryId", "tableId")
    VALUES ('1973', '4');
INSERT INTO "QueryTableAccess" ("queryId", "tableId")
    VALUES ('1973', '3');
SELECT 'Orders.status', 'Books.publisher' FROM Orders LEFT OUTER JOIN Books ON 'Orders.status' = 'Books.publisher';
INSERT INTO "SqlQuery" ("queryId", "userId", "issuedAt", "finishedAt", "hasError", "errorMessage", "statement", "projectId", "queryTypeId")
    VALUES ('1974', '10', '2023-04-20 22:07:11.415844', '2023-04-20 22:07:12.415844', 'False', 'None', 'SELECT Orders.status, Books.publisher FROM Orders LEFT OUTER JOIN Books ON Orders.status = Books.publisher;', '3', '1');
INSERT INTO "QueryColumnAccess" ("queryId", "columnId")
    VALUES ('1974', '5');
INSERT INTO "QueryColumnAccess" ("queryId", "columnId")
    VALUES ('1974', '5');
INSERT INTO "QueryTableAccess" ("queryId", "tableId")
    VALUES ('1974', '5');
INSERT INTO "QueryTableAccess" ("queryId", "tableId")
    VALUES ('1974', '1');
SELECT 'Books.book_id', 'Orders.order_id' FROM Books NATURAL JOIN Orders ON 'Books.book_id' = 'Orders.order_id';
INSERT INTO "SqlQuery" ("queryId", "userId", "issuedAt", "finishedAt", "hasError", "errorMessage", "statement", "projectId", "queryTypeId")
    VALUES ('1975', '7', '2023-07-02 22:07:11.415853', '2023-07-02 22:07:15.415853', 'False', 'None', 'SELECT Books.book_id, Orders.order_id FROM Books NATURAL JOIN Orders ON Books.book_id = Orders.order_id;', '3', '1');
INSERT INTO "QueryColumnAccess" ("queryId", "columnId")
    VALUES ('1975', '1');
INSERT INTO "QueryColumnAccess" ("queryId", "columnId")
    VALUES ('1975', '1');
INSERT INTO "QueryTableAccess" ("queryId", "tableId")
    VALUES ('1975', '1');
INSERT INTO "QueryTableAccess" ("queryId", "tableId")
    VALUES ('1975', '5');
SELECT 'Orders.order_date', 'Authors.author_id' FROM Orders LEFT OUTER JOIN Authors ON 'Orders.order_date' = 'Authors.author_id';
INSERT INTO "SqlQuery" ("queryId", "userId", "issuedAt", "finishedAt", "hasError", "errorMessage", "statement", "projectId", "queryTypeId")
    VALUES ('1976', '4', '2023-07-08 22:07:11.415862', '2023-07-08 22:07:14.415862', 'False', 'None', 'SELECT Orders.order_date, Authors.author_id FROM Orders LEFT OUTER JOIN Authors ON Orders.order_date = Authors.author_id;', '3', '1');
INSERT INTO "QueryColumnAccess" ("queryId", "columnId")
    VALUES ('1976', '3');
INSERT INTO "QueryColumnAccess" ("queryId", "columnId")
    VALUES ('1976', '1');
INSERT INTO "QueryTableAccess" ("queryId", "tableId")
    VALUES ('1976', '5');
INSERT INTO "QueryTableAccess" ("queryId", "tableId")
    VALUES ('1976', '2');
SELECT 'Orders.shipping_city', 'Publishers.established_date' FROM Orders LEFT OUTER JOIN Publishers ON 'Orders.shipping_city' = 'Publishers.established_date';
INSERT INTO "SqlQuery" ("queryId", "userId", "issuedAt", "finishedAt", "hasError", "errorMessage", "statement", "projectId", "queryTypeId")
    VALUES ('1977', '9', '2023-06-01 22:07:11.415870', '2023-06-01 22:07:14.415870', 'False', 'None', 'SELECT Orders.shipping_city, Publishers.established_date FROM Orders LEFT OUTER JOIN Publishers ON Orders.shipping_city = Publishers.established_date;', '3', '1');
INSERT INTO "QueryColumnAccess" ("queryId", "columnId")
    VALUES ('1977', '7');
INSERT INTO "QueryColumnAccess" ("queryId", "columnId")
    VALUES ('1977', '3');
INSERT INTO "QueryTableAccess" ("queryId", "tableId")
    VALUES ('1977', '5');
INSERT INTO "QueryTableAccess" ("queryId", "tableId")
    VALUES ('1977', '3');
SELECT 'Customers.email', 'Authors.last_name' FROM Customers LEFT OUTER JOIN Authors ON 'Customers.email' = 'Authors.last_name';
INSERT INTO "SqlQuery" ("queryId", "userId", "issuedAt", "finishedAt", "hasError", "errorMessage", "statement", "projectId", "queryTypeId")
    VALUES ('1978', '6', '2023-06-04 22:07:11.415879', '2023-06-04 22:07:15.415879', 'False', 'None', 'SELECT Customers.email, Authors.last_name FROM Customers LEFT OUTER JOIN Authors ON Customers.email = Authors.last_name;', '3', '1');
INSERT INTO "QueryColumnAccess" ("queryId", "columnId")
    VALUES ('1978', '4');
INSERT INTO "QueryColumnAccess" ("queryId", "columnId")
    VALUES ('1978', '3');
INSERT INTO "QueryTableAccess" ("queryId", "tableId")
    VALUES ('1978', '4');
INSERT INTO "QueryTableAccess" ("queryId", "tableId")
    VALUES ('1978', '2');
SELECT 'Authors.country', 'Books.price' FROM Authors RIGHT OUTER JOIN Books ON 'Authors.country' = 'Books.price';
INSERT INTO "SqlQuery" ("queryId", "userId", "issuedAt", "finishedAt", "hasError", "errorMessage", "statement", "projectId", "queryTypeId")
    VALUES ('1979', '10', '2023-05-24 22:07:11.415888', '2023-05-24 22:07:13.415888', 'False', 'None', 'SELECT Authors.country, Books.price FROM Authors RIGHT OUTER JOIN Books ON Authors.country = Books.price;', '3', '1');
INSERT INTO "QueryColumnAccess" ("queryId", "columnId")
    VALUES ('1979', '5');
INSERT INTO "QueryColumnAccess" ("queryId", "columnId")
    VALUES ('1979', '6');
INSERT INTO "QueryTableAccess" ("queryId", "tableId")
    VALUES ('1979', '2');
INSERT INTO "QueryTableAccess" ("queryId", "tableId")
    VALUES ('1979', '1');
SELECT 'Customers.city', 'Publishers.publisher_id' FROM Customers LEFT OUTER JOIN Publishers ON 'Customers.city' = 'Publishers.publisher_id';
INSERT INTO "SqlQuery" ("queryId", "userId", "issuedAt", "finishedAt", "hasError", "errorMessage", "statement", "projectId", "queryTypeId")
    VALUES ('1980', '13', '2023-07-01 22:07:11.415896', '2023-07-01 22:07:13.415896', 'False', 'None', 'SELECT Customers.city, Publishers.publisher_id FROM Customers LEFT OUTER JOIN Publishers ON Customers.city = Publishers.publisher_id;', '3', '1');
INSERT INTO "QueryColumnAccess" ("queryId", "columnId")
    VALUES ('1980', '7');
INSERT INTO "QueryColumnAccess" ("queryId", "columnId")
    VALUES ('1980', '1');
INSERT INTO "QueryTableAccess" ("queryId", "tableId")
    VALUES ('1980', '4');
INSERT INTO "QueryTableAccess" ("queryId", "tableId")
    VALUES ('1980', '3');
SELECT 'Publishers.websiter', 'Orders.shipping_zip_code' FROM Publishers LEFT OUTER JOIN Orders ON 'Publishers.website' = 'Orders.shipping_zip_code';
INSERT INTO "SqlQuery" ("queryId", "userId", "issuedAt", "finishedAt", "hasError", "errorMessage", "statement", "projectId", "queryTypeId")
    VALUES ('1981', '2', '2023-04-18 22:44:02.716358', 'None', 'True', 'Table/Column not found', 'SELECT Publishers.websiter, Orders.shipping_zip_code FROM Publishers LEFT OUTER JOIN Orders ON Publishers.website = Orders.shipping_zip_code;', '3', '1');
SELECT 'Books.titler', 'Orders.total_amount' FROM Books NATURAL JOIN Orders ON 'Books.title' = 'Orders.total_amount';
INSERT INTO "SqlQuery" ("queryId", "userId", "issuedAt", "finishedAt", "hasError", "errorMessage", "statement", "projectId", "queryTypeId")
    VALUES ('1982', '9', '2023-04-30 22:44:02.716380', 'None', 'True', 'Table/Column not found', 'SELECT Books.titler, Orders.total_amount FROM Books NATURAL JOIN Orders ON Books.title = Orders.total_amount;', '3', '1');
SELECT 'Orders.shipping_cityr', 'Books.price' FROM Orders LEFT OUTER JOIN Books ON 'Orders.shipping_city' = 'Books.price';
INSERT INTO "SqlQuery" ("queryId", "userId", "issuedAt", "finishedAt", "hasError", "errorMessage", "statement", "projectId", "queryTypeId")
    VALUES ('1983', '13', '2023-06-15 22:44:02.716391', 'None', 'True', 'Table/Column not found', 'SELECT Orders.shipping_cityr, Books.price FROM Orders LEFT OUTER JOIN Books ON Orders.shipping_city = Books.price;', '3', '1');
SELECT 'Books.publisherr', 'Publishers.publisher_name' FROM Books LEFT OUTER JOIN Publishers ON 'Books.publisher' = 'Publishers.publisher_name';
INSERT INTO "SqlQuery" ("queryId", "userId", "issuedAt", "finishedAt", "hasError", "errorMessage", "statement", "projectId", "queryTypeId")
    VALUES ('1984', '11', '2023-06-05 22:44:02.716398', 'None', 'True', 'Table/Column not found', 'SELECT Books.publisherr, Publishers.publisher_name FROM Books LEFT OUTER JOIN Publishers ON Books.publisher = Publishers.publisher_name;', '3', '1');
SELECT 'Books.titler', 'Publishers.publisher_id' FROM Books RIGHT OUTER JOIN Publishers ON 'Books.title' = 'Publishers.publisher_id';
INSERT INTO "SqlQuery" ("queryId", "userId", "issuedAt", "finishedAt", "hasError", "errorMessage", "statement", "projectId", "queryTypeId")
    VALUES ('1985', '4', '2023-05-26 22:44:02.716406', 'None', 'True', 'Table/Column not found', 'SELECT Books.titler, Publishers.publisher_id FROM Books RIGHT OUTER JOIN Publishers ON Books.title = Publishers.publisher_id;', '3', '1');
SELECT 'Customers.phone_numberr', 'Orders.shipping_country' FROM Customers RIGHT OUTER JOIN Orders ON 'Customers.phone_number' = 'Orders.shipping_country';
INSERT INTO "SqlQuery" ("queryId", "userId", "issuedAt", "finishedAt", "hasError", "errorMessage", "statement", "projectId", "queryTypeId")
    VALUES ('1986', '5', '2023-07-09 22:44:02.716413', 'None', 'True', 'Table/Column not found', 'SELECT Customers.phone_numberr, Orders.shipping_country FROM Customers RIGHT OUTER JOIN Orders ON Customers.phone_number = Orders.shipping_country;', '3', '1');
SELECT 'Authors.first_namer', 'Orders.order_date' FROM Authors NATURAL JOIN Orders ON 'Authors.first_name' = 'Orders.order_date';
INSERT INTO "SqlQuery" ("queryId", "userId", "issuedAt", "finishedAt", "hasError", "errorMessage", "statement", "projectId", "queryTypeId")
    VALUES ('1987', '1', '2023-05-16 22:44:02.716421', 'None', 'True', 'Table/Column not found', 'SELECT Authors.first_namer, Orders.order_date FROM Authors NATURAL JOIN Orders ON Authors.first_name = Orders.order_date;', '3', '1');
SELECT 'Customers.addressr', 'Books.category_id' FROM Customers NATURAL JOIN Books ON 'Customers.address' = 'Books.category_id';
INSERT INTO "SqlQuery" ("queryId", "userId", "issuedAt", "finishedAt", "hasError", "errorMessage", "statement", "projectId", "queryTypeId")
    VALUES ('1988', '1', '2023-04-30 22:44:02.716428', 'None', 'True', 'Table/Column not found', 'SELECT Customers.addressr, Books.category_id FROM Customers NATURAL JOIN Books ON Customers.address = Books.category_id;', '3', '1');
SELECT 'Customers.zip_coder', 'Publishers.publisher_id' FROM Customers LEFT OUTER JOIN Publishers ON 'Customers.zip_code' = 'Publishers.publisher_id';
INSERT INTO "SqlQuery" ("queryId", "userId", "issuedAt", "finishedAt", "hasError", "errorMessage", "statement", "projectId", "queryTypeId")
    VALUES ('1989', '1', '2023-05-26 22:44:02.716435', 'None', 'True', 'Table/Column not found', 'SELECT Customers.zip_coder, Publishers.publisher_id FROM Customers LEFT OUTER JOIN Publishers ON Customers.zip_code = Publishers.publisher_id;', '3', '1');
SELECT 'Authors.countryr', 'Customers.email' FROM Authors RIGHT OUTER JOIN Customers ON 'Authors.country' = 'Customers.email';
INSERT INTO "SqlQuery" ("queryId", "userId", "issuedAt", "finishedAt", "hasError", "errorMessage", "statement", "projectId", "queryTypeId")
    VALUES ('1990', '15', '2023-04-12 22:44:02.716443', 'None', 'True', 'Table/Column not found', 'SELECT Authors.countryr, Customers.email FROM Authors RIGHT OUTER JOIN Customers ON Authors.country = Customers.email;', '3', '1');
SELECT 'Authors.first_name', 'Orders.shipping_city' FROM Authors Orders ON 'Authors.first_name' = 'Orders.shipping_city';
INSERT INTO "SqlQuery" ("queryId", "userId", "issuedAt", "finishedAt", "hasError", "errorMessage", "statement", "projectId", "queryTypeId")
    VALUES ('1991', '14', '2023-06-15 22:48:09.328140', 'None', 'True', 'Missing keyword', 'SELECT Authors.first_name, Orders.shipping_city FROM Authors Orders ON Authors.first_name = Orders.shipping_city;', '3', '1');
SELECT 'Books.author', 'Customers.city' FROM Books Customers ON 'Books.author' = 'Customers.city';
INSERT INTO "SqlQuery" ("queryId", "userId", "issuedAt", "finishedAt", "hasError", "errorMessage", "statement", "projectId", "queryTypeId")
    VALUES ('1992', '3', '2023-04-19 22:48:09.328158', 'None', 'True', 'Missing keyword', 'SELECT Books.author, Customers.city FROM Books Customers ON Books.author = Customers.city;', '3', '1');
SELECT 'Publishers.publisher_name', 'Customers.zip_code' FROM Publishers Customers ON 'Publishers.publisher_name' = 'Customers.zip_code';
INSERT INTO "SqlQuery" ("queryId", "userId", "issuedAt", "finishedAt", "hasError", "errorMessage", "statement", "projectId", "queryTypeId")
    VALUES ('1993', '8', '2023-04-13 22:48:09.328167', 'None', 'True', 'Missing keyword', 'SELECT Publishers.publisher_name, Customers.zip_code FROM Publishers Customers ON Publishers.publisher_name = Customers.zip_code;', '3', '1');
SELECT 'Orders.order_id', 'Authors.birth_date' FROM Orders Authors ON 'Orders.order_id' = 'Authors.birth_date';
INSERT INTO "SqlQuery" ("queryId", "userId", "issuedAt", "finishedAt", "hasError", "errorMessage", "statement", "projectId", "queryTypeId")
    VALUES ('1994', '3', '2023-04-12 22:48:09.328175', 'None', 'True', 'Missing keyword', 'SELECT Orders.order_id, Authors.birth_date FROM Orders Authors ON Orders.order_id = Authors.birth_date;', '3', '1');
SELECT 'Customers.phone_number', 'Orders.shipping_country' FROM Customers Orders ON 'Customers.phone_number' = 'Orders.shipping_country';
INSERT INTO "SqlQuery" ("queryId", "userId", "issuedAt", "finishedAt", "hasError", "errorMessage", "statement", "projectId", "queryTypeId")
    VALUES ('1995', '10', '2023-06-19 22:48:09.328182', 'None', 'True', 'Missing keyword', 'SELECT Customers.phone_number, Orders.shipping_country FROM Customers Orders ON Customers.phone_number = Orders.shipping_country;', '3', '1');
SELECT 'Orders.order_id', 'Publishers.established_date' FROM Orders Publishers ON 'Orders.order_id' = 'Publishers.established_date';
INSERT INTO "SqlQuery" ("queryId", "userId", "issuedAt", "finishedAt", "hasError", "errorMessage", "statement", "projectId", "queryTypeId")
    VALUES ('1996', '7', '2023-05-05 22:48:09.328189', 'None', 'True', 'Missing keyword', 'SELECT Orders.order_id, Publishers.established_date FROM Orders Publishers ON Orders.order_id = Publishers.established_date;', '3', '1');
SELECT 'Books.publisher', 'Authors.author_id' FROM Books Authors ON 'Books.publisher' = 'Authors.author_id';
INSERT INTO "SqlQuery" ("queryId", "userId", "issuedAt", "finishedAt", "hasError", "errorMessage", "statement", "projectId", "queryTypeId")
    VALUES ('1997', '2', '2023-05-26 22:48:09.328196', 'None', 'True', 'Missing keyword', 'SELECT Books.publisher, Authors.author_id FROM Books Authors ON Books.publisher = Authors.author_id;', '3', '1');
SELECT 'Authors.last_name', 'Publishers.website' FROM Authors Publishers ON 'Authors.last_name' = 'Publishers.website';
INSERT INTO "SqlQuery" ("queryId", "userId", "issuedAt", "finishedAt", "hasError", "errorMessage", "statement", "projectId", "queryTypeId")
    VALUES ('1998', '9', '2023-05-31 22:48:09.328202', 'None', 'True', 'Missing keyword', 'SELECT Authors.last_name, Publishers.website FROM Authors Publishers ON Authors.last_name = Publishers.website;', '3', '1');
SELECT 'Orders.shipping_address', 'Publishers.website' FROM Orders Publishers ON 'Orders.shipping_address' = 'Publishers.website';
INSERT INTO "SqlQuery" ("queryId", "userId", "issuedAt", "finishedAt", "hasError", "errorMessage", "statement", "projectId", "queryTypeId")
    VALUES ('1999', '13', '2023-04-18 22:48:09.328209', 'None', 'True', 'Missing keyword', 'SELECT Orders.shipping_address, Publishers.website FROM Orders Publishers ON Orders.shipping_address = Publishers.website;', '3', '1');
SELECT 'Publishers.publisher_id', 'Customers.phone_number' FROM Publishers Customers ON 'Publishers.publisher_id' = 'Customers.phone_number';
INSERT INTO "SqlQuery" ("queryId", "userId", "issuedAt", "finishedAt", "hasError", "errorMessage", "statement", "projectId", "queryTypeId")
    VALUES ('2000', '5', '2023-06-13 22:48:09.328215', 'None', 'True', 'Missing keyword', 'SELECT Publishers.publisher_id, Customers.phone_number FROM Publishers Customers ON Publishers.publisher_id = Customers.phone_number;', '3', '1');
