INSERT INTO "Table" ("tableId", "tableName", "schemaId")
VALUES (1, "Customers", 1);

INSERT INTO "Table" ("tableId", "tableName", "schemaId")
VALUES (2, "Orders", 1);

INSERT INTO "Table" ("tableId", "tableName", "schemaId")
VALUES (3, "Products", 1);

INSERT INTO "Table" ("tableId", "tableName", "schemaId")
VALUES (4, "Categories", 1);

INSERT INTO "Table" ("tableId", "tableName", "schemaId")
VALUES (5, "OrderItems", 1);

INSERT INTO "Column" ("columnName", "tableId", "columnTypeId")
VALUES
    ('customer_id', 1, 7),
    ('first_name', 1, 11),
    ('last_name', 1, 11),
    ('email', 1, 11),
    ('phone_number', 1, 11),
    ('address', 1, 11);

INSERT INTO "Column" ("columnName", "tableId", "columnTypeId")
VALUES
    ('order_id', 2, 7),
    ('customer_id', 2, 7),
    ('order_date', 2, 4),
    ('total_amount', 2, 6),
    ('payment_method', 2, 11),
    ('shipping_address', 2, 11);

INSERT INTO "Column" ("columnName", "tableId", "columnTypeId")
VALUES
    ('product_id', 3, 7),
    ('product_name', 3, 11),
    ('category', 3, 11),
    ('price', 3, 5),
    ('description', 3, 11),
    ('quantity', 3, 7);

INSERT INTO "Column" ("columnName", "tableId", "columnTypeId")
VALUES
    ('category_id', 4, 7),
    ('category_name', 4, 11),
    ('description', 4, 11),
    ('parent_category_id', 4, 7);

INSERT INTO "Column" ("columnName", "tableId", "columnTypeId")
VALUES
    ('order_item_id', 5, 7),
    ('order_id', 5, 7),
    ('product_id', 5, 7),
    ('quantity', 5, 4),
    ('unit_price', 5, 3);

SELECT 'category_name' FROM Categories;
INSERT INTO "SqlQuery" ("queryId", "userId", "issuedAt", "finishedAt", "hasError", "errorMessage", "statement", "projectId", "queryTypeId")
    VALUES ('1', '1', '2023-06-06 21:02:59.563543', '2023-06-06 21:03:00.563543', 'False', 'None', 'SELECT category_name FROM Categories', '1', '1');
INSERT INTO "QueryColumnAccess" ("queryId", "columnId")
    VALUES ('1', '2');
INSERT INTO "QueryTableAccess" ("queryId", "tableId")
    VALUES ('1', '4');
SELECT 'phone_number' FROM Customers;
INSERT INTO "SqlQuery" ("queryId", "userId", "issuedAt", "finishedAt", "hasError", "errorMessage", "statement", "projectId", "queryTypeId")
    VALUES ('2', '4', '2023-06-17 21:02:59.563574', '2023-06-17 21:03:00.563574', 'False', 'None', 'SELECT phone_number FROM Customers', '1', '1');
INSERT INTO "QueryColumnAccess" ("queryId", "columnId")
    VALUES ('2', '5');
INSERT INTO "QueryTableAccess" ("queryId", "tableId")
    VALUES ('2', '1');
SELECT 'parent_category_id' FROM Categories;
INSERT INTO "SqlQuery" ("queryId", "userId", "issuedAt", "finishedAt", "hasError", "errorMessage", "statement", "projectId", "queryTypeId")
    VALUES ('3', '3', '2023-05-18 21:02:59.563584', '2023-05-18 21:03:02.563584', 'False', 'None', 'SELECT parent_category_id FROM Categories', '1', '1');
INSERT INTO "QueryColumnAccess" ("queryId", "columnId")
    VALUES ('3', '4');
INSERT INTO "QueryTableAccess" ("queryId", "tableId")
    VALUES ('3', '4');
SELECT 'description' FROM Categories;
INSERT INTO "SqlQuery" ("queryId", "userId", "issuedAt", "finishedAt", "hasError", "errorMessage", "statement", "projectId", "queryTypeId")
    VALUES ('4', '11', '2023-04-26 21:02:59.563592', '2023-04-26 21:03:01.563592', 'False', 'None', 'SELECT description FROM Categories', '1', '1');
INSERT INTO "QueryColumnAccess" ("queryId", "columnId")
    VALUES ('4', '3');
INSERT INTO "QueryTableAccess" ("queryId", "tableId")
    VALUES ('4', '4');
SELECT 'first_name' FROM Customers;
INSERT INTO "SqlQuery" ("queryId", "userId", "issuedAt", "finishedAt", "hasError", "errorMessage", "statement", "projectId", "queryTypeId")
    VALUES ('5', '3', '2023-04-29 21:02:59.563599', '2023-04-29 21:03:02.563599', 'False', 'None', 'SELECT first_name FROM Customers', '1', '1');
INSERT INTO "QueryColumnAccess" ("queryId", "columnId")
    VALUES ('5', '2');
INSERT INTO "QueryTableAccess" ("queryId", "tableId")
    VALUES ('5', '1');
SELECT 'customer_id' FROM Orders;
INSERT INTO "SqlQuery" ("queryId", "userId", "issuedAt", "finishedAt", "hasError", "errorMessage", "statement", "projectId", "queryTypeId")
    VALUES ('6', '3', '2023-07-04 21:02:59.563606', '2023-07-04 21:03:00.563606', 'False', 'None', 'SELECT customer_id FROM Orders', '1', '1');
INSERT INTO "QueryColumnAccess" ("queryId", "columnId")
    VALUES ('6', '2');
INSERT INTO "QueryTableAccess" ("queryId", "tableId")
    VALUES ('6', '2');
SELECT 'description' FROM Categories;
INSERT INTO "SqlQuery" ("queryId", "userId", "issuedAt", "finishedAt", "hasError", "errorMessage", "statement", "projectId", "queryTypeId")
    VALUES ('7', '8', '2023-04-17 21:02:59.563613', '2023-04-17 21:03:02.563613', 'False', 'None', 'SELECT description FROM Categories', '1', '1');
INSERT INTO "QueryColumnAccess" ("queryId", "columnId")
    VALUES ('7', '3');
INSERT INTO "QueryTableAccess" ("queryId", "tableId")
    VALUES ('7', '4');
SELECT 'description' FROM Products;
INSERT INTO "SqlQuery" ("queryId", "userId", "issuedAt", "finishedAt", "hasError", "errorMessage", "statement", "projectId", "queryTypeId")
    VALUES ('8', '2', '2023-05-09 21:02:59.563620', '2023-05-09 21:03:03.563620', 'False', 'None', 'SELECT description FROM Products', '1', '1');
INSERT INTO "QueryColumnAccess" ("queryId", "columnId")
    VALUES ('8', '5');
INSERT INTO "QueryTableAccess" ("queryId", "tableId")
    VALUES ('8', '3');
SELECT 'quantity' FROM OrderItems;
INSERT INTO "SqlQuery" ("queryId", "userId", "issuedAt", "finishedAt", "hasError", "errorMessage", "statement", "projectId", "queryTypeId")
    VALUES ('9', '4', '2023-05-06 21:02:59.563627', '2023-05-06 21:03:00.563627', 'False', 'None', 'SELECT quantity FROM OrderItems', '1', '1');
INSERT INTO "QueryColumnAccess" ("queryId", "columnId")
    VALUES ('9', '4');
INSERT INTO "QueryTableAccess" ("queryId", "tableId")
    VALUES ('9', '5');
SELECT 'customer_id' FROM Customers;
INSERT INTO "SqlQuery" ("queryId", "userId", "issuedAt", "finishedAt", "hasError", "errorMessage", "statement", "projectId", "queryTypeId")
    VALUES ('10', '13', '2023-07-04 21:02:59.563635', '2023-07-04 21:03:00.563635', 'False', 'None', 'SELECT customer_id FROM Customers', '1', '1');
INSERT INTO "QueryColumnAccess" ("queryId", "columnId")
    VALUES ('10', '1');
INSERT INTO "QueryTableAccess" ("queryId", "tableId")
    VALUES ('10', '1');
SELECT 'payment_method' FROM Orders;
INSERT INTO "SqlQuery" ("queryId", "userId", "issuedAt", "finishedAt", "hasError", "errorMessage", "statement", "projectId", "queryTypeId")
    VALUES ('11', '6', '2023-06-08 21:02:59.563642', '2023-06-08 21:03:02.563642', 'False', 'None', 'SELECT payment_method FROM Orders', '1', '1');
INSERT INTO "QueryColumnAccess" ("queryId", "columnId")
    VALUES ('11', '5');
INSERT INTO "QueryTableAccess" ("queryId", "tableId")
    VALUES ('11', '2');
SELECT 'unit_price' FROM OrderItems;
INSERT INTO "SqlQuery" ("queryId", "userId", "issuedAt", "finishedAt", "hasError", "errorMessage", "statement", "projectId", "queryTypeId")
    VALUES ('12', '3', '2023-06-09 21:02:59.563649', '2023-06-09 21:03:03.563649', 'False', 'None', 'SELECT unit_price FROM OrderItems', '1', '1');
INSERT INTO "QueryColumnAccess" ("queryId", "columnId")
    VALUES ('12', '5');
INSERT INTO "QueryTableAccess" ("queryId", "tableId")
    VALUES ('12', '5');
SELECT 'price' FROM Products;
INSERT INTO "SqlQuery" ("queryId", "userId", "issuedAt", "finishedAt", "hasError", "errorMessage", "statement", "projectId", "queryTypeId")
    VALUES ('13', '5', '2023-06-24 21:02:59.563656', '2023-06-24 21:03:03.563656', 'False', 'None', 'SELECT price FROM Products', '1', '1');
INSERT INTO "QueryColumnAccess" ("queryId", "columnId")
    VALUES ('13', '4');
INSERT INTO "QueryTableAccess" ("queryId", "tableId")
    VALUES ('13', '3');
SELECT 'product_id' FROM Products;
INSERT INTO "SqlQuery" ("queryId", "userId", "issuedAt", "finishedAt", "hasError", "errorMessage", "statement", "projectId", "queryTypeId")
    VALUES ('14', '1', '2023-06-18 21:02:59.563663', '2023-06-18 21:03:02.563663', 'False', 'None', 'SELECT product_id FROM Products', '1', '1');
INSERT INTO "QueryColumnAccess" ("queryId", "columnId")
    VALUES ('14', '1');
INSERT INTO "QueryTableAccess" ("queryId", "tableId")
    VALUES ('14', '3');
SELECT 'customer_id' FROM Customers;
INSERT INTO "SqlQuery" ("queryId", "userId", "issuedAt", "finishedAt", "hasError", "errorMessage", "statement", "projectId", "queryTypeId")
    VALUES ('15', '11', '2023-06-07 21:02:59.563670', '2023-06-07 21:03:01.563670', 'False', 'None', 'SELECT customer_id FROM Customers', '1', '1');
INSERT INTO "QueryColumnAccess" ("queryId", "columnId")
    VALUES ('15', '1');
INSERT INTO "QueryTableAccess" ("queryId", "tableId")
    VALUES ('15', '1');
SELECT 'unit_price' FROM OrderItems;
INSERT INTO "SqlQuery" ("queryId", "userId", "issuedAt", "finishedAt", "hasError", "errorMessage", "statement", "projectId", "queryTypeId")
    VALUES ('16', '12', '2023-05-18 21:02:59.563677', '2023-05-18 21:03:00.563677', 'False', 'None', 'SELECT unit_price FROM OrderItems', '1', '1');
INSERT INTO "QueryColumnAccess" ("queryId", "columnId")
    VALUES ('16', '5');
INSERT INTO "QueryTableAccess" ("queryId", "tableId")
    VALUES ('16', '5');
SELECT 'payment_method' FROM Orders;
INSERT INTO "SqlQuery" ("queryId", "userId", "issuedAt", "finishedAt", "hasError", "errorMessage", "statement", "projectId", "queryTypeId")
    VALUES ('17', '10', '2023-06-10 21:02:59.563684', '2023-06-10 21:03:03.563684', 'False', 'None', 'SELECT payment_method FROM Orders', '1', '1');
INSERT INTO "QueryColumnAccess" ("queryId", "columnId")
    VALUES ('17', '5');
INSERT INTO "QueryTableAccess" ("queryId", "tableId")
    VALUES ('17', '2');
SELECT 'description' FROM Categories;
INSERT INTO "SqlQuery" ("queryId", "userId", "issuedAt", "finishedAt", "hasError", "errorMessage", "statement", "projectId", "queryTypeId")
    VALUES ('18', '9', '2023-04-28 21:02:59.563690', '2023-04-28 21:03:03.563690', 'False', 'None', 'SELECT description FROM Categories', '1', '1');
INSERT INTO "QueryColumnAccess" ("queryId", "columnId")
    VALUES ('18', '3');
INSERT INTO "QueryTableAccess" ("queryId", "tableId")
    VALUES ('18', '4');
SELECT 'first_name' FROM Customers;
INSERT INTO "SqlQuery" ("queryId", "userId", "issuedAt", "finishedAt", "hasError", "errorMessage", "statement", "projectId", "queryTypeId")
    VALUES ('19', '5', '2023-05-18 21:02:59.563722', '2023-05-18 21:03:03.563722', 'False', 'None', 'SELECT first_name FROM Customers', '1', '1');
INSERT INTO "QueryColumnAccess" ("queryId", "columnId")
    VALUES ('19', '2');
INSERT INTO "QueryTableAccess" ("queryId", "tableId")
    VALUES ('19', '1');
SELECT 'product_name' FROM Products;
INSERT INTO "SqlQuery" ("queryId", "userId", "issuedAt", "finishedAt", "hasError", "errorMessage", "statement", "projectId", "queryTypeId")
    VALUES ('20', '5', '2023-06-15 21:02:59.563734', '2023-06-15 21:03:03.563734', 'False', 'None', 'SELECT product_name FROM Products', '1', '1');
INSERT INTO "QueryColumnAccess" ("queryId", "columnId")
    VALUES ('20', '2');
INSERT INTO "QueryTableAccess" ("queryId", "tableId")
    VALUES ('20', '3');
SELECT 'category_id' FROM Categories;
INSERT INTO "SqlQuery" ("queryId", "userId", "issuedAt", "finishedAt", "hasError", "errorMessage", "statement", "projectId", "queryTypeId")
    VALUES ('21', '11', '2023-06-03 21:02:59.563741', '2023-06-03 21:03:01.563741', 'False', 'None', 'SELECT category_id FROM Categories', '1', '1');
INSERT INTO "QueryColumnAccess" ("queryId", "columnId")
    VALUES ('21', '1');
INSERT INTO "QueryTableAccess" ("queryId", "tableId")
    VALUES ('21', '4');
SELECT 'payment_method' FROM Orders;
INSERT INTO "SqlQuery" ("queryId", "userId", "issuedAt", "finishedAt", "hasError", "errorMessage", "statement", "projectId", "queryTypeId")
    VALUES ('22', '9', '2023-04-18 21:02:59.563747', '2023-04-18 21:03:00.563747', 'False', 'None', 'SELECT payment_method FROM Orders', '1', '1');
INSERT INTO "QueryColumnAccess" ("queryId", "columnId")
    VALUES ('22', '5');
INSERT INTO "QueryTableAccess" ("queryId", "tableId")
    VALUES ('22', '2');
SELECT 'category_name' FROM Categories;
INSERT INTO "SqlQuery" ("queryId", "userId", "issuedAt", "finishedAt", "hasError", "errorMessage", "statement", "projectId", "queryTypeId")
    VALUES ('23', '4', '2023-05-20 21:02:59.563754', '2023-05-20 21:03:01.563754', 'False', 'None', 'SELECT category_name FROM Categories', '1', '1');
INSERT INTO "QueryColumnAccess" ("queryId", "columnId")
    VALUES ('23', '2');
INSERT INTO "QueryTableAccess" ("queryId", "tableId")
    VALUES ('23', '4');
SELECT 'order_item_id' FROM OrderItems;
INSERT INTO "SqlQuery" ("queryId", "userId", "issuedAt", "finishedAt", "hasError", "errorMessage", "statement", "projectId", "queryTypeId")
    VALUES ('24', '13', '2023-05-24 21:02:59.563761', '2023-05-24 21:03:01.563761', 'False', 'None', 'SELECT order_item_id FROM OrderItems', '1', '1');
INSERT INTO "QueryColumnAccess" ("queryId", "columnId")
    VALUES ('24', '1');
INSERT INTO "QueryTableAccess" ("queryId", "tableId")
    VALUES ('24', '5');
SELECT 'quantity' FROM OrderItems;
INSERT INTO "SqlQuery" ("queryId", "userId", "issuedAt", "finishedAt", "hasError", "errorMessage", "statement", "projectId", "queryTypeId")
    VALUES ('25', '10', '2023-05-06 21:02:59.563769', '2023-05-06 21:03:01.563769', 'False', 'None', 'SELECT quantity FROM OrderItems', '1', '1');
INSERT INTO "QueryColumnAccess" ("queryId", "columnId")
    VALUES ('25', '4');
INSERT INTO "QueryTableAccess" ("queryId", "tableId")
    VALUES ('25', '5');
SELECT 'phone_number' FROM Customers;
INSERT INTO "SqlQuery" ("queryId", "userId", "issuedAt", "finishedAt", "hasError", "errorMessage", "statement", "projectId", "queryTypeId")
    VALUES ('26', '12', '2023-05-20 21:02:59.563776', '2023-05-20 21:03:03.563776', 'False', 'None', 'SELECT phone_number FROM Customers', '1', '1');
INSERT INTO "QueryColumnAccess" ("queryId", "columnId")
    VALUES ('26', '5');
INSERT INTO "QueryTableAccess" ("queryId", "tableId")
    VALUES ('26', '1');
SELECT 'description' FROM Products;
INSERT INTO "SqlQuery" ("queryId", "userId", "issuedAt", "finishedAt", "hasError", "errorMessage", "statement", "projectId", "queryTypeId")
    VALUES ('27', '1', '2023-04-28 21:02:59.563783', '2023-04-28 21:03:00.563783', 'False', 'None', 'SELECT description FROM Products', '1', '1');
INSERT INTO "QueryColumnAccess" ("queryId", "columnId")
    VALUES ('27', '5');
INSERT INTO "QueryTableAccess" ("queryId", "tableId")
    VALUES ('27', '3');
SELECT 'price' FROM Products;
INSERT INTO "SqlQuery" ("queryId", "userId", "issuedAt", "finishedAt", "hasError", "errorMessage", "statement", "projectId", "queryTypeId")
    VALUES ('28', '3', '2023-05-24 21:02:59.563790', '2023-05-24 21:03:03.563790', 'False', 'None', 'SELECT price FROM Products', '1', '1');
INSERT INTO "QueryColumnAccess" ("queryId", "columnId")
    VALUES ('28', '4');
INSERT INTO "QueryTableAccess" ("queryId", "tableId")
    VALUES ('28', '3');
SELECT 'category_id' FROM Categories;
INSERT INTO "SqlQuery" ("queryId", "userId", "issuedAt", "finishedAt", "hasError", "errorMessage", "statement", "projectId", "queryTypeId")
    VALUES ('29', '10', '2023-04-28 21:02:59.563797', '2023-04-28 21:03:03.563797', 'False', 'None', 'SELECT category_id FROM Categories', '1', '1');
INSERT INTO "QueryColumnAccess" ("queryId", "columnId")
    VALUES ('29', '1');
INSERT INTO "QueryTableAccess" ("queryId", "tableId")
    VALUES ('29', '4');
SELECT 'shipping_address' FROM Orders;
INSERT INTO "SqlQuery" ("queryId", "userId", "issuedAt", "finishedAt", "hasError", "errorMessage", "statement", "projectId", "queryTypeId")
    VALUES ('30', '5', '2023-06-17 21:02:59.563804', '2023-06-17 21:03:02.563804', 'False', 'None', 'SELECT shipping_address FROM Orders', '1', '1');
INSERT INTO "QueryColumnAccess" ("queryId", "columnId")
    VALUES ('30', '6');
INSERT INTO "QueryTableAccess" ("queryId", "tableId")
    VALUES ('30', '2');
SELECT 'total_amount' FROM Orders;
INSERT INTO "SqlQuery" ("queryId", "userId", "issuedAt", "finishedAt", "hasError", "errorMessage", "statement", "projectId", "queryTypeId")
    VALUES ('31', '9', '2023-04-26 21:02:59.563811', '2023-04-26 21:03:03.563811', 'False', 'None', 'SELECT total_amount FROM Orders', '1', '1');
INSERT INTO "QueryColumnAccess" ("queryId", "columnId")
    VALUES ('31', '4');
INSERT INTO "QueryTableAccess" ("queryId", "tableId")
    VALUES ('31', '2');
SELECT 'product_id' FROM OrderItems;
INSERT INTO "SqlQuery" ("queryId", "userId", "issuedAt", "finishedAt", "hasError", "errorMessage", "statement", "projectId", "queryTypeId")
    VALUES ('32', '6', '2023-06-17 21:02:59.563818', '2023-06-17 21:03:01.563818', 'False', 'None', 'SELECT product_id FROM OrderItems', '1', '1');
INSERT INTO "QueryColumnAccess" ("queryId", "columnId")
    VALUES ('32', '3');
INSERT INTO "QueryTableAccess" ("queryId", "tableId")
    VALUES ('32', '5');
SELECT 'quantity' FROM OrderItems;
INSERT INTO "SqlQuery" ("queryId", "userId", "issuedAt", "finishedAt", "hasError", "errorMessage", "statement", "projectId", "queryTypeId")
    VALUES ('33', '14', '2023-05-19 21:02:59.563825', '2023-05-19 21:03:03.563825', 'False', 'None', 'SELECT quantity FROM OrderItems', '1', '1');
INSERT INTO "QueryColumnAccess" ("queryId", "columnId")
    VALUES ('33', '4');
INSERT INTO "QueryTableAccess" ("queryId", "tableId")
    VALUES ('33', '5');
SELECT 'customer_id' FROM Customers;
INSERT INTO "SqlQuery" ("queryId", "userId", "issuedAt", "finishedAt", "hasError", "errorMessage", "statement", "projectId", "queryTypeId")
    VALUES ('34', '6', '2023-05-18 21:02:59.563832', '2023-05-18 21:03:02.563832', 'False', 'None', 'SELECT customer_id FROM Customers', '1', '1');
INSERT INTO "QueryColumnAccess" ("queryId", "columnId")
    VALUES ('34', '1');
INSERT INTO "QueryTableAccess" ("queryId", "tableId")
    VALUES ('34', '1');
SELECT 'price' FROM Products;
INSERT INTO "SqlQuery" ("queryId", "userId", "issuedAt", "finishedAt", "hasError", "errorMessage", "statement", "projectId", "queryTypeId")
    VALUES ('35', '5', '2023-05-14 21:02:59.563850', '2023-05-14 21:03:02.563850', 'False', 'None', 'SELECT price FROM Products', '1', '1');
INSERT INTO "QueryColumnAccess" ("queryId", "columnId")
    VALUES ('35', '4');
INSERT INTO "QueryTableAccess" ("queryId", "tableId")
    VALUES ('35', '3');
SELECT 'total_amount' FROM Orders;
INSERT INTO "SqlQuery" ("queryId", "userId", "issuedAt", "finishedAt", "hasError", "errorMessage", "statement", "projectId", "queryTypeId")
    VALUES ('36', '9', '2023-04-14 21:02:59.563858', '2023-04-14 21:03:02.563858', 'False', 'None', 'SELECT total_amount FROM Orders', '1', '1');
INSERT INTO "QueryColumnAccess" ("queryId", "columnId")
    VALUES ('36', '4');
INSERT INTO "QueryTableAccess" ("queryId", "tableId")
    VALUES ('36', '2');
SELECT 'category_id' FROM Categories;
INSERT INTO "SqlQuery" ("queryId", "userId", "issuedAt", "finishedAt", "hasError", "errorMessage", "statement", "projectId", "queryTypeId")
    VALUES ('37', '3', '2023-05-07 21:02:59.563865', '2023-05-07 21:03:02.563865', 'False', 'None', 'SELECT category_id FROM Categories', '1', '1');
INSERT INTO "QueryColumnAccess" ("queryId", "columnId")
    VALUES ('37', '1');
INSERT INTO "QueryTableAccess" ("queryId", "tableId")
    VALUES ('37', '4');
SELECT 'description' FROM Categories;
INSERT INTO "SqlQuery" ("queryId", "userId", "issuedAt", "finishedAt", "hasError", "errorMessage", "statement", "projectId", "queryTypeId")
    VALUES ('38', '5', '2023-07-04 21:02:59.563872', '2023-07-04 21:03:03.563872', 'False', 'None', 'SELECT description FROM Categories', '1', '1');
INSERT INTO "QueryColumnAccess" ("queryId", "columnId")
    VALUES ('38', '3');
INSERT INTO "QueryTableAccess" ("queryId", "tableId")
    VALUES ('38', '4');
SELECT 'phone_number' FROM Customers;
INSERT INTO "SqlQuery" ("queryId", "userId", "issuedAt", "finishedAt", "hasError", "errorMessage", "statement", "projectId", "queryTypeId")
    VALUES ('39', '10', '2023-07-07 21:02:59.563879', '2023-07-07 21:03:02.563879', 'False', 'None', 'SELECT phone_number FROM Customers', '1', '1');
INSERT INTO "QueryColumnAccess" ("queryId", "columnId")
    VALUES ('39', '5');
INSERT INTO "QueryTableAccess" ("queryId", "tableId")
    VALUES ('39', '1');
SELECT 'address' FROM Customers;
INSERT INTO "SqlQuery" ("queryId", "userId", "issuedAt", "finishedAt", "hasError", "errorMessage", "statement", "projectId", "queryTypeId")
    VALUES ('40', '12', '2023-06-03 21:02:59.563886', '2023-06-03 21:03:03.563886', 'False', 'None', 'SELECT address FROM Customers', '1', '1');
INSERT INTO "QueryColumnAccess" ("queryId", "columnId")
    VALUES ('40', '6');
INSERT INTO "QueryTableAccess" ("queryId", "tableId")
    VALUES ('40', '1');
SELECT 'quantity' FROM OrderItems;
INSERT INTO "SqlQuery" ("queryId", "userId", "issuedAt", "finishedAt", "hasError", "errorMessage", "statement", "projectId", "queryTypeId")
    VALUES ('41', '2', '2023-04-25 21:02:59.563893', '2023-04-25 21:03:02.563893', 'False', 'None', 'SELECT quantity FROM OrderItems', '1', '1');
INSERT INTO "QueryColumnAccess" ("queryId", "columnId")
    VALUES ('41', '4');
INSERT INTO "QueryTableAccess" ("queryId", "tableId")
    VALUES ('41', '5');
SELECT 'order_id' FROM OrderItems;
INSERT INTO "SqlQuery" ("queryId", "userId", "issuedAt", "finishedAt", "hasError", "errorMessage", "statement", "projectId", "queryTypeId")
    VALUES ('42', '13', '2023-05-14 21:02:59.563899', '2023-05-14 21:03:03.563899', 'False', 'None', 'SELECT order_id FROM OrderItems', '1', '1');
INSERT INTO "QueryColumnAccess" ("queryId", "columnId")
    VALUES ('42', '2');
INSERT INTO "QueryTableAccess" ("queryId", "tableId")
    VALUES ('42', '5');
SELECT 'last_name' FROM Customers;
INSERT INTO "SqlQuery" ("queryId", "userId", "issuedAt", "finishedAt", "hasError", "errorMessage", "statement", "projectId", "queryTypeId")
    VALUES ('43', '11', '2023-05-20 21:02:59.563906', '2023-05-20 21:03:02.563906', 'False', 'None', 'SELECT last_name FROM Customers', '1', '1');
INSERT INTO "QueryColumnAccess" ("queryId", "columnId")
    VALUES ('43', '3');
INSERT INTO "QueryTableAccess" ("queryId", "tableId")
    VALUES ('43', '1');
SELECT 'email' FROM Customers;
INSERT INTO "SqlQuery" ("queryId", "userId", "issuedAt", "finishedAt", "hasError", "errorMessage", "statement", "projectId", "queryTypeId")
    VALUES ('44', '12', '2023-05-08 21:02:59.563913', '2023-05-08 21:03:01.563913', 'False', 'None', 'SELECT email FROM Customers', '1', '1');
INSERT INTO "QueryColumnAccess" ("queryId", "columnId")
    VALUES ('44', '4');
INSERT INTO "QueryTableAccess" ("queryId", "tableId")
    VALUES ('44', '1');
SELECT 'quantity' FROM OrderItems;
INSERT INTO "SqlQuery" ("queryId", "userId", "issuedAt", "finishedAt", "hasError", "errorMessage", "statement", "projectId", "queryTypeId")
    VALUES ('45', '6', '2023-05-21 21:02:59.563920', '2023-05-21 21:03:02.563920', 'False', 'None', 'SELECT quantity FROM OrderItems', '1', '1');
INSERT INTO "QueryColumnAccess" ("queryId", "columnId")
    VALUES ('45', '4');
INSERT INTO "QueryTableAccess" ("queryId", "tableId")
    VALUES ('45', '5');
SELECT 'description' FROM Categories;
INSERT INTO "SqlQuery" ("queryId", "userId", "issuedAt", "finishedAt", "hasError", "errorMessage", "statement", "projectId", "queryTypeId")
    VALUES ('46', '14', '2023-04-22 21:02:59.563927', '2023-04-22 21:03:02.563927', 'False', 'None', 'SELECT description FROM Categories', '1', '1');
INSERT INTO "QueryColumnAccess" ("queryId", "columnId")
    VALUES ('46', '3');
INSERT INTO "QueryTableAccess" ("queryId", "tableId")
    VALUES ('46', '4');
SELECT 'address' FROM Customers;
INSERT INTO "SqlQuery" ("queryId", "userId", "issuedAt", "finishedAt", "hasError", "errorMessage", "statement", "projectId", "queryTypeId")
    VALUES ('47', '2', '2023-07-02 21:02:59.563934', '2023-07-02 21:03:02.563934', 'False', 'None', 'SELECT address FROM Customers', '1', '1');
INSERT INTO "QueryColumnAccess" ("queryId", "columnId")
    VALUES ('47', '6');
INSERT INTO "QueryTableAccess" ("queryId", "tableId")
    VALUES ('47', '1');
SELECT 'price' FROM Products;
INSERT INTO "SqlQuery" ("queryId", "userId", "issuedAt", "finishedAt", "hasError", "errorMessage", "statement", "projectId", "queryTypeId")
    VALUES ('48', '13', '2023-06-17 21:02:59.563941', '2023-06-17 21:03:00.563941', 'False', 'None', 'SELECT price FROM Products', '1', '1');
INSERT INTO "QueryColumnAccess" ("queryId", "columnId")
    VALUES ('48', '4');
INSERT INTO "QueryTableAccess" ("queryId", "tableId")
    VALUES ('48', '3');
SELECT 'category_id' FROM Categories;
INSERT INTO "SqlQuery" ("queryId", "userId", "issuedAt", "finishedAt", "hasError", "errorMessage", "statement", "projectId", "queryTypeId")
    VALUES ('49', '6', '2023-06-19 21:02:59.563948', '2023-06-19 21:03:02.563948', 'False', 'None', 'SELECT category_id FROM Categories', '1', '1');
INSERT INTO "QueryColumnAccess" ("queryId", "columnId")
    VALUES ('49', '1');
INSERT INTO "QueryTableAccess" ("queryId", "tableId")
    VALUES ('49', '4');
SELECT 'order_date' FROM Orders;
INSERT INTO "SqlQuery" ("queryId", "userId", "issuedAt", "finishedAt", "hasError", "errorMessage", "statement", "projectId", "queryTypeId")
    VALUES ('50', '12', '2023-06-14 21:02:59.563954', '2023-06-14 21:03:03.563954', 'False', 'None', 'SELECT order_date FROM Orders', '1', '1');
INSERT INTO "QueryColumnAccess" ("queryId", "columnId")
    VALUES ('50', '3');
INSERT INTO "QueryTableAccess" ("queryId", "tableId")
    VALUES ('50', '2');
SELECT 'product_id' FROM Products;
INSERT INTO "SqlQuery" ("queryId", "userId", "issuedAt", "finishedAt", "hasError", "errorMessage", "statement", "projectId", "queryTypeId")
    VALUES ('51', '9', '2023-06-11 21:02:59.563961', '2023-06-11 21:03:00.563961', 'False', 'None', 'SELECT product_id FROM Products', '1', '1');
INSERT INTO "QueryColumnAccess" ("queryId", "columnId")
    VALUES ('51', '1');
INSERT INTO "QueryTableAccess" ("queryId", "tableId")
    VALUES ('51', '3');
SELECT 'description' FROM Products;
INSERT INTO "SqlQuery" ("queryId", "userId", "issuedAt", "finishedAt", "hasError", "errorMessage", "statement", "projectId", "queryTypeId")
    VALUES ('52', '8', '2023-06-30 21:02:59.563980', '2023-06-30 21:03:03.563980', 'False', 'None', 'SELECT description FROM Products', '1', '1');
INSERT INTO "QueryColumnAccess" ("queryId", "columnId")
    VALUES ('52', '5');
INSERT INTO "QueryTableAccess" ("queryId", "tableId")
    VALUES ('52', '3');
SELECT 'quantity' FROM OrderItems;
INSERT INTO "SqlQuery" ("queryId", "userId", "issuedAt", "finishedAt", "hasError", "errorMessage", "statement", "projectId", "queryTypeId")
    VALUES ('53', '11', '2023-05-26 21:02:59.563988', '2023-05-26 21:03:02.563988', 'False', 'None', 'SELECT quantity FROM OrderItems', '1', '1');
INSERT INTO "QueryColumnAccess" ("queryId", "columnId")
    VALUES ('53', '4');
INSERT INTO "QueryTableAccess" ("queryId", "tableId")
    VALUES ('53', '5');
SELECT 'parent_category_id' FROM Categories;
INSERT INTO "SqlQuery" ("queryId", "userId", "issuedAt", "finishedAt", "hasError", "errorMessage", "statement", "projectId", "queryTypeId")
    VALUES ('54', '12', '2023-06-26 21:02:59.563994', '2023-06-26 21:03:02.563994', 'False', 'None', 'SELECT parent_category_id FROM Categories', '1', '1');
INSERT INTO "QueryColumnAccess" ("queryId", "columnId")
    VALUES ('54', '4');
INSERT INTO "QueryTableAccess" ("queryId", "tableId")
    VALUES ('54', '4');
SELECT 'product_id' FROM OrderItems;
INSERT INTO "SqlQuery" ("queryId", "userId", "issuedAt", "finishedAt", "hasError", "errorMessage", "statement", "projectId", "queryTypeId")
    VALUES ('55', '14', '2023-04-12 21:02:59.564001', '2023-04-12 21:03:02.564001', 'False', 'None', 'SELECT product_id FROM OrderItems', '1', '1');
INSERT INTO "QueryColumnAccess" ("queryId", "columnId")
    VALUES ('55', '3');
INSERT INTO "QueryTableAccess" ("queryId", "tableId")
    VALUES ('55', '5');
SELECT 'payment_method' FROM Orders;
INSERT INTO "SqlQuery" ("queryId", "userId", "issuedAt", "finishedAt", "hasError", "errorMessage", "statement", "projectId", "queryTypeId")
    VALUES ('56', '3', '2023-07-08 21:02:59.564008', '2023-07-08 21:03:01.564008', 'False', 'None', 'SELECT payment_method FROM Orders', '1', '1');
INSERT INTO "QueryColumnAccess" ("queryId", "columnId")
    VALUES ('56', '5');
INSERT INTO "QueryTableAccess" ("queryId", "tableId")
    VALUES ('56', '2');
SELECT 'quantity' FROM Products;
INSERT INTO "SqlQuery" ("queryId", "userId", "issuedAt", "finishedAt", "hasError", "errorMessage", "statement", "projectId", "queryTypeId")
    VALUES ('57', '4', '2023-05-10 21:02:59.564014', '2023-05-10 21:03:03.564014', 'False', 'None', 'SELECT quantity FROM Products', '1', '1');
INSERT INTO "QueryColumnAccess" ("queryId", "columnId")
    VALUES ('57', '6');
INSERT INTO "QueryTableAccess" ("queryId", "tableId")
    VALUES ('57', '3');
SELECT 'address' FROM Customers;
INSERT INTO "SqlQuery" ("queryId", "userId", "issuedAt", "finishedAt", "hasError", "errorMessage", "statement", "projectId", "queryTypeId")
    VALUES ('58', '5', '2023-04-17 21:02:59.564021', '2023-04-17 21:03:00.564021', 'False', 'None', 'SELECT address FROM Customers', '1', '1');
INSERT INTO "QueryColumnAccess" ("queryId", "columnId")
    VALUES ('58', '6');
INSERT INTO "QueryTableAccess" ("queryId", "tableId")
    VALUES ('58', '1');
SELECT 'email' FROM Customers;
INSERT INTO "SqlQuery" ("queryId", "userId", "issuedAt", "finishedAt", "hasError", "errorMessage", "statement", "projectId", "queryTypeId")
    VALUES ('59', '7', '2023-07-07 21:02:59.564028', '2023-07-07 21:03:02.564028', 'False', 'None', 'SELECT email FROM Customers', '1', '1');
INSERT INTO "QueryColumnAccess" ("queryId", "columnId")
    VALUES ('59', '4');
INSERT INTO "QueryTableAccess" ("queryId", "tableId")
    VALUES ('59', '1');
SELECT 'unit_price' FROM OrderItems;
INSERT INTO "SqlQuery" ("queryId", "userId", "issuedAt", "finishedAt", "hasError", "errorMessage", "statement", "projectId", "queryTypeId")
    VALUES ('60', '5', '2023-04-21 21:02:59.564034', '2023-04-21 21:03:00.564034', 'False', 'None', 'SELECT unit_price FROM OrderItems', '1', '1');
INSERT INTO "QueryColumnAccess" ("queryId", "columnId")
    VALUES ('60', '5');
INSERT INTO "QueryTableAccess" ("queryId", "tableId")
    VALUES ('60', '5');
SELECT 'customer_id' FROM Customers;
INSERT INTO "SqlQuery" ("queryId", "userId", "issuedAt", "finishedAt", "hasError", "errorMessage", "statement", "projectId", "queryTypeId")
    VALUES ('61', '15', '2023-04-29 21:02:59.564040', '2023-04-29 21:03:01.564040', 'False', 'None', 'SELECT customer_id FROM Customers', '1', '1');
INSERT INTO "QueryColumnAccess" ("queryId", "columnId")
    VALUES ('61', '1');
INSERT INTO "QueryTableAccess" ("queryId", "tableId")
    VALUES ('61', '1');
SELECT 'order_date' FROM Orders;
INSERT INTO "SqlQuery" ("queryId", "userId", "issuedAt", "finishedAt", "hasError", "errorMessage", "statement", "projectId", "queryTypeId")
    VALUES ('62', '1', '2023-06-03 21:02:59.564047', '2023-06-03 21:03:01.564047', 'False', 'None', 'SELECT order_date FROM Orders', '1', '1');
INSERT INTO "QueryColumnAccess" ("queryId", "columnId")
    VALUES ('62', '3');
INSERT INTO "QueryTableAccess" ("queryId", "tableId")
    VALUES ('62', '2');
SELECT 'total_amount' FROM Orders;
INSERT INTO "SqlQuery" ("queryId", "userId", "issuedAt", "finishedAt", "hasError", "errorMessage", "statement", "projectId", "queryTypeId")
    VALUES ('63', '10', '2023-06-02 21:02:59.564053', '2023-06-02 21:03:01.564053', 'False', 'None', 'SELECT total_amount FROM Orders', '1', '1');
INSERT INTO "QueryColumnAccess" ("queryId", "columnId")
    VALUES ('63', '4');
INSERT INTO "QueryTableAccess" ("queryId", "tableId")
    VALUES ('63', '2');
SELECT 'first_name' FROM Customers;
INSERT INTO "SqlQuery" ("queryId", "userId", "issuedAt", "finishedAt", "hasError", "errorMessage", "statement", "projectId", "queryTypeId")
    VALUES ('64', '8', '2023-07-05 21:02:59.564060', '2023-07-05 21:03:01.564060', 'False', 'None', 'SELECT first_name FROM Customers', '1', '1');
INSERT INTO "QueryColumnAccess" ("queryId", "columnId")
    VALUES ('64', '2');
INSERT INTO "QueryTableAccess" ("queryId", "tableId")
    VALUES ('64', '1');
SELECT 'order_id' FROM Orders;
INSERT INTO "SqlQuery" ("queryId", "userId", "issuedAt", "finishedAt", "hasError", "errorMessage", "statement", "projectId", "queryTypeId")
    VALUES ('65', '10', '2023-05-21 21:02:59.564066', '2023-05-21 21:03:01.564066', 'False', 'None', 'SELECT order_id FROM Orders', '1', '1');
INSERT INTO "QueryColumnAccess" ("queryId", "columnId")
    VALUES ('65', '1');
INSERT INTO "QueryTableAccess" ("queryId", "tableId")
    VALUES ('65', '2');
SELECT 'product_name' FROM Products;
INSERT INTO "SqlQuery" ("queryId", "userId", "issuedAt", "finishedAt", "hasError", "errorMessage", "statement", "projectId", "queryTypeId")
    VALUES ('66', '1', '2023-04-12 21:02:59.564072', '2023-04-12 21:03:03.564072', 'False', 'None', 'SELECT product_name FROM Products', '1', '1');
INSERT INTO "QueryColumnAccess" ("queryId", "columnId")
    VALUES ('66', '2');
INSERT INTO "QueryTableAccess" ("queryId", "tableId")
    VALUES ('66', '3');
SELECT 'product_id' FROM OrderItems;
INSERT INTO "SqlQuery" ("queryId", "userId", "issuedAt", "finishedAt", "hasError", "errorMessage", "statement", "projectId", "queryTypeId")
    VALUES ('67', '14', '2023-05-26 21:02:59.564078', '2023-05-26 21:03:02.564078', 'False', 'None', 'SELECT product_id FROM OrderItems', '1', '1');
INSERT INTO "QueryColumnAccess" ("queryId", "columnId")
    VALUES ('67', '3');
INSERT INTO "QueryTableAccess" ("queryId", "tableId")
    VALUES ('67', '5');
SELECT 'parent_category_id' FROM Categories;
INSERT INTO "SqlQuery" ("queryId", "userId", "issuedAt", "finishedAt", "hasError", "errorMessage", "statement", "projectId", "queryTypeId")
    VALUES ('68', '2', '2023-05-04 21:02:59.564085', '2023-05-04 21:03:02.564085', 'False', 'None', 'SELECT parent_category_id FROM Categories', '1', '1');
INSERT INTO "QueryColumnAccess" ("queryId", "columnId")
    VALUES ('68', '4');
INSERT INTO "QueryTableAccess" ("queryId", "tableId")
    VALUES ('68', '4');
SELECT 'order_id' FROM Orders;
INSERT INTO "SqlQuery" ("queryId", "userId", "issuedAt", "finishedAt", "hasError", "errorMessage", "statement", "projectId", "queryTypeId")
    VALUES ('69', '12', '2023-06-22 21:02:59.564100', '2023-06-22 21:03:01.564100', 'False', 'None', 'SELECT order_id FROM Orders', '1', '1');
INSERT INTO "QueryColumnAccess" ("queryId", "columnId")
    VALUES ('69', '1');
INSERT INTO "QueryTableAccess" ("queryId", "tableId")
    VALUES ('69', '2');
SELECT 'order_id' FROM OrderItems;
INSERT INTO "SqlQuery" ("queryId", "userId", "issuedAt", "finishedAt", "hasError", "errorMessage", "statement", "projectId", "queryTypeId")
    VALUES ('70', '7', '2023-06-10 21:02:59.564107', '2023-06-10 21:03:00.564107', 'False', 'None', 'SELECT order_id FROM OrderItems', '1', '1');
INSERT INTO "QueryColumnAccess" ("queryId", "columnId")
    VALUES ('70', '2');
INSERT INTO "QueryTableAccess" ("queryId", "tableId")
    VALUES ('70', '5');
SELECT 'price' FROM Products;
INSERT INTO "SqlQuery" ("queryId", "userId", "issuedAt", "finishedAt", "hasError", "errorMessage", "statement", "projectId", "queryTypeId")
    VALUES ('71', '1', '2023-04-12 21:02:59.564113', '2023-04-12 21:03:03.564113', 'False', 'None', 'SELECT price FROM Products', '1', '1');
INSERT INTO "QueryColumnAccess" ("queryId", "columnId")
    VALUES ('71', '4');
INSERT INTO "QueryTableAccess" ("queryId", "tableId")
    VALUES ('71', '3');
SELECT 'phone_number' FROM Customers;
INSERT INTO "SqlQuery" ("queryId", "userId", "issuedAt", "finishedAt", "hasError", "errorMessage", "statement", "projectId", "queryTypeId")
    VALUES ('72', '10', '2023-04-13 21:02:59.564119', '2023-04-13 21:03:03.564119', 'False', 'None', 'SELECT phone_number FROM Customers', '1', '1');
INSERT INTO "QueryColumnAccess" ("queryId", "columnId")
    VALUES ('72', '5');
INSERT INTO "QueryTableAccess" ("queryId", "tableId")
    VALUES ('72', '1');
SELECT 'order_date' FROM Orders;
INSERT INTO "SqlQuery" ("queryId", "userId", "issuedAt", "finishedAt", "hasError", "errorMessage", "statement", "projectId", "queryTypeId")
    VALUES ('73', '8', '2023-06-15 21:02:59.564126', '2023-06-15 21:03:02.564126', 'False', 'None', 'SELECT order_date FROM Orders', '1', '1');
INSERT INTO "QueryColumnAccess" ("queryId", "columnId")
    VALUES ('73', '3');
INSERT INTO "QueryTableAccess" ("queryId", "tableId")
    VALUES ('73', '2');
SELECT 'order_id' FROM OrderItems;
INSERT INTO "SqlQuery" ("queryId", "userId", "issuedAt", "finishedAt", "hasError", "errorMessage", "statement", "projectId", "queryTypeId")
    VALUES ('74', '13', '2023-05-03 21:02:59.564132', '2023-05-03 21:03:02.564132', 'False', 'None', 'SELECT order_id FROM OrderItems', '1', '1');
INSERT INTO "QueryColumnAccess" ("queryId", "columnId")
    VALUES ('74', '2');
INSERT INTO "QueryTableAccess" ("queryId", "tableId")
    VALUES ('74', '5');
SELECT 'order_id' FROM Orders;
INSERT INTO "SqlQuery" ("queryId", "userId", "issuedAt", "finishedAt", "hasError", "errorMessage", "statement", "projectId", "queryTypeId")
    VALUES ('75', '11', '2023-04-28 21:02:59.564139', '2023-04-28 21:03:00.564139', 'False', 'None', 'SELECT order_id FROM Orders', '1', '1');
INSERT INTO "QueryColumnAccess" ("queryId", "columnId")
    VALUES ('75', '1');
INSERT INTO "QueryTableAccess" ("queryId", "tableId")
    VALUES ('75', '2');
SELECT 'address' FROM Customers;
INSERT INTO "SqlQuery" ("queryId", "userId", "issuedAt", "finishedAt", "hasError", "errorMessage", "statement", "projectId", "queryTypeId")
    VALUES ('76', '1', '2023-06-22 21:02:59.564145', '2023-06-22 21:03:00.564145', 'False', 'None', 'SELECT address FROM Customers', '1', '1');
INSERT INTO "QueryColumnAccess" ("queryId", "columnId")
    VALUES ('76', '6');
INSERT INTO "QueryTableAccess" ("queryId", "tableId")
    VALUES ('76', '1');
SELECT 'quantity' FROM Products;
INSERT INTO "SqlQuery" ("queryId", "userId", "issuedAt", "finishedAt", "hasError", "errorMessage", "statement", "projectId", "queryTypeId")
    VALUES ('77', '9', '2023-05-26 21:02:59.564152', '2023-05-26 21:03:03.564152', 'False', 'None', 'SELECT quantity FROM Products', '1', '1');
INSERT INTO "QueryColumnAccess" ("queryId", "columnId")
    VALUES ('77', '6');
INSERT INTO "QueryTableAccess" ("queryId", "tableId")
    VALUES ('77', '3');
SELECT 'quantity' FROM OrderItems;
INSERT INTO "SqlQuery" ("queryId", "userId", "issuedAt", "finishedAt", "hasError", "errorMessage", "statement", "projectId", "queryTypeId")
    VALUES ('78', '13', '2023-06-13 21:02:59.564158', '2023-06-13 21:03:03.564158', 'False', 'None', 'SELECT quantity FROM OrderItems', '1', '1');
INSERT INTO "QueryColumnAccess" ("queryId", "columnId")
    VALUES ('78', '4');
INSERT INTO "QueryTableAccess" ("queryId", "tableId")
    VALUES ('78', '5');
SELECT 'description' FROM Categories;
INSERT INTO "SqlQuery" ("queryId", "userId", "issuedAt", "finishedAt", "hasError", "errorMessage", "statement", "projectId", "queryTypeId")
    VALUES ('79', '1', '2023-05-27 21:02:59.564165', '2023-05-27 21:03:02.564165', 'False', 'None', 'SELECT description FROM Categories', '1', '1');
INSERT INTO "QueryColumnAccess" ("queryId", "columnId")
    VALUES ('79', '3');
INSERT INTO "QueryTableAccess" ("queryId", "tableId")
    VALUES ('79', '4');
SELECT 'order_date' FROM Orders;
INSERT INTO "SqlQuery" ("queryId", "userId", "issuedAt", "finishedAt", "hasError", "errorMessage", "statement", "projectId", "queryTypeId")
    VALUES ('80', '12', '2023-04-14 21:02:59.564171', '2023-04-14 21:03:03.564171', 'False', 'None', 'SELECT order_date FROM Orders', '1', '1');
INSERT INTO "QueryColumnAccess" ("queryId", "columnId")
    VALUES ('80', '3');
INSERT INTO "QueryTableAccess" ("queryId", "tableId")
    VALUES ('80', '2');
SELECT 'description' FROM Products;
INSERT INTO "SqlQuery" ("queryId", "userId", "issuedAt", "finishedAt", "hasError", "errorMessage", "statement", "projectId", "queryTypeId")
    VALUES ('81', '7', '2023-07-09 21:02:59.564178', '2023-07-09 21:03:01.564178', 'False', 'None', 'SELECT description FROM Products', '1', '1');
INSERT INTO "QueryColumnAccess" ("queryId", "columnId")
    VALUES ('81', '5');
INSERT INTO "QueryTableAccess" ("queryId", "tableId")
    VALUES ('81', '3');
SELECT 'phone_number' FROM Customers;
INSERT INTO "SqlQuery" ("queryId", "userId", "issuedAt", "finishedAt", "hasError", "errorMessage", "statement", "projectId", "queryTypeId")
    VALUES ('82', '12', '2023-05-29 21:02:59.564184', '2023-05-29 21:03:00.564184', 'False', 'None', 'SELECT phone_number FROM Customers', '1', '1');
INSERT INTO "QueryColumnAccess" ("queryId", "columnId")
    VALUES ('82', '5');
INSERT INTO "QueryTableAccess" ("queryId", "tableId")
    VALUES ('82', '1');
SELECT 'first_name' FROM Customers;
INSERT INTO "SqlQuery" ("queryId", "userId", "issuedAt", "finishedAt", "hasError", "errorMessage", "statement", "projectId", "queryTypeId")
    VALUES ('83', '3', '2023-07-01 21:02:59.564191', '2023-07-01 21:03:00.564191', 'False', 'None', 'SELECT first_name FROM Customers', '1', '1');
INSERT INTO "QueryColumnAccess" ("queryId", "columnId")
    VALUES ('83', '2');
INSERT INTO "QueryTableAccess" ("queryId", "tableId")
    VALUES ('83', '1');
SELECT 'phone_number' FROM Customers;
INSERT INTO "SqlQuery" ("queryId", "userId", "issuedAt", "finishedAt", "hasError", "errorMessage", "statement", "projectId", "queryTypeId")
    VALUES ('84', '4', '2023-06-14 21:02:59.564197', '2023-06-14 21:03:01.564197', 'False', 'None', 'SELECT phone_number FROM Customers', '1', '1');
INSERT INTO "QueryColumnAccess" ("queryId", "columnId")
    VALUES ('84', '5');
INSERT INTO "QueryTableAccess" ("queryId", "tableId")
    VALUES ('84', '1');
SELECT 'customer_id' FROM Customers;
INSERT INTO "SqlQuery" ("queryId", "userId", "issuedAt", "finishedAt", "hasError", "errorMessage", "statement", "projectId", "queryTypeId")
    VALUES ('85', '7', '2023-04-18 21:02:59.564203', '2023-04-18 21:03:03.564203', 'False', 'None', 'SELECT customer_id FROM Customers', '1', '1');
INSERT INTO "QueryColumnAccess" ("queryId", "columnId")
    VALUES ('85', '1');
INSERT INTO "QueryTableAccess" ("queryId", "tableId")
    VALUES ('85', '1');
SELECT 'order_id' FROM Orders;
INSERT INTO "SqlQuery" ("queryId", "userId", "issuedAt", "finishedAt", "hasError", "errorMessage", "statement", "projectId", "queryTypeId")
    VALUES ('86', '10', '2023-05-05 21:02:59.564219', '2023-05-05 21:03:02.564219', 'False', 'None', 'SELECT order_id FROM Orders', '1', '1');
INSERT INTO "QueryColumnAccess" ("queryId", "columnId")
    VALUES ('86', '1');
INSERT INTO "QueryTableAccess" ("queryId", "tableId")
    VALUES ('86', '2');
SELECT 'first_name' FROM Customers;
INSERT INTO "SqlQuery" ("queryId", "userId", "issuedAt", "finishedAt", "hasError", "errorMessage", "statement", "projectId", "queryTypeId")
    VALUES ('87', '5', '2023-06-04 21:02:59.564226', '2023-06-04 21:03:01.564226', 'False', 'None', 'SELECT first_name FROM Customers', '1', '1');
INSERT INTO "QueryColumnAccess" ("queryId", "columnId")
    VALUES ('87', '2');
INSERT INTO "QueryTableAccess" ("queryId", "tableId")
    VALUES ('87', '1');
SELECT 'parent_category_id' FROM Categories;
INSERT INTO "SqlQuery" ("queryId", "userId", "issuedAt", "finishedAt", "hasError", "errorMessage", "statement", "projectId", "queryTypeId")
    VALUES ('88', '5', '2023-06-30 21:02:59.564232', '2023-06-30 21:03:00.564232', 'False', 'None', 'SELECT parent_category_id FROM Categories', '1', '1');
INSERT INTO "QueryColumnAccess" ("queryId", "columnId")
    VALUES ('88', '4');
INSERT INTO "QueryTableAccess" ("queryId", "tableId")
    VALUES ('88', '4');
SELECT 'description' FROM Products;
INSERT INTO "SqlQuery" ("queryId", "userId", "issuedAt", "finishedAt", "hasError", "errorMessage", "statement", "projectId", "queryTypeId")
    VALUES ('89', '13', '2023-06-07 21:02:59.564239', '2023-06-07 21:03:02.564239', 'False', 'None', 'SELECT description FROM Products', '1', '1');
INSERT INTO "QueryColumnAccess" ("queryId", "columnId")
    VALUES ('89', '5');
INSERT INTO "QueryTableAccess" ("queryId", "tableId")
    VALUES ('89', '3');
SELECT 'order_item_id' FROM OrderItems;
INSERT INTO "SqlQuery" ("queryId", "userId", "issuedAt", "finishedAt", "hasError", "errorMessage", "statement", "projectId", "queryTypeId")
    VALUES ('90', '14', '2023-06-08 21:02:59.564245', '2023-06-08 21:03:01.564245', 'False', 'None', 'SELECT order_item_id FROM OrderItems', '1', '1');
INSERT INTO "QueryColumnAccess" ("queryId", "columnId")
    VALUES ('90', '1');
INSERT INTO "QueryTableAccess" ("queryId", "tableId")
    VALUES ('90', '5');
SELECT 'parent_category_id' FROM Categories;
INSERT INTO "SqlQuery" ("queryId", "userId", "issuedAt", "finishedAt", "hasError", "errorMessage", "statement", "projectId", "queryTypeId")
    VALUES ('91', '14', '2023-06-16 21:02:59.564251', '2023-06-16 21:03:03.564251', 'False', 'None', 'SELECT parent_category_id FROM Categories', '1', '1');
INSERT INTO "QueryColumnAccess" ("queryId", "columnId")
    VALUES ('91', '4');
INSERT INTO "QueryTableAccess" ("queryId", "tableId")
    VALUES ('91', '4');
SELECT 'payment_method' FROM Orders;
INSERT INTO "SqlQuery" ("queryId", "userId", "issuedAt", "finishedAt", "hasError", "errorMessage", "statement", "projectId", "queryTypeId")
    VALUES ('92', '10', '2023-05-26 21:02:59.564258', '2023-05-26 21:03:02.564258', 'False', 'None', 'SELECT payment_method FROM Orders', '1', '1');
INSERT INTO "QueryColumnAccess" ("queryId", "columnId")
    VALUES ('92', '5');
INSERT INTO "QueryTableAccess" ("queryId", "tableId")
    VALUES ('92', '2');
SELECT 'email' FROM Customers;
INSERT INTO "SqlQuery" ("queryId", "userId", "issuedAt", "finishedAt", "hasError", "errorMessage", "statement", "projectId", "queryTypeId")
    VALUES ('93', '6', '2023-05-29 21:02:59.564264', '2023-05-29 21:03:03.564264', 'False', 'None', 'SELECT email FROM Customers', '1', '1');
INSERT INTO "QueryColumnAccess" ("queryId", "columnId")
    VALUES ('93', '4');
INSERT INTO "QueryTableAccess" ("queryId", "tableId")
    VALUES ('93', '1');
SELECT 'total_amount' FROM Orders;
INSERT INTO "SqlQuery" ("queryId", "userId", "issuedAt", "finishedAt", "hasError", "errorMessage", "statement", "projectId", "queryTypeId")
    VALUES ('94', '14', '2023-05-29 21:02:59.564271', '2023-05-29 21:03:01.564271', 'False', 'None', 'SELECT total_amount FROM Orders', '1', '1');
INSERT INTO "QueryColumnAccess" ("queryId", "columnId")
    VALUES ('94', '4');
INSERT INTO "QueryTableAccess" ("queryId", "tableId")
    VALUES ('94', '2');
SELECT 'product_id' FROM Products;
INSERT INTO "SqlQuery" ("queryId", "userId", "issuedAt", "finishedAt", "hasError", "errorMessage", "statement", "projectId", "queryTypeId")
    VALUES ('95', '14', '2023-06-26 21:02:59.564277', '2023-06-26 21:03:02.564277', 'False', 'None', 'SELECT product_id FROM Products', '1', '1');
INSERT INTO "QueryColumnAccess" ("queryId", "columnId")
    VALUES ('95', '1');
INSERT INTO "QueryTableAccess" ("queryId", "tableId")
    VALUES ('95', '3');
SELECT 'parent_category_id' FROM Categories;
INSERT INTO "SqlQuery" ("queryId", "userId", "issuedAt", "finishedAt", "hasError", "errorMessage", "statement", "projectId", "queryTypeId")
    VALUES ('96', '12', '2023-05-16 21:02:59.564284', '2023-05-16 21:03:02.564284', 'False', 'None', 'SELECT parent_category_id FROM Categories', '1', '1');
INSERT INTO "QueryColumnAccess" ("queryId", "columnId")
    VALUES ('96', '4');
INSERT INTO "QueryTableAccess" ("queryId", "tableId")
    VALUES ('96', '4');
SELECT 'category' FROM Products;
INSERT INTO "SqlQuery" ("queryId", "userId", "issuedAt", "finishedAt", "hasError", "errorMessage", "statement", "projectId", "queryTypeId")
    VALUES ('97', '7', '2023-04-20 21:02:59.564290', '2023-04-20 21:03:00.564290', 'False', 'None', 'SELECT category FROM Products', '1', '1');
INSERT INTO "QueryColumnAccess" ("queryId", "columnId")
    VALUES ('97', '3');
INSERT INTO "QueryTableAccess" ("queryId", "tableId")
    VALUES ('97', '3');
SELECT 'order_item_id' FROM OrderItems;
INSERT INTO "SqlQuery" ("queryId", "userId", "issuedAt", "finishedAt", "hasError", "errorMessage", "statement", "projectId", "queryTypeId")
    VALUES ('98', '3', '2023-05-21 21:02:59.564297', '2023-05-21 21:03:01.564297', 'False', 'None', 'SELECT order_item_id FROM OrderItems', '1', '1');
INSERT INTO "QueryColumnAccess" ("queryId", "columnId")
    VALUES ('98', '1');
INSERT INTO "QueryTableAccess" ("queryId", "tableId")
    VALUES ('98', '5');
SELECT 'phone_number' FROM Customers;
INSERT INTO "SqlQuery" ("queryId", "userId", "issuedAt", "finishedAt", "hasError", "errorMessage", "statement", "projectId", "queryTypeId")
    VALUES ('99', '12', '2023-06-13 21:02:59.564303', '2023-06-13 21:03:00.564303', 'False', 'None', 'SELECT phone_number FROM Customers', '1', '1');
INSERT INTO "QueryColumnAccess" ("queryId", "columnId")
    VALUES ('99', '5');
INSERT INTO "QueryTableAccess" ("queryId", "tableId")
    VALUES ('99', '1');
SELECT 'product_id' FROM OrderItems;
INSERT INTO "SqlQuery" ("queryId", "userId", "issuedAt", "finishedAt", "hasError", "errorMessage", "statement", "projectId", "queryTypeId")
    VALUES ('100', '2', '2023-04-22 21:02:59.564310', '2023-04-22 21:03:01.564310', 'False', 'None', 'SELECT product_id FROM OrderItems', '1', '1');
INSERT INTO "QueryColumnAccess" ("queryId", "columnId")
    VALUES ('100', '3');
INSERT INTO "QueryTableAccess" ("queryId", "tableId")
    VALUES ('100', '5');
SELECT 'order_id' FROM Orders;
INSERT INTO "SqlQuery" ("queryId", "userId", "issuedAt", "finishedAt", "hasError", "errorMessage", "statement", "projectId", "queryTypeId")
    VALUES ('101', '10', '2023-05-09 21:02:59.564316', '2023-05-09 21:03:00.564316', 'False', 'None', 'SELECT order_id FROM Orders', '1', '1');
INSERT INTO "QueryColumnAccess" ("queryId", "columnId")
    VALUES ('101', '1');
INSERT INTO "QueryTableAccess" ("queryId", "tableId")
    VALUES ('101', '2');
SELECT 'unit_price' FROM OrderItems;
INSERT INTO "SqlQuery" ("queryId", "userId", "issuedAt", "finishedAt", "hasError", "errorMessage", "statement", "projectId", "queryTypeId")
    VALUES ('102', '5', '2023-06-19 21:02:59.564323', '2023-06-19 21:03:00.564323', 'False', 'None', 'SELECT unit_price FROM OrderItems', '1', '1');
INSERT INTO "QueryColumnAccess" ("queryId", "columnId")
    VALUES ('102', '5');
INSERT INTO "QueryTableAccess" ("queryId", "tableId")
    VALUES ('102', '5');
SELECT 'last_name' FROM Customers;
INSERT INTO "SqlQuery" ("queryId", "userId", "issuedAt", "finishedAt", "hasError", "errorMessage", "statement", "projectId", "queryTypeId")
    VALUES ('103', '7', '2023-05-07 21:02:59.564337', '2023-05-07 21:03:01.564337', 'False', 'None', 'SELECT last_name FROM Customers', '1', '1');
INSERT INTO "QueryColumnAccess" ("queryId", "columnId")
    VALUES ('103', '3');
INSERT INTO "QueryTableAccess" ("queryId", "tableId")
    VALUES ('103', '1');
SELECT 'price' FROM Products;
INSERT INTO "SqlQuery" ("queryId", "userId", "issuedAt", "finishedAt", "hasError", "errorMessage", "statement", "projectId", "queryTypeId")
    VALUES ('104', '13', '2023-05-20 21:02:59.564344', '2023-05-20 21:03:03.564344', 'False', 'None', 'SELECT price FROM Products', '1', '1');
INSERT INTO "QueryColumnAccess" ("queryId", "columnId")
    VALUES ('104', '4');
INSERT INTO "QueryTableAccess" ("queryId", "tableId")
    VALUES ('104', '3');
SELECT 'phone_number' FROM Customers;
INSERT INTO "SqlQuery" ("queryId", "userId", "issuedAt", "finishedAt", "hasError", "errorMessage", "statement", "projectId", "queryTypeId")
    VALUES ('105', '11', '2023-06-08 21:02:59.564351', '2023-06-08 21:03:03.564351', 'False', 'None', 'SELECT phone_number FROM Customers', '1', '1');
INSERT INTO "QueryColumnAccess" ("queryId", "columnId")
    VALUES ('105', '5');
INSERT INTO "QueryTableAccess" ("queryId", "tableId")
    VALUES ('105', '1');
SELECT 'customer_id' FROM Orders;
INSERT INTO "SqlQuery" ("queryId", "userId", "issuedAt", "finishedAt", "hasError", "errorMessage", "statement", "projectId", "queryTypeId")
    VALUES ('106', '8', '2023-05-22 21:02:59.564357', '2023-05-22 21:03:02.564357', 'False', 'None', 'SELECT customer_id FROM Orders', '1', '1');
INSERT INTO "QueryColumnAccess" ("queryId", "columnId")
    VALUES ('106', '2');
INSERT INTO "QueryTableAccess" ("queryId", "tableId")
    VALUES ('106', '2');
SELECT 'product_id' FROM OrderItems;
INSERT INTO "SqlQuery" ("queryId", "userId", "issuedAt", "finishedAt", "hasError", "errorMessage", "statement", "projectId", "queryTypeId")
    VALUES ('107', '15', '2023-06-15 21:02:59.564364', '2023-06-15 21:03:02.564364', 'False', 'None', 'SELECT product_id FROM OrderItems', '1', '1');
INSERT INTO "QueryColumnAccess" ("queryId", "columnId")
    VALUES ('107', '3');
INSERT INTO "QueryTableAccess" ("queryId", "tableId")
    VALUES ('107', '5');
SELECT 'product_id' FROM Products;
INSERT INTO "SqlQuery" ("queryId", "userId", "issuedAt", "finishedAt", "hasError", "errorMessage", "statement", "projectId", "queryTypeId")
    VALUES ('108', '7', '2023-07-04 21:02:59.564370', '2023-07-04 21:03:02.564370', 'False', 'None', 'SELECT product_id FROM Products', '1', '1');
INSERT INTO "QueryColumnAccess" ("queryId", "columnId")
    VALUES ('108', '1');
INSERT INTO "QueryTableAccess" ("queryId", "tableId")
    VALUES ('108', '3');
SELECT 'order_item_id' FROM OrderItems;
INSERT INTO "SqlQuery" ("queryId", "userId", "issuedAt", "finishedAt", "hasError", "errorMessage", "statement", "projectId", "queryTypeId")
    VALUES ('109', '14', '2023-05-08 21:02:59.564376', '2023-05-08 21:03:02.564376', 'False', 'None', 'SELECT order_item_id FROM OrderItems', '1', '1');
INSERT INTO "QueryColumnAccess" ("queryId", "columnId")
    VALUES ('109', '1');
INSERT INTO "QueryTableAccess" ("queryId", "tableId")
    VALUES ('109', '5');
SELECT 'product_id' FROM OrderItems;
INSERT INTO "SqlQuery" ("queryId", "userId", "issuedAt", "finishedAt", "hasError", "errorMessage", "statement", "projectId", "queryTypeId")
    VALUES ('110', '9', '2023-06-18 21:02:59.564383', '2023-06-18 21:03:00.564383', 'False', 'None', 'SELECT product_id FROM OrderItems', '1', '1');
INSERT INTO "QueryColumnAccess" ("queryId", "columnId")
    VALUES ('110', '3');
INSERT INTO "QueryTableAccess" ("queryId", "tableId")
    VALUES ('110', '5');
SELECT 'product_id' FROM OrderItems;
INSERT INTO "SqlQuery" ("queryId", "userId", "issuedAt", "finishedAt", "hasError", "errorMessage", "statement", "projectId", "queryTypeId")
    VALUES ('111', '3', '2023-06-30 21:02:59.564389', '2023-06-30 21:03:03.564389', 'False', 'None', 'SELECT product_id FROM OrderItems', '1', '1');
INSERT INTO "QueryColumnAccess" ("queryId", "columnId")
    VALUES ('111', '3');
INSERT INTO "QueryTableAccess" ("queryId", "tableId")
    VALUES ('111', '5');
SELECT 'category_name' FROM Categories;
INSERT INTO "SqlQuery" ("queryId", "userId", "issuedAt", "finishedAt", "hasError", "errorMessage", "statement", "projectId", "queryTypeId")
    VALUES ('112', '5', '2023-06-18 21:02:59.564396', '2023-06-18 21:03:02.564396', 'False', 'None', 'SELECT category_name FROM Categories', '1', '1');
INSERT INTO "QueryColumnAccess" ("queryId", "columnId")
    VALUES ('112', '2');
INSERT INTO "QueryTableAccess" ("queryId", "tableId")
    VALUES ('112', '4');
SELECT 'shipping_address' FROM Orders;
INSERT INTO "SqlQuery" ("queryId", "userId", "issuedAt", "finishedAt", "hasError", "errorMessage", "statement", "projectId", "queryTypeId")
    VALUES ('113', '8', '2023-06-09 21:02:59.564402', '2023-06-09 21:03:00.564402', 'False', 'None', 'SELECT shipping_address FROM Orders', '1', '1');
INSERT INTO "QueryColumnAccess" ("queryId", "columnId")
    VALUES ('113', '6');
INSERT INTO "QueryTableAccess" ("queryId", "tableId")
    VALUES ('113', '2');
SELECT 'product_id' FROM Products;
INSERT INTO "SqlQuery" ("queryId", "userId", "issuedAt", "finishedAt", "hasError", "errorMessage", "statement", "projectId", "queryTypeId")
    VALUES ('114', '4', '2023-06-14 21:02:59.564408', '2023-06-14 21:03:00.564408', 'False', 'None', 'SELECT product_id FROM Products', '1', '1');
INSERT INTO "QueryColumnAccess" ("queryId", "columnId")
    VALUES ('114', '1');
INSERT INTO "QueryTableAccess" ("queryId", "tableId")
    VALUES ('114', '3');
SELECT 'first_name' FROM Customers;
INSERT INTO "SqlQuery" ("queryId", "userId", "issuedAt", "finishedAt", "hasError", "errorMessage", "statement", "projectId", "queryTypeId")
    VALUES ('115', '6', '2023-05-17 21:02:59.564414', '2023-05-17 21:03:02.564414', 'False', 'None', 'SELECT first_name FROM Customers', '1', '1');
INSERT INTO "QueryColumnAccess" ("queryId", "columnId")
    VALUES ('115', '2');
INSERT INTO "QueryTableAccess" ("queryId", "tableId")
    VALUES ('115', '1');
SELECT 'shipping_address' FROM Orders;
INSERT INTO "SqlQuery" ("queryId", "userId", "issuedAt", "finishedAt", "hasError", "errorMessage", "statement", "projectId", "queryTypeId")
    VALUES ('116', '3', '2023-04-20 21:02:59.564421', '2023-04-20 21:03:02.564421', 'False', 'None', 'SELECT shipping_address FROM Orders', '1', '1');
INSERT INTO "QueryColumnAccess" ("queryId", "columnId")
    VALUES ('116', '6');
INSERT INTO "QueryTableAccess" ("queryId", "tableId")
    VALUES ('116', '2');
SELECT 'parent_category_id' FROM Categories;
INSERT INTO "SqlQuery" ("queryId", "userId", "issuedAt", "finishedAt", "hasError", "errorMessage", "statement", "projectId", "queryTypeId")
    VALUES ('117', '4', '2023-04-12 21:02:59.564427', '2023-04-12 21:03:00.564427', 'False', 'None', 'SELECT parent_category_id FROM Categories', '1', '1');
INSERT INTO "QueryColumnAccess" ("queryId", "columnId")
    VALUES ('117', '4');
INSERT INTO "QueryTableAccess" ("queryId", "tableId")
    VALUES ('117', '4');
SELECT 'order_id' FROM OrderItems;
INSERT INTO "SqlQuery" ("queryId", "userId", "issuedAt", "finishedAt", "hasError", "errorMessage", "statement", "projectId", "queryTypeId")
    VALUES ('118', '3', '2023-05-03 21:02:59.564433', '2023-05-03 21:03:02.564433', 'False', 'None', 'SELECT order_id FROM OrderItems', '1', '1');
INSERT INTO "QueryColumnAccess" ("queryId", "columnId")
    VALUES ('118', '2');
INSERT INTO "QueryTableAccess" ("queryId", "tableId")
    VALUES ('118', '5');
SELECT 'shipping_address' FROM Orders;
INSERT INTO "SqlQuery" ("queryId", "userId", "issuedAt", "finishedAt", "hasError", "errorMessage", "statement", "projectId", "queryTypeId")
    VALUES ('119', '2', '2023-07-05 21:02:59.564440', '2023-07-05 21:03:01.564440', 'False', 'None', 'SELECT shipping_address FROM Orders', '1', '1');
INSERT INTO "QueryColumnAccess" ("queryId", "columnId")
    VALUES ('119', '6');
INSERT INTO "QueryTableAccess" ("queryId", "tableId")
    VALUES ('119', '2');
SELECT 'parent_category_id' FROM Categories;
INSERT INTO "SqlQuery" ("queryId", "userId", "issuedAt", "finishedAt", "hasError", "errorMessage", "statement", "projectId", "queryTypeId")
    VALUES ('120', '7', '2023-05-29 21:02:59.564472', '2023-05-29 21:03:02.564472', 'False', 'None', 'SELECT parent_category_id FROM Categories', '1', '1');
INSERT INTO "QueryColumnAccess" ("queryId", "columnId")
    VALUES ('120', '4');
INSERT INTO "QueryTableAccess" ("queryId", "tableId")
    VALUES ('120', '4');
SELECT 'total_amount' FROM Orders;
INSERT INTO "SqlQuery" ("queryId", "userId", "issuedAt", "finishedAt", "hasError", "errorMessage", "statement", "projectId", "queryTypeId")
    VALUES ('121', '14', '2023-05-28 21:02:59.564480', '2023-05-28 21:03:03.564480', 'False', 'None', 'SELECT total_amount FROM Orders', '1', '1');
INSERT INTO "QueryColumnAccess" ("queryId", "columnId")
    VALUES ('121', '4');
INSERT INTO "QueryTableAccess" ("queryId", "tableId")
    VALUES ('121', '2');
SELECT 'email' FROM Customers;
INSERT INTO "SqlQuery" ("queryId", "userId", "issuedAt", "finishedAt", "hasError", "errorMessage", "statement", "projectId", "queryTypeId")
    VALUES ('122', '14', '2023-07-04 21:02:59.564486', '2023-07-04 21:03:00.564486', 'False', 'None', 'SELECT email FROM Customers', '1', '1');
INSERT INTO "QueryColumnAccess" ("queryId", "columnId")
    VALUES ('122', '4');
INSERT INTO "QueryTableAccess" ("queryId", "tableId")
    VALUES ('122', '1');
SELECT 'description' FROM Categories;
INSERT INTO "SqlQuery" ("queryId", "userId", "issuedAt", "finishedAt", "hasError", "errorMessage", "statement", "projectId", "queryTypeId")
    VALUES ('123', '13', '2023-04-23 21:02:59.564493', '2023-04-23 21:03:01.564493', 'False', 'None', 'SELECT description FROM Categories', '1', '1');
INSERT INTO "QueryColumnAccess" ("queryId", "columnId")
    VALUES ('123', '3');
INSERT INTO "QueryTableAccess" ("queryId", "tableId")
    VALUES ('123', '4');
SELECT 'customer_id' FROM Orders;
INSERT INTO "SqlQuery" ("queryId", "userId", "issuedAt", "finishedAt", "hasError", "errorMessage", "statement", "projectId", "queryTypeId")
    VALUES ('124', '4', '2023-05-22 21:02:59.564500', '2023-05-22 21:03:03.564500', 'False', 'None', 'SELECT customer_id FROM Orders', '1', '1');
INSERT INTO "QueryColumnAccess" ("queryId", "columnId")
    VALUES ('124', '2');
INSERT INTO "QueryTableAccess" ("queryId", "tableId")
    VALUES ('124', '2');
SELECT 'category' FROM Products;
INSERT INTO "SqlQuery" ("queryId", "userId", "issuedAt", "finishedAt", "hasError", "errorMessage", "statement", "projectId", "queryTypeId")
    VALUES ('125', '3', '2023-04-14 21:02:59.564507', '2023-04-14 21:03:00.564507', 'False', 'None', 'SELECT category FROM Products', '1', '1');
INSERT INTO "QueryColumnAccess" ("queryId", "columnId")
    VALUES ('125', '3');
INSERT INTO "QueryTableAccess" ("queryId", "tableId")
    VALUES ('125', '3');
SELECT 'payment_method' FROM Orders;
INSERT INTO "SqlQuery" ("queryId", "userId", "issuedAt", "finishedAt", "hasError", "errorMessage", "statement", "projectId", "queryTypeId")
    VALUES ('126', '11', '2023-06-15 21:02:59.564513', '2023-06-15 21:03:01.564513', 'False', 'None', 'SELECT payment_method FROM Orders', '1', '1');
INSERT INTO "QueryColumnAccess" ("queryId", "columnId")
    VALUES ('126', '5');
INSERT INTO "QueryTableAccess" ("queryId", "tableId")
    VALUES ('126', '2');
SELECT 'category_name' FROM Categories;
INSERT INTO "SqlQuery" ("queryId", "userId", "issuedAt", "finishedAt", "hasError", "errorMessage", "statement", "projectId", "queryTypeId")
    VALUES ('127', '7', '2023-04-26 21:02:59.564520', '2023-04-26 21:03:00.564520', 'False', 'None', 'SELECT category_name FROM Categories', '1', '1');
INSERT INTO "QueryColumnAccess" ("queryId", "columnId")
    VALUES ('127', '2');
INSERT INTO "QueryTableAccess" ("queryId", "tableId")
    VALUES ('127', '4');
SELECT 'category_id' FROM Categories;
INSERT INTO "SqlQuery" ("queryId", "userId", "issuedAt", "finishedAt", "hasError", "errorMessage", "statement", "projectId", "queryTypeId")
    VALUES ('128', '9', '2023-06-14 21:02:59.564527', '2023-06-14 21:03:02.564527', 'False', 'None', 'SELECT category_id FROM Categories', '1', '1');
INSERT INTO "QueryColumnAccess" ("queryId", "columnId")
    VALUES ('128', '1');
INSERT INTO "QueryTableAccess" ("queryId", "tableId")
    VALUES ('128', '4');
SELECT 'shipping_address' FROM Orders;
INSERT INTO "SqlQuery" ("queryId", "userId", "issuedAt", "finishedAt", "hasError", "errorMessage", "statement", "projectId", "queryTypeId")
    VALUES ('129', '8', '2023-05-15 21:02:59.564534', '2023-05-15 21:03:02.564534', 'False', 'None', 'SELECT shipping_address FROM Orders', '1', '1');
INSERT INTO "QueryColumnAccess" ("queryId", "columnId")
    VALUES ('129', '6');
INSERT INTO "QueryTableAccess" ("queryId", "tableId")
    VALUES ('129', '2');
SELECT 'last_name' FROM Customers;
INSERT INTO "SqlQuery" ("queryId", "userId", "issuedAt", "finishedAt", "hasError", "errorMessage", "statement", "projectId", "queryTypeId")
    VALUES ('130', '12', '2023-05-20 21:02:59.564540', '2023-05-20 21:03:03.564540', 'False', 'None', 'SELECT last_name FROM Customers', '1', '1');
INSERT INTO "QueryColumnAccess" ("queryId", "columnId")
    VALUES ('130', '3');
INSERT INTO "QueryTableAccess" ("queryId", "tableId")
    VALUES ('130', '1');
SELECT 'order_id' FROM Orders;
INSERT INTO "SqlQuery" ("queryId", "userId", "issuedAt", "finishedAt", "hasError", "errorMessage", "statement", "projectId", "queryTypeId")
    VALUES ('131', '5', '2023-07-07 21:02:59.564548', '2023-07-07 21:03:01.564548', 'False', 'None', 'SELECT order_id FROM Orders', '1', '1');
INSERT INTO "QueryColumnAccess" ("queryId", "columnId")
    VALUES ('131', '1');
INSERT INTO "QueryTableAccess" ("queryId", "tableId")
    VALUES ('131', '2');
SELECT 'customer_id' FROM Customers;
INSERT INTO "SqlQuery" ("queryId", "userId", "issuedAt", "finishedAt", "hasError", "errorMessage", "statement", "projectId", "queryTypeId")
    VALUES ('132', '15', '2023-06-22 21:02:59.564554', '2023-06-22 21:03:03.564554', 'False', 'None', 'SELECT customer_id FROM Customers', '1', '1');
INSERT INTO "QueryColumnAccess" ("queryId", "columnId")
    VALUES ('132', '1');
INSERT INTO "QueryTableAccess" ("queryId", "tableId")
    VALUES ('132', '1');
SELECT 'unit_price' FROM OrderItems;
INSERT INTO "SqlQuery" ("queryId", "userId", "issuedAt", "finishedAt", "hasError", "errorMessage", "statement", "projectId", "queryTypeId")
    VALUES ('133', '7', '2023-04-19 21:02:59.564561', '2023-04-19 21:03:02.564561', 'False', 'None', 'SELECT unit_price FROM OrderItems', '1', '1');
INSERT INTO "QueryColumnAccess" ("queryId", "columnId")
    VALUES ('133', '5');
INSERT INTO "QueryTableAccess" ("queryId", "tableId")
    VALUES ('133', '5');
SELECT 'phone_number' FROM Customers;
INSERT INTO "SqlQuery" ("queryId", "userId", "issuedAt", "finishedAt", "hasError", "errorMessage", "statement", "projectId", "queryTypeId")
    VALUES ('134', '7', '2023-04-17 21:02:59.564568', '2023-04-17 21:03:03.564568', 'False', 'None', 'SELECT phone_number FROM Customers', '1', '1');
INSERT INTO "QueryColumnAccess" ("queryId", "columnId")
    VALUES ('134', '5');
INSERT INTO "QueryTableAccess" ("queryId", "tableId")
    VALUES ('134', '1');
SELECT 'order_id' FROM Orders;
INSERT INTO "SqlQuery" ("queryId", "userId", "issuedAt", "finishedAt", "hasError", "errorMessage", "statement", "projectId", "queryTypeId")
    VALUES ('135', '11', '2023-05-24 21:02:59.564574', '2023-05-24 21:03:00.564574', 'False', 'None', 'SELECT order_id FROM Orders', '1', '1');
INSERT INTO "QueryColumnAccess" ("queryId", "columnId")
    VALUES ('135', '1');
INSERT INTO "QueryTableAccess" ("queryId", "tableId")
    VALUES ('135', '2');
SELECT 'email' FROM Customers;
INSERT INTO "SqlQuery" ("queryId", "userId", "issuedAt", "finishedAt", "hasError", "errorMessage", "statement", "projectId", "queryTypeId")
    VALUES ('136', '5', '2023-04-19 21:02:59.564592', '2023-04-19 21:03:01.564592', 'False', 'None', 'SELECT email FROM Customers', '1', '1');
INSERT INTO "QueryColumnAccess" ("queryId", "columnId")
    VALUES ('136', '4');
INSERT INTO "QueryTableAccess" ("queryId", "tableId")
    VALUES ('136', '1');
SELECT 'order_id' FROM Orders;
INSERT INTO "SqlQuery" ("queryId", "userId", "issuedAt", "finishedAt", "hasError", "errorMessage", "statement", "projectId", "queryTypeId")
    VALUES ('137', '6', '2023-05-03 21:02:59.564599', '2023-05-03 21:03:01.564599', 'False', 'None', 'SELECT order_id FROM Orders', '1', '1');
INSERT INTO "QueryColumnAccess" ("queryId", "columnId")
    VALUES ('137', '1');
INSERT INTO "QueryTableAccess" ("queryId", "tableId")
    VALUES ('137', '2');
SELECT 'category_name' FROM Categories;
INSERT INTO "SqlQuery" ("queryId", "userId", "issuedAt", "finishedAt", "hasError", "errorMessage", "statement", "projectId", "queryTypeId")
    VALUES ('138', '10', '2023-07-07 21:02:59.564606', '2023-07-07 21:03:03.564606', 'False', 'None', 'SELECT category_name FROM Categories', '1', '1');
INSERT INTO "QueryColumnAccess" ("queryId", "columnId")
    VALUES ('138', '2');
INSERT INTO "QueryTableAccess" ("queryId", "tableId")
    VALUES ('138', '4');
SELECT 'category_name' FROM Categories;
INSERT INTO "SqlQuery" ("queryId", "userId", "issuedAt", "finishedAt", "hasError", "errorMessage", "statement", "projectId", "queryTypeId")
    VALUES ('139', '3', '2023-05-02 21:02:59.564613', '2023-05-02 21:03:02.564613', 'False', 'None', 'SELECT category_name FROM Categories', '1', '1');
INSERT INTO "QueryColumnAccess" ("queryId", "columnId")
    VALUES ('139', '2');
INSERT INTO "QueryTableAccess" ("queryId", "tableId")
    VALUES ('139', '4');
SELECT 'payment_method' FROM Orders;
INSERT INTO "SqlQuery" ("queryId", "userId", "issuedAt", "finishedAt", "hasError", "errorMessage", "statement", "projectId", "queryTypeId")
    VALUES ('140', '15', '2023-06-30 21:02:59.564620', '2023-06-30 21:03:02.564620', 'False', 'None', 'SELECT payment_method FROM Orders', '1', '1');
INSERT INTO "QueryColumnAccess" ("queryId", "columnId")
    VALUES ('140', '5');
INSERT INTO "QueryTableAccess" ("queryId", "tableId")
    VALUES ('140', '2');
SELECT 'order_id' FROM OrderItems;
INSERT INTO "SqlQuery" ("queryId", "userId", "issuedAt", "finishedAt", "hasError", "errorMessage", "statement", "projectId", "queryTypeId")
    VALUES ('141', '11', '2023-07-02 21:02:59.564627', '2023-07-02 21:03:00.564627', 'False', 'None', 'SELECT order_id FROM OrderItems', '1', '1');
INSERT INTO "QueryColumnAccess" ("queryId", "columnId")
    VALUES ('141', '2');
INSERT INTO "QueryTableAccess" ("queryId", "tableId")
    VALUES ('141', '5');
SELECT 'customer_id' FROM Customers;
INSERT INTO "SqlQuery" ("queryId", "userId", "issuedAt", "finishedAt", "hasError", "errorMessage", "statement", "projectId", "queryTypeId")
    VALUES ('142', '12', '2023-07-05 21:02:59.564634', '2023-07-05 21:03:02.564634', 'False', 'None', 'SELECT customer_id FROM Customers', '1', '1');
INSERT INTO "QueryColumnAccess" ("queryId", "columnId")
    VALUES ('142', '1');
INSERT INTO "QueryTableAccess" ("queryId", "tableId")
    VALUES ('142', '1');
SELECT 'customer_id' FROM Orders;
INSERT INTO "SqlQuery" ("queryId", "userId", "issuedAt", "finishedAt", "hasError", "errorMessage", "statement", "projectId", "queryTypeId")
    VALUES ('143', '8', '2023-04-22 21:02:59.564641', '2023-04-22 21:03:01.564641', 'False', 'None', 'SELECT customer_id FROM Orders', '1', '1');
INSERT INTO "QueryColumnAccess" ("queryId", "columnId")
    VALUES ('143', '2');
INSERT INTO "QueryTableAccess" ("queryId", "tableId")
    VALUES ('143', '2');
SELECT 'parent_category_id' FROM Categories;
INSERT INTO "SqlQuery" ("queryId", "userId", "issuedAt", "finishedAt", "hasError", "errorMessage", "statement", "projectId", "queryTypeId")
    VALUES ('144', '9', '2023-06-08 21:02:59.564648', '2023-06-08 21:03:03.564648', 'False', 'None', 'SELECT parent_category_id FROM Categories', '1', '1');
INSERT INTO "QueryColumnAccess" ("queryId", "columnId")
    VALUES ('144', '4');
INSERT INTO "QueryTableAccess" ("queryId", "tableId")
    VALUES ('144', '4');
SELECT 'order_id' FROM OrderItems;
INSERT INTO "SqlQuery" ("queryId", "userId", "issuedAt", "finishedAt", "hasError", "errorMessage", "statement", "projectId", "queryTypeId")
    VALUES ('145', '13', '2023-05-22 21:02:59.564654', '2023-05-22 21:03:01.564654', 'False', 'None', 'SELECT order_id FROM OrderItems', '1', '1');
INSERT INTO "QueryColumnAccess" ("queryId", "columnId")
    VALUES ('145', '2');
INSERT INTO "QueryTableAccess" ("queryId", "tableId")
    VALUES ('145', '5');
SELECT 'order_date' FROM Orders;
INSERT INTO "SqlQuery" ("queryId", "userId", "issuedAt", "finishedAt", "hasError", "errorMessage", "statement", "projectId", "queryTypeId")
    VALUES ('146', '2', '2023-05-27 21:02:59.564661', '2023-05-27 21:03:03.564661', 'False', 'None', 'SELECT order_date FROM Orders', '1', '1');
INSERT INTO "QueryColumnAccess" ("queryId", "columnId")
    VALUES ('146', '3');
INSERT INTO "QueryTableAccess" ("queryId", "tableId")
    VALUES ('146', '2');
SELECT 'product_id' FROM OrderItems;
INSERT INTO "SqlQuery" ("queryId", "userId", "issuedAt", "finishedAt", "hasError", "errorMessage", "statement", "projectId", "queryTypeId")
    VALUES ('147', '14', '2023-06-28 21:02:59.564668', '2023-06-28 21:03:03.564668', 'False', 'None', 'SELECT product_id FROM OrderItems', '1', '1');
INSERT INTO "QueryColumnAccess" ("queryId", "columnId")
    VALUES ('147', '3');
INSERT INTO "QueryTableAccess" ("queryId", "tableId")
    VALUES ('147', '5');
SELECT 'email' FROM Customers;
INSERT INTO "SqlQuery" ("queryId", "userId", "issuedAt", "finishedAt", "hasError", "errorMessage", "statement", "projectId", "queryTypeId")
    VALUES ('148', '5', '2023-05-31 21:02:59.564675', '2023-05-31 21:03:02.564675', 'False', 'None', 'SELECT email FROM Customers', '1', '1');
INSERT INTO "QueryColumnAccess" ("queryId", "columnId")
    VALUES ('148', '4');
INSERT INTO "QueryTableAccess" ("queryId", "tableId")
    VALUES ('148', '1');
SELECT 'parent_category_id' FROM Categories;
INSERT INTO "SqlQuery" ("queryId", "userId", "issuedAt", "finishedAt", "hasError", "errorMessage", "statement", "projectId", "queryTypeId")
    VALUES ('149', '13', '2023-06-25 21:02:59.564682', '2023-06-25 21:03:02.564682', 'False', 'None', 'SELECT parent_category_id FROM Categories', '1', '1');
INSERT INTO "QueryColumnAccess" ("queryId", "columnId")
    VALUES ('149', '4');
INSERT INTO "QueryTableAccess" ("queryId", "tableId")
    VALUES ('149', '4');
SELECT 'category' FROM Products;
INSERT INTO "SqlQuery" ("queryId", "userId", "issuedAt", "finishedAt", "hasError", "errorMessage", "statement", "projectId", "queryTypeId")
    VALUES ('150', '13', '2023-05-18 21:02:59.564689', '2023-05-18 21:03:03.564689', 'False', 'None', 'SELECT category FROM Products', '1', '1');
INSERT INTO "QueryColumnAccess" ("queryId", "columnId")
    VALUES ('150', '3');
INSERT INTO "QueryTableAccess" ("queryId", "tableId")
    VALUES ('150', '3');
SELECT 'parent_category_id' FROM Categories;
INSERT INTO "SqlQuery" ("queryId", "userId", "issuedAt", "finishedAt", "hasError", "errorMessage", "statement", "projectId", "queryTypeId")
    VALUES ('151', '10', '2023-06-05 21:02:59.564696', '2023-06-05 21:03:00.564696', 'False', 'None', 'SELECT parent_category_id FROM Categories', '1', '1');
INSERT INTO "QueryColumnAccess" ("queryId", "columnId")
    VALUES ('151', '4');
INSERT INTO "QueryTableAccess" ("queryId", "tableId")
    VALUES ('151', '4');
SELECT 'description' FROM Products;
INSERT INTO "SqlQuery" ("queryId", "userId", "issuedAt", "finishedAt", "hasError", "errorMessage", "statement", "projectId", "queryTypeId")
    VALUES ('152', '9', '2023-07-02 21:02:59.564703', '2023-07-02 21:03:03.564703', 'False', 'None', 'SELECT description FROM Products', '1', '1');
INSERT INTO "QueryColumnAccess" ("queryId", "columnId")
    VALUES ('152', '5');
INSERT INTO "QueryTableAccess" ("queryId", "tableId")
    VALUES ('152', '3');
SELECT 'category_name' FROM Categories;
INSERT INTO "SqlQuery" ("queryId", "userId", "issuedAt", "finishedAt", "hasError", "errorMessage", "statement", "projectId", "queryTypeId")
    VALUES ('153', '7', '2023-06-27 21:02:59.564722', '2023-06-27 21:03:00.564722', 'False', 'None', 'SELECT category_name FROM Categories', '1', '1');
INSERT INTO "QueryColumnAccess" ("queryId", "columnId")
    VALUES ('153', '2');
INSERT INTO "QueryTableAccess" ("queryId", "tableId")
    VALUES ('153', '4');
SELECT 'last_name' FROM Customers;
INSERT INTO "SqlQuery" ("queryId", "userId", "issuedAt", "finishedAt", "hasError", "errorMessage", "statement", "projectId", "queryTypeId")
    VALUES ('154', '15', '2023-06-10 21:02:59.564729', '2023-06-10 21:03:01.564729', 'False', 'None', 'SELECT last_name FROM Customers', '1', '1');
INSERT INTO "QueryColumnAccess" ("queryId", "columnId")
    VALUES ('154', '3');
INSERT INTO "QueryTableAccess" ("queryId", "tableId")
    VALUES ('154', '1');
SELECT 'order_date' FROM Orders;
INSERT INTO "SqlQuery" ("queryId", "userId", "issuedAt", "finishedAt", "hasError", "errorMessage", "statement", "projectId", "queryTypeId")
    VALUES ('155', '6', '2023-04-30 21:02:59.564736', '2023-04-30 21:03:00.564736', 'False', 'None', 'SELECT order_date FROM Orders', '1', '1');
INSERT INTO "QueryColumnAccess" ("queryId", "columnId")
    VALUES ('155', '3');
INSERT INTO "QueryTableAccess" ("queryId", "tableId")
    VALUES ('155', '2');
SELECT 'shipping_address' FROM Orders;
INSERT INTO "SqlQuery" ("queryId", "userId", "issuedAt", "finishedAt", "hasError", "errorMessage", "statement", "projectId", "queryTypeId")
    VALUES ('156', '12', '2023-05-18 21:02:59.564743', '2023-05-18 21:03:03.564743', 'False', 'None', 'SELECT shipping_address FROM Orders', '1', '1');
INSERT INTO "QueryColumnAccess" ("queryId", "columnId")
    VALUES ('156', '6');
INSERT INTO "QueryTableAccess" ("queryId", "tableId")
    VALUES ('156', '2');
SELECT 'category_id' FROM Categories;
INSERT INTO "SqlQuery" ("queryId", "userId", "issuedAt", "finishedAt", "hasError", "errorMessage", "statement", "projectId", "queryTypeId")
    VALUES ('157', '6', '2023-06-13 21:02:59.564750', '2023-06-13 21:03:00.564750', 'False', 'None', 'SELECT category_id FROM Categories', '1', '1');
INSERT INTO "QueryColumnAccess" ("queryId", "columnId")
    VALUES ('157', '1');
INSERT INTO "QueryTableAccess" ("queryId", "tableId")
    VALUES ('157', '4');
SELECT 'product_name' FROM Products;
INSERT INTO "SqlQuery" ("queryId", "userId", "issuedAt", "finishedAt", "hasError", "errorMessage", "statement", "projectId", "queryTypeId")
    VALUES ('158', '8', '2023-05-08 21:02:59.564756', '2023-05-08 21:03:02.564756', 'False', 'None', 'SELECT product_name FROM Products', '1', '1');
INSERT INTO "QueryColumnAccess" ("queryId", "columnId")
    VALUES ('158', '2');
INSERT INTO "QueryTableAccess" ("queryId", "tableId")
    VALUES ('158', '3');
SELECT 'quantity' FROM OrderItems;
INSERT INTO "SqlQuery" ("queryId", "userId", "issuedAt", "finishedAt", "hasError", "errorMessage", "statement", "projectId", "queryTypeId")
    VALUES ('159', '14', '2023-06-10 21:02:59.564763', '2023-06-10 21:03:00.564763', 'False', 'None', 'SELECT quantity FROM OrderItems', '1', '1');
INSERT INTO "QueryColumnAccess" ("queryId", "columnId")
    VALUES ('159', '4');
INSERT INTO "QueryTableAccess" ("queryId", "tableId")
    VALUES ('159', '5');
SELECT 'parent_category_id' FROM Categories;
INSERT INTO "SqlQuery" ("queryId", "userId", "issuedAt", "finishedAt", "hasError", "errorMessage", "statement", "projectId", "queryTypeId")
    VALUES ('160', '8', '2023-05-05 21:02:59.564770', '2023-05-05 21:03:01.564770', 'False', 'None', 'SELECT parent_category_id FROM Categories', '1', '1');
INSERT INTO "QueryColumnAccess" ("queryId", "columnId")
    VALUES ('160', '4');
INSERT INTO "QueryTableAccess" ("queryId", "tableId")
    VALUES ('160', '4');
SELECT 'category_id' FROM Categories;
INSERT INTO "SqlQuery" ("queryId", "userId", "issuedAt", "finishedAt", "hasError", "errorMessage", "statement", "projectId", "queryTypeId")
    VALUES ('161', '13', '2023-06-21 21:02:59.564777', '2023-06-21 21:03:02.564777', 'False', 'None', 'SELECT category_id FROM Categories', '1', '1');
INSERT INTO "QueryColumnAccess" ("queryId", "columnId")
    VALUES ('161', '1');
INSERT INTO "QueryTableAccess" ("queryId", "tableId")
    VALUES ('161', '4');
SELECT 'category_id' FROM Categories;
INSERT INTO "SqlQuery" ("queryId", "userId", "issuedAt", "finishedAt", "hasError", "errorMessage", "statement", "projectId", "queryTypeId")
    VALUES ('162', '6', '2023-05-08 21:02:59.564784', '2023-05-08 21:03:02.564784', 'False', 'None', 'SELECT category_id FROM Categories', '1', '1');
INSERT INTO "QueryColumnAccess" ("queryId", "columnId")
    VALUES ('162', '1');
INSERT INTO "QueryTableAccess" ("queryId", "tableId")
    VALUES ('162', '4');
SELECT 'unit_price' FROM OrderItems;
INSERT INTO "SqlQuery" ("queryId", "userId", "issuedAt", "finishedAt", "hasError", "errorMessage", "statement", "projectId", "queryTypeId")
    VALUES ('163', '2', '2023-05-20 21:02:59.564791', '2023-05-20 21:03:02.564791', 'False', 'None', 'SELECT unit_price FROM OrderItems', '1', '1');
INSERT INTO "QueryColumnAccess" ("queryId", "columnId")
    VALUES ('163', '5');
INSERT INTO "QueryTableAccess" ("queryId", "tableId")
    VALUES ('163', '5');
SELECT 'order_id' FROM OrderItems;
INSERT INTO "SqlQuery" ("queryId", "userId", "issuedAt", "finishedAt", "hasError", "errorMessage", "statement", "projectId", "queryTypeId")
    VALUES ('164', '4', '2023-04-24 21:02:59.564798', '2023-04-24 21:03:02.564798', 'False', 'None', 'SELECT order_id FROM OrderItems', '1', '1');
INSERT INTO "QueryColumnAccess" ("queryId", "columnId")
    VALUES ('164', '2');
INSERT INTO "QueryTableAccess" ("queryId", "tableId")
    VALUES ('164', '5');
SELECT 'order_id' FROM Orders;
INSERT INTO "SqlQuery" ("queryId", "userId", "issuedAt", "finishedAt", "hasError", "errorMessage", "statement", "projectId", "queryTypeId")
    VALUES ('165', '6', '2023-05-08 21:02:59.564804', '2023-05-08 21:03:00.564804', 'False', 'None', 'SELECT order_id FROM Orders', '1', '1');
INSERT INTO "QueryColumnAccess" ("queryId", "columnId")
    VALUES ('165', '1');
INSERT INTO "QueryTableAccess" ("queryId", "tableId")
    VALUES ('165', '2');
SELECT 'category_name' FROM Categories;
INSERT INTO "SqlQuery" ("queryId", "userId", "issuedAt", "finishedAt", "hasError", "errorMessage", "statement", "projectId", "queryTypeId")
    VALUES ('166', '8', '2023-06-17 21:02:59.564811', '2023-06-17 21:03:03.564811', 'False', 'None', 'SELECT category_name FROM Categories', '1', '1');
INSERT INTO "QueryColumnAccess" ("queryId", "columnId")
    VALUES ('166', '2');
INSERT INTO "QueryTableAccess" ("queryId", "tableId")
    VALUES ('166', '4');
SELECT 'phone_number' FROM Customers;
INSERT INTO "SqlQuery" ("queryId", "userId", "issuedAt", "finishedAt", "hasError", "errorMessage", "statement", "projectId", "queryTypeId")
    VALUES ('167', '9', '2023-04-13 21:02:59.564818', '2023-04-13 21:03:03.564818', 'False', 'None', 'SELECT phone_number FROM Customers', '1', '1');
INSERT INTO "QueryColumnAccess" ("queryId", "columnId")
    VALUES ('167', '5');
INSERT INTO "QueryTableAccess" ("queryId", "tableId")
    VALUES ('167', '1');
SELECT 'description' FROM Products;
INSERT INTO "SqlQuery" ("queryId", "userId", "issuedAt", "finishedAt", "hasError", "errorMessage", "statement", "projectId", "queryTypeId")
    VALUES ('168', '1', '2023-06-25 21:02:59.564832', '2023-06-25 21:03:00.564832', 'False', 'None', 'SELECT description FROM Products', '1', '1');
INSERT INTO "QueryColumnAccess" ("queryId", "columnId")
    VALUES ('168', '5');
INSERT INTO "QueryTableAccess" ("queryId", "tableId")
    VALUES ('168', '3');
SELECT 'total_amount' FROM Orders;
INSERT INTO "SqlQuery" ("queryId", "userId", "issuedAt", "finishedAt", "hasError", "errorMessage", "statement", "projectId", "queryTypeId")
    VALUES ('169', '11', '2023-05-08 21:02:59.564839', '2023-05-08 21:03:01.564839', 'False', 'None', 'SELECT total_amount FROM Orders', '1', '1');
INSERT INTO "QueryColumnAccess" ("queryId", "columnId")
    VALUES ('169', '4');
INSERT INTO "QueryTableAccess" ("queryId", "tableId")
    VALUES ('169', '2');
SELECT 'payment_method' FROM Orders;
INSERT INTO "SqlQuery" ("queryId", "userId", "issuedAt", "finishedAt", "hasError", "errorMessage", "statement", "projectId", "queryTypeId")
    VALUES ('170', '2', '2023-04-27 21:02:59.564854', '2023-04-27 21:03:03.564854', 'False', 'None', 'SELECT payment_method FROM Orders', '1', '1');
INSERT INTO "QueryColumnAccess" ("queryId", "columnId")
    VALUES ('170', '5');
INSERT INTO "QueryTableAccess" ("queryId", "tableId")
    VALUES ('170', '2');
SELECT 'phone_number' FROM Customers;
INSERT INTO "SqlQuery" ("queryId", "userId", "issuedAt", "finishedAt", "hasError", "errorMessage", "statement", "projectId", "queryTypeId")
    VALUES ('171', '11', '2023-06-06 21:02:59.564862', '2023-06-06 21:03:01.564862', 'False', 'None', 'SELECT phone_number FROM Customers', '1', '1');
INSERT INTO "QueryColumnAccess" ("queryId", "columnId")
    VALUES ('171', '5');
INSERT INTO "QueryTableAccess" ("queryId", "tableId")
    VALUES ('171', '1');
SELECT 'customer_id' FROM Customers;
INSERT INTO "SqlQuery" ("queryId", "userId", "issuedAt", "finishedAt", "hasError", "errorMessage", "statement", "projectId", "queryTypeId")
    VALUES ('172', '9', '2023-05-17 21:02:59.564868', '2023-05-17 21:03:01.564868', 'False', 'None', 'SELECT customer_id FROM Customers', '1', '1');
INSERT INTO "QueryColumnAccess" ("queryId", "columnId")
    VALUES ('172', '1');
INSERT INTO "QueryTableAccess" ("queryId", "tableId")
    VALUES ('172', '1');
SELECT 'customer_id' FROM Customers;
INSERT INTO "SqlQuery" ("queryId", "userId", "issuedAt", "finishedAt", "hasError", "errorMessage", "statement", "projectId", "queryTypeId")
    VALUES ('173', '15', '2023-06-05 21:02:59.564875', '2023-06-05 21:03:01.564875', 'False', 'None', 'SELECT customer_id FROM Customers', '1', '1');
INSERT INTO "QueryColumnAccess" ("queryId", "columnId")
    VALUES ('173', '1');
INSERT INTO "QueryTableAccess" ("queryId", "tableId")
    VALUES ('173', '1');
SELECT 'category_name' FROM Categories;
INSERT INTO "SqlQuery" ("queryId", "userId", "issuedAt", "finishedAt", "hasError", "errorMessage", "statement", "projectId", "queryTypeId")
    VALUES ('174', '5', '2023-06-15 21:02:59.564883', '2023-06-15 21:03:00.564883', 'False', 'None', 'SELECT category_name FROM Categories', '1', '1');
INSERT INTO "QueryColumnAccess" ("queryId", "columnId")
    VALUES ('174', '2');
INSERT INTO "QueryTableAccess" ("queryId", "tableId")
    VALUES ('174', '4');
SELECT 'unit_price' FROM OrderItems;
INSERT INTO "SqlQuery" ("queryId", "userId", "issuedAt", "finishedAt", "hasError", "errorMessage", "statement", "projectId", "queryTypeId")
    VALUES ('175', '6', '2023-05-30 21:02:59.564889', '2023-05-30 21:03:02.564889', 'False', 'None', 'SELECT unit_price FROM OrderItems', '1', '1');
INSERT INTO "QueryColumnAccess" ("queryId", "columnId")
    VALUES ('175', '5');
INSERT INTO "QueryTableAccess" ("queryId", "tableId")
    VALUES ('175', '5');
SELECT 'order_id' FROM OrderItems;
INSERT INTO "SqlQuery" ("queryId", "userId", "issuedAt", "finishedAt", "hasError", "errorMessage", "statement", "projectId", "queryTypeId")
    VALUES ('176', '6', '2023-04-28 21:02:59.564896', '2023-04-28 21:03:01.564896', 'False', 'None', 'SELECT order_id FROM OrderItems', '1', '1');
INSERT INTO "QueryColumnAccess" ("queryId", "columnId")
    VALUES ('176', '2');
INSERT INTO "QueryTableAccess" ("queryId", "tableId")
    VALUES ('176', '5');
SELECT 'quantity' FROM Products;
INSERT INTO "SqlQuery" ("queryId", "userId", "issuedAt", "finishedAt", "hasError", "errorMessage", "statement", "projectId", "queryTypeId")
    VALUES ('177', '8', '2023-05-30 21:02:59.564903', '2023-05-30 21:03:01.564903', 'False', 'None', 'SELECT quantity FROM Products', '1', '1');
INSERT INTO "QueryColumnAccess" ("queryId", "columnId")
    VALUES ('177', '6');
INSERT INTO "QueryTableAccess" ("queryId", "tableId")
    VALUES ('177', '3');
SELECT 'description' FROM Categories;
INSERT INTO "SqlQuery" ("queryId", "userId", "issuedAt", "finishedAt", "hasError", "errorMessage", "statement", "projectId", "queryTypeId")
    VALUES ('178', '2', '2023-04-29 21:02:59.564909', '2023-04-29 21:03:03.564909', 'False', 'None', 'SELECT description FROM Categories', '1', '1');
INSERT INTO "QueryColumnAccess" ("queryId", "columnId")
    VALUES ('178', '3');
INSERT INTO "QueryTableAccess" ("queryId", "tableId")
    VALUES ('178', '4');
SELECT 'description' FROM Categories;
INSERT INTO "SqlQuery" ("queryId", "userId", "issuedAt", "finishedAt", "hasError", "errorMessage", "statement", "projectId", "queryTypeId")
    VALUES ('179', '12', '2023-04-19 21:02:59.564916', '2023-04-19 21:03:00.564916', 'False', 'None', 'SELECT description FROM Categories', '1', '1');
INSERT INTO "QueryColumnAccess" ("queryId", "columnId")
    VALUES ('179', '3');
INSERT INTO "QueryTableAccess" ("queryId", "tableId")
    VALUES ('179', '4');
SELECT 'parent_category_id' FROM Categories;
INSERT INTO "SqlQuery" ("queryId", "userId", "issuedAt", "finishedAt", "hasError", "errorMessage", "statement", "projectId", "queryTypeId")
    VALUES ('180', '15', '2023-06-09 21:02:59.564922', '2023-06-09 21:03:02.564922', 'False', 'None', 'SELECT parent_category_id FROM Categories', '1', '1');
INSERT INTO "QueryColumnAccess" ("queryId", "columnId")
    VALUES ('180', '4');
INSERT INTO "QueryTableAccess" ("queryId", "tableId")
    VALUES ('180', '4');
SELECT 'category' FROM Products;
INSERT INTO "SqlQuery" ("queryId", "userId", "issuedAt", "finishedAt", "hasError", "errorMessage", "statement", "projectId", "queryTypeId")
    VALUES ('181', '2', '2023-05-07 21:02:59.564928', '2023-05-07 21:03:00.564928', 'False', 'None', 'SELECT category FROM Products', '1', '1');
INSERT INTO "QueryColumnAccess" ("queryId", "columnId")
    VALUES ('181', '3');
INSERT INTO "QueryTableAccess" ("queryId", "tableId")
    VALUES ('181', '3');
SELECT 'quantity' FROM OrderItems;
INSERT INTO "SqlQuery" ("queryId", "userId", "issuedAt", "finishedAt", "hasError", "errorMessage", "statement", "projectId", "queryTypeId")
    VALUES ('182', '11', '2023-07-06 21:02:59.564935', '2023-07-06 21:03:00.564935', 'False', 'None', 'SELECT quantity FROM OrderItems', '1', '1');
INSERT INTO "QueryColumnAccess" ("queryId", "columnId")
    VALUES ('182', '4');
INSERT INTO "QueryTableAccess" ("queryId", "tableId")
    VALUES ('182', '5');
SELECT 'customer_id' FROM Customers;
INSERT INTO "SqlQuery" ("queryId", "userId", "issuedAt", "finishedAt", "hasError", "errorMessage", "statement", "projectId", "queryTypeId")
    VALUES ('183', '1', '2023-07-10 21:02:59.564941', '2023-07-10 21:03:00.564941', 'False', 'None', 'SELECT customer_id FROM Customers', '1', '1');
INSERT INTO "QueryColumnAccess" ("queryId", "columnId")
    VALUES ('183', '1');
INSERT INTO "QueryTableAccess" ("queryId", "tableId")
    VALUES ('183', '1');
SELECT 'last_name' FROM Customers;
INSERT INTO "SqlQuery" ("queryId", "userId", "issuedAt", "finishedAt", "hasError", "errorMessage", "statement", "projectId", "queryTypeId")
    VALUES ('184', '2', '2023-07-10 21:02:59.564947', '2023-07-10 21:03:03.564947', 'False', 'None', 'SELECT last_name FROM Customers', '1', '1');
INSERT INTO "QueryColumnAccess" ("queryId", "columnId")
    VALUES ('184', '3');
INSERT INTO "QueryTableAccess" ("queryId", "tableId")
    VALUES ('184', '1');
SELECT 'payment_method' FROM Orders;
INSERT INTO "SqlQuery" ("queryId", "userId", "issuedAt", "finishedAt", "hasError", "errorMessage", "statement", "projectId", "queryTypeId")
    VALUES ('185', '12', '2023-06-20 21:02:59.564954', '2023-06-20 21:03:02.564954', 'False', 'None', 'SELECT payment_method FROM Orders', '1', '1');
INSERT INTO "QueryColumnAccess" ("queryId", "columnId")
    VALUES ('185', '5');
INSERT INTO "QueryTableAccess" ("queryId", "tableId")
    VALUES ('185', '2');
SELECT 'unit_price' FROM OrderItems;
INSERT INTO "SqlQuery" ("queryId", "userId", "issuedAt", "finishedAt", "hasError", "errorMessage", "statement", "projectId", "queryTypeId")
    VALUES ('186', '3', '2023-07-01 21:02:59.564966', '2023-07-01 21:03:02.564966', 'False', 'None', 'SELECT unit_price FROM OrderItems', '1', '1');
INSERT INTO "QueryColumnAccess" ("queryId", "columnId")
    VALUES ('186', '5');
INSERT INTO "QueryTableAccess" ("queryId", "tableId")
    VALUES ('186', '5');
SELECT 'order_item_id' FROM OrderItems;
INSERT INTO "SqlQuery" ("queryId", "userId", "issuedAt", "finishedAt", "hasError", "errorMessage", "statement", "projectId", "queryTypeId")
    VALUES ('187', '11', '2023-06-28 21:02:59.564973', '2023-06-28 21:03:03.564973', 'False', 'None', 'SELECT order_item_id FROM OrderItems', '1', '1');
INSERT INTO "QueryColumnAccess" ("queryId", "columnId")
    VALUES ('187', '1');
INSERT INTO "QueryTableAccess" ("queryId", "tableId")
    VALUES ('187', '5');
SELECT 'email' FROM Customers;
INSERT INTO "SqlQuery" ("queryId", "userId", "issuedAt", "finishedAt", "hasError", "errorMessage", "statement", "projectId", "queryTypeId")
    VALUES ('188', '3', '2023-04-14 21:02:59.564979', '2023-04-14 21:03:03.564979', 'False', 'None', 'SELECT email FROM Customers', '1', '1');
INSERT INTO "QueryColumnAccess" ("queryId", "columnId")
    VALUES ('188', '4');
INSERT INTO "QueryTableAccess" ("queryId", "tableId")
    VALUES ('188', '1');
SELECT 'phone_number' FROM Customers;
INSERT INTO "SqlQuery" ("queryId", "userId", "issuedAt", "finishedAt", "hasError", "errorMessage", "statement", "projectId", "queryTypeId")
    VALUES ('189', '13', '2023-06-20 21:02:59.564986', '2023-06-20 21:03:00.564986', 'False', 'None', 'SELECT phone_number FROM Customers', '1', '1');
INSERT INTO "QueryColumnAccess" ("queryId", "columnId")
    VALUES ('189', '5');
INSERT INTO "QueryTableAccess" ("queryId", "tableId")
    VALUES ('189', '1');
SELECT 'first_name' FROM Customers;
INSERT INTO "SqlQuery" ("queryId", "userId", "issuedAt", "finishedAt", "hasError", "errorMessage", "statement", "projectId", "queryTypeId")
    VALUES ('190', '9', '2023-05-21 21:02:59.564993', '2023-05-21 21:03:03.564993', 'False', 'None', 'SELECT first_name FROM Customers', '1', '1');
INSERT INTO "QueryColumnAccess" ("queryId", "columnId")
    VALUES ('190', '2');
INSERT INTO "QueryTableAccess" ("queryId", "tableId")
    VALUES ('190', '1');
SELECT 'last_name' FROM Customers;
INSERT INTO "SqlQuery" ("queryId", "userId", "issuedAt", "finishedAt", "hasError", "errorMessage", "statement", "projectId", "queryTypeId")
    VALUES ('191', '10', '2023-06-14 21:02:59.565000', '2023-06-14 21:03:01.565000', 'False', 'None', 'SELECT last_name FROM Customers', '1', '1');
INSERT INTO "QueryColumnAccess" ("queryId", "columnId")
    VALUES ('191', '3');
INSERT INTO "QueryTableAccess" ("queryId", "tableId")
    VALUES ('191', '1');
SELECT 'description' FROM Categories;
INSERT INTO "SqlQuery" ("queryId", "userId", "issuedAt", "finishedAt", "hasError", "errorMessage", "statement", "projectId", "queryTypeId")
    VALUES ('192', '3', '2023-06-07 21:02:59.565007', '2023-06-07 21:03:03.565007', 'False', 'None', 'SELECT description FROM Categories', '1', '1');
INSERT INTO "QueryColumnAccess" ("queryId", "columnId")
    VALUES ('192', '3');
INSERT INTO "QueryTableAccess" ("queryId", "tableId")
    VALUES ('192', '4');
SELECT 'description' FROM Categories;
INSERT INTO "SqlQuery" ("queryId", "userId", "issuedAt", "finishedAt", "hasError", "errorMessage", "statement", "projectId", "queryTypeId")
    VALUES ('193', '14', '2023-05-27 21:02:59.565014', '2023-05-27 21:03:03.565014', 'False', 'None', 'SELECT description FROM Categories', '1', '1');
INSERT INTO "QueryColumnAccess" ("queryId", "columnId")
    VALUES ('193', '3');
INSERT INTO "QueryTableAccess" ("queryId", "tableId")
    VALUES ('193', '4');
SELECT 'product_id' FROM OrderItems;
INSERT INTO "SqlQuery" ("queryId", "userId", "issuedAt", "finishedAt", "hasError", "errorMessage", "statement", "projectId", "queryTypeId")
    VALUES ('194', '7', '2023-06-10 21:02:59.565020', '2023-06-10 21:03:01.565020', 'False', 'None', 'SELECT product_id FROM OrderItems', '1', '1');
INSERT INTO "QueryColumnAccess" ("queryId", "columnId")
    VALUES ('194', '3');
INSERT INTO "QueryTableAccess" ("queryId", "tableId")
    VALUES ('194', '5');
SELECT 'phone_number' FROM Customers;
INSERT INTO "SqlQuery" ("queryId", "userId", "issuedAt", "finishedAt", "hasError", "errorMessage", "statement", "projectId", "queryTypeId")
    VALUES ('195', '4', '2023-05-07 21:02:59.565028', '2023-05-07 21:03:03.565028', 'False', 'None', 'SELECT phone_number FROM Customers', '1', '1');
INSERT INTO "QueryColumnAccess" ("queryId", "columnId")
    VALUES ('195', '5');
INSERT INTO "QueryTableAccess" ("queryId", "tableId")
    VALUES ('195', '1');
SELECT 'total_amount' FROM Orders;
INSERT INTO "SqlQuery" ("queryId", "userId", "issuedAt", "finishedAt", "hasError", "errorMessage", "statement", "projectId", "queryTypeId")
    VALUES ('196', '1', '2023-05-29 21:02:59.565035', '2023-05-29 21:03:00.565035', 'False', 'None', 'SELECT total_amount FROM Orders', '1', '1');
INSERT INTO "QueryColumnAccess" ("queryId", "columnId")
    VALUES ('196', '4');
INSERT INTO "QueryTableAccess" ("queryId", "tableId")
    VALUES ('196', '2');
SELECT 'order_id' FROM OrderItems;
INSERT INTO "SqlQuery" ("queryId", "userId", "issuedAt", "finishedAt", "hasError", "errorMessage", "statement", "projectId", "queryTypeId")
    VALUES ('197', '7', '2023-04-11 21:02:59.565041', '2023-04-11 21:03:00.565041', 'False', 'None', 'SELECT order_id FROM OrderItems', '1', '1');
INSERT INTO "QueryColumnAccess" ("queryId", "columnId")
    VALUES ('197', '2');
INSERT INTO "QueryTableAccess" ("queryId", "tableId")
    VALUES ('197', '5');
SELECT 'category' FROM Products;
INSERT INTO "SqlQuery" ("queryId", "userId", "issuedAt", "finishedAt", "hasError", "errorMessage", "statement", "projectId", "queryTypeId")
    VALUES ('198', '14', '2023-06-21 21:02:59.565048', '2023-06-21 21:03:02.565048', 'False', 'None', 'SELECT category FROM Products', '1', '1');
INSERT INTO "QueryColumnAccess" ("queryId", "columnId")
    VALUES ('198', '3');
INSERT INTO "QueryTableAccess" ("queryId", "tableId")
    VALUES ('198', '3');
SELECT 'payment_method' FROM Orders;
INSERT INTO "SqlQuery" ("queryId", "userId", "issuedAt", "finishedAt", "hasError", "errorMessage", "statement", "projectId", "queryTypeId")
    VALUES ('199', '8', '2023-06-15 21:02:59.565054', '2023-06-15 21:03:02.565054', 'False', 'None', 'SELECT payment_method FROM Orders', '1', '1');
INSERT INTO "QueryColumnAccess" ("queryId", "columnId")
    VALUES ('199', '5');
INSERT INTO "QueryTableAccess" ("queryId", "tableId")
    VALUES ('199', '2');
SELECT 'description' FROM Products;
INSERT INTO "SqlQuery" ("queryId", "userId", "issuedAt", "finishedAt", "hasError", "errorMessage", "statement", "projectId", "queryTypeId")
    VALUES ('200', '10', '2023-05-08 21:02:59.565062', '2023-05-08 21:03:02.565062', 'False', 'None', 'SELECT description FROM Products', '1', '1');
INSERT INTO "QueryColumnAccess" ("queryId", "columnId")
    VALUES ('200', '5');
INSERT INTO "QueryTableAccess" ("queryId", "tableId")
    VALUES ('200', '3');
SELECT 'product_id' FROM Products;
INSERT INTO "SqlQuery" ("queryId", "userId", "issuedAt", "finishedAt", "hasError", "errorMessage", "statement", "projectId", "queryTypeId")
    VALUES ('201', '5', '2023-04-16 21:02:59.565068', '2023-04-16 21:03:00.565068', 'False', 'None', 'SELECT product_id FROM Products', '1', '1');
INSERT INTO "QueryColumnAccess" ("queryId", "columnId")
    VALUES ('201', '1');
INSERT INTO "QueryTableAccess" ("queryId", "tableId")
    VALUES ('201', '3');
SELECT 'category_name' FROM Categories;
INSERT INTO "SqlQuery" ("queryId", "userId", "issuedAt", "finishedAt", "hasError", "errorMessage", "statement", "projectId", "queryTypeId")
    VALUES ('202', '15', '2023-05-17 21:02:59.565075', '2023-05-17 21:03:01.565075', 'False', 'None', 'SELECT category_name FROM Categories', '1', '1');
INSERT INTO "QueryColumnAccess" ("queryId", "columnId")
    VALUES ('202', '2');
INSERT INTO "QueryTableAccess" ("queryId", "tableId")
    VALUES ('202', '4');
SELECT 'email' FROM Customers;
INSERT INTO "SqlQuery" ("queryId", "userId", "issuedAt", "finishedAt", "hasError", "errorMessage", "statement", "projectId", "queryTypeId")
    VALUES ('203', '14', '2023-04-11 21:02:59.565086', '2023-04-11 21:03:01.565086', 'False', 'None', 'SELECT email FROM Customers', '1', '1');
INSERT INTO "QueryColumnAccess" ("queryId", "columnId")
    VALUES ('203', '4');
INSERT INTO "QueryTableAccess" ("queryId", "tableId")
    VALUES ('203', '1');
SELECT 'category_name' FROM Categories;
INSERT INTO "SqlQuery" ("queryId", "userId", "issuedAt", "finishedAt", "hasError", "errorMessage", "statement", "projectId", "queryTypeId")
    VALUES ('204', '1', '2023-06-20 21:02:59.565094', '2023-06-20 21:03:03.565094', 'False', 'None', 'SELECT category_name FROM Categories', '1', '1');
INSERT INTO "QueryColumnAccess" ("queryId", "columnId")
    VALUES ('204', '2');
INSERT INTO "QueryTableAccess" ("queryId", "tableId")
    VALUES ('204', '4');
SELECT 'order_id' FROM OrderItems;
INSERT INTO "SqlQuery" ("queryId", "userId", "issuedAt", "finishedAt", "hasError", "errorMessage", "statement", "projectId", "queryTypeId")
    VALUES ('205', '10', '2023-07-03 21:02:59.565101', '2023-07-03 21:03:00.565101', 'False', 'None', 'SELECT order_id FROM OrderItems', '1', '1');
INSERT INTO "QueryColumnAccess" ("queryId", "columnId")
    VALUES ('205', '2');
INSERT INTO "QueryTableAccess" ("queryId", "tableId")
    VALUES ('205', '5');
SELECT 'product_id' FROM Products;
INSERT INTO "SqlQuery" ("queryId", "userId", "issuedAt", "finishedAt", "hasError", "errorMessage", "statement", "projectId", "queryTypeId")
    VALUES ('206', '2', '2023-06-01 21:02:59.565108', '2023-06-01 21:03:03.565108', 'False', 'None', 'SELECT product_id FROM Products', '1', '1');
INSERT INTO "QueryColumnAccess" ("queryId", "columnId")
    VALUES ('206', '1');
INSERT INTO "QueryTableAccess" ("queryId", "tableId")
    VALUES ('206', '3');
SELECT 'description' FROM Categories;
INSERT INTO "SqlQuery" ("queryId", "userId", "issuedAt", "finishedAt", "hasError", "errorMessage", "statement", "projectId", "queryTypeId")
    VALUES ('207', '3', '2023-04-14 21:02:59.565116', '2023-04-14 21:03:02.565116', 'False', 'None', 'SELECT description FROM Categories', '1', '1');
INSERT INTO "QueryColumnAccess" ("queryId", "columnId")
    VALUES ('207', '3');
INSERT INTO "QueryTableAccess" ("queryId", "tableId")
    VALUES ('207', '4');
SELECT 'category_name' FROM Categories;
INSERT INTO "SqlQuery" ("queryId", "userId", "issuedAt", "finishedAt", "hasError", "errorMessage", "statement", "projectId", "queryTypeId")
    VALUES ('208', '5', '2023-05-23 21:02:59.565123', '2023-05-23 21:03:00.565123', 'False', 'None', 'SELECT category_name FROM Categories', '1', '1');
INSERT INTO "QueryColumnAccess" ("queryId", "columnId")
    VALUES ('208', '2');
INSERT INTO "QueryTableAccess" ("queryId", "tableId")
    VALUES ('208', '4');
SELECT 'description' FROM Categories;
INSERT INTO "SqlQuery" ("queryId", "userId", "issuedAt", "finishedAt", "hasError", "errorMessage", "statement", "projectId", "queryTypeId")
    VALUES ('209', '6', '2023-05-30 21:02:59.565130', '2023-05-30 21:03:01.565130', 'False', 'None', 'SELECT description FROM Categories', '1', '1');
INSERT INTO "QueryColumnAccess" ("queryId", "columnId")
    VALUES ('209', '3');
INSERT INTO "QueryTableAccess" ("queryId", "tableId")
    VALUES ('209', '4');
SELECT 'phone_number' FROM Customers;
INSERT INTO "SqlQuery" ("queryId", "userId", "issuedAt", "finishedAt", "hasError", "errorMessage", "statement", "projectId", "queryTypeId")
    VALUES ('210', '8', '2023-05-12 21:02:59.565137', '2023-05-12 21:03:00.565137', 'False', 'None', 'SELECT phone_number FROM Customers', '1', '1');
INSERT INTO "QueryColumnAccess" ("queryId", "columnId")
    VALUES ('210', '5');
INSERT INTO "QueryTableAccess" ("queryId", "tableId")
    VALUES ('210', '1');
SELECT 'product_id' FROM Products;
INSERT INTO "SqlQuery" ("queryId", "userId", "issuedAt", "finishedAt", "hasError", "errorMessage", "statement", "projectId", "queryTypeId")
    VALUES ('211', '3', '2023-04-25 21:02:59.565144', '2023-04-25 21:03:03.565144', 'False', 'None', 'SELECT product_id FROM Products', '1', '1');
INSERT INTO "QueryColumnAccess" ("queryId", "columnId")
    VALUES ('211', '1');
INSERT INTO "QueryTableAccess" ("queryId", "tableId")
    VALUES ('211', '3');
SELECT 'quantity' FROM Products;
INSERT INTO "SqlQuery" ("queryId", "userId", "issuedAt", "finishedAt", "hasError", "errorMessage", "statement", "projectId", "queryTypeId")
    VALUES ('212', '14', '2023-05-03 21:02:59.565150', '2023-05-03 21:03:03.565150', 'False', 'None', 'SELECT quantity FROM Products', '1', '1');
INSERT INTO "QueryColumnAccess" ("queryId", "columnId")
    VALUES ('212', '6');
INSERT INTO "QueryTableAccess" ("queryId", "tableId")
    VALUES ('212', '3');
SELECT 'first_name' FROM Customers;
INSERT INTO "SqlQuery" ("queryId", "userId", "issuedAt", "finishedAt", "hasError", "errorMessage", "statement", "projectId", "queryTypeId")
    VALUES ('213', '13', '2023-05-16 21:02:59.565157', '2023-05-16 21:03:01.565157', 'False', 'None', 'SELECT first_name FROM Customers', '1', '1');
INSERT INTO "QueryColumnAccess" ("queryId", "columnId")
    VALUES ('213', '2');
INSERT INTO "QueryTableAccess" ("queryId", "tableId")
    VALUES ('213', '1');
SELECT 'product_name' FROM Products;
INSERT INTO "SqlQuery" ("queryId", "userId", "issuedAt", "finishedAt", "hasError", "errorMessage", "statement", "projectId", "queryTypeId")
    VALUES ('214', '10', '2023-06-21 21:02:59.565163', '2023-06-21 21:03:00.565163', 'False', 'None', 'SELECT product_name FROM Products', '1', '1');
INSERT INTO "QueryColumnAccess" ("queryId", "columnId")
    VALUES ('214', '2');
INSERT INTO "QueryTableAccess" ("queryId", "tableId")
    VALUES ('214', '3');
SELECT 'total_amount' FROM Orders;
INSERT INTO "SqlQuery" ("queryId", "userId", "issuedAt", "finishedAt", "hasError", "errorMessage", "statement", "projectId", "queryTypeId")
    VALUES ('215', '13', '2023-05-31 21:02:59.565170', '2023-05-31 21:03:00.565170', 'False', 'None', 'SELECT total_amount FROM Orders', '1', '1');
INSERT INTO "QueryColumnAccess" ("queryId", "columnId")
    VALUES ('215', '4');
INSERT INTO "QueryTableAccess" ("queryId", "tableId")
    VALUES ('215', '2');
SELECT 'quantity' FROM Products;
INSERT INTO "SqlQuery" ("queryId", "userId", "issuedAt", "finishedAt", "hasError", "errorMessage", "statement", "projectId", "queryTypeId")
    VALUES ('216', '14', '2023-04-30 21:02:59.565177', '2023-04-30 21:03:00.565177', 'False', 'None', 'SELECT quantity FROM Products', '1', '1');
INSERT INTO "QueryColumnAccess" ("queryId", "columnId")
    VALUES ('216', '6');
INSERT INTO "QueryTableAccess" ("queryId", "tableId")
    VALUES ('216', '3');
SELECT 'order_item_id' FROM OrderItems;
INSERT INTO "SqlQuery" ("queryId", "userId", "issuedAt", "finishedAt", "hasError", "errorMessage", "statement", "projectId", "queryTypeId")
    VALUES ('217', '4', '2023-05-06 21:02:59.565183', '2023-05-06 21:03:00.565183', 'False', 'None', 'SELECT order_item_id FROM OrderItems', '1', '1');
INSERT INTO "QueryColumnAccess" ("queryId", "columnId")
    VALUES ('217', '1');
INSERT INTO "QueryTableAccess" ("queryId", "tableId")
    VALUES ('217', '5');
SELECT 'category_name' FROM Categories;
INSERT INTO "SqlQuery" ("queryId", "userId", "issuedAt", "finishedAt", "hasError", "errorMessage", "statement", "projectId", "queryTypeId")
    VALUES ('218', '3', '2023-05-13 21:02:59.565190', '2023-05-13 21:03:03.565190', 'False', 'None', 'SELECT category_name FROM Categories', '1', '1');
INSERT INTO "QueryColumnAccess" ("queryId", "columnId")
    VALUES ('218', '2');
INSERT INTO "QueryTableAccess" ("queryId", "tableId")
    VALUES ('218', '4');
SELECT 'customer_id' FROM Orders;
INSERT INTO "SqlQuery" ("queryId", "userId", "issuedAt", "finishedAt", "hasError", "errorMessage", "statement", "projectId", "queryTypeId")
    VALUES ('219', '7', '2023-06-01 21:02:59.565196', '2023-06-01 21:03:03.565196', 'False', 'None', 'SELECT customer_id FROM Orders', '1', '1');
INSERT INTO "QueryColumnAccess" ("queryId", "columnId")
    VALUES ('219', '2');
INSERT INTO "QueryTableAccess" ("queryId", "tableId")
    VALUES ('219', '2');
SELECT 'last_name' FROM Customers;
INSERT INTO "SqlQuery" ("queryId", "userId", "issuedAt", "finishedAt", "hasError", "errorMessage", "statement", "projectId", "queryTypeId")
    VALUES ('220', '4', '2023-04-13 21:02:59.565208', '2023-04-13 21:03:01.565208', 'False', 'None', 'SELECT last_name FROM Customers', '1', '1');
INSERT INTO "QueryColumnAccess" ("queryId", "columnId")
    VALUES ('220', '3');
INSERT INTO "QueryTableAccess" ("queryId", "tableId")
    VALUES ('220', '1');
SELECT 'order_item_id' FROM OrderItems;
INSERT INTO "SqlQuery" ("queryId", "userId", "issuedAt", "finishedAt", "hasError", "errorMessage", "statement", "projectId", "queryTypeId")
    VALUES ('221', '13', '2023-04-26 21:02:59.565215', '2023-04-26 21:03:00.565215', 'False', 'None', 'SELECT order_item_id FROM OrderItems', '1', '1');
INSERT INTO "QueryColumnAccess" ("queryId", "columnId")
    VALUES ('221', '1');
INSERT INTO "QueryTableAccess" ("queryId", "tableId")
    VALUES ('221', '5');
SELECT 'description' FROM Categories;
INSERT INTO "SqlQuery" ("queryId", "userId", "issuedAt", "finishedAt", "hasError", "errorMessage", "statement", "projectId", "queryTypeId")
    VALUES ('222', '10', '2023-07-01 21:02:59.565222', '2023-07-01 21:03:01.565222', 'False', 'None', 'SELECT description FROM Categories', '1', '1');
INSERT INTO "QueryColumnAccess" ("queryId", "columnId")
    VALUES ('222', '3');
INSERT INTO "QueryTableAccess" ("queryId", "tableId")
    VALUES ('222', '4');
SELECT 'last_name' FROM Customers;
INSERT INTO "SqlQuery" ("queryId", "userId", "issuedAt", "finishedAt", "hasError", "errorMessage", "statement", "projectId", "queryTypeId")
    VALUES ('223', '12', '2023-06-12 21:02:59.565228', '2023-06-12 21:03:02.565228', 'False', 'None', 'SELECT last_name FROM Customers', '1', '1');
INSERT INTO "QueryColumnAccess" ("queryId", "columnId")
    VALUES ('223', '3');
INSERT INTO "QueryTableAccess" ("queryId", "tableId")
    VALUES ('223', '1');
SELECT 'description' FROM Products;
INSERT INTO "SqlQuery" ("queryId", "userId", "issuedAt", "finishedAt", "hasError", "errorMessage", "statement", "projectId", "queryTypeId")
    VALUES ('224', '4', '2023-07-02 21:02:59.565235', '2023-07-02 21:03:00.565235', 'False', 'None', 'SELECT description FROM Products', '1', '1');
INSERT INTO "QueryColumnAccess" ("queryId", "columnId")
    VALUES ('224', '5');
INSERT INTO "QueryTableAccess" ("queryId", "tableId")
    VALUES ('224', '3');
SELECT 'order_item_id' FROM OrderItems;
INSERT INTO "SqlQuery" ("queryId", "userId", "issuedAt", "finishedAt", "hasError", "errorMessage", "statement", "projectId", "queryTypeId")
    VALUES ('225', '3', '2023-05-17 21:02:59.565242', '2023-05-17 21:03:02.565242', 'False', 'None', 'SELECT order_item_id FROM OrderItems', '1', '1');
INSERT INTO "QueryColumnAccess" ("queryId", "columnId")
    VALUES ('225', '1');
INSERT INTO "QueryTableAccess" ("queryId", "tableId")
    VALUES ('225', '5');
SELECT 'order_id' FROM OrderItems;
INSERT INTO "SqlQuery" ("queryId", "userId", "issuedAt", "finishedAt", "hasError", "errorMessage", "statement", "projectId", "queryTypeId")
    VALUES ('226', '12', '2023-05-15 21:02:59.565248', '2023-05-15 21:03:02.565248', 'False', 'None', 'SELECT order_id FROM OrderItems', '1', '1');
INSERT INTO "QueryColumnAccess" ("queryId", "columnId")
    VALUES ('226', '2');
INSERT INTO "QueryTableAccess" ("queryId", "tableId")
    VALUES ('226', '5');
SELECT 'description' FROM Categories;
INSERT INTO "SqlQuery" ("queryId", "userId", "issuedAt", "finishedAt", "hasError", "errorMessage", "statement", "projectId", "queryTypeId")
    VALUES ('227', '4', '2023-05-25 21:02:59.565255', '2023-05-25 21:03:02.565255', 'False', 'None', 'SELECT description FROM Categories', '1', '1');
INSERT INTO "QueryColumnAccess" ("queryId", "columnId")
    VALUES ('227', '3');
INSERT INTO "QueryTableAccess" ("queryId", "tableId")
    VALUES ('227', '4');
SELECT 'product_id' FROM Products;
INSERT INTO "SqlQuery" ("queryId", "userId", "issuedAt", "finishedAt", "hasError", "errorMessage", "statement", "projectId", "queryTypeId")
    VALUES ('228', '9', '2023-06-12 21:02:59.565261', '2023-06-12 21:03:03.565261', 'False', 'None', 'SELECT product_id FROM Products', '1', '1');
INSERT INTO "QueryColumnAccess" ("queryId", "columnId")
    VALUES ('228', '1');
INSERT INTO "QueryTableAccess" ("queryId", "tableId")
    VALUES ('228', '3');
SELECT 'order_id' FROM Orders;
INSERT INTO "SqlQuery" ("queryId", "userId", "issuedAt", "finishedAt", "hasError", "errorMessage", "statement", "projectId", "queryTypeId")
    VALUES ('229', '4', '2023-05-19 21:02:59.565268', '2023-05-19 21:03:00.565268', 'False', 'None', 'SELECT order_id FROM Orders', '1', '1');
INSERT INTO "QueryColumnAccess" ("queryId", "columnId")
    VALUES ('229', '1');
INSERT INTO "QueryTableAccess" ("queryId", "tableId")
    VALUES ('229', '2');
SELECT 'order_date' FROM Orders;
INSERT INTO "SqlQuery" ("queryId", "userId", "issuedAt", "finishedAt", "hasError", "errorMessage", "statement", "projectId", "queryTypeId")
    VALUES ('230', '11', '2023-04-29 21:02:59.565275', '2023-04-29 21:03:03.565275', 'False', 'None', 'SELECT order_date FROM Orders', '1', '1');
INSERT INTO "QueryColumnAccess" ("queryId", "columnId")
    VALUES ('230', '3');
INSERT INTO "QueryTableAccess" ("queryId", "tableId")
    VALUES ('230', '2');
SELECT 'parent_category_id' FROM Categories;
INSERT INTO "SqlQuery" ("queryId", "userId", "issuedAt", "finishedAt", "hasError", "errorMessage", "statement", "projectId", "queryTypeId")
    VALUES ('231', '12', '2023-06-07 21:02:59.565281', '2023-06-07 21:03:03.565281', 'False', 'None', 'SELECT parent_category_id FROM Categories', '1', '1');
INSERT INTO "QueryColumnAccess" ("queryId", "columnId")
    VALUES ('231', '4');
INSERT INTO "QueryTableAccess" ("queryId", "tableId")
    VALUES ('231', '4');
SELECT 'parent_category_id' FROM Categories;
INSERT INTO "SqlQuery" ("queryId", "userId", "issuedAt", "finishedAt", "hasError", "errorMessage", "statement", "projectId", "queryTypeId")
    VALUES ('232', '14', '2023-04-19 21:02:59.565288', '2023-04-19 21:03:00.565288', 'False', 'None', 'SELECT parent_category_id FROM Categories', '1', '1');
INSERT INTO "QueryColumnAccess" ("queryId", "columnId")
    VALUES ('232', '4');
INSERT INTO "QueryTableAccess" ("queryId", "tableId")
    VALUES ('232', '4');
SELECT 'total_amount' FROM Orders;
INSERT INTO "SqlQuery" ("queryId", "userId", "issuedAt", "finishedAt", "hasError", "errorMessage", "statement", "projectId", "queryTypeId")
    VALUES ('233', '13', '2023-06-03 21:02:59.565294', '2023-06-03 21:03:03.565294', 'False', 'None', 'SELECT total_amount FROM Orders', '1', '1');
INSERT INTO "QueryColumnAccess" ("queryId", "columnId")
    VALUES ('233', '4');
INSERT INTO "QueryTableAccess" ("queryId", "tableId")
    VALUES ('233', '2');
SELECT 'phone_number' FROM Customers;
INSERT INTO "SqlQuery" ("queryId", "userId", "issuedAt", "finishedAt", "hasError", "errorMessage", "statement", "projectId", "queryTypeId")
    VALUES ('234', '1', '2023-04-25 21:02:59.565301', '2023-04-25 21:03:00.565301', 'False', 'None', 'SELECT phone_number FROM Customers', '1', '1');
INSERT INTO "QueryColumnAccess" ("queryId", "columnId")
    VALUES ('234', '5');
INSERT INTO "QueryTableAccess" ("queryId", "tableId")
    VALUES ('234', '1');
SELECT 'customer_id' FROM Customers;
INSERT INTO "SqlQuery" ("queryId", "userId", "issuedAt", "finishedAt", "hasError", "errorMessage", "statement", "projectId", "queryTypeId")
    VALUES ('235', '5', '2023-04-22 21:02:59.565308', '2023-04-22 21:03:02.565308', 'False', 'None', 'SELECT customer_id FROM Customers', '1', '1');
INSERT INTO "QueryColumnAccess" ("queryId", "columnId")
    VALUES ('235', '1');
INSERT INTO "QueryTableAccess" ("queryId", "tableId")
    VALUES ('235', '1');
SELECT 'quantity' FROM OrderItems;
INSERT INTO "SqlQuery" ("queryId", "userId", "issuedAt", "finishedAt", "hasError", "errorMessage", "statement", "projectId", "queryTypeId")
    VALUES ('236', '8', '2023-06-16 21:02:59.565319', '2023-06-16 21:03:02.565319', 'False', 'None', 'SELECT quantity FROM OrderItems', '1', '1');
INSERT INTO "QueryColumnAccess" ("queryId", "columnId")
    VALUES ('236', '4');
INSERT INTO "QueryTableAccess" ("queryId", "tableId")
    VALUES ('236', '5');
SELECT 'last_name' FROM Customers;
INSERT INTO "SqlQuery" ("queryId", "userId", "issuedAt", "finishedAt", "hasError", "errorMessage", "statement", "projectId", "queryTypeId")
    VALUES ('237', '8', '2023-07-03 21:02:59.565326', '2023-07-03 21:03:02.565326', 'False', 'None', 'SELECT last_name FROM Customers', '1', '1');
INSERT INTO "QueryColumnAccess" ("queryId", "columnId")
    VALUES ('237', '3');
INSERT INTO "QueryTableAccess" ("queryId", "tableId")
    VALUES ('237', '1');
SELECT 'order_id' FROM OrderItems;
INSERT INTO "SqlQuery" ("queryId", "userId", "issuedAt", "finishedAt", "hasError", "errorMessage", "statement", "projectId", "queryTypeId")
    VALUES ('238', '2', '2023-06-14 21:02:59.565333', '2023-06-14 21:03:03.565333', 'False', 'None', 'SELECT order_id FROM OrderItems', '1', '1');
INSERT INTO "QueryColumnAccess" ("queryId", "columnId")
    VALUES ('238', '2');
INSERT INTO "QueryTableAccess" ("queryId", "tableId")
    VALUES ('238', '5');
SELECT 'order_id' FROM OrderItems;
INSERT INTO "SqlQuery" ("queryId", "userId", "issuedAt", "finishedAt", "hasError", "errorMessage", "statement", "projectId", "queryTypeId")
    VALUES ('239', '15', '2023-05-09 21:02:59.565339', '2023-05-09 21:03:03.565339', 'False', 'None', 'SELECT order_id FROM OrderItems', '1', '1');
INSERT INTO "QueryColumnAccess" ("queryId", "columnId")
    VALUES ('239', '2');
INSERT INTO "QueryTableAccess" ("queryId", "tableId")
    VALUES ('239', '5');
SELECT 'parent_category_id' FROM Categories;
INSERT INTO "SqlQuery" ("queryId", "userId", "issuedAt", "finishedAt", "hasError", "errorMessage", "statement", "projectId", "queryTypeId")
    VALUES ('240', '4', '2023-05-18 21:02:59.565346', '2023-05-18 21:03:02.565346', 'False', 'None', 'SELECT parent_category_id FROM Categories', '1', '1');
INSERT INTO "QueryColumnAccess" ("queryId", "columnId")
    VALUES ('240', '4');
INSERT INTO "QueryTableAccess" ("queryId", "tableId")
    VALUES ('240', '4');
SELECT 'parent_category_id' FROM Categories;
INSERT INTO "SqlQuery" ("queryId", "userId", "issuedAt", "finishedAt", "hasError", "errorMessage", "statement", "projectId", "queryTypeId")
    VALUES ('241', '4', '2023-07-06 21:02:59.565354', '2023-07-06 21:03:01.565354', 'False', 'None', 'SELECT parent_category_id FROM Categories', '1', '1');
INSERT INTO "QueryColumnAccess" ("queryId", "columnId")
    VALUES ('241', '4');
INSERT INTO "QueryTableAccess" ("queryId", "tableId")
    VALUES ('241', '4');
SELECT 'quantity' FROM OrderItems;
INSERT INTO "SqlQuery" ("queryId", "userId", "issuedAt", "finishedAt", "hasError", "errorMessage", "statement", "projectId", "queryTypeId")
    VALUES ('242', '15', '2023-05-25 21:02:59.565361', '2023-05-25 21:03:00.565361', 'False', 'None', 'SELECT quantity FROM OrderItems', '1', '1');
INSERT INTO "QueryColumnAccess" ("queryId", "columnId")
    VALUES ('242', '4');
INSERT INTO "QueryTableAccess" ("queryId", "tableId")
    VALUES ('242', '5');
SELECT 'order_date' FROM Orders;
INSERT INTO "SqlQuery" ("queryId", "userId", "issuedAt", "finishedAt", "hasError", "errorMessage", "statement", "projectId", "queryTypeId")
    VALUES ('243', '5', '2023-05-13 21:02:59.565368', '2023-05-13 21:03:02.565368', 'False', 'None', 'SELECT order_date FROM Orders', '1', '1');
INSERT INTO "QueryColumnAccess" ("queryId", "columnId")
    VALUES ('243', '3');
INSERT INTO "QueryTableAccess" ("queryId", "tableId")
    VALUES ('243', '2');
SELECT 'customer_id' FROM Orders;
INSERT INTO "SqlQuery" ("queryId", "userId", "issuedAt", "finishedAt", "hasError", "errorMessage", "statement", "projectId", "queryTypeId")
    VALUES ('244', '4', '2023-06-10 21:02:59.565375', '2023-06-10 21:03:02.565375', 'False', 'None', 'SELECT customer_id FROM Orders', '1', '1');
INSERT INTO "QueryColumnAccess" ("queryId", "columnId")
    VALUES ('244', '2');
INSERT INTO "QueryTableAccess" ("queryId", "tableId")
    VALUES ('244', '2');
SELECT 'total_amount' FROM Orders;
INSERT INTO "SqlQuery" ("queryId", "userId", "issuedAt", "finishedAt", "hasError", "errorMessage", "statement", "projectId", "queryTypeId")
    VALUES ('245', '10', '2023-06-29 21:02:59.565382', '2023-06-29 21:03:03.565382', 'False', 'None', 'SELECT total_amount FROM Orders', '1', '1');
INSERT INTO "QueryColumnAccess" ("queryId", "columnId")
    VALUES ('245', '4');
INSERT INTO "QueryTableAccess" ("queryId", "tableId")
    VALUES ('245', '2');
SELECT 'total_amount' FROM Orders;
INSERT INTO "SqlQuery" ("queryId", "userId", "issuedAt", "finishedAt", "hasError", "errorMessage", "statement", "projectId", "queryTypeId")
    VALUES ('246', '13', '2023-06-20 21:02:59.565388', '2023-06-20 21:03:00.565388', 'False', 'None', 'SELECT total_amount FROM Orders', '1', '1');
INSERT INTO "QueryColumnAccess" ("queryId", "columnId")
    VALUES ('246', '4');
INSERT INTO "QueryTableAccess" ("queryId", "tableId")
    VALUES ('246', '2');
SELECT 'email' FROM Customers;
INSERT INTO "SqlQuery" ("queryId", "userId", "issuedAt", "finishedAt", "hasError", "errorMessage", "statement", "projectId", "queryTypeId")
    VALUES ('247', '5', '2023-06-20 21:02:59.565396', '2023-06-20 21:03:03.565396', 'False', 'None', 'SELECT email FROM Customers', '1', '1');
INSERT INTO "QueryColumnAccess" ("queryId", "columnId")
    VALUES ('247', '4');
INSERT INTO "QueryTableAccess" ("queryId", "tableId")
    VALUES ('247', '1');
SELECT 'customer_id' FROM Orders;
INSERT INTO "SqlQuery" ("queryId", "userId", "issuedAt", "finishedAt", "hasError", "errorMessage", "statement", "projectId", "queryTypeId")
    VALUES ('248', '9', '2023-05-22 21:02:59.565403', '2023-05-22 21:03:00.565403', 'False', 'None', 'SELECT customer_id FROM Orders', '1', '1');
INSERT INTO "QueryColumnAccess" ("queryId", "columnId")
    VALUES ('248', '2');
INSERT INTO "QueryTableAccess" ("queryId", "tableId")
    VALUES ('248', '2');
SELECT 'address' FROM Customers;
INSERT INTO "SqlQuery" ("queryId", "userId", "issuedAt", "finishedAt", "hasError", "errorMessage", "statement", "projectId", "queryTypeId")
    VALUES ('249', '8', '2023-06-07 21:02:59.565410', '2023-06-07 21:03:03.565410', 'False', 'None', 'SELECT address FROM Customers', '1', '1');
INSERT INTO "QueryColumnAccess" ("queryId", "columnId")
    VALUES ('249', '6');
INSERT INTO "QueryTableAccess" ("queryId", "tableId")
    VALUES ('249', '1');
SELECT 'product_name' FROM Products;
INSERT INTO "SqlQuery" ("queryId", "userId", "issuedAt", "finishedAt", "hasError", "errorMessage", "statement", "projectId", "queryTypeId")
    VALUES ('250', '3', '2023-04-11 21:02:59.565417', '2023-04-11 21:03:02.565417', 'False', 'None', 'SELECT product_name FROM Products', '1', '1');
INSERT INTO "QueryColumnAccess" ("queryId", "columnId")
    VALUES ('250', '2');
INSERT INTO "QueryTableAccess" ("queryId", "tableId")
    VALUES ('250', '3');
SELECT 'customer_id' FROM Customers;
INSERT INTO "SqlQuery" ("queryId", "userId", "issuedAt", "finishedAt", "hasError", "errorMessage", "statement", "projectId", "queryTypeId")
    VALUES ('251', '5', '2023-05-24 21:02:59.565423', '2023-05-24 21:03:03.565423', 'False', 'None', 'SELECT customer_id FROM Customers', '1', '1');
INSERT INTO "QueryColumnAccess" ("queryId", "columnId")
    VALUES ('251', '1');
INSERT INTO "QueryTableAccess" ("queryId", "tableId")
    VALUES ('251', '1');
SELECT 'product_id' FROM OrderItems;
INSERT INTO "SqlQuery" ("queryId", "userId", "issuedAt", "finishedAt", "hasError", "errorMessage", "statement", "projectId", "queryTypeId")
    VALUES ('252', '10', '2023-06-06 21:02:59.565430', '2023-06-06 21:03:00.565430', 'False', 'None', 'SELECT product_id FROM OrderItems', '1', '1');
INSERT INTO "QueryColumnAccess" ("queryId", "columnId")
    VALUES ('252', '3');
INSERT INTO "QueryTableAccess" ("queryId", "tableId")
    VALUES ('252', '5');
SELECT 'shipping_address' FROM Orders;
INSERT INTO "SqlQuery" ("queryId", "userId", "issuedAt", "finishedAt", "hasError", "errorMessage", "statement", "projectId", "queryTypeId")
    VALUES ('253', '9', '2023-06-27 21:02:59.565443', '2023-06-27 21:03:00.565443', 'False', 'None', 'SELECT shipping_address FROM Orders', '1', '1');
INSERT INTO "QueryColumnAccess" ("queryId", "columnId")
    VALUES ('253', '6');
INSERT INTO "QueryTableAccess" ("queryId", "tableId")
    VALUES ('253', '2');
SELECT 'order_date' FROM Orders;
INSERT INTO "SqlQuery" ("queryId", "userId", "issuedAt", "finishedAt", "hasError", "errorMessage", "statement", "projectId", "queryTypeId")
    VALUES ('254', '1', '2023-06-30 21:02:59.565451', '2023-06-30 21:03:01.565451', 'False', 'None', 'SELECT order_date FROM Orders', '1', '1');
INSERT INTO "QueryColumnAccess" ("queryId", "columnId")
    VALUES ('254', '3');
INSERT INTO "QueryTableAccess" ("queryId", "tableId")
    VALUES ('254', '2');
SELECT 'product_id' FROM Products;
INSERT INTO "SqlQuery" ("queryId", "userId", "issuedAt", "finishedAt", "hasError", "errorMessage", "statement", "projectId", "queryTypeId")
    VALUES ('255', '15', '2023-05-04 21:02:59.565457', '2023-05-04 21:03:02.565457', 'False', 'None', 'SELECT product_id FROM Products', '1', '1');
INSERT INTO "QueryColumnAccess" ("queryId", "columnId")
    VALUES ('255', '1');
INSERT INTO "QueryTableAccess" ("queryId", "tableId")
    VALUES ('255', '3');
SELECT 'description' FROM Categories;
INSERT INTO "SqlQuery" ("queryId", "userId", "issuedAt", "finishedAt", "hasError", "errorMessage", "statement", "projectId", "queryTypeId")
    VALUES ('256', '7', '2023-05-19 21:02:59.565465', '2023-05-19 21:03:01.565465', 'False', 'None', 'SELECT description FROM Categories', '1', '1');
INSERT INTO "QueryColumnAccess" ("queryId", "columnId")
    VALUES ('256', '3');
INSERT INTO "QueryTableAccess" ("queryId", "tableId")
    VALUES ('256', '4');
SELECT 'description' FROM Products;
INSERT INTO "SqlQuery" ("queryId", "userId", "issuedAt", "finishedAt", "hasError", "errorMessage", "statement", "projectId", "queryTypeId")
    VALUES ('257', '10', '2023-05-06 21:02:59.565472', '2023-05-06 21:03:03.565472', 'False', 'None', 'SELECT description FROM Products', '1', '1');
INSERT INTO "QueryColumnAccess" ("queryId", "columnId")
    VALUES ('257', '5');
INSERT INTO "QueryTableAccess" ("queryId", "tableId")
    VALUES ('257', '3');
SELECT 'order_date' FROM Orders;
INSERT INTO "SqlQuery" ("queryId", "userId", "issuedAt", "finishedAt", "hasError", "errorMessage", "statement", "projectId", "queryTypeId")
    VALUES ('258', '5', '2023-06-27 21:02:59.565478', '2023-06-27 21:03:00.565478', 'False', 'None', 'SELECT order_date FROM Orders', '1', '1');
INSERT INTO "QueryColumnAccess" ("queryId", "columnId")
    VALUES ('258', '3');
INSERT INTO "QueryTableAccess" ("queryId", "tableId")
    VALUES ('258', '2');
SELECT 'description' FROM Products;
INSERT INTO "SqlQuery" ("queryId", "userId", "issuedAt", "finishedAt", "hasError", "errorMessage", "statement", "projectId", "queryTypeId")
    VALUES ('259', '2', '2023-05-23 21:02:59.565485', '2023-05-23 21:03:01.565485', 'False', 'None', 'SELECT description FROM Products', '1', '1');
INSERT INTO "QueryColumnAccess" ("queryId", "columnId")
    VALUES ('259', '5');
INSERT INTO "QueryTableAccess" ("queryId", "tableId")
    VALUES ('259', '3');
SELECT 'category_name' FROM Categories;
INSERT INTO "SqlQuery" ("queryId", "userId", "issuedAt", "finishedAt", "hasError", "errorMessage", "statement", "projectId", "queryTypeId")
    VALUES ('260', '6', '2023-06-23 21:02:59.565492', '2023-06-23 21:03:01.565492', 'False', 'None', 'SELECT category_name FROM Categories', '1', '1');
INSERT INTO "QueryColumnAccess" ("queryId", "columnId")
    VALUES ('260', '2');
INSERT INTO "QueryTableAccess" ("queryId", "tableId")
    VALUES ('260', '4');
SELECT 'description' FROM Products;
INSERT INTO "SqlQuery" ("queryId", "userId", "issuedAt", "finishedAt", "hasError", "errorMessage", "statement", "projectId", "queryTypeId")
    VALUES ('261', '4', '2023-05-18 21:02:59.565499', '2023-05-18 21:03:00.565499', 'False', 'None', 'SELECT description FROM Products', '1', '1');
INSERT INTO "QueryColumnAccess" ("queryId", "columnId")
    VALUES ('261', '5');
INSERT INTO "QueryTableAccess" ("queryId", "tableId")
    VALUES ('261', '3');
SELECT 'category' FROM Products;
INSERT INTO "SqlQuery" ("queryId", "userId", "issuedAt", "finishedAt", "hasError", "errorMessage", "statement", "projectId", "queryTypeId")
    VALUES ('262', '8', '2023-05-26 21:02:59.565505', '2023-05-26 21:03:03.565505', 'False', 'None', 'SELECT category FROM Products', '1', '1');
INSERT INTO "QueryColumnAccess" ("queryId", "columnId")
    VALUES ('262', '3');
INSERT INTO "QueryTableAccess" ("queryId", "tableId")
    VALUES ('262', '3');
SELECT 'unit_price' FROM OrderItems;
INSERT INTO "SqlQuery" ("queryId", "userId", "issuedAt", "finishedAt", "hasError", "errorMessage", "statement", "projectId", "queryTypeId")
    VALUES ('263', '9', '2023-05-18 21:02:59.565512', '2023-05-18 21:03:02.565512', 'False', 'None', 'SELECT unit_price FROM OrderItems', '1', '1');
INSERT INTO "QueryColumnAccess" ("queryId", "columnId")
    VALUES ('263', '5');
INSERT INTO "QueryTableAccess" ("queryId", "tableId")
    VALUES ('263', '5');
SELECT 'quantity' FROM OrderItems;
INSERT INTO "SqlQuery" ("queryId", "userId", "issuedAt", "finishedAt", "hasError", "errorMessage", "statement", "projectId", "queryTypeId")
    VALUES ('264', '7', '2023-06-03 21:02:59.565520', '2023-06-03 21:03:00.565520', 'False', 'None', 'SELECT quantity FROM OrderItems', '1', '1');
INSERT INTO "QueryColumnAccess" ("queryId", "columnId")
    VALUES ('264', '4');
INSERT INTO "QueryTableAccess" ("queryId", "tableId")
    VALUES ('264', '5');
SELECT 'order_item_id' FROM OrderItems;
INSERT INTO "SqlQuery" ("queryId", "userId", "issuedAt", "finishedAt", "hasError", "errorMessage", "statement", "projectId", "queryTypeId")
    VALUES ('265', '10', '2023-06-25 21:02:59.565526', '2023-06-25 21:03:01.565526', 'False', 'None', 'SELECT order_item_id FROM OrderItems', '1', '1');
INSERT INTO "QueryColumnAccess" ("queryId", "columnId")
    VALUES ('265', '1');
INSERT INTO "QueryTableAccess" ("queryId", "tableId")
    VALUES ('265', '5');
SELECT 'category' FROM Products;
INSERT INTO "SqlQuery" ("queryId", "userId", "issuedAt", "finishedAt", "hasError", "errorMessage", "statement", "projectId", "queryTypeId")
    VALUES ('266', '1', '2023-04-28 21:02:59.565533', '2023-04-28 21:03:01.565533', 'False', 'None', 'SELECT category FROM Products', '1', '1');
INSERT INTO "QueryColumnAccess" ("queryId", "columnId")
    VALUES ('266', '3');
INSERT INTO "QueryTableAccess" ("queryId", "tableId")
    VALUES ('266', '3');
SELECT 'product_name' FROM Products;
INSERT INTO "SqlQuery" ("queryId", "userId", "issuedAt", "finishedAt", "hasError", "errorMessage", "statement", "projectId", "queryTypeId")
    VALUES ('267', '11', '2023-07-06 21:02:59.565540', '2023-07-06 21:03:03.565540', 'False', 'None', 'SELECT product_name FROM Products', '1', '1');
INSERT INTO "QueryColumnAccess" ("queryId", "columnId")
    VALUES ('267', '2');
INSERT INTO "QueryTableAccess" ("queryId", "tableId")
    VALUES ('267', '3');
SELECT 'quantity' FROM OrderItems;
INSERT INTO "SqlQuery" ("queryId", "userId", "issuedAt", "finishedAt", "hasError", "errorMessage", "statement", "projectId", "queryTypeId")
    VALUES ('268', '8', '2023-04-11 21:02:59.565547', '2023-04-11 21:03:03.565547', 'False', 'None', 'SELECT quantity FROM OrderItems', '1', '1');
INSERT INTO "QueryColumnAccess" ("queryId", "columnId")
    VALUES ('268', '4');
INSERT INTO "QueryTableAccess" ("queryId", "tableId")
    VALUES ('268', '5');
SELECT 'product_id' FROM OrderItems;
INSERT INTO "SqlQuery" ("queryId", "userId", "issuedAt", "finishedAt", "hasError", "errorMessage", "statement", "projectId", "queryTypeId")
    VALUES ('269', '10', '2023-06-26 21:02:59.565553', '2023-06-26 21:03:03.565553', 'False', 'None', 'SELECT product_id FROM OrderItems', '1', '1');
INSERT INTO "QueryColumnAccess" ("queryId", "columnId")
    VALUES ('269', '3');
INSERT INTO "QueryTableAccess" ("queryId", "tableId")
    VALUES ('269', '5');
SELECT 'last_name' FROM Customers;
INSERT INTO "SqlQuery" ("queryId", "userId", "issuedAt", "finishedAt", "hasError", "errorMessage", "statement", "projectId", "queryTypeId")
    VALUES ('270', '8', '2023-04-25 21:02:59.565567', '2023-04-25 21:03:03.565567', 'False', 'None', 'SELECT last_name FROM Customers', '1', '1');
INSERT INTO "QueryColumnAccess" ("queryId", "columnId")
    VALUES ('270', '3');
INSERT INTO "QueryTableAccess" ("queryId", "tableId")
    VALUES ('270', '1');
SELECT 'order_id' FROM OrderItems;
INSERT INTO "SqlQuery" ("queryId", "userId", "issuedAt", "finishedAt", "hasError", "errorMessage", "statement", "projectId", "queryTypeId")
    VALUES ('271', '2', '2023-06-18 21:02:59.565573', '2023-06-18 21:03:00.565573', 'False', 'None', 'SELECT order_id FROM OrderItems', '1', '1');
INSERT INTO "QueryColumnAccess" ("queryId", "columnId")
    VALUES ('271', '2');
INSERT INTO "QueryTableAccess" ("queryId", "tableId")
    VALUES ('271', '5');
SELECT 'order_id' FROM OrderItems;
INSERT INTO "SqlQuery" ("queryId", "userId", "issuedAt", "finishedAt", "hasError", "errorMessage", "statement", "projectId", "queryTypeId")
    VALUES ('272', '14', '2023-06-23 21:02:59.565581', '2023-06-23 21:03:01.565581', 'False', 'None', 'SELECT order_id FROM OrderItems', '1', '1');
INSERT INTO "QueryColumnAccess" ("queryId", "columnId")
    VALUES ('272', '2');
INSERT INTO "QueryTableAccess" ("queryId", "tableId")
    VALUES ('272', '5');
SELECT 'customer_id' FROM Orders;
INSERT INTO "SqlQuery" ("queryId", "userId", "issuedAt", "finishedAt", "hasError", "errorMessage", "statement", "projectId", "queryTypeId")
    VALUES ('273', '9', '2023-04-19 21:02:59.565588', '2023-04-19 21:03:00.565588', 'False', 'None', 'SELECT customer_id FROM Orders', '1', '1');
INSERT INTO "QueryColumnAccess" ("queryId", "columnId")
    VALUES ('273', '2');
INSERT INTO "QueryTableAccess" ("queryId", "tableId")
    VALUES ('273', '2');
SELECT 'address' FROM Customers;
INSERT INTO "SqlQuery" ("queryId", "userId", "issuedAt", "finishedAt", "hasError", "errorMessage", "statement", "projectId", "queryTypeId")
    VALUES ('274', '14', '2023-04-25 21:02:59.565594', '2023-04-25 21:03:03.565594', 'False', 'None', 'SELECT address FROM Customers', '1', '1');
INSERT INTO "QueryColumnAccess" ("queryId", "columnId")
    VALUES ('274', '6');
INSERT INTO "QueryTableAccess" ("queryId", "tableId")
    VALUES ('274', '1');
SELECT 'payment_method' FROM Orders;
INSERT INTO "SqlQuery" ("queryId", "userId", "issuedAt", "finishedAt", "hasError", "errorMessage", "statement", "projectId", "queryTypeId")
    VALUES ('275', '4', '2023-06-07 21:02:59.565601', '2023-06-07 21:03:03.565601', 'False', 'None', 'SELECT payment_method FROM Orders', '1', '1');
INSERT INTO "QueryColumnAccess" ("queryId", "columnId")
    VALUES ('275', '5');
INSERT INTO "QueryTableAccess" ("queryId", "tableId")
    VALUES ('275', '2');
SELECT 'description' FROM Products;
INSERT INTO "SqlQuery" ("queryId", "userId", "issuedAt", "finishedAt", "hasError", "errorMessage", "statement", "projectId", "queryTypeId")
    VALUES ('276', '1', '2023-05-30 21:02:59.565608', '2023-05-30 21:03:00.565608', 'False', 'None', 'SELECT description FROM Products', '1', '1');
INSERT INTO "QueryColumnAccess" ("queryId", "columnId")
    VALUES ('276', '5');
INSERT INTO "QueryTableAccess" ("queryId", "tableId")
    VALUES ('276', '3');
SELECT 'product_id' FROM Products;
INSERT INTO "SqlQuery" ("queryId", "userId", "issuedAt", "finishedAt", "hasError", "errorMessage", "statement", "projectId", "queryTypeId")
    VALUES ('277', '12', '2023-05-06 21:02:59.565615', '2023-05-06 21:03:03.565615', 'False', 'None', 'SELECT product_id FROM Products', '1', '1');
INSERT INTO "QueryColumnAccess" ("queryId", "columnId")
    VALUES ('277', '1');
INSERT INTO "QueryTableAccess" ("queryId", "tableId")
    VALUES ('277', '3');
SELECT 'parent_category_id' FROM Categories;
INSERT INTO "SqlQuery" ("queryId", "userId", "issuedAt", "finishedAt", "hasError", "errorMessage", "statement", "projectId", "queryTypeId")
    VALUES ('278', '4', '2023-05-01 21:02:59.565622', '2023-05-01 21:03:02.565622', 'False', 'None', 'SELECT parent_category_id FROM Categories', '1', '1');
INSERT INTO "QueryColumnAccess" ("queryId", "columnId")
    VALUES ('278', '4');
INSERT INTO "QueryTableAccess" ("queryId", "tableId")
    VALUES ('278', '4');
SELECT 'description' FROM Products;
INSERT INTO "SqlQuery" ("queryId", "userId", "issuedAt", "finishedAt", "hasError", "errorMessage", "statement", "projectId", "queryTypeId")
    VALUES ('279', '6', '2023-04-24 21:02:59.565628', '2023-04-24 21:03:00.565628', 'False', 'None', 'SELECT description FROM Products', '1', '1');
INSERT INTO "QueryColumnAccess" ("queryId", "columnId")
    VALUES ('279', '5');
INSERT INTO "QueryTableAccess" ("queryId", "tableId")
    VALUES ('279', '3');
SELECT 'email' FROM Customers;
INSERT INTO "SqlQuery" ("queryId", "userId", "issuedAt", "finishedAt", "hasError", "errorMessage", "statement", "projectId", "queryTypeId")
    VALUES ('280', '1', '2023-05-24 21:02:59.565635', '2023-05-24 21:03:03.565635', 'False', 'None', 'SELECT email FROM Customers', '1', '1');
INSERT INTO "QueryColumnAccess" ("queryId", "columnId")
    VALUES ('280', '4');
INSERT INTO "QueryTableAccess" ("queryId", "tableId")
    VALUES ('280', '1');
SELECT 'payment_method' FROM Orders;
INSERT INTO "SqlQuery" ("queryId", "userId", "issuedAt", "finishedAt", "hasError", "errorMessage", "statement", "projectId", "queryTypeId")
    VALUES ('281', '2', '2023-04-15 21:02:59.565642', '2023-04-15 21:03:00.565642', 'False', 'None', 'SELECT payment_method FROM Orders', '1', '1');
INSERT INTO "QueryColumnAccess" ("queryId", "columnId")
    VALUES ('281', '5');
INSERT INTO "QueryTableAccess" ("queryId", "tableId")
    VALUES ('281', '2');
SELECT 'description' FROM Categories;
INSERT INTO "SqlQuery" ("queryId", "userId", "issuedAt", "finishedAt", "hasError", "errorMessage", "statement", "projectId", "queryTypeId")
    VALUES ('282', '11', '2023-05-11 21:02:59.565649', '2023-05-11 21:03:02.565649', 'False', 'None', 'SELECT description FROM Categories', '1', '1');
INSERT INTO "QueryColumnAccess" ("queryId", "columnId")
    VALUES ('282', '3');
INSERT INTO "QueryTableAccess" ("queryId", "tableId")
    VALUES ('282', '4');
SELECT 'customer_id' FROM Customers;
INSERT INTO "SqlQuery" ("queryId", "userId", "issuedAt", "finishedAt", "hasError", "errorMessage", "statement", "projectId", "queryTypeId")
    VALUES ('283', '6', '2023-06-27 21:02:59.565656', '2023-06-27 21:03:03.565656', 'False', 'None', 'SELECT customer_id FROM Customers', '1', '1');
INSERT INTO "QueryColumnAccess" ("queryId", "columnId")
    VALUES ('283', '1');
INSERT INTO "QueryTableAccess" ("queryId", "tableId")
    VALUES ('283', '1');
SELECT 'address' FROM Customers;
INSERT INTO "SqlQuery" ("queryId", "userId", "issuedAt", "finishedAt", "hasError", "errorMessage", "statement", "projectId", "queryTypeId")
    VALUES ('284', '1', '2023-06-09 21:02:59.565663', '2023-06-09 21:03:01.565663', 'False', 'None', 'SELECT address FROM Customers', '1', '1');
INSERT INTO "QueryColumnAccess" ("queryId", "columnId")
    VALUES ('284', '6');
INSERT INTO "QueryTableAccess" ("queryId", "tableId")
    VALUES ('284', '1');
SELECT 'email' FROM Customers;
INSERT INTO "SqlQuery" ("queryId", "userId", "issuedAt", "finishedAt", "hasError", "errorMessage", "statement", "projectId", "queryTypeId")
    VALUES ('285', '10', '2023-06-20 21:02:59.565669', '2023-06-20 21:03:00.565669', 'False', 'None', 'SELECT email FROM Customers', '1', '1');
INSERT INTO "QueryColumnAccess" ("queryId", "columnId")
    VALUES ('285', '4');
INSERT INTO "QueryTableAccess" ("queryId", "tableId")
    VALUES ('285', '1');
SELECT 'shipping_address' FROM Orders;
INSERT INTO "SqlQuery" ("queryId", "userId", "issuedAt", "finishedAt", "hasError", "errorMessage", "statement", "projectId", "queryTypeId")
    VALUES ('286', '6', '2023-05-18 21:02:59.565676', '2023-05-18 21:03:01.565676', 'False', 'None', 'SELECT shipping_address FROM Orders', '1', '1');
INSERT INTO "QueryColumnAccess" ("queryId", "columnId")
    VALUES ('286', '6');
INSERT INTO "QueryTableAccess" ("queryId", "tableId")
    VALUES ('286', '2');
SELECT 'product_id' FROM OrderItems;
INSERT INTO "SqlQuery" ("queryId", "userId", "issuedAt", "finishedAt", "hasError", "errorMessage", "statement", "projectId", "queryTypeId")
    VALUES ('287', '8', '2023-07-03 21:02:59.565688', '2023-07-03 21:03:01.565688', 'False', 'None', 'SELECT product_id FROM OrderItems', '1', '1');
INSERT INTO "QueryColumnAccess" ("queryId", "columnId")
    VALUES ('287', '3');
INSERT INTO "QueryTableAccess" ("queryId", "tableId")
    VALUES ('287', '5');
SELECT 'address' FROM Customers;
INSERT INTO "SqlQuery" ("queryId", "userId", "issuedAt", "finishedAt", "hasError", "errorMessage", "statement", "projectId", "queryTypeId")
    VALUES ('288', '9', '2023-05-27 21:02:59.565695', '2023-05-27 21:03:01.565695', 'False', 'None', 'SELECT address FROM Customers', '1', '1');
INSERT INTO "QueryColumnAccess" ("queryId", "columnId")
    VALUES ('288', '6');
INSERT INTO "QueryTableAccess" ("queryId", "tableId")
    VALUES ('288', '1');
SELECT 'email' FROM Customers;
INSERT INTO "SqlQuery" ("queryId", "userId", "issuedAt", "finishedAt", "hasError", "errorMessage", "statement", "projectId", "queryTypeId")
    VALUES ('289', '10', '2023-04-12 21:02:59.565702', '2023-04-12 21:03:01.565702', 'False', 'None', 'SELECT email FROM Customers', '1', '1');
INSERT INTO "QueryColumnAccess" ("queryId", "columnId")
    VALUES ('289', '4');
INSERT INTO "QueryTableAccess" ("queryId", "tableId")
    VALUES ('289', '1');
SELECT 'product_id' FROM OrderItems;
INSERT INTO "SqlQuery" ("queryId", "userId", "issuedAt", "finishedAt", "hasError", "errorMessage", "statement", "projectId", "queryTypeId")
    VALUES ('290', '3', '2023-04-22 21:02:59.565708', '2023-04-22 21:03:02.565708', 'False', 'None', 'SELECT product_id FROM OrderItems', '1', '1');
INSERT INTO "QueryColumnAccess" ("queryId", "columnId")
    VALUES ('290', '3');
INSERT INTO "QueryTableAccess" ("queryId", "tableId")
    VALUES ('290', '5');
SELECT 'first_name' FROM Customers;
INSERT INTO "SqlQuery" ("queryId", "userId", "issuedAt", "finishedAt", "hasError", "errorMessage", "statement", "projectId", "queryTypeId")
    VALUES ('291', '1', '2023-04-24 21:02:59.565715', '2023-04-24 21:03:00.565715', 'False', 'None', 'SELECT first_name FROM Customers', '1', '1');
INSERT INTO "QueryColumnAccess" ("queryId", "columnId")
    VALUES ('291', '2');
INSERT INTO "QueryTableAccess" ("queryId", "tableId")
    VALUES ('291', '1');
SELECT 'order_id' FROM OrderItems;
INSERT INTO "SqlQuery" ("queryId", "userId", "issuedAt", "finishedAt", "hasError", "errorMessage", "statement", "projectId", "queryTypeId")
    VALUES ('292', '1', '2023-04-30 21:02:59.565722', '2023-04-30 21:03:01.565722', 'False', 'None', 'SELECT order_id FROM OrderItems', '1', '1');
INSERT INTO "QueryColumnAccess" ("queryId", "columnId")
    VALUES ('292', '2');
INSERT INTO "QueryTableAccess" ("queryId", "tableId")
    VALUES ('292', '5');
SELECT 'shipping_address' FROM Orders;
INSERT INTO "SqlQuery" ("queryId", "userId", "issuedAt", "finishedAt", "hasError", "errorMessage", "statement", "projectId", "queryTypeId")
    VALUES ('293', '9', '2023-04-14 21:02:59.565728', '2023-04-14 21:03:03.565728', 'False', 'None', 'SELECT shipping_address FROM Orders', '1', '1');
INSERT INTO "QueryColumnAccess" ("queryId", "columnId")
    VALUES ('293', '6');
INSERT INTO "QueryTableAccess" ("queryId", "tableId")
    VALUES ('293', '2');
SELECT 'email' FROM Customers;
INSERT INTO "SqlQuery" ("queryId", "userId", "issuedAt", "finishedAt", "hasError", "errorMessage", "statement", "projectId", "queryTypeId")
    VALUES ('294', '2', '2023-06-12 21:02:59.565734', '2023-06-12 21:03:01.565734', 'False', 'None', 'SELECT email FROM Customers', '1', '1');
INSERT INTO "QueryColumnAccess" ("queryId", "columnId")
    VALUES ('294', '4');
INSERT INTO "QueryTableAccess" ("queryId", "tableId")
    VALUES ('294', '1');
SELECT 'category_name' FROM Categories;
INSERT INTO "SqlQuery" ("queryId", "userId", "issuedAt", "finishedAt", "hasError", "errorMessage", "statement", "projectId", "queryTypeId")
    VALUES ('295', '14', '2023-06-19 21:02:59.565741', '2023-06-19 21:03:00.565741', 'False', 'None', 'SELECT category_name FROM Categories', '1', '1');
INSERT INTO "QueryColumnAccess" ("queryId", "columnId")
    VALUES ('295', '2');
INSERT INTO "QueryTableAccess" ("queryId", "tableId")
    VALUES ('295', '4');
SELECT 'unit_price' FROM OrderItems;
INSERT INTO "SqlQuery" ("queryId", "userId", "issuedAt", "finishedAt", "hasError", "errorMessage", "statement", "projectId", "queryTypeId")
    VALUES ('296', '12', '2023-05-14 21:02:59.565747', '2023-05-14 21:03:00.565747', 'False', 'None', 'SELECT unit_price FROM OrderItems', '1', '1');
INSERT INTO "QueryColumnAccess" ("queryId", "columnId")
    VALUES ('296', '5');
INSERT INTO "QueryTableAccess" ("queryId", "tableId")
    VALUES ('296', '5');
SELECT 'unit_price' FROM OrderItems;
INSERT INTO "SqlQuery" ("queryId", "userId", "issuedAt", "finishedAt", "hasError", "errorMessage", "statement", "projectId", "queryTypeId")
    VALUES ('297', '7', '2023-06-01 21:02:59.565753', '2023-06-01 21:03:01.565753', 'False', 'None', 'SELECT unit_price FROM OrderItems', '1', '1');
INSERT INTO "QueryColumnAccess" ("queryId", "columnId")
    VALUES ('297', '5');
INSERT INTO "QueryTableAccess" ("queryId", "tableId")
    VALUES ('297', '5');
SELECT 'category_name' FROM Categories;
INSERT INTO "SqlQuery" ("queryId", "userId", "issuedAt", "finishedAt", "hasError", "errorMessage", "statement", "projectId", "queryTypeId")
    VALUES ('298', '4', '2023-04-17 21:02:59.565760', '2023-04-17 21:03:01.565760', 'False', 'None', 'SELECT category_name FROM Categories', '1', '1');
INSERT INTO "QueryColumnAccess" ("queryId", "columnId")
    VALUES ('298', '2');
INSERT INTO "QueryTableAccess" ("queryId", "tableId")
    VALUES ('298', '4');
SELECT 'payment_method' FROM Orders;
INSERT INTO "SqlQuery" ("queryId", "userId", "issuedAt", "finishedAt", "hasError", "errorMessage", "statement", "projectId", "queryTypeId")
    VALUES ('299', '5', '2023-06-27 21:02:59.565766', '2023-06-27 21:03:03.565766', 'False', 'None', 'SELECT payment_method FROM Orders', '1', '1');
INSERT INTO "QueryColumnAccess" ("queryId", "columnId")
    VALUES ('299', '5');
INSERT INTO "QueryTableAccess" ("queryId", "tableId")
    VALUES ('299', '2');
SELECT 'parent_category_id' FROM Categories;
INSERT INTO "SqlQuery" ("queryId", "userId", "issuedAt", "finishedAt", "hasError", "errorMessage", "statement", "projectId", "queryTypeId")
    VALUES ('300', '8', '2023-07-03 21:02:59.565772', '2023-07-03 21:03:02.565772', 'False', 'None', 'SELECT parent_category_id FROM Categories', '1', '1');
INSERT INTO "QueryColumnAccess" ("queryId", "columnId")
    VALUES ('300', '4');
INSERT INTO "QueryTableAccess" ("queryId", "tableId")
    VALUES ('300', '4');
SELECT 'order_id' FROM Orders;
INSERT INTO "SqlQuery" ("queryId", "userId", "issuedAt", "finishedAt", "hasError", "errorMessage", "statement", "projectId", "queryTypeId")
    VALUES ('301', '11', '2023-05-01 21:02:59.565778', '2023-05-01 21:03:02.565778', 'False', 'None', 'SELECT order_id FROM Orders', '1', '1');
INSERT INTO "QueryColumnAccess" ("queryId", "columnId")
    VALUES ('301', '1');
INSERT INTO "QueryTableAccess" ("queryId", "tableId")
    VALUES ('301', '2');
SELECT 'order_id' FROM Orders;
INSERT INTO "SqlQuery" ("queryId", "userId", "issuedAt", "finishedAt", "hasError", "errorMessage", "statement", "projectId", "queryTypeId")
    VALUES ('302', '10', '2023-05-17 21:02:59.565785', '2023-05-17 21:03:03.565785', 'False', 'None', 'SELECT order_id FROM Orders', '1', '1');
INSERT INTO "QueryColumnAccess" ("queryId", "columnId")
    VALUES ('302', '1');
INSERT INTO "QueryTableAccess" ("queryId", "tableId")
    VALUES ('302', '2');
SELECT 'product_id' FROM OrderItems;
INSERT INTO "SqlQuery" ("queryId", "userId", "issuedAt", "finishedAt", "hasError", "errorMessage", "statement", "projectId", "queryTypeId")
    VALUES ('303', '14', '2023-05-06 21:02:59.565799', '2023-05-06 21:03:03.565799', 'False', 'None', 'SELECT product_id FROM OrderItems', '1', '1');
INSERT INTO "QueryColumnAccess" ("queryId", "columnId")
    VALUES ('303', '3');
INSERT INTO "QueryTableAccess" ("queryId", "tableId")
    VALUES ('303', '5');
SELECT 'order_id' FROM OrderItems;
INSERT INTO "SqlQuery" ("queryId", "userId", "issuedAt", "finishedAt", "hasError", "errorMessage", "statement", "projectId", "queryTypeId")
    VALUES ('304', '7', '2023-06-16 21:02:59.565806', '2023-06-16 21:03:00.565806', 'False', 'None', 'SELECT order_id FROM OrderItems', '1', '1');
INSERT INTO "QueryColumnAccess" ("queryId", "columnId")
    VALUES ('304', '2');
INSERT INTO "QueryTableAccess" ("queryId", "tableId")
    VALUES ('304', '5');
SELECT 'description' FROM Products;
INSERT INTO "SqlQuery" ("queryId", "userId", "issuedAt", "finishedAt", "hasError", "errorMessage", "statement", "projectId", "queryTypeId")
    VALUES ('305', '9', '2023-06-03 21:02:59.565812', '2023-06-03 21:03:03.565812', 'False', 'None', 'SELECT description FROM Products', '1', '1');
INSERT INTO "QueryColumnAccess" ("queryId", "columnId")
    VALUES ('305', '5');
INSERT INTO "QueryTableAccess" ("queryId", "tableId")
    VALUES ('305', '3');
SELECT 'parent_category_id' FROM Categories;
INSERT INTO "SqlQuery" ("queryId", "userId", "issuedAt", "finishedAt", "hasError", "errorMessage", "statement", "projectId", "queryTypeId")
    VALUES ('306', '7', '2023-05-18 21:02:59.565819', '2023-05-18 21:03:00.565819', 'False', 'None', 'SELECT parent_category_id FROM Categories', '1', '1');
INSERT INTO "QueryColumnAccess" ("queryId", "columnId")
    VALUES ('306', '4');
INSERT INTO "QueryTableAccess" ("queryId", "tableId")
    VALUES ('306', '4');
SELECT 'quantity' FROM Products;
INSERT INTO "SqlQuery" ("queryId", "userId", "issuedAt", "finishedAt", "hasError", "errorMessage", "statement", "projectId", "queryTypeId")
    VALUES ('307', '3', '2023-05-12 21:02:59.565826', '2023-05-12 21:03:03.565826', 'False', 'None', 'SELECT quantity FROM Products', '1', '1');
INSERT INTO "QueryColumnAccess" ("queryId", "columnId")
    VALUES ('307', '6');
INSERT INTO "QueryTableAccess" ("queryId", "tableId")
    VALUES ('307', '3');
SELECT 'order_date' FROM Orders;
INSERT INTO "SqlQuery" ("queryId", "userId", "issuedAt", "finishedAt", "hasError", "errorMessage", "statement", "projectId", "queryTypeId")
    VALUES ('308', '5', '2023-04-15 21:02:59.565832', '2023-04-15 21:03:03.565832', 'False', 'None', 'SELECT order_date FROM Orders', '1', '1');
INSERT INTO "QueryColumnAccess" ("queryId", "columnId")
    VALUES ('308', '3');
INSERT INTO "QueryTableAccess" ("queryId", "tableId")
    VALUES ('308', '2');
SELECT 'parent_category_id' FROM Categories;
INSERT INTO "SqlQuery" ("queryId", "userId", "issuedAt", "finishedAt", "hasError", "errorMessage", "statement", "projectId", "queryTypeId")
    VALUES ('309', '12', '2023-06-20 21:02:59.565838', '2023-06-20 21:03:01.565838', 'False', 'None', 'SELECT parent_category_id FROM Categories', '1', '1');
INSERT INTO "QueryColumnAccess" ("queryId", "columnId")
    VALUES ('309', '4');
INSERT INTO "QueryTableAccess" ("queryId", "tableId")
    VALUES ('309', '4');
SELECT 'unit_price' FROM OrderItems;
INSERT INTO "SqlQuery" ("queryId", "userId", "issuedAt", "finishedAt", "hasError", "errorMessage", "statement", "projectId", "queryTypeId")
    VALUES ('310', '1', '2023-05-06 21:02:59.565845', '2023-05-06 21:03:00.565845', 'False', 'None', 'SELECT unit_price FROM OrderItems', '1', '1');
INSERT INTO "QueryColumnAccess" ("queryId", "columnId")
    VALUES ('310', '5');
INSERT INTO "QueryTableAccess" ("queryId", "tableId")
    VALUES ('310', '5');
SELECT 'category' FROM Products;
INSERT INTO "SqlQuery" ("queryId", "userId", "issuedAt", "finishedAt", "hasError", "errorMessage", "statement", "projectId", "queryTypeId")
    VALUES ('311', '10', '2023-07-02 21:02:59.565851', '2023-07-02 21:03:03.565851', 'False', 'None', 'SELECT category FROM Products', '1', '1');
INSERT INTO "QueryColumnAccess" ("queryId", "columnId")
    VALUES ('311', '3');
INSERT INTO "QueryTableAccess" ("queryId", "tableId")
    VALUES ('311', '3');
SELECT 'customer_id' FROM Customers;
INSERT INTO "SqlQuery" ("queryId", "userId", "issuedAt", "finishedAt", "hasError", "errorMessage", "statement", "projectId", "queryTypeId")
    VALUES ('312', '12', '2023-05-22 21:02:59.565857', '2023-05-22 21:03:01.565857', 'False', 'None', 'SELECT customer_id FROM Customers', '1', '1');
INSERT INTO "QueryColumnAccess" ("queryId", "columnId")
    VALUES ('312', '1');
INSERT INTO "QueryTableAccess" ("queryId", "tableId")
    VALUES ('312', '1');
SELECT 'price' FROM Products;
INSERT INTO "SqlQuery" ("queryId", "userId", "issuedAt", "finishedAt", "hasError", "errorMessage", "statement", "projectId", "queryTypeId")
    VALUES ('313', '7', '2023-05-17 21:02:59.565864', '2023-05-17 21:03:03.565864', 'False', 'None', 'SELECT price FROM Products', '1', '1');
INSERT INTO "QueryColumnAccess" ("queryId", "columnId")
    VALUES ('313', '4');
INSERT INTO "QueryTableAccess" ("queryId", "tableId")
    VALUES ('313', '3');
SELECT 'parent_category_id' FROM Categories;
INSERT INTO "SqlQuery" ("queryId", "userId", "issuedAt", "finishedAt", "hasError", "errorMessage", "statement", "projectId", "queryTypeId")
    VALUES ('314', '9', '2023-07-02 21:02:59.565870', '2023-07-02 21:03:03.565870', 'False', 'None', 'SELECT parent_category_id FROM Categories', '1', '1');
INSERT INTO "QueryColumnAccess" ("queryId", "columnId")
    VALUES ('314', '4');
INSERT INTO "QueryTableAccess" ("queryId", "tableId")
    VALUES ('314', '4');
SELECT 'category' FROM Products;
INSERT INTO "SqlQuery" ("queryId", "userId", "issuedAt", "finishedAt", "hasError", "errorMessage", "statement", "projectId", "queryTypeId")
    VALUES ('315', '1', '2023-04-14 21:02:59.565876', '2023-04-14 21:03:02.565876', 'False', 'None', 'SELECT category FROM Products', '1', '1');
INSERT INTO "QueryColumnAccess" ("queryId", "columnId")
    VALUES ('315', '3');
INSERT INTO "QueryTableAccess" ("queryId", "tableId")
    VALUES ('315', '3');
SELECT 'category_name' FROM Categories;
INSERT INTO "SqlQuery" ("queryId", "userId", "issuedAt", "finishedAt", "hasError", "errorMessage", "statement", "projectId", "queryTypeId")
    VALUES ('316', '15', '2023-05-10 21:02:59.565883', '2023-05-10 21:03:03.565883', 'False', 'None', 'SELECT category_name FROM Categories', '1', '1');
INSERT INTO "QueryColumnAccess" ("queryId", "columnId")
    VALUES ('316', '2');
INSERT INTO "QueryTableAccess" ("queryId", "tableId")
    VALUES ('316', '4');
SELECT 'category' FROM Products;
INSERT INTO "SqlQuery" ("queryId", "userId", "issuedAt", "finishedAt", "hasError", "errorMessage", "statement", "projectId", "queryTypeId")
    VALUES ('317', '11', '2023-06-30 21:02:59.565889', '2023-06-30 21:03:02.565889', 'False', 'None', 'SELECT category FROM Products', '1', '1');
INSERT INTO "QueryColumnAccess" ("queryId", "columnId")
    VALUES ('317', '3');
INSERT INTO "QueryTableAccess" ("queryId", "tableId")
    VALUES ('317', '3');
SELECT 'payment_method' FROM Orders;
INSERT INTO "SqlQuery" ("queryId", "userId", "issuedAt", "finishedAt", "hasError", "errorMessage", "statement", "projectId", "queryTypeId")
    VALUES ('318', '13', '2023-06-19 21:02:59.565895', '2023-06-19 21:03:03.565895', 'False', 'None', 'SELECT payment_method FROM Orders', '1', '1');
INSERT INTO "QueryColumnAccess" ("queryId", "columnId")
    VALUES ('318', '5');
INSERT INTO "QueryTableAccess" ("queryId", "tableId")
    VALUES ('318', '2');
SELECT 'payment_method' FROM Orders;
INSERT INTO "SqlQuery" ("queryId", "userId", "issuedAt", "finishedAt", "hasError", "errorMessage", "statement", "projectId", "queryTypeId")
    VALUES ('319', '12', '2023-05-05 21:02:59.565902', '2023-05-05 21:03:00.565902', 'False', 'None', 'SELECT payment_method FROM Orders', '1', '1');
INSERT INTO "QueryColumnAccess" ("queryId", "columnId")
    VALUES ('319', '5');
INSERT INTO "QueryTableAccess" ("queryId", "tableId")
    VALUES ('319', '2');
SELECT 'description' FROM Products;
INSERT INTO "SqlQuery" ("queryId", "userId", "issuedAt", "finishedAt", "hasError", "errorMessage", "statement", "projectId", "queryTypeId")
    VALUES ('320', '2', '2023-06-26 21:02:59.565919', '2023-06-26 21:03:00.565919', 'False', 'None', 'SELECT description FROM Products', '1', '1');
INSERT INTO "QueryColumnAccess" ("queryId", "columnId")
    VALUES ('320', '5');
INSERT INTO "QueryTableAccess" ("queryId", "tableId")
    VALUES ('320', '3');
SELECT 'quantity' FROM OrderItems;
INSERT INTO "SqlQuery" ("queryId", "userId", "issuedAt", "finishedAt", "hasError", "errorMessage", "statement", "projectId", "queryTypeId")
    VALUES ('321', '7', '2023-05-04 21:02:59.565925', '2023-05-04 21:03:01.565925', 'False', 'None', 'SELECT quantity FROM OrderItems', '1', '1');
INSERT INTO "QueryColumnAccess" ("queryId", "columnId")
    VALUES ('321', '4');
INSERT INTO "QueryTableAccess" ("queryId", "tableId")
    VALUES ('321', '5');
SELECT 'order_id' FROM Orders;
INSERT INTO "SqlQuery" ("queryId", "userId", "issuedAt", "finishedAt", "hasError", "errorMessage", "statement", "projectId", "queryTypeId")
    VALUES ('322', '15', '2023-06-17 21:02:59.565932', '2023-06-17 21:03:03.565932', 'False', 'None', 'SELECT order_id FROM Orders', '1', '1');
INSERT INTO "QueryColumnAccess" ("queryId", "columnId")
    VALUES ('322', '1');
INSERT INTO "QueryTableAccess" ("queryId", "tableId")
    VALUES ('322', '2');
SELECT 'description' FROM Products;
INSERT INTO "SqlQuery" ("queryId", "userId", "issuedAt", "finishedAt", "hasError", "errorMessage", "statement", "projectId", "queryTypeId")
    VALUES ('323', '10', '2023-05-31 21:02:59.565938', '2023-05-31 21:03:02.565938', 'False', 'None', 'SELECT description FROM Products', '1', '1');
INSERT INTO "QueryColumnAccess" ("queryId", "columnId")
    VALUES ('323', '5');
INSERT INTO "QueryTableAccess" ("queryId", "tableId")
    VALUES ('323', '3');
SELECT 'quantity' FROM OrderItems;
INSERT INTO "SqlQuery" ("queryId", "userId", "issuedAt", "finishedAt", "hasError", "errorMessage", "statement", "projectId", "queryTypeId")
    VALUES ('324', '8', '2023-05-30 21:02:59.565944', '2023-05-30 21:03:03.565944', 'False', 'None', 'SELECT quantity FROM OrderItems', '1', '1');
INSERT INTO "QueryColumnAccess" ("queryId", "columnId")
    VALUES ('324', '4');
INSERT INTO "QueryTableAccess" ("queryId", "tableId")
    VALUES ('324', '5');
SELECT 'product_id' FROM OrderItems;
INSERT INTO "SqlQuery" ("queryId", "userId", "issuedAt", "finishedAt", "hasError", "errorMessage", "statement", "projectId", "queryTypeId")
    VALUES ('325', '5', '2023-06-14 21:02:59.565951', '2023-06-14 21:03:01.565951', 'False', 'None', 'SELECT product_id FROM OrderItems', '1', '1');
INSERT INTO "QueryColumnAccess" ("queryId", "columnId")
    VALUES ('325', '3');
INSERT INTO "QueryTableAccess" ("queryId", "tableId")
    VALUES ('325', '5');
SELECT 'email' FROM Customers;
INSERT INTO "SqlQuery" ("queryId", "userId", "issuedAt", "finishedAt", "hasError", "errorMessage", "statement", "projectId", "queryTypeId")
    VALUES ('326', '12', '2023-06-09 21:02:59.565957', '2023-06-09 21:03:00.565957', 'False', 'None', 'SELECT email FROM Customers', '1', '1');
INSERT INTO "QueryColumnAccess" ("queryId", "columnId")
    VALUES ('326', '4');
INSERT INTO "QueryTableAccess" ("queryId", "tableId")
    VALUES ('326', '1');
SELECT 'shipping_address' FROM Orders;
INSERT INTO "SqlQuery" ("queryId", "userId", "issuedAt", "finishedAt", "hasError", "errorMessage", "statement", "projectId", "queryTypeId")
    VALUES ('327', '11', '2023-05-12 21:02:59.565964', '2023-05-12 21:03:01.565964', 'False', 'None', 'SELECT shipping_address FROM Orders', '1', '1');
INSERT INTO "QueryColumnAccess" ("queryId", "columnId")
    VALUES ('327', '6');
INSERT INTO "QueryTableAccess" ("queryId", "tableId")
    VALUES ('327', '2');
SELECT 'description' FROM Products;
INSERT INTO "SqlQuery" ("queryId", "userId", "issuedAt", "finishedAt", "hasError", "errorMessage", "statement", "projectId", "queryTypeId")
    VALUES ('328', '13', '2023-04-21 21:02:59.565971', '2023-04-21 21:03:00.565971', 'False', 'None', 'SELECT description FROM Products', '1', '1');
INSERT INTO "QueryColumnAccess" ("queryId", "columnId")
    VALUES ('328', '5');
INSERT INTO "QueryTableAccess" ("queryId", "tableId")
    VALUES ('328', '3');
SELECT 'first_name' FROM Customers;
INSERT INTO "SqlQuery" ("queryId", "userId", "issuedAt", "finishedAt", "hasError", "errorMessage", "statement", "projectId", "queryTypeId")
    VALUES ('329', '13', '2023-05-12 21:02:59.565977', '2023-05-12 21:03:03.565977', 'False', 'None', 'SELECT first_name FROM Customers', '1', '1');
INSERT INTO "QueryColumnAccess" ("queryId", "columnId")
    VALUES ('329', '2');
INSERT INTO "QueryTableAccess" ("queryId", "tableId")
    VALUES ('329', '1');
SELECT 'shipping_address' FROM Orders;
INSERT INTO "SqlQuery" ("queryId", "userId", "issuedAt", "finishedAt", "hasError", "errorMessage", "statement", "projectId", "queryTypeId")
    VALUES ('330', '12', '2023-06-11 21:02:59.565984', '2023-06-11 21:03:02.565984', 'False', 'None', 'SELECT shipping_address FROM Orders', '1', '1');
INSERT INTO "QueryColumnAccess" ("queryId", "columnId")
    VALUES ('330', '6');
INSERT INTO "QueryTableAccess" ("queryId", "tableId")
    VALUES ('330', '2');
SELECT 'product_id' FROM Products;
INSERT INTO "SqlQuery" ("queryId", "userId", "issuedAt", "finishedAt", "hasError", "errorMessage", "statement", "projectId", "queryTypeId")
    VALUES ('331', '1', '2023-04-20 21:02:59.565990', '2023-04-20 21:03:00.565990', 'False', 'None', 'SELECT product_id FROM Products', '1', '1');
INSERT INTO "QueryColumnAccess" ("queryId", "columnId")
    VALUES ('331', '1');
INSERT INTO "QueryTableAccess" ("queryId", "tableId")
    VALUES ('331', '3');
SELECT 'customer_id' FROM Orders;
INSERT INTO "SqlQuery" ("queryId", "userId", "issuedAt", "finishedAt", "hasError", "errorMessage", "statement", "projectId", "queryTypeId")
    VALUES ('332', '6', '2023-04-15 21:02:59.565997', '2023-04-15 21:03:01.565997', 'False', 'None', 'SELECT customer_id FROM Orders', '1', '1');
INSERT INTO "QueryColumnAccess" ("queryId", "columnId")
    VALUES ('332', '2');
INSERT INTO "QueryTableAccess" ("queryId", "tableId")
    VALUES ('332', '2');
SELECT 'last_name' FROM Customers;
INSERT INTO "SqlQuery" ("queryId", "userId", "issuedAt", "finishedAt", "hasError", "errorMessage", "statement", "projectId", "queryTypeId")
    VALUES ('333', '7', '2023-04-21 21:02:59.566003', '2023-04-21 21:03:03.566003', 'False', 'None', 'SELECT last_name FROM Customers', '1', '1');
INSERT INTO "QueryColumnAccess" ("queryId", "columnId")
    VALUES ('333', '3');
INSERT INTO "QueryTableAccess" ("queryId", "tableId")
    VALUES ('333', '1');
SELECT 'customer_id' FROM Customers;
INSERT INTO "SqlQuery" ("queryId", "userId", "issuedAt", "finishedAt", "hasError", "errorMessage", "statement", "projectId", "queryTypeId")
    VALUES ('334', '8', '2023-07-01 21:02:59.566010', '2023-07-01 21:03:01.566010', 'False', 'None', 'SELECT customer_id FROM Customers', '1', '1');
INSERT INTO "QueryColumnAccess" ("queryId", "columnId")
    VALUES ('334', '1');
INSERT INTO "QueryTableAccess" ("queryId", "tableId")
    VALUES ('334', '1');
SELECT 'category_id' FROM Categories;
INSERT INTO "SqlQuery" ("queryId", "userId", "issuedAt", "finishedAt", "hasError", "errorMessage", "statement", "projectId", "queryTypeId")
    VALUES ('335', '15', '2023-04-19 21:02:59.566016', '2023-04-19 21:03:00.566016', 'False', 'None', 'SELECT category_id FROM Categories', '1', '1');
INSERT INTO "QueryColumnAccess" ("queryId", "columnId")
    VALUES ('335', '1');
INSERT INTO "QueryTableAccess" ("queryId", "tableId")
    VALUES ('335', '4');
SELECT 'phone_number' FROM Customers;
INSERT INTO "SqlQuery" ("queryId", "userId", "issuedAt", "finishedAt", "hasError", "errorMessage", "statement", "projectId", "queryTypeId")
    VALUES ('336', '9', '2023-04-16 21:02:59.566023', '2023-04-16 21:03:02.566023', 'False', 'None', 'SELECT phone_number FROM Customers', '1', '1');
INSERT INTO "QueryColumnAccess" ("queryId", "columnId")
    VALUES ('336', '5');
INSERT INTO "QueryTableAccess" ("queryId", "tableId")
    VALUES ('336', '1');
SELECT 'order_date' FROM Orders;
INSERT INTO "SqlQuery" ("queryId", "userId", "issuedAt", "finishedAt", "hasError", "errorMessage", "statement", "projectId", "queryTypeId")
    VALUES ('337', '9', '2023-05-18 21:02:59.566033', '2023-05-18 21:03:02.566033', 'False', 'None', 'SELECT order_date FROM Orders', '1', '1');
INSERT INTO "QueryColumnAccess" ("queryId", "columnId")
    VALUES ('337', '3');
INSERT INTO "QueryTableAccess" ("queryId", "tableId")
    VALUES ('337', '2');
SELECT 'order_id' FROM Orders;
INSERT INTO "SqlQuery" ("queryId", "userId", "issuedAt", "finishedAt", "hasError", "errorMessage", "statement", "projectId", "queryTypeId")
    VALUES ('338', '12', '2023-05-16 21:02:59.566039', '2023-05-16 21:03:02.566039', 'False', 'None', 'SELECT order_id FROM Orders', '1', '1');
INSERT INTO "QueryColumnAccess" ("queryId", "columnId")
    VALUES ('338', '1');
INSERT INTO "QueryTableAccess" ("queryId", "tableId")
    VALUES ('338', '2');
SELECT 'category' FROM Products;
INSERT INTO "SqlQuery" ("queryId", "userId", "issuedAt", "finishedAt", "hasError", "errorMessage", "statement", "projectId", "queryTypeId")
    VALUES ('339', '9', '2023-04-12 21:02:59.566046', '2023-04-12 21:03:03.566046', 'False', 'None', 'SELECT category FROM Products', '1', '1');
INSERT INTO "QueryColumnAccess" ("queryId", "columnId")
    VALUES ('339', '3');
INSERT INTO "QueryTableAccess" ("queryId", "tableId")
    VALUES ('339', '3');
SELECT 'phone_number' FROM Customers;
INSERT INTO "SqlQuery" ("queryId", "userId", "issuedAt", "finishedAt", "hasError", "errorMessage", "statement", "projectId", "queryTypeId")
    VALUES ('340', '15', '2023-07-05 21:02:59.566052', '2023-07-05 21:03:03.566052', 'False', 'None', 'SELECT phone_number FROM Customers', '1', '1');
INSERT INTO "QueryColumnAccess" ("queryId", "columnId")
    VALUES ('340', '5');
INSERT INTO "QueryTableAccess" ("queryId", "tableId")
    VALUES ('340', '1');
SELECT 'category_id' FROM Categories;
INSERT INTO "SqlQuery" ("queryId", "userId", "issuedAt", "finishedAt", "hasError", "errorMessage", "statement", "projectId", "queryTypeId")
    VALUES ('341', '6', '2023-07-09 21:02:59.566058', '2023-07-09 21:03:01.566058', 'False', 'None', 'SELECT category_id FROM Categories', '1', '1');
INSERT INTO "QueryColumnAccess" ("queryId", "columnId")
    VALUES ('341', '1');
INSERT INTO "QueryTableAccess" ("queryId", "tableId")
    VALUES ('341', '4');
SELECT 'order_item_id' FROM OrderItems;
INSERT INTO "SqlQuery" ("queryId", "userId", "issuedAt", "finishedAt", "hasError", "errorMessage", "statement", "projectId", "queryTypeId")
    VALUES ('342', '8', '2023-04-13 21:02:59.566069', '2023-04-13 21:03:01.566069', 'False', 'None', 'SELECT order_item_id FROM OrderItems', '1', '1');
INSERT INTO "QueryColumnAccess" ("queryId", "columnId")
    VALUES ('342', '1');
INSERT INTO "QueryTableAccess" ("queryId", "tableId")
    VALUES ('342', '5');
SELECT 'category_id' FROM Categories;
INSERT INTO "SqlQuery" ("queryId", "userId", "issuedAt", "finishedAt", "hasError", "errorMessage", "statement", "projectId", "queryTypeId")
    VALUES ('343', '6', '2023-05-07 21:02:59.566076', '2023-05-07 21:03:03.566076', 'False', 'None', 'SELECT category_id FROM Categories', '1', '1');
INSERT INTO "QueryColumnAccess" ("queryId", "columnId")
    VALUES ('343', '1');
INSERT INTO "QueryTableAccess" ("queryId", "tableId")
    VALUES ('343', '4');
SELECT 'product_id' FROM OrderItems;
INSERT INTO "SqlQuery" ("queryId", "userId", "issuedAt", "finishedAt", "hasError", "errorMessage", "statement", "projectId", "queryTypeId")
    VALUES ('344', '6', '2023-05-06 21:02:59.566082', '2023-05-06 21:03:00.566082', 'False', 'None', 'SELECT product_id FROM OrderItems', '1', '1');
INSERT INTO "QueryColumnAccess" ("queryId", "columnId")
    VALUES ('344', '3');
INSERT INTO "QueryTableAccess" ("queryId", "tableId")
    VALUES ('344', '5');
SELECT 'unit_price' FROM OrderItems;
INSERT INTO "SqlQuery" ("queryId", "userId", "issuedAt", "finishedAt", "hasError", "errorMessage", "statement", "projectId", "queryTypeId")
    VALUES ('345', '14', '2023-05-20 21:02:59.566088', '2023-05-20 21:03:03.566088', 'False', 'None', 'SELECT unit_price FROM OrderItems', '1', '1');
INSERT INTO "QueryColumnAccess" ("queryId", "columnId")
    VALUES ('345', '5');
INSERT INTO "QueryTableAccess" ("queryId", "tableId")
    VALUES ('345', '5');
SELECT 'order_id' FROM Orders;
INSERT INTO "SqlQuery" ("queryId", "userId", "issuedAt", "finishedAt", "hasError", "errorMessage", "statement", "projectId", "queryTypeId")
    VALUES ('346', '9', '2023-06-10 21:02:59.566095', '2023-06-10 21:03:03.566095', 'False', 'None', 'SELECT order_id FROM Orders', '1', '1');
INSERT INTO "QueryColumnAccess" ("queryId", "columnId")
    VALUES ('346', '1');
INSERT INTO "QueryTableAccess" ("queryId", "tableId")
    VALUES ('346', '2');
SELECT 'category_id' FROM Categories;
INSERT INTO "SqlQuery" ("queryId", "userId", "issuedAt", "finishedAt", "hasError", "errorMessage", "statement", "projectId", "queryTypeId")
    VALUES ('347', '9', '2023-06-18 21:02:59.566101', '2023-06-18 21:03:03.566101', 'False', 'None', 'SELECT category_id FROM Categories', '1', '1');
INSERT INTO "QueryColumnAccess" ("queryId", "columnId")
    VALUES ('347', '1');
INSERT INTO "QueryTableAccess" ("queryId", "tableId")
    VALUES ('347', '4');
SELECT 'order_id' FROM Orders;
INSERT INTO "SqlQuery" ("queryId", "userId", "issuedAt", "finishedAt", "hasError", "errorMessage", "statement", "projectId", "queryTypeId")
    VALUES ('348', '5', '2023-04-20 21:02:59.566107', '2023-04-20 21:03:03.566107', 'False', 'None', 'SELECT order_id FROM Orders', '1', '1');
INSERT INTO "QueryColumnAccess" ("queryId", "columnId")
    VALUES ('348', '1');
INSERT INTO "QueryTableAccess" ("queryId", "tableId")
    VALUES ('348', '2');
SELECT 'customer_id' FROM Orders;
INSERT INTO "SqlQuery" ("queryId", "userId", "issuedAt", "finishedAt", "hasError", "errorMessage", "statement", "projectId", "queryTypeId")
    VALUES ('349', '7', '2023-05-01 21:02:59.566113', '2023-05-01 21:03:01.566113', 'False', 'None', 'SELECT customer_id FROM Orders', '1', '1');
INSERT INTO "QueryColumnAccess" ("queryId", "columnId")
    VALUES ('349', '2');
INSERT INTO "QueryTableAccess" ("queryId", "tableId")
    VALUES ('349', '2');
SELECT 'category_name' FROM Categories;
INSERT INTO "SqlQuery" ("queryId", "userId", "issuedAt", "finishedAt", "hasError", "errorMessage", "statement", "projectId", "queryTypeId")
    VALUES ('350', '2', '2023-07-03 21:02:59.566120', '2023-07-03 21:03:00.566120', 'False', 'None', 'SELECT category_name FROM Categories', '1', '1');
INSERT INTO "QueryColumnAccess" ("queryId", "columnId")
    VALUES ('350', '2');
INSERT INTO "QueryTableAccess" ("queryId", "tableId")
    VALUES ('350', '4');
SELECT 'quantity' FROM Products;
INSERT INTO "SqlQuery" ("queryId", "userId", "issuedAt", "finishedAt", "hasError", "errorMessage", "statement", "projectId", "queryTypeId")
    VALUES ('351', '13', '2023-07-04 21:02:59.566126', '2023-07-04 21:03:00.566126', 'False', 'None', 'SELECT quantity FROM Products', '1', '1');
INSERT INTO "QueryColumnAccess" ("queryId", "columnId")
    VALUES ('351', '6');
INSERT INTO "QueryTableAccess" ("queryId", "tableId")
    VALUES ('351', '3');
SELECT 'product_id' FROM OrderItems;
INSERT INTO "SqlQuery" ("queryId", "userId", "issuedAt", "finishedAt", "hasError", "errorMessage", "statement", "projectId", "queryTypeId")
    VALUES ('352', '14', '2023-05-15 21:02:59.566133', '2023-05-15 21:03:02.566133', 'False', 'None', 'SELECT product_id FROM OrderItems', '1', '1');
INSERT INTO "QueryColumnAccess" ("queryId", "columnId")
    VALUES ('352', '3');
INSERT INTO "QueryTableAccess" ("queryId", "tableId")
    VALUES ('352', '5');
SELECT 'order_id' FROM Orders;
INSERT INTO "SqlQuery" ("queryId", "userId", "issuedAt", "finishedAt", "hasError", "errorMessage", "statement", "projectId", "queryTypeId")
    VALUES ('353', '13', '2023-06-26 21:02:59.566139', '2023-06-26 21:03:00.566139', 'False', 'None', 'SELECT order_id FROM Orders', '1', '1');
INSERT INTO "QueryColumnAccess" ("queryId", "columnId")
    VALUES ('353', '1');
INSERT INTO "QueryTableAccess" ("queryId", "tableId")
    VALUES ('353', '2');
SELECT 'shipping_address' FROM Orders;
INSERT INTO "SqlQuery" ("queryId", "userId", "issuedAt", "finishedAt", "hasError", "errorMessage", "statement", "projectId", "queryTypeId")
    VALUES ('354', '13', '2023-06-29 21:02:59.566151', '2023-06-29 21:03:00.566151', 'False', 'None', 'SELECT shipping_address FROM Orders', '1', '1');
INSERT INTO "QueryColumnAccess" ("queryId", "columnId")
    VALUES ('354', '6');
INSERT INTO "QueryTableAccess" ("queryId", "tableId")
    VALUES ('354', '2');
SELECT 'address' FROM Customers;
INSERT INTO "SqlQuery" ("queryId", "userId", "issuedAt", "finishedAt", "hasError", "errorMessage", "statement", "projectId", "queryTypeId")
    VALUES ('355', '15', '2023-05-15 21:02:59.566157', '2023-05-15 21:03:01.566157', 'False', 'None', 'SELECT address FROM Customers', '1', '1');
INSERT INTO "QueryColumnAccess" ("queryId", "columnId")
    VALUES ('355', '6');
INSERT INTO "QueryTableAccess" ("queryId", "tableId")
    VALUES ('355', '1');
SELECT 'payment_method' FROM Orders;
INSERT INTO "SqlQuery" ("queryId", "userId", "issuedAt", "finishedAt", "hasError", "errorMessage", "statement", "projectId", "queryTypeId")
    VALUES ('356', '8', '2023-04-19 21:02:59.566164', '2023-04-19 21:03:02.566164', 'False', 'None', 'SELECT payment_method FROM Orders', '1', '1');
INSERT INTO "QueryColumnAccess" ("queryId", "columnId")
    VALUES ('356', '5');
INSERT INTO "QueryTableAccess" ("queryId", "tableId")
    VALUES ('356', '2');
SELECT 'category_id' FROM Categories;
INSERT INTO "SqlQuery" ("queryId", "userId", "issuedAt", "finishedAt", "hasError", "errorMessage", "statement", "projectId", "queryTypeId")
    VALUES ('357', '4', '2023-06-12 21:02:59.566170', '2023-06-12 21:03:02.566170', 'False', 'None', 'SELECT category_id FROM Categories', '1', '1');
INSERT INTO "QueryColumnAccess" ("queryId", "columnId")
    VALUES ('357', '1');
INSERT INTO "QueryTableAccess" ("queryId", "tableId")
    VALUES ('357', '4');
SELECT 'category_id' FROM Categories;
INSERT INTO "SqlQuery" ("queryId", "userId", "issuedAt", "finishedAt", "hasError", "errorMessage", "statement", "projectId", "queryTypeId")
    VALUES ('358', '14', '2023-05-04 21:02:59.566177', '2023-05-04 21:03:00.566177', 'False', 'None', 'SELECT category_id FROM Categories', '1', '1');
INSERT INTO "QueryColumnAccess" ("queryId", "columnId")
    VALUES ('358', '1');
INSERT INTO "QueryTableAccess" ("queryId", "tableId")
    VALUES ('358', '4');
SELECT 'parent_category_id' FROM Categories;
INSERT INTO "SqlQuery" ("queryId", "userId", "issuedAt", "finishedAt", "hasError", "errorMessage", "statement", "projectId", "queryTypeId")
    VALUES ('359', '9', '2023-04-11 21:02:59.566183', '2023-04-11 21:03:00.566183', 'False', 'None', 'SELECT parent_category_id FROM Categories', '1', '1');
INSERT INTO "QueryColumnAccess" ("queryId", "columnId")
    VALUES ('359', '4');
INSERT INTO "QueryTableAccess" ("queryId", "tableId")
    VALUES ('359', '4');
SELECT 'product_id' FROM OrderItems;
INSERT INTO "SqlQuery" ("queryId", "userId", "issuedAt", "finishedAt", "hasError", "errorMessage", "statement", "projectId", "queryTypeId")
    VALUES ('360', '7', '2023-05-01 21:02:59.566189', '2023-05-01 21:03:01.566189', 'False', 'None', 'SELECT product_id FROM OrderItems', '1', '1');
INSERT INTO "QueryColumnAccess" ("queryId", "columnId")
    VALUES ('360', '3');
INSERT INTO "QueryTableAccess" ("queryId", "tableId")
    VALUES ('360', '5');
SELECT 'category_name' FROM Categories;
INSERT INTO "SqlQuery" ("queryId", "userId", "issuedAt", "finishedAt", "hasError", "errorMessage", "statement", "projectId", "queryTypeId")
    VALUES ('361', '14', '2023-06-16 21:02:59.566196', '2023-06-16 21:03:01.566196', 'False', 'None', 'SELECT category_name FROM Categories', '1', '1');
INSERT INTO "QueryColumnAccess" ("queryId", "columnId")
    VALUES ('361', '2');
INSERT INTO "QueryTableAccess" ("queryId", "tableId")
    VALUES ('361', '4');
SELECT 'order_item_id' FROM OrderItems;
INSERT INTO "SqlQuery" ("queryId", "userId", "issuedAt", "finishedAt", "hasError", "errorMessage", "statement", "projectId", "queryTypeId")
    VALUES ('362', '13', '2023-06-16 21:02:59.566202', '2023-06-16 21:03:02.566202', 'False', 'None', 'SELECT order_item_id FROM OrderItems', '1', '1');
INSERT INTO "QueryColumnAccess" ("queryId", "columnId")
    VALUES ('362', '1');
INSERT INTO "QueryTableAccess" ("queryId", "tableId")
    VALUES ('362', '5');
SELECT 'order_id' FROM Orders;
INSERT INTO "SqlQuery" ("queryId", "userId", "issuedAt", "finishedAt", "hasError", "errorMessage", "statement", "projectId", "queryTypeId")
    VALUES ('363', '13', '2023-05-05 21:02:59.566208', '2023-05-05 21:03:00.566208', 'False', 'None', 'SELECT order_id FROM Orders', '1', '1');
INSERT INTO "QueryColumnAccess" ("queryId", "columnId")
    VALUES ('363', '1');
INSERT INTO "QueryTableAccess" ("queryId", "tableId")
    VALUES ('363', '2');
SELECT 'unit_price' FROM OrderItems;
INSERT INTO "SqlQuery" ("queryId", "userId", "issuedAt", "finishedAt", "hasError", "errorMessage", "statement", "projectId", "queryTypeId")
    VALUES ('364', '1', '2023-04-22 21:02:59.566215', '2023-04-22 21:03:02.566215', 'False', 'None', 'SELECT unit_price FROM OrderItems', '1', '1');
INSERT INTO "QueryColumnAccess" ("queryId", "columnId")
    VALUES ('364', '5');
INSERT INTO "QueryTableAccess" ("queryId", "tableId")
    VALUES ('364', '5');
SELECT 'order_id' FROM OrderItems;
INSERT INTO "SqlQuery" ("queryId", "userId", "issuedAt", "finishedAt", "hasError", "errorMessage", "statement", "projectId", "queryTypeId")
    VALUES ('365', '8', '2023-05-30 21:02:59.566221', '2023-05-30 21:03:02.566221', 'False', 'None', 'SELECT order_id FROM OrderItems', '1', '1');
INSERT INTO "QueryColumnAccess" ("queryId", "columnId")
    VALUES ('365', '2');
INSERT INTO "QueryTableAccess" ("queryId", "tableId")
    VALUES ('365', '5');
SELECT 'customer_id' FROM Customers;
INSERT INTO "SqlQuery" ("queryId", "userId", "issuedAt", "finishedAt", "hasError", "errorMessage", "statement", "projectId", "queryTypeId")
    VALUES ('366', '11', '2023-05-13 21:02:59.566227', '2023-05-13 21:03:03.566227', 'False', 'None', 'SELECT customer_id FROM Customers', '1', '1');
INSERT INTO "QueryColumnAccess" ("queryId", "columnId")
    VALUES ('366', '1');
INSERT INTO "QueryTableAccess" ("queryId", "tableId")
    VALUES ('366', '1');
SELECT 'payment_method' FROM Orders;
INSERT INTO "SqlQuery" ("queryId", "userId", "issuedAt", "finishedAt", "hasError", "errorMessage", "statement", "projectId", "queryTypeId")
    VALUES ('367', '9', '2023-04-12 21:02:59.566234', '2023-04-12 21:03:02.566234', 'False', 'None', 'SELECT payment_method FROM Orders', '1', '1');
INSERT INTO "QueryColumnAccess" ("queryId", "columnId")
    VALUES ('367', '5');
INSERT INTO "QueryTableAccess" ("queryId", "tableId")
    VALUES ('367', '2');
SELECT 'customer_id' FROM Customers;
INSERT INTO "SqlQuery" ("queryId", "userId", "issuedAt", "finishedAt", "hasError", "errorMessage", "statement", "projectId", "queryTypeId")
    VALUES ('368', '7', '2023-07-05 21:02:59.566240', '2023-07-05 21:03:02.566240', 'False', 'None', 'SELECT customer_id FROM Customers', '1', '1');
INSERT INTO "QueryColumnAccess" ("queryId", "columnId")
    VALUES ('368', '1');
INSERT INTO "QueryTableAccess" ("queryId", "tableId")
    VALUES ('368', '1');
SELECT 'category_name' FROM Categories;
INSERT INTO "SqlQuery" ("queryId", "userId", "issuedAt", "finishedAt", "hasError", "errorMessage", "statement", "projectId", "queryTypeId")
    VALUES ('369', '4', '2023-06-21 21:02:59.566246', '2023-06-21 21:03:01.566246', 'False', 'None', 'SELECT category_name FROM Categories', '1', '1');
INSERT INTO "QueryColumnAccess" ("queryId", "columnId")
    VALUES ('369', '2');
INSERT INTO "QueryTableAccess" ("queryId", "tableId")
    VALUES ('369', '4');
SELECT 'product_id' FROM OrderItems;
INSERT INTO "SqlQuery" ("queryId", "userId", "issuedAt", "finishedAt", "hasError", "errorMessage", "statement", "projectId", "queryTypeId")
    VALUES ('370', '1', '2023-06-09 21:02:59.566256', '2023-06-09 21:03:00.566256', 'False', 'None', 'SELECT product_id FROM OrderItems', '1', '1');
INSERT INTO "QueryColumnAccess" ("queryId", "columnId")
    VALUES ('370', '3');
INSERT INTO "QueryTableAccess" ("queryId", "tableId")
    VALUES ('370', '5');
SELECT 'phone_number' FROM Customers;
INSERT INTO "SqlQuery" ("queryId", "userId", "issuedAt", "finishedAt", "hasError", "errorMessage", "statement", "projectId", "queryTypeId")
    VALUES ('371', '5', '2023-05-11 21:02:59.566263', '2023-05-11 21:03:01.566263', 'False', 'None', 'SELECT phone_number FROM Customers', '1', '1');
INSERT INTO "QueryColumnAccess" ("queryId", "columnId")
    VALUES ('371', '5');
INSERT INTO "QueryTableAccess" ("queryId", "tableId")
    VALUES ('371', '1');
SELECT 'quantity' FROM OrderItems;
INSERT INTO "SqlQuery" ("queryId", "userId", "issuedAt", "finishedAt", "hasError", "errorMessage", "statement", "projectId", "queryTypeId")
    VALUES ('372', '2', '2023-07-06 21:02:59.566270', '2023-07-06 21:03:03.566270', 'False', 'None', 'SELECT quantity FROM OrderItems', '1', '1');
INSERT INTO "QueryColumnAccess" ("queryId", "columnId")
    VALUES ('372', '4');
INSERT INTO "QueryTableAccess" ("queryId", "tableId")
    VALUES ('372', '5');
SELECT 'description' FROM Products;
INSERT INTO "SqlQuery" ("queryId", "userId", "issuedAt", "finishedAt", "hasError", "errorMessage", "statement", "projectId", "queryTypeId")
    VALUES ('373', '13', '2023-05-31 21:02:59.566276', '2023-05-31 21:03:01.566276', 'False', 'None', 'SELECT description FROM Products', '1', '1');
INSERT INTO "QueryColumnAccess" ("queryId", "columnId")
    VALUES ('373', '5');
INSERT INTO "QueryTableAccess" ("queryId", "tableId")
    VALUES ('373', '3');
SELECT 'first_name' FROM Customers;
INSERT INTO "SqlQuery" ("queryId", "userId", "issuedAt", "finishedAt", "hasError", "errorMessage", "statement", "projectId", "queryTypeId")
    VALUES ('374', '9', '2023-05-02 21:02:59.566282', '2023-05-02 21:03:00.566282', 'False', 'None', 'SELECT first_name FROM Customers', '1', '1');
INSERT INTO "QueryColumnAccess" ("queryId", "columnId")
    VALUES ('374', '2');
INSERT INTO "QueryTableAccess" ("queryId", "tableId")
    VALUES ('374', '1');
SELECT 'category_id' FROM Categories;
INSERT INTO "SqlQuery" ("queryId", "userId", "issuedAt", "finishedAt", "hasError", "errorMessage", "statement", "projectId", "queryTypeId")
    VALUES ('375', '3', '2023-04-18 21:02:59.566289', '2023-04-18 21:03:01.566289', 'False', 'None', 'SELECT category_id FROM Categories', '1', '1');
INSERT INTO "QueryColumnAccess" ("queryId", "columnId")
    VALUES ('375', '1');
INSERT INTO "QueryTableAccess" ("queryId", "tableId")
    VALUES ('375', '4');
SELECT 'quantity' FROM OrderItems;
INSERT INTO "SqlQuery" ("queryId", "userId", "issuedAt", "finishedAt", "hasError", "errorMessage", "statement", "projectId", "queryTypeId")
    VALUES ('376', '6', '2023-05-08 21:02:59.566295', '2023-05-08 21:03:01.566295', 'False', 'None', 'SELECT quantity FROM OrderItems', '1', '1');
INSERT INTO "QueryColumnAccess" ("queryId", "columnId")
    VALUES ('376', '4');
INSERT INTO "QueryTableAccess" ("queryId", "tableId")
    VALUES ('376', '5');
SELECT 'quantity' FROM Products;
INSERT INTO "SqlQuery" ("queryId", "userId", "issuedAt", "finishedAt", "hasError", "errorMessage", "statement", "projectId", "queryTypeId")
    VALUES ('377', '3', '2023-07-02 21:02:59.566302', '2023-07-02 21:03:01.566302', 'False', 'None', 'SELECT quantity FROM Products', '1', '1');
INSERT INTO "QueryColumnAccess" ("queryId", "columnId")
    VALUES ('377', '6');
INSERT INTO "QueryTableAccess" ("queryId", "tableId")
    VALUES ('377', '3');
SELECT 'total_amount' FROM Orders;
INSERT INTO "SqlQuery" ("queryId", "userId", "issuedAt", "finishedAt", "hasError", "errorMessage", "statement", "projectId", "queryTypeId")
    VALUES ('378', '2', '2023-04-28 21:02:59.566308', '2023-04-28 21:03:01.566308', 'False', 'None', 'SELECT total_amount FROM Orders', '1', '1');
INSERT INTO "QueryColumnAccess" ("queryId", "columnId")
    VALUES ('378', '4');
INSERT INTO "QueryTableAccess" ("queryId", "tableId")
    VALUES ('378', '2');
SELECT 'total_amount' FROM Orders;
INSERT INTO "SqlQuery" ("queryId", "userId", "issuedAt", "finishedAt", "hasError", "errorMessage", "statement", "projectId", "queryTypeId")
    VALUES ('379', '1', '2023-06-21 21:02:59.566314', '2023-06-21 21:03:00.566314', 'False', 'None', 'SELECT total_amount FROM Orders', '1', '1');
INSERT INTO "QueryColumnAccess" ("queryId", "columnId")
    VALUES ('379', '4');
INSERT INTO "QueryTableAccess" ("queryId", "tableId")
    VALUES ('379', '2');
SELECT 'phone_number' FROM Customers;
INSERT INTO "SqlQuery" ("queryId", "userId", "issuedAt", "finishedAt", "hasError", "errorMessage", "statement", "projectId", "queryTypeId")
    VALUES ('380', '1', '2023-06-28 21:02:59.566321', '2023-06-28 21:03:03.566321', 'False', 'None', 'SELECT phone_number FROM Customers', '1', '1');
INSERT INTO "QueryColumnAccess" ("queryId", "columnId")
    VALUES ('380', '5');
INSERT INTO "QueryTableAccess" ("queryId", "tableId")
    VALUES ('380', '1');
SELECT 'customer_id' FROM Orders;
INSERT INTO "SqlQuery" ("queryId", "userId", "issuedAt", "finishedAt", "hasError", "errorMessage", "statement", "projectId", "queryTypeId")
    VALUES ('381', '7', '2023-04-20 21:02:59.566327', '2023-04-20 21:03:00.566327', 'False', 'None', 'SELECT customer_id FROM Orders', '1', '1');
INSERT INTO "QueryColumnAccess" ("queryId", "columnId")
    VALUES ('381', '2');
INSERT INTO "QueryTableAccess" ("queryId", "tableId")
    VALUES ('381', '2');
SELECT 'category' FROM Products;
INSERT INTO "SqlQuery" ("queryId", "userId", "issuedAt", "finishedAt", "hasError", "errorMessage", "statement", "projectId", "queryTypeId")
    VALUES ('382', '12', '2023-05-28 21:02:59.566333', '2023-05-28 21:03:01.566333', 'False', 'None', 'SELECT category FROM Products', '1', '1');
INSERT INTO "QueryColumnAccess" ("queryId", "columnId")
    VALUES ('382', '3');
INSERT INTO "QueryTableAccess" ("queryId", "tableId")
    VALUES ('382', '3');
SELECT 'product_name' FROM Products;
INSERT INTO "SqlQuery" ("queryId", "userId", "issuedAt", "finishedAt", "hasError", "errorMessage", "statement", "projectId", "queryTypeId")
    VALUES ('383', '8', '2023-05-27 21:02:59.566339', '2023-05-27 21:03:03.566339', 'False', 'None', 'SELECT product_name FROM Products', '1', '1');
INSERT INTO "QueryColumnAccess" ("queryId", "columnId")
    VALUES ('383', '2');
INSERT INTO "QueryTableAccess" ("queryId", "tableId")
    VALUES ('383', '3');
SELECT 'address' FROM Customers;
INSERT INTO "SqlQuery" ("queryId", "userId", "issuedAt", "finishedAt", "hasError", "errorMessage", "statement", "projectId", "queryTypeId")
    VALUES ('384', '11', '2023-05-27 21:02:59.566346', '2023-05-27 21:03:01.566346', 'False', 'None', 'SELECT address FROM Customers', '1', '1');
INSERT INTO "QueryColumnAccess" ("queryId", "columnId")
    VALUES ('384', '6');
INSERT INTO "QueryTableAccess" ("queryId", "tableId")
    VALUES ('384', '1');
SELECT 'email' FROM Customers;
INSERT INTO "SqlQuery" ("queryId", "userId", "issuedAt", "finishedAt", "hasError", "errorMessage", "statement", "projectId", "queryTypeId")
    VALUES ('385', '6', '2023-05-21 21:02:59.566352', '2023-05-21 21:03:03.566352', 'False', 'None', 'SELECT email FROM Customers', '1', '1');
INSERT INTO "QueryColumnAccess" ("queryId", "columnId")
    VALUES ('385', '4');
INSERT INTO "QueryTableAccess" ("queryId", "tableId")
    VALUES ('385', '1');
SELECT 'first_name' FROM Customers;
INSERT INTO "SqlQuery" ("queryId", "userId", "issuedAt", "finishedAt", "hasError", "errorMessage", "statement", "projectId", "queryTypeId")
    VALUES ('386', '3', '2023-06-29 21:02:59.566359', '2023-06-29 21:03:02.566359', 'False', 'None', 'SELECT first_name FROM Customers', '1', '1');
INSERT INTO "QueryColumnAccess" ("queryId", "columnId")
    VALUES ('386', '2');
INSERT INTO "QueryTableAccess" ("queryId", "tableId")
    VALUES ('386', '1');
SELECT 'price' FROM Products;
INSERT INTO "SqlQuery" ("queryId", "userId", "issuedAt", "finishedAt", "hasError", "errorMessage", "statement", "projectId", "queryTypeId")
    VALUES ('387', '12', '2023-06-19 21:02:59.566374', '2023-06-19 21:03:01.566374', 'False', 'None', 'SELECT price FROM Products', '1', '1');
INSERT INTO "QueryColumnAccess" ("queryId", "columnId")
    VALUES ('387', '4');
INSERT INTO "QueryTableAccess" ("queryId", "tableId")
    VALUES ('387', '3');
SELECT 'unit_price' FROM OrderItems;
INSERT INTO "SqlQuery" ("queryId", "userId", "issuedAt", "finishedAt", "hasError", "errorMessage", "statement", "projectId", "queryTypeId")
    VALUES ('388', '5', '2023-04-16 21:02:59.566381', '2023-04-16 21:03:02.566381', 'False', 'None', 'SELECT unit_price FROM OrderItems', '1', '1');
INSERT INTO "QueryColumnAccess" ("queryId", "columnId")
    VALUES ('388', '5');
INSERT INTO "QueryTableAccess" ("queryId", "tableId")
    VALUES ('388', '5');
SELECT 'order_date' FROM Orders;
INSERT INTO "SqlQuery" ("queryId", "userId", "issuedAt", "finishedAt", "hasError", "errorMessage", "statement", "projectId", "queryTypeId")
    VALUES ('389', '5', '2023-07-01 21:02:59.566387', '2023-07-01 21:03:03.566387', 'False', 'None', 'SELECT order_date FROM Orders', '1', '1');
INSERT INTO "QueryColumnAccess" ("queryId", "columnId")
    VALUES ('389', '3');
INSERT INTO "QueryTableAccess" ("queryId", "tableId")
    VALUES ('389', '2');
SELECT 'price' FROM Products;
INSERT INTO "SqlQuery" ("queryId", "userId", "issuedAt", "finishedAt", "hasError", "errorMessage", "statement", "projectId", "queryTypeId")
    VALUES ('390', '4', '2023-04-30 21:02:59.566393', '2023-04-30 21:03:03.566393', 'False', 'None', 'SELECT price FROM Products', '1', '1');
INSERT INTO "QueryColumnAccess" ("queryId", "columnId")
    VALUES ('390', '4');
INSERT INTO "QueryTableAccess" ("queryId", "tableId")
    VALUES ('390', '3');
SELECT 'first_name' FROM Customers;
INSERT INTO "SqlQuery" ("queryId", "userId", "issuedAt", "finishedAt", "hasError", "errorMessage", "statement", "projectId", "queryTypeId")
    VALUES ('391', '7', '2023-06-27 21:02:59.566400', '2023-06-27 21:03:00.566400', 'False', 'None', 'SELECT first_name FROM Customers', '1', '1');
INSERT INTO "QueryColumnAccess" ("queryId", "columnId")
    VALUES ('391', '2');
INSERT INTO "QueryTableAccess" ("queryId", "tableId")
    VALUES ('391', '1');
SELECT 'parent_category_id' FROM Categories;
INSERT INTO "SqlQuery" ("queryId", "userId", "issuedAt", "finishedAt", "hasError", "errorMessage", "statement", "projectId", "queryTypeId")
    VALUES ('392', '11', '2023-04-30 21:02:59.566406', '2023-04-30 21:03:01.566406', 'False', 'None', 'SELECT parent_category_id FROM Categories', '1', '1');
INSERT INTO "QueryColumnAccess" ("queryId", "columnId")
    VALUES ('392', '4');
INSERT INTO "QueryTableAccess" ("queryId", "tableId")
    VALUES ('392', '4');
SELECT 'customer_id' FROM Orders;
INSERT INTO "SqlQuery" ("queryId", "userId", "issuedAt", "finishedAt", "hasError", "errorMessage", "statement", "projectId", "queryTypeId")
    VALUES ('393', '5', '2023-05-04 21:02:59.566413', '2023-05-04 21:03:03.566413', 'False', 'None', 'SELECT customer_id FROM Orders', '1', '1');
INSERT INTO "QueryColumnAccess" ("queryId", "columnId")
    VALUES ('393', '2');
INSERT INTO "QueryTableAccess" ("queryId", "tableId")
    VALUES ('393', '2');
SELECT 'last_name' FROM Customers;
INSERT INTO "SqlQuery" ("queryId", "userId", "issuedAt", "finishedAt", "hasError", "errorMessage", "statement", "projectId", "queryTypeId")
    VALUES ('394', '14', '2023-05-08 21:02:59.566419', '2023-05-08 21:03:01.566419', 'False', 'None', 'SELECT last_name FROM Customers', '1', '1');
INSERT INTO "QueryColumnAccess" ("queryId", "columnId")
    VALUES ('394', '3');
INSERT INTO "QueryTableAccess" ("queryId", "tableId")
    VALUES ('394', '1');
SELECT 'unit_price' FROM OrderItems;
INSERT INTO "SqlQuery" ("queryId", "userId", "issuedAt", "finishedAt", "hasError", "errorMessage", "statement", "projectId", "queryTypeId")
    VALUES ('395', '15', '2023-06-30 21:02:59.566425', '2023-06-30 21:03:00.566425', 'False', 'None', 'SELECT unit_price FROM OrderItems', '1', '1');
INSERT INTO "QueryColumnAccess" ("queryId", "columnId")
    VALUES ('395', '5');
INSERT INTO "QueryTableAccess" ("queryId", "tableId")
    VALUES ('395', '5');
SELECT 'total_amount' FROM Orders;
INSERT INTO "SqlQuery" ("queryId", "userId", "issuedAt", "finishedAt", "hasError", "errorMessage", "statement", "projectId", "queryTypeId")
    VALUES ('396', '15', '2023-06-30 21:02:59.566432', '2023-06-30 21:03:00.566432', 'False', 'None', 'SELECT total_amount FROM Orders', '1', '1');
INSERT INTO "QueryColumnAccess" ("queryId", "columnId")
    VALUES ('396', '4');
INSERT INTO "QueryTableAccess" ("queryId", "tableId")
    VALUES ('396', '2');
SELECT 'order_id' FROM OrderItems;
INSERT INTO "SqlQuery" ("queryId", "userId", "issuedAt", "finishedAt", "hasError", "errorMessage", "statement", "projectId", "queryTypeId")
    VALUES ('397', '1', '2023-05-24 21:02:59.566438', '2023-05-24 21:03:03.566438', 'False', 'None', 'SELECT order_id FROM OrderItems', '1', '1');
INSERT INTO "QueryColumnAccess" ("queryId", "columnId")
    VALUES ('397', '2');
INSERT INTO "QueryTableAccess" ("queryId", "tableId")
    VALUES ('397', '5');
SELECT 'order_id' FROM OrderItems;
INSERT INTO "SqlQuery" ("queryId", "userId", "issuedAt", "finishedAt", "hasError", "errorMessage", "statement", "projectId", "queryTypeId")
    VALUES ('398', '8', '2023-07-08 21:02:59.566444', '2023-07-08 21:03:03.566444', 'False', 'None', 'SELECT order_id FROM OrderItems', '1', '1');
INSERT INTO "QueryColumnAccess" ("queryId", "columnId")
    VALUES ('398', '2');
INSERT INTO "QueryTableAccess" ("queryId", "tableId")
    VALUES ('398', '5');
SELECT 'customer_id' FROM Orders;
INSERT INTO "SqlQuery" ("queryId", "userId", "issuedAt", "finishedAt", "hasError", "errorMessage", "statement", "projectId", "queryTypeId")
    VALUES ('399', '5', '2023-05-23 21:02:59.566450', '2023-05-23 21:03:01.566450', 'False', 'None', 'SELECT customer_id FROM Orders', '1', '1');
INSERT INTO "QueryColumnAccess" ("queryId", "columnId")
    VALUES ('399', '2');
INSERT INTO "QueryTableAccess" ("queryId", "tableId")
    VALUES ('399', '2');
SELECT 'parent_category_id' FROM Categories;
INSERT INTO "SqlQuery" ("queryId", "userId", "issuedAt", "finishedAt", "hasError", "errorMessage", "statement", "projectId", "queryTypeId")
    VALUES ('400', '14', '2023-04-11 21:02:59.566457', '2023-04-11 21:03:01.566457', 'False', 'None', 'SELECT parent_category_id FROM Categories', '1', '1');
INSERT INTO "QueryColumnAccess" ("queryId", "columnId")
    VALUES ('400', '4');
INSERT INTO "QueryTableAccess" ("queryId", "tableId")
    VALUES ('400', '4');
SELECT 'quantity' FROM Products;
INSERT INTO "SqlQuery" ("queryId", "userId", "issuedAt", "finishedAt", "hasError", "errorMessage", "statement", "projectId", "queryTypeId")
    VALUES ('401', '9', '2023-06-15 21:02:59.566463', '2023-06-15 21:03:00.566463', 'False', 'None', 'SELECT quantity FROM Products', '1', '1');
INSERT INTO "QueryColumnAccess" ("queryId", "columnId")
    VALUES ('401', '6');
INSERT INTO "QueryTableAccess" ("queryId", "tableId")
    VALUES ('401', '3');
SELECT 'order_date' FROM Orders;
INSERT INTO "SqlQuery" ("queryId", "userId", "issuedAt", "finishedAt", "hasError", "errorMessage", "statement", "projectId", "queryTypeId")
    VALUES ('402', '15', '2023-04-28 21:02:59.566469', '2023-04-28 21:03:02.566469', 'False', 'None', 'SELECT order_date FROM Orders', '1', '1');
INSERT INTO "QueryColumnAccess" ("queryId", "columnId")
    VALUES ('402', '3');
INSERT INTO "QueryTableAccess" ("queryId", "tableId")
    VALUES ('402', '2');
SELECT 'product_id' FROM Products;
INSERT INTO "SqlQuery" ("queryId", "userId", "issuedAt", "finishedAt", "hasError", "errorMessage", "statement", "projectId", "queryTypeId")
    VALUES ('403', '7', '2023-05-18 21:02:59.566476', '2023-05-18 21:03:02.566476', 'False', 'None', 'SELECT product_id FROM Products', '1', '1');
INSERT INTO "QueryColumnAccess" ("queryId", "columnId")
    VALUES ('403', '1');
INSERT INTO "QueryTableAccess" ("queryId", "tableId")
    VALUES ('403', '3');
SELECT 'last_name' FROM Customers;
INSERT INTO "SqlQuery" ("queryId", "userId", "issuedAt", "finishedAt", "hasError", "errorMessage", "statement", "projectId", "queryTypeId")
    VALUES ('404', '13', '2023-05-14 21:02:59.566487', '2023-05-14 21:03:00.566487', 'False', 'None', 'SELECT last_name FROM Customers', '1', '1');
INSERT INTO "QueryColumnAccess" ("queryId", "columnId")
    VALUES ('404', '3');
INSERT INTO "QueryTableAccess" ("queryId", "tableId")
    VALUES ('404', '1');
SELECT 'category_name' FROM Categories;
INSERT INTO "SqlQuery" ("queryId", "userId", "issuedAt", "finishedAt", "hasError", "errorMessage", "statement", "projectId", "queryTypeId")
    VALUES ('405', '2', '2023-05-03 21:02:59.566493', '2023-05-03 21:03:03.566493', 'False', 'None', 'SELECT category_name FROM Categories', '1', '1');
INSERT INTO "QueryColumnAccess" ("queryId", "columnId")
    VALUES ('405', '2');
INSERT INTO "QueryTableAccess" ("queryId", "tableId")
    VALUES ('405', '4');
SELECT 'order_item_id' FROM OrderItems;
INSERT INTO "SqlQuery" ("queryId", "userId", "issuedAt", "finishedAt", "hasError", "errorMessage", "statement", "projectId", "queryTypeId")
    VALUES ('406', '15', '2023-07-07 21:02:59.566499', '2023-07-07 21:03:03.566499', 'False', 'None', 'SELECT order_item_id FROM OrderItems', '1', '1');
INSERT INTO "QueryColumnAccess" ("queryId", "columnId")
    VALUES ('406', '1');
INSERT INTO "QueryTableAccess" ("queryId", "tableId")
    VALUES ('406', '5');
SELECT 'description' FROM Products;
INSERT INTO "SqlQuery" ("queryId", "userId", "issuedAt", "finishedAt", "hasError", "errorMessage", "statement", "projectId", "queryTypeId")
    VALUES ('407', '2', '2023-06-16 21:02:59.566506', '2023-06-16 21:03:00.566506', 'False', 'None', 'SELECT description FROM Products', '1', '1');
INSERT INTO "QueryColumnAccess" ("queryId", "columnId")
    VALUES ('407', '5');
INSERT INTO "QueryTableAccess" ("queryId", "tableId")
    VALUES ('407', '3');
SELECT 'product_id' FROM OrderItems;
INSERT INTO "SqlQuery" ("queryId", "userId", "issuedAt", "finishedAt", "hasError", "errorMessage", "statement", "projectId", "queryTypeId")
    VALUES ('408', '14', '2023-06-19 21:02:59.566512', '2023-06-19 21:03:03.566512', 'False', 'None', 'SELECT product_id FROM OrderItems', '1', '1');
INSERT INTO "QueryColumnAccess" ("queryId", "columnId")
    VALUES ('408', '3');
INSERT INTO "QueryTableAccess" ("queryId", "tableId")
    VALUES ('408', '5');
SELECT 'quantity' FROM Products;
INSERT INTO "SqlQuery" ("queryId", "userId", "issuedAt", "finishedAt", "hasError", "errorMessage", "statement", "projectId", "queryTypeId")
    VALUES ('409', '14', '2023-05-24 21:02:59.566518', '2023-05-24 21:03:03.566518', 'False', 'None', 'SELECT quantity FROM Products', '1', '1');
INSERT INTO "QueryColumnAccess" ("queryId", "columnId")
    VALUES ('409', '6');
INSERT INTO "QueryTableAccess" ("queryId", "tableId")
    VALUES ('409', '3');
SELECT 'description' FROM Categories;
INSERT INTO "SqlQuery" ("queryId", "userId", "issuedAt", "finishedAt", "hasError", "errorMessage", "statement", "projectId", "queryTypeId")
    VALUES ('410', '8', '2023-05-04 21:02:59.566525', '2023-05-04 21:03:00.566525', 'False', 'None', 'SELECT description FROM Categories', '1', '1');
INSERT INTO "QueryColumnAccess" ("queryId", "columnId")
    VALUES ('410', '3');
INSERT INTO "QueryTableAccess" ("queryId", "tableId")
    VALUES ('410', '4');
SELECT 'product_id' FROM OrderItems;
INSERT INTO "SqlQuery" ("queryId", "userId", "issuedAt", "finishedAt", "hasError", "errorMessage", "statement", "projectId", "queryTypeId")
    VALUES ('411', '12', '2023-06-11 21:02:59.566531', '2023-06-11 21:03:02.566531', 'False', 'None', 'SELECT product_id FROM OrderItems', '1', '1');
INSERT INTO "QueryColumnAccess" ("queryId", "columnId")
    VALUES ('411', '3');
INSERT INTO "QueryTableAccess" ("queryId", "tableId")
    VALUES ('411', '5');
SELECT 'order_id' FROM Orders;
INSERT INTO "SqlQuery" ("queryId", "userId", "issuedAt", "finishedAt", "hasError", "errorMessage", "statement", "projectId", "queryTypeId")
    VALUES ('412', '15', '2023-06-29 21:02:59.566537', '2023-06-29 21:03:02.566537', 'False', 'None', 'SELECT order_id FROM Orders', '1', '1');
INSERT INTO "QueryColumnAccess" ("queryId", "columnId")
    VALUES ('412', '1');
INSERT INTO "QueryTableAccess" ("queryId", "tableId")
    VALUES ('412', '2');
SELECT 'description' FROM Categories;
INSERT INTO "SqlQuery" ("queryId", "userId", "issuedAt", "finishedAt", "hasError", "errorMessage", "statement", "projectId", "queryTypeId")
    VALUES ('413', '13', '2023-07-09 21:02:59.566543', '2023-07-09 21:03:02.566543', 'False', 'None', 'SELECT description FROM Categories', '1', '1');
INSERT INTO "QueryColumnAccess" ("queryId", "columnId")
    VALUES ('413', '3');
INSERT INTO "QueryTableAccess" ("queryId", "tableId")
    VALUES ('413', '4');
SELECT 'shipping_address' FROM Orders;
INSERT INTO "SqlQuery" ("queryId", "userId", "issuedAt", "finishedAt", "hasError", "errorMessage", "statement", "projectId", "queryTypeId")
    VALUES ('414', '9', '2023-04-17 21:02:59.566550', '2023-04-17 21:03:02.566550', 'False', 'None', 'SELECT shipping_address FROM Orders', '1', '1');
INSERT INTO "QueryColumnAccess" ("queryId", "columnId")
    VALUES ('414', '6');
INSERT INTO "QueryTableAccess" ("queryId", "tableId")
    VALUES ('414', '2');
SELECT 'parent_category_id' FROM Categories;
INSERT INTO "SqlQuery" ("queryId", "userId", "issuedAt", "finishedAt", "hasError", "errorMessage", "statement", "projectId", "queryTypeId")
    VALUES ('415', '11', '2023-06-23 21:02:59.566556', '2023-06-23 21:03:00.566556', 'False', 'None', 'SELECT parent_category_id FROM Categories', '1', '1');
INSERT INTO "QueryColumnAccess" ("queryId", "columnId")
    VALUES ('415', '4');
INSERT INTO "QueryTableAccess" ("queryId", "tableId")
    VALUES ('415', '4');
SELECT 'category_name' FROM Categories;
INSERT INTO "SqlQuery" ("queryId", "userId", "issuedAt", "finishedAt", "hasError", "errorMessage", "statement", "projectId", "queryTypeId")
    VALUES ('416', '9', '2023-05-22 21:02:59.566562', '2023-05-22 21:03:00.566562', 'False', 'None', 'SELECT category_name FROM Categories', '1', '1');
INSERT INTO "QueryColumnAccess" ("queryId", "columnId")
    VALUES ('416', '2');
INSERT INTO "QueryTableAccess" ("queryId", "tableId")
    VALUES ('416', '4');
SELECT 'quantity' FROM OrderItems;
INSERT INTO "SqlQuery" ("queryId", "userId", "issuedAt", "finishedAt", "hasError", "errorMessage", "statement", "projectId", "queryTypeId")
    VALUES ('417', '11', '2023-06-22 21:02:59.566568', '2023-06-22 21:03:03.566568', 'False', 'None', 'SELECT quantity FROM OrderItems', '1', '1');
INSERT INTO "QueryColumnAccess" ("queryId", "columnId")
    VALUES ('417', '4');
INSERT INTO "QueryTableAccess" ("queryId", "tableId")
    VALUES ('417', '5');
SELECT 'phone_number' FROM Customers;
INSERT INTO "SqlQuery" ("queryId", "userId", "issuedAt", "finishedAt", "hasError", "errorMessage", "statement", "projectId", "queryTypeId")
    VALUES ('418', '2', '2023-06-27 21:02:59.566575', '2023-06-27 21:03:03.566575', 'False', 'None', 'SELECT phone_number FROM Customers', '1', '1');
INSERT INTO "QueryColumnAccess" ("queryId", "columnId")
    VALUES ('418', '5');
INSERT INTO "QueryTableAccess" ("queryId", "tableId")
    VALUES ('418', '1');
SELECT 'address' FROM Customers;
INSERT INTO "SqlQuery" ("queryId", "userId", "issuedAt", "finishedAt", "hasError", "errorMessage", "statement", "projectId", "queryTypeId")
    VALUES ('419', '5', '2023-05-09 21:02:59.566581', '2023-05-09 21:03:02.566581', 'False', 'None', 'SELECT address FROM Customers', '1', '1');
INSERT INTO "QueryColumnAccess" ("queryId", "columnId")
    VALUES ('419', '6');
INSERT INTO "QueryTableAccess" ("queryId", "tableId")
    VALUES ('419', '1');
SELECT 'unit_price' FROM OrderItems;
INSERT INTO "SqlQuery" ("queryId", "userId", "issuedAt", "finishedAt", "hasError", "errorMessage", "statement", "projectId", "queryTypeId")
    VALUES ('420', '11', '2023-04-25 21:02:59.566594', '2023-04-25 21:03:02.566594', 'False', 'None', 'SELECT unit_price FROM OrderItems', '1', '1');
INSERT INTO "QueryColumnAccess" ("queryId", "columnId")
    VALUES ('420', '5');
INSERT INTO "QueryTableAccess" ("queryId", "tableId")
    VALUES ('420', '5');
SELECT 'order_date' FROM Orders;
INSERT INTO "SqlQuery" ("queryId", "userId", "issuedAt", "finishedAt", "hasError", "errorMessage", "statement", "projectId", "queryTypeId")
    VALUES ('421', '9', '2023-07-05 21:02:59.566601', '2023-07-05 21:03:02.566601', 'False', 'None', 'SELECT order_date FROM Orders', '1', '1');
INSERT INTO "QueryColumnAccess" ("queryId", "columnId")
    VALUES ('421', '3');
INSERT INTO "QueryTableAccess" ("queryId", "tableId")
    VALUES ('421', '2');
SELECT 'unit_price' FROM OrderItems;
INSERT INTO "SqlQuery" ("queryId", "userId", "issuedAt", "finishedAt", "hasError", "errorMessage", "statement", "projectId", "queryTypeId")
    VALUES ('422', '6', '2023-06-02 21:02:59.566607', '2023-06-02 21:03:02.566607', 'False', 'None', 'SELECT unit_price FROM OrderItems', '1', '1');
INSERT INTO "QueryColumnAccess" ("queryId", "columnId")
    VALUES ('422', '5');
INSERT INTO "QueryTableAccess" ("queryId", "tableId")
    VALUES ('422', '5');
SELECT 'shipping_address' FROM Orders;
INSERT INTO "SqlQuery" ("queryId", "userId", "issuedAt", "finishedAt", "hasError", "errorMessage", "statement", "projectId", "queryTypeId")
    VALUES ('423', '5', '2023-04-26 21:02:59.566614', '2023-04-26 21:03:03.566614', 'False', 'None', 'SELECT shipping_address FROM Orders', '1', '1');
INSERT INTO "QueryColumnAccess" ("queryId", "columnId")
    VALUES ('423', '6');
INSERT INTO "QueryTableAccess" ("queryId", "tableId")
    VALUES ('423', '2');
SELECT 'description' FROM Categories;
INSERT INTO "SqlQuery" ("queryId", "userId", "issuedAt", "finishedAt", "hasError", "errorMessage", "statement", "projectId", "queryTypeId")
    VALUES ('424', '5', '2023-07-09 21:02:59.566620', '2023-07-09 21:03:00.566620', 'False', 'None', 'SELECT description FROM Categories', '1', '1');
INSERT INTO "QueryColumnAccess" ("queryId", "columnId")
    VALUES ('424', '3');
INSERT INTO "QueryTableAccess" ("queryId", "tableId")
    VALUES ('424', '4');
SELECT 'first_name' FROM Customers;
INSERT INTO "SqlQuery" ("queryId", "userId", "issuedAt", "finishedAt", "hasError", "errorMessage", "statement", "projectId", "queryTypeId")
    VALUES ('425', '3', '2023-05-21 21:02:59.566626', '2023-05-21 21:03:01.566626', 'False', 'None', 'SELECT first_name FROM Customers', '1', '1');
INSERT INTO "QueryColumnAccess" ("queryId", "columnId")
    VALUES ('425', '2');
INSERT INTO "QueryTableAccess" ("queryId", "tableId")
    VALUES ('425', '1');
SELECT 'customer_id' FROM Customers;
INSERT INTO "SqlQuery" ("queryId", "userId", "issuedAt", "finishedAt", "hasError", "errorMessage", "statement", "projectId", "queryTypeId")
    VALUES ('426', '7', '2023-05-02 21:02:59.566633', '2023-05-02 21:03:00.566633', 'False', 'None', 'SELECT customer_id FROM Customers', '1', '1');
INSERT INTO "QueryColumnAccess" ("queryId", "columnId")
    VALUES ('426', '1');
INSERT INTO "QueryTableAccess" ("queryId", "tableId")
    VALUES ('426', '1');
SELECT 'category_name' FROM Categories;
INSERT INTO "SqlQuery" ("queryId", "userId", "issuedAt", "finishedAt", "hasError", "errorMessage", "statement", "projectId", "queryTypeId")
    VALUES ('427', '9', '2023-06-02 21:02:59.566639', '2023-06-02 21:03:03.566639', 'False', 'None', 'SELECT category_name FROM Categories', '1', '1');
INSERT INTO "QueryColumnAccess" ("queryId", "columnId")
    VALUES ('427', '2');
INSERT INTO "QueryTableAccess" ("queryId", "tableId")
    VALUES ('427', '4');
SELECT 'unit_price' FROM OrderItems;
INSERT INTO "SqlQuery" ("queryId", "userId", "issuedAt", "finishedAt", "hasError", "errorMessage", "statement", "projectId", "queryTypeId")
    VALUES ('428', '10', '2023-04-26 21:02:59.566645', '2023-04-26 21:03:02.566645', 'False', 'None', 'SELECT unit_price FROM OrderItems', '1', '1');
INSERT INTO "QueryColumnAccess" ("queryId", "columnId")
    VALUES ('428', '5');
INSERT INTO "QueryTableAccess" ("queryId", "tableId")
    VALUES ('428', '5');
SELECT 'description' FROM Categories;
INSERT INTO "SqlQuery" ("queryId", "userId", "issuedAt", "finishedAt", "hasError", "errorMessage", "statement", "projectId", "queryTypeId")
    VALUES ('429', '12', '2023-05-01 21:02:59.566652', '2023-05-01 21:03:01.566652', 'False', 'None', 'SELECT description FROM Categories', '1', '1');
INSERT INTO "QueryColumnAccess" ("queryId", "columnId")
    VALUES ('429', '3');
INSERT INTO "QueryTableAccess" ("queryId", "tableId")
    VALUES ('429', '4');
SELECT 'address' FROM Customers;
INSERT INTO "SqlQuery" ("queryId", "userId", "issuedAt", "finishedAt", "hasError", "errorMessage", "statement", "projectId", "queryTypeId")
    VALUES ('430', '11', '2023-05-08 21:02:59.566658', '2023-05-08 21:03:02.566658', 'False', 'None', 'SELECT address FROM Customers', '1', '1');
INSERT INTO "QueryColumnAccess" ("queryId", "columnId")
    VALUES ('430', '6');
INSERT INTO "QueryTableAccess" ("queryId", "tableId")
    VALUES ('430', '1');
SELECT 'customer_id' FROM Orders;
INSERT INTO "SqlQuery" ("queryId", "userId", "issuedAt", "finishedAt", "hasError", "errorMessage", "statement", "projectId", "queryTypeId")
    VALUES ('431', '3', '2023-04-11 21:02:59.566664', '2023-04-11 21:03:01.566664', 'False', 'None', 'SELECT customer_id FROM Orders', '1', '1');
INSERT INTO "QueryColumnAccess" ("queryId", "columnId")
    VALUES ('431', '2');
INSERT INTO "QueryTableAccess" ("queryId", "tableId")
    VALUES ('431', '2');
SELECT 'product_id' FROM OrderItems;
INSERT INTO "SqlQuery" ("queryId", "userId", "issuedAt", "finishedAt", "hasError", "errorMessage", "statement", "projectId", "queryTypeId")
    VALUES ('432', '5', '2023-05-12 21:02:59.566670', '2023-05-12 21:03:02.566670', 'False', 'None', 'SELECT product_id FROM OrderItems', '1', '1');
INSERT INTO "QueryColumnAccess" ("queryId", "columnId")
    VALUES ('432', '3');
INSERT INTO "QueryTableAccess" ("queryId", "tableId")
    VALUES ('432', '5');
SELECT 'first_name' FROM Customers;
INSERT INTO "SqlQuery" ("queryId", "userId", "issuedAt", "finishedAt", "hasError", "errorMessage", "statement", "projectId", "queryTypeId")
    VALUES ('433', '3', '2023-04-22 21:02:59.566677', '2023-04-22 21:03:00.566677', 'False', 'None', 'SELECT first_name FROM Customers', '1', '1');
INSERT INTO "QueryColumnAccess" ("queryId", "columnId")
    VALUES ('433', '2');
INSERT INTO "QueryTableAccess" ("queryId", "tableId")
    VALUES ('433', '1');
SELECT 'order_item_id' FROM OrderItems;
INSERT INTO "SqlQuery" ("queryId", "userId", "issuedAt", "finishedAt", "hasError", "errorMessage", "statement", "projectId", "queryTypeId")
    VALUES ('434', '6', '2023-06-14 21:02:59.566683', '2023-06-14 21:03:02.566683', 'False', 'None', 'SELECT order_item_id FROM OrderItems', '1', '1');
INSERT INTO "QueryColumnAccess" ("queryId", "columnId")
    VALUES ('434', '1');
INSERT INTO "QueryTableAccess" ("queryId", "tableId")
    VALUES ('434', '5');
SELECT 'product_id' FROM Products;
INSERT INTO "SqlQuery" ("queryId", "userId", "issuedAt", "finishedAt", "hasError", "errorMessage", "statement", "projectId", "queryTypeId")
    VALUES ('435', '5', '2023-05-12 21:02:59.566689', '2023-05-12 21:03:02.566689', 'False', 'None', 'SELECT product_id FROM Products', '1', '1');
INSERT INTO "QueryColumnAccess" ("queryId", "columnId")
    VALUES ('435', '1');
INSERT INTO "QueryTableAccess" ("queryId", "tableId")
    VALUES ('435', '3');
SELECT 'customer_id' FROM Customers;
INSERT INTO "SqlQuery" ("queryId", "userId", "issuedAt", "finishedAt", "hasError", "errorMessage", "statement", "projectId", "queryTypeId")
    VALUES ('436', '10', '2023-06-10 21:02:59.566696', '2023-06-10 21:03:01.566696', 'False', 'None', 'SELECT customer_id FROM Customers', '1', '1');
INSERT INTO "QueryColumnAccess" ("queryId", "columnId")
    VALUES ('436', '1');
INSERT INTO "QueryTableAccess" ("queryId", "tableId")
    VALUES ('436', '1');
SELECT 'product_id' FROM OrderItems;
INSERT INTO "SqlQuery" ("queryId", "userId", "issuedAt", "finishedAt", "hasError", "errorMessage", "statement", "projectId", "queryTypeId")
    VALUES ('437', '12', '2023-06-20 21:02:59.566712', '2023-06-20 21:03:03.566712', 'False', 'None', 'SELECT product_id FROM OrderItems', '1', '1');
INSERT INTO "QueryColumnAccess" ("queryId", "columnId")
    VALUES ('437', '3');
INSERT INTO "QueryTableAccess" ("queryId", "tableId")
    VALUES ('437', '5');
SELECT 'order_item_id' FROM OrderItems;
INSERT INTO "SqlQuery" ("queryId", "userId", "issuedAt", "finishedAt", "hasError", "errorMessage", "statement", "projectId", "queryTypeId")
    VALUES ('438', '10', '2023-06-25 21:02:59.566718', '2023-06-25 21:03:02.566718', 'False', 'None', 'SELECT order_item_id FROM OrderItems', '1', '1');
INSERT INTO "QueryColumnAccess" ("queryId", "columnId")
    VALUES ('438', '1');
INSERT INTO "QueryTableAccess" ("queryId", "tableId")
    VALUES ('438', '5');
SELECT 'order_id' FROM OrderItems;
INSERT INTO "SqlQuery" ("queryId", "userId", "issuedAt", "finishedAt", "hasError", "errorMessage", "statement", "projectId", "queryTypeId")
    VALUES ('439', '11', '2023-05-19 21:02:59.566725', '2023-05-19 21:03:02.566725', 'False', 'None', 'SELECT order_id FROM OrderItems', '1', '1');
INSERT INTO "QueryColumnAccess" ("queryId", "columnId")
    VALUES ('439', '2');
INSERT INTO "QueryTableAccess" ("queryId", "tableId")
    VALUES ('439', '5');
SELECT 'order_item_id' FROM OrderItems;
INSERT INTO "SqlQuery" ("queryId", "userId", "issuedAt", "finishedAt", "hasError", "errorMessage", "statement", "projectId", "queryTypeId")
    VALUES ('440', '3', '2023-05-02 21:02:59.566731', '2023-05-02 21:03:03.566731', 'False', 'None', 'SELECT order_item_id FROM OrderItems', '1', '1');
INSERT INTO "QueryColumnAccess" ("queryId", "columnId")
    VALUES ('440', '1');
INSERT INTO "QueryTableAccess" ("queryId", "tableId")
    VALUES ('440', '5');
SELECT 'email' FROM Customers;
INSERT INTO "SqlQuery" ("queryId", "userId", "issuedAt", "finishedAt", "hasError", "errorMessage", "statement", "projectId", "queryTypeId")
    VALUES ('441', '14', '2023-06-14 21:02:59.566737', '2023-06-14 21:03:03.566737', 'False', 'None', 'SELECT email FROM Customers', '1', '1');
INSERT INTO "QueryColumnAccess" ("queryId", "columnId")
    VALUES ('441', '4');
INSERT INTO "QueryTableAccess" ("queryId", "tableId")
    VALUES ('441', '1');
SELECT 'last_name' FROM Customers;
INSERT INTO "SqlQuery" ("queryId", "userId", "issuedAt", "finishedAt", "hasError", "errorMessage", "statement", "projectId", "queryTypeId")
    VALUES ('442', '6', '2023-07-03 21:02:59.566744', '2023-07-03 21:03:02.566744', 'False', 'None', 'SELECT last_name FROM Customers', '1', '1');
INSERT INTO "QueryColumnAccess" ("queryId", "columnId")
    VALUES ('442', '3');
INSERT INTO "QueryTableAccess" ("queryId", "tableId")
    VALUES ('442', '1');
SELECT 'category_id' FROM Categories;
INSERT INTO "SqlQuery" ("queryId", "userId", "issuedAt", "finishedAt", "hasError", "errorMessage", "statement", "projectId", "queryTypeId")
    VALUES ('443', '6', '2023-05-01 21:02:59.566750', '2023-05-01 21:03:03.566750', 'False', 'None', 'SELECT category_id FROM Categories', '1', '1');
INSERT INTO "QueryColumnAccess" ("queryId", "columnId")
    VALUES ('443', '1');
INSERT INTO "QueryTableAccess" ("queryId", "tableId")
    VALUES ('443', '4');
SELECT 'category_id' FROM Categories;
INSERT INTO "SqlQuery" ("queryId", "userId", "issuedAt", "finishedAt", "hasError", "errorMessage", "statement", "projectId", "queryTypeId")
    VALUES ('444', '10', '2023-06-04 21:02:59.566756', '2023-06-04 21:03:02.566756', 'False', 'None', 'SELECT category_id FROM Categories', '1', '1');
INSERT INTO "QueryColumnAccess" ("queryId", "columnId")
    VALUES ('444', '1');
INSERT INTO "QueryTableAccess" ("queryId", "tableId")
    VALUES ('444', '4');
SELECT 'category' FROM Products;
INSERT INTO "SqlQuery" ("queryId", "userId", "issuedAt", "finishedAt", "hasError", "errorMessage", "statement", "projectId", "queryTypeId")
    VALUES ('445', '13', '2023-07-10 21:02:59.566762', '2023-07-10 21:03:02.566762', 'False', 'None', 'SELECT category FROM Products', '1', '1');
INSERT INTO "QueryColumnAccess" ("queryId", "columnId")
    VALUES ('445', '3');
INSERT INTO "QueryTableAccess" ("queryId", "tableId")
    VALUES ('445', '3');
SELECT 'order_id' FROM Orders;
INSERT INTO "SqlQuery" ("queryId", "userId", "issuedAt", "finishedAt", "hasError", "errorMessage", "statement", "projectId", "queryTypeId")
    VALUES ('446', '1', '2023-07-10 21:02:59.566769', '2023-07-10 21:03:01.566769', 'False', 'None', 'SELECT order_id FROM Orders', '1', '1');
INSERT INTO "QueryColumnAccess" ("queryId", "columnId")
    VALUES ('446', '1');
INSERT INTO "QueryTableAccess" ("queryId", "tableId")
    VALUES ('446', '2');
SELECT 'payment_method' FROM Orders;
INSERT INTO "SqlQuery" ("queryId", "userId", "issuedAt", "finishedAt", "hasError", "errorMessage", "statement", "projectId", "queryTypeId")
    VALUES ('447', '11', '2023-06-06 21:02:59.566775', '2023-06-06 21:03:00.566775', 'False', 'None', 'SELECT payment_method FROM Orders', '1', '1');
INSERT INTO "QueryColumnAccess" ("queryId", "columnId")
    VALUES ('447', '5');
INSERT INTO "QueryTableAccess" ("queryId", "tableId")
    VALUES ('447', '2');
SELECT 'first_name' FROM Customers;
INSERT INTO "SqlQuery" ("queryId", "userId", "issuedAt", "finishedAt", "hasError", "errorMessage", "statement", "projectId", "queryTypeId")
    VALUES ('448', '5', '2023-04-26 21:02:59.566781', '2023-04-26 21:03:00.566781', 'False', 'None', 'SELECT first_name FROM Customers', '1', '1');
INSERT INTO "QueryColumnAccess" ("queryId", "columnId")
    VALUES ('448', '2');
INSERT INTO "QueryTableAccess" ("queryId", "tableId")
    VALUES ('448', '1');
SELECT 'shipping_address' FROM Orders;
INSERT INTO "SqlQuery" ("queryId", "userId", "issuedAt", "finishedAt", "hasError", "errorMessage", "statement", "projectId", "queryTypeId")
    VALUES ('449', '14', '2023-05-17 21:02:59.566788', '2023-05-17 21:03:01.566788', 'False', 'None', 'SELECT shipping_address FROM Orders', '1', '1');
INSERT INTO "QueryColumnAccess" ("queryId", "columnId")
    VALUES ('449', '6');
INSERT INTO "QueryTableAccess" ("queryId", "tableId")
    VALUES ('449', '2');
SELECT 'customer_id' FROM Customers;
INSERT INTO "SqlQuery" ("queryId", "userId", "issuedAt", "finishedAt", "hasError", "errorMessage", "statement", "projectId", "queryTypeId")
    VALUES ('450', '8', '2023-06-28 21:02:59.566794', '2023-06-28 21:03:01.566794', 'False', 'None', 'SELECT customer_id FROM Customers', '1', '1');
INSERT INTO "QueryColumnAccess" ("queryId", "columnId")
    VALUES ('450', '1');
INSERT INTO "QueryTableAccess" ("queryId", "tableId")
    VALUES ('450', '1');
SELECT 'product_id' FROM Products;
INSERT INTO "SqlQuery" ("queryId", "userId", "issuedAt", "finishedAt", "hasError", "errorMessage", "statement", "projectId", "queryTypeId")
    VALUES ('451', '4', '2023-06-22 21:02:59.566800', '2023-06-22 21:03:03.566800', 'False', 'None', 'SELECT product_id FROM Products', '1', '1');
INSERT INTO "QueryColumnAccess" ("queryId", "columnId")
    VALUES ('451', '1');
INSERT INTO "QueryTableAccess" ("queryId", "tableId")
    VALUES ('451', '3');
SELECT 'last_name' FROM Customers;
INSERT INTO "SqlQuery" ("queryId", "userId", "issuedAt", "finishedAt", "hasError", "errorMessage", "statement", "projectId", "queryTypeId")
    VALUES ('452', '6', '2023-06-25 21:02:59.566806', '2023-06-25 21:03:02.566806', 'False', 'None', 'SELECT last_name FROM Customers', '1', '1');
INSERT INTO "QueryColumnAccess" ("queryId", "columnId")
    VALUES ('452', '3');
INSERT INTO "QueryTableAccess" ("queryId", "tableId")
    VALUES ('452', '1');
SELECT 'category' FROM Products;
INSERT INTO "SqlQuery" ("queryId", "userId", "issuedAt", "finishedAt", "hasError", "errorMessage", "statement", "projectId", "queryTypeId")
    VALUES ('453', '4', '2023-06-13 21:02:59.566818', '2023-06-13 21:03:03.566818', 'False', 'None', 'SELECT category FROM Products', '1', '1');
INSERT INTO "QueryColumnAccess" ("queryId", "columnId")
    VALUES ('453', '3');
INSERT INTO "QueryTableAccess" ("queryId", "tableId")
    VALUES ('453', '3');
SELECT 'category' FROM Products;
INSERT INTO "SqlQuery" ("queryId", "userId", "issuedAt", "finishedAt", "hasError", "errorMessage", "statement", "projectId", "queryTypeId")
    VALUES ('454', '11', '2023-06-02 21:02:59.566825', '2023-06-02 21:03:03.566825', 'False', 'None', 'SELECT category FROM Products', '1', '1');
INSERT INTO "QueryColumnAccess" ("queryId", "columnId")
    VALUES ('454', '3');
INSERT INTO "QueryTableAccess" ("queryId", "tableId")
    VALUES ('454', '3');
SELECT 'order_id' FROM OrderItems;
INSERT INTO "SqlQuery" ("queryId", "userId", "issuedAt", "finishedAt", "hasError", "errorMessage", "statement", "projectId", "queryTypeId")
    VALUES ('455', '13', '2023-05-23 21:02:59.566831', '2023-05-23 21:03:00.566831', 'False', 'None', 'SELECT order_id FROM OrderItems', '1', '1');
INSERT INTO "QueryColumnAccess" ("queryId", "columnId")
    VALUES ('455', '2');
INSERT INTO "QueryTableAccess" ("queryId", "tableId")
    VALUES ('455', '5');
SELECT 'quantity' FROM Products;
INSERT INTO "SqlQuery" ("queryId", "userId", "issuedAt", "finishedAt", "hasError", "errorMessage", "statement", "projectId", "queryTypeId")
    VALUES ('456', '3', '2023-05-25 21:02:59.566838', '2023-05-25 21:03:01.566838', 'False', 'None', 'SELECT quantity FROM Products', '1', '1');
INSERT INTO "QueryColumnAccess" ("queryId", "columnId")
    VALUES ('456', '6');
INSERT INTO "QueryTableAccess" ("queryId", "tableId")
    VALUES ('456', '3');
SELECT 'shipping_address' FROM Orders;
INSERT INTO "SqlQuery" ("queryId", "userId", "issuedAt", "finishedAt", "hasError", "errorMessage", "statement", "projectId", "queryTypeId")
    VALUES ('457', '6', '2023-06-20 21:02:59.566844', '2023-06-20 21:03:01.566844', 'False', 'None', 'SELECT shipping_address FROM Orders', '1', '1');
INSERT INTO "QueryColumnAccess" ("queryId", "columnId")
    VALUES ('457', '6');
INSERT INTO "QueryTableAccess" ("queryId", "tableId")
    VALUES ('457', '2');
SELECT 'order_item_id' FROM OrderItems;
INSERT INTO "SqlQuery" ("queryId", "userId", "issuedAt", "finishedAt", "hasError", "errorMessage", "statement", "projectId", "queryTypeId")
    VALUES ('458', '9', '2023-06-27 21:02:59.566851', '2023-06-27 21:03:02.566851', 'False', 'None', 'SELECT order_item_id FROM OrderItems', '1', '1');
INSERT INTO "QueryColumnAccess" ("queryId", "columnId")
    VALUES ('458', '1');
INSERT INTO "QueryTableAccess" ("queryId", "tableId")
    VALUES ('458', '5');
SELECT 'parent_category_id' FROM Categories;
INSERT INTO "SqlQuery" ("queryId", "userId", "issuedAt", "finishedAt", "hasError", "errorMessage", "statement", "projectId", "queryTypeId")
    VALUES ('459', '3', '2023-05-09 21:02:59.566857', '2023-05-09 21:03:01.566857', 'False', 'None', 'SELECT parent_category_id FROM Categories', '1', '1');
INSERT INTO "QueryColumnAccess" ("queryId", "columnId")
    VALUES ('459', '4');
INSERT INTO "QueryTableAccess" ("queryId", "tableId")
    VALUES ('459', '4');
SELECT 'quantity' FROM Products;
INSERT INTO "SqlQuery" ("queryId", "userId", "issuedAt", "finishedAt", "hasError", "errorMessage", "statement", "projectId", "queryTypeId")
    VALUES ('460', '15', '2023-06-02 21:02:59.566863', '2023-06-02 21:03:02.566863', 'False', 'None', 'SELECT quantity FROM Products', '1', '1');
INSERT INTO "QueryColumnAccess" ("queryId", "columnId")
    VALUES ('460', '6');
INSERT INTO "QueryTableAccess" ("queryId", "tableId")
    VALUES ('460', '3');
SELECT 'first_name' FROM Customers;
INSERT INTO "SqlQuery" ("queryId", "userId", "issuedAt", "finishedAt", "hasError", "errorMessage", "statement", "projectId", "queryTypeId")
    VALUES ('461', '13', '2023-07-07 21:02:59.566870', '2023-07-07 21:03:00.566870', 'False', 'None', 'SELECT first_name FROM Customers', '1', '1');
INSERT INTO "QueryColumnAccess" ("queryId", "columnId")
    VALUES ('461', '2');
INSERT INTO "QueryTableAccess" ("queryId", "tableId")
    VALUES ('461', '1');
SELECT 'order_date' FROM Orders;
INSERT INTO "SqlQuery" ("queryId", "userId", "issuedAt", "finishedAt", "hasError", "errorMessage", "statement", "projectId", "queryTypeId")
    VALUES ('462', '1', '2023-04-11 21:02:59.566876', '2023-04-11 21:03:00.566876', 'False', 'None', 'SELECT order_date FROM Orders', '1', '1');
INSERT INTO "QueryColumnAccess" ("queryId", "columnId")
    VALUES ('462', '3');
INSERT INTO "QueryTableAccess" ("queryId", "tableId")
    VALUES ('462', '2');
SELECT 'last_name' FROM Customers;
INSERT INTO "SqlQuery" ("queryId", "userId", "issuedAt", "finishedAt", "hasError", "errorMessage", "statement", "projectId", "queryTypeId")
    VALUES ('463', '10', '2023-07-02 21:02:59.566882', '2023-07-02 21:03:01.566882', 'False', 'None', 'SELECT last_name FROM Customers', '1', '1');
INSERT INTO "QueryColumnAccess" ("queryId", "columnId")
    VALUES ('463', '3');
INSERT INTO "QueryTableAccess" ("queryId", "tableId")
    VALUES ('463', '1');
SELECT 'description' FROM Products;
INSERT INTO "SqlQuery" ("queryId", "userId", "issuedAt", "finishedAt", "hasError", "errorMessage", "statement", "projectId", "queryTypeId")
    VALUES ('464', '5', '2023-07-06 21:02:59.566889', '2023-07-06 21:03:01.566889', 'False', 'None', 'SELECT description FROM Products', '1', '1');
INSERT INTO "QueryColumnAccess" ("queryId", "columnId")
    VALUES ('464', '5');
INSERT INTO "QueryTableAccess" ("queryId", "tableId")
    VALUES ('464', '3');
SELECT 'order_id' FROM Orders;
INSERT INTO "SqlQuery" ("queryId", "userId", "issuedAt", "finishedAt", "hasError", "errorMessage", "statement", "projectId", "queryTypeId")
    VALUES ('465', '2', '2023-05-12 21:02:59.566895', '2023-05-12 21:03:01.566895', 'False', 'None', 'SELECT order_id FROM Orders', '1', '1');
INSERT INTO "QueryColumnAccess" ("queryId", "columnId")
    VALUES ('465', '1');
INSERT INTO "QueryTableAccess" ("queryId", "tableId")
    VALUES ('465', '2');
SELECT 'quantity' FROM Products;
INSERT INTO "SqlQuery" ("queryId", "userId", "issuedAt", "finishedAt", "hasError", "errorMessage", "statement", "projectId", "queryTypeId")
    VALUES ('466', '2', '2023-05-15 21:02:59.566902', '2023-05-15 21:03:00.566902', 'False', 'None', 'SELECT quantity FROM Products', '1', '1');
INSERT INTO "QueryColumnAccess" ("queryId", "columnId")
    VALUES ('466', '6');
INSERT INTO "QueryTableAccess" ("queryId", "tableId")
    VALUES ('466', '3');
SELECT 'payment_method' FROM Orders;
INSERT INTO "SqlQuery" ("queryId", "userId", "issuedAt", "finishedAt", "hasError", "errorMessage", "statement", "projectId", "queryTypeId")
    VALUES ('467', '14', '2023-06-29 21:02:59.566908', '2023-06-29 21:03:03.566908', 'False', 'None', 'SELECT payment_method FROM Orders', '1', '1');
INSERT INTO "QueryColumnAccess" ("queryId", "columnId")
    VALUES ('467', '5');
INSERT INTO "QueryTableAccess" ("queryId", "tableId")
    VALUES ('467', '2');
SELECT 'first_name' FROM Customers;
INSERT INTO "SqlQuery" ("queryId", "userId", "issuedAt", "finishedAt", "hasError", "errorMessage", "statement", "projectId", "queryTypeId")
    VALUES ('468', '9', '2023-06-08 21:02:59.566914', '2023-06-08 21:03:02.566914', 'False', 'None', 'SELECT first_name FROM Customers', '1', '1');
INSERT INTO "QueryColumnAccess" ("queryId", "columnId")
    VALUES ('468', '2');
INSERT INTO "QueryTableAccess" ("queryId", "tableId")
    VALUES ('468', '1');
SELECT 'unit_price' FROM OrderItems;
INSERT INTO "SqlQuery" ("queryId", "userId", "issuedAt", "finishedAt", "hasError", "errorMessage", "statement", "projectId", "queryTypeId")
    VALUES ('469', '12', '2023-06-16 21:02:59.566920', '2023-06-16 21:03:03.566920', 'False', 'None', 'SELECT unit_price FROM OrderItems', '1', '1');
INSERT INTO "QueryColumnAccess" ("queryId", "columnId")
    VALUES ('469', '5');
INSERT INTO "QueryTableAccess" ("queryId", "tableId")
    VALUES ('469', '5');
SELECT 'order_date' FROM Orders;
INSERT INTO "SqlQuery" ("queryId", "userId", "issuedAt", "finishedAt", "hasError", "errorMessage", "statement", "projectId", "queryTypeId")
    VALUES ('470', '15', '2023-05-29 21:02:59.566930', '2023-05-29 21:03:01.566930', 'False', 'None', 'SELECT order_date FROM Orders', '1', '1');
INSERT INTO "QueryColumnAccess" ("queryId", "columnId")
    VALUES ('470', '3');
INSERT INTO "QueryTableAccess" ("queryId", "tableId")
    VALUES ('470', '2');
SELECT 'product_name' FROM Products;
INSERT INTO "SqlQuery" ("queryId", "userId", "issuedAt", "finishedAt", "hasError", "errorMessage", "statement", "projectId", "queryTypeId")
    VALUES ('471', '11', '2023-05-15 21:02:59.566937', '2023-05-15 21:03:03.566937', 'False', 'None', 'SELECT product_name FROM Products', '1', '1');
INSERT INTO "QueryColumnAccess" ("queryId", "columnId")
    VALUES ('471', '2');
INSERT INTO "QueryTableAccess" ("queryId", "tableId")
    VALUES ('471', '3');
SELECT 'email' FROM Customers;
INSERT INTO "SqlQuery" ("queryId", "userId", "issuedAt", "finishedAt", "hasError", "errorMessage", "statement", "projectId", "queryTypeId")
    VALUES ('472', '15', '2023-05-30 21:02:59.566943', '2023-05-30 21:03:03.566943', 'False', 'None', 'SELECT email FROM Customers', '1', '1');
INSERT INTO "QueryColumnAccess" ("queryId", "columnId")
    VALUES ('472', '4');
INSERT INTO "QueryTableAccess" ("queryId", "tableId")
    VALUES ('472', '1');
SELECT 'order_item_id' FROM OrderItems;
INSERT INTO "SqlQuery" ("queryId", "userId", "issuedAt", "finishedAt", "hasError", "errorMessage", "statement", "projectId", "queryTypeId")
    VALUES ('473', '11', '2023-04-14 21:02:59.566949', '2023-04-14 21:03:01.566949', 'False', 'None', 'SELECT order_item_id FROM OrderItems', '1', '1');
INSERT INTO "QueryColumnAccess" ("queryId", "columnId")
    VALUES ('473', '1');
INSERT INTO "QueryTableAccess" ("queryId", "tableId")
    VALUES ('473', '5');
SELECT 'price' FROM Products;
INSERT INTO "SqlQuery" ("queryId", "userId", "issuedAt", "finishedAt", "hasError", "errorMessage", "statement", "projectId", "queryTypeId")
    VALUES ('474', '10', '2023-07-02 21:02:59.566956', '2023-07-02 21:03:00.566956', 'False', 'None', 'SELECT price FROM Products', '1', '1');
INSERT INTO "QueryColumnAccess" ("queryId", "columnId")
    VALUES ('474', '4');
INSERT INTO "QueryTableAccess" ("queryId", "tableId")
    VALUES ('474', '3');
SELECT 'customer_id' FROM Orders;
INSERT INTO "SqlQuery" ("queryId", "userId", "issuedAt", "finishedAt", "hasError", "errorMessage", "statement", "projectId", "queryTypeId")
    VALUES ('475', '4', '2023-06-25 21:02:59.566962', '2023-06-25 21:03:01.566962', 'False', 'None', 'SELECT customer_id FROM Orders', '1', '1');
INSERT INTO "QueryColumnAccess" ("queryId", "columnId")
    VALUES ('475', '2');
INSERT INTO "QueryTableAccess" ("queryId", "tableId")
    VALUES ('475', '2');
SELECT 'quantity' FROM Products;
INSERT INTO "SqlQuery" ("queryId", "userId", "issuedAt", "finishedAt", "hasError", "errorMessage", "statement", "projectId", "queryTypeId")
    VALUES ('476', '11', '2023-04-21 21:02:59.566969', '2023-04-21 21:03:03.566969', 'False', 'None', 'SELECT quantity FROM Products', '1', '1');
INSERT INTO "QueryColumnAccess" ("queryId", "columnId")
    VALUES ('476', '6');
INSERT INTO "QueryTableAccess" ("queryId", "tableId")
    VALUES ('476', '3');
SELECT 'customer_id' FROM Orders;
INSERT INTO "SqlQuery" ("queryId", "userId", "issuedAt", "finishedAt", "hasError", "errorMessage", "statement", "projectId", "queryTypeId")
    VALUES ('477', '2', '2023-06-17 21:02:59.566975', '2023-06-17 21:03:00.566975', 'False', 'None', 'SELECT customer_id FROM Orders', '1', '1');
INSERT INTO "QueryColumnAccess" ("queryId", "columnId")
    VALUES ('477', '2');
INSERT INTO "QueryTableAccess" ("queryId", "tableId")
    VALUES ('477', '2');
SELECT 'description' FROM Products;
INSERT INTO "SqlQuery" ("queryId", "userId", "issuedAt", "finishedAt", "hasError", "errorMessage", "statement", "projectId", "queryTypeId")
    VALUES ('478', '12', '2023-06-19 21:02:59.566982', '2023-06-19 21:03:02.566982', 'False', 'None', 'SELECT description FROM Products', '1', '1');
INSERT INTO "QueryColumnAccess" ("queryId", "columnId")
    VALUES ('478', '5');
INSERT INTO "QueryTableAccess" ("queryId", "tableId")
    VALUES ('478', '3');
SELECT 'first_name' FROM Customers;
INSERT INTO "SqlQuery" ("queryId", "userId", "issuedAt", "finishedAt", "hasError", "errorMessage", "statement", "projectId", "queryTypeId")
    VALUES ('479', '14', '2023-07-01 21:02:59.566988', '2023-07-01 21:03:00.566988', 'False', 'None', 'SELECT first_name FROM Customers', '1', '1');
INSERT INTO "QueryColumnAccess" ("queryId", "columnId")
    VALUES ('479', '2');
INSERT INTO "QueryTableAccess" ("queryId", "tableId")
    VALUES ('479', '1');
SELECT 'first_name' FROM Customers;
INSERT INTO "SqlQuery" ("queryId", "userId", "issuedAt", "finishedAt", "hasError", "errorMessage", "statement", "projectId", "queryTypeId")
    VALUES ('480', '3', '2023-06-24 21:02:59.566994', '2023-06-24 21:03:03.566994', 'False', 'None', 'SELECT first_name FROM Customers', '1', '1');
INSERT INTO "QueryColumnAccess" ("queryId", "columnId")
    VALUES ('480', '2');
INSERT INTO "QueryTableAccess" ("queryId", "tableId")
    VALUES ('480', '1');
SELECT 'last_name' FROM Customers;
INSERT INTO "SqlQuery" ("queryId", "userId", "issuedAt", "finishedAt", "hasError", "errorMessage", "statement", "projectId", "queryTypeId")
    VALUES ('481', '1', '2023-04-13 21:02:59.567001', '2023-04-13 21:03:01.567001', 'False', 'None', 'SELECT last_name FROM Customers', '1', '1');
INSERT INTO "QueryColumnAccess" ("queryId", "columnId")
    VALUES ('481', '3');
INSERT INTO "QueryTableAccess" ("queryId", "tableId")
    VALUES ('481', '1');
SELECT 'category_id' FROM Categories;
INSERT INTO "SqlQuery" ("queryId", "userId", "issuedAt", "finishedAt", "hasError", "errorMessage", "statement", "projectId", "queryTypeId")
    VALUES ('482', '13', '2023-07-08 21:02:59.567007', '2023-07-08 21:03:02.567007', 'False', 'None', 'SELECT category_id FROM Categories', '1', '1');
INSERT INTO "QueryColumnAccess" ("queryId", "columnId")
    VALUES ('482', '1');
INSERT INTO "QueryTableAccess" ("queryId", "tableId")
    VALUES ('482', '4');
SELECT 'parent_category_id' FROM Categories;
INSERT INTO "SqlQuery" ("queryId", "userId", "issuedAt", "finishedAt", "hasError", "errorMessage", "statement", "projectId", "queryTypeId")
    VALUES ('483', '14', '2023-06-03 21:02:59.567014', '2023-06-03 21:03:00.567014', 'False', 'None', 'SELECT parent_category_id FROM Categories', '1', '1');
INSERT INTO "QueryColumnAccess" ("queryId", "columnId")
    VALUES ('483', '4');
INSERT INTO "QueryTableAccess" ("queryId", "tableId")
    VALUES ('483', '4');
SELECT 'payment_method' FROM Orders;
INSERT INTO "SqlQuery" ("queryId", "userId", "issuedAt", "finishedAt", "hasError", "errorMessage", "statement", "projectId", "queryTypeId")
    VALUES ('484', '5', '2023-07-10 21:02:59.567020', '2023-07-10 21:03:03.567020', 'False', 'None', 'SELECT payment_method FROM Orders', '1', '1');
INSERT INTO "QueryColumnAccess" ("queryId", "columnId")
    VALUES ('484', '5');
INSERT INTO "QueryTableAccess" ("queryId", "tableId")
    VALUES ('484', '2');
SELECT 'product_id' FROM Products;
INSERT INTO "SqlQuery" ("queryId", "userId", "issuedAt", "finishedAt", "hasError", "errorMessage", "statement", "projectId", "queryTypeId")
    VALUES ('485', '7', '2023-05-06 21:02:59.567026', '2023-05-06 21:03:01.567026', 'False', 'None', 'SELECT product_id FROM Products', '1', '1');
INSERT INTO "QueryColumnAccess" ("queryId", "columnId")
    VALUES ('485', '1');
INSERT INTO "QueryTableAccess" ("queryId", "tableId")
    VALUES ('485', '3');
SELECT 'email' FROM Customers;
INSERT INTO "SqlQuery" ("queryId", "userId", "issuedAt", "finishedAt", "hasError", "errorMessage", "statement", "projectId", "queryTypeId")
    VALUES ('486', '11', '2023-04-12 21:02:59.567032', '2023-04-12 21:03:03.567032', 'False', 'None', 'SELECT email FROM Customers', '1', '1');
INSERT INTO "QueryColumnAccess" ("queryId", "columnId")
    VALUES ('486', '4');
INSERT INTO "QueryTableAccess" ("queryId", "tableId")
    VALUES ('486', '1');
SELECT 'description' FROM Categories;
INSERT INTO "SqlQuery" ("queryId", "userId", "issuedAt", "finishedAt", "hasError", "errorMessage", "statement", "projectId", "queryTypeId")
    VALUES ('487', '15', '2023-06-17 21:02:59.567044', '2023-06-17 21:03:02.567044', 'False', 'None', 'SELECT description FROM Categories', '1', '1');
INSERT INTO "QueryColumnAccess" ("queryId", "columnId")
    VALUES ('487', '3');
INSERT INTO "QueryTableAccess" ("queryId", "tableId")
    VALUES ('487', '4');
SELECT 'description' FROM Categories;
INSERT INTO "SqlQuery" ("queryId", "userId", "issuedAt", "finishedAt", "hasError", "errorMessage", "statement", "projectId", "queryTypeId")
    VALUES ('488', '9', '2023-07-06 21:02:59.567051', '2023-07-06 21:03:01.567051', 'False', 'None', 'SELECT description FROM Categories', '1', '1');
INSERT INTO "QueryColumnAccess" ("queryId", "columnId")
    VALUES ('488', '3');
INSERT INTO "QueryTableAccess" ("queryId", "tableId")
    VALUES ('488', '4');
SELECT 'description' FROM Categories;
INSERT INTO "SqlQuery" ("queryId", "userId", "issuedAt", "finishedAt", "hasError", "errorMessage", "statement", "projectId", "queryTypeId")
    VALUES ('489', '5', '2023-06-09 21:02:59.567057', '2023-06-09 21:03:02.567057', 'False', 'None', 'SELECT description FROM Categories', '1', '1');
INSERT INTO "QueryColumnAccess" ("queryId", "columnId")
    VALUES ('489', '3');
INSERT INTO "QueryTableAccess" ("queryId", "tableId")
    VALUES ('489', '4');
SELECT 'description' FROM Categories;
INSERT INTO "SqlQuery" ("queryId", "userId", "issuedAt", "finishedAt", "hasError", "errorMessage", "statement", "projectId", "queryTypeId")
    VALUES ('490', '14', '2023-06-28 21:02:59.567064', '2023-06-28 21:03:00.567064', 'False', 'None', 'SELECT description FROM Categories', '1', '1');
INSERT INTO "QueryColumnAccess" ("queryId", "columnId")
    VALUES ('490', '3');
INSERT INTO "QueryTableAccess" ("queryId", "tableId")
    VALUES ('490', '4');
SELECT 'category_name' FROM Categories;
INSERT INTO "SqlQuery" ("queryId", "userId", "issuedAt", "finishedAt", "hasError", "errorMessage", "statement", "projectId", "queryTypeId")
    VALUES ('491', '14', '2023-05-10 21:02:59.567070', '2023-05-10 21:03:01.567070', 'False', 'None', 'SELECT category_name FROM Categories', '1', '1');
INSERT INTO "QueryColumnAccess" ("queryId", "columnId")
    VALUES ('491', '2');
INSERT INTO "QueryTableAccess" ("queryId", "tableId")
    VALUES ('491', '4');
SELECT 'first_name' FROM Customers;
INSERT INTO "SqlQuery" ("queryId", "userId", "issuedAt", "finishedAt", "hasError", "errorMessage", "statement", "projectId", "queryTypeId")
    VALUES ('492', '14', '2023-04-29 21:02:59.567076', '2023-04-29 21:03:00.567076', 'False', 'None', 'SELECT first_name FROM Customers', '1', '1');
INSERT INTO "QueryColumnAccess" ("queryId", "columnId")
    VALUES ('492', '2');
INSERT INTO "QueryTableAccess" ("queryId", "tableId")
    VALUES ('492', '1');
SELECT 'order_id' FROM OrderItems;
INSERT INTO "SqlQuery" ("queryId", "userId", "issuedAt", "finishedAt", "hasError", "errorMessage", "statement", "projectId", "queryTypeId")
    VALUES ('493', '8', '2023-07-09 21:02:59.567082', '2023-07-09 21:03:00.567082', 'False', 'None', 'SELECT order_id FROM OrderItems', '1', '1');
INSERT INTO "QueryColumnAccess" ("queryId", "columnId")
    VALUES ('493', '2');
INSERT INTO "QueryTableAccess" ("queryId", "tableId")
    VALUES ('493', '5');
SELECT 'product_id' FROM OrderItems;
INSERT INTO "SqlQuery" ("queryId", "userId", "issuedAt", "finishedAt", "hasError", "errorMessage", "statement", "projectId", "queryTypeId")
    VALUES ('494', '9', '2023-05-14 21:02:59.567088', '2023-05-14 21:03:00.567088', 'False', 'None', 'SELECT product_id FROM OrderItems', '1', '1');
INSERT INTO "QueryColumnAccess" ("queryId", "columnId")
    VALUES ('494', '3');
INSERT INTO "QueryTableAccess" ("queryId", "tableId")
    VALUES ('494', '5');
SELECT 'phone_number' FROM Customers;
INSERT INTO "SqlQuery" ("queryId", "userId", "issuedAt", "finishedAt", "hasError", "errorMessage", "statement", "projectId", "queryTypeId")
    VALUES ('495', '6', '2023-05-21 21:02:59.567095', '2023-05-21 21:03:00.567095', 'False', 'None', 'SELECT phone_number FROM Customers', '1', '1');
INSERT INTO "QueryColumnAccess" ("queryId", "columnId")
    VALUES ('495', '5');
INSERT INTO "QueryTableAccess" ("queryId", "tableId")
    VALUES ('495', '1');
SELECT 'customer_id' FROM Orders;
INSERT INTO "SqlQuery" ("queryId", "userId", "issuedAt", "finishedAt", "hasError", "errorMessage", "statement", "projectId", "queryTypeId")
    VALUES ('496', '1', '2023-06-14 21:02:59.567101', '2023-06-14 21:03:01.567101', 'False', 'None', 'SELECT customer_id FROM Orders', '1', '1');
INSERT INTO "QueryColumnAccess" ("queryId", "columnId")
    VALUES ('496', '2');
INSERT INTO "QueryTableAccess" ("queryId", "tableId")
    VALUES ('496', '2');
SELECT 'last_name' FROM Customers;
INSERT INTO "SqlQuery" ("queryId", "userId", "issuedAt", "finishedAt", "hasError", "errorMessage", "statement", "projectId", "queryTypeId")
    VALUES ('497', '3', '2023-04-16 21:02:59.567107', '2023-04-16 21:03:03.567107', 'False', 'None', 'SELECT last_name FROM Customers', '1', '1');
INSERT INTO "QueryColumnAccess" ("queryId", "columnId")
    VALUES ('497', '3');
INSERT INTO "QueryTableAccess" ("queryId", "tableId")
    VALUES ('497', '1');
SELECT 'total_amount' FROM Orders;
INSERT INTO "SqlQuery" ("queryId", "userId", "issuedAt", "finishedAt", "hasError", "errorMessage", "statement", "projectId", "queryTypeId")
    VALUES ('498', '9', '2023-05-12 21:02:59.567114', '2023-05-12 21:03:02.567114', 'False', 'None', 'SELECT total_amount FROM Orders', '1', '1');
INSERT INTO "QueryColumnAccess" ("queryId", "columnId")
    VALUES ('498', '4');
INSERT INTO "QueryTableAccess" ("queryId", "tableId")
    VALUES ('498', '2');
SELECT 'parent_category_id' FROM Categories;
INSERT INTO "SqlQuery" ("queryId", "userId", "issuedAt", "finishedAt", "hasError", "errorMessage", "statement", "projectId", "queryTypeId")
    VALUES ('499', '10', '2023-05-05 21:02:59.567120', '2023-05-05 21:03:02.567120', 'False', 'None', 'SELECT parent_category_id FROM Categories', '1', '1');
INSERT INTO "QueryColumnAccess" ("queryId", "columnId")
    VALUES ('499', '4');
INSERT INTO "QueryTableAccess" ("queryId", "tableId")
    VALUES ('499', '4');
SELECT 'product_name' FROM Products;
INSERT INTO "SqlQuery" ("queryId", "userId", "issuedAt", "finishedAt", "hasError", "errorMessage", "statement", "projectId", "queryTypeId")
    VALUES ('500', '14', '2023-05-04 21:02:59.567126', '2023-05-04 21:03:00.567126', 'False', 'None', 'SELECT product_name FROM Products', '1', '1');
INSERT INTO "QueryColumnAccess" ("queryId", "columnId")
    VALUES ('500', '2');
INSERT INTO "QueryTableAccess" ("queryId", "tableId")
    VALUES ('500', '3');
SELECT 'quantity' FROM OrderItems;
INSERT INTO "SqlQuery" ("queryId", "userId", "issuedAt", "finishedAt", "hasError", "errorMessage", "statement", "projectId", "queryTypeId")
    VALUES ('501', '4', '2023-04-24 21:02:59.567133', '2023-04-24 21:03:01.567133', 'False', 'None', 'SELECT quantity FROM OrderItems', '1', '1');
INSERT INTO "QueryColumnAccess" ("queryId", "columnId")
    VALUES ('501', '4');
INSERT INTO "QueryTableAccess" ("queryId", "tableId")
    VALUES ('501', '5');
SELECT 'customer_id' FROM Customers;
INSERT INTO "SqlQuery" ("queryId", "userId", "issuedAt", "finishedAt", "hasError", "errorMessage", "statement", "projectId", "queryTypeId")
    VALUES ('502', '5', '2023-04-23 21:02:59.567139', '2023-04-23 21:03:02.567139', 'False', 'None', 'SELECT customer_id FROM Customers', '1', '1');
INSERT INTO "QueryColumnAccess" ("queryId", "columnId")
    VALUES ('502', '1');
INSERT INTO "QueryTableAccess" ("queryId", "tableId")
    VALUES ('502', '1');
SELECT 'parent_category_id' FROM Categories;
INSERT INTO "SqlQuery" ("queryId", "userId", "issuedAt", "finishedAt", "hasError", "errorMessage", "statement", "projectId", "queryTypeId")
    VALUES ('503', '6', '2023-07-09 21:02:59.567152', '2023-07-09 21:03:03.567152', 'False', 'None', 'SELECT parent_category_id FROM Categories', '1', '1');
INSERT INTO "QueryColumnAccess" ("queryId", "columnId")
    VALUES ('503', '4');
INSERT INTO "QueryTableAccess" ("queryId", "tableId")
    VALUES ('503', '4');
SELECT 'customer_id' FROM Customers;
INSERT INTO "SqlQuery" ("queryId", "userId", "issuedAt", "finishedAt", "hasError", "errorMessage", "statement", "projectId", "queryTypeId")
    VALUES ('504', '4', '2023-05-01 21:02:59.567158', '2023-05-01 21:03:00.567158', 'False', 'None', 'SELECT customer_id FROM Customers', '1', '1');
INSERT INTO "QueryColumnAccess" ("queryId", "columnId")
    VALUES ('504', '1');
INSERT INTO "QueryTableAccess" ("queryId", "tableId")
    VALUES ('504', '1');
SELECT 'payment_method' FROM Orders;
INSERT INTO "SqlQuery" ("queryId", "userId", "issuedAt", "finishedAt", "hasError", "errorMessage", "statement", "projectId", "queryTypeId")
    VALUES ('505', '10', '2023-04-17 21:02:59.567165', '2023-04-17 21:03:00.567165', 'False', 'None', 'SELECT payment_method FROM Orders', '1', '1');
INSERT INTO "QueryColumnAccess" ("queryId", "columnId")
    VALUES ('505', '5');
INSERT INTO "QueryTableAccess" ("queryId", "tableId")
    VALUES ('505', '2');
SELECT 'category_id' FROM Categories;
INSERT INTO "SqlQuery" ("queryId", "userId", "issuedAt", "finishedAt", "hasError", "errorMessage", "statement", "projectId", "queryTypeId")
    VALUES ('506', '4', '2023-05-14 21:02:59.567171', '2023-05-14 21:03:03.567171', 'False', 'None', 'SELECT category_id FROM Categories', '1', '1');
INSERT INTO "QueryColumnAccess" ("queryId", "columnId")
    VALUES ('506', '1');
INSERT INTO "QueryTableAccess" ("queryId", "tableId")
    VALUES ('506', '4');
SELECT 'description' FROM Products;
INSERT INTO "SqlQuery" ("queryId", "userId", "issuedAt", "finishedAt", "hasError", "errorMessage", "statement", "projectId", "queryTypeId")
    VALUES ('507', '11', '2023-06-16 21:02:59.567177', '2023-06-16 21:03:02.567177', 'False', 'None', 'SELECT description FROM Products', '1', '1');
INSERT INTO "QueryColumnAccess" ("queryId", "columnId")
    VALUES ('507', '5');
INSERT INTO "QueryTableAccess" ("queryId", "tableId")
    VALUES ('507', '3');
SELECT 'product_id' FROM OrderItems;
INSERT INTO "SqlQuery" ("queryId", "userId", "issuedAt", "finishedAt", "hasError", "errorMessage", "statement", "projectId", "queryTypeId")
    VALUES ('508', '14', '2023-07-04 21:02:59.567183', '2023-07-04 21:03:02.567183', 'False', 'None', 'SELECT product_id FROM OrderItems', '1', '1');
INSERT INTO "QueryColumnAccess" ("queryId", "columnId")
    VALUES ('508', '3');
INSERT INTO "QueryTableAccess" ("queryId", "tableId")
    VALUES ('508', '5');
SELECT 'quantity' FROM Products;
INSERT INTO "SqlQuery" ("queryId", "userId", "issuedAt", "finishedAt", "hasError", "errorMessage", "statement", "projectId", "queryTypeId")
    VALUES ('509', '14', '2023-05-06 21:02:59.567190', '2023-05-06 21:03:01.567190', 'False', 'None', 'SELECT quantity FROM Products', '1', '1');
INSERT INTO "QueryColumnAccess" ("queryId", "columnId")
    VALUES ('509', '6');
INSERT INTO "QueryTableAccess" ("queryId", "tableId")
    VALUES ('509', '3');
SELECT 'order_item_id' FROM OrderItems;
INSERT INTO "SqlQuery" ("queryId", "userId", "issuedAt", "finishedAt", "hasError", "errorMessage", "statement", "projectId", "queryTypeId")
    VALUES ('510', '3', '2023-04-26 21:02:59.567196', '2023-04-26 21:03:02.567196', 'False', 'None', 'SELECT order_item_id FROM OrderItems', '1', '1');
INSERT INTO "QueryColumnAccess" ("queryId", "columnId")
    VALUES ('510', '1');
INSERT INTO "QueryTableAccess" ("queryId", "tableId")
    VALUES ('510', '5');
SELECT 'address' FROM Customers;
INSERT INTO "SqlQuery" ("queryId", "userId", "issuedAt", "finishedAt", "hasError", "errorMessage", "statement", "projectId", "queryTypeId")
    VALUES ('511', '14', '2023-06-17 21:02:59.567202', '2023-06-17 21:03:01.567202', 'False', 'None', 'SELECT address FROM Customers', '1', '1');
INSERT INTO "QueryColumnAccess" ("queryId", "columnId")
    VALUES ('511', '6');
INSERT INTO "QueryTableAccess" ("queryId", "tableId")
    VALUES ('511', '1');
SELECT 'description' FROM Products;
INSERT INTO "SqlQuery" ("queryId", "userId", "issuedAt", "finishedAt", "hasError", "errorMessage", "statement", "projectId", "queryTypeId")
    VALUES ('512', '3', '2023-04-25 21:02:59.567209', '2023-04-25 21:03:02.567209', 'False', 'None', 'SELECT description FROM Products', '1', '1');
INSERT INTO "QueryColumnAccess" ("queryId", "columnId")
    VALUES ('512', '5');
INSERT INTO "QueryTableAccess" ("queryId", "tableId")
    VALUES ('512', '3');
SELECT 'customer_id' FROM Customers;
INSERT INTO "SqlQuery" ("queryId", "userId", "issuedAt", "finishedAt", "hasError", "errorMessage", "statement", "projectId", "queryTypeId")
    VALUES ('513', '3', '2023-05-26 21:02:59.567215', '2023-05-26 21:03:02.567215', 'False', 'None', 'SELECT customer_id FROM Customers', '1', '1');
INSERT INTO "QueryColumnAccess" ("queryId", "columnId")
    VALUES ('513', '1');
INSERT INTO "QueryTableAccess" ("queryId", "tableId")
    VALUES ('513', '1');
SELECT 'payment_method' FROM Orders;
INSERT INTO "SqlQuery" ("queryId", "userId", "issuedAt", "finishedAt", "hasError", "errorMessage", "statement", "projectId", "queryTypeId")
    VALUES ('514', '3', '2023-05-21 21:02:59.567221', '2023-05-21 21:03:00.567221', 'False', 'None', 'SELECT payment_method FROM Orders', '1', '1');
INSERT INTO "QueryColumnAccess" ("queryId", "columnId")
    VALUES ('514', '5');
INSERT INTO "QueryTableAccess" ("queryId", "tableId")
    VALUES ('514', '2');
SELECT 'category_name' FROM Categories;
INSERT INTO "SqlQuery" ("queryId", "userId", "issuedAt", "finishedAt", "hasError", "errorMessage", "statement", "projectId", "queryTypeId")
    VALUES ('515', '4', '2023-06-17 21:02:59.567234', '2023-06-17 21:03:03.567234', 'False', 'None', 'SELECT category_name FROM Categories', '1', '1');
INSERT INTO "QueryColumnAccess" ("queryId", "columnId")
    VALUES ('515', '2');
INSERT INTO "QueryTableAccess" ("queryId", "tableId")
    VALUES ('515', '4');
SELECT 'quantity' FROM OrderItems;
INSERT INTO "SqlQuery" ("queryId", "userId", "issuedAt", "finishedAt", "hasError", "errorMessage", "statement", "projectId", "queryTypeId")
    VALUES ('516', '9', '2023-05-28 21:02:59.567240', '2023-05-28 21:03:02.567240', 'False', 'None', 'SELECT quantity FROM OrderItems', '1', '1');
INSERT INTO "QueryColumnAccess" ("queryId", "columnId")
    VALUES ('516', '4');
INSERT INTO "QueryTableAccess" ("queryId", "tableId")
    VALUES ('516', '5');
SELECT 'category_name' FROM Categories;
INSERT INTO "SqlQuery" ("queryId", "userId", "issuedAt", "finishedAt", "hasError", "errorMessage", "statement", "projectId", "queryTypeId")
    VALUES ('517', '2', '2023-05-31 21:02:59.567246', '2023-05-31 21:03:02.567246', 'False', 'None', 'SELECT category_name FROM Categories', '1', '1');
INSERT INTO "QueryColumnAccess" ("queryId", "columnId")
    VALUES ('517', '2');
INSERT INTO "QueryTableAccess" ("queryId", "tableId")
    VALUES ('517', '4');
SELECT 'category_name' FROM Categories;
INSERT INTO "SqlQuery" ("queryId", "userId", "issuedAt", "finishedAt", "hasError", "errorMessage", "statement", "projectId", "queryTypeId")
    VALUES ('518', '13', '2023-04-13 21:02:59.567253', '2023-04-13 21:03:01.567253', 'False', 'None', 'SELECT category_name FROM Categories', '1', '1');
INSERT INTO "QueryColumnAccess" ("queryId", "columnId")
    VALUES ('518', '2');
INSERT INTO "QueryTableAccess" ("queryId", "tableId")
    VALUES ('518', '4');
SELECT 'product_id' FROM OrderItems;
INSERT INTO "SqlQuery" ("queryId", "userId", "issuedAt", "finishedAt", "hasError", "errorMessage", "statement", "projectId", "queryTypeId")
    VALUES ('519', '8', '2023-04-30 21:02:59.567259', '2023-04-30 21:03:03.567259', 'False', 'None', 'SELECT product_id FROM OrderItems', '1', '1');
INSERT INTO "QueryColumnAccess" ("queryId", "columnId")
    VALUES ('519', '3');
INSERT INTO "QueryTableAccess" ("queryId", "tableId")
    VALUES ('519', '5');
SELECT 'category_name' FROM Categories;
INSERT INTO "SqlQuery" ("queryId", "userId", "issuedAt", "finishedAt", "hasError", "errorMessage", "statement", "projectId", "queryTypeId")
    VALUES ('520', '13', '2023-06-02 21:02:59.567272', '2023-06-02 21:03:03.567272', 'False', 'None', 'SELECT category_name FROM Categories', '1', '1');
INSERT INTO "QueryColumnAccess" ("queryId", "columnId")
    VALUES ('520', '2');
INSERT INTO "QueryTableAccess" ("queryId", "tableId")
    VALUES ('520', '4');
SELECT 'last_name' FROM Customers;
INSERT INTO "SqlQuery" ("queryId", "userId", "issuedAt", "finishedAt", "hasError", "errorMessage", "statement", "projectId", "queryTypeId")
    VALUES ('521', '10', '2023-04-12 21:02:59.567278', '2023-04-12 21:03:02.567278', 'False', 'None', 'SELECT last_name FROM Customers', '1', '1');
INSERT INTO "QueryColumnAccess" ("queryId", "columnId")
    VALUES ('521', '3');
INSERT INTO "QueryTableAccess" ("queryId", "tableId")
    VALUES ('521', '1');
SELECT 'quantity' FROM OrderItems;
INSERT INTO "SqlQuery" ("queryId", "userId", "issuedAt", "finishedAt", "hasError", "errorMessage", "statement", "projectId", "queryTypeId")
    VALUES ('522', '14', '2023-05-04 21:02:59.567284', '2023-05-04 21:03:00.567284', 'False', 'None', 'SELECT quantity FROM OrderItems', '1', '1');
INSERT INTO "QueryColumnAccess" ("queryId", "columnId")
    VALUES ('522', '4');
INSERT INTO "QueryTableAccess" ("queryId", "tableId")
    VALUES ('522', '5');
SELECT 'first_name' FROM Customers;
INSERT INTO "SqlQuery" ("queryId", "userId", "issuedAt", "finishedAt", "hasError", "errorMessage", "statement", "projectId", "queryTypeId")
    VALUES ('523', '10', '2023-06-14 21:02:59.567291', '2023-06-14 21:03:00.567291', 'False', 'None', 'SELECT first_name FROM Customers', '1', '1');
INSERT INTO "QueryColumnAccess" ("queryId", "columnId")
    VALUES ('523', '2');
INSERT INTO "QueryTableAccess" ("queryId", "tableId")
    VALUES ('523', '1');
SELECT 'category_id' FROM Categories;
INSERT INTO "SqlQuery" ("queryId", "userId", "issuedAt", "finishedAt", "hasError", "errorMessage", "statement", "projectId", "queryTypeId")
    VALUES ('524', '14', '2023-05-19 21:02:59.567297', '2023-05-19 21:03:01.567297', 'False', 'None', 'SELECT category_id FROM Categories', '1', '1');
INSERT INTO "QueryColumnAccess" ("queryId", "columnId")
    VALUES ('524', '1');
INSERT INTO "QueryTableAccess" ("queryId", "tableId")
    VALUES ('524', '4');
SELECT 'category_id' FROM Categories;
INSERT INTO "SqlQuery" ("queryId", "userId", "issuedAt", "finishedAt", "hasError", "errorMessage", "statement", "projectId", "queryTypeId")
    VALUES ('525', '14', '2023-04-14 21:02:59.567303', '2023-04-14 21:03:01.567303', 'False', 'None', 'SELECT category_id FROM Categories', '1', '1');
INSERT INTO "QueryColumnAccess" ("queryId", "columnId")
    VALUES ('525', '1');
INSERT INTO "QueryTableAccess" ("queryId", "tableId")
    VALUES ('525', '4');
SELECT 'description' FROM Categories;
INSERT INTO "SqlQuery" ("queryId", "userId", "issuedAt", "finishedAt", "hasError", "errorMessage", "statement", "projectId", "queryTypeId")
    VALUES ('526', '14', '2023-06-14 21:02:59.567310', '2023-06-14 21:03:01.567310', 'False', 'None', 'SELECT description FROM Categories', '1', '1');
INSERT INTO "QueryColumnAccess" ("queryId", "columnId")
    VALUES ('526', '3');
INSERT INTO "QueryTableAccess" ("queryId", "tableId")
    VALUES ('526', '4');
SELECT 'last_name' FROM Customers;
INSERT INTO "SqlQuery" ("queryId", "userId", "issuedAt", "finishedAt", "hasError", "errorMessage", "statement", "projectId", "queryTypeId")
    VALUES ('527', '11', '2023-04-26 21:02:59.567316', '2023-04-26 21:03:03.567316', 'False', 'None', 'SELECT last_name FROM Customers', '1', '1');
INSERT INTO "QueryColumnAccess" ("queryId", "columnId")
    VALUES ('527', '3');
INSERT INTO "QueryTableAccess" ("queryId", "tableId")
    VALUES ('527', '1');
SELECT 'order_item_id' FROM OrderItems;
INSERT INTO "SqlQuery" ("queryId", "userId", "issuedAt", "finishedAt", "hasError", "errorMessage", "statement", "projectId", "queryTypeId")
    VALUES ('528', '10', '2023-05-29 21:02:59.567322', '2023-05-29 21:03:03.567322', 'False', 'None', 'SELECT order_item_id FROM OrderItems', '1', '1');
INSERT INTO "QueryColumnAccess" ("queryId", "columnId")
    VALUES ('528', '1');
INSERT INTO "QueryTableAccess" ("queryId", "tableId")
    VALUES ('528', '5');
SELECT 'customer_id' FROM Customers;
INSERT INTO "SqlQuery" ("queryId", "userId", "issuedAt", "finishedAt", "hasError", "errorMessage", "statement", "projectId", "queryTypeId")
    VALUES ('529', '1', '2023-06-10 21:02:59.567328', '2023-06-10 21:03:01.567328', 'False', 'None', 'SELECT customer_id FROM Customers', '1', '1');
INSERT INTO "QueryColumnAccess" ("queryId", "columnId")
    VALUES ('529', '1');
INSERT INTO "QueryTableAccess" ("queryId", "tableId")
    VALUES ('529', '1');
SELECT 'category_id' FROM Categories;
INSERT INTO "SqlQuery" ("queryId", "userId", "issuedAt", "finishedAt", "hasError", "errorMessage", "statement", "projectId", "queryTypeId")
    VALUES ('530', '9', '2023-05-20 21:02:59.567334', '2023-05-20 21:03:00.567334', 'False', 'None', 'SELECT category_id FROM Categories', '1', '1');
INSERT INTO "QueryColumnAccess" ("queryId", "columnId")
    VALUES ('530', '1');
INSERT INTO "QueryTableAccess" ("queryId", "tableId")
    VALUES ('530', '4');
SELECT 'phone_number' FROM Customers;
INSERT INTO "SqlQuery" ("queryId", "userId", "issuedAt", "finishedAt", "hasError", "errorMessage", "statement", "projectId", "queryTypeId")
    VALUES ('531', '8', '2023-04-30 21:02:59.567341', '2023-04-30 21:03:00.567341', 'False', 'None', 'SELECT phone_number FROM Customers', '1', '1');
INSERT INTO "QueryColumnAccess" ("queryId", "columnId")
    VALUES ('531', '5');
INSERT INTO "QueryTableAccess" ("queryId", "tableId")
    VALUES ('531', '1');
SELECT 'description' FROM Categories;
INSERT INTO "SqlQuery" ("queryId", "userId", "issuedAt", "finishedAt", "hasError", "errorMessage", "statement", "projectId", "queryTypeId")
    VALUES ('532', '5', '2023-06-25 21:02:59.567347', '2023-06-25 21:03:02.567347', 'False', 'None', 'SELECT description FROM Categories', '1', '1');
INSERT INTO "QueryColumnAccess" ("queryId", "columnId")
    VALUES ('532', '3');
INSERT INTO "QueryTableAccess" ("queryId", "tableId")
    VALUES ('532', '4');
SELECT 'order_id' FROM Orders;
INSERT INTO "SqlQuery" ("queryId", "userId", "issuedAt", "finishedAt", "hasError", "errorMessage", "statement", "projectId", "queryTypeId")
    VALUES ('533', '14', '2023-04-15 21:02:59.567353', '2023-04-15 21:03:01.567353', 'False', 'None', 'SELECT order_id FROM Orders', '1', '1');
INSERT INTO "QueryColumnAccess" ("queryId", "columnId")
    VALUES ('533', '1');
INSERT INTO "QueryTableAccess" ("queryId", "tableId")
    VALUES ('533', '2');
SELECT 'unit_price' FROM OrderItems;
INSERT INTO "SqlQuery" ("queryId", "userId", "issuedAt", "finishedAt", "hasError", "errorMessage", "statement", "projectId", "queryTypeId")
    VALUES ('534', '9', '2023-06-02 21:02:59.567359', '2023-06-02 21:03:00.567359', 'False', 'None', 'SELECT unit_price FROM OrderItems', '1', '1');
INSERT INTO "QueryColumnAccess" ("queryId", "columnId")
    VALUES ('534', '5');
INSERT INTO "QueryTableAccess" ("queryId", "tableId")
    VALUES ('534', '5');
SELECT 'product_name' FROM Products;
INSERT INTO "SqlQuery" ("queryId", "userId", "issuedAt", "finishedAt", "hasError", "errorMessage", "statement", "projectId", "queryTypeId")
    VALUES ('535', '1', '2023-06-08 21:02:59.567366', '2023-06-08 21:03:03.567366', 'False', 'None', 'SELECT product_name FROM Products', '1', '1');
INSERT INTO "QueryColumnAccess" ("queryId", "columnId")
    VALUES ('535', '2');
INSERT INTO "QueryTableAccess" ("queryId", "tableId")
    VALUES ('535', '3');
SELECT 'order_item_id' FROM OrderItems;
INSERT INTO "SqlQuery" ("queryId", "userId", "issuedAt", "finishedAt", "hasError", "errorMessage", "statement", "projectId", "queryTypeId")
    VALUES ('536', '3', '2023-05-05 21:02:59.567376', '2023-05-05 21:03:02.567376', 'False', 'None', 'SELECT order_item_id FROM OrderItems', '1', '1');
INSERT INTO "QueryColumnAccess" ("queryId", "columnId")
    VALUES ('536', '1');
INSERT INTO "QueryTableAccess" ("queryId", "tableId")
    VALUES ('536', '5');
SELECT 'last_name' FROM Customers;
INSERT INTO "SqlQuery" ("queryId", "userId", "issuedAt", "finishedAt", "hasError", "errorMessage", "statement", "projectId", "queryTypeId")
    VALUES ('537', '4', '2023-06-12 21:02:59.567382', '2023-06-12 21:03:00.567382', 'False', 'None', 'SELECT last_name FROM Customers', '1', '1');
INSERT INTO "QueryColumnAccess" ("queryId", "columnId")
    VALUES ('537', '3');
INSERT INTO "QueryTableAccess" ("queryId", "tableId")
    VALUES ('537', '1');
SELECT 'description' FROM Categories;
INSERT INTO "SqlQuery" ("queryId", "userId", "issuedAt", "finishedAt", "hasError", "errorMessage", "statement", "projectId", "queryTypeId")
    VALUES ('538', '7', '2023-06-08 21:02:59.567389', '2023-06-08 21:03:01.567389', 'False', 'None', 'SELECT description FROM Categories', '1', '1');
INSERT INTO "QueryColumnAccess" ("queryId", "columnId")
    VALUES ('538', '3');
INSERT INTO "QueryTableAccess" ("queryId", "tableId")
    VALUES ('538', '4');
SELECT 'unit_price' FROM OrderItems;
INSERT INTO "SqlQuery" ("queryId", "userId", "issuedAt", "finishedAt", "hasError", "errorMessage", "statement", "projectId", "queryTypeId")
    VALUES ('539', '3', '2023-06-18 21:02:59.567395', '2023-06-18 21:03:03.567395', 'False', 'None', 'SELECT unit_price FROM OrderItems', '1', '1');
INSERT INTO "QueryColumnAccess" ("queryId", "columnId")
    VALUES ('539', '5');
INSERT INTO "QueryTableAccess" ("queryId", "tableId")
    VALUES ('539', '5');
SELECT 'product_id' FROM Products;
INSERT INTO "SqlQuery" ("queryId", "userId", "issuedAt", "finishedAt", "hasError", "errorMessage", "statement", "projectId", "queryTypeId")
    VALUES ('540', '3', '2023-07-10 21:02:59.567401', '2023-07-10 21:03:00.567401', 'False', 'None', 'SELECT product_id FROM Products', '1', '1');
INSERT INTO "QueryColumnAccess" ("queryId", "columnId")
    VALUES ('540', '1');
INSERT INTO "QueryTableAccess" ("queryId", "tableId")
    VALUES ('540', '3');
SELECT 'total_amount' FROM Orders;
INSERT INTO "SqlQuery" ("queryId", "userId", "issuedAt", "finishedAt", "hasError", "errorMessage", "statement", "projectId", "queryTypeId")
    VALUES ('541', '8', '2023-06-25 21:02:59.567408', '2023-06-25 21:03:01.567408', 'False', 'None', 'SELECT total_amount FROM Orders', '1', '1');
INSERT INTO "QueryColumnAccess" ("queryId", "columnId")
    VALUES ('541', '4');
INSERT INTO "QueryTableAccess" ("queryId", "tableId")
    VALUES ('541', '2');
SELECT 'customer_id' FROM Orders;
INSERT INTO "SqlQuery" ("queryId", "userId", "issuedAt", "finishedAt", "hasError", "errorMessage", "statement", "projectId", "queryTypeId")
    VALUES ('542', '13', '2023-05-13 21:02:59.567414', '2023-05-13 21:03:00.567414', 'False', 'None', 'SELECT customer_id FROM Orders', '1', '1');
INSERT INTO "QueryColumnAccess" ("queryId", "columnId")
    VALUES ('542', '2');
INSERT INTO "QueryTableAccess" ("queryId", "tableId")
    VALUES ('542', '2');
SELECT 'email' FROM Customers;
INSERT INTO "SqlQuery" ("queryId", "userId", "issuedAt", "finishedAt", "hasError", "errorMessage", "statement", "projectId", "queryTypeId")
    VALUES ('543', '6', '2023-06-09 21:02:59.567420', '2023-06-09 21:03:03.567420', 'False', 'None', 'SELECT email FROM Customers', '1', '1');
INSERT INTO "QueryColumnAccess" ("queryId", "columnId")
    VALUES ('543', '4');
INSERT INTO "QueryTableAccess" ("queryId", "tableId")
    VALUES ('543', '1');
SELECT 'total_amount' FROM Orders;
INSERT INTO "SqlQuery" ("queryId", "userId", "issuedAt", "finishedAt", "hasError", "errorMessage", "statement", "projectId", "queryTypeId")
    VALUES ('544', '6', '2023-05-24 21:02:59.567427', '2023-05-24 21:03:02.567427', 'False', 'None', 'SELECT total_amount FROM Orders', '1', '1');
INSERT INTO "QueryColumnAccess" ("queryId", "columnId")
    VALUES ('544', '4');
INSERT INTO "QueryTableAccess" ("queryId", "tableId")
    VALUES ('544', '2');
SELECT 'product_id' FROM OrderItems;
INSERT INTO "SqlQuery" ("queryId", "userId", "issuedAt", "finishedAt", "hasError", "errorMessage", "statement", "projectId", "queryTypeId")
    VALUES ('545', '4', '2023-05-11 21:02:59.567433', '2023-05-11 21:03:00.567433', 'False', 'None', 'SELECT product_id FROM OrderItems', '1', '1');
INSERT INTO "QueryColumnAccess" ("queryId", "columnId")
    VALUES ('545', '3');
INSERT INTO "QueryTableAccess" ("queryId", "tableId")
    VALUES ('545', '5');
SELECT 'phone_number' FROM Customers;
INSERT INTO "SqlQuery" ("queryId", "userId", "issuedAt", "finishedAt", "hasError", "errorMessage", "statement", "projectId", "queryTypeId")
    VALUES ('546', '12', '2023-04-15 21:02:59.567439', '2023-04-15 21:03:02.567439', 'False', 'None', 'SELECT phone_number FROM Customers', '1', '1');
INSERT INTO "QueryColumnAccess" ("queryId", "columnId")
    VALUES ('546', '5');
INSERT INTO "QueryTableAccess" ("queryId", "tableId")
    VALUES ('546', '1');
SELECT 'phone_number' FROM Customers;
INSERT INTO "SqlQuery" ("queryId", "userId", "issuedAt", "finishedAt", "hasError", "errorMessage", "statement", "projectId", "queryTypeId")
    VALUES ('547', '6', '2023-06-01 21:02:59.567445', '2023-06-01 21:03:00.567445', 'False', 'None', 'SELECT phone_number FROM Customers', '1', '1');
INSERT INTO "QueryColumnAccess" ("queryId", "columnId")
    VALUES ('547', '5');
INSERT INTO "QueryTableAccess" ("queryId", "tableId")
    VALUES ('547', '1');
SELECT 'email' FROM Customers;
INSERT INTO "SqlQuery" ("queryId", "userId", "issuedAt", "finishedAt", "hasError", "errorMessage", "statement", "projectId", "queryTypeId")
    VALUES ('548', '10', '2023-05-27 21:02:59.567452', '2023-05-27 21:03:02.567452', 'False', 'None', 'SELECT email FROM Customers', '1', '1');
INSERT INTO "QueryColumnAccess" ("queryId", "columnId")
    VALUES ('548', '4');
INSERT INTO "QueryTableAccess" ("queryId", "tableId")
    VALUES ('548', '1');
SELECT 'product_id' FROM Products;
INSERT INTO "SqlQuery" ("queryId", "userId", "issuedAt", "finishedAt", "hasError", "errorMessage", "statement", "projectId", "queryTypeId")
    VALUES ('549', '5', '2023-05-18 21:02:59.567458', '2023-05-18 21:03:01.567458', 'False', 'None', 'SELECT product_id FROM Products', '1', '1');
INSERT INTO "QueryColumnAccess" ("queryId", "columnId")
    VALUES ('549', '1');
INSERT INTO "QueryTableAccess" ("queryId", "tableId")
    VALUES ('549', '3');
SELECT 'order_item_id' FROM OrderItems;
INSERT INTO "SqlQuery" ("queryId", "userId", "issuedAt", "finishedAt", "hasError", "errorMessage", "statement", "projectId", "queryTypeId")
    VALUES ('550', '6', '2023-06-21 21:02:59.567464', '2023-06-21 21:03:02.567464', 'False', 'None', 'SELECT order_item_id FROM OrderItems', '1', '1');
INSERT INTO "QueryColumnAccess" ("queryId", "columnId")
    VALUES ('550', '1');
INSERT INTO "QueryTableAccess" ("queryId", "tableId")
    VALUES ('550', '5');
SELECT 'category_id' FROM Categories;
INSERT INTO "SqlQuery" ("queryId", "userId", "issuedAt", "finishedAt", "hasError", "errorMessage", "statement", "projectId", "queryTypeId")
    VALUES ('551', '14', '2023-07-04 21:02:59.567471', '2023-07-04 21:03:02.567471', 'False', 'None', 'SELECT category_id FROM Categories', '1', '1');
INSERT INTO "QueryColumnAccess" ("queryId", "columnId")
    VALUES ('551', '1');
INSERT INTO "QueryTableAccess" ("queryId", "tableId")
    VALUES ('551', '4');
SELECT 'description' FROM Categories;
INSERT INTO "SqlQuery" ("queryId", "userId", "issuedAt", "finishedAt", "hasError", "errorMessage", "statement", "projectId", "queryTypeId")
    VALUES ('552', '7', '2023-06-01 21:02:59.567477', '2023-06-01 21:03:00.567477', 'False', 'None', 'SELECT description FROM Categories', '1', '1');
INSERT INTO "QueryColumnAccess" ("queryId", "columnId")
    VALUES ('552', '3');
INSERT INTO "QueryTableAccess" ("queryId", "tableId")
    VALUES ('552', '4');
SELECT 'parent_category_id' FROM Categories;
INSERT INTO "SqlQuery" ("queryId", "userId", "issuedAt", "finishedAt", "hasError", "errorMessage", "statement", "projectId", "queryTypeId")
    VALUES ('553', '13', '2023-04-26 21:02:59.567488', '2023-04-26 21:03:01.567488', 'False', 'None', 'SELECT parent_category_id FROM Categories', '1', '1');
INSERT INTO "QueryColumnAccess" ("queryId", "columnId")
    VALUES ('553', '4');
INSERT INTO "QueryTableAccess" ("queryId", "tableId")
    VALUES ('553', '4');
SELECT 'description' FROM Categories;
INSERT INTO "SqlQuery" ("queryId", "userId", "issuedAt", "finishedAt", "hasError", "errorMessage", "statement", "projectId", "queryTypeId")
    VALUES ('554', '13', '2023-07-06 21:02:59.567495', '2023-07-06 21:03:02.567495', 'False', 'None', 'SELECT description FROM Categories', '1', '1');
INSERT INTO "QueryColumnAccess" ("queryId", "columnId")
    VALUES ('554', '3');
INSERT INTO "QueryTableAccess" ("queryId", "tableId")
    VALUES ('554', '4');
SELECT 'description' FROM Products;
INSERT INTO "SqlQuery" ("queryId", "userId", "issuedAt", "finishedAt", "hasError", "errorMessage", "statement", "projectId", "queryTypeId")
    VALUES ('555', '12', '2023-06-18 21:02:59.567501', '2023-06-18 21:03:00.567501', 'False', 'None', 'SELECT description FROM Products', '1', '1');
INSERT INTO "QueryColumnAccess" ("queryId", "columnId")
    VALUES ('555', '5');
INSERT INTO "QueryTableAccess" ("queryId", "tableId")
    VALUES ('555', '3');
SELECT 'last_name' FROM Customers;
INSERT INTO "SqlQuery" ("queryId", "userId", "issuedAt", "finishedAt", "hasError", "errorMessage", "statement", "projectId", "queryTypeId")
    VALUES ('556', '9', '2023-04-12 21:02:59.567508', '2023-04-12 21:03:02.567508', 'False', 'None', 'SELECT last_name FROM Customers', '1', '1');
INSERT INTO "QueryColumnAccess" ("queryId", "columnId")
    VALUES ('556', '3');
INSERT INTO "QueryTableAccess" ("queryId", "tableId")
    VALUES ('556', '1');
SELECT 'description' FROM Categories;
INSERT INTO "SqlQuery" ("queryId", "userId", "issuedAt", "finishedAt", "hasError", "errorMessage", "statement", "projectId", "queryTypeId")
    VALUES ('557', '1', '2023-06-19 21:02:59.567514', '2023-06-19 21:03:03.567514', 'False', 'None', 'SELECT description FROM Categories', '1', '1');
INSERT INTO "QueryColumnAccess" ("queryId", "columnId")
    VALUES ('557', '3');
INSERT INTO "QueryTableAccess" ("queryId", "tableId")
    VALUES ('557', '4');
SELECT 'order_id' FROM OrderItems;
INSERT INTO "SqlQuery" ("queryId", "userId", "issuedAt", "finishedAt", "hasError", "errorMessage", "statement", "projectId", "queryTypeId")
    VALUES ('558', '6', '2023-06-29 21:02:59.567520', '2023-06-29 21:03:03.567520', 'False', 'None', 'SELECT order_id FROM OrderItems', '1', '1');
INSERT INTO "QueryColumnAccess" ("queryId", "columnId")
    VALUES ('558', '2');
INSERT INTO "QueryTableAccess" ("queryId", "tableId")
    VALUES ('558', '5');
SELECT 'unit_price' FROM OrderItems;
INSERT INTO "SqlQuery" ("queryId", "userId", "issuedAt", "finishedAt", "hasError", "errorMessage", "statement", "projectId", "queryTypeId")
    VALUES ('559', '4', '2023-04-28 21:02:59.567527', '2023-04-28 21:03:03.567527', 'False', 'None', 'SELECT unit_price FROM OrderItems', '1', '1');
INSERT INTO "QueryColumnAccess" ("queryId", "columnId")
    VALUES ('559', '5');
INSERT INTO "QueryTableAccess" ("queryId", "tableId")
    VALUES ('559', '5');
SELECT 'last_name' FROM Customers;
INSERT INTO "SqlQuery" ("queryId", "userId", "issuedAt", "finishedAt", "hasError", "errorMessage", "statement", "projectId", "queryTypeId")
    VALUES ('560', '15', '2023-05-06 21:02:59.567533', '2023-05-06 21:03:01.567533', 'False', 'None', 'SELECT last_name FROM Customers', '1', '1');
INSERT INTO "QueryColumnAccess" ("queryId", "columnId")
    VALUES ('560', '3');
INSERT INTO "QueryTableAccess" ("queryId", "tableId")
    VALUES ('560', '1');
SELECT 'parent_category_id' FROM Categories;
INSERT INTO "SqlQuery" ("queryId", "userId", "issuedAt", "finishedAt", "hasError", "errorMessage", "statement", "projectId", "queryTypeId")
    VALUES ('561', '1', '2023-04-30 21:02:59.567539', '2023-04-30 21:03:01.567539', 'False', 'None', 'SELECT parent_category_id FROM Categories', '1', '1');
INSERT INTO "QueryColumnAccess" ("queryId", "columnId")
    VALUES ('561', '4');
INSERT INTO "QueryTableAccess" ("queryId", "tableId")
    VALUES ('561', '4');
SELECT 'order_id' FROM Orders;
INSERT INTO "SqlQuery" ("queryId", "userId", "issuedAt", "finishedAt", "hasError", "errorMessage", "statement", "projectId", "queryTypeId")
    VALUES ('562', '12', '2023-05-10 21:02:59.567546', '2023-05-10 21:03:00.567546', 'False', 'None', 'SELECT order_id FROM Orders', '1', '1');
INSERT INTO "QueryColumnAccess" ("queryId", "columnId")
    VALUES ('562', '1');
INSERT INTO "QueryTableAccess" ("queryId", "tableId")
    VALUES ('562', '2');
SELECT 'category_id' FROM Categories;
INSERT INTO "SqlQuery" ("queryId", "userId", "issuedAt", "finishedAt", "hasError", "errorMessage", "statement", "projectId", "queryTypeId")
    VALUES ('563', '1', '2023-05-21 21:02:59.567552', '2023-05-21 21:03:00.567552', 'False', 'None', 'SELECT category_id FROM Categories', '1', '1');
INSERT INTO "QueryColumnAccess" ("queryId", "columnId")
    VALUES ('563', '1');
INSERT INTO "QueryTableAccess" ("queryId", "tableId")
    VALUES ('563', '4');
SELECT 'payment_method' FROM Orders;
INSERT INTO "SqlQuery" ("queryId", "userId", "issuedAt", "finishedAt", "hasError", "errorMessage", "statement", "projectId", "queryTypeId")
    VALUES ('564', '11', '2023-05-06 21:02:59.567558', '2023-05-06 21:03:02.567558', 'False', 'None', 'SELECT payment_method FROM Orders', '1', '1');
INSERT INTO "QueryColumnAccess" ("queryId", "columnId")
    VALUES ('564', '5');
INSERT INTO "QueryTableAccess" ("queryId", "tableId")
    VALUES ('564', '2');
SELECT 'quantity' FROM Products;
INSERT INTO "SqlQuery" ("queryId", "userId", "issuedAt", "finishedAt", "hasError", "errorMessage", "statement", "projectId", "queryTypeId")
    VALUES ('565', '8', '2023-07-06 21:02:59.567564', '2023-07-06 21:03:03.567564', 'False', 'None', 'SELECT quantity FROM Products', '1', '1');
INSERT INTO "QueryColumnAccess" ("queryId", "columnId")
    VALUES ('565', '6');
INSERT INTO "QueryTableAccess" ("queryId", "tableId")
    VALUES ('565', '3');
SELECT 'shipping_address' FROM Orders;
INSERT INTO "SqlQuery" ("queryId", "userId", "issuedAt", "finishedAt", "hasError", "errorMessage", "statement", "projectId", "queryTypeId")
    VALUES ('566', '1', '2023-04-13 21:02:59.567571', '2023-04-13 21:03:00.567571', 'False', 'None', 'SELECT shipping_address FROM Orders', '1', '1');
INSERT INTO "QueryColumnAccess" ("queryId", "columnId")
    VALUES ('566', '6');
INSERT INTO "QueryTableAccess" ("queryId", "tableId")
    VALUES ('566', '2');
SELECT 'price' FROM Products;
INSERT INTO "SqlQuery" ("queryId", "userId", "issuedAt", "finishedAt", "hasError", "errorMessage", "statement", "projectId", "queryTypeId")
    VALUES ('567', '4', '2023-06-25 21:02:59.567577', '2023-06-25 21:03:02.567577', 'False', 'None', 'SELECT price FROM Products', '1', '1');
INSERT INTO "QueryColumnAccess" ("queryId", "columnId")
    VALUES ('567', '4');
INSERT INTO "QueryTableAccess" ("queryId", "tableId")
    VALUES ('567', '3');
SELECT 'quantity' FROM OrderItems;
INSERT INTO "SqlQuery" ("queryId", "userId", "issuedAt", "finishedAt", "hasError", "errorMessage", "statement", "projectId", "queryTypeId")
    VALUES ('568', '10', '2023-05-06 21:02:59.567583', '2023-05-06 21:03:02.567583', 'False', 'None', 'SELECT quantity FROM OrderItems', '1', '1');
INSERT INTO "QueryColumnAccess" ("queryId", "columnId")
    VALUES ('568', '4');
INSERT INTO "QueryTableAccess" ("queryId", "tableId")
    VALUES ('568', '5');
SELECT 'unit_price' FROM OrderItems;
INSERT INTO "SqlQuery" ("queryId", "userId", "issuedAt", "finishedAt", "hasError", "errorMessage", "statement", "projectId", "queryTypeId")
    VALUES ('569', '12', '2023-05-21 21:02:59.567590', '2023-05-21 21:03:01.567590', 'False', 'None', 'SELECT unit_price FROM OrderItems', '1', '1');
INSERT INTO "QueryColumnAccess" ("queryId", "columnId")
    VALUES ('569', '5');
INSERT INTO "QueryTableAccess" ("queryId", "tableId")
    VALUES ('569', '5');
SELECT 'phone_number' FROM Customers;
INSERT INTO "SqlQuery" ("queryId", "userId", "issuedAt", "finishedAt", "hasError", "errorMessage", "statement", "projectId", "queryTypeId")
    VALUES ('570', '4', '2023-06-20 21:02:59.567604', '2023-06-20 21:03:03.567604', 'False', 'None', 'SELECT phone_number FROM Customers', '1', '1');
INSERT INTO "QueryColumnAccess" ("queryId", "columnId")
    VALUES ('570', '5');
INSERT INTO "QueryTableAccess" ("queryId", "tableId")
    VALUES ('570', '1');
SELECT 'phone_number' FROM Customers;
INSERT INTO "SqlQuery" ("queryId", "userId", "issuedAt", "finishedAt", "hasError", "errorMessage", "statement", "projectId", "queryTypeId")
    VALUES ('571', '6', '2023-06-07 21:02:59.567610', '2023-06-07 21:03:01.567610', 'False', 'None', 'SELECT phone_number FROM Customers', '1', '1');
INSERT INTO "QueryColumnAccess" ("queryId", "columnId")
    VALUES ('571', '5');
INSERT INTO "QueryTableAccess" ("queryId", "tableId")
    VALUES ('571', '1');
SELECT 'total_amount' FROM Orders;
INSERT INTO "SqlQuery" ("queryId", "userId", "issuedAt", "finishedAt", "hasError", "errorMessage", "statement", "projectId", "queryTypeId")
    VALUES ('572', '1', '2023-06-22 21:02:59.567617', '2023-06-22 21:03:01.567617', 'False', 'None', 'SELECT total_amount FROM Orders', '1', '1');
INSERT INTO "QueryColumnAccess" ("queryId", "columnId")
    VALUES ('572', '4');
INSERT INTO "QueryTableAccess" ("queryId", "tableId")
    VALUES ('572', '2');
SELECT 'category_name' FROM Categories;
INSERT INTO "SqlQuery" ("queryId", "userId", "issuedAt", "finishedAt", "hasError", "errorMessage", "statement", "projectId", "queryTypeId")
    VALUES ('573', '4', '2023-05-17 21:02:59.567623', '2023-05-17 21:03:00.567623', 'False', 'None', 'SELECT category_name FROM Categories', '1', '1');
INSERT INTO "QueryColumnAccess" ("queryId", "columnId")
    VALUES ('573', '2');
INSERT INTO "QueryTableAccess" ("queryId", "tableId")
    VALUES ('573', '4');
SELECT 'category_id' FROM Categories;
INSERT INTO "SqlQuery" ("queryId", "userId", "issuedAt", "finishedAt", "hasError", "errorMessage", "statement", "projectId", "queryTypeId")
    VALUES ('574', '11', '2023-05-29 21:02:59.567630', '2023-05-29 21:03:02.567630', 'False', 'None', 'SELECT category_id FROM Categories', '1', '1');
INSERT INTO "QueryColumnAccess" ("queryId", "columnId")
    VALUES ('574', '1');
INSERT INTO "QueryTableAccess" ("queryId", "tableId")
    VALUES ('574', '4');
SELECT 'category_id' FROM Categories;
INSERT INTO "SqlQuery" ("queryId", "userId", "issuedAt", "finishedAt", "hasError", "errorMessage", "statement", "projectId", "queryTypeId")
    VALUES ('575', '14', '2023-07-07 21:02:59.567636', '2023-07-07 21:03:03.567636', 'False', 'None', 'SELECT category_id FROM Categories', '1', '1');
INSERT INTO "QueryColumnAccess" ("queryId", "columnId")
    VALUES ('575', '1');
INSERT INTO "QueryTableAccess" ("queryId", "tableId")
    VALUES ('575', '4');
SELECT 'customer_id' FROM Customers;
INSERT INTO "SqlQuery" ("queryId", "userId", "issuedAt", "finishedAt", "hasError", "errorMessage", "statement", "projectId", "queryTypeId")
    VALUES ('576', '2', '2023-04-27 21:02:59.567642', '2023-04-27 21:03:01.567642', 'False', 'None', 'SELECT customer_id FROM Customers', '1', '1');
INSERT INTO "QueryColumnAccess" ("queryId", "columnId")
    VALUES ('576', '1');
INSERT INTO "QueryTableAccess" ("queryId", "tableId")
    VALUES ('576', '1');
SELECT 'email' FROM Customers;
INSERT INTO "SqlQuery" ("queryId", "userId", "issuedAt", "finishedAt", "hasError", "errorMessage", "statement", "projectId", "queryTypeId")
    VALUES ('577', '11', '2023-07-03 21:02:59.567649', '2023-07-03 21:03:03.567649', 'False', 'None', 'SELECT email FROM Customers', '1', '1');
INSERT INTO "QueryColumnAccess" ("queryId", "columnId")
    VALUES ('577', '4');
INSERT INTO "QueryTableAccess" ("queryId", "tableId")
    VALUES ('577', '1');
SELECT 'product_id' FROM OrderItems;
INSERT INTO "SqlQuery" ("queryId", "userId", "issuedAt", "finishedAt", "hasError", "errorMessage", "statement", "projectId", "queryTypeId")
    VALUES ('578', '10', '2023-04-25 21:02:59.567655', '2023-04-25 21:03:01.567655', 'False', 'None', 'SELECT product_id FROM OrderItems', '1', '1');
INSERT INTO "QueryColumnAccess" ("queryId", "columnId")
    VALUES ('578', '3');
INSERT INTO "QueryTableAccess" ("queryId", "tableId")
    VALUES ('578', '5');
SELECT 'payment_method' FROM Orders;
INSERT INTO "SqlQuery" ("queryId", "userId", "issuedAt", "finishedAt", "hasError", "errorMessage", "statement", "projectId", "queryTypeId")
    VALUES ('579', '7', '2023-05-09 21:02:59.567661', '2023-05-09 21:03:02.567661', 'False', 'None', 'SELECT payment_method FROM Orders', '1', '1');
INSERT INTO "QueryColumnAccess" ("queryId", "columnId")
    VALUES ('579', '5');
INSERT INTO "QueryTableAccess" ("queryId", "tableId")
    VALUES ('579', '2');
SELECT 'quantity' FROM Products;
INSERT INTO "SqlQuery" ("queryId", "userId", "issuedAt", "finishedAt", "hasError", "errorMessage", "statement", "projectId", "queryTypeId")
    VALUES ('580', '11', '2023-05-31 21:02:59.567667', '2023-05-31 21:03:00.567667', 'False', 'None', 'SELECT quantity FROM Products', '1', '1');
INSERT INTO "QueryColumnAccess" ("queryId", "columnId")
    VALUES ('580', '6');
INSERT INTO "QueryTableAccess" ("queryId", "tableId")
    VALUES ('580', '3');
SELECT 'description' FROM Categories;
INSERT INTO "SqlQuery" ("queryId", "userId", "issuedAt", "finishedAt", "hasError", "errorMessage", "statement", "projectId", "queryTypeId")
    VALUES ('581', '3', '2023-04-29 21:02:59.567674', '2023-04-29 21:03:02.567674', 'False', 'None', 'SELECT description FROM Categories', '1', '1');
INSERT INTO "QueryColumnAccess" ("queryId", "columnId")
    VALUES ('581', '3');
INSERT INTO "QueryTableAccess" ("queryId", "tableId")
    VALUES ('581', '4');
SELECT 'order_id' FROM OrderItems;
INSERT INTO "SqlQuery" ("queryId", "userId", "issuedAt", "finishedAt", "hasError", "errorMessage", "statement", "projectId", "queryTypeId")
    VALUES ('582', '2', '2023-06-25 21:02:59.567680', '2023-06-25 21:03:01.567680', 'False', 'None', 'SELECT order_id FROM OrderItems', '1', '1');
INSERT INTO "QueryColumnAccess" ("queryId", "columnId")
    VALUES ('582', '2');
INSERT INTO "QueryTableAccess" ("queryId", "tableId")
    VALUES ('582', '5');
SELECT 'first_name' FROM Customers;
INSERT INTO "SqlQuery" ("queryId", "userId", "issuedAt", "finishedAt", "hasError", "errorMessage", "statement", "projectId", "queryTypeId")
    VALUES ('583', '2', '2023-04-23 21:02:59.567686', '2023-04-23 21:03:01.567686', 'False', 'None', 'SELECT first_name FROM Customers', '1', '1');
INSERT INTO "QueryColumnAccess" ("queryId", "columnId")
    VALUES ('583', '2');
INSERT INTO "QueryTableAccess" ("queryId", "tableId")
    VALUES ('583', '1');
SELECT 'price' FROM Products;
INSERT INTO "SqlQuery" ("queryId", "userId", "issuedAt", "finishedAt", "hasError", "errorMessage", "statement", "projectId", "queryTypeId")
    VALUES ('584', '5', '2023-06-04 21:02:59.567693', '2023-06-04 21:03:01.567693', 'False', 'None', 'SELECT price FROM Products', '1', '1');
INSERT INTO "QueryColumnAccess" ("queryId", "columnId")
    VALUES ('584', '4');
INSERT INTO "QueryTableAccess" ("queryId", "tableId")
    VALUES ('584', '3');
SELECT 'phone_number' FROM Customers;
INSERT INTO "SqlQuery" ("queryId", "userId", "issuedAt", "finishedAt", "hasError", "errorMessage", "statement", "projectId", "queryTypeId")
    VALUES ('585', '15', '2023-05-30 21:02:59.567699', '2023-05-30 21:03:01.567699', 'False', 'None', 'SELECT phone_number FROM Customers', '1', '1');
INSERT INTO "QueryColumnAccess" ("queryId", "columnId")
    VALUES ('585', '5');
INSERT INTO "QueryTableAccess" ("queryId", "tableId")
    VALUES ('585', '1');
SELECT 'order_id' FROM OrderItems;
INSERT INTO "SqlQuery" ("queryId", "userId", "issuedAt", "finishedAt", "hasError", "errorMessage", "statement", "projectId", "queryTypeId")
    VALUES ('586', '5', '2023-06-15 21:02:59.567714', '2023-06-15 21:03:03.567714', 'False', 'None', 'SELECT order_id FROM OrderItems', '1', '1');
INSERT INTO "QueryColumnAccess" ("queryId", "columnId")
    VALUES ('586', '2');
INSERT INTO "QueryTableAccess" ("queryId", "tableId")
    VALUES ('586', '5');
SELECT 'customer_id' FROM Orders;
INSERT INTO "SqlQuery" ("queryId", "userId", "issuedAt", "finishedAt", "hasError", "errorMessage", "statement", "projectId", "queryTypeId")
    VALUES ('587', '1', '2023-04-20 21:02:59.567720', '2023-04-20 21:03:03.567720', 'False', 'None', 'SELECT customer_id FROM Orders', '1', '1');
INSERT INTO "QueryColumnAccess" ("queryId", "columnId")
    VALUES ('587', '2');
INSERT INTO "QueryTableAccess" ("queryId", "tableId")
    VALUES ('587', '2');
SELECT 'payment_method' FROM Orders;
INSERT INTO "SqlQuery" ("queryId", "userId", "issuedAt", "finishedAt", "hasError", "errorMessage", "statement", "projectId", "queryTypeId")
    VALUES ('588', '4', '2023-04-30 21:02:59.567726', '2023-04-30 21:03:01.567726', 'False', 'None', 'SELECT payment_method FROM Orders', '1', '1');
INSERT INTO "QueryColumnAccess" ("queryId", "columnId")
    VALUES ('588', '5');
INSERT INTO "QueryTableAccess" ("queryId", "tableId")
    VALUES ('588', '2');
SELECT 'order_date' FROM Orders;
INSERT INTO "SqlQuery" ("queryId", "userId", "issuedAt", "finishedAt", "hasError", "errorMessage", "statement", "projectId", "queryTypeId")
    VALUES ('589', '13', '2023-06-09 21:02:59.567733', '2023-06-09 21:03:01.567733', 'False', 'None', 'SELECT order_date FROM Orders', '1', '1');
INSERT INTO "QueryColumnAccess" ("queryId", "columnId")
    VALUES ('589', '3');
INSERT INTO "QueryTableAccess" ("queryId", "tableId")
    VALUES ('589', '2');
SELECT 'order_id' FROM Orders;
INSERT INTO "SqlQuery" ("queryId", "userId", "issuedAt", "finishedAt", "hasError", "errorMessage", "statement", "projectId", "queryTypeId")
    VALUES ('590', '8', '2023-04-21 21:02:59.567739', '2023-04-21 21:03:02.567739', 'False', 'None', 'SELECT order_id FROM Orders', '1', '1');
INSERT INTO "QueryColumnAccess" ("queryId", "columnId")
    VALUES ('590', '1');
INSERT INTO "QueryTableAccess" ("queryId", "tableId")
    VALUES ('590', '2');
SELECT 'quantity' FROM Products;
INSERT INTO "SqlQuery" ("queryId", "userId", "issuedAt", "finishedAt", "hasError", "errorMessage", "statement", "projectId", "queryTypeId")
    VALUES ('591', '10', '2023-07-06 21:02:59.567746', '2023-07-06 21:03:02.567746', 'False', 'None', 'SELECT quantity FROM Products', '1', '1');
INSERT INTO "QueryColumnAccess" ("queryId", "columnId")
    VALUES ('591', '6');
INSERT INTO "QueryTableAccess" ("queryId", "tableId")
    VALUES ('591', '3');
SELECT 'last_name' FROM Customers;
INSERT INTO "SqlQuery" ("queryId", "userId", "issuedAt", "finishedAt", "hasError", "errorMessage", "statement", "projectId", "queryTypeId")
    VALUES ('592', '6', '2023-04-19 21:02:59.567752', '2023-04-19 21:03:00.567752', 'False', 'None', 'SELECT last_name FROM Customers', '1', '1');
INSERT INTO "QueryColumnAccess" ("queryId", "columnId")
    VALUES ('592', '3');
INSERT INTO "QueryTableAccess" ("queryId", "tableId")
    VALUES ('592', '1');
SELECT 'parent_category_id' FROM Categories;
INSERT INTO "SqlQuery" ("queryId", "userId", "issuedAt", "finishedAt", "hasError", "errorMessage", "statement", "projectId", "queryTypeId")
    VALUES ('593', '8', '2023-05-19 21:02:59.567758', '2023-05-19 21:03:03.567758', 'False', 'None', 'SELECT parent_category_id FROM Categories', '1', '1');
INSERT INTO "QueryColumnAccess" ("queryId", "columnId")
    VALUES ('593', '4');
INSERT INTO "QueryTableAccess" ("queryId", "tableId")
    VALUES ('593', '4');
SELECT 'parent_category_id' FROM Categories;
INSERT INTO "SqlQuery" ("queryId", "userId", "issuedAt", "finishedAt", "hasError", "errorMessage", "statement", "projectId", "queryTypeId")
    VALUES ('594', '10', '2023-06-08 21:02:59.567764', '2023-06-08 21:03:01.567764', 'False', 'None', 'SELECT parent_category_id FROM Categories', '1', '1');
INSERT INTO "QueryColumnAccess" ("queryId", "columnId")
    VALUES ('594', '4');
INSERT INTO "QueryTableAccess" ("queryId", "tableId")
    VALUES ('594', '4');
SELECT 'product_name' FROM Products;
INSERT INTO "SqlQuery" ("queryId", "userId", "issuedAt", "finishedAt", "hasError", "errorMessage", "statement", "projectId", "queryTypeId")
    VALUES ('595', '7', '2023-06-09 21:02:59.567771', '2023-06-09 21:03:01.567771', 'False', 'None', 'SELECT product_name FROM Products', '1', '1');
INSERT INTO "QueryColumnAccess" ("queryId", "columnId")
    VALUES ('595', '2');
INSERT INTO "QueryTableAccess" ("queryId", "tableId")
    VALUES ('595', '3');
SELECT 'order_date' FROM Orders;
INSERT INTO "SqlQuery" ("queryId", "userId", "issuedAt", "finishedAt", "hasError", "errorMessage", "statement", "projectId", "queryTypeId")
    VALUES ('596', '5', '2023-05-18 21:02:59.567777', '2023-05-18 21:03:01.567777', 'False', 'None', 'SELECT order_date FROM Orders', '1', '1');
INSERT INTO "QueryColumnAccess" ("queryId", "columnId")
    VALUES ('596', '3');
INSERT INTO "QueryTableAccess" ("queryId", "tableId")
    VALUES ('596', '2');
SELECT 'category_name' FROM Categories;
INSERT INTO "SqlQuery" ("queryId", "userId", "issuedAt", "finishedAt", "hasError", "errorMessage", "statement", "projectId", "queryTypeId")
    VALUES ('597', '8', '2023-05-01 21:02:59.567783', '2023-05-01 21:03:00.567783', 'False', 'None', 'SELECT category_name FROM Categories', '1', '1');
INSERT INTO "QueryColumnAccess" ("queryId", "columnId")
    VALUES ('597', '2');
INSERT INTO "QueryTableAccess" ("queryId", "tableId")
    VALUES ('597', '4');
SELECT 'price' FROM Products;
INSERT INTO "SqlQuery" ("queryId", "userId", "issuedAt", "finishedAt", "hasError", "errorMessage", "statement", "projectId", "queryTypeId")
    VALUES ('598', '10', '2023-04-21 21:02:59.567789', '2023-04-21 21:03:03.567789', 'False', 'None', 'SELECT price FROM Products', '1', '1');
INSERT INTO "QueryColumnAccess" ("queryId", "columnId")
    VALUES ('598', '4');
INSERT INTO "QueryTableAccess" ("queryId", "tableId")
    VALUES ('598', '3');
SELECT 'order_id' FROM OrderItems;
INSERT INTO "SqlQuery" ("queryId", "userId", "issuedAt", "finishedAt", "hasError", "errorMessage", "statement", "projectId", "queryTypeId")
    VALUES ('599', '9', '2023-05-23 21:02:59.567796', '2023-05-23 21:03:02.567796', 'False', 'None', 'SELECT order_id FROM OrderItems', '1', '1');
INSERT INTO "QueryColumnAccess" ("queryId", "columnId")
    VALUES ('599', '2');
INSERT INTO "QueryTableAccess" ("queryId", "tableId")
    VALUES ('599', '5');
SELECT 'quantity' FROM OrderItems;
INSERT INTO "SqlQuery" ("queryId", "userId", "issuedAt", "finishedAt", "hasError", "errorMessage", "statement", "projectId", "queryTypeId")
    VALUES ('600', '13', '2023-07-01 21:02:59.567802', '2023-07-01 21:03:00.567802', 'False', 'None', 'SELECT quantity FROM OrderItems', '1', '1');
INSERT INTO "QueryColumnAccess" ("queryId", "columnId")
    VALUES ('600', '4');
INSERT INTO "QueryTableAccess" ("queryId", "tableId")
    VALUES ('600', '5');
SELECT 'order_item_id' FROM OrderItems;
INSERT INTO "SqlQuery" ("queryId", "userId", "issuedAt", "finishedAt", "hasError", "errorMessage", "statement", "projectId", "queryTypeId")
    VALUES ('601', '5', '2023-06-08 21:02:59.567808', '2023-06-08 21:03:00.567808', 'False', 'None', 'SELECT order_item_id FROM OrderItems', '1', '1');
INSERT INTO "QueryColumnAccess" ("queryId", "columnId")
    VALUES ('601', '1');
INSERT INTO "QueryTableAccess" ("queryId", "tableId")
    VALUES ('601', '5');
SELECT 'parent_category_id' FROM Categories;
INSERT INTO "SqlQuery" ("queryId", "userId", "issuedAt", "finishedAt", "hasError", "errorMessage", "statement", "projectId", "queryTypeId")
    VALUES ('602', '6', '2023-06-06 21:02:59.567815', '2023-06-06 21:03:01.567815', 'False', 'None', 'SELECT parent_category_id FROM Categories', '1', '1');
INSERT INTO "QueryColumnAccess" ("queryId", "columnId")
    VALUES ('602', '4');
INSERT INTO "QueryTableAccess" ("queryId", "tableId")
    VALUES ('602', '4');
SELECT 'order_id' FROM Orders;
INSERT INTO "SqlQuery" ("queryId", "userId", "issuedAt", "finishedAt", "hasError", "errorMessage", "statement", "projectId", "queryTypeId")
    VALUES ('603', '11', '2023-04-25 21:02:59.567827', '2023-04-25 21:03:02.567827', 'False', 'None', 'SELECT order_id FROM Orders', '1', '1');
INSERT INTO "QueryColumnAccess" ("queryId", "columnId")
    VALUES ('603', '1');
INSERT INTO "QueryTableAccess" ("queryId", "tableId")
    VALUES ('603', '2');
SELECT 'product_id' FROM Products;
INSERT INTO "SqlQuery" ("queryId", "userId", "issuedAt", "finishedAt", "hasError", "errorMessage", "statement", "projectId", "queryTypeId")
    VALUES ('604', '9', '2023-05-13 21:02:59.567834', '2023-05-13 21:03:01.567834', 'False', 'None', 'SELECT product_id FROM Products', '1', '1');
INSERT INTO "QueryColumnAccess" ("queryId", "columnId")
    VALUES ('604', '1');
INSERT INTO "QueryTableAccess" ("queryId", "tableId")
    VALUES ('604', '3');
SELECT 'unit_price' FROM OrderItems;
INSERT INTO "SqlQuery" ("queryId", "userId", "issuedAt", "finishedAt", "hasError", "errorMessage", "statement", "projectId", "queryTypeId")
    VALUES ('605', '3', '2023-07-08 21:02:59.567840', '2023-07-08 21:03:03.567840', 'False', 'None', 'SELECT unit_price FROM OrderItems', '1', '1');
INSERT INTO "QueryColumnAccess" ("queryId", "columnId")
    VALUES ('605', '5');
INSERT INTO "QueryTableAccess" ("queryId", "tableId")
    VALUES ('605', '5');
SELECT 'order_item_id' FROM OrderItems;
INSERT INTO "SqlQuery" ("queryId", "userId", "issuedAt", "finishedAt", "hasError", "errorMessage", "statement", "projectId", "queryTypeId")
    VALUES ('606', '3', '2023-04-27 21:02:59.567847', '2023-04-27 21:03:03.567847', 'False', 'None', 'SELECT order_item_id FROM OrderItems', '1', '1');
INSERT INTO "QueryColumnAccess" ("queryId", "columnId")
    VALUES ('606', '1');
INSERT INTO "QueryTableAccess" ("queryId", "tableId")
    VALUES ('606', '5');
SELECT 'product_name' FROM Products;
INSERT INTO "SqlQuery" ("queryId", "userId", "issuedAt", "finishedAt", "hasError", "errorMessage", "statement", "projectId", "queryTypeId")
    VALUES ('607', '4', '2023-04-25 21:02:59.567853', '2023-04-25 21:03:03.567853', 'False', 'None', 'SELECT product_name FROM Products', '1', '1');
INSERT INTO "QueryColumnAccess" ("queryId", "columnId")
    VALUES ('607', '2');
INSERT INTO "QueryTableAccess" ("queryId", "tableId")
    VALUES ('607', '3');
SELECT 'shipping_address' FROM Orders;
INSERT INTO "SqlQuery" ("queryId", "userId", "issuedAt", "finishedAt", "hasError", "errorMessage", "statement", "projectId", "queryTypeId")
    VALUES ('608', '6', '2023-06-16 21:02:59.567859', '2023-06-16 21:03:02.567859', 'False', 'None', 'SELECT shipping_address FROM Orders', '1', '1');
INSERT INTO "QueryColumnAccess" ("queryId", "columnId")
    VALUES ('608', '6');
INSERT INTO "QueryTableAccess" ("queryId", "tableId")
    VALUES ('608', '2');
SELECT 'product_id' FROM Products;
INSERT INTO "SqlQuery" ("queryId", "userId", "issuedAt", "finishedAt", "hasError", "errorMessage", "statement", "projectId", "queryTypeId")
    VALUES ('609', '9', '2023-06-14 21:02:59.567866', '2023-06-14 21:03:00.567866', 'False', 'None', 'SELECT product_id FROM Products', '1', '1');
INSERT INTO "QueryColumnAccess" ("queryId", "columnId")
    VALUES ('609', '1');
INSERT INTO "QueryTableAccess" ("queryId", "tableId")
    VALUES ('609', '3');
SELECT 'category_id' FROM Categories;
INSERT INTO "SqlQuery" ("queryId", "userId", "issuedAt", "finishedAt", "hasError", "errorMessage", "statement", "projectId", "queryTypeId")
    VALUES ('610', '2', '2023-06-08 21:02:59.567872', '2023-06-08 21:03:00.567872', 'False', 'None', 'SELECT category_id FROM Categories', '1', '1');
INSERT INTO "QueryColumnAccess" ("queryId", "columnId")
    VALUES ('610', '1');
INSERT INTO "QueryTableAccess" ("queryId", "tableId")
    VALUES ('610', '4');
SELECT 'product_name' FROM Products;
INSERT INTO "SqlQuery" ("queryId", "userId", "issuedAt", "finishedAt", "hasError", "errorMessage", "statement", "projectId", "queryTypeId")
    VALUES ('611', '13', '2023-07-03 21:02:59.567879', '2023-07-03 21:03:01.567879', 'False', 'None', 'SELECT product_name FROM Products', '1', '1');
INSERT INTO "QueryColumnAccess" ("queryId", "columnId")
    VALUES ('611', '2');
INSERT INTO "QueryTableAccess" ("queryId", "tableId")
    VALUES ('611', '3');
SELECT 'address' FROM Customers;
INSERT INTO "SqlQuery" ("queryId", "userId", "issuedAt", "finishedAt", "hasError", "errorMessage", "statement", "projectId", "queryTypeId")
    VALUES ('612', '4', '2023-07-04 21:02:59.567885', '2023-07-04 21:03:00.567885', 'False', 'None', 'SELECT address FROM Customers', '1', '1');
INSERT INTO "QueryColumnAccess" ("queryId", "columnId")
    VALUES ('612', '6');
INSERT INTO "QueryTableAccess" ("queryId", "tableId")
    VALUES ('612', '1');
SELECT 'customer_id' FROM Orders;
INSERT INTO "SqlQuery" ("queryId", "userId", "issuedAt", "finishedAt", "hasError", "errorMessage", "statement", "projectId", "queryTypeId")
    VALUES ('613', '7', '2023-06-20 21:02:59.567891', '2023-06-20 21:03:02.567891', 'False', 'None', 'SELECT customer_id FROM Orders', '1', '1');
INSERT INTO "QueryColumnAccess" ("queryId", "columnId")
    VALUES ('613', '2');
INSERT INTO "QueryTableAccess" ("queryId", "tableId")
    VALUES ('613', '2');
SELECT 'product_id' FROM OrderItems;
INSERT INTO "SqlQuery" ("queryId", "userId", "issuedAt", "finishedAt", "hasError", "errorMessage", "statement", "projectId", "queryTypeId")
    VALUES ('614', '5', '2023-05-19 21:02:59.567897', '2023-05-19 21:03:00.567897', 'False', 'None', 'SELECT product_id FROM OrderItems', '1', '1');
INSERT INTO "QueryColumnAccess" ("queryId", "columnId")
    VALUES ('614', '3');
INSERT INTO "QueryTableAccess" ("queryId", "tableId")
    VALUES ('614', '5');
SELECT 'address' FROM Customers;
INSERT INTO "SqlQuery" ("queryId", "userId", "issuedAt", "finishedAt", "hasError", "errorMessage", "statement", "projectId", "queryTypeId")
    VALUES ('615', '14', '2023-05-20 21:02:59.567904', '2023-05-20 21:03:03.567904', 'False', 'None', 'SELECT address FROM Customers', '1', '1');
INSERT INTO "QueryColumnAccess" ("queryId", "columnId")
    VALUES ('615', '6');
INSERT INTO "QueryTableAccess" ("queryId", "tableId")
    VALUES ('615', '1');
SELECT 'shipping_address' FROM Orders;
INSERT INTO "SqlQuery" ("queryId", "userId", "issuedAt", "finishedAt", "hasError", "errorMessage", "statement", "projectId", "queryTypeId")
    VALUES ('616', '3', '2023-06-14 21:02:59.567910', '2023-06-14 21:03:03.567910', 'False', 'None', 'SELECT shipping_address FROM Orders', '1', '1');
INSERT INTO "QueryColumnAccess" ("queryId", "columnId")
    VALUES ('616', '6');
INSERT INTO "QueryTableAccess" ("queryId", "tableId")
    VALUES ('616', '2');
SELECT 'product_id' FROM OrderItems;
INSERT INTO "SqlQuery" ("queryId", "userId", "issuedAt", "finishedAt", "hasError", "errorMessage", "statement", "projectId", "queryTypeId")
    VALUES ('617', '11', '2023-05-17 21:02:59.567916', '2023-05-17 21:03:00.567916', 'False', 'None', 'SELECT product_id FROM OrderItems', '1', '1');
INSERT INTO "QueryColumnAccess" ("queryId", "columnId")
    VALUES ('617', '3');
INSERT INTO "QueryTableAccess" ("queryId", "tableId")
    VALUES ('617', '5');
SELECT 'order_id' FROM Orders;
INSERT INTO "SqlQuery" ("queryId", "userId", "issuedAt", "finishedAt", "hasError", "errorMessage", "statement", "projectId", "queryTypeId")
    VALUES ('618', '13', '2023-05-08 21:02:59.567922', '2023-05-08 21:03:03.567922', 'False', 'None', 'SELECT order_id FROM Orders', '1', '1');
INSERT INTO "QueryColumnAccess" ("queryId", "columnId")
    VALUES ('618', '1');
INSERT INTO "QueryTableAccess" ("queryId", "tableId")
    VALUES ('618', '2');
SELECT 'product_id' FROM Products;
INSERT INTO "SqlQuery" ("queryId", "userId", "issuedAt", "finishedAt", "hasError", "errorMessage", "statement", "projectId", "queryTypeId")
    VALUES ('619', '2', '2023-06-15 21:02:59.567929', '2023-06-15 21:03:03.567929', 'False', 'None', 'SELECT product_id FROM Products', '1', '1');
INSERT INTO "QueryColumnAccess" ("queryId", "columnId")
    VALUES ('619', '1');
INSERT INTO "QueryTableAccess" ("queryId", "tableId")
    VALUES ('619', '3');
SELECT 'email' FROM Customers;
INSERT INTO "SqlQuery" ("queryId", "userId", "issuedAt", "finishedAt", "hasError", "errorMessage", "statement", "projectId", "queryTypeId")
    VALUES ('620', '11', '2023-04-25 21:02:59.567941', '2023-04-25 21:03:01.567941', 'False', 'None', 'SELECT email FROM Customers', '1', '1');
INSERT INTO "QueryColumnAccess" ("queryId", "columnId")
    VALUES ('620', '4');
INSERT INTO "QueryTableAccess" ("queryId", "tableId")
    VALUES ('620', '1');
SELECT 'order_id' FROM Orders;
INSERT INTO "SqlQuery" ("queryId", "userId", "issuedAt", "finishedAt", "hasError", "errorMessage", "statement", "projectId", "queryTypeId")
    VALUES ('621', '15', '2023-05-14 21:02:59.567947', '2023-05-14 21:03:02.567947', 'False', 'None', 'SELECT order_id FROM Orders', '1', '1');
INSERT INTO "QueryColumnAccess" ("queryId", "columnId")
    VALUES ('621', '1');
INSERT INTO "QueryTableAccess" ("queryId", "tableId")
    VALUES ('621', '2');
SELECT 'address' FROM Customers;
INSERT INTO "SqlQuery" ("queryId", "userId", "issuedAt", "finishedAt", "hasError", "errorMessage", "statement", "projectId", "queryTypeId")
    VALUES ('622', '5', '2023-06-05 21:02:59.567954', '2023-06-05 21:03:00.567954', 'False', 'None', 'SELECT address FROM Customers', '1', '1');
INSERT INTO "QueryColumnAccess" ("queryId", "columnId")
    VALUES ('622', '6');
INSERT INTO "QueryTableAccess" ("queryId", "tableId")
    VALUES ('622', '1');
SELECT 'category_id' FROM Categories;
INSERT INTO "SqlQuery" ("queryId", "userId", "issuedAt", "finishedAt", "hasError", "errorMessage", "statement", "projectId", "queryTypeId")
    VALUES ('623', '8', '2023-05-20 21:02:59.567960', '2023-05-20 21:03:01.567960', 'False', 'None', 'SELECT category_id FROM Categories', '1', '1');
INSERT INTO "QueryColumnAccess" ("queryId", "columnId")
    VALUES ('623', '1');
INSERT INTO "QueryTableAccess" ("queryId", "tableId")
    VALUES ('623', '4');
SELECT 'order_item_id' FROM OrderItems;
INSERT INTO "SqlQuery" ("queryId", "userId", "issuedAt", "finishedAt", "hasError", "errorMessage", "statement", "projectId", "queryTypeId")
    VALUES ('624', '6', '2023-07-06 21:02:59.567966', '2023-07-06 21:03:02.567966', 'False', 'None', 'SELECT order_item_id FROM OrderItems', '1', '1');
INSERT INTO "QueryColumnAccess" ("queryId", "columnId")
    VALUES ('624', '1');
INSERT INTO "QueryTableAccess" ("queryId", "tableId")
    VALUES ('624', '5');
SELECT 'customer_id' FROM Orders;
INSERT INTO "SqlQuery" ("queryId", "userId", "issuedAt", "finishedAt", "hasError", "errorMessage", "statement", "projectId", "queryTypeId")
    VALUES ('625', '4', '2023-06-17 21:02:59.567972', '2023-06-17 21:03:03.567972', 'False', 'None', 'SELECT customer_id FROM Orders', '1', '1');
INSERT INTO "QueryColumnAccess" ("queryId", "columnId")
    VALUES ('625', '2');
INSERT INTO "QueryTableAccess" ("queryId", "tableId")
    VALUES ('625', '2');
SELECT 'order_item_id' FROM OrderItems;
INSERT INTO "SqlQuery" ("queryId", "userId", "issuedAt", "finishedAt", "hasError", "errorMessage", "statement", "projectId", "queryTypeId")
    VALUES ('626', '7', '2023-04-28 21:02:59.567979', '2023-04-28 21:03:01.567979', 'False', 'None', 'SELECT order_item_id FROM OrderItems', '1', '1');
INSERT INTO "QueryColumnAccess" ("queryId", "columnId")
    VALUES ('626', '1');
INSERT INTO "QueryTableAccess" ("queryId", "tableId")
    VALUES ('626', '5');
SELECT 'order_id' FROM Orders;
INSERT INTO "SqlQuery" ("queryId", "userId", "issuedAt", "finishedAt", "hasError", "errorMessage", "statement", "projectId", "queryTypeId")
    VALUES ('627', '13', '2023-06-10 21:02:59.567985', '2023-06-10 21:03:03.567985', 'False', 'None', 'SELECT order_id FROM Orders', '1', '1');
INSERT INTO "QueryColumnAccess" ("queryId", "columnId")
    VALUES ('627', '1');
INSERT INTO "QueryTableAccess" ("queryId", "tableId")
    VALUES ('627', '2');
SELECT 'description' FROM Products;
INSERT INTO "SqlQuery" ("queryId", "userId", "issuedAt", "finishedAt", "hasError", "errorMessage", "statement", "projectId", "queryTypeId")
    VALUES ('628', '15', '2023-04-25 21:02:59.567991', '2023-04-25 21:03:01.567991', 'False', 'None', 'SELECT description FROM Products', '1', '1');
INSERT INTO "QueryColumnAccess" ("queryId", "columnId")
    VALUES ('628', '5');
INSERT INTO "QueryTableAccess" ("queryId", "tableId")
    VALUES ('628', '3');
SELECT 'product_id' FROM OrderItems;
INSERT INTO "SqlQuery" ("queryId", "userId", "issuedAt", "finishedAt", "hasError", "errorMessage", "statement", "projectId", "queryTypeId")
    VALUES ('629', '15', '2023-05-10 21:02:59.567997', '2023-05-10 21:03:00.567997', 'False', 'None', 'SELECT product_id FROM OrderItems', '1', '1');
INSERT INTO "QueryColumnAccess" ("queryId", "columnId")
    VALUES ('629', '3');
INSERT INTO "QueryTableAccess" ("queryId", "tableId")
    VALUES ('629', '5');
SELECT 'quantity' FROM Products;
INSERT INTO "SqlQuery" ("queryId", "userId", "issuedAt", "finishedAt", "hasError", "errorMessage", "statement", "projectId", "queryTypeId")
    VALUES ('630', '8', '2023-06-22 21:02:59.568003', '2023-06-22 21:03:02.568003', 'False', 'None', 'SELECT quantity FROM Products', '1', '1');
INSERT INTO "QueryColumnAccess" ("queryId", "columnId")
    VALUES ('630', '6');
INSERT INTO "QueryTableAccess" ("queryId", "tableId")
    VALUES ('630', '3');
SELECT 'customer_id' FROM Orders;
INSERT INTO "SqlQuery" ("queryId", "userId", "issuedAt", "finishedAt", "hasError", "errorMessage", "statement", "projectId", "queryTypeId")
    VALUES ('631', '14', '2023-05-25 21:02:59.568010', '2023-05-25 21:03:03.568010', 'False', 'None', 'SELECT customer_id FROM Orders', '1', '1');
INSERT INTO "QueryColumnAccess" ("queryId", "columnId")
    VALUES ('631', '2');
INSERT INTO "QueryTableAccess" ("queryId", "tableId")
    VALUES ('631', '2');
SELECT 'unit_price' FROM OrderItems;
INSERT INTO "SqlQuery" ("queryId", "userId", "issuedAt", "finishedAt", "hasError", "errorMessage", "statement", "projectId", "queryTypeId")
    VALUES ('632', '5', '2023-06-27 21:02:59.568016', '2023-06-27 21:03:02.568016', 'False', 'None', 'SELECT unit_price FROM OrderItems', '1', '1');
INSERT INTO "QueryColumnAccess" ("queryId", "columnId")
    VALUES ('632', '5');
INSERT INTO "QueryTableAccess" ("queryId", "tableId")
    VALUES ('632', '5');
SELECT 'payment_method' FROM Orders;
INSERT INTO "SqlQuery" ("queryId", "userId", "issuedAt", "finishedAt", "hasError", "errorMessage", "statement", "projectId", "queryTypeId")
    VALUES ('633', '14', '2023-05-17 21:02:59.568022', '2023-05-17 21:03:00.568022', 'False', 'None', 'SELECT payment_method FROM Orders', '1', '1');
INSERT INTO "QueryColumnAccess" ("queryId", "columnId")
    VALUES ('633', '5');
INSERT INTO "QueryTableAccess" ("queryId", "tableId")
    VALUES ('633', '2');
SELECT 'order_item_id' FROM OrderItems;
INSERT INTO "SqlQuery" ("queryId", "userId", "issuedAt", "finishedAt", "hasError", "errorMessage", "statement", "projectId", "queryTypeId")
    VALUES ('634', '9', '2023-06-20 21:02:59.568028', '2023-06-20 21:03:01.568028', 'False', 'None', 'SELECT order_item_id FROM OrderItems', '1', '1');
INSERT INTO "QueryColumnAccess" ("queryId", "columnId")
    VALUES ('634', '1');
INSERT INTO "QueryTableAccess" ("queryId", "tableId")
    VALUES ('634', '5');
SELECT 'category' FROM Products;
INSERT INTO "SqlQuery" ("queryId", "userId", "issuedAt", "finishedAt", "hasError", "errorMessage", "statement", "projectId", "queryTypeId")
    VALUES ('635', '12', '2023-05-16 21:02:59.568035', '2023-05-16 21:03:02.568035', 'False', 'None', 'SELECT category FROM Products', '1', '1');
INSERT INTO "QueryColumnAccess" ("queryId", "columnId")
    VALUES ('635', '3');
INSERT INTO "QueryTableAccess" ("queryId", "tableId")
    VALUES ('635', '3');
SELECT 'address' FROM Customers;
INSERT INTO "SqlQuery" ("queryId", "userId", "issuedAt", "finishedAt", "hasError", "errorMessage", "statement", "projectId", "queryTypeId")
    VALUES ('636', '8', '2023-06-16 21:02:59.568041', '2023-06-16 21:03:03.568041', 'False', 'None', 'SELECT address FROM Customers', '1', '1');
INSERT INTO "QueryColumnAccess" ("queryId", "columnId")
    VALUES ('636', '6');
INSERT INTO "QueryTableAccess" ("queryId", "tableId")
    VALUES ('636', '1');
SELECT 'order_id' FROM Orders;
INSERT INTO "SqlQuery" ("queryId", "userId", "issuedAt", "finishedAt", "hasError", "errorMessage", "statement", "projectId", "queryTypeId")
    VALUES ('637', '8', '2023-06-12 21:02:59.568051', '2023-06-12 21:03:03.568051', 'False', 'None', 'SELECT order_id FROM Orders', '1', '1');
INSERT INTO "QueryColumnAccess" ("queryId", "columnId")
    VALUES ('637', '1');
INSERT INTO "QueryTableAccess" ("queryId", "tableId")
    VALUES ('637', '2');
SELECT 'category' FROM Products;
INSERT INTO "SqlQuery" ("queryId", "userId", "issuedAt", "finishedAt", "hasError", "errorMessage", "statement", "projectId", "queryTypeId")
    VALUES ('638', '14', '2023-07-08 21:02:59.568057', '2023-07-08 21:03:00.568057', 'False', 'None', 'SELECT category FROM Products', '1', '1');
INSERT INTO "QueryColumnAccess" ("queryId", "columnId")
    VALUES ('638', '3');
INSERT INTO "QueryTableAccess" ("queryId", "tableId")
    VALUES ('638', '3');
SELECT 'email' FROM Customers;
INSERT INTO "SqlQuery" ("queryId", "userId", "issuedAt", "finishedAt", "hasError", "errorMessage", "statement", "projectId", "queryTypeId")
    VALUES ('639', '12', '2023-04-28 21:02:59.568063', '2023-04-28 21:03:00.568063', 'False', 'None', 'SELECT email FROM Customers', '1', '1');
INSERT INTO "QueryColumnAccess" ("queryId", "columnId")
    VALUES ('639', '4');
INSERT INTO "QueryTableAccess" ("queryId", "tableId")
    VALUES ('639', '1');
SELECT 'category_id' FROM Categories;
INSERT INTO "SqlQuery" ("queryId", "userId", "issuedAt", "finishedAt", "hasError", "errorMessage", "statement", "projectId", "queryTypeId")
    VALUES ('640', '2', '2023-05-26 21:02:59.568070', '2023-05-26 21:03:01.568070', 'False', 'None', 'SELECT category_id FROM Categories', '1', '1');
INSERT INTO "QueryColumnAccess" ("queryId", "columnId")
    VALUES ('640', '1');
INSERT INTO "QueryTableAccess" ("queryId", "tableId")
    VALUES ('640', '4');
SELECT 'customer_id' FROM Orders;
INSERT INTO "SqlQuery" ("queryId", "userId", "issuedAt", "finishedAt", "hasError", "errorMessage", "statement", "projectId", "queryTypeId")
    VALUES ('641', '8', '2023-05-15 21:02:59.568076', '2023-05-15 21:03:01.568076', 'False', 'None', 'SELECT customer_id FROM Orders', '1', '1');
INSERT INTO "QueryColumnAccess" ("queryId", "columnId")
    VALUES ('641', '2');
INSERT INTO "QueryTableAccess" ("queryId", "tableId")
    VALUES ('641', '2');
SELECT 'total_amount' FROM Orders;
INSERT INTO "SqlQuery" ("queryId", "userId", "issuedAt", "finishedAt", "hasError", "errorMessage", "statement", "projectId", "queryTypeId")
    VALUES ('642', '15', '2023-06-28 21:02:59.568083', '2023-06-28 21:03:01.568083', 'False', 'None', 'SELECT total_amount FROM Orders', '1', '1');
INSERT INTO "QueryColumnAccess" ("queryId", "columnId")
    VALUES ('642', '4');
INSERT INTO "QueryTableAccess" ("queryId", "tableId")
    VALUES ('642', '2');
SELECT 'price' FROM Products;
INSERT INTO "SqlQuery" ("queryId", "userId", "issuedAt", "finishedAt", "hasError", "errorMessage", "statement", "projectId", "queryTypeId")
    VALUES ('643', '10', '2023-07-04 21:02:59.568089', '2023-07-04 21:03:00.568089', 'False', 'None', 'SELECT price FROM Products', '1', '1');
INSERT INTO "QueryColumnAccess" ("queryId", "columnId")
    VALUES ('643', '4');
INSERT INTO "QueryTableAccess" ("queryId", "tableId")
    VALUES ('643', '3');
SELECT 'phone_number' FROM Customers;
INSERT INTO "SqlQuery" ("queryId", "userId", "issuedAt", "finishedAt", "hasError", "errorMessage", "statement", "projectId", "queryTypeId")
    VALUES ('644', '7', '2023-05-25 21:02:59.568109', '2023-05-25 21:03:02.568109', 'False', 'None', 'SELECT phone_number FROM Customers', '1', '1');
INSERT INTO "QueryColumnAccess" ("queryId", "columnId")
    VALUES ('644', '5');
INSERT INTO "QueryTableAccess" ("queryId", "tableId")
    VALUES ('644', '1');
SELECT 'last_name' FROM Customers;
INSERT INTO "SqlQuery" ("queryId", "userId", "issuedAt", "finishedAt", "hasError", "errorMessage", "statement", "projectId", "queryTypeId")
    VALUES ('645', '12', '2023-04-23 21:02:59.568116', '2023-04-23 21:03:01.568116', 'False', 'None', 'SELECT last_name FROM Customers', '1', '1');
INSERT INTO "QueryColumnAccess" ("queryId", "columnId")
    VALUES ('645', '3');
INSERT INTO "QueryTableAccess" ("queryId", "tableId")
    VALUES ('645', '1');
SELECT 'parent_category_id' FROM Categories;
INSERT INTO "SqlQuery" ("queryId", "userId", "issuedAt", "finishedAt", "hasError", "errorMessage", "statement", "projectId", "queryTypeId")
    VALUES ('646', '8', '2023-06-25 21:02:59.568122', '2023-06-25 21:03:00.568122', 'False', 'None', 'SELECT parent_category_id FROM Categories', '1', '1');
INSERT INTO "QueryColumnAccess" ("queryId", "columnId")
    VALUES ('646', '4');
INSERT INTO "QueryTableAccess" ("queryId", "tableId")
    VALUES ('646', '4');
SELECT 'customer_id' FROM Orders;
INSERT INTO "SqlQuery" ("queryId", "userId", "issuedAt", "finishedAt", "hasError", "errorMessage", "statement", "projectId", "queryTypeId")
    VALUES ('647', '5', '2023-05-27 21:02:59.568128', '2023-05-27 21:03:01.568128', 'False', 'None', 'SELECT customer_id FROM Orders', '1', '1');
INSERT INTO "QueryColumnAccess" ("queryId", "columnId")
    VALUES ('647', '2');
INSERT INTO "QueryTableAccess" ("queryId", "tableId")
    VALUES ('647', '2');
SELECT 'description' FROM Products;
INSERT INTO "SqlQuery" ("queryId", "userId", "issuedAt", "finishedAt", "hasError", "errorMessage", "statement", "projectId", "queryTypeId")
    VALUES ('648', '14', '2023-06-01 21:02:59.568134', '2023-06-01 21:03:00.568134', 'False', 'None', 'SELECT description FROM Products', '1', '1');
INSERT INTO "QueryColumnAccess" ("queryId", "columnId")
    VALUES ('648', '5');
INSERT INTO "QueryTableAccess" ("queryId", "tableId")
    VALUES ('648', '3');
SELECT 'unit_price' FROM OrderItems;
INSERT INTO "SqlQuery" ("queryId", "userId", "issuedAt", "finishedAt", "hasError", "errorMessage", "statement", "projectId", "queryTypeId")
    VALUES ('649', '2', '2023-05-14 21:02:59.568140', '2023-05-14 21:03:00.568140', 'False', 'None', 'SELECT unit_price FROM OrderItems', '1', '1');
INSERT INTO "QueryColumnAccess" ("queryId", "columnId")
    VALUES ('649', '5');
INSERT INTO "QueryTableAccess" ("queryId", "tableId")
    VALUES ('649', '5');
SELECT 'address' FROM Customers;
INSERT INTO "SqlQuery" ("queryId", "userId", "issuedAt", "finishedAt", "hasError", "errorMessage", "statement", "projectId", "queryTypeId")
    VALUES ('650', '15', '2023-05-04 21:02:59.568147', '2023-05-04 21:03:03.568147', 'False', 'None', 'SELECT address FROM Customers', '1', '1');
INSERT INTO "QueryColumnAccess" ("queryId", "columnId")
    VALUES ('650', '6');
INSERT INTO "QueryTableAccess" ("queryId", "tableId")
    VALUES ('650', '1');
SELECT 'description' FROM Categories;
INSERT INTO "SqlQuery" ("queryId", "userId", "issuedAt", "finishedAt", "hasError", "errorMessage", "statement", "projectId", "queryTypeId")
    VALUES ('651', '14', '2023-05-09 21:02:59.568153', '2023-05-09 21:03:02.568153', 'False', 'None', 'SELECT description FROM Categories', '1', '1');
INSERT INTO "QueryColumnAccess" ("queryId", "columnId")
    VALUES ('651', '3');
INSERT INTO "QueryTableAccess" ("queryId", "tableId")
    VALUES ('651', '4');
SELECT 'category_id' FROM Categories;
INSERT INTO "SqlQuery" ("queryId", "userId", "issuedAt", "finishedAt", "hasError", "errorMessage", "statement", "projectId", "queryTypeId")
    VALUES ('652', '4', '2023-05-19 21:02:59.568159', '2023-05-19 21:03:01.568159', 'False', 'None', 'SELECT category_id FROM Categories', '1', '1');
INSERT INTO "QueryColumnAccess" ("queryId", "columnId")
    VALUES ('652', '1');
INSERT INTO "QueryTableAccess" ("queryId", "tableId")
    VALUES ('652', '4');
SELECT 'product_id' FROM Products;
INSERT INTO "SqlQuery" ("queryId", "userId", "issuedAt", "finishedAt", "hasError", "errorMessage", "statement", "projectId", "queryTypeId")
    VALUES ('653', '12', '2023-04-27 21:02:59.568171', '2023-04-27 21:03:01.568171', 'False', 'None', 'SELECT product_id FROM Products', '1', '1');
INSERT INTO "QueryColumnAccess" ("queryId", "columnId")
    VALUES ('653', '1');
INSERT INTO "QueryTableAccess" ("queryId", "tableId")
    VALUES ('653', '3');
SELECT 'order_id' FROM OrderItems;
INSERT INTO "SqlQuery" ("queryId", "userId", "issuedAt", "finishedAt", "hasError", "errorMessage", "statement", "projectId", "queryTypeId")
    VALUES ('654', '8', '2023-07-04 21:02:59.568178', '2023-07-04 21:03:00.568178', 'False', 'None', 'SELECT order_id FROM OrderItems', '1', '1');
INSERT INTO "QueryColumnAccess" ("queryId", "columnId")
    VALUES ('654', '2');
INSERT INTO "QueryTableAccess" ("queryId", "tableId")
    VALUES ('654', '5');
SELECT 'first_name' FROM Customers;
INSERT INTO "SqlQuery" ("queryId", "userId", "issuedAt", "finishedAt", "hasError", "errorMessage", "statement", "projectId", "queryTypeId")
    VALUES ('655', '13', '2023-05-30 21:02:59.568184', '2023-05-30 21:03:02.568184', 'False', 'None', 'SELECT first_name FROM Customers', '1', '1');
INSERT INTO "QueryColumnAccess" ("queryId", "columnId")
    VALUES ('655', '2');
INSERT INTO "QueryTableAccess" ("queryId", "tableId")
    VALUES ('655', '1');
SELECT 'product_name' FROM Products;
INSERT INTO "SqlQuery" ("queryId", "userId", "issuedAt", "finishedAt", "hasError", "errorMessage", "statement", "projectId", "queryTypeId")
    VALUES ('656', '5', '2023-05-30 21:02:59.568191', '2023-05-30 21:03:02.568191', 'False', 'None', 'SELECT product_name FROM Products', '1', '1');
INSERT INTO "QueryColumnAccess" ("queryId", "columnId")
    VALUES ('656', '2');
INSERT INTO "QueryTableAccess" ("queryId", "tableId")
    VALUES ('656', '3');
SELECT 'total_amount' FROM Orders;
INSERT INTO "SqlQuery" ("queryId", "userId", "issuedAt", "finishedAt", "hasError", "errorMessage", "statement", "projectId", "queryTypeId")
    VALUES ('657', '14', '2023-04-27 21:02:59.568197', '2023-04-27 21:03:03.568197', 'False', 'None', 'SELECT total_amount FROM Orders', '1', '1');
INSERT INTO "QueryColumnAccess" ("queryId", "columnId")
    VALUES ('657', '4');
INSERT INTO "QueryTableAccess" ("queryId", "tableId")
    VALUES ('657', '2');
SELECT 'product_name' FROM Products;
INSERT INTO "SqlQuery" ("queryId", "userId", "issuedAt", "finishedAt", "hasError", "errorMessage", "statement", "projectId", "queryTypeId")
    VALUES ('658', '7', '2023-06-10 21:02:59.568204', '2023-06-10 21:03:02.568204', 'False', 'None', 'SELECT product_name FROM Products', '1', '1');
INSERT INTO "QueryColumnAccess" ("queryId", "columnId")
    VALUES ('658', '2');
INSERT INTO "QueryTableAccess" ("queryId", "tableId")
    VALUES ('658', '3');
SELECT 'category_id' FROM Categories;
INSERT INTO "SqlQuery" ("queryId", "userId", "issuedAt", "finishedAt", "hasError", "errorMessage", "statement", "projectId", "queryTypeId")
    VALUES ('659', '9', '2023-06-29 21:02:59.568210', '2023-06-29 21:03:00.568210', 'False', 'None', 'SELECT category_id FROM Categories', '1', '1');
INSERT INTO "QueryColumnAccess" ("queryId", "columnId")
    VALUES ('659', '1');
INSERT INTO "QueryTableAccess" ("queryId", "tableId")
    VALUES ('659', '4');
SELECT 'product_name' FROM Products;
INSERT INTO "SqlQuery" ("queryId", "userId", "issuedAt", "finishedAt", "hasError", "errorMessage", "statement", "projectId", "queryTypeId")
    VALUES ('660', '15', '2023-05-24 21:02:59.568216', '2023-05-24 21:03:00.568216', 'False', 'None', 'SELECT product_name FROM Products', '1', '1');
INSERT INTO "QueryColumnAccess" ("queryId", "columnId")
    VALUES ('660', '2');
INSERT INTO "QueryTableAccess" ("queryId", "tableId")
    VALUES ('660', '3');
SELECT 'order_item_id' FROM OrderItems;
INSERT INTO "SqlQuery" ("queryId", "userId", "issuedAt", "finishedAt", "hasError", "errorMessage", "statement", "projectId", "queryTypeId")
    VALUES ('661', '9', '2023-04-12 21:02:59.568222', '2023-04-12 21:03:01.568222', 'False', 'None', 'SELECT order_item_id FROM OrderItems', '1', '1');
INSERT INTO "QueryColumnAccess" ("queryId", "columnId")
    VALUES ('661', '1');
INSERT INTO "QueryTableAccess" ("queryId", "tableId")
    VALUES ('661', '5');
SELECT 'product_id' FROM Products;
INSERT INTO "SqlQuery" ("queryId", "userId", "issuedAt", "finishedAt", "hasError", "errorMessage", "statement", "projectId", "queryTypeId")
    VALUES ('662', '11', '2023-05-06 21:02:59.568229', '2023-05-06 21:03:00.568229', 'False', 'None', 'SELECT product_id FROM Products', '1', '1');
INSERT INTO "QueryColumnAccess" ("queryId", "columnId")
    VALUES ('662', '1');
INSERT INTO "QueryTableAccess" ("queryId", "tableId")
    VALUES ('662', '3');
SELECT 'last_name' FROM Customers;
INSERT INTO "SqlQuery" ("queryId", "userId", "issuedAt", "finishedAt", "hasError", "errorMessage", "statement", "projectId", "queryTypeId")
    VALUES ('663', '1', '2023-04-18 21:02:59.568235', '2023-04-18 21:03:02.568235', 'False', 'None', 'SELECT last_name FROM Customers', '1', '1');
INSERT INTO "QueryColumnAccess" ("queryId", "columnId")
    VALUES ('663', '3');
INSERT INTO "QueryTableAccess" ("queryId", "tableId")
    VALUES ('663', '1');
SELECT 'description' FROM Categories;
INSERT INTO "SqlQuery" ("queryId", "userId", "issuedAt", "finishedAt", "hasError", "errorMessage", "statement", "projectId", "queryTypeId")
    VALUES ('664', '13', '2023-07-04 21:02:59.568241', '2023-07-04 21:03:00.568241', 'False', 'None', 'SELECT description FROM Categories', '1', '1');
INSERT INTO "QueryColumnAccess" ("queryId", "columnId")
    VALUES ('664', '3');
INSERT INTO "QueryTableAccess" ("queryId", "tableId")
    VALUES ('664', '4');
SELECT 'product_name' FROM Products;
INSERT INTO "SqlQuery" ("queryId", "userId", "issuedAt", "finishedAt", "hasError", "errorMessage", "statement", "projectId", "queryTypeId")
    VALUES ('665', '8', '2023-05-11 21:02:59.568248', '2023-05-11 21:03:03.568248', 'False', 'None', 'SELECT product_name FROM Products', '1', '1');
INSERT INTO "QueryColumnAccess" ("queryId", "columnId")
    VALUES ('665', '2');
INSERT INTO "QueryTableAccess" ("queryId", "tableId")
    VALUES ('665', '3');
SELECT 'product_id' FROM OrderItems;
INSERT INTO "SqlQuery" ("queryId", "userId", "issuedAt", "finishedAt", "hasError", "errorMessage", "statement", "projectId", "queryTypeId")
    VALUES ('666', '2', '2023-07-07 21:02:59.568254', '2023-07-07 21:03:03.568254', 'False', 'None', 'SELECT product_id FROM OrderItems', '1', '1');
INSERT INTO "QueryColumnAccess" ("queryId", "columnId")
    VALUES ('666', '3');
INSERT INTO "QueryTableAccess" ("queryId", "tableId")
    VALUES ('666', '5');
SELECT 'quantity' FROM OrderItems;
INSERT INTO "SqlQuery" ("queryId", "userId", "issuedAt", "finishedAt", "hasError", "errorMessage", "statement", "projectId", "queryTypeId")
    VALUES ('667', '15', '2023-07-03 21:02:59.568260', '2023-07-03 21:03:03.568260', 'False', 'None', 'SELECT quantity FROM OrderItems', '1', '1');
INSERT INTO "QueryColumnAccess" ("queryId", "columnId")
    VALUES ('667', '4');
INSERT INTO "QueryTableAccess" ("queryId", "tableId")
    VALUES ('667', '5');
SELECT 'order_id' FROM OrderItems;
INSERT INTO "SqlQuery" ("queryId", "userId", "issuedAt", "finishedAt", "hasError", "errorMessage", "statement", "projectId", "queryTypeId")
    VALUES ('668', '3', '2023-05-15 21:02:59.568267', '2023-05-15 21:03:03.568267', 'False', 'None', 'SELECT order_id FROM OrderItems', '1', '1');
INSERT INTO "QueryColumnAccess" ("queryId", "columnId")
    VALUES ('668', '2');
INSERT INTO "QueryTableAccess" ("queryId", "tableId")
    VALUES ('668', '5');
SELECT 'shipping_address' FROM Orders;
INSERT INTO "SqlQuery" ("queryId", "userId", "issuedAt", "finishedAt", "hasError", "errorMessage", "statement", "projectId", "queryTypeId")
    VALUES ('669', '7', '2023-05-18 21:02:59.568273', '2023-05-18 21:03:02.568273', 'False', 'None', 'SELECT shipping_address FROM Orders', '1', '1');
INSERT INTO "QueryColumnAccess" ("queryId", "columnId")
    VALUES ('669', '6');
INSERT INTO "QueryTableAccess" ("queryId", "tableId")
    VALUES ('669', '2');
SELECT 'shipping_address' FROM Orders;
INSERT INTO "SqlQuery" ("queryId", "userId", "issuedAt", "finishedAt", "hasError", "errorMessage", "statement", "projectId", "queryTypeId")
    VALUES ('670', '12', '2023-06-23 21:02:59.568283', '2023-06-23 21:03:02.568283', 'False', 'None', 'SELECT shipping_address FROM Orders', '1', '1');
INSERT INTO "QueryColumnAccess" ("queryId", "columnId")
    VALUES ('670', '6');
INSERT INTO "QueryTableAccess" ("queryId", "tableId")
    VALUES ('670', '2');
SELECT 'order_id' FROM Orders;
INSERT INTO "SqlQuery" ("queryId", "userId", "issuedAt", "finishedAt", "hasError", "errorMessage", "statement", "projectId", "queryTypeId")
    VALUES ('671', '13', '2023-06-04 21:02:59.568290', '2023-06-04 21:03:03.568290', 'False', 'None', 'SELECT order_id FROM Orders', '1', '1');
INSERT INTO "QueryColumnAccess" ("queryId", "columnId")
    VALUES ('671', '1');
INSERT INTO "QueryTableAccess" ("queryId", "tableId")
    VALUES ('671', '2');
SELECT 'order_date' FROM Orders;
INSERT INTO "SqlQuery" ("queryId", "userId", "issuedAt", "finishedAt", "hasError", "errorMessage", "statement", "projectId", "queryTypeId")
    VALUES ('672', '13', '2023-04-21 21:02:59.568296', '2023-04-21 21:03:01.568296', 'False', 'None', 'SELECT order_date FROM Orders', '1', '1');
INSERT INTO "QueryColumnAccess" ("queryId", "columnId")
    VALUES ('672', '3');
INSERT INTO "QueryTableAccess" ("queryId", "tableId")
    VALUES ('672', '2');
SELECT 'product_id' FROM OrderItems;
INSERT INTO "SqlQuery" ("queryId", "userId", "issuedAt", "finishedAt", "hasError", "errorMessage", "statement", "projectId", "queryTypeId")
    VALUES ('673', '8', '2023-06-07 21:02:59.568302', '2023-06-07 21:03:00.568302', 'False', 'None', 'SELECT product_id FROM OrderItems', '1', '1');
INSERT INTO "QueryColumnAccess" ("queryId", "columnId")
    VALUES ('673', '3');
INSERT INTO "QueryTableAccess" ("queryId", "tableId")
    VALUES ('673', '5');
SELECT 'unit_price' FROM OrderItems;
INSERT INTO "SqlQuery" ("queryId", "userId", "issuedAt", "finishedAt", "hasError", "errorMessage", "statement", "projectId", "queryTypeId")
    VALUES ('674', '13', '2023-06-21 21:02:59.568308', '2023-06-21 21:03:03.568308', 'False', 'None', 'SELECT unit_price FROM OrderItems', '1', '1');
INSERT INTO "QueryColumnAccess" ("queryId", "columnId")
    VALUES ('674', '5');
INSERT INTO "QueryTableAccess" ("queryId", "tableId")
    VALUES ('674', '5');
SELECT 'quantity' FROM OrderItems;
INSERT INTO "SqlQuery" ("queryId", "userId", "issuedAt", "finishedAt", "hasError", "errorMessage", "statement", "projectId", "queryTypeId")
    VALUES ('675', '15', '2023-06-06 21:02:59.568315', '2023-06-06 21:03:01.568315', 'False', 'None', 'SELECT quantity FROM OrderItems', '1', '1');
INSERT INTO "QueryColumnAccess" ("queryId", "columnId")
    VALUES ('675', '4');
INSERT INTO "QueryTableAccess" ("queryId", "tableId")
    VALUES ('675', '5');
SELECT 'payment_method' FROM Orders;
INSERT INTO "SqlQuery" ("queryId", "userId", "issuedAt", "finishedAt", "hasError", "errorMessage", "statement", "projectId", "queryTypeId")
    VALUES ('676', '4', '2023-07-06 21:02:59.568321', '2023-07-06 21:03:00.568321', 'False', 'None', 'SELECT payment_method FROM Orders', '1', '1');
INSERT INTO "QueryColumnAccess" ("queryId", "columnId")
    VALUES ('676', '5');
INSERT INTO "QueryTableAccess" ("queryId", "tableId")
    VALUES ('676', '2');
SELECT 'product_name' FROM Products;
INSERT INTO "SqlQuery" ("queryId", "userId", "issuedAt", "finishedAt", "hasError", "errorMessage", "statement", "projectId", "queryTypeId")
    VALUES ('677', '10', '2023-06-06 21:02:59.568328', '2023-06-06 21:03:00.568328', 'False', 'None', 'SELECT product_name FROM Products', '1', '1');
INSERT INTO "QueryColumnAccess" ("queryId", "columnId")
    VALUES ('677', '2');
INSERT INTO "QueryTableAccess" ("queryId", "tableId")
    VALUES ('677', '3');
SELECT 'category_id' FROM Categories;
INSERT INTO "SqlQuery" ("queryId", "userId", "issuedAt", "finishedAt", "hasError", "errorMessage", "statement", "projectId", "queryTypeId")
    VALUES ('678', '15', '2023-05-30 21:02:59.568334', '2023-05-30 21:03:02.568334', 'False', 'None', 'SELECT category_id FROM Categories', '1', '1');
INSERT INTO "QueryColumnAccess" ("queryId", "columnId")
    VALUES ('678', '1');
INSERT INTO "QueryTableAccess" ("queryId", "tableId")
    VALUES ('678', '4');
SELECT 'order_id' FROM OrderItems;
INSERT INTO "SqlQuery" ("queryId", "userId", "issuedAt", "finishedAt", "hasError", "errorMessage", "statement", "projectId", "queryTypeId")
    VALUES ('679', '2', '2023-04-26 21:02:59.568340', '2023-04-26 21:03:03.568340', 'False', 'None', 'SELECT order_id FROM OrderItems', '1', '1');
INSERT INTO "QueryColumnAccess" ("queryId", "columnId")
    VALUES ('679', '2');
INSERT INTO "QueryTableAccess" ("queryId", "tableId")
    VALUES ('679', '5');
SELECT 'order_item_id' FROM OrderItems;
INSERT INTO "SqlQuery" ("queryId", "userId", "issuedAt", "finishedAt", "hasError", "errorMessage", "statement", "projectId", "queryTypeId")
    VALUES ('680', '14', '2023-07-02 21:02:59.568346', '2023-07-02 21:03:01.568346', 'False', 'None', 'SELECT order_item_id FROM OrderItems', '1', '1');
INSERT INTO "QueryColumnAccess" ("queryId", "columnId")
    VALUES ('680', '1');
INSERT INTO "QueryTableAccess" ("queryId", "tableId")
    VALUES ('680', '5');
SELECT 'order_id' FROM OrderItems;
INSERT INTO "SqlQuery" ("queryId", "userId", "issuedAt", "finishedAt", "hasError", "errorMessage", "statement", "projectId", "queryTypeId")
    VALUES ('681', '3', '2023-06-10 21:02:59.568353', '2023-06-10 21:03:00.568353', 'False', 'None', 'SELECT order_id FROM OrderItems', '1', '1');
INSERT INTO "QueryColumnAccess" ("queryId", "columnId")
    VALUES ('681', '2');
INSERT INTO "QueryTableAccess" ("queryId", "tableId")
    VALUES ('681', '5');
SELECT 'category_id' FROM Categories;
INSERT INTO "SqlQuery" ("queryId", "userId", "issuedAt", "finishedAt", "hasError", "errorMessage", "statement", "projectId", "queryTypeId")
    VALUES ('682', '14', '2023-05-15 21:02:59.568359', '2023-05-15 21:03:03.568359', 'False', 'None', 'SELECT category_id FROM Categories', '1', '1');
INSERT INTO "QueryColumnAccess" ("queryId", "columnId")
    VALUES ('682', '1');
INSERT INTO "QueryTableAccess" ("queryId", "tableId")
    VALUES ('682', '4');
SELECT 'order_id' FROM OrderItems;
INSERT INTO "SqlQuery" ("queryId", "userId", "issuedAt", "finishedAt", "hasError", "errorMessage", "statement", "projectId", "queryTypeId")
    VALUES ('683', '2', '2023-04-25 21:02:59.568365', '2023-04-25 21:03:03.568365', 'False', 'None', 'SELECT order_id FROM OrderItems', '1', '1');
INSERT INTO "QueryColumnAccess" ("queryId", "columnId")
    VALUES ('683', '2');
INSERT INTO "QueryTableAccess" ("queryId", "tableId")
    VALUES ('683', '5');
SELECT 'quantity' FROM Products;
INSERT INTO "SqlQuery" ("queryId", "userId", "issuedAt", "finishedAt", "hasError", "errorMessage", "statement", "projectId", "queryTypeId")
    VALUES ('684', '2', '2023-04-13 21:02:59.568371', '2023-04-13 21:03:00.568371', 'False', 'None', 'SELECT quantity FROM Products', '1', '1');
INSERT INTO "QueryColumnAccess" ("queryId", "columnId")
    VALUES ('684', '6');
INSERT INTO "QueryTableAccess" ("queryId", "tableId")
    VALUES ('684', '3');
SELECT 'product_id' FROM Products;
INSERT INTO "SqlQuery" ("queryId", "userId", "issuedAt", "finishedAt", "hasError", "errorMessage", "statement", "projectId", "queryTypeId")
    VALUES ('685', '4', '2023-06-05 21:02:59.568378', '2023-06-05 21:03:00.568378', 'False', 'None', 'SELECT product_id FROM Products', '1', '1');
INSERT INTO "QueryColumnAccess" ("queryId", "columnId")
    VALUES ('685', '1');
INSERT INTO "QueryTableAccess" ("queryId", "tableId")
    VALUES ('685', '3');
SELECT 'unit_price' FROM OrderItems;
INSERT INTO "SqlQuery" ("queryId", "userId", "issuedAt", "finishedAt", "hasError", "errorMessage", "statement", "projectId", "queryTypeId")
    VALUES ('686', '3', '2023-06-21 21:02:59.568385', '2023-06-21 21:03:00.568385', 'False', 'None', 'SELECT unit_price FROM OrderItems', '1', '1');
INSERT INTO "QueryColumnAccess" ("queryId", "columnId")
    VALUES ('686', '5');
INSERT INTO "QueryTableAccess" ("queryId", "tableId")
    VALUES ('686', '5');
SELECT 'order_date' FROM Orders;
INSERT INTO "SqlQuery" ("queryId", "userId", "issuedAt", "finishedAt", "hasError", "errorMessage", "statement", "projectId", "queryTypeId")
    VALUES ('687', '15', '2023-05-20 21:02:59.568395', '2023-05-20 21:03:02.568395', 'False', 'None', 'SELECT order_date FROM Orders', '1', '1');
INSERT INTO "QueryColumnAccess" ("queryId", "columnId")
    VALUES ('687', '3');
INSERT INTO "QueryTableAccess" ("queryId", "tableId")
    VALUES ('687', '2');
SELECT 'order_id' FROM OrderItems;
INSERT INTO "SqlQuery" ("queryId", "userId", "issuedAt", "finishedAt", "hasError", "errorMessage", "statement", "projectId", "queryTypeId")
    VALUES ('688', '12', '2023-05-08 21:02:59.568402', '2023-05-08 21:03:03.568402', 'False', 'None', 'SELECT order_id FROM OrderItems', '1', '1');
INSERT INTO "QueryColumnAccess" ("queryId", "columnId")
    VALUES ('688', '2');
INSERT INTO "QueryTableAccess" ("queryId", "tableId")
    VALUES ('688', '5');
SELECT 'category_name' FROM Categories;
INSERT INTO "SqlQuery" ("queryId", "userId", "issuedAt", "finishedAt", "hasError", "errorMessage", "statement", "projectId", "queryTypeId")
    VALUES ('689', '7', '2023-05-14 21:02:59.568409', '2023-05-14 21:03:03.568409', 'False', 'None', 'SELECT category_name FROM Categories', '1', '1');
INSERT INTO "QueryColumnAccess" ("queryId", "columnId")
    VALUES ('689', '2');
INSERT INTO "QueryTableAccess" ("queryId", "tableId")
    VALUES ('689', '4');
SELECT 'product_id' FROM OrderItems;
INSERT INTO "SqlQuery" ("queryId", "userId", "issuedAt", "finishedAt", "hasError", "errorMessage", "statement", "projectId", "queryTypeId")
    VALUES ('690', '6', '2023-05-24 21:02:59.568415', '2023-05-24 21:03:01.568415', 'False', 'None', 'SELECT product_id FROM OrderItems', '1', '1');
INSERT INTO "QueryColumnAccess" ("queryId", "columnId")
    VALUES ('690', '3');
INSERT INTO "QueryTableAccess" ("queryId", "tableId")
    VALUES ('690', '5');
SELECT 'parent_category_id' FROM Categories;
INSERT INTO "SqlQuery" ("queryId", "userId", "issuedAt", "finishedAt", "hasError", "errorMessage", "statement", "projectId", "queryTypeId")
    VALUES ('691', '6', '2023-05-30 21:02:59.568421', '2023-05-30 21:03:01.568421', 'False', 'None', 'SELECT parent_category_id FROM Categories', '1', '1');
INSERT INTO "QueryColumnAccess" ("queryId", "columnId")
    VALUES ('691', '4');
INSERT INTO "QueryTableAccess" ("queryId", "tableId")
    VALUES ('691', '4');
SELECT 'category' FROM Products;
INSERT INTO "SqlQuery" ("queryId", "userId", "issuedAt", "finishedAt", "hasError", "errorMessage", "statement", "projectId", "queryTypeId")
    VALUES ('692', '13', '2023-07-06 21:02:59.568427', '2023-07-06 21:03:00.568427', 'False', 'None', 'SELECT category FROM Products', '1', '1');
INSERT INTO "QueryColumnAccess" ("queryId", "columnId")
    VALUES ('692', '3');
INSERT INTO "QueryTableAccess" ("queryId", "tableId")
    VALUES ('692', '3');
SELECT 'total_amount' FROM Orders;
INSERT INTO "SqlQuery" ("queryId", "userId", "issuedAt", "finishedAt", "hasError", "errorMessage", "statement", "projectId", "queryTypeId")
    VALUES ('693', '3', '2023-07-07 21:02:59.568434', '2023-07-07 21:03:02.568434', 'False', 'None', 'SELECT total_amount FROM Orders', '1', '1');
INSERT INTO "QueryColumnAccess" ("queryId", "columnId")
    VALUES ('693', '4');
INSERT INTO "QueryTableAccess" ("queryId", "tableId")
    VALUES ('693', '2');
SELECT 'unit_price' FROM OrderItems;
INSERT INTO "SqlQuery" ("queryId", "userId", "issuedAt", "finishedAt", "hasError", "errorMessage", "statement", "projectId", "queryTypeId")
    VALUES ('694', '13', '2023-05-09 21:02:59.568440', '2023-05-09 21:03:03.568440', 'False', 'None', 'SELECT unit_price FROM OrderItems', '1', '1');
INSERT INTO "QueryColumnAccess" ("queryId", "columnId")
    VALUES ('694', '5');
INSERT INTO "QueryTableAccess" ("queryId", "tableId")
    VALUES ('694', '5');
SELECT 'customer_id' FROM Customers;
INSERT INTO "SqlQuery" ("queryId", "userId", "issuedAt", "finishedAt", "hasError", "errorMessage", "statement", "projectId", "queryTypeId")
    VALUES ('695', '3', '2023-04-25 21:02:59.568447', '2023-04-25 21:03:03.568447', 'False', 'None', 'SELECT customer_id FROM Customers', '1', '1');
INSERT INTO "QueryColumnAccess" ("queryId", "columnId")
    VALUES ('695', '1');
INSERT INTO "QueryTableAccess" ("queryId", "tableId")
    VALUES ('695', '1');
SELECT 'unit_price' FROM OrderItems;
INSERT INTO "SqlQuery" ("queryId", "userId", "issuedAt", "finishedAt", "hasError", "errorMessage", "statement", "projectId", "queryTypeId")
    VALUES ('696', '3', '2023-05-22 21:02:59.568453', '2023-05-22 21:03:01.568453', 'False', 'None', 'SELECT unit_price FROM OrderItems', '1', '1');
INSERT INTO "QueryColumnAccess" ("queryId", "columnId")
    VALUES ('696', '5');
INSERT INTO "QueryTableAccess" ("queryId", "tableId")
    VALUES ('696', '5');
SELECT 'product_id' FROM Products;
INSERT INTO "SqlQuery" ("queryId", "userId", "issuedAt", "finishedAt", "hasError", "errorMessage", "statement", "projectId", "queryTypeId")
    VALUES ('697', '11', '2023-06-02 21:02:59.568459', '2023-06-02 21:03:00.568459', 'False', 'None', 'SELECT product_id FROM Products', '1', '1');
INSERT INTO "QueryColumnAccess" ("queryId", "columnId")
    VALUES ('697', '1');
INSERT INTO "QueryTableAccess" ("queryId", "tableId")
    VALUES ('697', '3');
SELECT 'customer_id' FROM Customers;
INSERT INTO "SqlQuery" ("queryId", "userId", "issuedAt", "finishedAt", "hasError", "errorMessage", "statement", "projectId", "queryTypeId")
    VALUES ('698', '7', '2023-04-13 21:02:59.568466', '2023-04-13 21:03:03.568466', 'False', 'None', 'SELECT customer_id FROM Customers', '1', '1');
INSERT INTO "QueryColumnAccess" ("queryId", "columnId")
    VALUES ('698', '1');
INSERT INTO "QueryTableAccess" ("queryId", "tableId")
    VALUES ('698', '1');
SELECT 'order_id' FROM OrderItems;
INSERT INTO "SqlQuery" ("queryId", "userId", "issuedAt", "finishedAt", "hasError", "errorMessage", "statement", "projectId", "queryTypeId")
    VALUES ('699', '7', '2023-07-05 21:02:59.568472', '2023-07-05 21:03:00.568472', 'False', 'None', 'SELECT order_id FROM OrderItems', '1', '1');
INSERT INTO "QueryColumnAccess" ("queryId", "columnId")
    VALUES ('699', '2');
INSERT INTO "QueryTableAccess" ("queryId", "tableId")
    VALUES ('699', '5');
SELECT 'shipping_address' FROM Orders;
INSERT INTO "SqlQuery" ("queryId", "userId", "issuedAt", "finishedAt", "hasError", "errorMessage", "statement", "projectId", "queryTypeId")
    VALUES ('700', '4', '2023-04-29 21:02:59.568478', '2023-04-29 21:03:00.568478', 'False', 'None', 'SELECT shipping_address FROM Orders', '1', '1');
INSERT INTO "QueryColumnAccess" ("queryId", "columnId")
    VALUES ('700', '6');
INSERT INTO "QueryTableAccess" ("queryId", "tableId")
    VALUES ('700', '2');
SELECT 'email' FROM Customers;
INSERT INTO "SqlQuery" ("queryId", "userId", "issuedAt", "finishedAt", "hasError", "errorMessage", "statement", "projectId", "queryTypeId")
    VALUES ('701', '7', '2023-05-24 21:02:59.568484', '2023-05-24 21:03:03.568484', 'False', 'None', 'SELECT email FROM Customers', '1', '1');
INSERT INTO "QueryColumnAccess" ("queryId", "columnId")
    VALUES ('701', '4');
INSERT INTO "QueryTableAccess" ("queryId", "tableId")
    VALUES ('701', '1');
SELECT 'description' FROM Categories;
INSERT INTO "SqlQuery" ("queryId", "userId", "issuedAt", "finishedAt", "hasError", "errorMessage", "statement", "projectId", "queryTypeId")
    VALUES ('702', '7', '2023-06-12 21:02:59.568491', '2023-06-12 21:03:02.568491', 'False', 'None', 'SELECT description FROM Categories', '1', '1');
INSERT INTO "QueryColumnAccess" ("queryId", "columnId")
    VALUES ('702', '3');
INSERT INTO "QueryTableAccess" ("queryId", "tableId")
    VALUES ('702', '4');
SELECT 'order_id' FROM Orders;
INSERT INTO "SqlQuery" ("queryId", "userId", "issuedAt", "finishedAt", "hasError", "errorMessage", "statement", "projectId", "queryTypeId")
    VALUES ('703', '5', '2023-04-21 21:02:59.568505', '2023-04-21 21:03:02.568505', 'False', 'None', 'SELECT order_id FROM Orders', '1', '1');
INSERT INTO "QueryColumnAccess" ("queryId", "columnId")
    VALUES ('703', '1');
INSERT INTO "QueryTableAccess" ("queryId", "tableId")
    VALUES ('703', '2');
SELECT 'customer_id' FROM Customers;
INSERT INTO "SqlQuery" ("queryId", "userId", "issuedAt", "finishedAt", "hasError", "errorMessage", "statement", "projectId", "queryTypeId")
    VALUES ('704', '2', '2023-05-23 21:02:59.568512', '2023-05-23 21:03:01.568512', 'False', 'None', 'SELECT customer_id FROM Customers', '1', '1');
INSERT INTO "QueryColumnAccess" ("queryId", "columnId")
    VALUES ('704', '1');
INSERT INTO "QueryTableAccess" ("queryId", "tableId")
    VALUES ('704', '1');
SELECT 'last_name' FROM Customers;
INSERT INTO "SqlQuery" ("queryId", "userId", "issuedAt", "finishedAt", "hasError", "errorMessage", "statement", "projectId", "queryTypeId")
    VALUES ('705', '7', '2023-04-24 21:02:59.568518', '2023-04-24 21:03:02.568518', 'False', 'None', 'SELECT last_name FROM Customers', '1', '1');
INSERT INTO "QueryColumnAccess" ("queryId", "columnId")
    VALUES ('705', '3');
INSERT INTO "QueryTableAccess" ("queryId", "tableId")
    VALUES ('705', '1');
SELECT 'category' FROM Products;
INSERT INTO "SqlQuery" ("queryId", "userId", "issuedAt", "finishedAt", "hasError", "errorMessage", "statement", "projectId", "queryTypeId")
    VALUES ('706', '12', '2023-06-21 21:02:59.568524', '2023-06-21 21:03:02.568524', 'False', 'None', 'SELECT category FROM Products', '1', '1');
INSERT INTO "QueryColumnAccess" ("queryId", "columnId")
    VALUES ('706', '3');
INSERT INTO "QueryTableAccess" ("queryId", "tableId")
    VALUES ('706', '3');
SELECT 'unit_price' FROM OrderItems;
INSERT INTO "SqlQuery" ("queryId", "userId", "issuedAt", "finishedAt", "hasError", "errorMessage", "statement", "projectId", "queryTypeId")
    VALUES ('707', '11', '2023-05-16 21:02:59.568531', '2023-05-16 21:03:02.568531', 'False', 'None', 'SELECT unit_price FROM OrderItems', '1', '1');
INSERT INTO "QueryColumnAccess" ("queryId", "columnId")
    VALUES ('707', '5');
INSERT INTO "QueryTableAccess" ("queryId", "tableId")
    VALUES ('707', '5');
SELECT 'order_id' FROM Orders;
INSERT INTO "SqlQuery" ("queryId", "userId", "issuedAt", "finishedAt", "hasError", "errorMessage", "statement", "projectId", "queryTypeId")
    VALUES ('708', '4', '2023-04-12 21:02:59.568537', '2023-04-12 21:03:01.568537', 'False', 'None', 'SELECT order_id FROM Orders', '1', '1');
INSERT INTO "QueryColumnAccess" ("queryId", "columnId")
    VALUES ('708', '1');
INSERT INTO "QueryTableAccess" ("queryId", "tableId")
    VALUES ('708', '2');
SELECT 'first_name' FROM Customers;
INSERT INTO "SqlQuery" ("queryId", "userId", "issuedAt", "finishedAt", "hasError", "errorMessage", "statement", "projectId", "queryTypeId")
    VALUES ('709', '4', '2023-04-11 21:02:59.568543', '2023-04-11 21:03:00.568543', 'False', 'None', 'SELECT first_name FROM Customers', '1', '1');
INSERT INTO "QueryColumnAccess" ("queryId", "columnId")
    VALUES ('709', '2');
INSERT INTO "QueryTableAccess" ("queryId", "tableId")
    VALUES ('709', '1');
SELECT 'category_id' FROM Categories;
INSERT INTO "SqlQuery" ("queryId", "userId", "issuedAt", "finishedAt", "hasError", "errorMessage", "statement", "projectId", "queryTypeId")
    VALUES ('710', '3', '2023-05-08 21:02:59.568549', '2023-05-08 21:03:01.568549', 'False', 'None', 'SELECT category_id FROM Categories', '1', '1');
INSERT INTO "QueryColumnAccess" ("queryId", "columnId")
    VALUES ('710', '1');
INSERT INTO "QueryTableAccess" ("queryId", "tableId")
    VALUES ('710', '4');
SELECT 'last_name' FROM Customers;
INSERT INTO "SqlQuery" ("queryId", "userId", "issuedAt", "finishedAt", "hasError", "errorMessage", "statement", "projectId", "queryTypeId")
    VALUES ('711', '6', '2023-05-15 21:02:59.568556', '2023-05-15 21:03:02.568556', 'False', 'None', 'SELECT last_name FROM Customers', '1', '1');
INSERT INTO "QueryColumnAccess" ("queryId", "columnId")
    VALUES ('711', '3');
INSERT INTO "QueryTableAccess" ("queryId", "tableId")
    VALUES ('711', '1');
SELECT 'order_id' FROM Orders;
INSERT INTO "SqlQuery" ("queryId", "userId", "issuedAt", "finishedAt", "hasError", "errorMessage", "statement", "projectId", "queryTypeId")
    VALUES ('712', '3', '2023-06-07 21:02:59.568562', '2023-06-07 21:03:01.568562', 'False', 'None', 'SELECT order_id FROM Orders', '1', '1');
INSERT INTO "QueryColumnAccess" ("queryId", "columnId")
    VALUES ('712', '1');
INSERT INTO "QueryTableAccess" ("queryId", "tableId")
    VALUES ('712', '2');
SELECT 'customer_id' FROM Orders;
INSERT INTO "SqlQuery" ("queryId", "userId", "issuedAt", "finishedAt", "hasError", "errorMessage", "statement", "projectId", "queryTypeId")
    VALUES ('713', '1', '2023-05-13 21:02:59.568568', '2023-05-13 21:03:01.568568', 'False', 'None', 'SELECT customer_id FROM Orders', '1', '1');
INSERT INTO "QueryColumnAccess" ("queryId", "columnId")
    VALUES ('713', '2');
INSERT INTO "QueryTableAccess" ("queryId", "tableId")
    VALUES ('713', '2');
SELECT 'category_id' FROM Categories;
INSERT INTO "SqlQuery" ("queryId", "userId", "issuedAt", "finishedAt", "hasError", "errorMessage", "statement", "projectId", "queryTypeId")
    VALUES ('714', '14', '2023-06-20 21:02:59.568575', '2023-06-20 21:03:00.568575', 'False', 'None', 'SELECT category_id FROM Categories', '1', '1');
INSERT INTO "QueryColumnAccess" ("queryId", "columnId")
    VALUES ('714', '1');
INSERT INTO "QueryTableAccess" ("queryId", "tableId")
    VALUES ('714', '4');
SELECT 'description' FROM Categories;
INSERT INTO "SqlQuery" ("queryId", "userId", "issuedAt", "finishedAt", "hasError", "errorMessage", "statement", "projectId", "queryTypeId")
    VALUES ('715', '4', '2023-05-03 21:02:59.568581', '2023-05-03 21:03:03.568581', 'False', 'None', 'SELECT description FROM Categories', '1', '1');
INSERT INTO "QueryColumnAccess" ("queryId", "columnId")
    VALUES ('715', '3');
INSERT INTO "QueryTableAccess" ("queryId", "tableId")
    VALUES ('715', '4');
SELECT 'email' FROM Customers;
INSERT INTO "SqlQuery" ("queryId", "userId", "issuedAt", "finishedAt", "hasError", "errorMessage", "statement", "projectId", "queryTypeId")
    VALUES ('716', '2', '2023-06-11 21:02:59.568587', '2023-06-11 21:03:01.568587', 'False', 'None', 'SELECT email FROM Customers', '1', '1');
INSERT INTO "QueryColumnAccess" ("queryId", "columnId")
    VALUES ('716', '4');
INSERT INTO "QueryTableAccess" ("queryId", "tableId")
    VALUES ('716', '1');
SELECT 'category_name' FROM Categories;
INSERT INTO "SqlQuery" ("queryId", "userId", "issuedAt", "finishedAt", "hasError", "errorMessage", "statement", "projectId", "queryTypeId")
    VALUES ('717', '14', '2023-05-07 21:02:59.568594', '2023-05-07 21:03:00.568594', 'False', 'None', 'SELECT category_name FROM Categories', '1', '1');
INSERT INTO "QueryColumnAccess" ("queryId", "columnId")
    VALUES ('717', '2');
INSERT INTO "QueryTableAccess" ("queryId", "tableId")
    VALUES ('717', '4');
SELECT 'category_id' FROM Categories;
INSERT INTO "SqlQuery" ("queryId", "userId", "issuedAt", "finishedAt", "hasError", "errorMessage", "statement", "projectId", "queryTypeId")
    VALUES ('718', '6', '2023-07-07 21:02:59.568600', '2023-07-07 21:03:00.568600', 'False', 'None', 'SELECT category_id FROM Categories', '1', '1');
INSERT INTO "QueryColumnAccess" ("queryId", "columnId")
    VALUES ('718', '1');
INSERT INTO "QueryTableAccess" ("queryId", "tableId")
    VALUES ('718', '4');
SELECT 'address' FROM Customers;
INSERT INTO "SqlQuery" ("queryId", "userId", "issuedAt", "finishedAt", "hasError", "errorMessage", "statement", "projectId", "queryTypeId")
    VALUES ('719', '1', '2023-05-09 21:02:59.568607', '2023-05-09 21:03:03.568607', 'False', 'None', 'SELECT address FROM Customers', '1', '1');
INSERT INTO "QueryColumnAccess" ("queryId", "columnId")
    VALUES ('719', '6');
INSERT INTO "QueryTableAccess" ("queryId", "tableId")
    VALUES ('719', '1');
SELECT 'product_id' FROM OrderItems;
INSERT INTO "SqlQuery" ("queryId", "userId", "issuedAt", "finishedAt", "hasError", "errorMessage", "statement", "projectId", "queryTypeId")
    VALUES ('720', '15', '2023-06-25 21:02:59.568618', '2023-06-25 21:03:01.568618', 'False', 'None', 'SELECT product_id FROM OrderItems', '1', '1');
INSERT INTO "QueryColumnAccess" ("queryId", "columnId")
    VALUES ('720', '3');
INSERT INTO "QueryTableAccess" ("queryId", "tableId")
    VALUES ('720', '5');
SELECT 'payment_method' FROM Orders;
INSERT INTO "SqlQuery" ("queryId", "userId", "issuedAt", "finishedAt", "hasError", "errorMessage", "statement", "projectId", "queryTypeId")
    VALUES ('721', '3', '2023-05-16 21:02:59.568625', '2023-05-16 21:03:01.568625', 'False', 'None', 'SELECT payment_method FROM Orders', '1', '1');
INSERT INTO "QueryColumnAccess" ("queryId", "columnId")
    VALUES ('721', '5');
INSERT INTO "QueryTableAccess" ("queryId", "tableId")
    VALUES ('721', '2');
SELECT 'price' FROM Products;
INSERT INTO "SqlQuery" ("queryId", "userId", "issuedAt", "finishedAt", "hasError", "errorMessage", "statement", "projectId", "queryTypeId")
    VALUES ('722', '11', '2023-07-08 21:02:59.568631', '2023-07-08 21:03:03.568631', 'False', 'None', 'SELECT price FROM Products', '1', '1');
INSERT INTO "QueryColumnAccess" ("queryId", "columnId")
    VALUES ('722', '4');
INSERT INTO "QueryTableAccess" ("queryId", "tableId")
    VALUES ('722', '3');
SELECT 'shipping_address' FROM Orders;
INSERT INTO "SqlQuery" ("queryId", "userId", "issuedAt", "finishedAt", "hasError", "errorMessage", "statement", "projectId", "queryTypeId")
    VALUES ('723', '11', '2023-07-02 21:02:59.568638', '2023-07-02 21:03:03.568638', 'False', 'None', 'SELECT shipping_address FROM Orders', '1', '1');
INSERT INTO "QueryColumnAccess" ("queryId", "columnId")
    VALUES ('723', '6');
INSERT INTO "QueryTableAccess" ("queryId", "tableId")
    VALUES ('723', '2');
SELECT 'order_item_id' FROM OrderItems;
INSERT INTO "SqlQuery" ("queryId", "userId", "issuedAt", "finishedAt", "hasError", "errorMessage", "statement", "projectId", "queryTypeId")
    VALUES ('724', '5', '2023-06-04 21:02:59.568644', '2023-06-04 21:03:01.568644', 'False', 'None', 'SELECT order_item_id FROM OrderItems', '1', '1');
INSERT INTO "QueryColumnAccess" ("queryId", "columnId")
    VALUES ('724', '1');
INSERT INTO "QueryTableAccess" ("queryId", "tableId")
    VALUES ('724', '5');
SELECT 'order_item_id' FROM OrderItems;
INSERT INTO "SqlQuery" ("queryId", "userId", "issuedAt", "finishedAt", "hasError", "errorMessage", "statement", "projectId", "queryTypeId")
    VALUES ('725', '14', '2023-05-21 21:02:59.568651', '2023-05-21 21:03:03.568651', 'False', 'None', 'SELECT order_item_id FROM OrderItems', '1', '1');
INSERT INTO "QueryColumnAccess" ("queryId", "columnId")
    VALUES ('725', '1');
INSERT INTO "QueryTableAccess" ("queryId", "tableId")
    VALUES ('725', '5');
SELECT 'category_name' FROM Categories;
INSERT INTO "SqlQuery" ("queryId", "userId", "issuedAt", "finishedAt", "hasError", "errorMessage", "statement", "projectId", "queryTypeId")
    VALUES ('726', '7', '2023-05-26 21:02:59.568657', '2023-05-26 21:03:03.568657', 'False', 'None', 'SELECT category_name FROM Categories', '1', '1');
INSERT INTO "QueryColumnAccess" ("queryId", "columnId")
    VALUES ('726', '2');
INSERT INTO "QueryTableAccess" ("queryId", "tableId")
    VALUES ('726', '4');
SELECT 'customer_id' FROM Orders;
INSERT INTO "SqlQuery" ("queryId", "userId", "issuedAt", "finishedAt", "hasError", "errorMessage", "statement", "projectId", "queryTypeId")
    VALUES ('727', '14', '2023-05-12 21:02:59.568664', '2023-05-12 21:03:03.568664', 'False', 'None', 'SELECT customer_id FROM Orders', '1', '1');
INSERT INTO "QueryColumnAccess" ("queryId", "columnId")
    VALUES ('727', '2');
INSERT INTO "QueryTableAccess" ("queryId", "tableId")
    VALUES ('727', '2');
SELECT 'customer_id' FROM Orders;
INSERT INTO "SqlQuery" ("queryId", "userId", "issuedAt", "finishedAt", "hasError", "errorMessage", "statement", "projectId", "queryTypeId")
    VALUES ('728', '9', '2023-06-03 21:02:59.568670', '2023-06-03 21:03:01.568670', 'False', 'None', 'SELECT customer_id FROM Orders', '1', '1');
INSERT INTO "QueryColumnAccess" ("queryId", "columnId")
    VALUES ('728', '2');
INSERT INTO "QueryTableAccess" ("queryId", "tableId")
    VALUES ('728', '2');
SELECT 'order_date' FROM Orders;
INSERT INTO "SqlQuery" ("queryId", "userId", "issuedAt", "finishedAt", "hasError", "errorMessage", "statement", "projectId", "queryTypeId")
    VALUES ('729', '9', '2023-05-04 21:02:59.568676', '2023-05-04 21:03:03.568676', 'False', 'None', 'SELECT order_date FROM Orders', '1', '1');
INSERT INTO "QueryColumnAccess" ("queryId", "columnId")
    VALUES ('729', '3');
INSERT INTO "QueryTableAccess" ("queryId", "tableId")
    VALUES ('729', '2');
SELECT 'description' FROM Categories;
INSERT INTO "SqlQuery" ("queryId", "userId", "issuedAt", "finishedAt", "hasError", "errorMessage", "statement", "projectId", "queryTypeId")
    VALUES ('730', '1', '2023-06-18 21:02:59.568683', '2023-06-18 21:03:02.568683', 'False', 'None', 'SELECT description FROM Categories', '1', '1');
INSERT INTO "QueryColumnAccess" ("queryId", "columnId")
    VALUES ('730', '3');
INSERT INTO "QueryTableAccess" ("queryId", "tableId")
    VALUES ('730', '4');
SELECT 'customer_id' FROM Customers;
INSERT INTO "SqlQuery" ("queryId", "userId", "issuedAt", "finishedAt", "hasError", "errorMessage", "statement", "projectId", "queryTypeId")
    VALUES ('731', '13', '2023-05-20 21:02:59.568689', '2023-05-20 21:03:01.568689', 'False', 'None', 'SELECT customer_id FROM Customers', '1', '1');
INSERT INTO "QueryColumnAccess" ("queryId", "columnId")
    VALUES ('731', '1');
INSERT INTO "QueryTableAccess" ("queryId", "tableId")
    VALUES ('731', '1');
SELECT 'last_name' FROM Customers;
INSERT INTO "SqlQuery" ("queryId", "userId", "issuedAt", "finishedAt", "hasError", "errorMessage", "statement", "projectId", "queryTypeId")
    VALUES ('732', '3', '2023-04-29 21:02:59.568695', '2023-04-29 21:03:02.568695', 'False', 'None', 'SELECT last_name FROM Customers', '1', '1');
INSERT INTO "QueryColumnAccess" ("queryId", "columnId")
    VALUES ('732', '3');
INSERT INTO "QueryTableAccess" ("queryId", "tableId")
    VALUES ('732', '1');
SELECT 'customer_id' FROM Customers;
INSERT INTO "SqlQuery" ("queryId", "userId", "issuedAt", "finishedAt", "hasError", "errorMessage", "statement", "projectId", "queryTypeId")
    VALUES ('733', '5', '2023-06-14 21:02:59.568702', '2023-06-14 21:03:03.568702', 'False', 'None', 'SELECT customer_id FROM Customers', '1', '1');
INSERT INTO "QueryColumnAccess" ("queryId", "columnId")
    VALUES ('733', '1');
INSERT INTO "QueryTableAccess" ("queryId", "tableId")
    VALUES ('733', '1');
SELECT 'order_date' FROM Orders;
INSERT INTO "SqlQuery" ("queryId", "userId", "issuedAt", "finishedAt", "hasError", "errorMessage", "statement", "projectId", "queryTypeId")
    VALUES ('734', '4', '2023-04-14 21:02:59.568708', '2023-04-14 21:03:02.568708', 'False', 'None', 'SELECT order_date FROM Orders', '1', '1');
INSERT INTO "QueryColumnAccess" ("queryId", "columnId")
    VALUES ('734', '3');
INSERT INTO "QueryTableAccess" ("queryId", "tableId")
    VALUES ('734', '2');
SELECT 'parent_category_id' FROM Categories;
INSERT INTO "SqlQuery" ("queryId", "userId", "issuedAt", "finishedAt", "hasError", "errorMessage", "statement", "projectId", "queryTypeId")
    VALUES ('735', '3', '2023-07-09 21:02:59.568715', '2023-07-09 21:03:02.568715', 'False', 'None', 'SELECT parent_category_id FROM Categories', '1', '1');
INSERT INTO "QueryColumnAccess" ("queryId", "columnId")
    VALUES ('735', '4');
INSERT INTO "QueryTableAccess" ("queryId", "tableId")
    VALUES ('735', '4');
SELECT 'total_amount' FROM Orders;
INSERT INTO "SqlQuery" ("queryId", "userId", "issuedAt", "finishedAt", "hasError", "errorMessage", "statement", "projectId", "queryTypeId")
    VALUES ('736', '11', '2023-04-27 21:02:59.568721', '2023-04-27 21:03:03.568721', 'False', 'None', 'SELECT total_amount FROM Orders', '1', '1');
INSERT INTO "QueryColumnAccess" ("queryId", "columnId")
    VALUES ('736', '4');
INSERT INTO "QueryTableAccess" ("queryId", "tableId")
    VALUES ('736', '2');
SELECT 'quantity' FROM Products;
INSERT INTO "SqlQuery" ("queryId", "userId", "issuedAt", "finishedAt", "hasError", "errorMessage", "statement", "projectId", "queryTypeId")
    VALUES ('737', '15', '2023-05-20 21:02:59.568734', '2023-05-20 21:03:02.568734', 'False', 'None', 'SELECT quantity FROM Products', '1', '1');
INSERT INTO "QueryColumnAccess" ("queryId", "columnId")
    VALUES ('737', '6');
INSERT INTO "QueryTableAccess" ("queryId", "tableId")
    VALUES ('737', '3');
SELECT 'customer_id' FROM Customers;
INSERT INTO "SqlQuery" ("queryId", "userId", "issuedAt", "finishedAt", "hasError", "errorMessage", "statement", "projectId", "queryTypeId")
    VALUES ('738', '15', '2023-06-13 21:02:59.568741', '2023-06-13 21:03:00.568741', 'False', 'None', 'SELECT customer_id FROM Customers', '1', '1');
INSERT INTO "QueryColumnAccess" ("queryId", "columnId")
    VALUES ('738', '1');
INSERT INTO "QueryTableAccess" ("queryId", "tableId")
    VALUES ('738', '1');
SELECT 'parent_category_id' FROM Categories;
INSERT INTO "SqlQuery" ("queryId", "userId", "issuedAt", "finishedAt", "hasError", "errorMessage", "statement", "projectId", "queryTypeId")
    VALUES ('739', '11', '2023-04-21 21:02:59.568747', '2023-04-21 21:03:00.568747', 'False', 'None', 'SELECT parent_category_id FROM Categories', '1', '1');
INSERT INTO "QueryColumnAccess" ("queryId", "columnId")
    VALUES ('739', '4');
INSERT INTO "QueryTableAccess" ("queryId", "tableId")
    VALUES ('739', '4');
SELECT 'category_name' FROM Categories;
INSERT INTO "SqlQuery" ("queryId", "userId", "issuedAt", "finishedAt", "hasError", "errorMessage", "statement", "projectId", "queryTypeId")
    VALUES ('740', '8', '2023-05-07 21:02:59.568753', '2023-05-07 21:03:00.568753', 'False', 'None', 'SELECT category_name FROM Categories', '1', '1');
INSERT INTO "QueryColumnAccess" ("queryId", "columnId")
    VALUES ('740', '2');
INSERT INTO "QueryTableAccess" ("queryId", "tableId")
    VALUES ('740', '4');
SELECT 'quantity' FROM Products;
INSERT INTO "SqlQuery" ("queryId", "userId", "issuedAt", "finishedAt", "hasError", "errorMessage", "statement", "projectId", "queryTypeId")
    VALUES ('741', '2', '2023-04-24 21:02:59.568760', '2023-04-24 21:03:00.568760', 'False', 'None', 'SELECT quantity FROM Products', '1', '1');
INSERT INTO "QueryColumnAccess" ("queryId", "columnId")
    VALUES ('741', '6');
INSERT INTO "QueryTableAccess" ("queryId", "tableId")
    VALUES ('741', '3');
SELECT 'total_amount' FROM Orders;
INSERT INTO "SqlQuery" ("queryId", "userId", "issuedAt", "finishedAt", "hasError", "errorMessage", "statement", "projectId", "queryTypeId")
    VALUES ('742', '13', '2023-05-07 21:02:59.568766', '2023-05-07 21:03:03.568766', 'False', 'None', 'SELECT total_amount FROM Orders', '1', '1');
INSERT INTO "QueryColumnAccess" ("queryId", "columnId")
    VALUES ('742', '4');
INSERT INTO "QueryTableAccess" ("queryId", "tableId")
    VALUES ('742', '2');
SELECT 'order_item_id' FROM OrderItems;
INSERT INTO "SqlQuery" ("queryId", "userId", "issuedAt", "finishedAt", "hasError", "errorMessage", "statement", "projectId", "queryTypeId")
    VALUES ('743', '12', '2023-06-05 21:02:59.568772', '2023-06-05 21:03:01.568772', 'False', 'None', 'SELECT order_item_id FROM OrderItems', '1', '1');
INSERT INTO "QueryColumnAccess" ("queryId", "columnId")
    VALUES ('743', '1');
INSERT INTO "QueryTableAccess" ("queryId", "tableId")
    VALUES ('743', '5');
SELECT 'unit_price' FROM OrderItems;
INSERT INTO "SqlQuery" ("queryId", "userId", "issuedAt", "finishedAt", "hasError", "errorMessage", "statement", "projectId", "queryTypeId")
    VALUES ('744', '6', '2023-07-04 21:02:59.568779', '2023-07-04 21:03:00.568779', 'False', 'None', 'SELECT unit_price FROM OrderItems', '1', '1');
INSERT INTO "QueryColumnAccess" ("queryId", "columnId")
    VALUES ('744', '5');
INSERT INTO "QueryTableAccess" ("queryId", "tableId")
    VALUES ('744', '5');
SELECT 'category' FROM Products;
INSERT INTO "SqlQuery" ("queryId", "userId", "issuedAt", "finishedAt", "hasError", "errorMessage", "statement", "projectId", "queryTypeId")
    VALUES ('745', '2', '2023-05-02 21:02:59.568785', '2023-05-02 21:03:03.568785', 'False', 'None', 'SELECT category FROM Products', '1', '1');
INSERT INTO "QueryColumnAccess" ("queryId", "columnId")
    VALUES ('745', '3');
INSERT INTO "QueryTableAccess" ("queryId", "tableId")
    VALUES ('745', '3');
SELECT 'category_name' FROM Categories;
INSERT INTO "SqlQuery" ("queryId", "userId", "issuedAt", "finishedAt", "hasError", "errorMessage", "statement", "projectId", "queryTypeId")
    VALUES ('746', '7', '2023-05-17 21:02:59.568791', '2023-05-17 21:03:00.568791', 'False', 'None', 'SELECT category_name FROM Categories', '1', '1');
INSERT INTO "QueryColumnAccess" ("queryId", "columnId")
    VALUES ('746', '2');
INSERT INTO "QueryTableAccess" ("queryId", "tableId")
    VALUES ('746', '4');
SELECT 'price' FROM Products;
INSERT INTO "SqlQuery" ("queryId", "userId", "issuedAt", "finishedAt", "hasError", "errorMessage", "statement", "projectId", "queryTypeId")
    VALUES ('747', '4', '2023-06-29 21:02:59.568798', '2023-06-29 21:03:01.568798', 'False', 'None', 'SELECT price FROM Products', '1', '1');
INSERT INTO "QueryColumnAccess" ("queryId", "columnId")
    VALUES ('747', '4');
INSERT INTO "QueryTableAccess" ("queryId", "tableId")
    VALUES ('747', '3');
SELECT 'email' FROM Customers;
INSERT INTO "SqlQuery" ("queryId", "userId", "issuedAt", "finishedAt", "hasError", "errorMessage", "statement", "projectId", "queryTypeId")
    VALUES ('748', '11', '2023-05-09 21:02:59.568804', '2023-05-09 21:03:03.568804', 'False', 'None', 'SELECT email FROM Customers', '1', '1');
INSERT INTO "QueryColumnAccess" ("queryId", "columnId")
    VALUES ('748', '4');
INSERT INTO "QueryTableAccess" ("queryId", "tableId")
    VALUES ('748', '1');
SELECT 'category_id' FROM Categories;
INSERT INTO "SqlQuery" ("queryId", "userId", "issuedAt", "finishedAt", "hasError", "errorMessage", "statement", "projectId", "queryTypeId")
    VALUES ('749', '8', '2023-04-25 21:02:59.568810', '2023-04-25 21:03:02.568810', 'False', 'None', 'SELECT category_id FROM Categories', '1', '1');
INSERT INTO "QueryColumnAccess" ("queryId", "columnId")
    VALUES ('749', '1');
INSERT INTO "QueryTableAccess" ("queryId", "tableId")
    VALUES ('749', '4');
SELECT 'order_id' FROM Orders;
INSERT INTO "SqlQuery" ("queryId", "userId", "issuedAt", "finishedAt", "hasError", "errorMessage", "statement", "projectId", "queryTypeId")
    VALUES ('750', '9', '2023-06-08 21:02:59.568816', '2023-06-08 21:03:02.568816', 'False', 'None', 'SELECT order_id FROM Orders', '1', '1');
INSERT INTO "QueryColumnAccess" ("queryId", "columnId")
    VALUES ('750', '1');
INSERT INTO "QueryTableAccess" ("queryId", "tableId")
    VALUES ('750', '2');
SELECT 'email' FROM Customers;
INSERT INTO "SqlQuery" ("queryId", "userId", "issuedAt", "finishedAt", "hasError", "errorMessage", "statement", "projectId", "queryTypeId")
    VALUES ('751', '13', '2023-05-05 21:02:59.568823', '2023-05-05 21:03:01.568823', 'False', 'None', 'SELECT email FROM Customers', '1', '1');
INSERT INTO "QueryColumnAccess" ("queryId", "columnId")
    VALUES ('751', '4');
INSERT INTO "QueryTableAccess" ("queryId", "tableId")
    VALUES ('751', '1');
SELECT 'product_id' FROM Products;
INSERT INTO "SqlQuery" ("queryId", "userId", "issuedAt", "finishedAt", "hasError", "errorMessage", "statement", "projectId", "queryTypeId")
    VALUES ('752', '3', '2023-05-06 21:02:59.568829', '2023-05-06 21:03:01.568829', 'False', 'None', 'SELECT product_id FROM Products', '1', '1');
INSERT INTO "QueryColumnAccess" ("queryId", "columnId")
    VALUES ('752', '1');
INSERT INTO "QueryTableAccess" ("queryId", "tableId")
    VALUES ('752', '3');
SELECT 'order_id' FROM OrderItems;
INSERT INTO "SqlQuery" ("queryId", "userId", "issuedAt", "finishedAt", "hasError", "errorMessage", "statement", "projectId", "queryTypeId")
    VALUES ('753', '5', '2023-04-11 21:02:59.568835', '2023-04-11 21:03:02.568835', 'False', 'None', 'SELECT order_id FROM OrderItems', '1', '1');
INSERT INTO "QueryColumnAccess" ("queryId", "columnId")
    VALUES ('753', '2');
INSERT INTO "QueryTableAccess" ("queryId", "tableId")
    VALUES ('753', '5');
SELECT 'unit_price' FROM OrderItems;
INSERT INTO "SqlQuery" ("queryId", "userId", "issuedAt", "finishedAt", "hasError", "errorMessage", "statement", "projectId", "queryTypeId")
    VALUES ('754', '9', '2023-04-11 21:02:59.568851', '2023-04-11 21:03:03.568851', 'False', 'None', 'SELECT unit_price FROM OrderItems', '1', '1');
INSERT INTO "QueryColumnAccess" ("queryId", "columnId")
    VALUES ('754', '5');
INSERT INTO "QueryTableAccess" ("queryId", "tableId")
    VALUES ('754', '5');
SELECT 'phone_number' FROM Customers;
INSERT INTO "SqlQuery" ("queryId", "userId", "issuedAt", "finishedAt", "hasError", "errorMessage", "statement", "projectId", "queryTypeId")
    VALUES ('755', '5', '2023-05-06 21:02:59.568858', '2023-05-06 21:03:03.568858', 'False', 'None', 'SELECT phone_number FROM Customers', '1', '1');
INSERT INTO "QueryColumnAccess" ("queryId", "columnId")
    VALUES ('755', '5');
INSERT INTO "QueryTableAccess" ("queryId", "tableId")
    VALUES ('755', '1');
SELECT 'description' FROM Products;
INSERT INTO "SqlQuery" ("queryId", "userId", "issuedAt", "finishedAt", "hasError", "errorMessage", "statement", "projectId", "queryTypeId")
    VALUES ('756', '11', '2023-06-23 21:02:59.568864', '2023-06-23 21:03:02.568864', 'False', 'None', 'SELECT description FROM Products', '1', '1');
INSERT INTO "QueryColumnAccess" ("queryId", "columnId")
    VALUES ('756', '5');
INSERT INTO "QueryTableAccess" ("queryId", "tableId")
    VALUES ('756', '3');
SELECT 'order_id' FROM Orders;
INSERT INTO "SqlQuery" ("queryId", "userId", "issuedAt", "finishedAt", "hasError", "errorMessage", "statement", "projectId", "queryTypeId")
    VALUES ('757', '13', '2023-05-22 21:02:59.568870', '2023-05-22 21:03:00.568870', 'False', 'None', 'SELECT order_id FROM Orders', '1', '1');
INSERT INTO "QueryColumnAccess" ("queryId", "columnId")
    VALUES ('757', '1');
INSERT INTO "QueryTableAccess" ("queryId", "tableId")
    VALUES ('757', '2');
SELECT 'description' FROM Products;
INSERT INTO "SqlQuery" ("queryId", "userId", "issuedAt", "finishedAt", "hasError", "errorMessage", "statement", "projectId", "queryTypeId")
    VALUES ('758', '14', '2023-07-01 21:02:59.568877', '2023-07-01 21:03:02.568877', 'False', 'None', 'SELECT description FROM Products', '1', '1');
INSERT INTO "QueryColumnAccess" ("queryId", "columnId")
    VALUES ('758', '5');
INSERT INTO "QueryTableAccess" ("queryId", "tableId")
    VALUES ('758', '3');
SELECT 'last_name' FROM Customers;
INSERT INTO "SqlQuery" ("queryId", "userId", "issuedAt", "finishedAt", "hasError", "errorMessage", "statement", "projectId", "queryTypeId")
    VALUES ('759', '12', '2023-06-07 21:02:59.568883', '2023-06-07 21:03:00.568883', 'False', 'None', 'SELECT last_name FROM Customers', '1', '1');
INSERT INTO "QueryColumnAccess" ("queryId", "columnId")
    VALUES ('759', '3');
INSERT INTO "QueryTableAccess" ("queryId", "tableId")
    VALUES ('759', '1');
SELECT 'description' FROM Categories;
INSERT INTO "SqlQuery" ("queryId", "userId", "issuedAt", "finishedAt", "hasError", "errorMessage", "statement", "projectId", "queryTypeId")
    VALUES ('760', '2', '2023-05-18 21:02:59.568889', '2023-05-18 21:03:02.568889', 'False', 'None', 'SELECT description FROM Categories', '1', '1');
INSERT INTO "QueryColumnAccess" ("queryId", "columnId")
    VALUES ('760', '3');
INSERT INTO "QueryTableAccess" ("queryId", "tableId")
    VALUES ('760', '4');
SELECT 'price' FROM Products;
INSERT INTO "SqlQuery" ("queryId", "userId", "issuedAt", "finishedAt", "hasError", "errorMessage", "statement", "projectId", "queryTypeId")
    VALUES ('761', '3', '2023-07-07 21:02:59.568895', '2023-07-07 21:03:00.568895', 'False', 'None', 'SELECT price FROM Products', '1', '1');
INSERT INTO "QueryColumnAccess" ("queryId", "columnId")
    VALUES ('761', '4');
INSERT INTO "QueryTableAccess" ("queryId", "tableId")
    VALUES ('761', '3');
SELECT 'product_id' FROM OrderItems;
INSERT INTO "SqlQuery" ("queryId", "userId", "issuedAt", "finishedAt", "hasError", "errorMessage", "statement", "projectId", "queryTypeId")
    VALUES ('762', '7', '2023-06-10 21:02:59.568902', '2023-06-10 21:03:01.568902', 'False', 'None', 'SELECT product_id FROM OrderItems', '1', '1');
INSERT INTO "QueryColumnAccess" ("queryId", "columnId")
    VALUES ('762', '3');
INSERT INTO "QueryTableAccess" ("queryId", "tableId")
    VALUES ('762', '5');
SELECT 'price' FROM Products;
INSERT INTO "SqlQuery" ("queryId", "userId", "issuedAt", "finishedAt", "hasError", "errorMessage", "statement", "projectId", "queryTypeId")
    VALUES ('763', '14', '2023-07-02 21:02:59.568908', '2023-07-02 21:03:01.568908', 'False', 'None', 'SELECT price FROM Products', '1', '1');
INSERT INTO "QueryColumnAccess" ("queryId", "columnId")
    VALUES ('763', '4');
INSERT INTO "QueryTableAccess" ("queryId", "tableId")
    VALUES ('763', '3');
SELECT 'category_id' FROM Categories;
INSERT INTO "SqlQuery" ("queryId", "userId", "issuedAt", "finishedAt", "hasError", "errorMessage", "statement", "projectId", "queryTypeId")
    VALUES ('764', '12', '2023-06-06 21:02:59.568915', '2023-06-06 21:03:01.568915', 'False', 'None', 'SELECT category_id FROM Categories', '1', '1');
INSERT INTO "QueryColumnAccess" ("queryId", "columnId")
    VALUES ('764', '1');
INSERT INTO "QueryTableAccess" ("queryId", "tableId")
    VALUES ('764', '4');
SELECT 'customer_id' FROM Orders;
INSERT INTO "SqlQuery" ("queryId", "userId", "issuedAt", "finishedAt", "hasError", "errorMessage", "statement", "projectId", "queryTypeId")
    VALUES ('765', '9', '2023-07-08 21:02:59.568921', '2023-07-08 21:03:01.568921', 'False', 'None', 'SELECT customer_id FROM Orders', '1', '1');
INSERT INTO "QueryColumnAccess" ("queryId", "columnId")
    VALUES ('765', '2');
INSERT INTO "QueryTableAccess" ("queryId", "tableId")
    VALUES ('765', '2');
SELECT 'category_name' FROM Categories;
INSERT INTO "SqlQuery" ("queryId", "userId", "issuedAt", "finishedAt", "hasError", "errorMessage", "statement", "projectId", "queryTypeId")
    VALUES ('766', '12', '2023-04-30 21:02:59.568927', '2023-04-30 21:03:01.568927', 'False', 'None', 'SELECT category_name FROM Categories', '1', '1');
INSERT INTO "QueryColumnAccess" ("queryId", "columnId")
    VALUES ('766', '2');
INSERT INTO "QueryTableAccess" ("queryId", "tableId")
    VALUES ('766', '4');
SELECT 'total_amount' FROM Orders;
INSERT INTO "SqlQuery" ("queryId", "userId", "issuedAt", "finishedAt", "hasError", "errorMessage", "statement", "projectId", "queryTypeId")
    VALUES ('767', '13', '2023-06-24 21:02:59.568933', '2023-06-24 21:03:02.568933', 'False', 'None', 'SELECT total_amount FROM Orders', '1', '1');
INSERT INTO "QueryColumnAccess" ("queryId", "columnId")
    VALUES ('767', '4');
INSERT INTO "QueryTableAccess" ("queryId", "tableId")
    VALUES ('767', '2');
SELECT 'first_name' FROM Customers;
INSERT INTO "SqlQuery" ("queryId", "userId", "issuedAt", "finishedAt", "hasError", "errorMessage", "statement", "projectId", "queryTypeId")
    VALUES ('768', '5', '2023-06-21 21:02:59.568940', '2023-06-21 21:03:03.568940', 'False', 'None', 'SELECT first_name FROM Customers', '1', '1');
INSERT INTO "QueryColumnAccess" ("queryId", "columnId")
    VALUES ('768', '2');
INSERT INTO "QueryTableAccess" ("queryId", "tableId")
    VALUES ('768', '1');
SELECT 'customer_id' FROM Customers;
INSERT INTO "SqlQuery" ("queryId", "userId", "issuedAt", "finishedAt", "hasError", "errorMessage", "statement", "projectId", "queryTypeId")
    VALUES ('769', '5', '2023-06-01 21:02:59.568946', '2023-06-01 21:03:00.568946', 'False', 'None', 'SELECT customer_id FROM Customers', '1', '1');
INSERT INTO "QueryColumnAccess" ("queryId", "columnId")
    VALUES ('769', '1');
INSERT INTO "QueryTableAccess" ("queryId", "tableId")
    VALUES ('769', '1');
SELECT 'unit_price' FROM OrderItems;
INSERT INTO "SqlQuery" ("queryId", "userId", "issuedAt", "finishedAt", "hasError", "errorMessage", "statement", "projectId", "queryTypeId")
    VALUES ('770', '10', '2023-07-05 21:02:59.568956', '2023-07-05 21:03:03.568956', 'False', 'None', 'SELECT unit_price FROM OrderItems', '1', '1');
INSERT INTO "QueryColumnAccess" ("queryId", "columnId")
    VALUES ('770', '5');
INSERT INTO "QueryTableAccess" ("queryId", "tableId")
    VALUES ('770', '5');
SELECT 'phone_number' FROM Customers;
INSERT INTO "SqlQuery" ("queryId", "userId", "issuedAt", "finishedAt", "hasError", "errorMessage", "statement", "projectId", "queryTypeId")
    VALUES ('771', '9', '2023-05-20 21:02:59.568962', '2023-05-20 21:03:02.568962', 'False', 'None', 'SELECT phone_number FROM Customers', '1', '1');
INSERT INTO "QueryColumnAccess" ("queryId", "columnId")
    VALUES ('771', '5');
INSERT INTO "QueryTableAccess" ("queryId", "tableId")
    VALUES ('771', '1');
SELECT 'order_item_id' FROM OrderItems;
INSERT INTO "SqlQuery" ("queryId", "userId", "issuedAt", "finishedAt", "hasError", "errorMessage", "statement", "projectId", "queryTypeId")
    VALUES ('772', '5', '2023-04-17 21:02:59.568969', '2023-04-17 21:03:01.568969', 'False', 'None', 'SELECT order_item_id FROM OrderItems', '1', '1');
INSERT INTO "QueryColumnAccess" ("queryId", "columnId")
    VALUES ('772', '1');
INSERT INTO "QueryTableAccess" ("queryId", "tableId")
    VALUES ('772', '5');
SELECT 'product_id' FROM OrderItems;
INSERT INTO "SqlQuery" ("queryId", "userId", "issuedAt", "finishedAt", "hasError", "errorMessage", "statement", "projectId", "queryTypeId")
    VALUES ('773', '2', '2023-06-10 21:02:59.568975', '2023-06-10 21:03:01.568975', 'False', 'None', 'SELECT product_id FROM OrderItems', '1', '1');
INSERT INTO "QueryColumnAccess" ("queryId", "columnId")
    VALUES ('773', '3');
INSERT INTO "QueryTableAccess" ("queryId", "tableId")
    VALUES ('773', '5');
SELECT 'shipping_address' FROM Orders;
INSERT INTO "SqlQuery" ("queryId", "userId", "issuedAt", "finishedAt", "hasError", "errorMessage", "statement", "projectId", "queryTypeId")
    VALUES ('774', '10', '2023-05-14 21:02:59.568981', '2023-05-14 21:03:01.568981', 'False', 'None', 'SELECT shipping_address FROM Orders', '1', '1');
INSERT INTO "QueryColumnAccess" ("queryId", "columnId")
    VALUES ('774', '6');
INSERT INTO "QueryTableAccess" ("queryId", "tableId")
    VALUES ('774', '2');
SELECT 'total_amount' FROM Orders;
INSERT INTO "SqlQuery" ("queryId", "userId", "issuedAt", "finishedAt", "hasError", "errorMessage", "statement", "projectId", "queryTypeId")
    VALUES ('775', '7', '2023-04-27 21:02:59.568988', '2023-04-27 21:03:00.568988', 'False', 'None', 'SELECT total_amount FROM Orders', '1', '1');
INSERT INTO "QueryColumnAccess" ("queryId", "columnId")
    VALUES ('775', '4');
INSERT INTO "QueryTableAccess" ("queryId", "tableId")
    VALUES ('775', '2');
SELECT 'shipping_address' FROM Orders;
INSERT INTO "SqlQuery" ("queryId", "userId", "issuedAt", "finishedAt", "hasError", "errorMessage", "statement", "projectId", "queryTypeId")
    VALUES ('776', '11', '2023-06-30 21:02:59.568994', '2023-06-30 21:03:01.568994', 'False', 'None', 'SELECT shipping_address FROM Orders', '1', '1');
INSERT INTO "QueryColumnAccess" ("queryId", "columnId")
    VALUES ('776', '6');
INSERT INTO "QueryTableAccess" ("queryId", "tableId")
    VALUES ('776', '2');
SELECT 'unit_price' FROM OrderItems;
INSERT INTO "SqlQuery" ("queryId", "userId", "issuedAt", "finishedAt", "hasError", "errorMessage", "statement", "projectId", "queryTypeId")
    VALUES ('777', '6', '2023-06-09 21:02:59.569001', '2023-06-09 21:03:00.569001', 'False', 'None', 'SELECT unit_price FROM OrderItems', '1', '1');
INSERT INTO "QueryColumnAccess" ("queryId", "columnId")
    VALUES ('777', '5');
INSERT INTO "QueryTableAccess" ("queryId", "tableId")
    VALUES ('777', '5');
SELECT 'description' FROM Products;
INSERT INTO "SqlQuery" ("queryId", "userId", "issuedAt", "finishedAt", "hasError", "errorMessage", "statement", "projectId", "queryTypeId")
    VALUES ('778', '15', '2023-04-28 21:02:59.569007', '2023-04-28 21:03:03.569007', 'False', 'None', 'SELECT description FROM Products', '1', '1');
INSERT INTO "QueryColumnAccess" ("queryId", "columnId")
    VALUES ('778', '5');
INSERT INTO "QueryTableAccess" ("queryId", "tableId")
    VALUES ('778', '3');
SELECT 'product_id' FROM Products;
INSERT INTO "SqlQuery" ("queryId", "userId", "issuedAt", "finishedAt", "hasError", "errorMessage", "statement", "projectId", "queryTypeId")
    VALUES ('779', '6', '2023-04-11 21:02:59.569013', '2023-04-11 21:03:02.569013', 'False', 'None', 'SELECT product_id FROM Products', '1', '1');
INSERT INTO "QueryColumnAccess" ("queryId", "columnId")
    VALUES ('779', '1');
INSERT INTO "QueryTableAccess" ("queryId", "tableId")
    VALUES ('779', '3');
SELECT 'shipping_address' FROM Orders;
INSERT INTO "SqlQuery" ("queryId", "userId", "issuedAt", "finishedAt", "hasError", "errorMessage", "statement", "projectId", "queryTypeId")
    VALUES ('780', '2', '2023-06-17 21:02:59.569019', '2023-06-17 21:03:00.569019', 'False', 'None', 'SELECT shipping_address FROM Orders', '1', '1');
INSERT INTO "QueryColumnAccess" ("queryId", "columnId")
    VALUES ('780', '6');
INSERT INTO "QueryTableAccess" ("queryId", "tableId")
    VALUES ('780', '2');
SELECT 'description' FROM Categories;
INSERT INTO "SqlQuery" ("queryId", "userId", "issuedAt", "finishedAt", "hasError", "errorMessage", "statement", "projectId", "queryTypeId")
    VALUES ('781', '10', '2023-07-04 21:02:59.569026', '2023-07-04 21:03:01.569026', 'False', 'None', 'SELECT description FROM Categories', '1', '1');
INSERT INTO "QueryColumnAccess" ("queryId", "columnId")
    VALUES ('781', '3');
INSERT INTO "QueryTableAccess" ("queryId", "tableId")
    VALUES ('781', '4');
SELECT 'order_id' FROM OrderItems;
INSERT INTO "SqlQuery" ("queryId", "userId", "issuedAt", "finishedAt", "hasError", "errorMessage", "statement", "projectId", "queryTypeId")
    VALUES ('782', '8', '2023-07-07 21:02:59.569032', '2023-07-07 21:03:01.569032', 'False', 'None', 'SELECT order_id FROM OrderItems', '1', '1');
INSERT INTO "QueryColumnAccess" ("queryId", "columnId")
    VALUES ('782', '2');
INSERT INTO "QueryTableAccess" ("queryId", "tableId")
    VALUES ('782', '5');
SELECT 'address' FROM Customers;
INSERT INTO "SqlQuery" ("queryId", "userId", "issuedAt", "finishedAt", "hasError", "errorMessage", "statement", "projectId", "queryTypeId")
    VALUES ('783', '13', '2023-05-14 21:02:59.569038', '2023-05-14 21:03:03.569038', 'False', 'None', 'SELECT address FROM Customers', '1', '1');
INSERT INTO "QueryColumnAccess" ("queryId", "columnId")
    VALUES ('783', '6');
INSERT INTO "QueryTableAccess" ("queryId", "tableId")
    VALUES ('783', '1');
SELECT 'category' FROM Products;
INSERT INTO "SqlQuery" ("queryId", "userId", "issuedAt", "finishedAt", "hasError", "errorMessage", "statement", "projectId", "queryTypeId")
    VALUES ('784', '11', '2023-05-06 21:02:59.569045', '2023-05-06 21:03:02.569045', 'False', 'None', 'SELECT category FROM Products', '1', '1');
INSERT INTO "QueryColumnAccess" ("queryId", "columnId")
    VALUES ('784', '3');
INSERT INTO "QueryTableAccess" ("queryId", "tableId")
    VALUES ('784', '3');
SELECT 'order_id' FROM OrderItems;
INSERT INTO "SqlQuery" ("queryId", "userId", "issuedAt", "finishedAt", "hasError", "errorMessage", "statement", "projectId", "queryTypeId")
    VALUES ('785', '2', '2023-07-05 21:02:59.569051', '2023-07-05 21:03:03.569051', 'False', 'None', 'SELECT order_id FROM OrderItems', '1', '1');
INSERT INTO "QueryColumnAccess" ("queryId", "columnId")
    VALUES ('785', '2');
INSERT INTO "QueryTableAccess" ("queryId", "tableId")
    VALUES ('785', '5');
SELECT 'order_id' FROM Orders;
INSERT INTO "SqlQuery" ("queryId", "userId", "issuedAt", "finishedAt", "hasError", "errorMessage", "statement", "projectId", "queryTypeId")
    VALUES ('786', '2', '2023-06-12 21:02:59.569058', '2023-06-12 21:03:01.569058', 'False', 'None', 'SELECT order_id FROM Orders', '1', '1');
INSERT INTO "QueryColumnAccess" ("queryId", "columnId")
    VALUES ('786', '1');
INSERT INTO "QueryTableAccess" ("queryId", "tableId")
    VALUES ('786', '2');
SELECT 'shipping_address' FROM Orders;
INSERT INTO "SqlQuery" ("queryId", "userId", "issuedAt", "finishedAt", "hasError", "errorMessage", "statement", "projectId", "queryTypeId")
    VALUES ('787', '7', '2023-07-08 21:02:59.569069', '2023-07-08 21:03:03.569069', 'False', 'None', 'SELECT shipping_address FROM Orders', '1', '1');
INSERT INTO "QueryColumnAccess" ("queryId", "columnId")
    VALUES ('787', '6');
INSERT INTO "QueryTableAccess" ("queryId", "tableId")
    VALUES ('787', '2');
SELECT 'customer_id' FROM Orders;
INSERT INTO "SqlQuery" ("queryId", "userId", "issuedAt", "finishedAt", "hasError", "errorMessage", "statement", "projectId", "queryTypeId")
    VALUES ('788', '15', '2023-04-29 21:02:59.569076', '2023-04-29 21:03:03.569076', 'False', 'None', 'SELECT customer_id FROM Orders', '1', '1');
INSERT INTO "QueryColumnAccess" ("queryId", "columnId")
    VALUES ('788', '2');
INSERT INTO "QueryTableAccess" ("queryId", "tableId")
    VALUES ('788', '2');
SELECT 'email' FROM Customers;
INSERT INTO "SqlQuery" ("queryId", "userId", "issuedAt", "finishedAt", "hasError", "errorMessage", "statement", "projectId", "queryTypeId")
    VALUES ('789', '9', '2023-06-22 21:02:59.569082', '2023-06-22 21:03:01.569082', 'False', 'None', 'SELECT email FROM Customers', '1', '1');
INSERT INTO "QueryColumnAccess" ("queryId", "columnId")
    VALUES ('789', '4');
INSERT INTO "QueryTableAccess" ("queryId", "tableId")
    VALUES ('789', '1');
SELECT 'unit_price' FROM OrderItems;
INSERT INTO "SqlQuery" ("queryId", "userId", "issuedAt", "finishedAt", "hasError", "errorMessage", "statement", "projectId", "queryTypeId")
    VALUES ('790', '2', '2023-06-08 21:02:59.569088', '2023-06-08 21:03:01.569088', 'False', 'None', 'SELECT unit_price FROM OrderItems', '1', '1');
INSERT INTO "QueryColumnAccess" ("queryId", "columnId")
    VALUES ('790', '5');
INSERT INTO "QueryTableAccess" ("queryId", "tableId")
    VALUES ('790', '5');
SELECT 'order_item_id' FROM OrderItems;
INSERT INTO "SqlQuery" ("queryId", "userId", "issuedAt", "finishedAt", "hasError", "errorMessage", "statement", "projectId", "queryTypeId")
    VALUES ('791', '13', '2023-05-01 21:02:59.569095', '2023-05-01 21:03:02.569095', 'False', 'None', 'SELECT order_item_id FROM OrderItems', '1', '1');
INSERT INTO "QueryColumnAccess" ("queryId", "columnId")
    VALUES ('791', '1');
INSERT INTO "QueryTableAccess" ("queryId", "tableId")
    VALUES ('791', '5');
SELECT 'last_name' FROM Customers;
INSERT INTO "SqlQuery" ("queryId", "userId", "issuedAt", "finishedAt", "hasError", "errorMessage", "statement", "projectId", "queryTypeId")
    VALUES ('792', '12', '2023-06-28 21:02:59.569101', '2023-06-28 21:03:03.569101', 'False', 'None', 'SELECT last_name FROM Customers', '1', '1');
INSERT INTO "QueryColumnAccess" ("queryId", "columnId")
    VALUES ('792', '3');
INSERT INTO "QueryTableAccess" ("queryId", "tableId")
    VALUES ('792', '1');
SELECT 'category_name' FROM Categories;
INSERT INTO "SqlQuery" ("queryId", "userId", "issuedAt", "finishedAt", "hasError", "errorMessage", "statement", "projectId", "queryTypeId")
    VALUES ('793', '15', '2023-05-16 21:02:59.569107', '2023-05-16 21:03:00.569107', 'False', 'None', 'SELECT category_name FROM Categories', '1', '1');
INSERT INTO "QueryColumnAccess" ("queryId", "columnId")
    VALUES ('793', '2');
INSERT INTO "QueryTableAccess" ("queryId", "tableId")
    VALUES ('793', '4');
SELECT 'quantity' FROM OrderItems;
INSERT INTO "SqlQuery" ("queryId", "userId", "issuedAt", "finishedAt", "hasError", "errorMessage", "statement", "projectId", "queryTypeId")
    VALUES ('794', '15', '2023-06-30 21:02:59.569113', '2023-06-30 21:03:03.569113', 'False', 'None', 'SELECT quantity FROM OrderItems', '1', '1');
INSERT INTO "QueryColumnAccess" ("queryId", "columnId")
    VALUES ('794', '4');
INSERT INTO "QueryTableAccess" ("queryId", "tableId")
    VALUES ('794', '5');
SELECT 'order_date' FROM Orders;
INSERT INTO "SqlQuery" ("queryId", "userId", "issuedAt", "finishedAt", "hasError", "errorMessage", "statement", "projectId", "queryTypeId")
    VALUES ('795', '3', '2023-07-09 21:02:59.569120', '2023-07-09 21:03:00.569120', 'False', 'None', 'SELECT order_date FROM Orders', '1', '1');
INSERT INTO "QueryColumnAccess" ("queryId", "columnId")
    VALUES ('795', '3');
INSERT INTO "QueryTableAccess" ("queryId", "tableId")
    VALUES ('795', '2');
SELECT 'category' FROM Products;
INSERT INTO "SqlQuery" ("queryId", "userId", "issuedAt", "finishedAt", "hasError", "errorMessage", "statement", "projectId", "queryTypeId")
    VALUES ('796', '7', '2023-05-24 21:02:59.569126', '2023-05-24 21:03:01.569126', 'False', 'None', 'SELECT category FROM Products', '1', '1');
INSERT INTO "QueryColumnAccess" ("queryId", "columnId")
    VALUES ('796', '3');
INSERT INTO "QueryTableAccess" ("queryId", "tableId")
    VALUES ('796', '3');
SELECT 'last_name' FROM Customers;
INSERT INTO "SqlQuery" ("queryId", "userId", "issuedAt", "finishedAt", "hasError", "errorMessage", "statement", "projectId", "queryTypeId")
    VALUES ('797', '12', '2023-06-14 21:02:59.569132', '2023-06-14 21:03:02.569132', 'False', 'None', 'SELECT last_name FROM Customers', '1', '1');
INSERT INTO "QueryColumnAccess" ("queryId", "columnId")
    VALUES ('797', '3');
INSERT INTO "QueryTableAccess" ("queryId", "tableId")
    VALUES ('797', '1');
SELECT 'quantity' FROM OrderItems;
INSERT INTO "SqlQuery" ("queryId", "userId", "issuedAt", "finishedAt", "hasError", "errorMessage", "statement", "projectId", "queryTypeId")
    VALUES ('798', '14', '2023-06-25 21:02:59.569138', '2023-06-25 21:03:03.569138', 'False', 'None', 'SELECT quantity FROM OrderItems', '1', '1');
INSERT INTO "QueryColumnAccess" ("queryId", "columnId")
    VALUES ('798', '4');
INSERT INTO "QueryTableAccess" ("queryId", "tableId")
    VALUES ('798', '5');
SELECT 'payment_method' FROM Orders;
INSERT INTO "SqlQuery" ("queryId", "userId", "issuedAt", "finishedAt", "hasError", "errorMessage", "statement", "projectId", "queryTypeId")
    VALUES ('799', '9', '2023-05-10 21:02:59.569144', '2023-05-10 21:03:02.569144', 'False', 'None', 'SELECT payment_method FROM Orders', '1', '1');
INSERT INTO "QueryColumnAccess" ("queryId", "columnId")
    VALUES ('799', '5');
INSERT INTO "QueryTableAccess" ("queryId", "tableId")
    VALUES ('799', '2');
SELECT 'parent_category_id' FROM Categories;
INSERT INTO "SqlQuery" ("queryId", "userId", "issuedAt", "finishedAt", "hasError", "errorMessage", "statement", "projectId", "queryTypeId")
    VALUES ('800', '8', '2023-06-28 21:02:59.569151', '2023-06-28 21:03:00.569151', 'False', 'None', 'SELECT parent_category_id FROM Categories', '1', '1');
INSERT INTO "QueryColumnAccess" ("queryId", "columnId")
    VALUES ('800', '4');
INSERT INTO "QueryTableAccess" ("queryId", "tableId")
    VALUES ('800', '4');
SELECT 'order_id' FROM OrderItems;
INSERT INTO "SqlQuery" ("queryId", "userId", "issuedAt", "finishedAt", "hasError", "errorMessage", "statement", "projectId", "queryTypeId")
    VALUES ('801', '14', '2023-05-29 21:02:59.569157', '2023-05-29 21:03:01.569157', 'False', 'None', 'SELECT order_id FROM OrderItems', '1', '1');
INSERT INTO "QueryColumnAccess" ("queryId", "columnId")
    VALUES ('801', '2');
INSERT INTO "QueryTableAccess" ("queryId", "tableId")
    VALUES ('801', '5');
SELECT 'description' FROM Categories;
INSERT INTO "SqlQuery" ("queryId", "userId", "issuedAt", "finishedAt", "hasError", "errorMessage", "statement", "projectId", "queryTypeId")
    VALUES ('802', '12', '2023-06-04 21:02:59.569163', '2023-06-04 21:03:02.569163', 'False', 'None', 'SELECT description FROM Categories', '1', '1');
INSERT INTO "QueryColumnAccess" ("queryId", "columnId")
    VALUES ('802', '3');
INSERT INTO "QueryTableAccess" ("queryId", "tableId")
    VALUES ('802', '4');
SELECT 'product_id' FROM Products;
INSERT INTO "SqlQuery" ("queryId", "userId", "issuedAt", "finishedAt", "hasError", "errorMessage", "statement", "projectId", "queryTypeId")
    VALUES ('803', '11', '2023-05-29 21:02:59.569169', '2023-05-29 21:03:01.569169', 'False', 'None', 'SELECT product_id FROM Products', '1', '1');
INSERT INTO "QueryColumnAccess" ("queryId", "columnId")
    VALUES ('803', '1');
INSERT INTO "QueryTableAccess" ("queryId", "tableId")
    VALUES ('803', '3');
SELECT 'customer_id' FROM Orders;
INSERT INTO "SqlQuery" ("queryId", "userId", "issuedAt", "finishedAt", "hasError", "errorMessage", "statement", "projectId", "queryTypeId")
    VALUES ('804', '5', '2023-06-19 21:02:59.569182', '2023-06-19 21:03:01.569182', 'False', 'None', 'SELECT customer_id FROM Orders', '1', '1');
INSERT INTO "QueryColumnAccess" ("queryId", "columnId")
    VALUES ('804', '2');
INSERT INTO "QueryTableAccess" ("queryId", "tableId")
    VALUES ('804', '2');
SELECT 'order_id' FROM OrderItems;
INSERT INTO "SqlQuery" ("queryId", "userId", "issuedAt", "finishedAt", "hasError", "errorMessage", "statement", "projectId", "queryTypeId")
    VALUES ('805', '7', '2023-07-06 21:02:59.569188', '2023-07-06 21:03:02.569188', 'False', 'None', 'SELECT order_id FROM OrderItems', '1', '1');
INSERT INTO "QueryColumnAccess" ("queryId", "columnId")
    VALUES ('805', '2');
INSERT INTO "QueryTableAccess" ("queryId", "tableId")
    VALUES ('805', '5');
SELECT 'email' FROM Customers;
INSERT INTO "SqlQuery" ("queryId", "userId", "issuedAt", "finishedAt", "hasError", "errorMessage", "statement", "projectId", "queryTypeId")
    VALUES ('806', '12', '2023-06-22 21:02:59.569195', '2023-06-22 21:03:03.569195', 'False', 'None', 'SELECT email FROM Customers', '1', '1');
INSERT INTO "QueryColumnAccess" ("queryId", "columnId")
    VALUES ('806', '4');
INSERT INTO "QueryTableAccess" ("queryId", "tableId")
    VALUES ('806', '1');
SELECT 'category_id' FROM Categories;
INSERT INTO "SqlQuery" ("queryId", "userId", "issuedAt", "finishedAt", "hasError", "errorMessage", "statement", "projectId", "queryTypeId")
    VALUES ('807', '5', '2023-07-01 21:02:59.569201', '2023-07-01 21:03:00.569201', 'False', 'None', 'SELECT category_id FROM Categories', '1', '1');
INSERT INTO "QueryColumnAccess" ("queryId", "columnId")
    VALUES ('807', '1');
INSERT INTO "QueryTableAccess" ("queryId", "tableId")
    VALUES ('807', '4');
SELECT 'category_id' FROM Categories;
INSERT INTO "SqlQuery" ("queryId", "userId", "issuedAt", "finishedAt", "hasError", "errorMessage", "statement", "projectId", "queryTypeId")
    VALUES ('808', '4', '2023-05-05 21:02:59.569208', '2023-05-05 21:03:02.569208', 'False', 'None', 'SELECT category_id FROM Categories', '1', '1');
INSERT INTO "QueryColumnAccess" ("queryId", "columnId")
    VALUES ('808', '1');
INSERT INTO "QueryTableAccess" ("queryId", "tableId")
    VALUES ('808', '4');
SELECT 'category_name' FROM Categories;
INSERT INTO "SqlQuery" ("queryId", "userId", "issuedAt", "finishedAt", "hasError", "errorMessage", "statement", "projectId", "queryTypeId")
    VALUES ('809', '4', '2023-06-16 21:02:59.569214', '2023-06-16 21:03:02.569214', 'False', 'None', 'SELECT category_name FROM Categories', '1', '1');
INSERT INTO "QueryColumnAccess" ("queryId", "columnId")
    VALUES ('809', '2');
INSERT INTO "QueryTableAccess" ("queryId", "tableId")
    VALUES ('809', '4');
SELECT 'order_item_id' FROM OrderItems;
INSERT INTO "SqlQuery" ("queryId", "userId", "issuedAt", "finishedAt", "hasError", "errorMessage", "statement", "projectId", "queryTypeId")
    VALUES ('810', '11', '2023-05-20 21:02:59.569220', '2023-05-20 21:03:00.569220', 'False', 'None', 'SELECT order_item_id FROM OrderItems', '1', '1');
INSERT INTO "QueryColumnAccess" ("queryId", "columnId")
    VALUES ('810', '1');
INSERT INTO "QueryTableAccess" ("queryId", "tableId")
    VALUES ('810', '5');
SELECT 'category_name' FROM Categories;
INSERT INTO "SqlQuery" ("queryId", "userId", "issuedAt", "finishedAt", "hasError", "errorMessage", "statement", "projectId", "queryTypeId")
    VALUES ('811', '10', '2023-04-21 21:02:59.569226', '2023-04-21 21:03:01.569226', 'False', 'None', 'SELECT category_name FROM Categories', '1', '1');
INSERT INTO "QueryColumnAccess" ("queryId", "columnId")
    VALUES ('811', '2');
INSERT INTO "QueryTableAccess" ("queryId", "tableId")
    VALUES ('811', '4');
SELECT 'price' FROM Products;
INSERT INTO "SqlQuery" ("queryId", "userId", "issuedAt", "finishedAt", "hasError", "errorMessage", "statement", "projectId", "queryTypeId")
    VALUES ('812', '14', '2023-05-17 21:02:59.569233', '2023-05-17 21:03:02.569233', 'False', 'None', 'SELECT price FROM Products', '1', '1');
INSERT INTO "QueryColumnAccess" ("queryId", "columnId")
    VALUES ('812', '4');
INSERT INTO "QueryTableAccess" ("queryId", "tableId")
    VALUES ('812', '3');
SELECT 'category_name' FROM Categories;
INSERT INTO "SqlQuery" ("queryId", "userId", "issuedAt", "finishedAt", "hasError", "errorMessage", "statement", "projectId", "queryTypeId")
    VALUES ('813', '10', '2023-05-21 21:02:59.569239', '2023-05-21 21:03:01.569239', 'False', 'None', 'SELECT category_name FROM Categories', '1', '1');
INSERT INTO "QueryColumnAccess" ("queryId", "columnId")
    VALUES ('813', '2');
INSERT INTO "QueryTableAccess" ("queryId", "tableId")
    VALUES ('813', '4');
SELECT 'price' FROM Products;
INSERT INTO "SqlQuery" ("queryId", "userId", "issuedAt", "finishedAt", "hasError", "errorMessage", "statement", "projectId", "queryTypeId")
    VALUES ('814', '12', '2023-05-26 21:02:59.569245', '2023-05-26 21:03:02.569245', 'False', 'None', 'SELECT price FROM Products', '1', '1');
INSERT INTO "QueryColumnAccess" ("queryId", "columnId")
    VALUES ('814', '4');
INSERT INTO "QueryTableAccess" ("queryId", "tableId")
    VALUES ('814', '3');
SELECT 'address' FROM Customers;
INSERT INTO "SqlQuery" ("queryId", "userId", "issuedAt", "finishedAt", "hasError", "errorMessage", "statement", "projectId", "queryTypeId")
    VALUES ('815', '15', '2023-05-14 21:02:59.569251', '2023-05-14 21:03:01.569251', 'False', 'None', 'SELECT address FROM Customers', '1', '1');
INSERT INTO "QueryColumnAccess" ("queryId", "columnId")
    VALUES ('815', '6');
INSERT INTO "QueryTableAccess" ("queryId", "tableId")
    VALUES ('815', '1');
SELECT 'order_item_id' FROM OrderItems;
INSERT INTO "SqlQuery" ("queryId", "userId", "issuedAt", "finishedAt", "hasError", "errorMessage", "statement", "projectId", "queryTypeId")
    VALUES ('816', '14', '2023-06-28 21:02:59.569258', '2023-06-28 21:03:03.569258', 'False', 'None', 'SELECT order_item_id FROM OrderItems', '1', '1');
INSERT INTO "QueryColumnAccess" ("queryId", "columnId")
    VALUES ('816', '1');
INSERT INTO "QueryTableAccess" ("queryId", "tableId")
    VALUES ('816', '5');
SELECT 'last_name' FROM Customers;
INSERT INTO "SqlQuery" ("queryId", "userId", "issuedAt", "finishedAt", "hasError", "errorMessage", "statement", "projectId", "queryTypeId")
    VALUES ('817', '5', '2023-04-23 21:02:59.569264', '2023-04-23 21:03:01.569264', 'False', 'None', 'SELECT last_name FROM Customers', '1', '1');
INSERT INTO "QueryColumnAccess" ("queryId", "columnId")
    VALUES ('817', '3');
INSERT INTO "QueryTableAccess" ("queryId", "tableId")
    VALUES ('817', '1');
SELECT 'category_name' FROM Categories;
INSERT INTO "SqlQuery" ("queryId", "userId", "issuedAt", "finishedAt", "hasError", "errorMessage", "statement", "projectId", "queryTypeId")
    VALUES ('818', '14', '2023-04-14 21:02:59.569271', '2023-04-14 21:03:01.569271', 'False', 'None', 'SELECT category_name FROM Categories', '1', '1');
INSERT INTO "QueryColumnAccess" ("queryId", "columnId")
    VALUES ('818', '2');
INSERT INTO "QueryTableAccess" ("queryId", "tableId")
    VALUES ('818', '4');
SELECT 'first_name' FROM Customers;
INSERT INTO "SqlQuery" ("queryId", "userId", "issuedAt", "finishedAt", "hasError", "errorMessage", "statement", "projectId", "queryTypeId")
    VALUES ('819', '10', '2023-06-28 21:02:59.569277', '2023-06-28 21:03:00.569277', 'False', 'None', 'SELECT first_name FROM Customers', '1', '1');
INSERT INTO "QueryColumnAccess" ("queryId", "columnId")
    VALUES ('819', '2');
INSERT INTO "QueryTableAccess" ("queryId", "tableId")
    VALUES ('819', '1');
SELECT 'shipping_address' FROM Orders;
INSERT INTO "SqlQuery" ("queryId", "userId", "issuedAt", "finishedAt", "hasError", "errorMessage", "statement", "projectId", "queryTypeId")
    VALUES ('820', '9', '2023-04-22 21:02:59.569289', '2023-04-22 21:03:02.569289', 'False', 'None', 'SELECT shipping_address FROM Orders', '1', '1');
INSERT INTO "QueryColumnAccess" ("queryId", "columnId")
    VALUES ('820', '6');
INSERT INTO "QueryTableAccess" ("queryId", "tableId")
    VALUES ('820', '2');
SELECT 'order_id' FROM Orders;
INSERT INTO "SqlQuery" ("queryId", "userId", "issuedAt", "finishedAt", "hasError", "errorMessage", "statement", "projectId", "queryTypeId")
    VALUES ('821', '9', '2023-04-11 21:02:59.569295', '2023-04-11 21:03:00.569295', 'False', 'None', 'SELECT order_id FROM Orders', '1', '1');
INSERT INTO "QueryColumnAccess" ("queryId", "columnId")
    VALUES ('821', '1');
INSERT INTO "QueryTableAccess" ("queryId", "tableId")
    VALUES ('821', '2');
SELECT 'order_item_id' FROM OrderItems;
INSERT INTO "SqlQuery" ("queryId", "userId", "issuedAt", "finishedAt", "hasError", "errorMessage", "statement", "projectId", "queryTypeId")
    VALUES ('822', '15', '2023-07-06 21:02:59.569302', '2023-07-06 21:03:03.569302', 'False', 'None', 'SELECT order_item_id FROM OrderItems', '1', '1');
INSERT INTO "QueryColumnAccess" ("queryId", "columnId")
    VALUES ('822', '1');
INSERT INTO "QueryTableAccess" ("queryId", "tableId")
    VALUES ('822', '5');
SELECT 'shipping_address' FROM Orders;
INSERT INTO "SqlQuery" ("queryId", "userId", "issuedAt", "finishedAt", "hasError", "errorMessage", "statement", "projectId", "queryTypeId")
    VALUES ('823', '3', '2023-06-13 21:02:59.569308', '2023-06-13 21:03:03.569308', 'False', 'None', 'SELECT shipping_address FROM Orders', '1', '1');
INSERT INTO "QueryColumnAccess" ("queryId", "columnId")
    VALUES ('823', '6');
INSERT INTO "QueryTableAccess" ("queryId", "tableId")
    VALUES ('823', '2');
SELECT 'parent_category_id' FROM Categories;
INSERT INTO "SqlQuery" ("queryId", "userId", "issuedAt", "finishedAt", "hasError", "errorMessage", "statement", "projectId", "queryTypeId")
    VALUES ('824', '2', '2023-05-26 21:02:59.569314', '2023-05-26 21:03:03.569314', 'False', 'None', 'SELECT parent_category_id FROM Categories', '1', '1');
INSERT INTO "QueryColumnAccess" ("queryId", "columnId")
    VALUES ('824', '4');
INSERT INTO "QueryTableAccess" ("queryId", "tableId")
    VALUES ('824', '4');
SELECT 'category_id' FROM Categories;
INSERT INTO "SqlQuery" ("queryId", "userId", "issuedAt", "finishedAt", "hasError", "errorMessage", "statement", "projectId", "queryTypeId")
    VALUES ('825', '7', '2023-06-11 21:02:59.569321', '2023-06-11 21:03:03.569321', 'False', 'None', 'SELECT category_id FROM Categories', '1', '1');
INSERT INTO "QueryColumnAccess" ("queryId", "columnId")
    VALUES ('825', '1');
INSERT INTO "QueryTableAccess" ("queryId", "tableId")
    VALUES ('825', '4');
SELECT 'price' FROM Products;
INSERT INTO "SqlQuery" ("queryId", "userId", "issuedAt", "finishedAt", "hasError", "errorMessage", "statement", "projectId", "queryTypeId")
    VALUES ('826', '13', '2023-06-10 21:02:59.569327', '2023-06-10 21:03:00.569327', 'False', 'None', 'SELECT price FROM Products', '1', '1');
INSERT INTO "QueryColumnAccess" ("queryId", "columnId")
    VALUES ('826', '4');
INSERT INTO "QueryTableAccess" ("queryId", "tableId")
    VALUES ('826', '3');
SELECT 'product_name' FROM Products;
INSERT INTO "SqlQuery" ("queryId", "userId", "issuedAt", "finishedAt", "hasError", "errorMessage", "statement", "projectId", "queryTypeId")
    VALUES ('827', '11', '2023-07-07 21:02:59.569333', '2023-07-07 21:03:02.569333', 'False', 'None', 'SELECT product_name FROM Products', '1', '1');
INSERT INTO "QueryColumnAccess" ("queryId", "columnId")
    VALUES ('827', '2');
INSERT INTO "QueryTableAccess" ("queryId", "tableId")
    VALUES ('827', '3');
SELECT 'shipping_address' FROM Orders;
INSERT INTO "SqlQuery" ("queryId", "userId", "issuedAt", "finishedAt", "hasError", "errorMessage", "statement", "projectId", "queryTypeId")
    VALUES ('828', '13', '2023-04-26 21:02:59.569339', '2023-04-26 21:03:01.569339', 'False', 'None', 'SELECT shipping_address FROM Orders', '1', '1');
INSERT INTO "QueryColumnAccess" ("queryId", "columnId")
    VALUES ('828', '6');
INSERT INTO "QueryTableAccess" ("queryId", "tableId")
    VALUES ('828', '2');
SELECT 'description' FROM Products;
INSERT INTO "SqlQuery" ("queryId", "userId", "issuedAt", "finishedAt", "hasError", "errorMessage", "statement", "projectId", "queryTypeId")
    VALUES ('829', '5', '2023-06-24 21:02:59.569346', '2023-06-24 21:03:03.569346', 'False', 'None', 'SELECT description FROM Products', '1', '1');
INSERT INTO "QueryColumnAccess" ("queryId", "columnId")
    VALUES ('829', '5');
INSERT INTO "QueryTableAccess" ("queryId", "tableId")
    VALUES ('829', '3');
SELECT 'parent_category_id' FROM Categories;
INSERT INTO "SqlQuery" ("queryId", "userId", "issuedAt", "finishedAt", "hasError", "errorMessage", "statement", "projectId", "queryTypeId")
    VALUES ('830', '1', '2023-04-11 21:02:59.569352', '2023-04-11 21:03:03.569352', 'False', 'None', 'SELECT parent_category_id FROM Categories', '1', '1');
INSERT INTO "QueryColumnAccess" ("queryId", "columnId")
    VALUES ('830', '4');
INSERT INTO "QueryTableAccess" ("queryId", "tableId")
    VALUES ('830', '4');
SELECT 'first_name' FROM Customers;
INSERT INTO "SqlQuery" ("queryId", "userId", "issuedAt", "finishedAt", "hasError", "errorMessage", "statement", "projectId", "queryTypeId")
    VALUES ('831', '2', '2023-06-26 21:02:59.569358', '2023-06-26 21:03:03.569358', 'False', 'None', 'SELECT first_name FROM Customers', '1', '1');
INSERT INTO "QueryColumnAccess" ("queryId", "columnId")
    VALUES ('831', '2');
INSERT INTO "QueryTableAccess" ("queryId", "tableId")
    VALUES ('831', '1');
SELECT 'category_name' FROM Categories;
INSERT INTO "SqlQuery" ("queryId", "userId", "issuedAt", "finishedAt", "hasError", "errorMessage", "statement", "projectId", "queryTypeId")
    VALUES ('832', '3', '2023-05-31 21:02:59.569364', '2023-05-31 21:03:02.569364', 'False', 'None', 'SELECT category_name FROM Categories', '1', '1');
INSERT INTO "QueryColumnAccess" ("queryId", "columnId")
    VALUES ('832', '2');
INSERT INTO "QueryTableAccess" ("queryId", "tableId")
    VALUES ('832', '4');
SELECT 'email' FROM Customers;
INSERT INTO "SqlQuery" ("queryId", "userId", "issuedAt", "finishedAt", "hasError", "errorMessage", "statement", "projectId", "queryTypeId")
    VALUES ('833', '12', '2023-06-16 21:02:59.569370', '2023-06-16 21:03:02.569370', 'False', 'None', 'SELECT email FROM Customers', '1', '1');
INSERT INTO "QueryColumnAccess" ("queryId", "columnId")
    VALUES ('833', '4');
INSERT INTO "QueryTableAccess" ("queryId", "tableId")
    VALUES ('833', '1');
SELECT 'last_name' FROM Customers;
INSERT INTO "SqlQuery" ("queryId", "userId", "issuedAt", "finishedAt", "hasError", "errorMessage", "statement", "projectId", "queryTypeId")
    VALUES ('834', '14', '2023-06-05 21:02:59.569377', '2023-06-05 21:03:03.569377', 'False', 'None', 'SELECT last_name FROM Customers', '1', '1');
INSERT INTO "QueryColumnAccess" ("queryId", "columnId")
    VALUES ('834', '3');
INSERT INTO "QueryTableAccess" ("queryId", "tableId")
    VALUES ('834', '1');
SELECT 'email' FROM Customers;
INSERT INTO "SqlQuery" ("queryId", "userId", "issuedAt", "finishedAt", "hasError", "errorMessage", "statement", "projectId", "queryTypeId")
    VALUES ('835', '12', '2023-05-22 21:02:59.569383', '2023-05-22 21:03:02.569383', 'False', 'None', 'SELECT email FROM Customers', '1', '1');
INSERT INTO "QueryColumnAccess" ("queryId", "columnId")
    VALUES ('835', '4');
INSERT INTO "QueryTableAccess" ("queryId", "tableId")
    VALUES ('835', '1');
SELECT 'customer_id' FROM Customers;
INSERT INTO "SqlQuery" ("queryId", "userId", "issuedAt", "finishedAt", "hasError", "errorMessage", "statement", "projectId", "queryTypeId")
    VALUES ('836', '8', '2023-06-04 21:02:59.569390', '2023-06-04 21:03:02.569390', 'False', 'None', 'SELECT customer_id FROM Customers', '1', '1');
INSERT INTO "QueryColumnAccess" ("queryId", "columnId")
    VALUES ('836', '1');
INSERT INTO "QueryTableAccess" ("queryId", "tableId")
    VALUES ('836', '1');
SELECT 'category' FROM Products;
INSERT INTO "SqlQuery" ("queryId", "userId", "issuedAt", "finishedAt", "hasError", "errorMessage", "statement", "projectId", "queryTypeId")
    VALUES ('837', '10', '2023-06-06 21:02:59.569406', '2023-06-06 21:03:03.569406', 'False', 'None', 'SELECT category FROM Products', '1', '1');
INSERT INTO "QueryColumnAccess" ("queryId", "columnId")
    VALUES ('837', '3');
INSERT INTO "QueryTableAccess" ("queryId", "tableId")
    VALUES ('837', '3');
SELECT 'unit_price' FROM OrderItems;
INSERT INTO "SqlQuery" ("queryId", "userId", "issuedAt", "finishedAt", "hasError", "errorMessage", "statement", "projectId", "queryTypeId")
    VALUES ('838', '12', '2023-07-10 21:02:59.569413', '2023-07-10 21:03:01.569413', 'False', 'None', 'SELECT unit_price FROM OrderItems', '1', '1');
INSERT INTO "QueryColumnAccess" ("queryId", "columnId")
    VALUES ('838', '5');
INSERT INTO "QueryTableAccess" ("queryId", "tableId")
    VALUES ('838', '5');
SELECT 'order_id' FROM OrderItems;
INSERT INTO "SqlQuery" ("queryId", "userId", "issuedAt", "finishedAt", "hasError", "errorMessage", "statement", "projectId", "queryTypeId")
    VALUES ('839', '2', '2023-05-10 21:02:59.569419', '2023-05-10 21:03:03.569419', 'False', 'None', 'SELECT order_id FROM OrderItems', '1', '1');
INSERT INTO "QueryColumnAccess" ("queryId", "columnId")
    VALUES ('839', '2');
INSERT INTO "QueryTableAccess" ("queryId", "tableId")
    VALUES ('839', '5');
SELECT 'parent_category_id' FROM Categories;
INSERT INTO "SqlQuery" ("queryId", "userId", "issuedAt", "finishedAt", "hasError", "errorMessage", "statement", "projectId", "queryTypeId")
    VALUES ('840', '15', '2023-06-20 21:02:59.569426', '2023-06-20 21:03:01.569426', 'False', 'None', 'SELECT parent_category_id FROM Categories', '1', '1');
INSERT INTO "QueryColumnAccess" ("queryId", "columnId")
    VALUES ('840', '4');
INSERT INTO "QueryTableAccess" ("queryId", "tableId")
    VALUES ('840', '4');
SELECT 'payment_method' FROM Orders;
INSERT INTO "SqlQuery" ("queryId", "userId", "issuedAt", "finishedAt", "hasError", "errorMessage", "statement", "projectId", "queryTypeId")
    VALUES ('841', '7', '2023-07-07 21:02:59.569432', '2023-07-07 21:03:00.569432', 'False', 'None', 'SELECT payment_method FROM Orders', '1', '1');
INSERT INTO "QueryColumnAccess" ("queryId", "columnId")
    VALUES ('841', '5');
INSERT INTO "QueryTableAccess" ("queryId", "tableId")
    VALUES ('841', '2');
SELECT 'description' FROM Categories;
INSERT INTO "SqlQuery" ("queryId", "userId", "issuedAt", "finishedAt", "hasError", "errorMessage", "statement", "projectId", "queryTypeId")
    VALUES ('842', '1', '2023-04-17 21:02:59.569438', '2023-04-17 21:03:01.569438', 'False', 'None', 'SELECT description FROM Categories', '1', '1');
INSERT INTO "QueryColumnAccess" ("queryId", "columnId")
    VALUES ('842', '3');
INSERT INTO "QueryTableAccess" ("queryId", "tableId")
    VALUES ('842', '4');
SELECT 'description' FROM Products;
INSERT INTO "SqlQuery" ("queryId", "userId", "issuedAt", "finishedAt", "hasError", "errorMessage", "statement", "projectId", "queryTypeId")
    VALUES ('843', '7', '2023-05-10 21:02:59.569445', '2023-05-10 21:03:00.569445', 'False', 'None', 'SELECT description FROM Products', '1', '1');
INSERT INTO "QueryColumnAccess" ("queryId", "columnId")
    VALUES ('843', '5');
INSERT INTO "QueryTableAccess" ("queryId", "tableId")
    VALUES ('843', '3');
SELECT 'product_id' FROM OrderItems;
INSERT INTO "SqlQuery" ("queryId", "userId", "issuedAt", "finishedAt", "hasError", "errorMessage", "statement", "projectId", "queryTypeId")
    VALUES ('844', '1', '2023-05-17 21:02:59.569451', '2023-05-17 21:03:01.569451', 'False', 'None', 'SELECT product_id FROM OrderItems', '1', '1');
INSERT INTO "QueryColumnAccess" ("queryId", "columnId")
    VALUES ('844', '3');
INSERT INTO "QueryTableAccess" ("queryId", "tableId")
    VALUES ('844', '5');
SELECT 'order_id' FROM OrderItems;
INSERT INTO "SqlQuery" ("queryId", "userId", "issuedAt", "finishedAt", "hasError", "errorMessage", "statement", "projectId", "queryTypeId")
    VALUES ('845', '4', '2023-06-25 21:02:59.569457', '2023-06-25 21:03:02.569457', 'False', 'None', 'SELECT order_id FROM OrderItems', '1', '1');
INSERT INTO "QueryColumnAccess" ("queryId", "columnId")
    VALUES ('845', '2');
INSERT INTO "QueryTableAccess" ("queryId", "tableId")
    VALUES ('845', '5');
SELECT 'phone_number' FROM Customers;
INSERT INTO "SqlQuery" ("queryId", "userId", "issuedAt", "finishedAt", "hasError", "errorMessage", "statement", "projectId", "queryTypeId")
    VALUES ('846', '11', '2023-05-25 21:02:59.569463', '2023-05-25 21:03:02.569463', 'False', 'None', 'SELECT phone_number FROM Customers', '1', '1');
INSERT INTO "QueryColumnAccess" ("queryId", "columnId")
    VALUES ('846', '5');
INSERT INTO "QueryTableAccess" ("queryId", "tableId")
    VALUES ('846', '1');
SELECT 'category_id' FROM Categories;
INSERT INTO "SqlQuery" ("queryId", "userId", "issuedAt", "finishedAt", "hasError", "errorMessage", "statement", "projectId", "queryTypeId")
    VALUES ('847', '13', '2023-05-28 21:02:59.569470', '2023-05-28 21:03:00.569470', 'False', 'None', 'SELECT category_id FROM Categories', '1', '1');
INSERT INTO "QueryColumnAccess" ("queryId", "columnId")
    VALUES ('847', '1');
INSERT INTO "QueryTableAccess" ("queryId", "tableId")
    VALUES ('847', '4');
SELECT 'product_id' FROM OrderItems;
INSERT INTO "SqlQuery" ("queryId", "userId", "issuedAt", "finishedAt", "hasError", "errorMessage", "statement", "projectId", "queryTypeId")
    VALUES ('848', '8', '2023-06-30 21:02:59.569476', '2023-06-30 21:03:01.569476', 'False', 'None', 'SELECT product_id FROM OrderItems', '1', '1');
INSERT INTO "QueryColumnAccess" ("queryId", "columnId")
    VALUES ('848', '3');
INSERT INTO "QueryTableAccess" ("queryId", "tableId")
    VALUES ('848', '5');
SELECT 'parent_category_id' FROM Categories;
INSERT INTO "SqlQuery" ("queryId", "userId", "issuedAt", "finishedAt", "hasError", "errorMessage", "statement", "projectId", "queryTypeId")
    VALUES ('849', '5', '2023-05-12 21:02:59.569482', '2023-05-12 21:03:00.569482', 'False', 'None', 'SELECT parent_category_id FROM Categories', '1', '1');
INSERT INTO "QueryColumnAccess" ("queryId", "columnId")
    VALUES ('849', '4');
INSERT INTO "QueryTableAccess" ("queryId", "tableId")
    VALUES ('849', '4');
SELECT 'unit_price' FROM OrderItems;
INSERT INTO "SqlQuery" ("queryId", "userId", "issuedAt", "finishedAt", "hasError", "errorMessage", "statement", "projectId", "queryTypeId")
    VALUES ('850', '1', '2023-05-24 21:02:59.569489', '2023-05-24 21:03:02.569489', 'False', 'None', 'SELECT unit_price FROM OrderItems', '1', '1');
INSERT INTO "QueryColumnAccess" ("queryId", "columnId")
    VALUES ('850', '5');
INSERT INTO "QueryTableAccess" ("queryId", "tableId")
    VALUES ('850', '5');
SELECT 'customer_id' FROM Orders;
INSERT INTO "SqlQuery" ("queryId", "userId", "issuedAt", "finishedAt", "hasError", "errorMessage", "statement", "projectId", "queryTypeId")
    VALUES ('851', '9', '2023-05-04 21:02:59.569495', '2023-05-04 21:03:01.569495', 'False', 'None', 'SELECT customer_id FROM Orders', '1', '1');
INSERT INTO "QueryColumnAccess" ("queryId", "columnId")
    VALUES ('851', '2');
INSERT INTO "QueryTableAccess" ("queryId", "tableId")
    VALUES ('851', '2');
SELECT 'total_amount' FROM Orders;
INSERT INTO "SqlQuery" ("queryId", "userId", "issuedAt", "finishedAt", "hasError", "errorMessage", "statement", "projectId", "queryTypeId")
    VALUES ('852', '15', '2023-05-24 21:02:59.569501', '2023-05-24 21:03:02.569501', 'False', 'None', 'SELECT total_amount FROM Orders', '1', '1');
INSERT INTO "QueryColumnAccess" ("queryId", "columnId")
    VALUES ('852', '4');
INSERT INTO "QueryTableAccess" ("queryId", "tableId")
    VALUES ('852', '2');
SELECT 'description' FROM Products;
INSERT INTO "SqlQuery" ("queryId", "userId", "issuedAt", "finishedAt", "hasError", "errorMessage", "statement", "projectId", "queryTypeId")
    VALUES ('853', '10', '2023-05-17 21:02:59.569507', '2023-05-17 21:03:01.569507', 'False', 'None', 'SELECT description FROM Products', '1', '1');
INSERT INTO "QueryColumnAccess" ("queryId", "columnId")
    VALUES ('853', '5');
INSERT INTO "QueryTableAccess" ("queryId", "tableId")
    VALUES ('853', '3');
SELECT 'product_id' FROM Products;
INSERT INTO "SqlQuery" ("queryId", "userId", "issuedAt", "finishedAt", "hasError", "errorMessage", "statement", "projectId", "queryTypeId")
    VALUES ('854', '2', '2023-07-05 21:02:59.569518', '2023-07-05 21:03:01.569518', 'False', 'None', 'SELECT product_id FROM Products', '1', '1');
INSERT INTO "QueryColumnAccess" ("queryId", "columnId")
    VALUES ('854', '1');
INSERT INTO "QueryTableAccess" ("queryId", "tableId")
    VALUES ('854', '3');
SELECT 'description' FROM Categories;
INSERT INTO "SqlQuery" ("queryId", "userId", "issuedAt", "finishedAt", "hasError", "errorMessage", "statement", "projectId", "queryTypeId")
    VALUES ('855', '2', '2023-06-29 21:02:59.569525', '2023-06-29 21:03:01.569525', 'False', 'None', 'SELECT description FROM Categories', '1', '1');
INSERT INTO "QueryColumnAccess" ("queryId", "columnId")
    VALUES ('855', '3');
INSERT INTO "QueryTableAccess" ("queryId", "tableId")
    VALUES ('855', '4');
SELECT 'category_name' FROM Categories;
INSERT INTO "SqlQuery" ("queryId", "userId", "issuedAt", "finishedAt", "hasError", "errorMessage", "statement", "projectId", "queryTypeId")
    VALUES ('856', '14', '2023-04-13 21:02:59.569531', '2023-04-13 21:03:00.569531', 'False', 'None', 'SELECT category_name FROM Categories', '1', '1');
INSERT INTO "QueryColumnAccess" ("queryId", "columnId")
    VALUES ('856', '2');
INSERT INTO "QueryTableAccess" ("queryId", "tableId")
    VALUES ('856', '4');
SELECT 'category_id' FROM Categories;
INSERT INTO "SqlQuery" ("queryId", "userId", "issuedAt", "finishedAt", "hasError", "errorMessage", "statement", "projectId", "queryTypeId")
    VALUES ('857', '1', '2023-06-22 21:02:59.569538', '2023-06-22 21:03:02.569538', 'False', 'None', 'SELECT category_id FROM Categories', '1', '1');
INSERT INTO "QueryColumnAccess" ("queryId", "columnId")
    VALUES ('857', '1');
INSERT INTO "QueryTableAccess" ("queryId", "tableId")
    VALUES ('857', '4');
SELECT 'customer_id' FROM Orders;
INSERT INTO "SqlQuery" ("queryId", "userId", "issuedAt", "finishedAt", "hasError", "errorMessage", "statement", "projectId", "queryTypeId")
    VALUES ('858', '3', '2023-05-24 21:02:59.569544', '2023-05-24 21:03:01.569544', 'False', 'None', 'SELECT customer_id FROM Orders', '1', '1');
INSERT INTO "QueryColumnAccess" ("queryId", "columnId")
    VALUES ('858', '2');
INSERT INTO "QueryTableAccess" ("queryId", "tableId")
    VALUES ('858', '2');
SELECT 'first_name' FROM Customers;
INSERT INTO "SqlQuery" ("queryId", "userId", "issuedAt", "finishedAt", "hasError", "errorMessage", "statement", "projectId", "queryTypeId")
    VALUES ('859', '11', '2023-06-15 21:02:59.569550', '2023-06-15 21:03:01.569550', 'False', 'None', 'SELECT first_name FROM Customers', '1', '1');
INSERT INTO "QueryColumnAccess" ("queryId", "columnId")
    VALUES ('859', '2');
INSERT INTO "QueryTableAccess" ("queryId", "tableId")
    VALUES ('859', '1');
SELECT 'total_amount' FROM Orders;
INSERT INTO "SqlQuery" ("queryId", "userId", "issuedAt", "finishedAt", "hasError", "errorMessage", "statement", "projectId", "queryTypeId")
    VALUES ('860', '5', '2023-05-21 21:02:59.569556', '2023-05-21 21:03:02.569556', 'False', 'None', 'SELECT total_amount FROM Orders', '1', '1');
INSERT INTO "QueryColumnAccess" ("queryId", "columnId")
    VALUES ('860', '4');
INSERT INTO "QueryTableAccess" ("queryId", "tableId")
    VALUES ('860', '2');
SELECT 'price' FROM Products;
INSERT INTO "SqlQuery" ("queryId", "userId", "issuedAt", "finishedAt", "hasError", "errorMessage", "statement", "projectId", "queryTypeId")
    VALUES ('861', '9', '2023-05-25 21:02:59.569563', '2023-05-25 21:03:03.569563', 'False', 'None', 'SELECT price FROM Products', '1', '1');
INSERT INTO "QueryColumnAccess" ("queryId", "columnId")
    VALUES ('861', '4');
INSERT INTO "QueryTableAccess" ("queryId", "tableId")
    VALUES ('861', '3');
SELECT 'email' FROM Customers;
INSERT INTO "SqlQuery" ("queryId", "userId", "issuedAt", "finishedAt", "hasError", "errorMessage", "statement", "projectId", "queryTypeId")
    VALUES ('862', '1', '2023-06-10 21:02:59.569569', '2023-06-10 21:03:00.569569', 'False', 'None', 'SELECT email FROM Customers', '1', '1');
INSERT INTO "QueryColumnAccess" ("queryId", "columnId")
    VALUES ('862', '4');
INSERT INTO "QueryTableAccess" ("queryId", "tableId")
    VALUES ('862', '1');
SELECT 'category_name' FROM Categories;
INSERT INTO "SqlQuery" ("queryId", "userId", "issuedAt", "finishedAt", "hasError", "errorMessage", "statement", "projectId", "queryTypeId")
    VALUES ('863', '3', '2023-06-13 21:02:59.569575', '2023-06-13 21:03:01.569575', 'False', 'None', 'SELECT category_name FROM Categories', '1', '1');
INSERT INTO "QueryColumnAccess" ("queryId", "columnId")
    VALUES ('863', '2');
INSERT INTO "QueryTableAccess" ("queryId", "tableId")
    VALUES ('863', '4');
SELECT 'last_name' FROM Customers;
INSERT INTO "SqlQuery" ("queryId", "userId", "issuedAt", "finishedAt", "hasError", "errorMessage", "statement", "projectId", "queryTypeId")
    VALUES ('864', '14', '2023-05-03 21:02:59.569582', '2023-05-03 21:03:03.569582', 'False', 'None', 'SELECT last_name FROM Customers', '1', '1');
INSERT INTO "QueryColumnAccess" ("queryId", "columnId")
    VALUES ('864', '3');
INSERT INTO "QueryTableAccess" ("queryId", "tableId")
    VALUES ('864', '1');
SELECT 'quantity' FROM OrderItems;
INSERT INTO "SqlQuery" ("queryId", "userId", "issuedAt", "finishedAt", "hasError", "errorMessage", "statement", "projectId", "queryTypeId")
    VALUES ('865', '1', '2023-05-02 21:02:59.569588', '2023-05-02 21:03:01.569588', 'False', 'None', 'SELECT quantity FROM OrderItems', '1', '1');
INSERT INTO "QueryColumnAccess" ("queryId", "columnId")
    VALUES ('865', '4');
INSERT INTO "QueryTableAccess" ("queryId", "tableId")
    VALUES ('865', '5');
SELECT 'email' FROM Customers;
INSERT INTO "SqlQuery" ("queryId", "userId", "issuedAt", "finishedAt", "hasError", "errorMessage", "statement", "projectId", "queryTypeId")
    VALUES ('866', '12', '2023-05-30 21:02:59.569594', '2023-05-30 21:03:00.569594', 'False', 'None', 'SELECT email FROM Customers', '1', '1');
INSERT INTO "QueryColumnAccess" ("queryId", "columnId")
    VALUES ('866', '4');
INSERT INTO "QueryTableAccess" ("queryId", "tableId")
    VALUES ('866', '1');
SELECT 'phone_number' FROM Customers;
INSERT INTO "SqlQuery" ("queryId", "userId", "issuedAt", "finishedAt", "hasError", "errorMessage", "statement", "projectId", "queryTypeId")
    VALUES ('867', '15', '2023-05-04 21:02:59.569600', '2023-05-04 21:03:01.569600', 'False', 'None', 'SELECT phone_number FROM Customers', '1', '1');
INSERT INTO "QueryColumnAccess" ("queryId", "columnId")
    VALUES ('867', '5');
INSERT INTO "QueryTableAccess" ("queryId", "tableId")
    VALUES ('867', '1');
SELECT 'first_name' FROM Customers;
INSERT INTO "SqlQuery" ("queryId", "userId", "issuedAt", "finishedAt", "hasError", "errorMessage", "statement", "projectId", "queryTypeId")
    VALUES ('868', '9', '2023-05-28 21:02:59.569607', '2023-05-28 21:03:00.569607', 'False', 'None', 'SELECT first_name FROM Customers', '1', '1');
INSERT INTO "QueryColumnAccess" ("queryId", "columnId")
    VALUES ('868', '2');
INSERT INTO "QueryTableAccess" ("queryId", "tableId")
    VALUES ('868', '1');
SELECT 'category_id' FROM Categories;
INSERT INTO "SqlQuery" ("queryId", "userId", "issuedAt", "finishedAt", "hasError", "errorMessage", "statement", "projectId", "queryTypeId")
    VALUES ('869', '15', '2023-06-29 21:02:59.569613', '2023-06-29 21:03:03.569613', 'False', 'None', 'SELECT category_id FROM Categories', '1', '1');
INSERT INTO "QueryColumnAccess" ("queryId", "columnId")
    VALUES ('869', '1');
INSERT INTO "QueryTableAccess" ("queryId", "tableId")
    VALUES ('869', '4');
SELECT 'order_item_id' FROM OrderItems;
INSERT INTO "SqlQuery" ("queryId", "userId", "issuedAt", "finishedAt", "hasError", "errorMessage", "statement", "projectId", "queryTypeId")
    VALUES ('870', '12', '2023-04-21 21:02:59.569619', '2023-04-21 21:03:03.569619', 'False', 'None', 'SELECT order_item_id FROM OrderItems', '1', '1');
INSERT INTO "QueryColumnAccess" ("queryId", "columnId")
    VALUES ('870', '1');
INSERT INTO "QueryTableAccess" ("queryId", "tableId")
    VALUES ('870', '5');
SELECT 'category_id' FROM Categories;
INSERT INTO "SqlQuery" ("queryId", "userId", "issuedAt", "finishedAt", "hasError", "errorMessage", "statement", "projectId", "queryTypeId")
    VALUES ('871', '1', '2023-06-17 21:02:59.569629', '2023-06-17 21:03:02.569629', 'False', 'None', 'SELECT category_id FROM Categories', '1', '1');
INSERT INTO "QueryColumnAccess" ("queryId", "columnId")
    VALUES ('871', '1');
INSERT INTO "QueryTableAccess" ("queryId", "tableId")
    VALUES ('871', '4');
SELECT 'category_name' FROM Categories;
INSERT INTO "SqlQuery" ("queryId", "userId", "issuedAt", "finishedAt", "hasError", "errorMessage", "statement", "projectId", "queryTypeId")
    VALUES ('872', '14', '2023-05-31 21:02:59.569635', '2023-05-31 21:03:02.569635', 'False', 'None', 'SELECT category_name FROM Categories', '1', '1');
INSERT INTO "QueryColumnAccess" ("queryId", "columnId")
    VALUES ('872', '2');
INSERT INTO "QueryTableAccess" ("queryId", "tableId")
    VALUES ('872', '4');
SELECT 'first_name' FROM Customers;
INSERT INTO "SqlQuery" ("queryId", "userId", "issuedAt", "finishedAt", "hasError", "errorMessage", "statement", "projectId", "queryTypeId")
    VALUES ('873', '12', '2023-05-06 21:02:59.569642', '2023-05-06 21:03:03.569642', 'False', 'None', 'SELECT first_name FROM Customers', '1', '1');
INSERT INTO "QueryColumnAccess" ("queryId", "columnId")
    VALUES ('873', '2');
INSERT INTO "QueryTableAccess" ("queryId", "tableId")
    VALUES ('873', '1');
SELECT 'order_item_id' FROM OrderItems;
INSERT INTO "SqlQuery" ("queryId", "userId", "issuedAt", "finishedAt", "hasError", "errorMessage", "statement", "projectId", "queryTypeId")
    VALUES ('874', '13', '2023-04-13 21:02:59.569648', '2023-04-13 21:03:00.569648', 'False', 'None', 'SELECT order_item_id FROM OrderItems', '1', '1');
INSERT INTO "QueryColumnAccess" ("queryId", "columnId")
    VALUES ('874', '1');
INSERT INTO "QueryTableAccess" ("queryId", "tableId")
    VALUES ('874', '5');
SELECT 'first_name' FROM Customers;
INSERT INTO "SqlQuery" ("queryId", "userId", "issuedAt", "finishedAt", "hasError", "errorMessage", "statement", "projectId", "queryTypeId")
    VALUES ('875', '3', '2023-05-10 21:02:59.569654', '2023-05-10 21:03:00.569654', 'False', 'None', 'SELECT first_name FROM Customers', '1', '1');
INSERT INTO "QueryColumnAccess" ("queryId", "columnId")
    VALUES ('875', '2');
INSERT INTO "QueryTableAccess" ("queryId", "tableId")
    VALUES ('875', '1');
SELECT 'email' FROM Customers;
INSERT INTO "SqlQuery" ("queryId", "userId", "issuedAt", "finishedAt", "hasError", "errorMessage", "statement", "projectId", "queryTypeId")
    VALUES ('876', '4', '2023-06-05 21:02:59.569661', '2023-06-05 21:03:03.569661', 'False', 'None', 'SELECT email FROM Customers', '1', '1');
INSERT INTO "QueryColumnAccess" ("queryId", "columnId")
    VALUES ('876', '4');
INSERT INTO "QueryTableAccess" ("queryId", "tableId")
    VALUES ('876', '1');
SELECT 'category_name' FROM Categories;
INSERT INTO "SqlQuery" ("queryId", "userId", "issuedAt", "finishedAt", "hasError", "errorMessage", "statement", "projectId", "queryTypeId")
    VALUES ('877', '12', '2023-04-21 21:02:59.569667', '2023-04-21 21:03:00.569667', 'False', 'None', 'SELECT category_name FROM Categories', '1', '1');
INSERT INTO "QueryColumnAccess" ("queryId", "columnId")
    VALUES ('877', '2');
INSERT INTO "QueryTableAccess" ("queryId", "tableId")
    VALUES ('877', '4');
SELECT 'email' FROM Customers;
INSERT INTO "SqlQuery" ("queryId", "userId", "issuedAt", "finishedAt", "hasError", "errorMessage", "statement", "projectId", "queryTypeId")
    VALUES ('878', '9', '2023-06-13 21:02:59.569673', '2023-06-13 21:03:02.569673', 'False', 'None', 'SELECT email FROM Customers', '1', '1');
INSERT INTO "QueryColumnAccess" ("queryId", "columnId")
    VALUES ('878', '4');
INSERT INTO "QueryTableAccess" ("queryId", "tableId")
    VALUES ('878', '1');
SELECT 'description' FROM Categories;
INSERT INTO "SqlQuery" ("queryId", "userId", "issuedAt", "finishedAt", "hasError", "errorMessage", "statement", "projectId", "queryTypeId")
    VALUES ('879', '3', '2023-06-22 21:02:59.569680', '2023-06-22 21:03:01.569680', 'False', 'None', 'SELECT description FROM Categories', '1', '1');
INSERT INTO "QueryColumnAccess" ("queryId", "columnId")
    VALUES ('879', '3');
INSERT INTO "QueryTableAccess" ("queryId", "tableId")
    VALUES ('879', '4');
SELECT 'description' FROM Products;
INSERT INTO "SqlQuery" ("queryId", "userId", "issuedAt", "finishedAt", "hasError", "errorMessage", "statement", "projectId", "queryTypeId")
    VALUES ('880', '13', '2023-05-20 21:02:59.569686', '2023-05-20 21:03:00.569686', 'False', 'None', 'SELECT description FROM Products', '1', '1');
INSERT INTO "QueryColumnAccess" ("queryId", "columnId")
    VALUES ('880', '5');
INSERT INTO "QueryTableAccess" ("queryId", "tableId")
    VALUES ('880', '3');
SELECT 'order_id' FROM Orders;
INSERT INTO "SqlQuery" ("queryId", "userId", "issuedAt", "finishedAt", "hasError", "errorMessage", "statement", "projectId", "queryTypeId")
    VALUES ('881', '14', '2023-05-03 21:02:59.569692', '2023-05-03 21:03:01.569692', 'False', 'None', 'SELECT order_id FROM Orders', '1', '1');
INSERT INTO "QueryColumnAccess" ("queryId", "columnId")
    VALUES ('881', '1');
INSERT INTO "QueryTableAccess" ("queryId", "tableId")
    VALUES ('881', '2');
SELECT 'product_id' FROM Products;
INSERT INTO "SqlQuery" ("queryId", "userId", "issuedAt", "finishedAt", "hasError", "errorMessage", "statement", "projectId", "queryTypeId")
    VALUES ('882', '9', '2023-07-01 21:02:59.569699', '2023-07-01 21:03:00.569699', 'False', 'None', 'SELECT product_id FROM Products', '1', '1');
INSERT INTO "QueryColumnAccess" ("queryId", "columnId")
    VALUES ('882', '1');
INSERT INTO "QueryTableAccess" ("queryId", "tableId")
    VALUES ('882', '3');
SELECT 'category_name' FROM Categories;
INSERT INTO "SqlQuery" ("queryId", "userId", "issuedAt", "finishedAt", "hasError", "errorMessage", "statement", "projectId", "queryTypeId")
    VALUES ('883', '13', '2023-04-23 21:02:59.569705', '2023-04-23 21:03:00.569705', 'False', 'None', 'SELECT category_name FROM Categories', '1', '1');
INSERT INTO "QueryColumnAccess" ("queryId", "columnId")
    VALUES ('883', '2');
INSERT INTO "QueryTableAccess" ("queryId", "tableId")
    VALUES ('883', '4');
SELECT 'order_id' FROM Orders;
INSERT INTO "SqlQuery" ("queryId", "userId", "issuedAt", "finishedAt", "hasError", "errorMessage", "statement", "projectId", "queryTypeId")
    VALUES ('884', '13', '2023-05-10 21:02:59.569711', '2023-05-10 21:03:03.569711', 'False', 'None', 'SELECT order_id FROM Orders', '1', '1');
INSERT INTO "QueryColumnAccess" ("queryId", "columnId")
    VALUES ('884', '1');
INSERT INTO "QueryTableAccess" ("queryId", "tableId")
    VALUES ('884', '2');
SELECT 'unit_price' FROM OrderItems;
INSERT INTO "SqlQuery" ("queryId", "userId", "issuedAt", "finishedAt", "hasError", "errorMessage", "statement", "projectId", "queryTypeId")
    VALUES ('885', '9', '2023-06-12 21:02:59.569717', '2023-06-12 21:03:00.569717', 'False', 'None', 'SELECT unit_price FROM OrderItems', '1', '1');
INSERT INTO "QueryColumnAccess" ("queryId", "columnId")
    VALUES ('885', '5');
INSERT INTO "QueryTableAccess" ("queryId", "tableId")
    VALUES ('885', '5');
SELECT 'quantity' FROM OrderItems;
INSERT INTO "SqlQuery" ("queryId", "userId", "issuedAt", "finishedAt", "hasError", "errorMessage", "statement", "projectId", "queryTypeId")
    VALUES ('886', '1', '2023-07-02 21:02:59.569724', '2023-07-02 21:03:02.569724', 'False', 'None', 'SELECT quantity FROM OrderItems', '1', '1');
INSERT INTO "QueryColumnAccess" ("queryId", "columnId")
    VALUES ('886', '4');
INSERT INTO "QueryTableAccess" ("queryId", "tableId")
    VALUES ('886', '5');
SELECT 'first_name' FROM Customers;
INSERT INTO "SqlQuery" ("queryId", "userId", "issuedAt", "finishedAt", "hasError", "errorMessage", "statement", "projectId", "queryTypeId")
    VALUES ('887', '4', '2023-05-04 21:02:59.569735', '2023-05-04 21:03:01.569735', 'False', 'None', 'SELECT first_name FROM Customers', '1', '1');
INSERT INTO "QueryColumnAccess" ("queryId", "columnId")
    VALUES ('887', '2');
INSERT INTO "QueryTableAccess" ("queryId", "tableId")
    VALUES ('887', '1');
SELECT 'category_id' FROM Categories;
INSERT INTO "SqlQuery" ("queryId", "userId", "issuedAt", "finishedAt", "hasError", "errorMessage", "statement", "projectId", "queryTypeId")
    VALUES ('888', '3', '2023-05-29 21:02:59.569742', '2023-05-29 21:03:03.569742', 'False', 'None', 'SELECT category_id FROM Categories', '1', '1');
INSERT INTO "QueryColumnAccess" ("queryId", "columnId")
    VALUES ('888', '1');
INSERT INTO "QueryTableAccess" ("queryId", "tableId")
    VALUES ('888', '4');
SELECT 'total_amount' FROM Orders;
INSERT INTO "SqlQuery" ("queryId", "userId", "issuedAt", "finishedAt", "hasError", "errorMessage", "statement", "projectId", "queryTypeId")
    VALUES ('889', '14', '2023-05-18 21:02:59.569748', '2023-05-18 21:03:00.569748', 'False', 'None', 'SELECT total_amount FROM Orders', '1', '1');
INSERT INTO "QueryColumnAccess" ("queryId", "columnId")
    VALUES ('889', '4');
INSERT INTO "QueryTableAccess" ("queryId", "tableId")
    VALUES ('889', '2');
SELECT 'shipping_address' FROM Orders;
INSERT INTO "SqlQuery" ("queryId", "userId", "issuedAt", "finishedAt", "hasError", "errorMessage", "statement", "projectId", "queryTypeId")
    VALUES ('890', '10', '2023-05-10 21:02:59.569754', '2023-05-10 21:03:03.569754', 'False', 'None', 'SELECT shipping_address FROM Orders', '1', '1');
INSERT INTO "QueryColumnAccess" ("queryId", "columnId")
    VALUES ('890', '6');
INSERT INTO "QueryTableAccess" ("queryId", "tableId")
    VALUES ('890', '2');
SELECT 'order_date' FROM Orders;
INSERT INTO "SqlQuery" ("queryId", "userId", "issuedAt", "finishedAt", "hasError", "errorMessage", "statement", "projectId", "queryTypeId")
    VALUES ('891', '12', '2023-06-01 21:02:59.569761', '2023-06-01 21:03:00.569761', 'False', 'None', 'SELECT order_date FROM Orders', '1', '1');
INSERT INTO "QueryColumnAccess" ("queryId", "columnId")
    VALUES ('891', '3');
INSERT INTO "QueryTableAccess" ("queryId", "tableId")
    VALUES ('891', '2');
SELECT 'quantity' FROM Products;
INSERT INTO "SqlQuery" ("queryId", "userId", "issuedAt", "finishedAt", "hasError", "errorMessage", "statement", "projectId", "queryTypeId")
    VALUES ('892', '7', '2023-06-08 21:02:59.569767', '2023-06-08 21:03:02.569767', 'False', 'None', 'SELECT quantity FROM Products', '1', '1');
INSERT INTO "QueryColumnAccess" ("queryId", "columnId")
    VALUES ('892', '6');
INSERT INTO "QueryTableAccess" ("queryId", "tableId")
    VALUES ('892', '3');
SELECT 'order_date' FROM Orders;
INSERT INTO "SqlQuery" ("queryId", "userId", "issuedAt", "finishedAt", "hasError", "errorMessage", "statement", "projectId", "queryTypeId")
    VALUES ('893', '14', '2023-06-18 21:02:59.569773', '2023-06-18 21:03:00.569773', 'False', 'None', 'SELECT order_date FROM Orders', '1', '1');
INSERT INTO "QueryColumnAccess" ("queryId", "columnId")
    VALUES ('893', '3');
INSERT INTO "QueryTableAccess" ("queryId", "tableId")
    VALUES ('893', '2');
SELECT 'address' FROM Customers;
INSERT INTO "SqlQuery" ("queryId", "userId", "issuedAt", "finishedAt", "hasError", "errorMessage", "statement", "projectId", "queryTypeId")
    VALUES ('894', '11', '2023-06-05 21:02:59.569779', '2023-06-05 21:03:01.569779', 'False', 'None', 'SELECT address FROM Customers', '1', '1');
INSERT INTO "QueryColumnAccess" ("queryId", "columnId")
    VALUES ('894', '6');
INSERT INTO "QueryTableAccess" ("queryId", "tableId")
    VALUES ('894', '1');
SELECT 'quantity' FROM OrderItems;
INSERT INTO "SqlQuery" ("queryId", "userId", "issuedAt", "finishedAt", "hasError", "errorMessage", "statement", "projectId", "queryTypeId")
    VALUES ('895', '5', '2023-06-03 21:02:59.569786', '2023-06-03 21:03:01.569786', 'False', 'None', 'SELECT quantity FROM OrderItems', '1', '1');
INSERT INTO "QueryColumnAccess" ("queryId", "columnId")
    VALUES ('895', '4');
INSERT INTO "QueryTableAccess" ("queryId", "tableId")
    VALUES ('895', '5');
SELECT 'email' FROM Customers;
INSERT INTO "SqlQuery" ("queryId", "userId", "issuedAt", "finishedAt", "hasError", "errorMessage", "statement", "projectId", "queryTypeId")
    VALUES ('896', '9', '2023-05-06 21:02:59.569793', '2023-05-06 21:03:01.569793', 'False', 'None', 'SELECT email FROM Customers', '1', '1');
INSERT INTO "QueryColumnAccess" ("queryId", "columnId")
    VALUES ('896', '4');
INSERT INTO "QueryTableAccess" ("queryId", "tableId")
    VALUES ('896', '1');
SELECT 'first_name' FROM Customers;
INSERT INTO "SqlQuery" ("queryId", "userId", "issuedAt", "finishedAt", "hasError", "errorMessage", "statement", "projectId", "queryTypeId")
    VALUES ('897', '9', '2023-07-04 21:02:59.569799', '2023-07-04 21:03:03.569799', 'False', 'None', 'SELECT first_name FROM Customers', '1', '1');
INSERT INTO "QueryColumnAccess" ("queryId", "columnId")
    VALUES ('897', '2');
INSERT INTO "QueryTableAccess" ("queryId", "tableId")
    VALUES ('897', '1');
SELECT 'category_name' FROM Categories;
INSERT INTO "SqlQuery" ("queryId", "userId", "issuedAt", "finishedAt", "hasError", "errorMessage", "statement", "projectId", "queryTypeId")
    VALUES ('898', '3', '2023-05-31 21:02:59.569805', '2023-05-31 21:03:02.569805', 'False', 'None', 'SELECT category_name FROM Categories', '1', '1');
INSERT INTO "QueryColumnAccess" ("queryId", "columnId")
    VALUES ('898', '2');
INSERT INTO "QueryTableAccess" ("queryId", "tableId")
    VALUES ('898', '4');
SELECT 'product_name' FROM Products;
INSERT INTO "SqlQuery" ("queryId", "userId", "issuedAt", "finishedAt", "hasError", "errorMessage", "statement", "projectId", "queryTypeId")
    VALUES ('899', '4', '2023-05-07 21:02:59.569812', '2023-05-07 21:03:00.569812', 'False', 'None', 'SELECT product_name FROM Products', '1', '1');
INSERT INTO "QueryColumnAccess" ("queryId", "columnId")
    VALUES ('899', '2');
INSERT INTO "QueryTableAccess" ("queryId", "tableId")
    VALUES ('899', '3');
SELECT 'unit_price' FROM OrderItems;
INSERT INTO "SqlQuery" ("queryId", "userId", "issuedAt", "finishedAt", "hasError", "errorMessage", "statement", "projectId", "queryTypeId")
    VALUES ('900', '7', '2023-06-12 21:02:59.569818', '2023-06-12 21:03:03.569818', 'False', 'None', 'SELECT unit_price FROM OrderItems', '1', '1');
INSERT INTO "QueryColumnAccess" ("queryId", "columnId")
    VALUES ('900', '5');
INSERT INTO "QueryTableAccess" ("queryId", "tableId")
    VALUES ('900', '5');
SELECT 'order_date' FROM Orders;
INSERT INTO "SqlQuery" ("queryId", "userId", "issuedAt", "finishedAt", "hasError", "errorMessage", "statement", "projectId", "queryTypeId")
    VALUES ('901', '10', '2023-04-24 21:02:59.569824', '2023-04-24 21:03:02.569824', 'False', 'None', 'SELECT order_date FROM Orders', '1', '1');
INSERT INTO "QueryColumnAccess" ("queryId", "columnId")
    VALUES ('901', '3');
INSERT INTO "QueryTableAccess" ("queryId", "tableId")
    VALUES ('901', '2');
SELECT 'email' FROM Customers;
INSERT INTO "SqlQuery" ("queryId", "userId", "issuedAt", "finishedAt", "hasError", "errorMessage", "statement", "projectId", "queryTypeId")
    VALUES ('902', '14', '2023-06-30 21:02:59.569830', '2023-06-30 21:03:00.569830', 'False', 'None', 'SELECT email FROM Customers', '1', '1');
INSERT INTO "QueryColumnAccess" ("queryId", "columnId")
    VALUES ('902', '4');
INSERT INTO "QueryTableAccess" ("queryId", "tableId")
    VALUES ('902', '1');
SELECT 'order_item_id' FROM OrderItems;
INSERT INTO "SqlQuery" ("queryId", "userId", "issuedAt", "finishedAt", "hasError", "errorMessage", "statement", "projectId", "queryTypeId")
    VALUES ('903', '11', '2023-07-05 21:02:59.569837', '2023-07-05 21:03:00.569837', 'False', 'None', 'SELECT order_item_id FROM OrderItems', '1', '1');
INSERT INTO "QueryColumnAccess" ("queryId", "columnId")
    VALUES ('903', '1');
INSERT INTO "QueryTableAccess" ("queryId", "tableId")
    VALUES ('903', '5');
SELECT 'parent_category_id' FROM Categories;
INSERT INTO "SqlQuery" ("queryId", "userId", "issuedAt", "finishedAt", "hasError", "errorMessage", "statement", "projectId", "queryTypeId")
    VALUES ('904', '1', '2023-05-20 21:02:59.569847', '2023-05-20 21:03:02.569847', 'False', 'None', 'SELECT parent_category_id FROM Categories', '1', '1');
INSERT INTO "QueryColumnAccess" ("queryId", "columnId")
    VALUES ('904', '4');
INSERT INTO "QueryTableAccess" ("queryId", "tableId")
    VALUES ('904', '4');
SELECT 'order_id' FROM Orders;
INSERT INTO "SqlQuery" ("queryId", "userId", "issuedAt", "finishedAt", "hasError", "errorMessage", "statement", "projectId", "queryTypeId")
    VALUES ('905', '6', '2023-05-09 21:02:59.569853', '2023-05-09 21:03:00.569853', 'False', 'None', 'SELECT order_id FROM Orders', '1', '1');
INSERT INTO "QueryColumnAccess" ("queryId", "columnId")
    VALUES ('905', '1');
INSERT INTO "QueryTableAccess" ("queryId", "tableId")
    VALUES ('905', '2');
SELECT 'shipping_address' FROM Orders;
INSERT INTO "SqlQuery" ("queryId", "userId", "issuedAt", "finishedAt", "hasError", "errorMessage", "statement", "projectId", "queryTypeId")
    VALUES ('906', '7', '2023-06-05 21:02:59.569860', '2023-06-05 21:03:02.569860', 'False', 'None', 'SELECT shipping_address FROM Orders', '1', '1');
INSERT INTO "QueryColumnAccess" ("queryId", "columnId")
    VALUES ('906', '6');
INSERT INTO "QueryTableAccess" ("queryId", "tableId")
    VALUES ('906', '2');
SELECT 'description' FROM Products;
INSERT INTO "SqlQuery" ("queryId", "userId", "issuedAt", "finishedAt", "hasError", "errorMessage", "statement", "projectId", "queryTypeId")
    VALUES ('907', '15', '2023-05-26 21:02:59.569866', '2023-05-26 21:03:00.569866', 'False', 'None', 'SELECT description FROM Products', '1', '1');
INSERT INTO "QueryColumnAccess" ("queryId", "columnId")
    VALUES ('907', '5');
INSERT INTO "QueryTableAccess" ("queryId", "tableId")
    VALUES ('907', '3');
SELECT 'category_id' FROM Categories;
INSERT INTO "SqlQuery" ("queryId", "userId", "issuedAt", "finishedAt", "hasError", "errorMessage", "statement", "projectId", "queryTypeId")
    VALUES ('908', '3', '2023-05-14 21:02:59.569872', '2023-05-14 21:03:03.569872', 'False', 'None', 'SELECT category_id FROM Categories', '1', '1');
INSERT INTO "QueryColumnAccess" ("queryId", "columnId")
    VALUES ('908', '1');
INSERT INTO "QueryTableAccess" ("queryId", "tableId")
    VALUES ('908', '4');
SELECT 'description' FROM Categories;
INSERT INTO "SqlQuery" ("queryId", "userId", "issuedAt", "finishedAt", "hasError", "errorMessage", "statement", "projectId", "queryTypeId")
    VALUES ('909', '6', '2023-06-17 21:02:59.569879', '2023-06-17 21:03:01.569879', 'False', 'None', 'SELECT description FROM Categories', '1', '1');
INSERT INTO "QueryColumnAccess" ("queryId", "columnId")
    VALUES ('909', '3');
INSERT INTO "QueryTableAccess" ("queryId", "tableId")
    VALUES ('909', '4');
SELECT 'shipping_address' FROM Orders;
INSERT INTO "SqlQuery" ("queryId", "userId", "issuedAt", "finishedAt", "hasError", "errorMessage", "statement", "projectId", "queryTypeId")
    VALUES ('910', '14', '2023-06-03 21:02:59.569885', '2023-06-03 21:03:01.569885', 'False', 'None', 'SELECT shipping_address FROM Orders', '1', '1');
INSERT INTO "QueryColumnAccess" ("queryId", "columnId")
    VALUES ('910', '6');
INSERT INTO "QueryTableAccess" ("queryId", "tableId")
    VALUES ('910', '2');
SELECT 'description' FROM Categories;
INSERT INTO "SqlQuery" ("queryId", "userId", "issuedAt", "finishedAt", "hasError", "errorMessage", "statement", "projectId", "queryTypeId")
    VALUES ('911', '12', '2023-05-07 21:02:59.569891', '2023-05-07 21:03:02.569891', 'False', 'None', 'SELECT description FROM Categories', '1', '1');
INSERT INTO "QueryColumnAccess" ("queryId", "columnId")
    VALUES ('911', '3');
INSERT INTO "QueryTableAccess" ("queryId", "tableId")
    VALUES ('911', '4');
SELECT 'order_id' FROM Orders;
INSERT INTO "SqlQuery" ("queryId", "userId", "issuedAt", "finishedAt", "hasError", "errorMessage", "statement", "projectId", "queryTypeId")
    VALUES ('912', '11', '2023-06-18 21:02:59.569897', '2023-06-18 21:03:02.569897', 'False', 'None', 'SELECT order_id FROM Orders', '1', '1');
INSERT INTO "QueryColumnAccess" ("queryId", "columnId")
    VALUES ('912', '1');
INSERT INTO "QueryTableAccess" ("queryId", "tableId")
    VALUES ('912', '2');
SELECT 'first_name' FROM Customers;
INSERT INTO "SqlQuery" ("queryId", "userId", "issuedAt", "finishedAt", "hasError", "errorMessage", "statement", "projectId", "queryTypeId")
    VALUES ('913', '13', '2023-07-04 21:02:59.569904', '2023-07-04 21:03:02.569904', 'False', 'None', 'SELECT first_name FROM Customers', '1', '1');
INSERT INTO "QueryColumnAccess" ("queryId", "columnId")
    VALUES ('913', '2');
INSERT INTO "QueryTableAccess" ("queryId", "tableId")
    VALUES ('913', '1');
SELECT 'last_name' FROM Customers;
INSERT INTO "SqlQuery" ("queryId", "userId", "issuedAt", "finishedAt", "hasError", "errorMessage", "statement", "projectId", "queryTypeId")
    VALUES ('914', '11', '2023-07-03 21:02:59.569910', '2023-07-03 21:03:01.569910', 'False', 'None', 'SELECT last_name FROM Customers', '1', '1');
INSERT INTO "QueryColumnAccess" ("queryId", "columnId")
    VALUES ('914', '3');
INSERT INTO "QueryTableAccess" ("queryId", "tableId")
    VALUES ('914', '1');
SELECT 'price' FROM Products;
INSERT INTO "SqlQuery" ("queryId", "userId", "issuedAt", "finishedAt", "hasError", "errorMessage", "statement", "projectId", "queryTypeId")
    VALUES ('915', '8', '2023-06-14 21:02:59.569916', '2023-06-14 21:03:01.569916', 'False', 'None', 'SELECT price FROM Products', '1', '1');
INSERT INTO "QueryColumnAccess" ("queryId", "columnId")
    VALUES ('915', '4');
INSERT INTO "QueryTableAccess" ("queryId", "tableId")
    VALUES ('915', '3');
SELECT 'customer_id' FROM Customers;
INSERT INTO "SqlQuery" ("queryId", "userId", "issuedAt", "finishedAt", "hasError", "errorMessage", "statement", "projectId", "queryTypeId")
    VALUES ('916', '14', '2023-04-21 21:02:59.569922', '2023-04-21 21:03:00.569922', 'False', 'None', 'SELECT customer_id FROM Customers', '1', '1');
INSERT INTO "QueryColumnAccess" ("queryId", "columnId")
    VALUES ('916', '1');
INSERT INTO "QueryTableAccess" ("queryId", "tableId")
    VALUES ('916', '1');
SELECT 'payment_method' FROM Orders;
INSERT INTO "SqlQuery" ("queryId", "userId", "issuedAt", "finishedAt", "hasError", "errorMessage", "statement", "projectId", "queryTypeId")
    VALUES ('917', '15', '2023-04-16 21:02:59.569929', '2023-04-16 21:03:01.569929', 'False', 'None', 'SELECT payment_method FROM Orders', '1', '1');
INSERT INTO "QueryColumnAccess" ("queryId", "columnId")
    VALUES ('917', '5');
INSERT INTO "QueryTableAccess" ("queryId", "tableId")
    VALUES ('917', '2');
SELECT 'shipping_address' FROM Orders;
INSERT INTO "SqlQuery" ("queryId", "userId", "issuedAt", "finishedAt", "hasError", "errorMessage", "statement", "projectId", "queryTypeId")
    VALUES ('918', '8', '2023-05-06 21:02:59.569935', '2023-05-06 21:03:01.569935', 'False', 'None', 'SELECT shipping_address FROM Orders', '1', '1');
INSERT INTO "QueryColumnAccess" ("queryId", "columnId")
    VALUES ('918', '6');
INSERT INTO "QueryTableAccess" ("queryId", "tableId")
    VALUES ('918', '2');
SELECT 'customer_id' FROM Orders;
INSERT INTO "SqlQuery" ("queryId", "userId", "issuedAt", "finishedAt", "hasError", "errorMessage", "statement", "projectId", "queryTypeId")
    VALUES ('919', '5', '2023-04-25 21:02:59.569941', '2023-04-25 21:03:02.569941', 'False', 'None', 'SELECT customer_id FROM Orders', '1', '1');
INSERT INTO "QueryColumnAccess" ("queryId", "columnId")
    VALUES ('919', '2');
INSERT INTO "QueryTableAccess" ("queryId", "tableId")
    VALUES ('919', '2');
SELECT 'category_id' FROM Categories;
INSERT INTO "SqlQuery" ("queryId", "userId", "issuedAt", "finishedAt", "hasError", "errorMessage", "statement", "projectId", "queryTypeId")
    VALUES ('920', '4', '2023-06-05 21:02:59.569947', '2023-06-05 21:03:03.569947', 'False', 'None', 'SELECT category_id FROM Categories', '1', '1');
INSERT INTO "QueryColumnAccess" ("queryId", "columnId")
    VALUES ('920', '1');
INSERT INTO "QueryTableAccess" ("queryId", "tableId")
    VALUES ('920', '4');
SELECT 'customer_id' FROM Orders;
INSERT INTO "SqlQuery" ("queryId", "userId", "issuedAt", "finishedAt", "hasError", "errorMessage", "statement", "projectId", "queryTypeId")
    VALUES ('921', '9', '2023-05-08 21:02:59.569959', '2023-05-08 21:03:00.569959', 'False', 'None', 'SELECT customer_id FROM Orders', '1', '1');
INSERT INTO "QueryColumnAccess" ("queryId", "columnId")
    VALUES ('921', '2');
INSERT INTO "QueryTableAccess" ("queryId", "tableId")
    VALUES ('921', '2');
SELECT 'product_id' FROM OrderItems;
INSERT INTO "SqlQuery" ("queryId", "userId", "issuedAt", "finishedAt", "hasError", "errorMessage", "statement", "projectId", "queryTypeId")
    VALUES ('922', '13', '2023-04-22 21:02:59.569966', '2023-04-22 21:03:02.569966', 'False', 'None', 'SELECT product_id FROM OrderItems', '1', '1');
INSERT INTO "QueryColumnAccess" ("queryId", "columnId")
    VALUES ('922', '3');
INSERT INTO "QueryTableAccess" ("queryId", "tableId")
    VALUES ('922', '5');
SELECT 'category_id' FROM Categories;
INSERT INTO "SqlQuery" ("queryId", "userId", "issuedAt", "finishedAt", "hasError", "errorMessage", "statement", "projectId", "queryTypeId")
    VALUES ('923', '1', '2023-05-13 21:02:59.569972', '2023-05-13 21:03:03.569972', 'False', 'None', 'SELECT category_id FROM Categories', '1', '1');
INSERT INTO "QueryColumnAccess" ("queryId", "columnId")
    VALUES ('923', '1');
INSERT INTO "QueryTableAccess" ("queryId", "tableId")
    VALUES ('923', '4');
SELECT 'shipping_address' FROM Orders;
INSERT INTO "SqlQuery" ("queryId", "userId", "issuedAt", "finishedAt", "hasError", "errorMessage", "statement", "projectId", "queryTypeId")
    VALUES ('924', '5', '2023-05-30 21:02:59.569979', '2023-05-30 21:03:00.569979', 'False', 'None', 'SELECT shipping_address FROM Orders', '1', '1');
INSERT INTO "QueryColumnAccess" ("queryId", "columnId")
    VALUES ('924', '6');
INSERT INTO "QueryTableAccess" ("queryId", "tableId")
    VALUES ('924', '2');
SELECT 'category_name' FROM Categories;
INSERT INTO "SqlQuery" ("queryId", "userId", "issuedAt", "finishedAt", "hasError", "errorMessage", "statement", "projectId", "queryTypeId")
    VALUES ('925', '6', '2023-06-23 21:02:59.569986', '2023-06-23 21:03:02.569986', 'False', 'None', 'SELECT category_name FROM Categories', '1', '1');
INSERT INTO "QueryColumnAccess" ("queryId", "columnId")
    VALUES ('925', '2');
INSERT INTO "QueryTableAccess" ("queryId", "tableId")
    VALUES ('925', '4');
SELECT 'category_name' FROM Categories;
INSERT INTO "SqlQuery" ("queryId", "userId", "issuedAt", "finishedAt", "hasError", "errorMessage", "statement", "projectId", "queryTypeId")
    VALUES ('926', '13', '2023-07-05 21:02:59.569992', '2023-07-05 21:03:02.569992', 'False', 'None', 'SELECT category_name FROM Categories', '1', '1');
INSERT INTO "QueryColumnAccess" ("queryId", "columnId")
    VALUES ('926', '2');
INSERT INTO "QueryTableAccess" ("queryId", "tableId")
    VALUES ('926', '4');
SELECT 'email' FROM Customers;
INSERT INTO "SqlQuery" ("queryId", "userId", "issuedAt", "finishedAt", "hasError", "errorMessage", "statement", "projectId", "queryTypeId")
    VALUES ('927', '3', '2023-04-18 21:02:59.569998', '2023-04-18 21:03:00.569998', 'False', 'None', 'SELECT email FROM Customers', '1', '1');
INSERT INTO "QueryColumnAccess" ("queryId", "columnId")
    VALUES ('927', '4');
INSERT INTO "QueryTableAccess" ("queryId", "tableId")
    VALUES ('927', '1');
SELECT 'shipping_address' FROM Orders;
INSERT INTO "SqlQuery" ("queryId", "userId", "issuedAt", "finishedAt", "hasError", "errorMessage", "statement", "projectId", "queryTypeId")
    VALUES ('928', '8', '2023-04-19 21:02:59.570005', '2023-04-19 21:03:00.570005', 'False', 'None', 'SELECT shipping_address FROM Orders', '1', '1');
INSERT INTO "QueryColumnAccess" ("queryId", "columnId")
    VALUES ('928', '6');
INSERT INTO "QueryTableAccess" ("queryId", "tableId")
    VALUES ('928', '2');
SELECT 'order_id' FROM OrderItems;
INSERT INTO "SqlQuery" ("queryId", "userId", "issuedAt", "finishedAt", "hasError", "errorMessage", "statement", "projectId", "queryTypeId")
    VALUES ('929', '7', '2023-04-25 21:02:59.570011', '2023-04-25 21:03:01.570011', 'False', 'None', 'SELECT order_id FROM OrderItems', '1', '1');
INSERT INTO "QueryColumnAccess" ("queryId", "columnId")
    VALUES ('929', '2');
INSERT INTO "QueryTableAccess" ("queryId", "tableId")
    VALUES ('929', '5');
SELECT 'email' FROM Customers;
INSERT INTO "SqlQuery" ("queryId", "userId", "issuedAt", "finishedAt", "hasError", "errorMessage", "statement", "projectId", "queryTypeId")
    VALUES ('930', '9', '2023-05-22 21:02:59.570018', '2023-05-22 21:03:00.570018', 'False', 'None', 'SELECT email FROM Customers', '1', '1');
INSERT INTO "QueryColumnAccess" ("queryId", "columnId")
    VALUES ('930', '4');
INSERT INTO "QueryTableAccess" ("queryId", "tableId")
    VALUES ('930', '1');
SELECT 'order_item_id' FROM OrderItems;
INSERT INTO "SqlQuery" ("queryId", "userId", "issuedAt", "finishedAt", "hasError", "errorMessage", "statement", "projectId", "queryTypeId")
    VALUES ('931', '13', '2023-05-04 21:02:59.570024', '2023-05-04 21:03:01.570024', 'False', 'None', 'SELECT order_item_id FROM OrderItems', '1', '1');
INSERT INTO "QueryColumnAccess" ("queryId", "columnId")
    VALUES ('931', '1');
INSERT INTO "QueryTableAccess" ("queryId", "tableId")
    VALUES ('931', '5');
SELECT 'order_id' FROM Orders;
INSERT INTO "SqlQuery" ("queryId", "userId", "issuedAt", "finishedAt", "hasError", "errorMessage", "statement", "projectId", "queryTypeId")
    VALUES ('932', '13', '2023-04-15 21:02:59.570031', '2023-04-15 21:03:00.570031', 'False', 'None', 'SELECT order_id FROM Orders', '1', '1');
INSERT INTO "QueryColumnAccess" ("queryId", "columnId")
    VALUES ('932', '1');
INSERT INTO "QueryTableAccess" ("queryId", "tableId")
    VALUES ('932', '2');
SELECT 'parent_category_id' FROM Categories;
INSERT INTO "SqlQuery" ("queryId", "userId", "issuedAt", "finishedAt", "hasError", "errorMessage", "statement", "projectId", "queryTypeId")
    VALUES ('933', '6', '2023-07-05 21:02:59.570037', '2023-07-05 21:03:02.570037', 'False', 'None', 'SELECT parent_category_id FROM Categories', '1', '1');
INSERT INTO "QueryColumnAccess" ("queryId", "columnId")
    VALUES ('933', '4');
INSERT INTO "QueryTableAccess" ("queryId", "tableId")
    VALUES ('933', '4');
SELECT 'unit_price' FROM OrderItems;
INSERT INTO "SqlQuery" ("queryId", "userId", "issuedAt", "finishedAt", "hasError", "errorMessage", "statement", "projectId", "queryTypeId")
    VALUES ('934', '11', '2023-04-29 21:02:59.570043', '2023-04-29 21:03:02.570043', 'False', 'None', 'SELECT unit_price FROM OrderItems', '1', '1');
INSERT INTO "QueryColumnAccess" ("queryId", "columnId")
    VALUES ('934', '5');
INSERT INTO "QueryTableAccess" ("queryId", "tableId")
    VALUES ('934', '5');
SELECT 'parent_category_id' FROM Categories;
INSERT INTO "SqlQuery" ("queryId", "userId", "issuedAt", "finishedAt", "hasError", "errorMessage", "statement", "projectId", "queryTypeId")
    VALUES ('935', '6', '2023-07-10 21:02:59.570049', '2023-07-10 21:03:03.570049', 'False', 'None', 'SELECT parent_category_id FROM Categories', '1', '1');
INSERT INTO "QueryColumnAccess" ("queryId", "columnId")
    VALUES ('935', '4');
INSERT INTO "QueryTableAccess" ("queryId", "tableId")
    VALUES ('935', '4');
SELECT 'payment_method' FROM Orders;
INSERT INTO "SqlQuery" ("queryId", "userId", "issuedAt", "finishedAt", "hasError", "errorMessage", "statement", "projectId", "queryTypeId")
    VALUES ('936', '11', '2023-04-18 21:02:59.570056', '2023-04-18 21:03:00.570056', 'False', 'None', 'SELECT payment_method FROM Orders', '1', '1');
INSERT INTO "QueryColumnAccess" ("queryId", "columnId")
    VALUES ('936', '5');
INSERT INTO "QueryTableAccess" ("queryId", "tableId")
    VALUES ('936', '2');
SELECT 'last_name' FROM Customers;
INSERT INTO "SqlQuery" ("queryId", "userId", "issuedAt", "finishedAt", "hasError", "errorMessage", "statement", "projectId", "queryTypeId")
    VALUES ('937', '7', '2023-07-05 21:02:59.570066', '2023-07-05 21:03:02.570066', 'False', 'None', 'SELECT last_name FROM Customers', '1', '1');
INSERT INTO "QueryColumnAccess" ("queryId", "columnId")
    VALUES ('937', '3');
INSERT INTO "QueryTableAccess" ("queryId", "tableId")
    VALUES ('937', '1');
SELECT 'parent_category_id' FROM Categories;
INSERT INTO "SqlQuery" ("queryId", "userId", "issuedAt", "finishedAt", "hasError", "errorMessage", "statement", "projectId", "queryTypeId")
    VALUES ('938', '6', '2023-04-22 21:02:59.570072', '2023-04-22 21:03:02.570072', 'False', 'None', 'SELECT parent_category_id FROM Categories', '1', '1');
INSERT INTO "QueryColumnAccess" ("queryId", "columnId")
    VALUES ('938', '4');
INSERT INTO "QueryTableAccess" ("queryId", "tableId")
    VALUES ('938', '4');
SELECT 'price' FROM Products;
INSERT INTO "SqlQuery" ("queryId", "userId", "issuedAt", "finishedAt", "hasError", "errorMessage", "statement", "projectId", "queryTypeId")
    VALUES ('939', '9', '2023-05-06 21:02:59.570078', '2023-05-06 21:03:02.570078', 'False', 'None', 'SELECT price FROM Products', '1', '1');
INSERT INTO "QueryColumnAccess" ("queryId", "columnId")
    VALUES ('939', '4');
INSERT INTO "QueryTableAccess" ("queryId", "tableId")
    VALUES ('939', '3');
SELECT 'address' FROM Customers;
INSERT INTO "SqlQuery" ("queryId", "userId", "issuedAt", "finishedAt", "hasError", "errorMessage", "statement", "projectId", "queryTypeId")
    VALUES ('940', '2', '2023-06-04 21:02:59.570085', '2023-06-04 21:03:03.570085', 'False', 'None', 'SELECT address FROM Customers', '1', '1');
INSERT INTO "QueryColumnAccess" ("queryId", "columnId")
    VALUES ('940', '6');
INSERT INTO "QueryTableAccess" ("queryId", "tableId")
    VALUES ('940', '1');
SELECT 'order_item_id' FROM OrderItems;
INSERT INTO "SqlQuery" ("queryId", "userId", "issuedAt", "finishedAt", "hasError", "errorMessage", "statement", "projectId", "queryTypeId")
    VALUES ('941', '11', '2023-07-03 21:02:59.570091', '2023-07-03 21:03:01.570091', 'False', 'None', 'SELECT order_item_id FROM OrderItems', '1', '1');
INSERT INTO "QueryColumnAccess" ("queryId", "columnId")
    VALUES ('941', '1');
INSERT INTO "QueryTableAccess" ("queryId", "tableId")
    VALUES ('941', '5');
SELECT 'address' FROM Customers;
INSERT INTO "SqlQuery" ("queryId", "userId", "issuedAt", "finishedAt", "hasError", "errorMessage", "statement", "projectId", "queryTypeId")
    VALUES ('942', '14', '2023-05-15 21:02:59.570098', '2023-05-15 21:03:02.570098', 'False', 'None', 'SELECT address FROM Customers', '1', '1');
INSERT INTO "QueryColumnAccess" ("queryId", "columnId")
    VALUES ('942', '6');
INSERT INTO "QueryTableAccess" ("queryId", "tableId")
    VALUES ('942', '1');
SELECT 'email' FROM Customers;
INSERT INTO "SqlQuery" ("queryId", "userId", "issuedAt", "finishedAt", "hasError", "errorMessage", "statement", "projectId", "queryTypeId")
    VALUES ('943', '2', '2023-06-16 21:02:59.570105', '2023-06-16 21:03:00.570105', 'False', 'None', 'SELECT email FROM Customers', '1', '1');
INSERT INTO "QueryColumnAccess" ("queryId", "columnId")
    VALUES ('943', '4');
INSERT INTO "QueryTableAccess" ("queryId", "tableId")
    VALUES ('943', '1');
SELECT 'first_name' FROM Customers;
INSERT INTO "SqlQuery" ("queryId", "userId", "issuedAt", "finishedAt", "hasError", "errorMessage", "statement", "projectId", "queryTypeId")
    VALUES ('944', '15', '2023-06-13 21:02:59.570111', '2023-06-13 21:03:02.570111', 'False', 'None', 'SELECT first_name FROM Customers', '1', '1');
INSERT INTO "QueryColumnAccess" ("queryId", "columnId")
    VALUES ('944', '2');
INSERT INTO "QueryTableAccess" ("queryId", "tableId")
    VALUES ('944', '1');
SELECT 'category_name' FROM Categories;
INSERT INTO "SqlQuery" ("queryId", "userId", "issuedAt", "finishedAt", "hasError", "errorMessage", "statement", "projectId", "queryTypeId")
    VALUES ('945', '8', '2023-06-30 21:02:59.570118', '2023-06-30 21:03:02.570118', 'False', 'None', 'SELECT category_name FROM Categories', '1', '1');
INSERT INTO "QueryColumnAccess" ("queryId", "columnId")
    VALUES ('945', '2');
INSERT INTO "QueryTableAccess" ("queryId", "tableId")
    VALUES ('945', '4');
SELECT 'email' FROM Customers;
INSERT INTO "SqlQuery" ("queryId", "userId", "issuedAt", "finishedAt", "hasError", "errorMessage", "statement", "projectId", "queryTypeId")
    VALUES ('946', '6', '2023-05-11 21:02:59.570125', '2023-05-11 21:03:01.570125', 'False', 'None', 'SELECT email FROM Customers', '1', '1');
INSERT INTO "QueryColumnAccess" ("queryId", "columnId")
    VALUES ('946', '4');
INSERT INTO "QueryTableAccess" ("queryId", "tableId")
    VALUES ('946', '1');
SELECT 'order_id' FROM Orders;
INSERT INTO "SqlQuery" ("queryId", "userId", "issuedAt", "finishedAt", "hasError", "errorMessage", "statement", "projectId", "queryTypeId")
    VALUES ('947', '6', '2023-05-29 21:02:59.570132', '2023-05-29 21:03:00.570132', 'False', 'None', 'SELECT order_id FROM Orders', '1', '1');
INSERT INTO "QueryColumnAccess" ("queryId", "columnId")
    VALUES ('947', '1');
INSERT INTO "QueryTableAccess" ("queryId", "tableId")
    VALUES ('947', '2');
SELECT 'first_name' FROM Customers;
INSERT INTO "SqlQuery" ("queryId", "userId", "issuedAt", "finishedAt", "hasError", "errorMessage", "statement", "projectId", "queryTypeId")
    VALUES ('948', '15', '2023-05-26 21:02:59.570138', '2023-05-26 21:03:01.570138', 'False', 'None', 'SELECT first_name FROM Customers', '1', '1');
INSERT INTO "QueryColumnAccess" ("queryId", "columnId")
    VALUES ('948', '2');
INSERT INTO "QueryTableAccess" ("queryId", "tableId")
    VALUES ('948', '1');
SELECT 'description' FROM Products;
INSERT INTO "SqlQuery" ("queryId", "userId", "issuedAt", "finishedAt", "hasError", "errorMessage", "statement", "projectId", "queryTypeId")
    VALUES ('949', '9', '2023-05-07 21:02:59.570145', '2023-05-07 21:03:03.570145', 'False', 'None', 'SELECT description FROM Products', '1', '1');
INSERT INTO "QueryColumnAccess" ("queryId", "columnId")
    VALUES ('949', '5');
INSERT INTO "QueryTableAccess" ("queryId", "tableId")
    VALUES ('949', '3');
SELECT 'description' FROM Categories;
INSERT INTO "SqlQuery" ("queryId", "userId", "issuedAt", "finishedAt", "hasError", "errorMessage", "statement", "projectId", "queryTypeId")
    VALUES ('950', '14', '2023-06-25 21:02:59.570151', '2023-06-25 21:03:01.570151', 'False', 'None', 'SELECT description FROM Categories', '1', '1');
INSERT INTO "QueryColumnAccess" ("queryId", "columnId")
    VALUES ('950', '3');
INSERT INTO "QueryTableAccess" ("queryId", "tableId")
    VALUES ('950', '4');
SELECT 'customer_id' FROM Customers;
INSERT INTO "SqlQuery" ("queryId", "userId", "issuedAt", "finishedAt", "hasError", "errorMessage", "statement", "projectId", "queryTypeId")
    VALUES ('951', '12', '2023-05-30 21:02:59.570158', '2023-05-30 21:03:00.570158', 'False', 'None', 'SELECT customer_id FROM Customers', '1', '1');
INSERT INTO "QueryColumnAccess" ("queryId", "columnId")
    VALUES ('951', '1');
INSERT INTO "QueryTableAccess" ("queryId", "tableId")
    VALUES ('951', '1');
SELECT 'price' FROM Products;
INSERT INTO "SqlQuery" ("queryId", "userId", "issuedAt", "finishedAt", "hasError", "errorMessage", "statement", "projectId", "queryTypeId")
    VALUES ('952', '15', '2023-05-19 21:02:59.570165', '2023-05-19 21:03:02.570165', 'False', 'None', 'SELECT price FROM Products', '1', '1');
INSERT INTO "QueryColumnAccess" ("queryId", "columnId")
    VALUES ('952', '4');
INSERT INTO "QueryTableAccess" ("queryId", "tableId")
    VALUES ('952', '3');
SELECT 'order_id' FROM OrderItems;
INSERT INTO "SqlQuery" ("queryId", "userId", "issuedAt", "finishedAt", "hasError", "errorMessage", "statement", "projectId", "queryTypeId")
    VALUES ('953', '10', '2023-05-06 21:02:59.570193', '2023-05-06 21:03:02.570193', 'False', 'None', 'SELECT order_id FROM OrderItems', '1', '1');
INSERT INTO "QueryColumnAccess" ("queryId", "columnId")
    VALUES ('953', '2');
INSERT INTO "QueryTableAccess" ("queryId", "tableId")
    VALUES ('953', '5');
SELECT 'unit_price' FROM OrderItems;
INSERT INTO "SqlQuery" ("queryId", "userId", "issuedAt", "finishedAt", "hasError", "errorMessage", "statement", "projectId", "queryTypeId")
    VALUES ('954', '13', '2023-06-02 21:02:59.570227', '2023-06-02 21:03:02.570227', 'False', 'None', 'SELECT unit_price FROM OrderItems', '1', '1');
INSERT INTO "QueryColumnAccess" ("queryId", "columnId")
    VALUES ('954', '5');
INSERT INTO "QueryTableAccess" ("queryId", "tableId")
    VALUES ('954', '5');
SELECT 'category_name' FROM Categories;
INSERT INTO "SqlQuery" ("queryId", "userId", "issuedAt", "finishedAt", "hasError", "errorMessage", "statement", "projectId", "queryTypeId")
    VALUES ('955', '9', '2023-05-05 21:02:59.570237', '2023-05-05 21:03:00.570237', 'False', 'None', 'SELECT category_name FROM Categories', '1', '1');
INSERT INTO "QueryColumnAccess" ("queryId", "columnId")
    VALUES ('955', '2');
INSERT INTO "QueryTableAccess" ("queryId", "tableId")
    VALUES ('955', '4');
SELECT 'address' FROM Customers;
INSERT INTO "SqlQuery" ("queryId", "userId", "issuedAt", "finishedAt", "hasError", "errorMessage", "statement", "projectId", "queryTypeId")
    VALUES ('956', '8', '2023-06-19 21:02:59.570245', '2023-06-19 21:03:01.570245', 'False', 'None', 'SELECT address FROM Customers', '1', '1');
INSERT INTO "QueryColumnAccess" ("queryId", "columnId")
    VALUES ('956', '6');
INSERT INTO "QueryTableAccess" ("queryId", "tableId")
    VALUES ('956', '1');
SELECT 'payment_method' FROM Orders;
INSERT INTO "SqlQuery" ("queryId", "userId", "issuedAt", "finishedAt", "hasError", "errorMessage", "statement", "projectId", "queryTypeId")
    VALUES ('957', '15', '2023-07-01 21:02:59.570252', '2023-07-01 21:03:00.570252', 'False', 'None', 'SELECT payment_method FROM Orders', '1', '1');
INSERT INTO "QueryColumnAccess" ("queryId", "columnId")
    VALUES ('957', '5');
INSERT INTO "QueryTableAccess" ("queryId", "tableId")
    VALUES ('957', '2');
SELECT 'product_id' FROM Products;
INSERT INTO "SqlQuery" ("queryId", "userId", "issuedAt", "finishedAt", "hasError", "errorMessage", "statement", "projectId", "queryTypeId")
    VALUES ('958', '11', '2023-06-21 21:02:59.570260', '2023-06-21 21:03:00.570260', 'False', 'None', 'SELECT product_id FROM Products', '1', '1');
INSERT INTO "QueryColumnAccess" ("queryId", "columnId")
    VALUES ('958', '1');
INSERT INTO "QueryTableAccess" ("queryId", "tableId")
    VALUES ('958', '3');
SELECT 'price' FROM Products;
INSERT INTO "SqlQuery" ("queryId", "userId", "issuedAt", "finishedAt", "hasError", "errorMessage", "statement", "projectId", "queryTypeId")
    VALUES ('959', '2', '2023-06-06 21:02:59.570267', '2023-06-06 21:03:02.570267', 'False', 'None', 'SELECT price FROM Products', '1', '1');
INSERT INTO "QueryColumnAccess" ("queryId", "columnId")
    VALUES ('959', '4');
INSERT INTO "QueryTableAccess" ("queryId", "tableId")
    VALUES ('959', '3');
SELECT 'category_id' FROM Categories;
INSERT INTO "SqlQuery" ("queryId", "userId", "issuedAt", "finishedAt", "hasError", "errorMessage", "statement", "projectId", "queryTypeId")
    VALUES ('960', '10', '2023-05-18 21:02:59.570274', '2023-05-18 21:03:03.570274', 'False', 'None', 'SELECT category_id FROM Categories', '1', '1');
INSERT INTO "QueryColumnAccess" ("queryId", "columnId")
    VALUES ('960', '1');
INSERT INTO "QueryTableAccess" ("queryId", "tableId")
    VALUES ('960', '4');
SELECT 'quantity' FROM Products;
INSERT INTO "SqlQuery" ("queryId", "userId", "issuedAt", "finishedAt", "hasError", "errorMessage", "statement", "projectId", "queryTypeId")
    VALUES ('961', '11', '2023-06-25 21:02:59.570281', '2023-06-25 21:03:00.570281', 'False', 'None', 'SELECT quantity FROM Products', '1', '1');
INSERT INTO "QueryColumnAccess" ("queryId", "columnId")
    VALUES ('961', '6');
INSERT INTO "QueryTableAccess" ("queryId", "tableId")
    VALUES ('961', '3');
SELECT 'total_amount' FROM Orders;
INSERT INTO "SqlQuery" ("queryId", "userId", "issuedAt", "finishedAt", "hasError", "errorMessage", "statement", "projectId", "queryTypeId")
    VALUES ('962', '1', '2023-06-10 21:02:59.570287', '2023-06-10 21:03:00.570287', 'False', 'None', 'SELECT total_amount FROM Orders', '1', '1');
INSERT INTO "QueryColumnAccess" ("queryId", "columnId")
    VALUES ('962', '4');
INSERT INTO "QueryTableAccess" ("queryId", "tableId")
    VALUES ('962', '2');
SELECT 'address' FROM Customers;
INSERT INTO "SqlQuery" ("queryId", "userId", "issuedAt", "finishedAt", "hasError", "errorMessage", "statement", "projectId", "queryTypeId")
    VALUES ('963', '6', '2023-04-24 21:02:59.570294', '2023-04-24 21:03:02.570294', 'False', 'None', 'SELECT address FROM Customers', '1', '1');
INSERT INTO "QueryColumnAccess" ("queryId", "columnId")
    VALUES ('963', '6');
INSERT INTO "QueryTableAccess" ("queryId", "tableId")
    VALUES ('963', '1');
SELECT 'category_name' FROM Categories;
INSERT INTO "SqlQuery" ("queryId", "userId", "issuedAt", "finishedAt", "hasError", "errorMessage", "statement", "projectId", "queryTypeId")
    VALUES ('964', '7', '2023-06-22 21:02:59.570300', '2023-06-22 21:03:02.570300', 'False', 'None', 'SELECT category_name FROM Categories', '1', '1');
INSERT INTO "QueryColumnAccess" ("queryId", "columnId")
    VALUES ('964', '2');
INSERT INTO "QueryTableAccess" ("queryId", "tableId")
    VALUES ('964', '4');
SELECT 'order_item_id' FROM OrderItems;
INSERT INTO "SqlQuery" ("queryId", "userId", "issuedAt", "finishedAt", "hasError", "errorMessage", "statement", "projectId", "queryTypeId")
    VALUES ('965', '9', '2023-04-15 21:02:59.570307', '2023-04-15 21:03:01.570307', 'False', 'None', 'SELECT order_item_id FROM OrderItems', '1', '1');
INSERT INTO "QueryColumnAccess" ("queryId", "columnId")
    VALUES ('965', '1');
INSERT INTO "QueryTableAccess" ("queryId", "tableId")
    VALUES ('965', '5');
SELECT 'shipping_address' FROM Orders;
INSERT INTO "SqlQuery" ("queryId", "userId", "issuedAt", "finishedAt", "hasError", "errorMessage", "statement", "projectId", "queryTypeId")
    VALUES ('966', '1', '2023-05-05 21:02:59.570313', '2023-05-05 21:03:03.570313', 'False', 'None', 'SELECT shipping_address FROM Orders', '1', '1');
INSERT INTO "QueryColumnAccess" ("queryId", "columnId")
    VALUES ('966', '6');
INSERT INTO "QueryTableAccess" ("queryId", "tableId")
    VALUES ('966', '2');
SELECT 'product_id' FROM OrderItems;
INSERT INTO "SqlQuery" ("queryId", "userId", "issuedAt", "finishedAt", "hasError", "errorMessage", "statement", "projectId", "queryTypeId")
    VALUES ('967', '9', '2023-04-23 21:02:59.570319', '2023-04-23 21:03:00.570319', 'False', 'None', 'SELECT product_id FROM OrderItems', '1', '1');
INSERT INTO "QueryColumnAccess" ("queryId", "columnId")
    VALUES ('967', '3');
INSERT INTO "QueryTableAccess" ("queryId", "tableId")
    VALUES ('967', '5');
SELECT 'category' FROM Products;
INSERT INTO "SqlQuery" ("queryId", "userId", "issuedAt", "finishedAt", "hasError", "errorMessage", "statement", "projectId", "queryTypeId")
    VALUES ('968', '11', '2023-04-28 21:02:59.570325', '2023-04-28 21:03:01.570325', 'False', 'None', 'SELECT category FROM Products', '1', '1');
INSERT INTO "QueryColumnAccess" ("queryId", "columnId")
    VALUES ('968', '3');
INSERT INTO "QueryTableAccess" ("queryId", "tableId")
    VALUES ('968', '3');
SELECT 'parent_category_id' FROM Categories;
INSERT INTO "SqlQuery" ("queryId", "userId", "issuedAt", "finishedAt", "hasError", "errorMessage", "statement", "projectId", "queryTypeId")
    VALUES ('969', '3', '2023-06-02 21:02:59.570332', '2023-06-02 21:03:01.570332', 'False', 'None', 'SELECT parent_category_id FROM Categories', '1', '1');
INSERT INTO "QueryColumnAccess" ("queryId", "columnId")
    VALUES ('969', '4');
INSERT INTO "QueryTableAccess" ("queryId", "tableId")
    VALUES ('969', '4');
SELECT 'customer_id' FROM Customers;
INSERT INTO "SqlQuery" ("queryId", "userId", "issuedAt", "finishedAt", "hasError", "errorMessage", "statement", "projectId", "queryTypeId")
    VALUES ('970', '4', '2023-04-20 21:02:59.570338', '2023-04-20 21:03:03.570338', 'False', 'None', 'SELECT customer_id FROM Customers', '1', '1');
INSERT INTO "QueryColumnAccess" ("queryId", "columnId")
    VALUES ('970', '1');
INSERT INTO "QueryTableAccess" ("queryId", "tableId")
    VALUES ('970', '1');
SELECT 'order_date' FROM Orders;
INSERT INTO "SqlQuery" ("queryId", "userId", "issuedAt", "finishedAt", "hasError", "errorMessage", "statement", "projectId", "queryTypeId")
    VALUES ('971', '9', '2023-05-14 21:02:59.570360', '2023-05-14 21:03:02.570360', 'False', 'None', 'SELECT order_date FROM Orders', '1', '1');
INSERT INTO "QueryColumnAccess" ("queryId", "columnId")
    VALUES ('971', '3');
INSERT INTO "QueryTableAccess" ("queryId", "tableId")
    VALUES ('971', '2');
SELECT 'category_id' FROM Categories;
INSERT INTO "SqlQuery" ("queryId", "userId", "issuedAt", "finishedAt", "hasError", "errorMessage", "statement", "projectId", "queryTypeId")
    VALUES ('972', '4', '2023-04-20 21:02:59.570367', '2023-04-20 21:03:02.570367', 'False', 'None', 'SELECT category_id FROM Categories', '1', '1');
INSERT INTO "QueryColumnAccess" ("queryId", "columnId")
    VALUES ('972', '1');
INSERT INTO "QueryTableAccess" ("queryId", "tableId")
    VALUES ('972', '4');
SELECT 'total_amount' FROM Orders;
INSERT INTO "SqlQuery" ("queryId", "userId", "issuedAt", "finishedAt", "hasError", "errorMessage", "statement", "projectId", "queryTypeId")
    VALUES ('973', '1', '2023-05-29 21:02:59.570374', '2023-05-29 21:03:00.570374', 'False', 'None', 'SELECT total_amount FROM Orders', '1', '1');
INSERT INTO "QueryColumnAccess" ("queryId", "columnId")
    VALUES ('973', '4');
INSERT INTO "QueryTableAccess" ("queryId", "tableId")
    VALUES ('973', '2');
SELECT 'product_name' FROM Products;
INSERT INTO "SqlQuery" ("queryId", "userId", "issuedAt", "finishedAt", "hasError", "errorMessage", "statement", "projectId", "queryTypeId")
    VALUES ('974', '1', '2023-05-19 21:02:59.570380', '2023-05-19 21:03:01.570380', 'False', 'None', 'SELECT product_name FROM Products', '1', '1');
INSERT INTO "QueryColumnAccess" ("queryId", "columnId")
    VALUES ('974', '2');
INSERT INTO "QueryTableAccess" ("queryId", "tableId")
    VALUES ('974', '3');
SELECT 'order_item_id' FROM OrderItems;
INSERT INTO "SqlQuery" ("queryId", "userId", "issuedAt", "finishedAt", "hasError", "errorMessage", "statement", "projectId", "queryTypeId")
    VALUES ('975', '7', '2023-05-23 21:02:59.570388', '2023-05-23 21:03:02.570388', 'False', 'None', 'SELECT order_item_id FROM OrderItems', '1', '1');
INSERT INTO "QueryColumnAccess" ("queryId", "columnId")
    VALUES ('975', '1');
INSERT INTO "QueryTableAccess" ("queryId", "tableId")
    VALUES ('975', '5');
SELECT 'first_name' FROM Customers;
INSERT INTO "SqlQuery" ("queryId", "userId", "issuedAt", "finishedAt", "hasError", "errorMessage", "statement", "projectId", "queryTypeId")
    VALUES ('976', '12', '2023-05-08 21:02:59.570395', '2023-05-08 21:03:01.570395', 'False', 'None', 'SELECT first_name FROM Customers', '1', '1');
INSERT INTO "QueryColumnAccess" ("queryId", "columnId")
    VALUES ('976', '2');
INSERT INTO "QueryTableAccess" ("queryId", "tableId")
    VALUES ('976', '1');
SELECT 'price' FROM Products;
INSERT INTO "SqlQuery" ("queryId", "userId", "issuedAt", "finishedAt", "hasError", "errorMessage", "statement", "projectId", "queryTypeId")
    VALUES ('977', '8', '2023-04-25 21:02:59.570401', '2023-04-25 21:03:03.570401', 'False', 'None', 'SELECT price FROM Products', '1', '1');
INSERT INTO "QueryColumnAccess" ("queryId", "columnId")
    VALUES ('977', '4');
INSERT INTO "QueryTableAccess" ("queryId", "tableId")
    VALUES ('977', '3');
SELECT 'product_name' FROM Products;
INSERT INTO "SqlQuery" ("queryId", "userId", "issuedAt", "finishedAt", "hasError", "errorMessage", "statement", "projectId", "queryTypeId")
    VALUES ('978', '13', '2023-05-06 21:02:59.570408', '2023-05-06 21:03:00.570408', 'False', 'None', 'SELECT product_name FROM Products', '1', '1');
INSERT INTO "QueryColumnAccess" ("queryId", "columnId")
    VALUES ('978', '2');
INSERT INTO "QueryTableAccess" ("queryId", "tableId")
    VALUES ('978', '3');
SELECT 'category' FROM Products;
INSERT INTO "SqlQuery" ("queryId", "userId", "issuedAt", "finishedAt", "hasError", "errorMessage", "statement", "projectId", "queryTypeId")
    VALUES ('979', '4', '2023-05-17 21:02:59.570416', '2023-05-17 21:03:00.570416', 'False', 'None', 'SELECT category FROM Products', '1', '1');
INSERT INTO "QueryColumnAccess" ("queryId", "columnId")
    VALUES ('979', '3');
INSERT INTO "QueryTableAccess" ("queryId", "tableId")
    VALUES ('979', '3');
SELECT 'email' FROM Customers;
INSERT INTO "SqlQuery" ("queryId", "userId", "issuedAt", "finishedAt", "hasError", "errorMessage", "statement", "projectId", "queryTypeId")
    VALUES ('980', '14', '2023-06-03 21:02:59.570423', '2023-06-03 21:03:01.570423', 'False', 'None', 'SELECT email FROM Customers', '1', '1');
INSERT INTO "QueryColumnAccess" ("queryId", "columnId")
    VALUES ('980', '4');
INSERT INTO "QueryTableAccess" ("queryId", "tableId")
    VALUES ('980', '1');
SELECT 'email' FROM Customers;
INSERT INTO "SqlQuery" ("queryId", "userId", "issuedAt", "finishedAt", "hasError", "errorMessage", "statement", "projectId", "queryTypeId")
    VALUES ('981', '9', '2023-06-14 21:02:59.570431', '2023-06-14 21:03:00.570431', 'False', 'None', 'SELECT email FROM Customers', '1', '1');
INSERT INTO "QueryColumnAccess" ("queryId", "columnId")
    VALUES ('981', '4');
INSERT INTO "QueryTableAccess" ("queryId", "tableId")
    VALUES ('981', '1');
SELECT 'phone_number' FROM Customers;
INSERT INTO "SqlQuery" ("queryId", "userId", "issuedAt", "finishedAt", "hasError", "errorMessage", "statement", "projectId", "queryTypeId")
    VALUES ('982', '6', '2023-04-15 21:02:59.570438', '2023-04-15 21:03:03.570438', 'False', 'None', 'SELECT phone_number FROM Customers', '1', '1');
INSERT INTO "QueryColumnAccess" ("queryId", "columnId")
    VALUES ('982', '5');
INSERT INTO "QueryTableAccess" ("queryId", "tableId")
    VALUES ('982', '1');
SELECT 'product_id' FROM Products;
INSERT INTO "SqlQuery" ("queryId", "userId", "issuedAt", "finishedAt", "hasError", "errorMessage", "statement", "projectId", "queryTypeId")
    VALUES ('983', '9', '2023-04-20 21:02:59.570444', '2023-04-20 21:03:00.570444', 'False', 'None', 'SELECT product_id FROM Products', '1', '1');
INSERT INTO "QueryColumnAccess" ("queryId", "columnId")
    VALUES ('983', '1');
INSERT INTO "QueryTableAccess" ("queryId", "tableId")
    VALUES ('983', '3');
SELECT 'payment_method' FROM Orders;
INSERT INTO "SqlQuery" ("queryId", "userId", "issuedAt", "finishedAt", "hasError", "errorMessage", "statement", "projectId", "queryTypeId")
    VALUES ('984', '15', '2023-04-12 21:02:59.570451', '2023-04-12 21:03:02.570451', 'False', 'None', 'SELECT payment_method FROM Orders', '1', '1');
INSERT INTO "QueryColumnAccess" ("queryId", "columnId")
    VALUES ('984', '5');
INSERT INTO "QueryTableAccess" ("queryId", "tableId")
    VALUES ('984', '2');
SELECT 'last_name' FROM Customers;
INSERT INTO "SqlQuery" ("queryId", "userId", "issuedAt", "finishedAt", "hasError", "errorMessage", "statement", "projectId", "queryTypeId")
    VALUES ('985', '1', '2023-06-29 21:02:59.570458', '2023-06-29 21:03:03.570458', 'False', 'None', 'SELECT last_name FROM Customers', '1', '1');
INSERT INTO "QueryColumnAccess" ("queryId", "columnId")
    VALUES ('985', '3');
INSERT INTO "QueryTableAccess" ("queryId", "tableId")
    VALUES ('985', '1');
SELECT 'shipping_address' FROM Orders;
INSERT INTO "SqlQuery" ("queryId", "userId", "issuedAt", "finishedAt", "hasError", "errorMessage", "statement", "projectId", "queryTypeId")
    VALUES ('986', '13', '2023-05-12 21:02:59.570465', '2023-05-12 21:03:02.570465', 'False', 'None', 'SELECT shipping_address FROM Orders', '1', '1');
INSERT INTO "QueryColumnAccess" ("queryId", "columnId")
    VALUES ('986', '6');
INSERT INTO "QueryTableAccess" ("queryId", "tableId")
    VALUES ('986', '2');
SELECT 'customer_id' FROM Customers;
INSERT INTO "SqlQuery" ("queryId", "userId", "issuedAt", "finishedAt", "hasError", "errorMessage", "statement", "projectId", "queryTypeId")
    VALUES ('987', '5', '2023-07-04 21:02:59.570472', '2023-07-04 21:03:01.570472', 'False', 'None', 'SELECT customer_id FROM Customers', '1', '1');
INSERT INTO "QueryColumnAccess" ("queryId", "columnId")
    VALUES ('987', '1');
INSERT INTO "QueryTableAccess" ("queryId", "tableId")
    VALUES ('987', '1');
SELECT 'quantity' FROM Products;
INSERT INTO "SqlQuery" ("queryId", "userId", "issuedAt", "finishedAt", "hasError", "errorMessage", "statement", "projectId", "queryTypeId")
    VALUES ('988', '15', '2023-05-15 21:02:59.570485', '2023-05-15 21:03:03.570485', 'False', 'None', 'SELECT quantity FROM Products', '1', '1');
INSERT INTO "QueryColumnAccess" ("queryId", "columnId")
    VALUES ('988', '6');
INSERT INTO "QueryTableAccess" ("queryId", "tableId")
    VALUES ('988', '3');
SELECT 'product_id' FROM Products;
INSERT INTO "SqlQuery" ("queryId", "userId", "issuedAt", "finishedAt", "hasError", "errorMessage", "statement", "projectId", "queryTypeId")
    VALUES ('989', '10', '2023-07-10 21:02:59.570493', '2023-07-10 21:03:02.570493', 'False', 'None', 'SELECT product_id FROM Products', '1', '1');
INSERT INTO "QueryColumnAccess" ("queryId", "columnId")
    VALUES ('989', '1');
INSERT INTO "QueryTableAccess" ("queryId", "tableId")
    VALUES ('989', '3');
SELECT 'order_item_id' FROM OrderItems;
INSERT INTO "SqlQuery" ("queryId", "userId", "issuedAt", "finishedAt", "hasError", "errorMessage", "statement", "projectId", "queryTypeId")
    VALUES ('990', '12', '2023-05-04 21:02:59.570500', '2023-05-04 21:03:02.570500', 'False', 'None', 'SELECT order_item_id FROM OrderItems', '1', '1');
INSERT INTO "QueryColumnAccess" ("queryId", "columnId")
    VALUES ('990', '1');
INSERT INTO "QueryTableAccess" ("queryId", "tableId")
    VALUES ('990', '5');
SELECT 'Categories.category_name', 'OrderItems.order_item_id' FROM Categories NATURAL JOIN OrderItems ON 'Categories.category_name' = 'OrderItems.order_item_id';
INSERT INTO "SqlQuery" ("queryId", "userId", "issuedAt", "finishedAt", "hasError", "errorMessage", "statement", "projectId", "queryTypeId")
    VALUES ('991', '1', '2023-06-16 21:52:06.038656', '2023-06-16 21:52:07.038656', 'False', 'None', 'SELECT Categories.category_name, OrderItems.order_item_id FROM Categories NATURAL JOIN OrderItems ON Categories.category_name = OrderItems.order_item_id;', '1', '1');
INSERT INTO "QueryColumnAccess" ("queryId", "columnId")
    VALUES ('991', '2');
INSERT INTO "QueryColumnAccess" ("queryId", "columnId")
    VALUES ('991', '1');
INSERT INTO "QueryTableAccess" ("queryId", "tableId")
    VALUES ('991', '4');
INSERT INTO "QueryTableAccess" ("queryId", "tableId")
    VALUES ('991', '5');
SELECT 'OrderItems.quantity', 'Orders.shipping_address' FROM OrderItems NATURAL JOIN Orders ON 'OrderItems.quantity' = 'Orders.shipping_address';
INSERT INTO "SqlQuery" ("queryId", "userId", "issuedAt", "finishedAt", "hasError", "errorMessage", "statement", "projectId", "queryTypeId")
    VALUES ('992', '10', '2023-06-10 21:52:06.038683', '2023-06-10 21:52:09.038683', 'False', 'None', 'SELECT OrderItems.quantity, Orders.shipping_address FROM OrderItems NATURAL JOIN Orders ON OrderItems.quantity = Orders.shipping_address;', '1', '1');
INSERT INTO "QueryColumnAccess" ("queryId", "columnId")
    VALUES ('992', '4');
INSERT INTO "QueryColumnAccess" ("queryId", "columnId")
    VALUES ('992', '6');
INSERT INTO "QueryTableAccess" ("queryId", "tableId")
    VALUES ('992', '5');
INSERT INTO "QueryTableAccess" ("queryId", "tableId")
    VALUES ('992', '2');
SELECT 'Customers.email', 'OrderItems.quantity' FROM Customers LEFT OUTER JOIN OrderItems ON 'Customers.email' = 'OrderItems.quantity';
INSERT INTO "SqlQuery" ("queryId", "userId", "issuedAt", "finishedAt", "hasError", "errorMessage", "statement", "projectId", "queryTypeId")
    VALUES ('993', '9', '2023-05-09 21:52:06.038696', '2023-05-09 21:52:07.038696', 'False', 'None', 'SELECT Customers.email, OrderItems.quantity FROM Customers LEFT OUTER JOIN OrderItems ON Customers.email = OrderItems.quantity;', '1', '1');
INSERT INTO "QueryColumnAccess" ("queryId", "columnId")
    VALUES ('993', '4');
INSERT INTO "QueryColumnAccess" ("queryId", "columnId")
    VALUES ('993', '4');
INSERT INTO "QueryTableAccess" ("queryId", "tableId")
    VALUES ('993', '1');
INSERT INTO "QueryTableAccess" ("queryId", "tableId")
    VALUES ('993', '5');
SELECT 'Products.category', 'Orders.order_date' FROM Products RIGHT OUTER JOIN Orders ON 'Products.category' = 'Orders.order_date';
INSERT INTO "SqlQuery" ("queryId", "userId", "issuedAt", "finishedAt", "hasError", "errorMessage", "statement", "projectId", "queryTypeId")
    VALUES ('994', '13', '2023-06-18 21:52:06.038705', '2023-06-18 21:52:10.038705', 'False', 'None', 'SELECT Products.category, Orders.order_date FROM Products RIGHT OUTER JOIN Orders ON Products.category = Orders.order_date;', '1', '1');
INSERT INTO "QueryColumnAccess" ("queryId", "columnId")
    VALUES ('994', '3');
INSERT INTO "QueryColumnAccess" ("queryId", "columnId")
    VALUES ('994', '3');
INSERT INTO "QueryTableAccess" ("queryId", "tableId")
    VALUES ('994', '3');
INSERT INTO "QueryTableAccess" ("queryId", "tableId")
    VALUES ('994', '2');
SELECT 'Products.quantity', 'OrderItems.order_id' FROM Products RIGHT OUTER JOIN OrderItems ON 'Products.quantity' = 'OrderItems.order_id';
INSERT INTO "SqlQuery" ("queryId", "userId", "issuedAt", "finishedAt", "hasError", "errorMessage", "statement", "projectId", "queryTypeId")
    VALUES ('995', '7', '2023-05-10 21:52:06.038715', '2023-05-10 21:52:09.038715', 'False', 'None', 'SELECT Products.quantity, OrderItems.order_id FROM Products RIGHT OUTER JOIN OrderItems ON Products.quantity = OrderItems.order_id;', '1', '1');
INSERT INTO "QueryColumnAccess" ("queryId", "columnId")
    VALUES ('995', '6');
INSERT INTO "QueryColumnAccess" ("queryId", "columnId")
    VALUES ('995', '2');
INSERT INTO "QueryTableAccess" ("queryId", "tableId")
    VALUES ('995', '3');
INSERT INTO "QueryTableAccess" ("queryId", "tableId")
    VALUES ('995', '5');
SELECT 'Orders.customer_id', 'Products.product_name' FROM Orders NATURAL JOIN Products ON 'Orders.customer_id' = 'Products.product_name';
INSERT INTO "SqlQuery" ("queryId", "userId", "issuedAt", "finishedAt", "hasError", "errorMessage", "statement", "projectId", "queryTypeId")
    VALUES ('996', '10', '2023-05-21 21:52:06.038725', '2023-05-21 21:52:09.038725', 'False', 'None', 'SELECT Orders.customer_id, Products.product_name FROM Orders NATURAL JOIN Products ON Orders.customer_id = Products.product_name;', '1', '1');
INSERT INTO "QueryColumnAccess" ("queryId", "columnId")
    VALUES ('996', '2');
INSERT INTO "QueryColumnAccess" ("queryId", "columnId")
    VALUES ('996', '2');
INSERT INTO "QueryTableAccess" ("queryId", "tableId")
    VALUES ('996', '2');
INSERT INTO "QueryTableAccess" ("queryId", "tableId")
    VALUES ('996', '3');
SELECT 'Orders.order_date', 'OrderItems.quantity' FROM Orders NATURAL JOIN OrderItems ON 'Orders.order_date' = 'OrderItems.quantity';
INSERT INTO "SqlQuery" ("queryId", "userId", "issuedAt", "finishedAt", "hasError", "errorMessage", "statement", "projectId", "queryTypeId")
    VALUES ('997', '6', '2023-05-26 21:52:06.038735', '2023-05-26 21:52:07.038735', 'False', 'None', 'SELECT Orders.order_date, OrderItems.quantity FROM Orders NATURAL JOIN OrderItems ON Orders.order_date = OrderItems.quantity;', '1', '1');
INSERT INTO "QueryColumnAccess" ("queryId", "columnId")
    VALUES ('997', '3');
INSERT INTO "QueryColumnAccess" ("queryId", "columnId")
    VALUES ('997', '4');
INSERT INTO "QueryTableAccess" ("queryId", "tableId")
    VALUES ('997', '2');
INSERT INTO "QueryTableAccess" ("queryId", "tableId")
    VALUES ('997', '5');
SELECT 'Customers.customer_id', 'Products.product_name' FROM Customers RIGHT OUTER JOIN Products ON 'Customers.customer_id' = 'Products.product_name';
INSERT INTO "SqlQuery" ("queryId", "userId", "issuedAt", "finishedAt", "hasError", "errorMessage", "statement", "projectId", "queryTypeId")
    VALUES ('998', '11', '2023-05-24 21:52:06.038745', '2023-05-24 21:52:07.038745', 'False', 'None', 'SELECT Customers.customer_id, Products.product_name FROM Customers RIGHT OUTER JOIN Products ON Customers.customer_id = Products.product_name;', '1', '1');
INSERT INTO "QueryColumnAccess" ("queryId", "columnId")
    VALUES ('998', '1');
INSERT INTO "QueryColumnAccess" ("queryId", "columnId")
    VALUES ('998', '2');
INSERT INTO "QueryTableAccess" ("queryId", "tableId")
    VALUES ('998', '1');
INSERT INTO "QueryTableAccess" ("queryId", "tableId")
    VALUES ('998', '3');
SELECT 'Customers.address', 'OrderItems.quantity' FROM Customers RIGHT OUTER JOIN OrderItems ON 'Customers.address' = 'OrderItems.quantity';
INSERT INTO "SqlQuery" ("queryId", "userId", "issuedAt", "finishedAt", "hasError", "errorMessage", "statement", "projectId", "queryTypeId")
    VALUES ('999', '1', '2023-05-05 21:52:06.038755', '2023-05-05 21:52:07.038755', 'False', 'None', 'SELECT Customers.address, OrderItems.quantity FROM Customers RIGHT OUTER JOIN OrderItems ON Customers.address = OrderItems.quantity;', '1', '1');
INSERT INTO "QueryColumnAccess" ("queryId", "columnId")
    VALUES ('999', '6');
INSERT INTO "QueryColumnAccess" ("queryId", "columnId")
    VALUES ('999', '4');
INSERT INTO "QueryTableAccess" ("queryId", "tableId")
    VALUES ('999', '1');
INSERT INTO "QueryTableAccess" ("queryId", "tableId")
    VALUES ('999', '5');
SELECT 'Products.price', 'Categories.category_id' FROM Products LEFT OUTER JOIN Categories ON 'Products.price' = 'Categories.category_id';
INSERT INTO "SqlQuery" ("queryId", "userId", "issuedAt", "finishedAt", "hasError", "errorMessage", "statement", "projectId", "queryTypeId")
    VALUES ('1000', '2', '2023-07-10 21:52:06.038765', '2023-07-10 21:52:08.038765', 'False', 'None', 'SELECT Products.price, Categories.category_id FROM Products LEFT OUTER JOIN Categories ON Products.price = Categories.category_id;', '1', '1');
INSERT INTO "QueryColumnAccess" ("queryId", "columnId")
    VALUES ('1000', '4');
INSERT INTO "QueryColumnAccess" ("queryId", "columnId")
    VALUES ('1000', '1');
INSERT INTO "QueryTableAccess" ("queryId", "tableId")
    VALUES ('1000', '3');
INSERT INTO "QueryTableAccess" ("queryId", "tableId")
    VALUES ('1000', '4');
SELECT 'Orders.total_amount', 'Products.description' FROM Orders RIGHT OUTER JOIN Products ON 'Orders.total_amount' = 'Products.description';
INSERT INTO "SqlQuery" ("queryId", "userId", "issuedAt", "finishedAt", "hasError", "errorMessage", "statement", "projectId", "queryTypeId")
    VALUES ('1001', '9', '2023-07-07 21:52:06.038799', '2023-07-07 21:52:09.038799', 'False', 'None', 'SELECT Orders.total_amount, Products.description FROM Orders RIGHT OUTER JOIN Products ON Orders.total_amount = Products.description;', '1', '1');
INSERT INTO "QueryColumnAccess" ("queryId", "columnId")
    VALUES ('1001', '4');
INSERT INTO "QueryColumnAccess" ("queryId", "columnId")
    VALUES ('1001', '5');
INSERT INTO "QueryTableAccess" ("queryId", "tableId")
    VALUES ('1001', '2');
INSERT INTO "QueryTableAccess" ("queryId", "tableId")
    VALUES ('1001', '3');
SELECT 'Orders.order_date', 'Customers.address' FROM Orders NATURAL JOIN Customers ON 'Orders.order_date' = 'Customers.address';
INSERT INTO "SqlQuery" ("queryId", "userId", "issuedAt", "finishedAt", "hasError", "errorMessage", "statement", "projectId", "queryTypeId")
    VALUES ('1002', '2', '2023-05-05 21:52:06.038811', '2023-05-05 21:52:10.038811', 'False', 'None', 'SELECT Orders.order_date, Customers.address FROM Orders NATURAL JOIN Customers ON Orders.order_date = Customers.address;', '1', '1');
INSERT INTO "QueryColumnAccess" ("queryId", "columnId")
    VALUES ('1002', '3');
INSERT INTO "QueryColumnAccess" ("queryId", "columnId")
    VALUES ('1002', '6');
INSERT INTO "QueryTableAccess" ("queryId", "tableId")
    VALUES ('1002', '2');
INSERT INTO "QueryTableAccess" ("queryId", "tableId")
    VALUES ('1002', '1');
SELECT 'Orders.total_amount', 'Customers.last_name' FROM Orders NATURAL JOIN Customers ON 'Orders.total_amount' = 'Customers.last_name';
INSERT INTO "SqlQuery" ("queryId", "userId", "issuedAt", "finishedAt", "hasError", "errorMessage", "statement", "projectId", "queryTypeId")
    VALUES ('1003', '9', '2023-05-11 21:52:06.038821', '2023-05-11 21:52:09.038821', 'False', 'None', 'SELECT Orders.total_amount, Customers.last_name FROM Orders NATURAL JOIN Customers ON Orders.total_amount = Customers.last_name;', '1', '1');
INSERT INTO "QueryColumnAccess" ("queryId", "columnId")
    VALUES ('1003', '4');
INSERT INTO "QueryColumnAccess" ("queryId", "columnId")
    VALUES ('1003', '3');
INSERT INTO "QueryTableAccess" ("queryId", "tableId")
    VALUES ('1003', '2');
INSERT INTO "QueryTableAccess" ("queryId", "tableId")
    VALUES ('1003', '1');
SELECT 'Customers.phone_number', 'Categories.category_id' FROM Customers NATURAL JOIN Categories ON 'Customers.phone_number' = 'Categories.category_id';
INSERT INTO "SqlQuery" ("queryId", "userId", "issuedAt", "finishedAt", "hasError", "errorMessage", "statement", "projectId", "queryTypeId")
    VALUES ('1004', '10', '2023-06-23 21:52:06.038830', '2023-06-23 21:52:08.038830', 'False', 'None', 'SELECT Customers.phone_number, Categories.category_id FROM Customers NATURAL JOIN Categories ON Customers.phone_number = Categories.category_id;', '1', '1');
INSERT INTO "QueryColumnAccess" ("queryId", "columnId")
    VALUES ('1004', '5');
INSERT INTO "QueryColumnAccess" ("queryId", "columnId")
    VALUES ('1004', '1');
INSERT INTO "QueryTableAccess" ("queryId", "tableId")
    VALUES ('1004', '1');
INSERT INTO "QueryTableAccess" ("queryId", "tableId")
    VALUES ('1004', '4');
SELECT 'OrderItems.order_id', 'Products.product_id' FROM OrderItems LEFT OUTER JOIN Products ON 'OrderItems.order_id' = 'Products.product_id';
INSERT INTO "SqlQuery" ("queryId", "userId", "issuedAt", "finishedAt", "hasError", "errorMessage", "statement", "projectId", "queryTypeId")
    VALUES ('1005', '10', '2023-05-18 21:52:06.038841', '2023-05-18 21:52:09.038841', 'False', 'None', 'SELECT OrderItems.order_id, Products.product_id FROM OrderItems LEFT OUTER JOIN Products ON OrderItems.order_id = Products.product_id;', '1', '1');
INSERT INTO "QueryColumnAccess" ("queryId", "columnId")
    VALUES ('1005', '2');
INSERT INTO "QueryColumnAccess" ("queryId", "columnId")
    VALUES ('1005', '1');
INSERT INTO "QueryTableAccess" ("queryId", "tableId")
    VALUES ('1005', '5');
INSERT INTO "QueryTableAccess" ("queryId", "tableId")
    VALUES ('1005', '3');
SELECT 'Orders.customer_id', 'Products.category' FROM Orders NATURAL JOIN Products ON 'Orders.customer_id' = 'Products.category';
INSERT INTO "SqlQuery" ("queryId", "userId", "issuedAt", "finishedAt", "hasError", "errorMessage", "statement", "projectId", "queryTypeId")
    VALUES ('1006', '8', '2023-06-17 21:52:06.038851', '2023-06-17 21:52:09.038851', 'False', 'None', 'SELECT Orders.customer_id, Products.category FROM Orders NATURAL JOIN Products ON Orders.customer_id = Products.category;', '1', '1');
INSERT INTO "QueryColumnAccess" ("queryId", "columnId")
    VALUES ('1006', '2');
INSERT INTO "QueryColumnAccess" ("queryId", "columnId")
    VALUES ('1006', '3');
INSERT INTO "QueryTableAccess" ("queryId", "tableId")
    VALUES ('1006', '2');
INSERT INTO "QueryTableAccess" ("queryId", "tableId")
    VALUES ('1006', '3');
SELECT 'OrderItems.unit_price', 'Categories.description' FROM OrderItems RIGHT OUTER JOIN Categories ON 'OrderItems.unit_price' = 'Categories.description';
INSERT INTO "SqlQuery" ("queryId", "userId", "issuedAt", "finishedAt", "hasError", "errorMessage", "statement", "projectId", "queryTypeId")
    VALUES ('1007', '6', '2023-05-16 21:52:06.038861', '2023-05-16 21:52:08.038861', 'False', 'None', 'SELECT OrderItems.unit_price, Categories.description FROM OrderItems RIGHT OUTER JOIN Categories ON OrderItems.unit_price = Categories.description;', '1', '1');
INSERT INTO "QueryColumnAccess" ("queryId", "columnId")
    VALUES ('1007', '5');
INSERT INTO "QueryColumnAccess" ("queryId", "columnId")
    VALUES ('1007', '3');
INSERT INTO "QueryTableAccess" ("queryId", "tableId")
    VALUES ('1007', '5');
INSERT INTO "QueryTableAccess" ("queryId", "tableId")
    VALUES ('1007', '4');
SELECT 'Orders.order_date', 'Customers.first_name' FROM Orders LEFT OUTER JOIN Customers ON 'Orders.order_date' = 'Customers.first_name';
INSERT INTO "SqlQuery" ("queryId", "userId", "issuedAt", "finishedAt", "hasError", "errorMessage", "statement", "projectId", "queryTypeId")
    VALUES ('1008', '14', '2023-06-01 21:52:06.038871', '2023-06-01 21:52:08.038871', 'False', 'None', 'SELECT Orders.order_date, Customers.first_name FROM Orders LEFT OUTER JOIN Customers ON Orders.order_date = Customers.first_name;', '1', '1');
INSERT INTO "QueryColumnAccess" ("queryId", "columnId")
    VALUES ('1008', '3');
INSERT INTO "QueryColumnAccess" ("queryId", "columnId")
    VALUES ('1008', '2');
INSERT INTO "QueryTableAccess" ("queryId", "tableId")
    VALUES ('1008', '2');
INSERT INTO "QueryTableAccess" ("queryId", "tableId")
    VALUES ('1008', '1');
SELECT 'Orders.total_amount', 'Categories.parent_category_id' FROM Orders LEFT OUTER JOIN Categories ON 'Orders.total_amount' = 'Categories.parent_category_id';
INSERT INTO "SqlQuery" ("queryId", "userId", "issuedAt", "finishedAt", "hasError", "errorMessage", "statement", "projectId", "queryTypeId")
    VALUES ('1009', '13', '2023-04-18 21:52:06.038881', '2023-04-18 21:52:07.038881', 'False', 'None', 'SELECT Orders.total_amount, Categories.parent_category_id FROM Orders LEFT OUTER JOIN Categories ON Orders.total_amount = Categories.parent_category_id;', '1', '1');
INSERT INTO "QueryColumnAccess" ("queryId", "columnId")
    VALUES ('1009', '4');
INSERT INTO "QueryColumnAccess" ("queryId", "columnId")
    VALUES ('1009', '4');
INSERT INTO "QueryTableAccess" ("queryId", "tableId")
    VALUES ('1009', '2');
INSERT INTO "QueryTableAccess" ("queryId", "tableId")
    VALUES ('1009', '4');
SELECT 'Customers.email', 'OrderItems.product_id' FROM Customers LEFT OUTER JOIN OrderItems ON 'Customers.email' = 'OrderItems.product_id';
INSERT INTO "SqlQuery" ("queryId", "userId", "issuedAt", "finishedAt", "hasError", "errorMessage", "statement", "projectId", "queryTypeId")
    VALUES ('1010', '10', '2023-05-20 21:52:06.038905', '2023-05-20 21:52:09.038905', 'False', 'None', 'SELECT Customers.email, OrderItems.product_id FROM Customers LEFT OUTER JOIN OrderItems ON Customers.email = OrderItems.product_id;', '1', '1');
INSERT INTO "QueryColumnAccess" ("queryId", "columnId")
    VALUES ('1010', '4');
INSERT INTO "QueryColumnAccess" ("queryId", "columnId")
    VALUES ('1010', '3');
INSERT INTO "QueryTableAccess" ("queryId", "tableId")
    VALUES ('1010', '1');
INSERT INTO "QueryTableAccess" ("queryId", "tableId")
    VALUES ('1010', '5');
SELECT 'Categories.category_name', 'OrderItems.product_id' FROM Categories RIGHT OUTER JOIN OrderItems ON 'Categories.category_name' = 'OrderItems.product_id';
INSERT INTO "SqlQuery" ("queryId", "userId", "issuedAt", "finishedAt", "hasError", "errorMessage", "statement", "projectId", "queryTypeId")
    VALUES ('1011', '12', '2023-05-30 21:52:06.038915', '2023-05-30 21:52:09.038915', 'False', 'None', 'SELECT Categories.category_name, OrderItems.product_id FROM Categories RIGHT OUTER JOIN OrderItems ON Categories.category_name = OrderItems.product_id;', '1', '1');
INSERT INTO "QueryColumnAccess" ("queryId", "columnId")
    VALUES ('1011', '2');
INSERT INTO "QueryColumnAccess" ("queryId", "columnId")
    VALUES ('1011', '3');
INSERT INTO "QueryTableAccess" ("queryId", "tableId")
    VALUES ('1011', '4');
INSERT INTO "QueryTableAccess" ("queryId", "tableId")
    VALUES ('1011', '5');
SELECT 'Products.product_id', 'Categories.category_id' FROM Products LEFT OUTER JOIN Categories ON 'Products.product_id' = 'Categories.category_id';
INSERT INTO "SqlQuery" ("queryId", "userId", "issuedAt", "finishedAt", "hasError", "errorMessage", "statement", "projectId", "queryTypeId")
    VALUES ('1012', '7', '2023-06-20 21:52:06.038924', '2023-06-20 21:52:10.038924', 'False', 'None', 'SELECT Products.product_id, Categories.category_id FROM Products LEFT OUTER JOIN Categories ON Products.product_id = Categories.category_id;', '1', '1');
INSERT INTO "QueryColumnAccess" ("queryId", "columnId")
    VALUES ('1012', '1');
INSERT INTO "QueryColumnAccess" ("queryId", "columnId")
    VALUES ('1012', '1');
INSERT INTO "QueryTableAccess" ("queryId", "tableId")
    VALUES ('1012', '3');
INSERT INTO "QueryTableAccess" ("queryId", "tableId")
    VALUES ('1012', '4');
SELECT 'Orders.shipping_address', 'Categories.description' FROM Orders RIGHT OUTER JOIN Categories ON 'Orders.shipping_address' = 'Categories.description';
INSERT INTO "SqlQuery" ("queryId", "userId", "issuedAt", "finishedAt", "hasError", "errorMessage", "statement", "projectId", "queryTypeId")
    VALUES ('1013', '7', '2023-06-24 21:52:06.038933', '2023-06-24 21:52:07.038933', 'False', 'None', 'SELECT Orders.shipping_address, Categories.description FROM Orders RIGHT OUTER JOIN Categories ON Orders.shipping_address = Categories.description;', '1', '1');
INSERT INTO "QueryColumnAccess" ("queryId", "columnId")
    VALUES ('1013', '6');
INSERT INTO "QueryColumnAccess" ("queryId", "columnId")
    VALUES ('1013', '3');
INSERT INTO "QueryTableAccess" ("queryId", "tableId")
    VALUES ('1013', '2');
INSERT INTO "QueryTableAccess" ("queryId", "tableId")
    VALUES ('1013', '4');
SELECT 'Orders.payment_method', 'OrderItems.unit_price' FROM Orders NATURAL JOIN OrderItems ON 'Orders.payment_method' = 'OrderItems.unit_price';
INSERT INTO "SqlQuery" ("queryId", "userId", "issuedAt", "finishedAt", "hasError", "errorMessage", "statement", "projectId", "queryTypeId")
    VALUES ('1014', '8', '2023-06-01 21:52:06.038942', '2023-06-01 21:52:09.038942', 'False', 'None', 'SELECT Orders.payment_method, OrderItems.unit_price FROM Orders NATURAL JOIN OrderItems ON Orders.payment_method = OrderItems.unit_price;', '1', '1');
INSERT INTO "QueryColumnAccess" ("queryId", "columnId")
    VALUES ('1014', '5');
INSERT INTO "QueryColumnAccess" ("queryId", "columnId")
    VALUES ('1014', '5');
INSERT INTO "QueryTableAccess" ("queryId", "tableId")
    VALUES ('1014', '2');
INSERT INTO "QueryTableAccess" ("queryId", "tableId")
    VALUES ('1014', '5');
SELECT 'Orders.order_date', 'Categories.category_name' FROM Orders NATURAL JOIN Categories ON 'Orders.order_date' = 'Categories.category_name';
INSERT INTO "SqlQuery" ("queryId", "userId", "issuedAt", "finishedAt", "hasError", "errorMessage", "statement", "projectId", "queryTypeId")
    VALUES ('1015', '13', '2023-07-04 21:52:06.038951', '2023-07-04 21:52:10.038951', 'False', 'None', 'SELECT Orders.order_date, Categories.category_name FROM Orders NATURAL JOIN Categories ON Orders.order_date = Categories.category_name;', '1', '1');
INSERT INTO "QueryColumnAccess" ("queryId", "columnId")
    VALUES ('1015', '3');
INSERT INTO "QueryColumnAccess" ("queryId", "columnId")
    VALUES ('1015', '2');
INSERT INTO "QueryTableAccess" ("queryId", "tableId")
    VALUES ('1015', '2');
INSERT INTO "QueryTableAccess" ("queryId", "tableId")
    VALUES ('1015', '4');
SELECT 'Products.product_name', 'Customers.customer_id' FROM Products NATURAL JOIN Customers ON 'Products.product_name' = 'Customers.customer_id';
INSERT INTO "SqlQuery" ("queryId", "userId", "issuedAt", "finishedAt", "hasError", "errorMessage", "statement", "projectId", "queryTypeId")
    VALUES ('1016', '5', '2023-07-06 21:52:06.038960', '2023-07-06 21:52:09.038960', 'False', 'None', 'SELECT Products.product_name, Customers.customer_id FROM Products NATURAL JOIN Customers ON Products.product_name = Customers.customer_id;', '1', '1');
INSERT INTO "QueryColumnAccess" ("queryId", "columnId")
    VALUES ('1016', '2');
INSERT INTO "QueryColumnAccess" ("queryId", "columnId")
    VALUES ('1016', '1');
INSERT INTO "QueryTableAccess" ("queryId", "tableId")
    VALUES ('1016', '3');
INSERT INTO "QueryTableAccess" ("queryId", "tableId")
    VALUES ('1016', '1');
SELECT 'Products.category', 'OrderItems.order_id' FROM Products LEFT OUTER JOIN OrderItems ON 'Products.category' = 'OrderItems.order_id';
INSERT INTO "SqlQuery" ("queryId", "userId", "issuedAt", "finishedAt", "hasError", "errorMessage", "statement", "projectId", "queryTypeId")
    VALUES ('1017', '3', '2023-06-13 21:52:06.038969', '2023-06-13 21:52:10.038969', 'False', 'None', 'SELECT Products.category, OrderItems.order_id FROM Products LEFT OUTER JOIN OrderItems ON Products.category = OrderItems.order_id;', '1', '1');
INSERT INTO "QueryColumnAccess" ("queryId", "columnId")
    VALUES ('1017', '3');
INSERT INTO "QueryColumnAccess" ("queryId", "columnId")
    VALUES ('1017', '2');
INSERT INTO "QueryTableAccess" ("queryId", "tableId")
    VALUES ('1017', '3');
INSERT INTO "QueryTableAccess" ("queryId", "tableId")
    VALUES ('1017', '5');
SELECT 'Customers.first_name', 'Categories.description' FROM Customers LEFT OUTER JOIN Categories ON 'Customers.first_name' = 'Categories.description';
INSERT INTO "SqlQuery" ("queryId", "userId", "issuedAt", "finishedAt", "hasError", "errorMessage", "statement", "projectId", "queryTypeId")
    VALUES ('1018', '11', '2023-06-21 21:52:06.038978', '2023-06-21 21:52:08.038978', 'False', 'None', 'SELECT Customers.first_name, Categories.description FROM Customers LEFT OUTER JOIN Categories ON Customers.first_name = Categories.description;', '1', '1');
INSERT INTO "QueryColumnAccess" ("queryId", "columnId")
    VALUES ('1018', '2');
INSERT INTO "QueryColumnAccess" ("queryId", "columnId")
    VALUES ('1018', '3');
INSERT INTO "QueryTableAccess" ("queryId", "tableId")
    VALUES ('1018', '1');
INSERT INTO "QueryTableAccess" ("queryId", "tableId")
    VALUES ('1018', '4');
SELECT 'Products.category', 'Orders.customer_id' FROM Products LEFT OUTER JOIN Orders ON 'Products.category' = 'Orders.customer_id';
INSERT INTO "SqlQuery" ("queryId", "userId", "issuedAt", "finishedAt", "hasError", "errorMessage", "statement", "projectId", "queryTypeId")
    VALUES ('1019', '3', '2023-05-20 21:52:06.038987', '2023-05-20 21:52:07.038987', 'False', 'None', 'SELECT Products.category, Orders.customer_id FROM Products LEFT OUTER JOIN Orders ON Products.category = Orders.customer_id;', '1', '1');
INSERT INTO "QueryColumnAccess" ("queryId", "columnId")
    VALUES ('1019', '3');
INSERT INTO "QueryColumnAccess" ("queryId", "columnId")
    VALUES ('1019', '2');
INSERT INTO "QueryTableAccess" ("queryId", "tableId")
    VALUES ('1019', '3');
INSERT INTO "QueryTableAccess" ("queryId", "tableId")
    VALUES ('1019', '2');
SELECT 'Products.price', 'Orders.order_id' FROM Products RIGHT OUTER JOIN Orders ON 'Products.price' = 'Orders.order_id';
INSERT INTO "SqlQuery" ("queryId", "userId", "issuedAt", "finishedAt", "hasError", "errorMessage", "statement", "projectId", "queryTypeId")
    VALUES ('1020', '15', '2023-06-12 21:52:06.039006', '2023-06-12 21:52:10.039006', 'False', 'None', 'SELECT Products.price, Orders.order_id FROM Products RIGHT OUTER JOIN Orders ON Products.price = Orders.order_id;', '1', '1');
INSERT INTO "QueryColumnAccess" ("queryId", "columnId")
    VALUES ('1020', '4');
INSERT INTO "QueryColumnAccess" ("queryId", "columnId")
    VALUES ('1020', '1');
INSERT INTO "QueryTableAccess" ("queryId", "tableId")
    VALUES ('1020', '3');
INSERT INTO "QueryTableAccess" ("queryId", "tableId")
    VALUES ('1020', '2');
SELECT 'Products.product_name', 'Orders.payment_method' FROM Products LEFT OUTER JOIN Orders ON 'Products.product_name' = 'Orders.payment_method';
INSERT INTO "SqlQuery" ("queryId", "userId", "issuedAt", "finishedAt", "hasError", "errorMessage", "statement", "projectId", "queryTypeId")
    VALUES ('1021', '3', '2023-06-22 21:52:06.039015', '2023-06-22 21:52:09.039015', 'False', 'None', 'SELECT Products.product_name, Orders.payment_method FROM Products LEFT OUTER JOIN Orders ON Products.product_name = Orders.payment_method;', '1', '1');
INSERT INTO "QueryColumnAccess" ("queryId", "columnId")
    VALUES ('1021', '2');
INSERT INTO "QueryColumnAccess" ("queryId", "columnId")
    VALUES ('1021', '5');
INSERT INTO "QueryTableAccess" ("queryId", "tableId")
    VALUES ('1021', '3');
INSERT INTO "QueryTableAccess" ("queryId", "tableId")
    VALUES ('1021', '2');
SELECT 'Products.product_id', 'Orders.total_amount' FROM Products LEFT OUTER JOIN Orders ON 'Products.product_id' = 'Orders.total_amount';
INSERT INTO "SqlQuery" ("queryId", "userId", "issuedAt", "finishedAt", "hasError", "errorMessage", "statement", "projectId", "queryTypeId")
    VALUES ('1022', '8', '2023-05-28 21:52:06.039024', '2023-05-28 21:52:09.039024', 'False', 'None', 'SELECT Products.product_id, Orders.total_amount FROM Products LEFT OUTER JOIN Orders ON Products.product_id = Orders.total_amount;', '1', '1');
INSERT INTO "QueryColumnAccess" ("queryId", "columnId")
    VALUES ('1022', '1');
INSERT INTO "QueryColumnAccess" ("queryId", "columnId")
    VALUES ('1022', '4');
INSERT INTO "QueryTableAccess" ("queryId", "tableId")
    VALUES ('1022', '3');
INSERT INTO "QueryTableAccess" ("queryId", "tableId")
    VALUES ('1022', '2');
SELECT 'Customers.phone_number', 'Categories.category_name' FROM Customers RIGHT OUTER JOIN Categories ON 'Customers.phone_number' = 'Categories.category_name';
INSERT INTO "SqlQuery" ("queryId", "userId", "issuedAt", "finishedAt", "hasError", "errorMessage", "statement", "projectId", "queryTypeId")
    VALUES ('1023', '11', '2023-04-26 21:52:06.039033', '2023-04-26 21:52:08.039033', 'False', 'None', 'SELECT Customers.phone_number, Categories.category_name FROM Customers RIGHT OUTER JOIN Categories ON Customers.phone_number = Categories.category_name;', '1', '1');
INSERT INTO "QueryColumnAccess" ("queryId", "columnId")
    VALUES ('1023', '5');
INSERT INTO "QueryColumnAccess" ("queryId", "columnId")
    VALUES ('1023', '2');
INSERT INTO "QueryTableAccess" ("queryId", "tableId")
    VALUES ('1023', '1');
INSERT INTO "QueryTableAccess" ("queryId", "tableId")
    VALUES ('1023', '4');
SELECT 'Categories.category_name', 'OrderItems.product_id' FROM Categories RIGHT OUTER JOIN OrderItems ON 'Categories.category_name' = 'OrderItems.product_id';
INSERT INTO "SqlQuery" ("queryId", "userId", "issuedAt", "finishedAt", "hasError", "errorMessage", "statement", "projectId", "queryTypeId")
    VALUES ('1024', '14', '2023-06-26 21:52:06.039042', '2023-06-26 21:52:09.039042', 'False', 'None', 'SELECT Categories.category_name, OrderItems.product_id FROM Categories RIGHT OUTER JOIN OrderItems ON Categories.category_name = OrderItems.product_id;', '1', '1');
INSERT INTO "QueryColumnAccess" ("queryId", "columnId")
    VALUES ('1024', '2');
INSERT INTO "QueryColumnAccess" ("queryId", "columnId")
    VALUES ('1024', '3');
INSERT INTO "QueryTableAccess" ("queryId", "tableId")
    VALUES ('1024', '4');
INSERT INTO "QueryTableAccess" ("queryId", "tableId")
    VALUES ('1024', '5');
SELECT 'Products.description', 'Categories.category_name' FROM Products RIGHT OUTER JOIN Categories ON 'Products.description' = 'Categories.category_name';
INSERT INTO "SqlQuery" ("queryId", "userId", "issuedAt", "finishedAt", "hasError", "errorMessage", "statement", "projectId", "queryTypeId")
    VALUES ('1025', '2', '2023-04-19 21:52:06.039051', '2023-04-19 21:52:07.039051', 'False', 'None', 'SELECT Products.description, Categories.category_name FROM Products RIGHT OUTER JOIN Categories ON Products.description = Categories.category_name;', '1', '1');
INSERT INTO "QueryColumnAccess" ("queryId", "columnId")
    VALUES ('1025', '5');
INSERT INTO "QueryColumnAccess" ("queryId", "columnId")
    VALUES ('1025', '2');
INSERT INTO "QueryTableAccess" ("queryId", "tableId")
    VALUES ('1025', '3');
INSERT INTO "QueryTableAccess" ("queryId", "tableId")
    VALUES ('1025', '4');
SELECT 'Categories.category_name', 'Orders.order_id' FROM Categories LEFT OUTER JOIN Orders ON 'Categories.category_name' = 'Orders.order_id';
INSERT INTO "SqlQuery" ("queryId", "userId", "issuedAt", "finishedAt", "hasError", "errorMessage", "statement", "projectId", "queryTypeId")
    VALUES ('1026', '9', '2023-06-11 21:52:06.039060', '2023-06-11 21:52:09.039060', 'False', 'None', 'SELECT Categories.category_name, Orders.order_id FROM Categories LEFT OUTER JOIN Orders ON Categories.category_name = Orders.order_id;', '1', '1');
INSERT INTO "QueryColumnAccess" ("queryId", "columnId")
    VALUES ('1026', '2');
INSERT INTO "QueryColumnAccess" ("queryId", "columnId")
    VALUES ('1026', '1');
INSERT INTO "QueryTableAccess" ("queryId", "tableId")
    VALUES ('1026', '4');
INSERT INTO "QueryTableAccess" ("queryId", "tableId")
    VALUES ('1026', '2');
SELECT 'Products.price', 'OrderItems.order_item_id' FROM Products RIGHT OUTER JOIN OrderItems ON 'Products.price' = 'OrderItems.order_item_id';
INSERT INTO "SqlQuery" ("queryId", "userId", "issuedAt", "finishedAt", "hasError", "errorMessage", "statement", "projectId", "queryTypeId")
    VALUES ('1027', '14', '2023-06-26 21:52:06.039069', '2023-06-26 21:52:08.039069', 'False', 'None', 'SELECT Products.price, OrderItems.order_item_id FROM Products RIGHT OUTER JOIN OrderItems ON Products.price = OrderItems.order_item_id;', '1', '1');
INSERT INTO "QueryColumnAccess" ("queryId", "columnId")
    VALUES ('1027', '4');
INSERT INTO "QueryColumnAccess" ("queryId", "columnId")
    VALUES ('1027', '1');
INSERT INTO "QueryTableAccess" ("queryId", "tableId")
    VALUES ('1027', '3');
INSERT INTO "QueryTableAccess" ("queryId", "tableId")
    VALUES ('1027', '5');
SELECT 'Customers.first_name', 'Orders.order_id' FROM Customers NATURAL JOIN Orders ON 'Customers.first_name' = 'Orders.order_id';
INSERT INTO "SqlQuery" ("queryId", "userId", "issuedAt", "finishedAt", "hasError", "errorMessage", "statement", "projectId", "queryTypeId")
    VALUES ('1028', '3', '2023-06-06 21:52:06.039078', '2023-06-06 21:52:10.039078', 'False', 'None', 'SELECT Customers.first_name, Orders.order_id FROM Customers NATURAL JOIN Orders ON Customers.first_name = Orders.order_id;', '1', '1');
INSERT INTO "QueryColumnAccess" ("queryId", "columnId")
    VALUES ('1028', '2');
INSERT INTO "QueryColumnAccess" ("queryId", "columnId")
    VALUES ('1028', '1');
INSERT INTO "QueryTableAccess" ("queryId", "tableId")
    VALUES ('1028', '1');
INSERT INTO "QueryTableAccess" ("queryId", "tableId")
    VALUES ('1028', '2');
SELECT 'Products.category', 'OrderItems.quantity' FROM Products LEFT OUTER JOIN OrderItems ON 'Products.category' = 'OrderItems.quantity';
INSERT INTO "SqlQuery" ("queryId", "userId", "issuedAt", "finishedAt", "hasError", "errorMessage", "statement", "projectId", "queryTypeId")
    VALUES ('1029', '9', '2023-05-21 21:52:06.039095', '2023-05-21 21:52:08.039095', 'False', 'None', 'SELECT Products.category, OrderItems.quantity FROM Products LEFT OUTER JOIN OrderItems ON Products.category = OrderItems.quantity;', '1', '1');
INSERT INTO "QueryColumnAccess" ("queryId", "columnId")
    VALUES ('1029', '3');
INSERT INTO "QueryColumnAccess" ("queryId", "columnId")
    VALUES ('1029', '4');
INSERT INTO "QueryTableAccess" ("queryId", "tableId")
    VALUES ('1029', '3');
INSERT INTO "QueryTableAccess" ("queryId", "tableId")
    VALUES ('1029', '5');
SELECT 'OrderItems.order_id', 'Orders.customer_id' FROM OrderItems RIGHT OUTER JOIN Orders ON 'OrderItems.order_id' = 'Orders.customer_id';
INSERT INTO "SqlQuery" ("queryId", "userId", "issuedAt", "finishedAt", "hasError", "errorMessage", "statement", "projectId", "queryTypeId")
    VALUES ('1030', '14', '2023-05-31 21:52:06.039104', '2023-05-31 21:52:10.039104', 'False', 'None', 'SELECT OrderItems.order_id, Orders.customer_id FROM OrderItems RIGHT OUTER JOIN Orders ON OrderItems.order_id = Orders.customer_id;', '1', '1');
INSERT INTO "QueryColumnAccess" ("queryId", "columnId")
    VALUES ('1030', '2');
INSERT INTO "QueryColumnAccess" ("queryId", "columnId")
    VALUES ('1030', '2');
INSERT INTO "QueryTableAccess" ("queryId", "tableId")
    VALUES ('1030', '5');
INSERT INTO "QueryTableAccess" ("queryId", "tableId")
    VALUES ('1030', '2');
SELECT 'Orders.total_amount', 'Customers.customer_id' FROM Orders LEFT OUTER JOIN Customers ON 'Orders.total_amount' = 'Customers.customer_id';
INSERT INTO "SqlQuery" ("queryId", "userId", "issuedAt", "finishedAt", "hasError", "errorMessage", "statement", "projectId", "queryTypeId")
    VALUES ('1031', '13', '2023-06-05 21:52:06.039113', '2023-06-05 21:52:08.039113', 'False', 'None', 'SELECT Orders.total_amount, Customers.customer_id FROM Orders LEFT OUTER JOIN Customers ON Orders.total_amount = Customers.customer_id;', '1', '1');
INSERT INTO "QueryColumnAccess" ("queryId", "columnId")
    VALUES ('1031', '4');
INSERT INTO "QueryColumnAccess" ("queryId", "columnId")
    VALUES ('1031', '1');
INSERT INTO "QueryTableAccess" ("queryId", "tableId")
    VALUES ('1031', '2');
INSERT INTO "QueryTableAccess" ("queryId", "tableId")
    VALUES ('1031', '1');
SELECT 'Products.product_id', 'Customers.first_name' FROM Products NATURAL JOIN Customers ON 'Products.product_id' = 'Customers.first_name';
INSERT INTO "SqlQuery" ("queryId", "userId", "issuedAt", "finishedAt", "hasError", "errorMessage", "statement", "projectId", "queryTypeId")
    VALUES ('1032', '8', '2023-04-15 21:52:06.039122', '2023-04-15 21:52:07.039122', 'False', 'None', 'SELECT Products.product_id, Customers.first_name FROM Products NATURAL JOIN Customers ON Products.product_id = Customers.first_name;', '1', '1');
INSERT INTO "QueryColumnAccess" ("queryId", "columnId")
    VALUES ('1032', '1');
INSERT INTO "QueryColumnAccess" ("queryId", "columnId")
    VALUES ('1032', '2');
INSERT INTO "QueryTableAccess" ("queryId", "tableId")
    VALUES ('1032', '3');
INSERT INTO "QueryTableAccess" ("queryId", "tableId")
    VALUES ('1032', '1');
SELECT 'Products.category', 'Categories.category_name' FROM Products LEFT OUTER JOIN Categories ON 'Products.category' = 'Categories.category_name';
INSERT INTO "SqlQuery" ("queryId", "userId", "issuedAt", "finishedAt", "hasError", "errorMessage", "statement", "projectId", "queryTypeId")
    VALUES ('1033', '4', '2023-05-10 21:52:06.039131', '2023-05-10 21:52:07.039131', 'False', 'None', 'SELECT Products.category, Categories.category_name FROM Products LEFT OUTER JOIN Categories ON Products.category = Categories.category_name;', '1', '1');
INSERT INTO "QueryColumnAccess" ("queryId", "columnId")
    VALUES ('1033', '3');
INSERT INTO "QueryColumnAccess" ("queryId", "columnId")
    VALUES ('1033', '2');
INSERT INTO "QueryTableAccess" ("queryId", "tableId")
    VALUES ('1033', '3');
INSERT INTO "QueryTableAccess" ("queryId", "tableId")
    VALUES ('1033', '4');
SELECT 'OrderItems.unit_price', 'Customers.email' FROM OrderItems LEFT OUTER JOIN Customers ON 'OrderItems.unit_price' = 'Customers.email';
INSERT INTO "SqlQuery" ("queryId", "userId", "issuedAt", "finishedAt", "hasError", "errorMessage", "statement", "projectId", "queryTypeId")
    VALUES ('1034', '14', '2023-04-22 21:52:06.039140', '2023-04-22 21:52:08.039140', 'False', 'None', 'SELECT OrderItems.unit_price, Customers.email FROM OrderItems LEFT OUTER JOIN Customers ON OrderItems.unit_price = Customers.email;', '1', '1');
INSERT INTO "QueryColumnAccess" ("queryId", "columnId")
    VALUES ('1034', '5');
INSERT INTO "QueryColumnAccess" ("queryId", "columnId")
    VALUES ('1034', '4');
INSERT INTO "QueryTableAccess" ("queryId", "tableId")
    VALUES ('1034', '5');
INSERT INTO "QueryTableAccess" ("queryId", "tableId")
    VALUES ('1034', '1');
SELECT 'Products.price', 'Customers.first_name' FROM Products LEFT OUTER JOIN Customers ON 'Products.price' = 'Customers.first_name';
INSERT INTO "SqlQuery" ("queryId", "userId", "issuedAt", "finishedAt", "hasError", "errorMessage", "statement", "projectId", "queryTypeId")
    VALUES ('1035', '8', '2023-06-02 21:52:06.039149', '2023-06-02 21:52:07.039149', 'False', 'None', 'SELECT Products.price, Customers.first_name FROM Products LEFT OUTER JOIN Customers ON Products.price = Customers.first_name;', '1', '1');
INSERT INTO "QueryColumnAccess" ("queryId", "columnId")
    VALUES ('1035', '4');
INSERT INTO "QueryColumnAccess" ("queryId", "columnId")
    VALUES ('1035', '2');
INSERT INTO "QueryTableAccess" ("queryId", "tableId")
    VALUES ('1035', '3');
INSERT INTO "QueryTableAccess" ("queryId", "tableId")
    VALUES ('1035', '1');
SELECT 'Customers.email', 'Products.quantity' FROM Customers NATURAL JOIN Products ON 'Customers.email' = 'Products.quantity';
INSERT INTO "SqlQuery" ("queryId", "userId", "issuedAt", "finishedAt", "hasError", "errorMessage", "statement", "projectId", "queryTypeId")
    VALUES ('1036', '2', '2023-04-27 21:52:06.039158', '2023-04-27 21:52:09.039158', 'False', 'None', 'SELECT Customers.email, Products.quantity FROM Customers NATURAL JOIN Products ON Customers.email = Products.quantity;', '1', '1');
INSERT INTO "QueryColumnAccess" ("queryId", "columnId")
    VALUES ('1036', '4');
INSERT INTO "QueryColumnAccess" ("queryId", "columnId")
    VALUES ('1036', '6');
INSERT INTO "QueryTableAccess" ("queryId", "tableId")
    VALUES ('1036', '1');
INSERT INTO "QueryTableAccess" ("queryId", "tableId")
    VALUES ('1036', '3');
SELECT 'Products.price', 'Orders.order_date' FROM Products NATURAL JOIN Orders ON 'Products.price' = 'Orders.order_date';
INSERT INTO "SqlQuery" ("queryId", "userId", "issuedAt", "finishedAt", "hasError", "errorMessage", "statement", "projectId", "queryTypeId")
    VALUES ('1037', '11', '2023-05-06 21:52:06.039167', '2023-05-06 21:52:09.039167', 'False', 'None', 'SELECT Products.price, Orders.order_date FROM Products NATURAL JOIN Orders ON Products.price = Orders.order_date;', '1', '1');
INSERT INTO "QueryColumnAccess" ("queryId", "columnId")
    VALUES ('1037', '4');
INSERT INTO "QueryColumnAccess" ("queryId", "columnId")
    VALUES ('1037', '3');
INSERT INTO "QueryTableAccess" ("queryId", "tableId")
    VALUES ('1037', '3');
INSERT INTO "QueryTableAccess" ("queryId", "tableId")
    VALUES ('1037', '2');
SELECT 'Products.category', 'Categories.category_id' FROM Products LEFT OUTER JOIN Categories ON 'Products.category' = 'Categories.category_id';
INSERT INTO "SqlQuery" ("queryId", "userId", "issuedAt", "finishedAt", "hasError", "errorMessage", "statement", "projectId", "queryTypeId")
    VALUES ('1038', '13', '2023-06-30 21:52:06.039187', '2023-06-30 21:52:07.039187', 'False', 'None', 'SELECT Products.category, Categories.category_id FROM Products LEFT OUTER JOIN Categories ON Products.category = Categories.category_id;', '1', '1');
INSERT INTO "QueryColumnAccess" ("queryId", "columnId")
    VALUES ('1038', '3');
INSERT INTO "QueryColumnAccess" ("queryId", "columnId")
    VALUES ('1038', '1');
INSERT INTO "QueryTableAccess" ("queryId", "tableId")
    VALUES ('1038', '3');
INSERT INTO "QueryTableAccess" ("queryId", "tableId")
    VALUES ('1038', '4');
SELECT 'Customers.first_name', 'OrderItems.unit_price' FROM Customers RIGHT OUTER JOIN OrderItems ON 'Customers.first_name' = 'OrderItems.unit_price';
INSERT INTO "SqlQuery" ("queryId", "userId", "issuedAt", "finishedAt", "hasError", "errorMessage", "statement", "projectId", "queryTypeId")
    VALUES ('1039', '15', '2023-04-25 21:52:06.039196', '2023-04-25 21:52:08.039196', 'False', 'None', 'SELECT Customers.first_name, OrderItems.unit_price FROM Customers RIGHT OUTER JOIN OrderItems ON Customers.first_name = OrderItems.unit_price;', '1', '1');
INSERT INTO "QueryColumnAccess" ("queryId", "columnId")
    VALUES ('1039', '2');
INSERT INTO "QueryColumnAccess" ("queryId", "columnId")
    VALUES ('1039', '5');
INSERT INTO "QueryTableAccess" ("queryId", "tableId")
    VALUES ('1039', '1');
INSERT INTO "QueryTableAccess" ("queryId", "tableId")
    VALUES ('1039', '5');
SELECT 'Customers.last_name', 'Orders.order_date' FROM Customers NATURAL JOIN Orders ON 'Customers.last_name' = 'Orders.order_date';
INSERT INTO "SqlQuery" ("queryId", "userId", "issuedAt", "finishedAt", "hasError", "errorMessage", "statement", "projectId", "queryTypeId")
    VALUES ('1040', '5', '2023-04-15 21:52:06.039206', '2023-04-15 21:52:09.039206', 'False', 'None', 'SELECT Customers.last_name, Orders.order_date FROM Customers NATURAL JOIN Orders ON Customers.last_name = Orders.order_date;', '1', '1');
INSERT INTO "QueryColumnAccess" ("queryId", "columnId")
    VALUES ('1040', '3');
INSERT INTO "QueryColumnAccess" ("queryId", "columnId")
    VALUES ('1040', '3');
INSERT INTO "QueryTableAccess" ("queryId", "tableId")
    VALUES ('1040', '1');
INSERT INTO "QueryTableAccess" ("queryId", "tableId")
    VALUES ('1040', '2');
SELECT 'Orders.total_amount', 'Categories.description' FROM Orders LEFT OUTER JOIN Categories ON 'Orders.total_amount' = 'Categories.description';
INSERT INTO "SqlQuery" ("queryId", "userId", "issuedAt", "finishedAt", "hasError", "errorMessage", "statement", "projectId", "queryTypeId")
    VALUES ('1041', '6', '2023-05-26 21:52:06.039215', '2023-05-26 21:52:10.039215', 'False', 'None', 'SELECT Orders.total_amount, Categories.description FROM Orders LEFT OUTER JOIN Categories ON Orders.total_amount = Categories.description;', '1', '1');
INSERT INTO "QueryColumnAccess" ("queryId", "columnId")
    VALUES ('1041', '4');
INSERT INTO "QueryColumnAccess" ("queryId", "columnId")
    VALUES ('1041', '3');
INSERT INTO "QueryTableAccess" ("queryId", "tableId")
    VALUES ('1041', '2');
INSERT INTO "QueryTableAccess" ("queryId", "tableId")
    VALUES ('1041', '4');
SELECT 'Categories.category_name', 'Orders.shipping_address' FROM Categories NATURAL JOIN Orders ON 'Categories.category_name' = 'Orders.shipping_address';
INSERT INTO "SqlQuery" ("queryId", "userId", "issuedAt", "finishedAt", "hasError", "errorMessage", "statement", "projectId", "queryTypeId")
    VALUES ('1042', '13', '2023-06-13 21:52:06.039223', '2023-06-13 21:52:07.039223', 'False', 'None', 'SELECT Categories.category_name, Orders.shipping_address FROM Categories NATURAL JOIN Orders ON Categories.category_name = Orders.shipping_address;', '1', '1');
INSERT INTO "QueryColumnAccess" ("queryId", "columnId")
    VALUES ('1042', '2');
INSERT INTO "QueryColumnAccess" ("queryId", "columnId")
    VALUES ('1042', '6');
INSERT INTO "QueryTableAccess" ("queryId", "tableId")
    VALUES ('1042', '4');
INSERT INTO "QueryTableAccess" ("queryId", "tableId")
    VALUES ('1042', '2');
SELECT 'Categories.parent_category_id', 'OrderItems.unit_price' FROM Categories LEFT OUTER JOIN OrderItems ON 'Categories.parent_category_id' = 'OrderItems.unit_price';
INSERT INTO "SqlQuery" ("queryId", "userId", "issuedAt", "finishedAt", "hasError", "errorMessage", "statement", "projectId", "queryTypeId")
    VALUES ('1043', '13', '2023-06-04 21:52:06.039232', '2023-06-04 21:52:09.039232', 'False', 'None', 'SELECT Categories.parent_category_id, OrderItems.unit_price FROM Categories LEFT OUTER JOIN OrderItems ON Categories.parent_category_id = OrderItems.unit_price;', '1', '1');
INSERT INTO "QueryColumnAccess" ("queryId", "columnId")
    VALUES ('1043', '4');
INSERT INTO "QueryColumnAccess" ("queryId", "columnId")
    VALUES ('1043', '5');
INSERT INTO "QueryTableAccess" ("queryId", "tableId")
    VALUES ('1043', '4');
INSERT INTO "QueryTableAccess" ("queryId", "tableId")
    VALUES ('1043', '5');
SELECT 'OrderItems.order_item_id', 'Products.description' FROM OrderItems RIGHT OUTER JOIN Products ON 'OrderItems.order_item_id' = 'Products.description';
INSERT INTO "SqlQuery" ("queryId", "userId", "issuedAt", "finishedAt", "hasError", "errorMessage", "statement", "projectId", "queryTypeId")
    VALUES ('1044', '9', '2023-06-16 21:52:06.039241', '2023-06-16 21:52:07.039241', 'False', 'None', 'SELECT OrderItems.order_item_id, Products.description FROM OrderItems RIGHT OUTER JOIN Products ON OrderItems.order_item_id = Products.description;', '1', '1');
INSERT INTO "QueryColumnAccess" ("queryId", "columnId")
    VALUES ('1044', '1');
INSERT INTO "QueryColumnAccess" ("queryId", "columnId")
    VALUES ('1044', '5');
INSERT INTO "QueryTableAccess" ("queryId", "tableId")
    VALUES ('1044', '5');
INSERT INTO "QueryTableAccess" ("queryId", "tableId")
    VALUES ('1044', '3');
SELECT 'Categories.description', 'Products.description' FROM Categories RIGHT OUTER JOIN Products ON 'Categories.description' = 'Products.description';
INSERT INTO "SqlQuery" ("queryId", "userId", "issuedAt", "finishedAt", "hasError", "errorMessage", "statement", "projectId", "queryTypeId")
    VALUES ('1045', '10', '2023-06-17 21:52:06.039250', '2023-06-17 21:52:10.039250', 'False', 'None', 'SELECT Categories.description, Products.description FROM Categories RIGHT OUTER JOIN Products ON Categories.description = Products.description;', '1', '1');
INSERT INTO "QueryColumnAccess" ("queryId", "columnId")
    VALUES ('1045', '3');
INSERT INTO "QueryColumnAccess" ("queryId", "columnId")
    VALUES ('1045', '5');
INSERT INTO "QueryTableAccess" ("queryId", "tableId")
    VALUES ('1045', '4');
INSERT INTO "QueryTableAccess" ("queryId", "tableId")
    VALUES ('1045', '3');
SELECT 'Orders.shipping_address', 'OrderItems.product_id' FROM Orders NATURAL JOIN OrderItems ON 'Orders.shipping_address' = 'OrderItems.product_id';
INSERT INTO "SqlQuery" ("queryId", "userId", "issuedAt", "finishedAt", "hasError", "errorMessage", "statement", "projectId", "queryTypeId")
    VALUES ('1046', '4', '2023-05-07 21:52:06.039259', '2023-05-07 21:52:08.039259', 'False', 'None', 'SELECT Orders.shipping_address, OrderItems.product_id FROM Orders NATURAL JOIN OrderItems ON Orders.shipping_address = OrderItems.product_id;', '1', '1');
INSERT INTO "QueryColumnAccess" ("queryId", "columnId")
    VALUES ('1046', '6');
INSERT INTO "QueryColumnAccess" ("queryId", "columnId")
    VALUES ('1046', '3');
INSERT INTO "QueryTableAccess" ("queryId", "tableId")
    VALUES ('1046', '2');
INSERT INTO "QueryTableAccess" ("queryId", "tableId")
    VALUES ('1046', '5');
SELECT 'Customers.first_name', 'OrderItems.quantity' FROM Customers LEFT OUTER JOIN OrderItems ON 'Customers.first_name' = 'OrderItems.quantity';
INSERT INTO "SqlQuery" ("queryId", "userId", "issuedAt", "finishedAt", "hasError", "errorMessage", "statement", "projectId", "queryTypeId")
    VALUES ('1047', '14', '2023-06-21 21:52:06.039268', '2023-06-21 21:52:09.039268', 'False', 'None', 'SELECT Customers.first_name, OrderItems.quantity FROM Customers LEFT OUTER JOIN OrderItems ON Customers.first_name = OrderItems.quantity;', '1', '1');
INSERT INTO "QueryColumnAccess" ("queryId", "columnId")
    VALUES ('1047', '2');
INSERT INTO "QueryColumnAccess" ("queryId", "columnId")
    VALUES ('1047', '4');
INSERT INTO "QueryTableAccess" ("queryId", "tableId")
    VALUES ('1047', '1');
INSERT INTO "QueryTableAccess" ("queryId", "tableId")
    VALUES ('1047', '5');
SELECT 'Customers.address', 'Orders.payment_method' FROM Customers RIGHT OUTER JOIN Orders ON 'Customers.address' = 'Orders.payment_method';
INSERT INTO "SqlQuery" ("queryId", "userId", "issuedAt", "finishedAt", "hasError", "errorMessage", "statement", "projectId", "queryTypeId")
    VALUES ('1048', '14', '2023-04-12 21:52:06.039285', '2023-04-12 21:52:08.039285', 'False', 'None', 'SELECT Customers.address, Orders.payment_method FROM Customers RIGHT OUTER JOIN Orders ON Customers.address = Orders.payment_method;', '1', '1');
INSERT INTO "QueryColumnAccess" ("queryId", "columnId")
    VALUES ('1048', '6');
INSERT INTO "QueryColumnAccess" ("queryId", "columnId")
    VALUES ('1048', '5');
INSERT INTO "QueryTableAccess" ("queryId", "tableId")
    VALUES ('1048', '1');
INSERT INTO "QueryTableAccess" ("queryId", "tableId")
    VALUES ('1048', '2');
SELECT 'Orders.order_id', 'Categories.description' FROM Orders LEFT OUTER JOIN Categories ON 'Orders.order_id' = 'Categories.description';
INSERT INTO "SqlQuery" ("queryId", "userId", "issuedAt", "finishedAt", "hasError", "errorMessage", "statement", "projectId", "queryTypeId")
    VALUES ('1049', '14', '2023-04-13 21:52:06.039294', '2023-04-13 21:52:08.039294', 'False', 'None', 'SELECT Orders.order_id, Categories.description FROM Orders LEFT OUTER JOIN Categories ON Orders.order_id = Categories.description;', '1', '1');
INSERT INTO "QueryColumnAccess" ("queryId", "columnId")
    VALUES ('1049', '1');
INSERT INTO "QueryColumnAccess" ("queryId", "columnId")
    VALUES ('1049', '3');
INSERT INTO "QueryTableAccess" ("queryId", "tableId")
    VALUES ('1049', '2');
INSERT INTO "QueryTableAccess" ("queryId", "tableId")
    VALUES ('1049', '4');
SELECT 'Products.product_id', 'Customers.first_name' FROM Products NATURAL JOIN Customers ON 'Products.product_id' = 'Customers.first_name';
INSERT INTO "SqlQuery" ("queryId", "userId", "issuedAt", "finishedAt", "hasError", "errorMessage", "statement", "projectId", "queryTypeId")
    VALUES ('1050', '9', '2023-05-18 21:52:06.039303', '2023-05-18 21:52:09.039303', 'False', 'None', 'SELECT Products.product_id, Customers.first_name FROM Products NATURAL JOIN Customers ON Products.product_id = Customers.first_name;', '1', '1');
INSERT INTO "QueryColumnAccess" ("queryId", "columnId")
    VALUES ('1050', '1');
INSERT INTO "QueryColumnAccess" ("queryId", "columnId")
    VALUES ('1050', '2');
INSERT INTO "QueryTableAccess" ("queryId", "tableId")
    VALUES ('1050', '3');
INSERT INTO "QueryTableAccess" ("queryId", "tableId")
    VALUES ('1050', '1');
SELECT 'Categories.parent_category_id', 'Orders.shipping_address' FROM Categories LEFT OUTER JOIN Orders ON 'Categories.parent_category_id' = 'Orders.shipping_address';
INSERT INTO "SqlQuery" ("queryId", "userId", "issuedAt", "finishedAt", "hasError", "errorMessage", "statement", "projectId", "queryTypeId")
    VALUES ('1051', '10', '2023-04-13 21:52:06.039312', '2023-04-13 21:52:09.039312', 'False', 'None', 'SELECT Categories.parent_category_id, Orders.shipping_address FROM Categories LEFT OUTER JOIN Orders ON Categories.parent_category_id = Orders.shipping_address;', '1', '1');
INSERT INTO "QueryColumnAccess" ("queryId", "columnId")
    VALUES ('1051', '4');
INSERT INTO "QueryColumnAccess" ("queryId", "columnId")
    VALUES ('1051', '6');
INSERT INTO "QueryTableAccess" ("queryId", "tableId")
    VALUES ('1051', '4');
INSERT INTO "QueryTableAccess" ("queryId", "tableId")
    VALUES ('1051', '2');
SELECT 'OrderItems.product_id', 'Customers.address' FROM OrderItems RIGHT OUTER JOIN Customers ON 'OrderItems.product_id' = 'Customers.address';
INSERT INTO "SqlQuery" ("queryId", "userId", "issuedAt", "finishedAt", "hasError", "errorMessage", "statement", "projectId", "queryTypeId")
    VALUES ('1052', '12', '2023-04-19 21:52:06.039321', '2023-04-19 21:52:07.039321', 'False', 'None', 'SELECT OrderItems.product_id, Customers.address FROM OrderItems RIGHT OUTER JOIN Customers ON OrderItems.product_id = Customers.address;', '1', '1');
INSERT INTO "QueryColumnAccess" ("queryId", "columnId")
    VALUES ('1052', '3');
INSERT INTO "QueryColumnAccess" ("queryId", "columnId")
    VALUES ('1052', '6');
INSERT INTO "QueryTableAccess" ("queryId", "tableId")
    VALUES ('1052', '5');
INSERT INTO "QueryTableAccess" ("queryId", "tableId")
    VALUES ('1052', '1');
SELECT 'Customers.phone_number', 'Products.product_name' FROM Customers RIGHT OUTER JOIN Products ON 'Customers.phone_number' = 'Products.product_name';
INSERT INTO "SqlQuery" ("queryId", "userId", "issuedAt", "finishedAt", "hasError", "errorMessage", "statement", "projectId", "queryTypeId")
    VALUES ('1053', '9', '2023-06-30 21:52:06.039330', '2023-06-30 21:52:10.039330', 'False', 'None', 'SELECT Customers.phone_number, Products.product_name FROM Customers RIGHT OUTER JOIN Products ON Customers.phone_number = Products.product_name;', '1', '1');
INSERT INTO "QueryColumnAccess" ("queryId", "columnId")
    VALUES ('1053', '5');
INSERT INTO "QueryColumnAccess" ("queryId", "columnId")
    VALUES ('1053', '2');
INSERT INTO "QueryTableAccess" ("queryId", "tableId")
    VALUES ('1053', '1');
INSERT INTO "QueryTableAccess" ("queryId", "tableId")
    VALUES ('1053', '3');
SELECT 'Products.description', 'OrderItems.quantity' FROM Products RIGHT OUTER JOIN OrderItems ON 'Products.description' = 'OrderItems.quantity';
INSERT INTO "SqlQuery" ("queryId", "userId", "issuedAt", "finishedAt", "hasError", "errorMessage", "statement", "projectId", "queryTypeId")
    VALUES ('1054', '15', '2023-06-29 21:52:06.039339', '2023-06-29 21:52:08.039339', 'False', 'None', 'SELECT Products.description, OrderItems.quantity FROM Products RIGHT OUTER JOIN OrderItems ON Products.description = OrderItems.quantity;', '1', '1');
INSERT INTO "QueryColumnAccess" ("queryId", "columnId")
    VALUES ('1054', '5');
INSERT INTO "QueryColumnAccess" ("queryId", "columnId")
    VALUES ('1054', '4');
INSERT INTO "QueryTableAccess" ("queryId", "tableId")
    VALUES ('1054', '3');
INSERT INTO "QueryTableAccess" ("queryId", "tableId")
    VALUES ('1054', '5');
SELECT 'Categories.parent_category_id', 'OrderItems.order_id' FROM Categories LEFT OUTER JOIN OrderItems ON 'Categories.parent_category_id' = 'OrderItems.order_id';
INSERT INTO "SqlQuery" ("queryId", "userId", "issuedAt", "finishedAt", "hasError", "errorMessage", "statement", "projectId", "queryTypeId")
    VALUES ('1055', '3', '2023-05-13 21:52:06.039348', '2023-05-13 21:52:09.039348', 'False', 'None', 'SELECT Categories.parent_category_id, OrderItems.order_id FROM Categories LEFT OUTER JOIN OrderItems ON Categories.parent_category_id = OrderItems.order_id;', '1', '1');
INSERT INTO "QueryColumnAccess" ("queryId", "columnId")
    VALUES ('1055', '4');
INSERT INTO "QueryColumnAccess" ("queryId", "columnId")
    VALUES ('1055', '2');
INSERT INTO "QueryTableAccess" ("queryId", "tableId")
    VALUES ('1055', '4');
INSERT INTO "QueryTableAccess" ("queryId", "tableId")
    VALUES ('1055', '5');
SELECT 'Categories.category_id', 'OrderItems.quantity' FROM Categories RIGHT OUTER JOIN OrderItems ON 'Categories.category_id' = 'OrderItems.quantity';
INSERT INTO "SqlQuery" ("queryId", "userId", "issuedAt", "finishedAt", "hasError", "errorMessage", "statement", "projectId", "queryTypeId")
    VALUES ('1056', '1', '2023-04-20 21:52:06.039357', '2023-04-20 21:52:08.039357', 'False', 'None', 'SELECT Categories.category_id, OrderItems.quantity FROM Categories RIGHT OUTER JOIN OrderItems ON Categories.category_id = OrderItems.quantity;', '1', '1');
INSERT INTO "QueryColumnAccess" ("queryId", "columnId")
    VALUES ('1056', '1');
INSERT INTO "QueryColumnAccess" ("queryId", "columnId")
    VALUES ('1056', '4');
INSERT INTO "QueryTableAccess" ("queryId", "tableId")
    VALUES ('1056', '4');
INSERT INTO "QueryTableAccess" ("queryId", "tableId")
    VALUES ('1056', '5');
SELECT 'Customers.customer_id', 'Orders.total_amount' FROM Customers NATURAL JOIN Orders ON 'Customers.customer_id' = 'Orders.total_amount';
INSERT INTO "SqlQuery" ("queryId", "userId", "issuedAt", "finishedAt", "hasError", "errorMessage", "statement", "projectId", "queryTypeId")
    VALUES ('1057', '7', '2023-07-06 21:52:06.039375', '2023-07-06 21:52:10.039375', 'False', 'None', 'SELECT Customers.customer_id, Orders.total_amount FROM Customers NATURAL JOIN Orders ON Customers.customer_id = Orders.total_amount;', '1', '1');
INSERT INTO "QueryColumnAccess" ("queryId", "columnId")
    VALUES ('1057', '1');
INSERT INTO "QueryColumnAccess" ("queryId", "columnId")
    VALUES ('1057', '4');
INSERT INTO "QueryTableAccess" ("queryId", "tableId")
    VALUES ('1057', '1');
INSERT INTO "QueryTableAccess" ("queryId", "tableId")
    VALUES ('1057', '2');
SELECT 'Products.quantity', 'OrderItems.order_id' FROM Products LEFT OUTER JOIN OrderItems ON 'Products.quantity' = 'OrderItems.order_id';
INSERT INTO "SqlQuery" ("queryId", "userId", "issuedAt", "finishedAt", "hasError", "errorMessage", "statement", "projectId", "queryTypeId")
    VALUES ('1058', '1', '2023-06-24 21:52:06.039384', '2023-06-24 21:52:09.039384', 'False', 'None', 'SELECT Products.quantity, OrderItems.order_id FROM Products LEFT OUTER JOIN OrderItems ON Products.quantity = OrderItems.order_id;', '1', '1');
INSERT INTO "QueryColumnAccess" ("queryId", "columnId")
    VALUES ('1058', '6');
INSERT INTO "QueryColumnAccess" ("queryId", "columnId")
    VALUES ('1058', '2');
INSERT INTO "QueryTableAccess" ("queryId", "tableId")
    VALUES ('1058', '3');
INSERT INTO "QueryTableAccess" ("queryId", "tableId")
    VALUES ('1058', '5');
SELECT 'Orders.shipping_address', 'Categories.description' FROM Orders RIGHT OUTER JOIN Categories ON 'Orders.shipping_address' = 'Categories.description';
INSERT INTO "SqlQuery" ("queryId", "userId", "issuedAt", "finishedAt", "hasError", "errorMessage", "statement", "projectId", "queryTypeId")
    VALUES ('1059', '8', '2023-04-16 21:52:06.039393', '2023-04-16 21:52:08.039393', 'False', 'None', 'SELECT Orders.shipping_address, Categories.description FROM Orders RIGHT OUTER JOIN Categories ON Orders.shipping_address = Categories.description;', '1', '1');
INSERT INTO "QueryColumnAccess" ("queryId", "columnId")
    VALUES ('1059', '6');
INSERT INTO "QueryColumnAccess" ("queryId", "columnId")
    VALUES ('1059', '3');
INSERT INTO "QueryTableAccess" ("queryId", "tableId")
    VALUES ('1059', '2');
INSERT INTO "QueryTableAccess" ("queryId", "tableId")
    VALUES ('1059', '4');
SELECT 'Products.product_name', 'OrderItems.quantity' FROM Products LEFT OUTER JOIN OrderItems ON 'Products.product_name' = 'OrderItems.quantity';
INSERT INTO "SqlQuery" ("queryId", "userId", "issuedAt", "finishedAt", "hasError", "errorMessage", "statement", "projectId", "queryTypeId")
    VALUES ('1060', '5', '2023-04-15 21:52:06.039401', '2023-04-15 21:52:09.039401', 'False', 'None', 'SELECT Products.product_name, OrderItems.quantity FROM Products LEFT OUTER JOIN OrderItems ON Products.product_name = OrderItems.quantity;', '1', '1');
INSERT INTO "QueryColumnAccess" ("queryId", "columnId")
    VALUES ('1060', '2');
INSERT INTO "QueryColumnAccess" ("queryId", "columnId")
    VALUES ('1060', '4');
INSERT INTO "QueryTableAccess" ("queryId", "tableId")
    VALUES ('1060', '3');
INSERT INTO "QueryTableAccess" ("queryId", "tableId")
    VALUES ('1060', '5');
SELECT 'Categories.category_name', 'Orders.customer_id' FROM Categories LEFT OUTER JOIN Orders ON 'Categories.category_name' = 'Orders.customer_id';
INSERT INTO "SqlQuery" ("queryId", "userId", "issuedAt", "finishedAt", "hasError", "errorMessage", "statement", "projectId", "queryTypeId")
    VALUES ('1061', '10', '2023-06-15 21:52:06.039410', '2023-06-15 21:52:10.039410', 'False', 'None', 'SELECT Categories.category_name, Orders.customer_id FROM Categories LEFT OUTER JOIN Orders ON Categories.category_name = Orders.customer_id;', '1', '1');
INSERT INTO "QueryColumnAccess" ("queryId", "columnId")
    VALUES ('1061', '2');
INSERT INTO "QueryColumnAccess" ("queryId", "columnId")
    VALUES ('1061', '2');
INSERT INTO "QueryTableAccess" ("queryId", "tableId")
    VALUES ('1061', '4');
INSERT INTO "QueryTableAccess" ("queryId", "tableId")
    VALUES ('1061', '2');
SELECT 'Orders.shipping_address', 'OrderItems.order_item_id' FROM Orders RIGHT OUTER JOIN OrderItems ON 'Orders.shipping_address' = 'OrderItems.order_item_id';
INSERT INTO "SqlQuery" ("queryId", "userId", "issuedAt", "finishedAt", "hasError", "errorMessage", "statement", "projectId", "queryTypeId")
    VALUES ('1062', '5', '2023-05-06 21:52:06.039419', '2023-05-06 21:52:10.039419', 'False', 'None', 'SELECT Orders.shipping_address, OrderItems.order_item_id FROM Orders RIGHT OUTER JOIN OrderItems ON Orders.shipping_address = OrderItems.order_item_id;', '1', '1');
INSERT INTO "QueryColumnAccess" ("queryId", "columnId")
    VALUES ('1062', '6');
INSERT INTO "QueryColumnAccess" ("queryId", "columnId")
    VALUES ('1062', '1');
INSERT INTO "QueryTableAccess" ("queryId", "tableId")
    VALUES ('1062', '2');
INSERT INTO "QueryTableAccess" ("queryId", "tableId")
    VALUES ('1062', '5');
SELECT 'Categories.category_id', 'Orders.shipping_address' FROM Categories NATURAL JOIN Orders ON 'Categories.category_id' = 'Orders.shipping_address';
INSERT INTO "SqlQuery" ("queryId", "userId", "issuedAt", "finishedAt", "hasError", "errorMessage", "statement", "projectId", "queryTypeId")
    VALUES ('1063', '13', '2023-05-08 21:52:06.039427', '2023-05-08 21:52:09.039427', 'False', 'None', 'SELECT Categories.category_id, Orders.shipping_address FROM Categories NATURAL JOIN Orders ON Categories.category_id = Orders.shipping_address;', '1', '1');
INSERT INTO "QueryColumnAccess" ("queryId", "columnId")
    VALUES ('1063', '1');
INSERT INTO "QueryColumnAccess" ("queryId", "columnId")
    VALUES ('1063', '6');
INSERT INTO "QueryTableAccess" ("queryId", "tableId")
    VALUES ('1063', '4');
INSERT INTO "QueryTableAccess" ("queryId", "tableId")
    VALUES ('1063', '2');
SELECT 'Products.price', 'Customers.address' FROM Products NATURAL JOIN Customers ON 'Products.price' = 'Customers.address';
INSERT INTO "SqlQuery" ("queryId", "userId", "issuedAt", "finishedAt", "hasError", "errorMessage", "statement", "projectId", "queryTypeId")
    VALUES ('1064', '4', '2023-05-17 21:52:06.039437', '2023-05-17 21:52:10.039437', 'False', 'None', 'SELECT Products.price, Customers.address FROM Products NATURAL JOIN Customers ON Products.price = Customers.address;', '1', '1');
INSERT INTO "QueryColumnAccess" ("queryId", "columnId")
    VALUES ('1064', '4');
INSERT INTO "QueryColumnAccess" ("queryId", "columnId")
    VALUES ('1064', '6');
INSERT INTO "QueryTableAccess" ("queryId", "tableId")
    VALUES ('1064', '3');
INSERT INTO "QueryTableAccess" ("queryId", "tableId")
    VALUES ('1064', '1');
SELECT 'OrderItems.unit_price', 'Categories.category_id' FROM OrderItems LEFT OUTER JOIN Categories ON 'OrderItems.unit_price' = 'Categories.category_id';
INSERT INTO "SqlQuery" ("queryId", "userId", "issuedAt", "finishedAt", "hasError", "errorMessage", "statement", "projectId", "queryTypeId")
    VALUES ('1065', '11', '2023-04-15 21:52:06.039446', '2023-04-15 21:52:10.039446', 'False', 'None', 'SELECT OrderItems.unit_price, Categories.category_id FROM OrderItems LEFT OUTER JOIN Categories ON OrderItems.unit_price = Categories.category_id;', '1', '1');
INSERT INTO "QueryColumnAccess" ("queryId", "columnId")
    VALUES ('1065', '5');
INSERT INTO "QueryColumnAccess" ("queryId", "columnId")
    VALUES ('1065', '1');
INSERT INTO "QueryTableAccess" ("queryId", "tableId")
    VALUES ('1065', '5');
INSERT INTO "QueryTableAccess" ("queryId", "tableId")
    VALUES ('1065', '4');
SELECT 'Products.quantity', 'OrderItems.product_id' FROM Products NATURAL JOIN OrderItems ON 'Products.quantity' = 'OrderItems.product_id';
INSERT INTO "SqlQuery" ("queryId", "userId", "issuedAt", "finishedAt", "hasError", "errorMessage", "statement", "projectId", "queryTypeId")
    VALUES ('1066', '13', '2023-04-29 21:52:06.039462', '2023-04-29 21:52:09.039462', 'False', 'None', 'SELECT Products.quantity, OrderItems.product_id FROM Products NATURAL JOIN OrderItems ON Products.quantity = OrderItems.product_id;', '1', '1');
INSERT INTO "QueryColumnAccess" ("queryId", "columnId")
    VALUES ('1066', '6');
INSERT INTO "QueryColumnAccess" ("queryId", "columnId")
    VALUES ('1066', '3');
INSERT INTO "QueryTableAccess" ("queryId", "tableId")
    VALUES ('1066', '3');
INSERT INTO "QueryTableAccess" ("queryId", "tableId")
    VALUES ('1066', '5');
SELECT 'Orders.payment_method', 'Products.quantity' FROM Orders NATURAL JOIN Products ON 'Orders.payment_method' = 'Products.quantity';
INSERT INTO "SqlQuery" ("queryId", "userId", "issuedAt", "finishedAt", "hasError", "errorMessage", "statement", "projectId", "queryTypeId")
    VALUES ('1067', '6', '2023-04-20 21:52:06.039471', '2023-04-20 21:52:07.039471', 'False', 'None', 'SELECT Orders.payment_method, Products.quantity FROM Orders NATURAL JOIN Products ON Orders.payment_method = Products.quantity;', '1', '1');
INSERT INTO "QueryColumnAccess" ("queryId", "columnId")
    VALUES ('1067', '5');
INSERT INTO "QueryColumnAccess" ("queryId", "columnId")
    VALUES ('1067', '6');
INSERT INTO "QueryTableAccess" ("queryId", "tableId")
    VALUES ('1067', '2');
INSERT INTO "QueryTableAccess" ("queryId", "tableId")
    VALUES ('1067', '3');
SELECT 'Orders.order_id', 'Customers.first_name' FROM Orders NATURAL JOIN Customers ON 'Orders.order_id' = 'Customers.first_name';
INSERT INTO "SqlQuery" ("queryId", "userId", "issuedAt", "finishedAt", "hasError", "errorMessage", "statement", "projectId", "queryTypeId")
    VALUES ('1068', '3', '2023-06-26 21:52:06.039480', '2023-06-26 21:52:10.039480', 'False', 'None', 'SELECT Orders.order_id, Customers.first_name FROM Orders NATURAL JOIN Customers ON Orders.order_id = Customers.first_name;', '1', '1');
INSERT INTO "QueryColumnAccess" ("queryId", "columnId")
    VALUES ('1068', '1');
INSERT INTO "QueryColumnAccess" ("queryId", "columnId")
    VALUES ('1068', '2');
INSERT INTO "QueryTableAccess" ("queryId", "tableId")
    VALUES ('1068', '2');
INSERT INTO "QueryTableAccess" ("queryId", "tableId")
    VALUES ('1068', '1');
SELECT 'OrderItems.unit_price', 'Products.description' FROM OrderItems NATURAL JOIN Products ON 'OrderItems.unit_price' = 'Products.description';
INSERT INTO "SqlQuery" ("queryId", "userId", "issuedAt", "finishedAt", "hasError", "errorMessage", "statement", "projectId", "queryTypeId")
    VALUES ('1069', '3', '2023-04-14 21:52:06.039489', '2023-04-14 21:52:09.039489', 'False', 'None', 'SELECT OrderItems.unit_price, Products.description FROM OrderItems NATURAL JOIN Products ON OrderItems.unit_price = Products.description;', '1', '1');
INSERT INTO "QueryColumnAccess" ("queryId", "columnId")
    VALUES ('1069', '5');
INSERT INTO "QueryColumnAccess" ("queryId", "columnId")
    VALUES ('1069', '5');
INSERT INTO "QueryTableAccess" ("queryId", "tableId")
    VALUES ('1069', '5');
INSERT INTO "QueryTableAccess" ("queryId", "tableId")
    VALUES ('1069', '3');
SELECT 'Products.description', 'Customers.last_name' FROM Products NATURAL JOIN Customers ON 'Products.description' = 'Customers.last_name';
INSERT INTO "SqlQuery" ("queryId", "userId", "issuedAt", "finishedAt", "hasError", "errorMessage", "statement", "projectId", "queryTypeId")
    VALUES ('1070', '8', '2023-07-04 21:52:06.039499', '2023-07-04 21:52:10.039499', 'False', 'None', 'SELECT Products.description, Customers.last_name FROM Products NATURAL JOIN Customers ON Products.description = Customers.last_name;', '1', '1');
INSERT INTO "QueryColumnAccess" ("queryId", "columnId")
    VALUES ('1070', '5');
INSERT INTO "QueryColumnAccess" ("queryId", "columnId")
    VALUES ('1070', '3');
INSERT INTO "QueryTableAccess" ("queryId", "tableId")
    VALUES ('1070', '3');
INSERT INTO "QueryTableAccess" ("queryId", "tableId")
    VALUES ('1070', '1');
SELECT 'Categories.parent_category_id', 'Products.price' FROM Categories LEFT OUTER JOIN Products ON 'Categories.parent_category_id' = 'Products.price';
INSERT INTO "SqlQuery" ("queryId", "userId", "issuedAt", "finishedAt", "hasError", "errorMessage", "statement", "projectId", "queryTypeId")
    VALUES ('1071', '1', '2023-06-05 21:52:06.039508', '2023-06-05 21:52:08.039508', 'False', 'None', 'SELECT Categories.parent_category_id, Products.price FROM Categories LEFT OUTER JOIN Products ON Categories.parent_category_id = Products.price;', '1', '1');
INSERT INTO "QueryColumnAccess" ("queryId", "columnId")
    VALUES ('1071', '4');
INSERT INTO "QueryColumnAccess" ("queryId", "columnId")
    VALUES ('1071', '4');
INSERT INTO "QueryTableAccess" ("queryId", "tableId")
    VALUES ('1071', '4');
INSERT INTO "QueryTableAccess" ("queryId", "tableId")
    VALUES ('1071', '3');
SELECT 'Products.description', 'Customers.last_name' FROM Products NATURAL JOIN Customers ON 'Products.description' = 'Customers.last_name';
INSERT INTO "SqlQuery" ("queryId", "userId", "issuedAt", "finishedAt", "hasError", "errorMessage", "statement", "projectId", "queryTypeId")
    VALUES ('1072', '14', '2023-04-26 21:52:06.039517', '2023-04-26 21:52:08.039517', 'False', 'None', 'SELECT Products.description, Customers.last_name FROM Products NATURAL JOIN Customers ON Products.description = Customers.last_name;', '1', '1');
INSERT INTO "QueryColumnAccess" ("queryId", "columnId")
    VALUES ('1072', '5');
INSERT INTO "QueryColumnAccess" ("queryId", "columnId")
    VALUES ('1072', '3');
INSERT INTO "QueryTableAccess" ("queryId", "tableId")
    VALUES ('1072', '3');
INSERT INTO "QueryTableAccess" ("queryId", "tableId")
    VALUES ('1072', '1');
SELECT 'Orders.payment_method', 'Products.product_id' FROM Orders NATURAL JOIN Products ON 'Orders.payment_method' = 'Products.product_id';
INSERT INTO "SqlQuery" ("queryId", "userId", "issuedAt", "finishedAt", "hasError", "errorMessage", "statement", "projectId", "queryTypeId")
    VALUES ('1073', '2', '2023-05-13 21:52:06.039526', '2023-05-13 21:52:10.039526', 'False', 'None', 'SELECT Orders.payment_method, Products.product_id FROM Orders NATURAL JOIN Products ON Orders.payment_method = Products.product_id;', '1', '1');
INSERT INTO "QueryColumnAccess" ("queryId", "columnId")
    VALUES ('1073', '5');
INSERT INTO "QueryColumnAccess" ("queryId", "columnId")
    VALUES ('1073', '1');
INSERT INTO "QueryTableAccess" ("queryId", "tableId")
    VALUES ('1073', '2');
INSERT INTO "QueryTableAccess" ("queryId", "tableId")
    VALUES ('1073', '3');
SELECT 'OrderItems.order_item_id', 'Customers.last_name' FROM OrderItems RIGHT OUTER JOIN Customers ON 'OrderItems.order_item_id' = 'Customers.last_name';
INSERT INTO "SqlQuery" ("queryId", "userId", "issuedAt", "finishedAt", "hasError", "errorMessage", "statement", "projectId", "queryTypeId")
    VALUES ('1074', '7', '2023-07-08 21:52:06.039535', '2023-07-08 21:52:09.039535', 'False', 'None', 'SELECT OrderItems.order_item_id, Customers.last_name FROM OrderItems RIGHT OUTER JOIN Customers ON OrderItems.order_item_id = Customers.last_name;', '1', '1');
INSERT INTO "QueryColumnAccess" ("queryId", "columnId")
    VALUES ('1074', '1');
INSERT INTO "QueryColumnAccess" ("queryId", "columnId")
    VALUES ('1074', '3');
INSERT INTO "QueryTableAccess" ("queryId", "tableId")
    VALUES ('1074', '5');
INSERT INTO "QueryTableAccess" ("queryId", "tableId")
    VALUES ('1074', '1');
SELECT 'Orders.shipping_address', 'Categories.parent_category_id' FROM Orders NATURAL JOIN Categories ON 'Orders.shipping_address' = 'Categories.parent_category_id';
INSERT INTO "SqlQuery" ("queryId", "userId", "issuedAt", "finishedAt", "hasError", "errorMessage", "statement", "projectId", "queryTypeId")
    VALUES ('1075', '7', '2023-04-30 21:52:06.039553', '2023-04-30 21:52:07.039553', 'False', 'None', 'SELECT Orders.shipping_address, Categories.parent_category_id FROM Orders NATURAL JOIN Categories ON Orders.shipping_address = Categories.parent_category_id;', '1', '1');
INSERT INTO "QueryColumnAccess" ("queryId", "columnId")
    VALUES ('1075', '6');
INSERT INTO "QueryColumnAccess" ("queryId", "columnId")
    VALUES ('1075', '4');
INSERT INTO "QueryTableAccess" ("queryId", "tableId")
    VALUES ('1075', '2');
INSERT INTO "QueryTableAccess" ("queryId", "tableId")
    VALUES ('1075', '4');
SELECT 'Categories.category_id', 'Products.quantity' FROM Categories RIGHT OUTER JOIN Products ON 'Categories.category_id' = 'Products.quantity';
INSERT INTO "SqlQuery" ("queryId", "userId", "issuedAt", "finishedAt", "hasError", "errorMessage", "statement", "projectId", "queryTypeId")
    VALUES ('1076', '5', '2023-06-06 21:52:06.039563', '2023-06-06 21:52:07.039563', 'False', 'None', 'SELECT Categories.category_id, Products.quantity FROM Categories RIGHT OUTER JOIN Products ON Categories.category_id = Products.quantity;', '1', '1');
INSERT INTO "QueryColumnAccess" ("queryId", "columnId")
    VALUES ('1076', '1');
INSERT INTO "QueryColumnAccess" ("queryId", "columnId")
    VALUES ('1076', '6');
INSERT INTO "QueryTableAccess" ("queryId", "tableId")
    VALUES ('1076', '4');
INSERT INTO "QueryTableAccess" ("queryId", "tableId")
    VALUES ('1076', '3');
SELECT 'Categories.description', 'Products.price' FROM Categories NATURAL JOIN Products ON 'Categories.description' = 'Products.price';
INSERT INTO "SqlQuery" ("queryId", "userId", "issuedAt", "finishedAt", "hasError", "errorMessage", "statement", "projectId", "queryTypeId")
    VALUES ('1077', '4', '2023-04-15 21:52:06.039573', '2023-04-15 21:52:07.039573', 'False', 'None', 'SELECT Categories.description, Products.price FROM Categories NATURAL JOIN Products ON Categories.description = Products.price;', '1', '1');
INSERT INTO "QueryColumnAccess" ("queryId", "columnId")
    VALUES ('1077', '3');
INSERT INTO "QueryColumnAccess" ("queryId", "columnId")
    VALUES ('1077', '4');
INSERT INTO "QueryTableAccess" ("queryId", "tableId")
    VALUES ('1077', '4');
INSERT INTO "QueryTableAccess" ("queryId", "tableId")
    VALUES ('1077', '3');
SELECT 'Products.price', 'Customers.first_name' FROM Products LEFT OUTER JOIN Customers ON 'Products.price' = 'Customers.first_name';
INSERT INTO "SqlQuery" ("queryId", "userId", "issuedAt", "finishedAt", "hasError", "errorMessage", "statement", "projectId", "queryTypeId")
    VALUES ('1078', '6', '2023-05-13 21:52:06.039581', '2023-05-13 21:52:10.039581', 'False', 'None', 'SELECT Products.price, Customers.first_name FROM Products LEFT OUTER JOIN Customers ON Products.price = Customers.first_name;', '1', '1');
INSERT INTO "QueryColumnAccess" ("queryId", "columnId")
    VALUES ('1078', '4');
INSERT INTO "QueryColumnAccess" ("queryId", "columnId")
    VALUES ('1078', '2');
INSERT INTO "QueryTableAccess" ("queryId", "tableId")
    VALUES ('1078', '3');
INSERT INTO "QueryTableAccess" ("queryId", "tableId")
    VALUES ('1078', '1');
SELECT 'Products.product_name', 'Customers.phone_number' FROM Products LEFT OUTER JOIN Customers ON 'Products.product_name' = 'Customers.phone_number';
INSERT INTO "SqlQuery" ("queryId", "userId", "issuedAt", "finishedAt", "hasError", "errorMessage", "statement", "projectId", "queryTypeId")
    VALUES ('1079', '1', '2023-06-26 21:52:06.039590', '2023-06-26 21:52:08.039590', 'False', 'None', 'SELECT Products.product_name, Customers.phone_number FROM Products LEFT OUTER JOIN Customers ON Products.product_name = Customers.phone_number;', '1', '1');
INSERT INTO "QueryColumnAccess" ("queryId", "columnId")
    VALUES ('1079', '2');
INSERT INTO "QueryColumnAccess" ("queryId", "columnId")
    VALUES ('1079', '5');
INSERT INTO "QueryTableAccess" ("queryId", "tableId")
    VALUES ('1079', '3');
INSERT INTO "QueryTableAccess" ("queryId", "tableId")
    VALUES ('1079', '1');
SELECT 'Categories.category_name', 'Products.price' FROM Categories NATURAL JOIN Products ON 'Categories.category_name' = 'Products.price';
INSERT INTO "SqlQuery" ("queryId", "userId", "issuedAt", "finishedAt", "hasError", "errorMessage", "statement", "projectId", "queryTypeId")
    VALUES ('1080', '6', '2023-06-05 21:52:06.039599', '2023-06-05 21:52:10.039599', 'False', 'None', 'SELECT Categories.category_name, Products.price FROM Categories NATURAL JOIN Products ON Categories.category_name = Products.price;', '1', '1');
INSERT INTO "QueryColumnAccess" ("queryId", "columnId")
    VALUES ('1080', '2');
INSERT INTO "QueryColumnAccess" ("queryId", "columnId")
    VALUES ('1080', '4');
INSERT INTO "QueryTableAccess" ("queryId", "tableId")
    VALUES ('1080', '4');
INSERT INTO "QueryTableAccess" ("queryId", "tableId")
    VALUES ('1080', '3');
SELECT 'Categories.description', 'Products.price' FROM Categories RIGHT OUTER JOIN Products ON 'Categories.description' = 'Products.price';
INSERT INTO "SqlQuery" ("queryId", "userId", "issuedAt", "finishedAt", "hasError", "errorMessage", "statement", "projectId", "queryTypeId")
    VALUES ('1081', '7', '2023-05-14 21:52:06.039608', '2023-05-14 21:52:10.039608', 'False', 'None', 'SELECT Categories.description, Products.price FROM Categories RIGHT OUTER JOIN Products ON Categories.description = Products.price;', '1', '1');
INSERT INTO "QueryColumnAccess" ("queryId", "columnId")
    VALUES ('1081', '3');
INSERT INTO "QueryColumnAccess" ("queryId", "columnId")
    VALUES ('1081', '4');
INSERT INTO "QueryTableAccess" ("queryId", "tableId")
    VALUES ('1081', '4');
INSERT INTO "QueryTableAccess" ("queryId", "tableId")
    VALUES ('1081', '3');
SELECT 'Categories.category_name', 'Products.description' FROM Categories RIGHT OUTER JOIN Products ON 'Categories.category_name' = 'Products.description';
INSERT INTO "SqlQuery" ("queryId", "userId", "issuedAt", "finishedAt", "hasError", "errorMessage", "statement", "projectId", "queryTypeId")
    VALUES ('1082', '1', '2023-04-15 21:52:06.039617', '2023-04-15 21:52:08.039617', 'False', 'None', 'SELECT Categories.category_name, Products.description FROM Categories RIGHT OUTER JOIN Products ON Categories.category_name = Products.description;', '1', '1');
INSERT INTO "QueryColumnAccess" ("queryId", "columnId")
    VALUES ('1082', '2');
INSERT INTO "QueryColumnAccess" ("queryId", "columnId")
    VALUES ('1082', '5');
INSERT INTO "QueryTableAccess" ("queryId", "tableId")
    VALUES ('1082', '4');
INSERT INTO "QueryTableAccess" ("queryId", "tableId")
    VALUES ('1082', '3');
SELECT 'Categories.category_name', 'Orders.order_date' FROM Categories NATURAL JOIN Orders ON 'Categories.category_name' = 'Orders.order_date';
INSERT INTO "SqlQuery" ("queryId", "userId", "issuedAt", "finishedAt", "hasError", "errorMessage", "statement", "projectId", "queryTypeId")
    VALUES ('1083', '7', '2023-04-18 21:52:06.039626', '2023-04-18 21:52:08.039626', 'False', 'None', 'SELECT Categories.category_name, Orders.order_date FROM Categories NATURAL JOIN Orders ON Categories.category_name = Orders.order_date;', '1', '1');
INSERT INTO "QueryColumnAccess" ("queryId", "columnId")
    VALUES ('1083', '2');
INSERT INTO "QueryColumnAccess" ("queryId", "columnId")
    VALUES ('1083', '3');
INSERT INTO "QueryTableAccess" ("queryId", "tableId")
    VALUES ('1083', '4');
INSERT INTO "QueryTableAccess" ("queryId", "tableId")
    VALUES ('1083', '2');
SELECT 'Orders.order_id', 'Products.product_name' FROM Orders LEFT OUTER JOIN Products ON 'Orders.order_id' = 'Products.product_name';
INSERT INTO "SqlQuery" ("queryId", "userId", "issuedAt", "finishedAt", "hasError", "errorMessage", "statement", "projectId", "queryTypeId")
    VALUES ('1084', '2', '2023-04-29 21:52:06.039635', '2023-04-29 21:52:08.039635', 'False', 'None', 'SELECT Orders.order_id, Products.product_name FROM Orders LEFT OUTER JOIN Products ON Orders.order_id = Products.product_name;', '1', '1');
INSERT INTO "QueryColumnAccess" ("queryId", "columnId")
    VALUES ('1084', '1');
INSERT INTO "QueryColumnAccess" ("queryId", "columnId")
    VALUES ('1084', '2');
INSERT INTO "QueryTableAccess" ("queryId", "tableId")
    VALUES ('1084', '2');
INSERT INTO "QueryTableAccess" ("queryId", "tableId")
    VALUES ('1084', '3');
SELECT 'OrderItems.order_id', 'Customers.first_name' FROM OrderItems RIGHT OUTER JOIN Customers ON 'OrderItems.order_id' = 'Customers.first_name';
INSERT INTO "SqlQuery" ("queryId", "userId", "issuedAt", "finishedAt", "hasError", "errorMessage", "statement", "projectId", "queryTypeId")
    VALUES ('1085', '4', '2023-04-23 21:52:06.039652', '2023-04-23 21:52:07.039652', 'False', 'None', 'SELECT OrderItems.order_id, Customers.first_name FROM OrderItems RIGHT OUTER JOIN Customers ON OrderItems.order_id = Customers.first_name;', '1', '1');
INSERT INTO "QueryColumnAccess" ("queryId", "columnId")
    VALUES ('1085', '2');
INSERT INTO "QueryColumnAccess" ("queryId", "columnId")
    VALUES ('1085', '2');
INSERT INTO "QueryTableAccess" ("queryId", "tableId")
    VALUES ('1085', '5');
INSERT INTO "QueryTableAccess" ("queryId", "tableId")
    VALUES ('1085', '1');
SELECT 'Orders.shipping_address', 'Categories.parent_category_id' FROM Orders NATURAL JOIN Categories ON 'Orders.shipping_address' = 'Categories.parent_category_id';
INSERT INTO "SqlQuery" ("queryId", "userId", "issuedAt", "finishedAt", "hasError", "errorMessage", "statement", "projectId", "queryTypeId")
    VALUES ('1086', '5', '2023-05-05 21:52:06.039661', '2023-05-05 21:52:07.039661', 'False', 'None', 'SELECT Orders.shipping_address, Categories.parent_category_id FROM Orders NATURAL JOIN Categories ON Orders.shipping_address = Categories.parent_category_id;', '1', '1');
INSERT INTO "QueryColumnAccess" ("queryId", "columnId")
    VALUES ('1086', '6');
INSERT INTO "QueryColumnAccess" ("queryId", "columnId")
    VALUES ('1086', '4');
INSERT INTO "QueryTableAccess" ("queryId", "tableId")
    VALUES ('1086', '2');
INSERT INTO "QueryTableAccess" ("queryId", "tableId")
    VALUES ('1086', '4');
SELECT 'Customers.customer_id', 'OrderItems.quantity' FROM Customers RIGHT OUTER JOIN OrderItems ON 'Customers.customer_id' = 'OrderItems.quantity';
INSERT INTO "SqlQuery" ("queryId", "userId", "issuedAt", "finishedAt", "hasError", "errorMessage", "statement", "projectId", "queryTypeId")
    VALUES ('1087', '7', '2023-05-10 21:52:06.039671', '2023-05-10 21:52:09.039671', 'False', 'None', 'SELECT Customers.customer_id, OrderItems.quantity FROM Customers RIGHT OUTER JOIN OrderItems ON Customers.customer_id = OrderItems.quantity;', '1', '1');
INSERT INTO "QueryColumnAccess" ("queryId", "columnId")
    VALUES ('1087', '1');
INSERT INTO "QueryColumnAccess" ("queryId", "columnId")
    VALUES ('1087', '4');
INSERT INTO "QueryTableAccess" ("queryId", "tableId")
    VALUES ('1087', '1');
INSERT INTO "QueryTableAccess" ("queryId", "tableId")
    VALUES ('1087', '5');
SELECT 'Orders.total_amount', 'Categories.category_name' FROM Orders LEFT OUTER JOIN Categories ON 'Orders.total_amount' = 'Categories.category_name';
INSERT INTO "SqlQuery" ("queryId", "userId", "issuedAt", "finishedAt", "hasError", "errorMessage", "statement", "projectId", "queryTypeId")
    VALUES ('1088', '9', '2023-05-25 21:52:06.039679', '2023-05-25 21:52:07.039679', 'False', 'None', 'SELECT Orders.total_amount, Categories.category_name FROM Orders LEFT OUTER JOIN Categories ON Orders.total_amount = Categories.category_name;', '1', '1');
INSERT INTO "QueryColumnAccess" ("queryId", "columnId")
    VALUES ('1088', '4');
INSERT INTO "QueryColumnAccess" ("queryId", "columnId")
    VALUES ('1088', '2');
INSERT INTO "QueryTableAccess" ("queryId", "tableId")
    VALUES ('1088', '2');
INSERT INTO "QueryTableAccess" ("queryId", "tableId")
    VALUES ('1088', '4');
SELECT 'OrderItems.product_id', 'Orders.order_date' FROM OrderItems RIGHT OUTER JOIN Orders ON 'OrderItems.product_id' = 'Orders.order_date';
INSERT INTO "SqlQuery" ("queryId", "userId", "issuedAt", "finishedAt", "hasError", "errorMessage", "statement", "projectId", "queryTypeId")
    VALUES ('1089', '3', '2023-05-19 21:52:06.039689', '2023-05-19 21:52:10.039689', 'False', 'None', 'SELECT OrderItems.product_id, Orders.order_date FROM OrderItems RIGHT OUTER JOIN Orders ON OrderItems.product_id = Orders.order_date;', '1', '1');
INSERT INTO "QueryColumnAccess" ("queryId", "columnId")
    VALUES ('1089', '3');
INSERT INTO "QueryColumnAccess" ("queryId", "columnId")
    VALUES ('1089', '3');
INSERT INTO "QueryTableAccess" ("queryId", "tableId")
    VALUES ('1089', '5');
INSERT INTO "QueryTableAccess" ("queryId", "tableId")
    VALUES ('1089', '2');
SELECT 'Customers.first_name', 'Orders.payment_method' FROM Customers NATURAL JOIN Orders ON 'Customers.first_name' = 'Orders.payment_method';
INSERT INTO "SqlQuery" ("queryId", "userId", "issuedAt", "finishedAt", "hasError", "errorMessage", "statement", "projectId", "queryTypeId")
    VALUES ('1090', '5', '2023-07-03 21:52:06.039697', '2023-07-03 21:52:09.039697', 'False', 'None', 'SELECT Customers.first_name, Orders.payment_method FROM Customers NATURAL JOIN Orders ON Customers.first_name = Orders.payment_method;', '1', '1');
INSERT INTO "QueryColumnAccess" ("queryId", "columnId")
    VALUES ('1090', '2');
INSERT INTO "QueryColumnAccess" ("queryId", "columnId")
    VALUES ('1090', '5');
INSERT INTO "QueryTableAccess" ("queryId", "tableId")
    VALUES ('1090', '1');
INSERT INTO "QueryTableAccess" ("queryId", "tableId")
    VALUES ('1090', '2');
SELECT 'Categories.category_id', 'Orders.order_date' FROM Categories NATURAL JOIN Orders ON 'Categories.category_id' = 'Orders.order_date';
INSERT INTO "SqlQuery" ("queryId", "userId", "issuedAt", "finishedAt", "hasError", "errorMessage", "statement", "projectId", "queryTypeId")
    VALUES ('1091', '12', '2023-06-28 21:52:06.039706', '2023-06-28 21:52:07.039706', 'False', 'None', 'SELECT Categories.category_id, Orders.order_date FROM Categories NATURAL JOIN Orders ON Categories.category_id = Orders.order_date;', '1', '1');
INSERT INTO "QueryColumnAccess" ("queryId", "columnId")
    VALUES ('1091', '1');
INSERT INTO "QueryColumnAccess" ("queryId", "columnId")
    VALUES ('1091', '3');
INSERT INTO "QueryTableAccess" ("queryId", "tableId")
    VALUES ('1091', '4');
INSERT INTO "QueryTableAccess" ("queryId", "tableId")
    VALUES ('1091', '2');
SELECT 'Products.product_id', 'Orders.total_amount' FROM Products LEFT OUTER JOIN Orders ON 'Products.product_id' = 'Orders.total_amount';
INSERT INTO "SqlQuery" ("queryId", "userId", "issuedAt", "finishedAt", "hasError", "errorMessage", "statement", "projectId", "queryTypeId")
    VALUES ('1092', '12', '2023-07-06 21:52:06.039715', '2023-07-06 21:52:08.039715', 'False', 'None', 'SELECT Products.product_id, Orders.total_amount FROM Products LEFT OUTER JOIN Orders ON Products.product_id = Orders.total_amount;', '1', '1');
INSERT INTO "QueryColumnAccess" ("queryId", "columnId")
    VALUES ('1092', '1');
INSERT INTO "QueryColumnAccess" ("queryId", "columnId")
    VALUES ('1092', '4');
INSERT INTO "QueryTableAccess" ("queryId", "tableId")
    VALUES ('1092', '3');
INSERT INTO "QueryTableAccess" ("queryId", "tableId")
    VALUES ('1092', '2');
SELECT 'Categories.category_id', 'Products.price' FROM Categories RIGHT OUTER JOIN Products ON 'Categories.category_id' = 'Products.price';
INSERT INTO "SqlQuery" ("queryId", "userId", "issuedAt", "finishedAt", "hasError", "errorMessage", "statement", "projectId", "queryTypeId")
    VALUES ('1093', '8', '2023-06-05 21:52:06.039724', '2023-06-05 21:52:09.039724', 'False', 'None', 'SELECT Categories.category_id, Products.price FROM Categories RIGHT OUTER JOIN Products ON Categories.category_id = Products.price;', '1', '1');
INSERT INTO "QueryColumnAccess" ("queryId", "columnId")
    VALUES ('1093', '1');
INSERT INTO "QueryColumnAccess" ("queryId", "columnId")
    VALUES ('1093', '4');
INSERT INTO "QueryTableAccess" ("queryId", "tableId")
    VALUES ('1093', '4');
INSERT INTO "QueryTableAccess" ("queryId", "tableId")
    VALUES ('1093', '3');
SELECT 'OrderItems.quantity', 'Customers.last_name' FROM OrderItems RIGHT OUTER JOIN Customers ON 'OrderItems.quantity' = 'Customers.last_name';
INSERT INTO "SqlQuery" ("queryId", "userId", "issuedAt", "finishedAt", "hasError", "errorMessage", "statement", "projectId", "queryTypeId")
    VALUES ('1094', '6', '2023-06-17 21:52:06.039737', '2023-06-17 21:52:07.039737', 'False', 'None', 'SELECT OrderItems.quantity, Customers.last_name FROM OrderItems RIGHT OUTER JOIN Customers ON OrderItems.quantity = Customers.last_name;', '1', '1');
INSERT INTO "QueryColumnAccess" ("queryId", "columnId")
    VALUES ('1094', '4');
INSERT INTO "QueryColumnAccess" ("queryId", "columnId")
    VALUES ('1094', '3');
INSERT INTO "QueryTableAccess" ("queryId", "tableId")
    VALUES ('1094', '5');
INSERT INTO "QueryTableAccess" ("queryId", "tableId")
    VALUES ('1094', '1');
SELECT 'Categories.category_id', 'Customers.last_name' FROM Categories RIGHT OUTER JOIN Customers ON 'Categories.category_id' = 'Customers.last_name';
INSERT INTO "SqlQuery" ("queryId", "userId", "issuedAt", "finishedAt", "hasError", "errorMessage", "statement", "projectId", "queryTypeId")
    VALUES ('1095', '2', '2023-06-14 21:52:06.039747', '2023-06-14 21:52:10.039747', 'False', 'None', 'SELECT Categories.category_id, Customers.last_name FROM Categories RIGHT OUTER JOIN Customers ON Categories.category_id = Customers.last_name;', '1', '1');
INSERT INTO "QueryColumnAccess" ("queryId", "columnId")
    VALUES ('1095', '1');
INSERT INTO "QueryColumnAccess" ("queryId", "columnId")
    VALUES ('1095', '3');
INSERT INTO "QueryTableAccess" ("queryId", "tableId")
    VALUES ('1095', '4');
INSERT INTO "QueryTableAccess" ("queryId", "tableId")
    VALUES ('1095', '1');
SELECT 'Orders.customer_id', 'Categories.parent_category_id' FROM Orders NATURAL JOIN Categories ON 'Orders.customer_id' = 'Categories.parent_category_id';
INSERT INTO "SqlQuery" ("queryId", "userId", "issuedAt", "finishedAt", "hasError", "errorMessage", "statement", "projectId", "queryTypeId")
    VALUES ('1096', '4', '2023-05-18 21:52:06.039756', '2023-05-18 21:52:07.039756', 'False', 'None', 'SELECT Orders.customer_id, Categories.parent_category_id FROM Orders NATURAL JOIN Categories ON Orders.customer_id = Categories.parent_category_id;', '1', '1');
INSERT INTO "QueryColumnAccess" ("queryId", "columnId")
    VALUES ('1096', '2');
INSERT INTO "QueryColumnAccess" ("queryId", "columnId")
    VALUES ('1096', '4');
INSERT INTO "QueryTableAccess" ("queryId", "tableId")
    VALUES ('1096', '2');
INSERT INTO "QueryTableAccess" ("queryId", "tableId")
    VALUES ('1096', '4');
SELECT 'Customers.customer_id', 'Categories.description' FROM Customers LEFT OUTER JOIN Categories ON 'Customers.customer_id' = 'Categories.description';
INSERT INTO "SqlQuery" ("queryId", "userId", "issuedAt", "finishedAt", "hasError", "errorMessage", "statement", "projectId", "queryTypeId")
    VALUES ('1097', '8', '2023-06-26 21:52:06.039765', '2023-06-26 21:52:07.039765', 'False', 'None', 'SELECT Customers.customer_id, Categories.description FROM Customers LEFT OUTER JOIN Categories ON Customers.customer_id = Categories.description;', '1', '1');
INSERT INTO "QueryColumnAccess" ("queryId", "columnId")
    VALUES ('1097', '1');
INSERT INTO "QueryColumnAccess" ("queryId", "columnId")
    VALUES ('1097', '3');
INSERT INTO "QueryTableAccess" ("queryId", "tableId")
    VALUES ('1097', '1');
INSERT INTO "QueryTableAccess" ("queryId", "tableId")
    VALUES ('1097', '4');
SELECT 'Orders.shipping_address', 'Products.quantity' FROM Orders NATURAL JOIN Products ON 'Orders.shipping_address' = 'Products.quantity';
INSERT INTO "SqlQuery" ("queryId", "userId", "issuedAt", "finishedAt", "hasError", "errorMessage", "statement", "projectId", "queryTypeId")
    VALUES ('1098', '1', '2023-04-26 21:52:06.039774', '2023-04-26 21:52:10.039774', 'False', 'None', 'SELECT Orders.shipping_address, Products.quantity FROM Orders NATURAL JOIN Products ON Orders.shipping_address = Products.quantity;', '1', '1');
INSERT INTO "QueryColumnAccess" ("queryId", "columnId")
    VALUES ('1098', '6');
INSERT INTO "QueryColumnAccess" ("queryId", "columnId")
    VALUES ('1098', '6');
INSERT INTO "QueryTableAccess" ("queryId", "tableId")
    VALUES ('1098', '2');
INSERT INTO "QueryTableAccess" ("queryId", "tableId")
    VALUES ('1098', '3');
SELECT 'OrderItems.quantity', 'Products.product_id' FROM OrderItems NATURAL JOIN Products ON 'OrderItems.quantity' = 'Products.product_id';
INSERT INTO "SqlQuery" ("queryId", "userId", "issuedAt", "finishedAt", "hasError", "errorMessage", "statement", "projectId", "queryTypeId")
    VALUES ('1099', '2', '2023-07-10 21:52:06.039783', '2023-07-10 21:52:10.039783', 'False', 'None', 'SELECT OrderItems.quantity, Products.product_id FROM OrderItems NATURAL JOIN Products ON OrderItems.quantity = Products.product_id;', '1', '1');
INSERT INTO "QueryColumnAccess" ("queryId", "columnId")
    VALUES ('1099', '4');
INSERT INTO "QueryColumnAccess" ("queryId", "columnId")
    VALUES ('1099', '1');
INSERT INTO "QueryTableAccess" ("queryId", "tableId")
    VALUES ('1099', '5');
INSERT INTO "QueryTableAccess" ("queryId", "tableId")
    VALUES ('1099', '3');
SELECT 'Products.product_id', 'Orders.total_amount' FROM Products LEFT OUTER JOIN Orders ON 'Products.product_id' = 'Orders.total_amount';
INSERT INTO "SqlQuery" ("queryId", "userId", "issuedAt", "finishedAt", "hasError", "errorMessage", "statement", "projectId", "queryTypeId")
    VALUES ('1100', '14', '2023-05-10 21:52:06.039791', '2023-05-10 21:52:10.039791', 'False', 'None', 'SELECT Products.product_id, Orders.total_amount FROM Products LEFT OUTER JOIN Orders ON Products.product_id = Orders.total_amount;', '1', '1');
INSERT INTO "QueryColumnAccess" ("queryId", "columnId")
    VALUES ('1100', '1');
INSERT INTO "QueryColumnAccess" ("queryId", "columnId")
    VALUES ('1100', '4');
INSERT INTO "QueryTableAccess" ("queryId", "tableId")
    VALUES ('1100', '3');
INSERT INTO "QueryTableAccess" ("queryId", "tableId")
    VALUES ('1100', '2');
SELECT 'Orders.order_date', 'Products.product_id' FROM Orders RIGHT OUTER JOIN Products ON 'Orders.order_date' = 'Products.product_id';
INSERT INTO "SqlQuery" ("queryId", "userId", "issuedAt", "finishedAt", "hasError", "errorMessage", "statement", "projectId", "queryTypeId")
    VALUES ('1101', '2', '2023-04-18 21:52:06.039800', '2023-04-18 21:52:08.039800', 'False', 'None', 'SELECT Orders.order_date, Products.product_id FROM Orders RIGHT OUTER JOIN Products ON Orders.order_date = Products.product_id;', '1', '1');
INSERT INTO "QueryColumnAccess" ("queryId", "columnId")
    VALUES ('1101', '3');
INSERT INTO "QueryColumnAccess" ("queryId", "columnId")
    VALUES ('1101', '1');
INSERT INTO "QueryTableAccess" ("queryId", "tableId")
    VALUES ('1101', '2');
INSERT INTO "QueryTableAccess" ("queryId", "tableId")
    VALUES ('1101', '3');
SELECT 'Orders.total_amount', 'Categories.description' FROM Orders LEFT OUTER JOIN Categories ON 'Orders.total_amount' = 'Categories.description';
INSERT INTO "SqlQuery" ("queryId", "userId", "issuedAt", "finishedAt", "hasError", "errorMessage", "statement", "projectId", "queryTypeId")
    VALUES ('1102', '10', '2023-06-21 21:52:06.039809', '2023-06-21 21:52:09.039809', 'False', 'None', 'SELECT Orders.total_amount, Categories.description FROM Orders LEFT OUTER JOIN Categories ON Orders.total_amount = Categories.description;', '1', '1');
INSERT INTO "QueryColumnAccess" ("queryId", "columnId")
    VALUES ('1102', '4');
INSERT INTO "QueryColumnAccess" ("queryId", "columnId")
    VALUES ('1102', '3');
INSERT INTO "QueryTableAccess" ("queryId", "tableId")
    VALUES ('1102', '2');
INSERT INTO "QueryTableAccess" ("queryId", "tableId")
    VALUES ('1102', '4');
SELECT 'Customers.email', 'Products.category' FROM Customers NATURAL JOIN Products ON 'Customers.email' = 'Products.category';
INSERT INTO "SqlQuery" ("queryId", "userId", "issuedAt", "finishedAt", "hasError", "errorMessage", "statement", "projectId", "queryTypeId")
    VALUES ('1103', '1', '2023-06-30 21:52:06.039821', '2023-06-30 21:52:09.039821', 'False', 'None', 'SELECT Customers.email, Products.category FROM Customers NATURAL JOIN Products ON Customers.email = Products.category;', '1', '1');
INSERT INTO "QueryColumnAccess" ("queryId", "columnId")
    VALUES ('1103', '4');
INSERT INTO "QueryColumnAccess" ("queryId", "columnId")
    VALUES ('1103', '3');
INSERT INTO "QueryTableAccess" ("queryId", "tableId")
    VALUES ('1103', '1');
INSERT INTO "QueryTableAccess" ("queryId", "tableId")
    VALUES ('1103', '3');
SELECT 'Products.category', 'Customers.first_name' FROM Products RIGHT OUTER JOIN Customers ON 'Products.category' = 'Customers.first_name';
INSERT INTO "SqlQuery" ("queryId", "userId", "issuedAt", "finishedAt", "hasError", "errorMessage", "statement", "projectId", "queryTypeId")
    VALUES ('1104', '12', '2023-05-26 21:52:06.039830', '2023-05-26 21:52:09.039830', 'False', 'None', 'SELECT Products.category, Customers.first_name FROM Products RIGHT OUTER JOIN Customers ON Products.category = Customers.first_name;', '1', '1');
INSERT INTO "QueryColumnAccess" ("queryId", "columnId")
    VALUES ('1104', '3');
INSERT INTO "QueryColumnAccess" ("queryId", "columnId")
    VALUES ('1104', '2');
INSERT INTO "QueryTableAccess" ("queryId", "tableId")
    VALUES ('1104', '3');
INSERT INTO "QueryTableAccess" ("queryId", "tableId")
    VALUES ('1104', '1');
SELECT 'OrderItems.quantity', 'Orders.customer_id' FROM OrderItems RIGHT OUTER JOIN Orders ON 'OrderItems.quantity' = 'Orders.customer_id';
INSERT INTO "SqlQuery" ("queryId", "userId", "issuedAt", "finishedAt", "hasError", "errorMessage", "statement", "projectId", "queryTypeId")
    VALUES ('1105', '13', '2023-04-29 21:52:06.039839', '2023-04-29 21:52:09.039839', 'False', 'None', 'SELECT OrderItems.quantity, Orders.customer_id FROM OrderItems RIGHT OUTER JOIN Orders ON OrderItems.quantity = Orders.customer_id;', '1', '1');
INSERT INTO "QueryColumnAccess" ("queryId", "columnId")
    VALUES ('1105', '4');
INSERT INTO "QueryColumnAccess" ("queryId", "columnId")
    VALUES ('1105', '2');
INSERT INTO "QueryTableAccess" ("queryId", "tableId")
    VALUES ('1105', '5');
INSERT INTO "QueryTableAccess" ("queryId", "tableId")
    VALUES ('1105', '2');
SELECT 'Categories.parent_category_id', 'OrderItems.order_item_id' FROM Categories LEFT OUTER JOIN OrderItems ON 'Categories.parent_category_id' = 'OrderItems.order_item_id';
INSERT INTO "SqlQuery" ("queryId", "userId", "issuedAt", "finishedAt", "hasError", "errorMessage", "statement", "projectId", "queryTypeId")
    VALUES ('1106', '6', '2023-06-20 21:52:06.039849', '2023-06-20 21:52:08.039849', 'False', 'None', 'SELECT Categories.parent_category_id, OrderItems.order_item_id FROM Categories LEFT OUTER JOIN OrderItems ON Categories.parent_category_id = OrderItems.order_item_id;', '1', '1');
INSERT INTO "QueryColumnAccess" ("queryId", "columnId")
    VALUES ('1106', '4');
INSERT INTO "QueryColumnAccess" ("queryId", "columnId")
    VALUES ('1106', '1');
INSERT INTO "QueryTableAccess" ("queryId", "tableId")
    VALUES ('1106', '4');
INSERT INTO "QueryTableAccess" ("queryId", "tableId")
    VALUES ('1106', '5');
SELECT 'Categories.category_id', 'OrderItems.order_item_id' FROM Categories RIGHT OUTER JOIN OrderItems ON 'Categories.category_id' = 'OrderItems.order_item_id';
INSERT INTO "SqlQuery" ("queryId", "userId", "issuedAt", "finishedAt", "hasError", "errorMessage", "statement", "projectId", "queryTypeId")
    VALUES ('1107', '12', '2023-05-21 21:52:06.039857', '2023-05-21 21:52:10.039857', 'False', 'None', 'SELECT Categories.category_id, OrderItems.order_item_id FROM Categories RIGHT OUTER JOIN OrderItems ON Categories.category_id = OrderItems.order_item_id;', '1', '1');
INSERT INTO "QueryColumnAccess" ("queryId", "columnId")
    VALUES ('1107', '1');
INSERT INTO "QueryColumnAccess" ("queryId", "columnId")
    VALUES ('1107', '1');
INSERT INTO "QueryTableAccess" ("queryId", "tableId")
    VALUES ('1107', '4');
INSERT INTO "QueryTableAccess" ("queryId", "tableId")
    VALUES ('1107', '5');
SELECT 'Customers.phone_number', 'Orders.customer_id' FROM Customers RIGHT OUTER JOIN Orders ON 'Customers.phone_number' = 'Orders.customer_id';
INSERT INTO "SqlQuery" ("queryId", "userId", "issuedAt", "finishedAt", "hasError", "errorMessage", "statement", "projectId", "queryTypeId")
    VALUES ('1108', '6', '2023-04-28 21:52:06.039866', '2023-04-28 21:52:09.039866', 'False', 'None', 'SELECT Customers.phone_number, Orders.customer_id FROM Customers RIGHT OUTER JOIN Orders ON Customers.phone_number = Orders.customer_id;', '1', '1');
INSERT INTO "QueryColumnAccess" ("queryId", "columnId")
    VALUES ('1108', '5');
INSERT INTO "QueryColumnAccess" ("queryId", "columnId")
    VALUES ('1108', '2');
INSERT INTO "QueryTableAccess" ("queryId", "tableId")
    VALUES ('1108', '1');
INSERT INTO "QueryTableAccess" ("queryId", "tableId")
    VALUES ('1108', '2');
SELECT 'Orders.total_amount', 'Categories.category_name' FROM Orders NATURAL JOIN Categories ON 'Orders.total_amount' = 'Categories.category_name';
INSERT INTO "SqlQuery" ("queryId", "userId", "issuedAt", "finishedAt", "hasError", "errorMessage", "statement", "projectId", "queryTypeId")
    VALUES ('1109', '13', '2023-05-10 21:52:06.039875', '2023-05-10 21:52:10.039875', 'False', 'None', 'SELECT Orders.total_amount, Categories.category_name FROM Orders NATURAL JOIN Categories ON Orders.total_amount = Categories.category_name;', '1', '1');
INSERT INTO "QueryColumnAccess" ("queryId", "columnId")
    VALUES ('1109', '4');
INSERT INTO "QueryColumnAccess" ("queryId", "columnId")
    VALUES ('1109', '2');
INSERT INTO "QueryTableAccess" ("queryId", "tableId")
    VALUES ('1109', '2');
INSERT INTO "QueryTableAccess" ("queryId", "tableId")
    VALUES ('1109', '4');
SELECT 'Categories.description', 'Customers.address' FROM Categories LEFT OUTER JOIN Customers ON 'Categories.description' = 'Customers.address';
INSERT INTO "SqlQuery" ("queryId", "userId", "issuedAt", "finishedAt", "hasError", "errorMessage", "statement", "projectId", "queryTypeId")
    VALUES ('1110', '11', '2023-05-08 21:52:06.039883', '2023-05-08 21:52:08.039883', 'False', 'None', 'SELECT Categories.description, Customers.address FROM Categories LEFT OUTER JOIN Customers ON Categories.description = Customers.address;', '1', '1');
INSERT INTO "QueryColumnAccess" ("queryId", "columnId")
    VALUES ('1110', '3');
INSERT INTO "QueryColumnAccess" ("queryId", "columnId")
    VALUES ('1110', '6');
INSERT INTO "QueryTableAccess" ("queryId", "tableId")
    VALUES ('1110', '4');
INSERT INTO "QueryTableAccess" ("queryId", "tableId")
    VALUES ('1110', '1');
SELECT 'Customers.phone_number', 'Orders.shipping_address' FROM Customers RIGHT OUTER JOIN Orders ON 'Customers.phone_number' = 'Orders.shipping_address';
INSERT INTO "SqlQuery" ("queryId", "userId", "issuedAt", "finishedAt", "hasError", "errorMessage", "statement", "projectId", "queryTypeId")
    VALUES ('1111', '10', '2023-06-15 21:52:06.039892', '2023-06-15 21:52:07.039892', 'False', 'None', 'SELECT Customers.phone_number, Orders.shipping_address FROM Customers RIGHT OUTER JOIN Orders ON Customers.phone_number = Orders.shipping_address;', '1', '1');
INSERT INTO "QueryColumnAccess" ("queryId", "columnId")
    VALUES ('1111', '5');
INSERT INTO "QueryColumnAccess" ("queryId", "columnId")
    VALUES ('1111', '6');
INSERT INTO "QueryTableAccess" ("queryId", "tableId")
    VALUES ('1111', '1');
INSERT INTO "QueryTableAccess" ("queryId", "tableId")
    VALUES ('1111', '2');
SELECT 'OrderItems.order_id', 'Orders.shipping_address' FROM OrderItems LEFT OUTER JOIN Orders ON 'OrderItems.order_id' = 'Orders.shipping_address';
INSERT INTO "SqlQuery" ("queryId", "userId", "issuedAt", "finishedAt", "hasError", "errorMessage", "statement", "projectId", "queryTypeId")
    VALUES ('1112', '14', '2023-04-16 21:52:06.039901', '2023-04-16 21:52:09.039901', 'False', 'None', 'SELECT OrderItems.order_id, Orders.shipping_address FROM OrderItems LEFT OUTER JOIN Orders ON OrderItems.order_id = Orders.shipping_address;', '1', '1');
INSERT INTO "QueryColumnAccess" ("queryId", "columnId")
    VALUES ('1112', '2');
INSERT INTO "QueryColumnAccess" ("queryId", "columnId")
    VALUES ('1112', '6');
INSERT INTO "QueryTableAccess" ("queryId", "tableId")
    VALUES ('1112', '5');
INSERT INTO "QueryTableAccess" ("queryId", "tableId")
    VALUES ('1112', '2');
SELECT 'Orders.customer_id', 'OrderItems.product_id' FROM Orders NATURAL JOIN OrderItems ON 'Orders.customer_id' = 'OrderItems.product_id';
INSERT INTO "SqlQuery" ("queryId", "userId", "issuedAt", "finishedAt", "hasError", "errorMessage", "statement", "projectId", "queryTypeId")
    VALUES ('1113', '8', '2023-06-04 21:52:06.039914', '2023-06-04 21:52:08.039914', 'False', 'None', 'SELECT Orders.customer_id, OrderItems.product_id FROM Orders NATURAL JOIN OrderItems ON Orders.customer_id = OrderItems.product_id;', '1', '1');
INSERT INTO "QueryColumnAccess" ("queryId", "columnId")
    VALUES ('1113', '2');
INSERT INTO "QueryColumnAccess" ("queryId", "columnId")
    VALUES ('1113', '3');
INSERT INTO "QueryTableAccess" ("queryId", "tableId")
    VALUES ('1113', '2');
INSERT INTO "QueryTableAccess" ("queryId", "tableId")
    VALUES ('1113', '5');
SELECT 'Categories.description', 'OrderItems.order_item_id' FROM Categories NATURAL JOIN OrderItems ON 'Categories.description' = 'OrderItems.order_item_id';
INSERT INTO "SqlQuery" ("queryId", "userId", "issuedAt", "finishedAt", "hasError", "errorMessage", "statement", "projectId", "queryTypeId")
    VALUES ('1114', '5', '2023-04-15 21:52:06.039924', '2023-04-15 21:52:10.039924', 'False', 'None', 'SELECT Categories.description, OrderItems.order_item_id FROM Categories NATURAL JOIN OrderItems ON Categories.description = OrderItems.order_item_id;', '1', '1');
INSERT INTO "QueryColumnAccess" ("queryId", "columnId")
    VALUES ('1114', '3');
INSERT INTO "QueryColumnAccess" ("queryId", "columnId")
    VALUES ('1114', '1');
INSERT INTO "QueryTableAccess" ("queryId", "tableId")
    VALUES ('1114', '4');
INSERT INTO "QueryTableAccess" ("queryId", "tableId")
    VALUES ('1114', '5');
SELECT 'OrderItems.unit_price', 'Customers.last_name' FROM OrderItems LEFT OUTER JOIN Customers ON 'OrderItems.unit_price' = 'Customers.last_name';
INSERT INTO "SqlQuery" ("queryId", "userId", "issuedAt", "finishedAt", "hasError", "errorMessage", "statement", "projectId", "queryTypeId")
    VALUES ('1115', '9', '2023-05-12 21:52:06.039932', '2023-05-12 21:52:08.039932', 'False', 'None', 'SELECT OrderItems.unit_price, Customers.last_name FROM OrderItems LEFT OUTER JOIN Customers ON OrderItems.unit_price = Customers.last_name;', '1', '1');
INSERT INTO "QueryColumnAccess" ("queryId", "columnId")
    VALUES ('1115', '5');
INSERT INTO "QueryColumnAccess" ("queryId", "columnId")
    VALUES ('1115', '3');
INSERT INTO "QueryTableAccess" ("queryId", "tableId")
    VALUES ('1115', '5');
INSERT INTO "QueryTableAccess" ("queryId", "tableId")
    VALUES ('1115', '1');
SELECT 'Categories.category_name', 'Orders.customer_id' FROM Categories LEFT OUTER JOIN Orders ON 'Categories.category_name' = 'Orders.customer_id';
INSERT INTO "SqlQuery" ("queryId", "userId", "issuedAt", "finishedAt", "hasError", "errorMessage", "statement", "projectId", "queryTypeId")
    VALUES ('1116', '8', '2023-07-10 21:52:06.039941', '2023-07-10 21:52:09.039941', 'False', 'None', 'SELECT Categories.category_name, Orders.customer_id FROM Categories LEFT OUTER JOIN Orders ON Categories.category_name = Orders.customer_id;', '1', '1');
INSERT INTO "QueryColumnAccess" ("queryId", "columnId")
    VALUES ('1116', '2');
INSERT INTO "QueryColumnAccess" ("queryId", "columnId")
    VALUES ('1116', '2');
INSERT INTO "QueryTableAccess" ("queryId", "tableId")
    VALUES ('1116', '4');
INSERT INTO "QueryTableAccess" ("queryId", "tableId")
    VALUES ('1116', '2');
SELECT 'Products.product_name', 'Categories.category_name' FROM Products RIGHT OUTER JOIN Categories ON 'Products.product_name' = 'Categories.category_name';
INSERT INTO "SqlQuery" ("queryId", "userId", "issuedAt", "finishedAt", "hasError", "errorMessage", "statement", "projectId", "queryTypeId")
    VALUES ('1117', '7', '2023-07-04 21:52:06.039950', '2023-07-04 21:52:07.039950', 'False', 'None', 'SELECT Products.product_name, Categories.category_name FROM Products RIGHT OUTER JOIN Categories ON Products.product_name = Categories.category_name;', '1', '1');
INSERT INTO "QueryColumnAccess" ("queryId", "columnId")
    VALUES ('1117', '2');
INSERT INTO "QueryColumnAccess" ("queryId", "columnId")
    VALUES ('1117', '2');
INSERT INTO "QueryTableAccess" ("queryId", "tableId")
    VALUES ('1117', '3');
INSERT INTO "QueryTableAccess" ("queryId", "tableId")
    VALUES ('1117', '4');
SELECT 'Orders.total_amount', 'Categories.category_id' FROM Orders NATURAL JOIN Categories ON 'Orders.total_amount' = 'Categories.category_id';
INSERT INTO "SqlQuery" ("queryId", "userId", "issuedAt", "finishedAt", "hasError", "errorMessage", "statement", "projectId", "queryTypeId")
    VALUES ('1118', '12', '2023-07-07 21:52:06.039959', '2023-07-07 21:52:10.039959', 'False', 'None', 'SELECT Orders.total_amount, Categories.category_id FROM Orders NATURAL JOIN Categories ON Orders.total_amount = Categories.category_id;', '1', '1');
INSERT INTO "QueryColumnAccess" ("queryId", "columnId")
    VALUES ('1118', '4');
INSERT INTO "QueryColumnAccess" ("queryId", "columnId")
    VALUES ('1118', '1');
INSERT INTO "QueryTableAccess" ("queryId", "tableId")
    VALUES ('1118', '2');
INSERT INTO "QueryTableAccess" ("queryId", "tableId")
    VALUES ('1118', '4');
SELECT 'Products.category', 'Orders.payment_method' FROM Products LEFT OUTER JOIN Orders ON 'Products.category' = 'Orders.payment_method';
INSERT INTO "SqlQuery" ("queryId", "userId", "issuedAt", "finishedAt", "hasError", "errorMessage", "statement", "projectId", "queryTypeId")
    VALUES ('1119', '10', '2023-06-06 21:52:06.039968', '2023-06-06 21:52:08.039968', 'False', 'None', 'SELECT Products.category, Orders.payment_method FROM Products LEFT OUTER JOIN Orders ON Products.category = Orders.payment_method;', '1', '1');
INSERT INTO "QueryColumnAccess" ("queryId", "columnId")
    VALUES ('1119', '3');
INSERT INTO "QueryColumnAccess" ("queryId", "columnId")
    VALUES ('1119', '5');
INSERT INTO "QueryTableAccess" ("queryId", "tableId")
    VALUES ('1119', '3');
INSERT INTO "QueryTableAccess" ("queryId", "tableId")
    VALUES ('1119', '2');
SELECT 'OrderItems.product_id', 'Orders.total_amount' FROM OrderItems NATURAL JOIN Orders ON 'OrderItems.product_id' = 'Orders.total_amount';
INSERT INTO "SqlQuery" ("queryId", "userId", "issuedAt", "finishedAt", "hasError", "errorMessage", "statement", "projectId", "queryTypeId")
    VALUES ('1120', '2', '2023-06-15 21:52:06.039976', '2023-06-15 21:52:09.039976', 'False', 'None', 'SELECT OrderItems.product_id, Orders.total_amount FROM OrderItems NATURAL JOIN Orders ON OrderItems.product_id = Orders.total_amount;', '1', '1');
INSERT INTO "QueryColumnAccess" ("queryId", "columnId")
    VALUES ('1120', '3');
INSERT INTO "QueryColumnAccess" ("queryId", "columnId")
    VALUES ('1120', '4');
INSERT INTO "QueryTableAccess" ("queryId", "tableId")
    VALUES ('1120', '5');
INSERT INTO "QueryTableAccess" ("queryId", "tableId")
    VALUES ('1120', '2');
SELECT 'Orders.order_id', 'Categories.description' FROM Orders LEFT OUTER JOIN Categories ON 'Orders.order_id' = 'Categories.description';
INSERT INTO "SqlQuery" ("queryId", "userId", "issuedAt", "finishedAt", "hasError", "errorMessage", "statement", "projectId", "queryTypeId")
    VALUES ('1121', '1', '2023-06-13 21:52:06.039985', '2023-06-13 21:52:07.039985', 'False', 'None', 'SELECT Orders.order_id, Categories.description FROM Orders LEFT OUTER JOIN Categories ON Orders.order_id = Categories.description;', '1', '1');
INSERT INTO "QueryColumnAccess" ("queryId", "columnId")
    VALUES ('1121', '1');
INSERT INTO "QueryColumnAccess" ("queryId", "columnId")
    VALUES ('1121', '3');
INSERT INTO "QueryTableAccess" ("queryId", "tableId")
    VALUES ('1121', '2');
INSERT INTO "QueryTableAccess" ("queryId", "tableId")
    VALUES ('1121', '4');
SELECT 'Orders.total_amount', 'Customers.email' FROM Orders RIGHT OUTER JOIN Customers ON 'Orders.total_amount' = 'Customers.email';
INSERT INTO "SqlQuery" ("queryId", "userId", "issuedAt", "finishedAt", "hasError", "errorMessage", "statement", "projectId", "queryTypeId")
    VALUES ('1122', '6', '2023-06-09 21:52:06.039997', '2023-06-09 21:52:08.039997', 'False', 'None', 'SELECT Orders.total_amount, Customers.email FROM Orders RIGHT OUTER JOIN Customers ON Orders.total_amount = Customers.email;', '1', '1');
INSERT INTO "QueryColumnAccess" ("queryId", "columnId")
    VALUES ('1122', '4');
INSERT INTO "QueryColumnAccess" ("queryId", "columnId")
    VALUES ('1122', '4');
INSERT INTO "QueryTableAccess" ("queryId", "tableId")
    VALUES ('1122', '2');
INSERT INTO "QueryTableAccess" ("queryId", "tableId")
    VALUES ('1122', '1');
SELECT 'Orders.order_id', 'Products.product_id' FROM Orders RIGHT OUTER JOIN Products ON 'Orders.order_id' = 'Products.product_id';
INSERT INTO "SqlQuery" ("queryId", "userId", "issuedAt", "finishedAt", "hasError", "errorMessage", "statement", "projectId", "queryTypeId")
    VALUES ('1123', '12', '2023-04-16 21:52:06.040006', '2023-04-16 21:52:10.040006', 'False', 'None', 'SELECT Orders.order_id, Products.product_id FROM Orders RIGHT OUTER JOIN Products ON Orders.order_id = Products.product_id;', '1', '1');
INSERT INTO "QueryColumnAccess" ("queryId", "columnId")
    VALUES ('1123', '1');
INSERT INTO "QueryColumnAccess" ("queryId", "columnId")
    VALUES ('1123', '1');
INSERT INTO "QueryTableAccess" ("queryId", "tableId")
    VALUES ('1123', '2');
INSERT INTO "QueryTableAccess" ("queryId", "tableId")
    VALUES ('1123', '3');
SELECT 'Orders.order_date', 'OrderItems.order_item_id' FROM Orders RIGHT OUTER JOIN OrderItems ON 'Orders.order_date' = 'OrderItems.order_item_id';
INSERT INTO "SqlQuery" ("queryId", "userId", "issuedAt", "finishedAt", "hasError", "errorMessage", "statement", "projectId", "queryTypeId")
    VALUES ('1124', '8', '2023-06-09 21:52:06.040015', '2023-06-09 21:52:10.040015', 'False', 'None', 'SELECT Orders.order_date, OrderItems.order_item_id FROM Orders RIGHT OUTER JOIN OrderItems ON Orders.order_date = OrderItems.order_item_id;', '1', '1');
INSERT INTO "QueryColumnAccess" ("queryId", "columnId")
    VALUES ('1124', '3');
INSERT INTO "QueryColumnAccess" ("queryId", "columnId")
    VALUES ('1124', '1');
INSERT INTO "QueryTableAccess" ("queryId", "tableId")
    VALUES ('1124', '2');
INSERT INTO "QueryTableAccess" ("queryId", "tableId")
    VALUES ('1124', '5');
SELECT 'Categories.category_id', 'OrderItems.order_id' FROM Categories LEFT OUTER JOIN OrderItems ON 'Categories.category_id' = 'OrderItems.order_id';
INSERT INTO "SqlQuery" ("queryId", "userId", "issuedAt", "finishedAt", "hasError", "errorMessage", "statement", "projectId", "queryTypeId")
    VALUES ('1125', '1', '2023-05-09 21:52:06.040024', '2023-05-09 21:52:09.040024', 'False', 'None', 'SELECT Categories.category_id, OrderItems.order_id FROM Categories LEFT OUTER JOIN OrderItems ON Categories.category_id = OrderItems.order_id;', '1', '1');
INSERT INTO "QueryColumnAccess" ("queryId", "columnId")
    VALUES ('1125', '1');
INSERT INTO "QueryColumnAccess" ("queryId", "columnId")
    VALUES ('1125', '2');
INSERT INTO "QueryTableAccess" ("queryId", "tableId")
    VALUES ('1125', '4');
INSERT INTO "QueryTableAccess" ("queryId", "tableId")
    VALUES ('1125', '5');
SELECT 'Orders.total_amount', 'Customers.first_name' FROM Orders LEFT OUTER JOIN Customers ON 'Orders.total_amount' = 'Customers.first_name';
INSERT INTO "SqlQuery" ("queryId", "userId", "issuedAt", "finishedAt", "hasError", "errorMessage", "statement", "projectId", "queryTypeId")
    VALUES ('1126', '5', '2023-06-08 21:52:06.040033', '2023-06-08 21:52:08.040033', 'False', 'None', 'SELECT Orders.total_amount, Customers.first_name FROM Orders LEFT OUTER JOIN Customers ON Orders.total_amount = Customers.first_name;', '1', '1');
INSERT INTO "QueryColumnAccess" ("queryId", "columnId")
    VALUES ('1126', '4');
INSERT INTO "QueryColumnAccess" ("queryId", "columnId")
    VALUES ('1126', '2');
INSERT INTO "QueryTableAccess" ("queryId", "tableId")
    VALUES ('1126', '2');
INSERT INTO "QueryTableAccess" ("queryId", "tableId")
    VALUES ('1126', '1');
SELECT 'Categories.category_name', 'Products.price' FROM Categories RIGHT OUTER JOIN Products ON 'Categories.category_name' = 'Products.price';
INSERT INTO "SqlQuery" ("queryId", "userId", "issuedAt", "finishedAt", "hasError", "errorMessage", "statement", "projectId", "queryTypeId")
    VALUES ('1127', '10', '2023-04-23 21:52:06.040042', '2023-04-23 21:52:08.040042', 'False', 'None', 'SELECT Categories.category_name, Products.price FROM Categories RIGHT OUTER JOIN Products ON Categories.category_name = Products.price;', '1', '1');
INSERT INTO "QueryColumnAccess" ("queryId", "columnId")
    VALUES ('1127', '2');
INSERT INTO "QueryColumnAccess" ("queryId", "columnId")
    VALUES ('1127', '4');
INSERT INTO "QueryTableAccess" ("queryId", "tableId")
    VALUES ('1127', '4');
INSERT INTO "QueryTableAccess" ("queryId", "tableId")
    VALUES ('1127', '3');
SELECT 'Customers.phone_number', 'Products.price' FROM Customers LEFT OUTER JOIN Products ON 'Customers.phone_number' = 'Products.price';
INSERT INTO "SqlQuery" ("queryId", "userId", "issuedAt", "finishedAt", "hasError", "errorMessage", "statement", "projectId", "queryTypeId")
    VALUES ('1128', '15', '2023-05-02 21:52:06.040051', '2023-05-02 21:52:07.040051', 'False', 'None', 'SELECT Customers.phone_number, Products.price FROM Customers LEFT OUTER JOIN Products ON Customers.phone_number = Products.price;', '1', '1');
INSERT INTO "QueryColumnAccess" ("queryId", "columnId")
    VALUES ('1128', '5');
INSERT INTO "QueryColumnAccess" ("queryId", "columnId")
    VALUES ('1128', '4');
INSERT INTO "QueryTableAccess" ("queryId", "tableId")
    VALUES ('1128', '1');
INSERT INTO "QueryTableAccess" ("queryId", "tableId")
    VALUES ('1128', '3');
SELECT 'OrderItems.quantity', 'Orders.order_date' FROM OrderItems RIGHT OUTER JOIN Orders ON 'OrderItems.quantity' = 'Orders.order_date';
INSERT INTO "SqlQuery" ("queryId", "userId", "issuedAt", "finishedAt", "hasError", "errorMessage", "statement", "projectId", "queryTypeId")
    VALUES ('1129', '10', '2023-04-28 21:52:06.040060', '2023-04-28 21:52:08.040060', 'False', 'None', 'SELECT OrderItems.quantity, Orders.order_date FROM OrderItems RIGHT OUTER JOIN Orders ON OrderItems.quantity = Orders.order_date;', '1', '1');
INSERT INTO "QueryColumnAccess" ("queryId", "columnId")
    VALUES ('1129', '4');
INSERT INTO "QueryColumnAccess" ("queryId", "columnId")
    VALUES ('1129', '3');
INSERT INTO "QueryTableAccess" ("queryId", "tableId")
    VALUES ('1129', '5');
INSERT INTO "QueryTableAccess" ("queryId", "tableId")
    VALUES ('1129', '2');
SELECT 'Orders.shipping_address', 'Customers.email' FROM Orders RIGHT OUTER JOIN Customers ON 'Orders.shipping_address' = 'Customers.email';
INSERT INTO "SqlQuery" ("queryId", "userId", "issuedAt", "finishedAt", "hasError", "errorMessage", "statement", "projectId", "queryTypeId")
    VALUES ('1130', '3', '2023-05-20 21:52:06.040068', '2023-05-20 21:52:09.040068', 'False', 'None', 'SELECT Orders.shipping_address, Customers.email FROM Orders RIGHT OUTER JOIN Customers ON Orders.shipping_address = Customers.email;', '1', '1');
INSERT INTO "QueryColumnAccess" ("queryId", "columnId")
    VALUES ('1130', '6');
INSERT INTO "QueryColumnAccess" ("queryId", "columnId")
    VALUES ('1130', '4');
INSERT INTO "QueryTableAccess" ("queryId", "tableId")
    VALUES ('1130', '2');
INSERT INTO "QueryTableAccess" ("queryId", "tableId")
    VALUES ('1130', '1');
SELECT 'Products.product_id', 'Categories.category_id' FROM Products RIGHT OUTER JOIN Categories ON 'Products.product_id' = 'Categories.category_id';
INSERT INTO "SqlQuery" ("queryId", "userId", "issuedAt", "finishedAt", "hasError", "errorMessage", "statement", "projectId", "queryTypeId")
    VALUES ('1131', '7', '2023-06-24 21:52:06.040082', '2023-06-24 21:52:09.040082', 'False', 'None', 'SELECT Products.product_id, Categories.category_id FROM Products RIGHT OUTER JOIN Categories ON Products.product_id = Categories.category_id;', '1', '1');
INSERT INTO "QueryColumnAccess" ("queryId", "columnId")
    VALUES ('1131', '1');
INSERT INTO "QueryColumnAccess" ("queryId", "columnId")
    VALUES ('1131', '1');
INSERT INTO "QueryTableAccess" ("queryId", "tableId")
    VALUES ('1131', '3');
INSERT INTO "QueryTableAccess" ("queryId", "tableId")
    VALUES ('1131', '4');
SELECT 'Customers.address', 'Categories.category_name' FROM Customers LEFT OUTER JOIN Categories ON 'Customers.address' = 'Categories.category_name';
INSERT INTO "SqlQuery" ("queryId", "userId", "issuedAt", "finishedAt", "hasError", "errorMessage", "statement", "projectId", "queryTypeId")
    VALUES ('1132', '1', '2023-04-21 21:52:06.040091', '2023-04-21 21:52:09.040091', 'False', 'None', 'SELECT Customers.address, Categories.category_name FROM Customers LEFT OUTER JOIN Categories ON Customers.address = Categories.category_name;', '1', '1');
INSERT INTO "QueryColumnAccess" ("queryId", "columnId")
    VALUES ('1132', '6');
INSERT INTO "QueryColumnAccess" ("queryId", "columnId")
    VALUES ('1132', '2');
INSERT INTO "QueryTableAccess" ("queryId", "tableId")
    VALUES ('1132', '1');
INSERT INTO "QueryTableAccess" ("queryId", "tableId")
    VALUES ('1132', '4');
SELECT 'Products.product_name', 'Customers.email' FROM Products LEFT OUTER JOIN Customers ON 'Products.product_name' = 'Customers.email';
INSERT INTO "SqlQuery" ("queryId", "userId", "issuedAt", "finishedAt", "hasError", "errorMessage", "statement", "projectId", "queryTypeId")
    VALUES ('1133', '14', '2023-06-25 21:52:06.040100', '2023-06-25 21:52:07.040100', 'False', 'None', 'SELECT Products.product_name, Customers.email FROM Products LEFT OUTER JOIN Customers ON Products.product_name = Customers.email;', '1', '1');
INSERT INTO "QueryColumnAccess" ("queryId", "columnId")
    VALUES ('1133', '2');
INSERT INTO "QueryColumnAccess" ("queryId", "columnId")
    VALUES ('1133', '4');
INSERT INTO "QueryTableAccess" ("queryId", "tableId")
    VALUES ('1133', '3');
INSERT INTO "QueryTableAccess" ("queryId", "tableId")
    VALUES ('1133', '1');
SELECT 'Orders.order_date', 'Products.description' FROM Orders NATURAL JOIN Products ON 'Orders.order_date' = 'Products.description';
INSERT INTO "SqlQuery" ("queryId", "userId", "issuedAt", "finishedAt", "hasError", "errorMessage", "statement", "projectId", "queryTypeId")
    VALUES ('1134', '14', '2023-07-03 21:52:06.040109', '2023-07-03 21:52:09.040109', 'False', 'None', 'SELECT Orders.order_date, Products.description FROM Orders NATURAL JOIN Products ON Orders.order_date = Products.description;', '1', '1');
INSERT INTO "QueryColumnAccess" ("queryId", "columnId")
    VALUES ('1134', '3');
INSERT INTO "QueryColumnAccess" ("queryId", "columnId")
    VALUES ('1134', '5');
INSERT INTO "QueryTableAccess" ("queryId", "tableId")
    VALUES ('1134', '2');
INSERT INTO "QueryTableAccess" ("queryId", "tableId")
    VALUES ('1134', '3');
SELECT 'OrderItems.product_id', 'Customers.customer_id' FROM OrderItems LEFT OUTER JOIN Customers ON 'OrderItems.product_id' = 'Customers.customer_id';
INSERT INTO "SqlQuery" ("queryId", "userId", "issuedAt", "finishedAt", "hasError", "errorMessage", "statement", "projectId", "queryTypeId")
    VALUES ('1135', '8', '2023-05-28 21:52:06.040118', '2023-05-28 21:52:08.040118', 'False', 'None', 'SELECT OrderItems.product_id, Customers.customer_id FROM OrderItems LEFT OUTER JOIN Customers ON OrderItems.product_id = Customers.customer_id;', '1', '1');
INSERT INTO "QueryColumnAccess" ("queryId", "columnId")
    VALUES ('1135', '3');
INSERT INTO "QueryColumnAccess" ("queryId", "columnId")
    VALUES ('1135', '1');
INSERT INTO "QueryTableAccess" ("queryId", "tableId")
    VALUES ('1135', '5');
INSERT INTO "QueryTableAccess" ("queryId", "tableId")
    VALUES ('1135', '1');
SELECT 'Orders.total_amount', 'Products.product_name' FROM Orders NATURAL JOIN Products ON 'Orders.total_amount' = 'Products.product_name';
INSERT INTO "SqlQuery" ("queryId", "userId", "issuedAt", "finishedAt", "hasError", "errorMessage", "statement", "projectId", "queryTypeId")
    VALUES ('1136', '2', '2023-06-20 21:52:06.040126', '2023-06-20 21:52:10.040126', 'False', 'None', 'SELECT Orders.total_amount, Products.product_name FROM Orders NATURAL JOIN Products ON Orders.total_amount = Products.product_name;', '1', '1');
INSERT INTO "QueryColumnAccess" ("queryId", "columnId")
    VALUES ('1136', '4');
INSERT INTO "QueryColumnAccess" ("queryId", "columnId")
    VALUES ('1136', '2');
INSERT INTO "QueryTableAccess" ("queryId", "tableId")
    VALUES ('1136', '2');
INSERT INTO "QueryTableAccess" ("queryId", "tableId")
    VALUES ('1136', '3');
SELECT 'Products.product_name', 'OrderItems.product_id' FROM Products LEFT OUTER JOIN OrderItems ON 'Products.product_name' = 'OrderItems.product_id';
INSERT INTO "SqlQuery" ("queryId", "userId", "issuedAt", "finishedAt", "hasError", "errorMessage", "statement", "projectId", "queryTypeId")
    VALUES ('1137', '15', '2023-04-30 21:52:06.040135', '2023-04-30 21:52:10.040135', 'False', 'None', 'SELECT Products.product_name, OrderItems.product_id FROM Products LEFT OUTER JOIN OrderItems ON Products.product_name = OrderItems.product_id;', '1', '1');
INSERT INTO "QueryColumnAccess" ("queryId", "columnId")
    VALUES ('1137', '2');
INSERT INTO "QueryColumnAccess" ("queryId", "columnId")
    VALUES ('1137', '3');
INSERT INTO "QueryTableAccess" ("queryId", "tableId")
    VALUES ('1137', '3');
INSERT INTO "QueryTableAccess" ("queryId", "tableId")
    VALUES ('1137', '5');
SELECT 'Categories.description', 'Customers.customer_id' FROM Categories RIGHT OUTER JOIN Customers ON 'Categories.description' = 'Customers.customer_id';
INSERT INTO "SqlQuery" ("queryId", "userId", "issuedAt", "finishedAt", "hasError", "errorMessage", "statement", "projectId", "queryTypeId")
    VALUES ('1138', '10', '2023-05-24 21:52:06.040144', '2023-05-24 21:52:08.040144', 'False', 'None', 'SELECT Categories.description, Customers.customer_id FROM Categories RIGHT OUTER JOIN Customers ON Categories.description = Customers.customer_id;', '1', '1');
INSERT INTO "QueryColumnAccess" ("queryId", "columnId")
    VALUES ('1138', '3');
INSERT INTO "QueryColumnAccess" ("queryId", "columnId")
    VALUES ('1138', '1');
INSERT INTO "QueryTableAccess" ("queryId", "tableId")
    VALUES ('1138', '4');
INSERT INTO "QueryTableAccess" ("queryId", "tableId")
    VALUES ('1138', '1');
SELECT 'Customers.customer_id', 'Products.price' FROM Customers LEFT OUTER JOIN Products ON 'Customers.customer_id' = 'Products.price';
INSERT INTO "SqlQuery" ("queryId", "userId", "issuedAt", "finishedAt", "hasError", "errorMessage", "statement", "projectId", "queryTypeId")
    VALUES ('1139', '10', '2023-05-29 21:52:06.040153', '2023-05-29 21:52:10.040153', 'False', 'None', 'SELECT Customers.customer_id, Products.price FROM Customers LEFT OUTER JOIN Products ON Customers.customer_id = Products.price;', '1', '1');
INSERT INTO "QueryColumnAccess" ("queryId", "columnId")
    VALUES ('1139', '1');
INSERT INTO "QueryColumnAccess" ("queryId", "columnId")
    VALUES ('1139', '4');
INSERT INTO "QueryTableAccess" ("queryId", "tableId")
    VALUES ('1139', '1');
INSERT INTO "QueryTableAccess" ("queryId", "tableId")
    VALUES ('1139', '3');
SELECT 'OrderItems.quantity', 'Products.quantity' FROM OrderItems RIGHT OUTER JOIN Products ON 'OrderItems.quantity' = 'Products.quantity';
INSERT INTO "SqlQuery" ("queryId", "userId", "issuedAt", "finishedAt", "hasError", "errorMessage", "statement", "projectId", "queryTypeId")
    VALUES ('1140', '15', '2023-05-05 21:52:06.040162', '2023-05-05 21:52:07.040162', 'False', 'None', 'SELECT OrderItems.quantity, Products.quantity FROM OrderItems RIGHT OUTER JOIN Products ON OrderItems.quantity = Products.quantity;', '1', '1');
INSERT INTO "QueryColumnAccess" ("queryId", "columnId")
    VALUES ('1140', '4');
INSERT INTO "QueryColumnAccess" ("queryId", "columnId")
    VALUES ('1140', '6');
INSERT INTO "QueryTableAccess" ("queryId", "tableId")
    VALUES ('1140', '5');
INSERT INTO "QueryTableAccess" ("queryId", "tableId")
    VALUES ('1140', '3');
SELECT 'Orders.payment_method', 'OrderItems.order_item_id' FROM Orders RIGHT OUTER JOIN OrderItems ON 'Orders.payment_method' = 'OrderItems.order_item_id';
INSERT INTO "SqlQuery" ("queryId", "userId", "issuedAt", "finishedAt", "hasError", "errorMessage", "statement", "projectId", "queryTypeId")
    VALUES ('1141', '1', '2023-05-03 21:52:06.040174', '2023-05-03 21:52:07.040174', 'False', 'None', 'SELECT Orders.payment_method, OrderItems.order_item_id FROM Orders RIGHT OUTER JOIN OrderItems ON Orders.payment_method = OrderItems.order_item_id;', '1', '1');
INSERT INTO "QueryColumnAccess" ("queryId", "columnId")
    VALUES ('1141', '5');
INSERT INTO "QueryColumnAccess" ("queryId", "columnId")
    VALUES ('1141', '1');
INSERT INTO "QueryTableAccess" ("queryId", "tableId")
    VALUES ('1141', '2');
INSERT INTO "QueryTableAccess" ("queryId", "tableId")
    VALUES ('1141', '5');
SELECT 'Products.price', 'Categories.parent_category_id' FROM Products NATURAL JOIN Categories ON 'Products.price' = 'Categories.parent_category_id';
INSERT INTO "SqlQuery" ("queryId", "userId", "issuedAt", "finishedAt", "hasError", "errorMessage", "statement", "projectId", "queryTypeId")
    VALUES ('1142', '4', '2023-04-12 21:52:06.040184', '2023-04-12 21:52:07.040184', 'False', 'None', 'SELECT Products.price, Categories.parent_category_id FROM Products NATURAL JOIN Categories ON Products.price = Categories.parent_category_id;', '1', '1');
INSERT INTO "QueryColumnAccess" ("queryId", "columnId")
    VALUES ('1142', '4');
INSERT INTO "QueryColumnAccess" ("queryId", "columnId")
    VALUES ('1142', '4');
INSERT INTO "QueryTableAccess" ("queryId", "tableId")
    VALUES ('1142', '3');
INSERT INTO "QueryTableAccess" ("queryId", "tableId")
    VALUES ('1142', '4');
SELECT 'Orders.order_id', 'Products.price' FROM Orders NATURAL JOIN Products ON 'Orders.order_id' = 'Products.price';
INSERT INTO "SqlQuery" ("queryId", "userId", "issuedAt", "finishedAt", "hasError", "errorMessage", "statement", "projectId", "queryTypeId")
    VALUES ('1143', '11', '2023-05-19 21:52:06.040193', '2023-05-19 21:52:09.040193', 'False', 'None', 'SELECT Orders.order_id, Products.price FROM Orders NATURAL JOIN Products ON Orders.order_id = Products.price;', '1', '1');
INSERT INTO "QueryColumnAccess" ("queryId", "columnId")
    VALUES ('1143', '1');
INSERT INTO "QueryColumnAccess" ("queryId", "columnId")
    VALUES ('1143', '4');
INSERT INTO "QueryTableAccess" ("queryId", "tableId")
    VALUES ('1143', '2');
INSERT INTO "QueryTableAccess" ("queryId", "tableId")
    VALUES ('1143', '3');
SELECT 'Products.description', 'Categories.description' FROM Products RIGHT OUTER JOIN Categories ON 'Products.description' = 'Categories.description';
INSERT INTO "SqlQuery" ("queryId", "userId", "issuedAt", "finishedAt", "hasError", "errorMessage", "statement", "projectId", "queryTypeId")
    VALUES ('1144', '4', '2023-06-22 21:52:06.040202', '2023-06-22 21:52:09.040202', 'False', 'None', 'SELECT Products.description, Categories.description FROM Products RIGHT OUTER JOIN Categories ON Products.description = Categories.description;', '1', '1');
INSERT INTO "QueryColumnAccess" ("queryId", "columnId")
    VALUES ('1144', '5');
INSERT INTO "QueryColumnAccess" ("queryId", "columnId")
    VALUES ('1144', '3');
INSERT INTO "QueryTableAccess" ("queryId", "tableId")
    VALUES ('1144', '3');
INSERT INTO "QueryTableAccess" ("queryId", "tableId")
    VALUES ('1144', '4');
SELECT 'Orders.shipping_address', 'Products.category' FROM Orders NATURAL JOIN Products ON 'Orders.shipping_address' = 'Products.category';
INSERT INTO "SqlQuery" ("queryId", "userId", "issuedAt", "finishedAt", "hasError", "errorMessage", "statement", "projectId", "queryTypeId")
    VALUES ('1145', '5', '2023-05-08 21:52:06.040211', '2023-05-08 21:52:08.040211', 'False', 'None', 'SELECT Orders.shipping_address, Products.category FROM Orders NATURAL JOIN Products ON Orders.shipping_address = Products.category;', '1', '1');
INSERT INTO "QueryColumnAccess" ("queryId", "columnId")
    VALUES ('1145', '6');
INSERT INTO "QueryColumnAccess" ("queryId", "columnId")
    VALUES ('1145', '3');
INSERT INTO "QueryTableAccess" ("queryId", "tableId")
    VALUES ('1145', '2');
INSERT INTO "QueryTableAccess" ("queryId", "tableId")
    VALUES ('1145', '3');
SELECT 'Customers.email', 'Orders.order_id' FROM Customers RIGHT OUTER JOIN Orders ON 'Customers.email' = 'Orders.order_id';
INSERT INTO "SqlQuery" ("queryId", "userId", "issuedAt", "finishedAt", "hasError", "errorMessage", "statement", "projectId", "queryTypeId")
    VALUES ('1146', '1', '2023-05-25 21:52:06.040220', '2023-05-25 21:52:09.040220', 'False', 'None', 'SELECT Customers.email, Orders.order_id FROM Customers RIGHT OUTER JOIN Orders ON Customers.email = Orders.order_id;', '1', '1');
INSERT INTO "QueryColumnAccess" ("queryId", "columnId")
    VALUES ('1146', '4');
INSERT INTO "QueryColumnAccess" ("queryId", "columnId")
    VALUES ('1146', '1');
INSERT INTO "QueryTableAccess" ("queryId", "tableId")
    VALUES ('1146', '1');
INSERT INTO "QueryTableAccess" ("queryId", "tableId")
    VALUES ('1146', '2');
SELECT 'Orders.order_date', 'Customers.phone_number' FROM Orders LEFT OUTER JOIN Customers ON 'Orders.order_date' = 'Customers.phone_number';
INSERT INTO "SqlQuery" ("queryId", "userId", "issuedAt", "finishedAt", "hasError", "errorMessage", "statement", "projectId", "queryTypeId")
    VALUES ('1147', '2', '2023-05-17 21:52:06.040228', '2023-05-17 21:52:08.040228', 'False', 'None', 'SELECT Orders.order_date, Customers.phone_number FROM Orders LEFT OUTER JOIN Customers ON Orders.order_date = Customers.phone_number;', '1', '1');
INSERT INTO "QueryColumnAccess" ("queryId", "columnId")
    VALUES ('1147', '3');
INSERT INTO "QueryColumnAccess" ("queryId", "columnId")
    VALUES ('1147', '5');
INSERT INTO "QueryTableAccess" ("queryId", "tableId")
    VALUES ('1147', '2');
INSERT INTO "QueryTableAccess" ("queryId", "tableId")
    VALUES ('1147', '1');
SELECT 'Products.price', 'Categories.category_id' FROM Products RIGHT OUTER JOIN Categories ON 'Products.price' = 'Categories.category_id';
INSERT INTO "SqlQuery" ("queryId", "userId", "issuedAt", "finishedAt", "hasError", "errorMessage", "statement", "projectId", "queryTypeId")
    VALUES ('1148', '4', '2023-04-27 21:52:06.040237', '2023-04-27 21:52:10.040237', 'False', 'None', 'SELECT Products.price, Categories.category_id FROM Products RIGHT OUTER JOIN Categories ON Products.price = Categories.category_id;', '1', '1');
INSERT INTO "QueryColumnAccess" ("queryId", "columnId")
    VALUES ('1148', '4');
INSERT INTO "QueryColumnAccess" ("queryId", "columnId")
    VALUES ('1148', '1');
INSERT INTO "QueryTableAccess" ("queryId", "tableId")
    VALUES ('1148', '3');
INSERT INTO "QueryTableAccess" ("queryId", "tableId")
    VALUES ('1148', '4');
SELECT 'Orders.order_date', 'OrderItems.product_id' FROM Orders LEFT OUTER JOIN OrderItems ON 'Orders.order_date' = 'OrderItems.product_id';
INSERT INTO "SqlQuery" ("queryId", "userId", "issuedAt", "finishedAt", "hasError", "errorMessage", "statement", "projectId", "queryTypeId")
    VALUES ('1149', '3', '2023-04-15 21:52:06.040246', '2023-04-15 21:52:09.040246', 'False', 'None', 'SELECT Orders.order_date, OrderItems.product_id FROM Orders LEFT OUTER JOIN OrderItems ON Orders.order_date = OrderItems.product_id;', '1', '1');
INSERT INTO "QueryColumnAccess" ("queryId", "columnId")
    VALUES ('1149', '3');
INSERT INTO "QueryColumnAccess" ("queryId", "columnId")
    VALUES ('1149', '3');
INSERT INTO "QueryTableAccess" ("queryId", "tableId")
    VALUES ('1149', '2');
INSERT INTO "QueryTableAccess" ("queryId", "tableId")
    VALUES ('1149', '5');
SELECT 'Products.product_id', 'Customers.address' FROM Products LEFT OUTER JOIN Customers ON 'Products.product_id' = 'Customers.address';
INSERT INTO "SqlQuery" ("queryId", "userId", "issuedAt", "finishedAt", "hasError", "errorMessage", "statement", "projectId", "queryTypeId")
    VALUES ('1150', '15', '2023-04-19 21:52:06.040259', '2023-04-19 21:52:10.040259', 'False', 'None', 'SELECT Products.product_id, Customers.address FROM Products LEFT OUTER JOIN Customers ON Products.product_id = Customers.address;', '1', '1');
INSERT INTO "QueryColumnAccess" ("queryId", "columnId")
    VALUES ('1150', '1');
INSERT INTO "QueryColumnAccess" ("queryId", "columnId")
    VALUES ('1150', '6');
INSERT INTO "QueryTableAccess" ("queryId", "tableId")
    VALUES ('1150', '3');
INSERT INTO "QueryTableAccess" ("queryId", "tableId")
    VALUES ('1150', '1');
SELECT 'Customers.customer_id', 'Orders.order_date' FROM Customers RIGHT OUTER JOIN Orders ON 'Customers.customer_id' = 'Orders.order_date';
INSERT INTO "SqlQuery" ("queryId", "userId", "issuedAt", "finishedAt", "hasError", "errorMessage", "statement", "projectId", "queryTypeId")
    VALUES ('1151', '4', '2023-05-05 21:52:06.040268', '2023-05-05 21:52:07.040268', 'False', 'None', 'SELECT Customers.customer_id, Orders.order_date FROM Customers RIGHT OUTER JOIN Orders ON Customers.customer_id = Orders.order_date;', '1', '1');
INSERT INTO "QueryColumnAccess" ("queryId", "columnId")
    VALUES ('1151', '1');
INSERT INTO "QueryColumnAccess" ("queryId", "columnId")
    VALUES ('1151', '3');
INSERT INTO "QueryTableAccess" ("queryId", "tableId")
    VALUES ('1151', '1');
INSERT INTO "QueryTableAccess" ("queryId", "tableId")
    VALUES ('1151', '2');
SELECT 'Orders.order_date', 'Categories.category_name' FROM Orders NATURAL JOIN Categories ON 'Orders.order_date' = 'Categories.category_name';
INSERT INTO "SqlQuery" ("queryId", "userId", "issuedAt", "finishedAt", "hasError", "errorMessage", "statement", "projectId", "queryTypeId")
    VALUES ('1152', '13', '2023-04-17 21:52:06.040277', '2023-04-17 21:52:08.040277', 'False', 'None', 'SELECT Orders.order_date, Categories.category_name FROM Orders NATURAL JOIN Categories ON Orders.order_date = Categories.category_name;', '1', '1');
INSERT INTO "QueryColumnAccess" ("queryId", "columnId")
    VALUES ('1152', '3');
INSERT INTO "QueryColumnAccess" ("queryId", "columnId")
    VALUES ('1152', '2');
INSERT INTO "QueryTableAccess" ("queryId", "tableId")
    VALUES ('1152', '2');
INSERT INTO "QueryTableAccess" ("queryId", "tableId")
    VALUES ('1152', '4');
SELECT 'Orders.order_id', 'Products.product_id' FROM Orders LEFT OUTER JOIN Products ON 'Orders.order_id' = 'Products.product_id';
INSERT INTO "SqlQuery" ("queryId", "userId", "issuedAt", "finishedAt", "hasError", "errorMessage", "statement", "projectId", "queryTypeId")
    VALUES ('1153', '7', '2023-05-30 21:52:06.040286', '2023-05-30 21:52:07.040286', 'False', 'None', 'SELECT Orders.order_id, Products.product_id FROM Orders LEFT OUTER JOIN Products ON Orders.order_id = Products.product_id;', '1', '1');
INSERT INTO "QueryColumnAccess" ("queryId", "columnId")
    VALUES ('1153', '1');
INSERT INTO "QueryColumnAccess" ("queryId", "columnId")
    VALUES ('1153', '1');
INSERT INTO "QueryTableAccess" ("queryId", "tableId")
    VALUES ('1153', '2');
INSERT INTO "QueryTableAccess" ("queryId", "tableId")
    VALUES ('1153', '3');
SELECT 'Customers.customer_id', 'Orders.order_date' FROM Customers RIGHT OUTER JOIN Orders ON 'Customers.customer_id' = 'Orders.order_date';
INSERT INTO "SqlQuery" ("queryId", "userId", "issuedAt", "finishedAt", "hasError", "errorMessage", "statement", "projectId", "queryTypeId")
    VALUES ('1154', '4', '2023-05-16 21:52:06.040295', '2023-05-16 21:52:07.040295', 'False', 'None', 'SELECT Customers.customer_id, Orders.order_date FROM Customers RIGHT OUTER JOIN Orders ON Customers.customer_id = Orders.order_date;', '1', '1');
INSERT INTO "QueryColumnAccess" ("queryId", "columnId")
    VALUES ('1154', '1');
INSERT INTO "QueryColumnAccess" ("queryId", "columnId")
    VALUES ('1154', '3');
INSERT INTO "QueryTableAccess" ("queryId", "tableId")
    VALUES ('1154', '1');
INSERT INTO "QueryTableAccess" ("queryId", "tableId")
    VALUES ('1154', '2');
SELECT 'OrderItems.product_id', 'Orders.order_date' FROM OrderItems RIGHT OUTER JOIN Orders ON 'OrderItems.product_id' = 'Orders.order_date';
INSERT INTO "SqlQuery" ("queryId", "userId", "issuedAt", "finishedAt", "hasError", "errorMessage", "statement", "projectId", "queryTypeId")
    VALUES ('1155', '15', '2023-05-05 21:52:06.040304', '2023-05-05 21:52:09.040304', 'False', 'None', 'SELECT OrderItems.product_id, Orders.order_date FROM OrderItems RIGHT OUTER JOIN Orders ON OrderItems.product_id = Orders.order_date;', '1', '1');
INSERT INTO "QueryColumnAccess" ("queryId", "columnId")
    VALUES ('1155', '3');
INSERT INTO "QueryColumnAccess" ("queryId", "columnId")
    VALUES ('1155', '3');
INSERT INTO "QueryTableAccess" ("queryId", "tableId")
    VALUES ('1155', '5');
INSERT INTO "QueryTableAccess" ("queryId", "tableId")
    VALUES ('1155', '2');
SELECT 'Products.category', 'Categories.parent_category_id' FROM Products RIGHT OUTER JOIN Categories ON 'Products.category' = 'Categories.parent_category_id';
INSERT INTO "SqlQuery" ("queryId", "userId", "issuedAt", "finishedAt", "hasError", "errorMessage", "statement", "projectId", "queryTypeId")
    VALUES ('1156', '11', '2023-07-02 21:52:06.040312', '2023-07-02 21:52:09.040312', 'False', 'None', 'SELECT Products.category, Categories.parent_category_id FROM Products RIGHT OUTER JOIN Categories ON Products.category = Categories.parent_category_id;', '1', '1');
INSERT INTO "QueryColumnAccess" ("queryId", "columnId")
    VALUES ('1156', '3');
INSERT INTO "QueryColumnAccess" ("queryId", "columnId")
    VALUES ('1156', '4');
INSERT INTO "QueryTableAccess" ("queryId", "tableId")
    VALUES ('1156', '3');
INSERT INTO "QueryTableAccess" ("queryId", "tableId")
    VALUES ('1156', '4');
SELECT 'OrderItems.unit_price', 'Products.product_name' FROM OrderItems NATURAL JOIN Products ON 'OrderItems.unit_price' = 'Products.product_name';
INSERT INTO "SqlQuery" ("queryId", "userId", "issuedAt", "finishedAt", "hasError", "errorMessage", "statement", "projectId", "queryTypeId")
    VALUES ('1157', '13', '2023-05-12 21:52:06.040321', '2023-05-12 21:52:07.040321', 'False', 'None', 'SELECT OrderItems.unit_price, Products.product_name FROM OrderItems NATURAL JOIN Products ON OrderItems.unit_price = Products.product_name;', '1', '1');
INSERT INTO "QueryColumnAccess" ("queryId", "columnId")
    VALUES ('1157', '5');
INSERT INTO "QueryColumnAccess" ("queryId", "columnId")
    VALUES ('1157', '2');
INSERT INTO "QueryTableAccess" ("queryId", "tableId")
    VALUES ('1157', '5');
INSERT INTO "QueryTableAccess" ("queryId", "tableId")
    VALUES ('1157', '3');
SELECT 'Categories.description', 'OrderItems.unit_price' FROM Categories RIGHT OUTER JOIN OrderItems ON 'Categories.description' = 'OrderItems.unit_price';
INSERT INTO "SqlQuery" ("queryId", "userId", "issuedAt", "finishedAt", "hasError", "errorMessage", "statement", "projectId", "queryTypeId")
    VALUES ('1158', '9', '2023-05-18 21:52:06.040331', '2023-05-18 21:52:10.040331', 'False', 'None', 'SELECT Categories.description, OrderItems.unit_price FROM Categories RIGHT OUTER JOIN OrderItems ON Categories.description = OrderItems.unit_price;', '1', '1');
INSERT INTO "QueryColumnAccess" ("queryId", "columnId")
    VALUES ('1158', '3');
INSERT INTO "QueryColumnAccess" ("queryId", "columnId")
    VALUES ('1158', '5');
INSERT INTO "QueryTableAccess" ("queryId", "tableId")
    VALUES ('1158', '4');
INSERT INTO "QueryTableAccess" ("queryId", "tableId")
    VALUES ('1158', '5');
SELECT 'Products.product_id', 'Customers.customer_id' FROM Products NATURAL JOIN Customers ON 'Products.product_id' = 'Customers.customer_id';
INSERT INTO "SqlQuery" ("queryId", "userId", "issuedAt", "finishedAt", "hasError", "errorMessage", "statement", "projectId", "queryTypeId")
    VALUES ('1159', '12', '2023-04-21 21:52:06.040339', '2023-04-21 21:52:10.040339', 'False', 'None', 'SELECT Products.product_id, Customers.customer_id FROM Products NATURAL JOIN Customers ON Products.product_id = Customers.customer_id;', '1', '1');
INSERT INTO "QueryColumnAccess" ("queryId", "columnId")
    VALUES ('1159', '1');
INSERT INTO "QueryColumnAccess" ("queryId", "columnId")
    VALUES ('1159', '1');
INSERT INTO "QueryTableAccess" ("queryId", "tableId")
    VALUES ('1159', '3');
INSERT INTO "QueryTableAccess" ("queryId", "tableId")
    VALUES ('1159', '1');
SELECT 'Orders.order_id', 'Customers.address' FROM Orders NATURAL JOIN Customers ON 'Orders.order_id' = 'Customers.address';
INSERT INTO "SqlQuery" ("queryId", "userId", "issuedAt", "finishedAt", "hasError", "errorMessage", "statement", "projectId", "queryTypeId")
    VALUES ('1160', '8', '2023-06-24 21:52:06.040356', '2023-06-24 21:52:07.040356', 'False', 'None', 'SELECT Orders.order_id, Customers.address FROM Orders NATURAL JOIN Customers ON Orders.order_id = Customers.address;', '1', '1');
INSERT INTO "QueryColumnAccess" ("queryId", "columnId")
    VALUES ('1160', '1');
INSERT INTO "QueryColumnAccess" ("queryId", "columnId")
    VALUES ('1160', '6');
INSERT INTO "QueryTableAccess" ("queryId", "tableId")
    VALUES ('1160', '2');
INSERT INTO "QueryTableAccess" ("queryId", "tableId")
    VALUES ('1160', '1');
SELECT 'Customers.first_name', 'Orders.customer_id' FROM Customers NATURAL JOIN Orders ON 'Customers.first_name' = 'Orders.customer_id';
INSERT INTO "SqlQuery" ("queryId", "userId", "issuedAt", "finishedAt", "hasError", "errorMessage", "statement", "projectId", "queryTypeId")
    VALUES ('1161', '2', '2023-05-15 21:52:06.040365', '2023-05-15 21:52:09.040365', 'False', 'None', 'SELECT Customers.first_name, Orders.customer_id FROM Customers NATURAL JOIN Orders ON Customers.first_name = Orders.customer_id;', '1', '1');
INSERT INTO "QueryColumnAccess" ("queryId", "columnId")
    VALUES ('1161', '2');
INSERT INTO "QueryColumnAccess" ("queryId", "columnId")
    VALUES ('1161', '2');
INSERT INTO "QueryTableAccess" ("queryId", "tableId")
    VALUES ('1161', '1');
INSERT INTO "QueryTableAccess" ("queryId", "tableId")
    VALUES ('1161', '2');
SELECT 'Products.category', 'Orders.shipping_address' FROM Products NATURAL JOIN Orders ON 'Products.category' = 'Orders.shipping_address';
INSERT INTO "SqlQuery" ("queryId", "userId", "issuedAt", "finishedAt", "hasError", "errorMessage", "statement", "projectId", "queryTypeId")
    VALUES ('1162', '7', '2023-05-29 21:52:06.040374', '2023-05-29 21:52:09.040374', 'False', 'None', 'SELECT Products.category, Orders.shipping_address FROM Products NATURAL JOIN Orders ON Products.category = Orders.shipping_address;', '1', '1');
INSERT INTO "QueryColumnAccess" ("queryId", "columnId")
    VALUES ('1162', '3');
INSERT INTO "QueryColumnAccess" ("queryId", "columnId")
    VALUES ('1162', '6');
INSERT INTO "QueryTableAccess" ("queryId", "tableId")
    VALUES ('1162', '3');
INSERT INTO "QueryTableAccess" ("queryId", "tableId")
    VALUES ('1162', '2');
SELECT 'Orders.shipping_address', 'Customers.last_name' FROM Orders LEFT OUTER JOIN Customers ON 'Orders.shipping_address' = 'Customers.last_name';
INSERT INTO "SqlQuery" ("queryId", "userId", "issuedAt", "finishedAt", "hasError", "errorMessage", "statement", "projectId", "queryTypeId")
    VALUES ('1163', '11', '2023-04-21 21:52:06.040383', '2023-04-21 21:52:07.040383', 'False', 'None', 'SELECT Orders.shipping_address, Customers.last_name FROM Orders LEFT OUTER JOIN Customers ON Orders.shipping_address = Customers.last_name;', '1', '1');
INSERT INTO "QueryColumnAccess" ("queryId", "columnId")
    VALUES ('1163', '6');
INSERT INTO "QueryColumnAccess" ("queryId", "columnId")
    VALUES ('1163', '3');
INSERT INTO "QueryTableAccess" ("queryId", "tableId")
    VALUES ('1163', '2');
INSERT INTO "QueryTableAccess" ("queryId", "tableId")
    VALUES ('1163', '1');
SELECT 'Categories.category_name', 'Orders.order_date' FROM Categories LEFT OUTER JOIN Orders ON 'Categories.category_name' = 'Orders.order_date';
INSERT INTO "SqlQuery" ("queryId", "userId", "issuedAt", "finishedAt", "hasError", "errorMessage", "statement", "projectId", "queryTypeId")
    VALUES ('1164', '14', '2023-07-08 21:52:06.040393', '2023-07-08 21:52:08.040393', 'False', 'None', 'SELECT Categories.category_name, Orders.order_date FROM Categories LEFT OUTER JOIN Orders ON Categories.category_name = Orders.order_date;', '1', '1');
INSERT INTO "QueryColumnAccess" ("queryId", "columnId")
    VALUES ('1164', '2');
INSERT INTO "QueryColumnAccess" ("queryId", "columnId")
    VALUES ('1164', '3');
INSERT INTO "QueryTableAccess" ("queryId", "tableId")
    VALUES ('1164', '4');
INSERT INTO "QueryTableAccess" ("queryId", "tableId")
    VALUES ('1164', '2');
SELECT 'Customers.phone_number', 'Orders.order_id' FROM Customers LEFT OUTER JOIN Orders ON 'Customers.phone_number' = 'Orders.order_id';
INSERT INTO "SqlQuery" ("queryId", "userId", "issuedAt", "finishedAt", "hasError", "errorMessage", "statement", "projectId", "queryTypeId")
    VALUES ('1165', '12', '2023-06-14 21:52:06.040402', '2023-06-14 21:52:07.040402', 'False', 'None', 'SELECT Customers.phone_number, Orders.order_id FROM Customers LEFT OUTER JOIN Orders ON Customers.phone_number = Orders.order_id;', '1', '1');
INSERT INTO "QueryColumnAccess" ("queryId", "columnId")
    VALUES ('1165', '5');
INSERT INTO "QueryColumnAccess" ("queryId", "columnId")
    VALUES ('1165', '1');
INSERT INTO "QueryTableAccess" ("queryId", "tableId")
    VALUES ('1165', '1');
INSERT INTO "QueryTableAccess" ("queryId", "tableId")
    VALUES ('1165', '2');
SELECT 'Categories.parent_category_id', 'Customers.phone_number' FROM Categories NATURAL JOIN Customers ON 'Categories.parent_category_id' = 'Customers.phone_number';
INSERT INTO "SqlQuery" ("queryId", "userId", "issuedAt", "finishedAt", "hasError", "errorMessage", "statement", "projectId", "queryTypeId")
    VALUES ('1166', '8', '2023-06-04 21:52:06.040411', '2023-06-04 21:52:09.040411', 'False', 'None', 'SELECT Categories.parent_category_id, Customers.phone_number FROM Categories NATURAL JOIN Customers ON Categories.parent_category_id = Customers.phone_number;', '1', '1');
INSERT INTO "QueryColumnAccess" ("queryId", "columnId")
    VALUES ('1166', '4');
INSERT INTO "QueryColumnAccess" ("queryId", "columnId")
    VALUES ('1166', '5');
INSERT INTO "QueryTableAccess" ("queryId", "tableId")
    VALUES ('1166', '4');
INSERT INTO "QueryTableAccess" ("queryId", "tableId")
    VALUES ('1166', '1');
SELECT 'Products.product_id', 'Orders.total_amount' FROM Products NATURAL JOIN Orders ON 'Products.product_id' = 'Orders.total_amount';
INSERT INTO "SqlQuery" ("queryId", "userId", "issuedAt", "finishedAt", "hasError", "errorMessage", "statement", "projectId", "queryTypeId")
    VALUES ('1167', '8', '2023-07-04 21:52:06.040419', '2023-07-04 21:52:10.040419', 'False', 'None', 'SELECT Products.product_id, Orders.total_amount FROM Products NATURAL JOIN Orders ON Products.product_id = Orders.total_amount;', '1', '1');
INSERT INTO "QueryColumnAccess" ("queryId", "columnId")
    VALUES ('1167', '1');
INSERT INTO "QueryColumnAccess" ("queryId", "columnId")
    VALUES ('1167', '4');
INSERT INTO "QueryTableAccess" ("queryId", "tableId")
    VALUES ('1167', '3');
INSERT INTO "QueryTableAccess" ("queryId", "tableId")
    VALUES ('1167', '2');
SELECT 'Customers.address', 'OrderItems.product_id' FROM Customers LEFT OUTER JOIN OrderItems ON 'Customers.address' = 'OrderItems.product_id';
INSERT INTO "SqlQuery" ("queryId", "userId", "issuedAt", "finishedAt", "hasError", "errorMessage", "statement", "projectId", "queryTypeId")
    VALUES ('1168', '3', '2023-04-12 21:52:06.040428', '2023-04-12 21:52:08.040428', 'False', 'None', 'SELECT Customers.address, OrderItems.product_id FROM Customers LEFT OUTER JOIN OrderItems ON Customers.address = OrderItems.product_id;', '1', '1');
INSERT INTO "QueryColumnAccess" ("queryId", "columnId")
    VALUES ('1168', '6');
INSERT INTO "QueryColumnAccess" ("queryId", "columnId")
    VALUES ('1168', '3');
INSERT INTO "QueryTableAccess" ("queryId", "tableId")
    VALUES ('1168', '1');
INSERT INTO "QueryTableAccess" ("queryId", "tableId")
    VALUES ('1168', '5');
SELECT 'OrderItems.order_item_id', 'Products.product_id' FROM OrderItems RIGHT OUTER JOIN Products ON 'OrderItems.order_item_id' = 'Products.product_id';
INSERT INTO "SqlQuery" ("queryId", "userId", "issuedAt", "finishedAt", "hasError", "errorMessage", "statement", "projectId", "queryTypeId")
    VALUES ('1169', '6', '2023-06-10 21:52:06.040442', '2023-06-10 21:52:07.040442', 'False', 'None', 'SELECT OrderItems.order_item_id, Products.product_id FROM OrderItems RIGHT OUTER JOIN Products ON OrderItems.order_item_id = Products.product_id;', '1', '1');
INSERT INTO "QueryColumnAccess" ("queryId", "columnId")
    VALUES ('1169', '1');
INSERT INTO "QueryColumnAccess" ("queryId", "columnId")
    VALUES ('1169', '1');
INSERT INTO "QueryTableAccess" ("queryId", "tableId")
    VALUES ('1169', '5');
INSERT INTO "QueryTableAccess" ("queryId", "tableId")
    VALUES ('1169', '3');
SELECT 'Customers.address', 'Products.product_id' FROM Customers LEFT OUTER JOIN Products ON 'Customers.address' = 'Products.product_id';
INSERT INTO "SqlQuery" ("queryId", "userId", "issuedAt", "finishedAt", "hasError", "errorMessage", "statement", "projectId", "queryTypeId")
    VALUES ('1170', '3', '2023-06-26 21:52:06.040451', '2023-06-26 21:52:10.040451', 'False', 'None', 'SELECT Customers.address, Products.product_id FROM Customers LEFT OUTER JOIN Products ON Customers.address = Products.product_id;', '1', '1');
INSERT INTO "QueryColumnAccess" ("queryId", "columnId")
    VALUES ('1170', '6');
INSERT INTO "QueryColumnAccess" ("queryId", "columnId")
    VALUES ('1170', '1');
INSERT INTO "QueryTableAccess" ("queryId", "tableId")
    VALUES ('1170', '1');
INSERT INTO "QueryTableAccess" ("queryId", "tableId")
    VALUES ('1170', '3');
SELECT 'Customers.customer_id', 'OrderItems.quantity' FROM Customers RIGHT OUTER JOIN OrderItems ON 'Customers.customer_id' = 'OrderItems.quantity';
INSERT INTO "SqlQuery" ("queryId", "userId", "issuedAt", "finishedAt", "hasError", "errorMessage", "statement", "projectId", "queryTypeId")
    VALUES ('1171', '4', '2023-07-08 21:52:06.040460', '2023-07-08 21:52:08.040460', 'False', 'None', 'SELECT Customers.customer_id, OrderItems.quantity FROM Customers RIGHT OUTER JOIN OrderItems ON Customers.customer_id = OrderItems.quantity;', '1', '1');
INSERT INTO "QueryColumnAccess" ("queryId", "columnId")
    VALUES ('1171', '1');
INSERT INTO "QueryColumnAccess" ("queryId", "columnId")
    VALUES ('1171', '4');
INSERT INTO "QueryTableAccess" ("queryId", "tableId")
    VALUES ('1171', '1');
INSERT INTO "QueryTableAccess" ("queryId", "tableId")
    VALUES ('1171', '5');
SELECT 'OrderItems.order_item_id', 'Categories.category_name' FROM OrderItems NATURAL JOIN Categories ON 'OrderItems.order_item_id' = 'Categories.category_name';
INSERT INTO "SqlQuery" ("queryId", "userId", "issuedAt", "finishedAt", "hasError", "errorMessage", "statement", "projectId", "queryTypeId")
    VALUES ('1172', '2', '2023-06-17 21:52:06.040469', '2023-06-17 21:52:09.040469', 'False', 'None', 'SELECT OrderItems.order_item_id, Categories.category_name FROM OrderItems NATURAL JOIN Categories ON OrderItems.order_item_id = Categories.category_name;', '1', '1');
INSERT INTO "QueryColumnAccess" ("queryId", "columnId")
    VALUES ('1172', '1');
INSERT INTO "QueryColumnAccess" ("queryId", "columnId")
    VALUES ('1172', '2');
INSERT INTO "QueryTableAccess" ("queryId", "tableId")
    VALUES ('1172', '5');
INSERT INTO "QueryTableAccess" ("queryId", "tableId")
    VALUES ('1172', '4');
SELECT 'OrderItems.order_item_id', 'Products.product_name' FROM OrderItems RIGHT OUTER JOIN Products ON 'OrderItems.order_item_id' = 'Products.product_name';
INSERT INTO "SqlQuery" ("queryId", "userId", "issuedAt", "finishedAt", "hasError", "errorMessage", "statement", "projectId", "queryTypeId")
    VALUES ('1173', '6', '2023-04-27 21:52:06.040478', '2023-04-27 21:52:08.040478', 'False', 'None', 'SELECT OrderItems.order_item_id, Products.product_name FROM OrderItems RIGHT OUTER JOIN Products ON OrderItems.order_item_id = Products.product_name;', '1', '1');
INSERT INTO "QueryColumnAccess" ("queryId", "columnId")
    VALUES ('1173', '1');
INSERT INTO "QueryColumnAccess" ("queryId", "columnId")
    VALUES ('1173', '2');
INSERT INTO "QueryTableAccess" ("queryId", "tableId")
    VALUES ('1173', '5');
INSERT INTO "QueryTableAccess" ("queryId", "tableId")
    VALUES ('1173', '3');
SELECT 'Categories.category_name', 'OrderItems.order_item_id' FROM Categories LEFT OUTER JOIN OrderItems ON 'Categories.category_name' = 'OrderItems.order_item_id';
INSERT INTO "SqlQuery" ("queryId", "userId", "issuedAt", "finishedAt", "hasError", "errorMessage", "statement", "projectId", "queryTypeId")
    VALUES ('1174', '11', '2023-06-13 21:52:06.040487', '2023-06-13 21:52:09.040487', 'False', 'None', 'SELECT Categories.category_name, OrderItems.order_item_id FROM Categories LEFT OUTER JOIN OrderItems ON Categories.category_name = OrderItems.order_item_id;', '1', '1');
INSERT INTO "QueryColumnAccess" ("queryId", "columnId")
    VALUES ('1174', '2');
INSERT INTO "QueryColumnAccess" ("queryId", "columnId")
    VALUES ('1174', '1');
INSERT INTO "QueryTableAccess" ("queryId", "tableId")
    VALUES ('1174', '4');
INSERT INTO "QueryTableAccess" ("queryId", "tableId")
    VALUES ('1174', '5');
SELECT 'Products.product_id', 'Categories.description' FROM Products LEFT OUTER JOIN Categories ON 'Products.product_id' = 'Categories.description';
INSERT INTO "SqlQuery" ("queryId", "userId", "issuedAt", "finishedAt", "hasError", "errorMessage", "statement", "projectId", "queryTypeId")
    VALUES ('1175', '11', '2023-04-12 21:52:06.040496', '2023-04-12 21:52:07.040496', 'False', 'None', 'SELECT Products.product_id, Categories.description FROM Products LEFT OUTER JOIN Categories ON Products.product_id = Categories.description;', '1', '1');
INSERT INTO "QueryColumnAccess" ("queryId", "columnId")
    VALUES ('1175', '1');
INSERT INTO "QueryColumnAccess" ("queryId", "columnId")
    VALUES ('1175', '3');
INSERT INTO "QueryTableAccess" ("queryId", "tableId")
    VALUES ('1175', '3');
INSERT INTO "QueryTableAccess" ("queryId", "tableId")
    VALUES ('1175', '4');
SELECT 'Products.category', 'Customers.last_name' FROM Products NATURAL JOIN Customers ON 'Products.category' = 'Customers.last_name';
INSERT INTO "SqlQuery" ("queryId", "userId", "issuedAt", "finishedAt", "hasError", "errorMessage", "statement", "projectId", "queryTypeId")
    VALUES ('1176', '2', '2023-07-07 21:52:06.040505', '2023-07-07 21:52:07.040505', 'False', 'None', 'SELECT Products.category, Customers.last_name FROM Products NATURAL JOIN Customers ON Products.category = Customers.last_name;', '1', '1');
INSERT INTO "QueryColumnAccess" ("queryId", "columnId")
    VALUES ('1176', '3');
INSERT INTO "QueryColumnAccess" ("queryId", "columnId")
    VALUES ('1176', '3');
INSERT INTO "QueryTableAccess" ("queryId", "tableId")
    VALUES ('1176', '3');
INSERT INTO "QueryTableAccess" ("queryId", "tableId")
    VALUES ('1176', '1');
SELECT 'Customers.customer_id', 'Orders.order_date' FROM Customers NATURAL JOIN Orders ON 'Customers.customer_id' = 'Orders.order_date';
INSERT INTO "SqlQuery" ("queryId", "userId", "issuedAt", "finishedAt", "hasError", "errorMessage", "statement", "projectId", "queryTypeId")
    VALUES ('1177', '1', '2023-04-30 21:52:06.040514', '2023-04-30 21:52:08.040514', 'False', 'None', 'SELECT Customers.customer_id, Orders.order_date FROM Customers NATURAL JOIN Orders ON Customers.customer_id = Orders.order_date;', '1', '1');
INSERT INTO "QueryColumnAccess" ("queryId", "columnId")
    VALUES ('1177', '1');
INSERT INTO "QueryColumnAccess" ("queryId", "columnId")
    VALUES ('1177', '3');
INSERT INTO "QueryTableAccess" ("queryId", "tableId")
    VALUES ('1177', '1');
INSERT INTO "QueryTableAccess" ("queryId", "tableId")
    VALUES ('1177', '2');
SELECT 'Customers.phone_number', 'Orders.customer_id' FROM Customers LEFT OUTER JOIN Orders ON 'Customers.phone_number' = 'Orders.customer_id';
INSERT INTO "SqlQuery" ("queryId", "userId", "issuedAt", "finishedAt", "hasError", "errorMessage", "statement", "projectId", "queryTypeId")
    VALUES ('1178', '2', '2023-05-11 21:52:06.040522', '2023-05-11 21:52:07.040522', 'False', 'None', 'SELECT Customers.phone_number, Orders.customer_id FROM Customers LEFT OUTER JOIN Orders ON Customers.phone_number = Orders.customer_id;', '1', '1');
INSERT INTO "QueryColumnAccess" ("queryId", "columnId")
    VALUES ('1178', '5');
INSERT INTO "QueryColumnAccess" ("queryId", "columnId")
    VALUES ('1178', '2');
INSERT INTO "QueryTableAccess" ("queryId", "tableId")
    VALUES ('1178', '1');
INSERT INTO "QueryTableAccess" ("queryId", "tableId")
    VALUES ('1178', '2');
SELECT 'Products.price', 'Categories.parent_category_id' FROM Products RIGHT OUTER JOIN Categories ON 'Products.price' = 'Categories.parent_category_id';
INSERT INTO "SqlQuery" ("queryId", "userId", "issuedAt", "finishedAt", "hasError", "errorMessage", "statement", "projectId", "queryTypeId")
    VALUES ('1179', '15', '2023-06-13 21:52:06.040535', '2023-06-13 21:52:09.040535', 'False', 'None', 'SELECT Products.price, Categories.parent_category_id FROM Products RIGHT OUTER JOIN Categories ON Products.price = Categories.parent_category_id;', '1', '1');
INSERT INTO "QueryColumnAccess" ("queryId", "columnId")
    VALUES ('1179', '4');
INSERT INTO "QueryColumnAccess" ("queryId", "columnId")
    VALUES ('1179', '4');
INSERT INTO "QueryTableAccess" ("queryId", "tableId")
    VALUES ('1179', '3');
INSERT INTO "QueryTableAccess" ("queryId", "tableId")
    VALUES ('1179', '4');
SELECT 'Products.product_name', 'Categories.description' FROM Products LEFT OUTER JOIN Categories ON 'Products.product_name' = 'Categories.description';
INSERT INTO "SqlQuery" ("queryId", "userId", "issuedAt", "finishedAt", "hasError", "errorMessage", "statement", "projectId", "queryTypeId")
    VALUES ('1180', '12', '2023-05-22 21:52:06.040544', '2023-05-22 21:52:09.040544', 'False', 'None', 'SELECT Products.product_name, Categories.description FROM Products LEFT OUTER JOIN Categories ON Products.product_name = Categories.description;', '1', '1');
INSERT INTO "QueryColumnAccess" ("queryId", "columnId")
    VALUES ('1180', '2');
INSERT INTO "QueryColumnAccess" ("queryId", "columnId")
    VALUES ('1180', '3');
INSERT INTO "QueryTableAccess" ("queryId", "tableId")
    VALUES ('1180', '3');
INSERT INTO "QueryTableAccess" ("queryId", "tableId")
    VALUES ('1180', '4');
SELECT 'Orders.order_id', 'Products.product_id' FROM Orders RIGHT OUTER JOIN Products ON 'Orders.order_id' = 'Products.product_id';
INSERT INTO "SqlQuery" ("queryId", "userId", "issuedAt", "finishedAt", "hasError", "errorMessage", "statement", "projectId", "queryTypeId")
    VALUES ('1181', '8', '2023-04-25 21:52:06.040553', '2023-04-25 21:52:08.040553', 'False', 'None', 'SELECT Orders.order_id, Products.product_id FROM Orders RIGHT OUTER JOIN Products ON Orders.order_id = Products.product_id;', '1', '1');
INSERT INTO "QueryColumnAccess" ("queryId", "columnId")
    VALUES ('1181', '1');
INSERT INTO "QueryColumnAccess" ("queryId", "columnId")
    VALUES ('1181', '1');
INSERT INTO "QueryTableAccess" ("queryId", "tableId")
    VALUES ('1181', '2');
INSERT INTO "QueryTableAccess" ("queryId", "tableId")
    VALUES ('1181', '3');
SELECT 'Products.description', 'OrderItems.unit_price' FROM Products RIGHT OUTER JOIN OrderItems ON 'Products.description' = 'OrderItems.unit_price';
INSERT INTO "SqlQuery" ("queryId", "userId", "issuedAt", "finishedAt", "hasError", "errorMessage", "statement", "projectId", "queryTypeId")
    VALUES ('1182', '4', '2023-05-18 21:52:06.040562', '2023-05-18 21:52:08.040562', 'False', 'None', 'SELECT Products.description, OrderItems.unit_price FROM Products RIGHT OUTER JOIN OrderItems ON Products.description = OrderItems.unit_price;', '1', '1');
INSERT INTO "QueryColumnAccess" ("queryId", "columnId")
    VALUES ('1182', '5');
INSERT INTO "QueryColumnAccess" ("queryId", "columnId")
    VALUES ('1182', '5');
INSERT INTO "QueryTableAccess" ("queryId", "tableId")
    VALUES ('1182', '3');
INSERT INTO "QueryTableAccess" ("queryId", "tableId")
    VALUES ('1182', '5');
SELECT 'Categories.parent_category_id', 'Products.category' FROM Categories NATURAL JOIN Products ON 'Categories.parent_category_id' = 'Products.category';
INSERT INTO "SqlQuery" ("queryId", "userId", "issuedAt", "finishedAt", "hasError", "errorMessage", "statement", "projectId", "queryTypeId")
    VALUES ('1183', '9', '2023-05-04 21:52:06.040570', '2023-05-04 21:52:08.040570', 'False', 'None', 'SELECT Categories.parent_category_id, Products.category FROM Categories NATURAL JOIN Products ON Categories.parent_category_id = Products.category;', '1', '1');
INSERT INTO "QueryColumnAccess" ("queryId", "columnId")
    VALUES ('1183', '4');
INSERT INTO "QueryColumnAccess" ("queryId", "columnId")
    VALUES ('1183', '3');
INSERT INTO "QueryTableAccess" ("queryId", "tableId")
    VALUES ('1183', '4');
INSERT INTO "QueryTableAccess" ("queryId", "tableId")
    VALUES ('1183', '3');
SELECT 'Products.description', 'Orders.total_amount' FROM Products LEFT OUTER JOIN Orders ON 'Products.description' = 'Orders.total_amount';
INSERT INTO "SqlQuery" ("queryId", "userId", "issuedAt", "finishedAt", "hasError", "errorMessage", "statement", "projectId", "queryTypeId")
    VALUES ('1184', '15', '2023-05-04 21:52:06.040579', '2023-05-04 21:52:08.040579', 'False', 'None', 'SELECT Products.description, Orders.total_amount FROM Products LEFT OUTER JOIN Orders ON Products.description = Orders.total_amount;', '1', '1');
INSERT INTO "QueryColumnAccess" ("queryId", "columnId")
    VALUES ('1184', '5');
INSERT INTO "QueryColumnAccess" ("queryId", "columnId")
    VALUES ('1184', '4');
INSERT INTO "QueryTableAccess" ("queryId", "tableId")
    VALUES ('1184', '3');
INSERT INTO "QueryTableAccess" ("queryId", "tableId")
    VALUES ('1184', '2');
SELECT 'Categories.description', 'Customers.email' FROM Categories RIGHT OUTER JOIN Customers ON 'Categories.description' = 'Customers.email';
INSERT INTO "SqlQuery" ("queryId", "userId", "issuedAt", "finishedAt", "hasError", "errorMessage", "statement", "projectId", "queryTypeId")
    VALUES ('1185', '4', '2023-05-21 21:52:06.040588', '2023-05-21 21:52:08.040588', 'False', 'None', 'SELECT Categories.description, Customers.email FROM Categories RIGHT OUTER JOIN Customers ON Categories.description = Customers.email;', '1', '1');
INSERT INTO "QueryColumnAccess" ("queryId", "columnId")
    VALUES ('1185', '3');
INSERT INTO "QueryColumnAccess" ("queryId", "columnId")
    VALUES ('1185', '4');
INSERT INTO "QueryTableAccess" ("queryId", "tableId")
    VALUES ('1185', '4');
INSERT INTO "QueryTableAccess" ("queryId", "tableId")
    VALUES ('1185', '1');
SELECT 'Customers.email', 'Products.quantity' FROM Customers LEFT OUTER JOIN Products ON 'Customers.email' = 'Products.quantity';
INSERT INTO "SqlQuery" ("queryId", "userId", "issuedAt", "finishedAt", "hasError", "errorMessage", "statement", "projectId", "queryTypeId")
    VALUES ('1186', '6', '2023-05-15 21:52:06.040597', '2023-05-15 21:52:07.040597', 'False', 'None', 'SELECT Customers.email, Products.quantity FROM Customers LEFT OUTER JOIN Products ON Customers.email = Products.quantity;', '1', '1');
INSERT INTO "QueryColumnAccess" ("queryId", "columnId")
    VALUES ('1186', '4');
INSERT INTO "QueryColumnAccess" ("queryId", "columnId")
    VALUES ('1186', '6');
INSERT INTO "QueryTableAccess" ("queryId", "tableId")
    VALUES ('1186', '1');
INSERT INTO "QueryTableAccess" ("queryId", "tableId")
    VALUES ('1186', '3');
SELECT 'Customers.last_name', 'OrderItems.product_id' FROM Customers LEFT OUTER JOIN OrderItems ON 'Customers.last_name' = 'OrderItems.product_id';
INSERT INTO "SqlQuery" ("queryId", "userId", "issuedAt", "finishedAt", "hasError", "errorMessage", "statement", "projectId", "queryTypeId")
    VALUES ('1187', '9', '2023-04-11 21:52:06.040606', '2023-04-11 21:52:07.040606', 'False', 'None', 'SELECT Customers.last_name, OrderItems.product_id FROM Customers LEFT OUTER JOIN OrderItems ON Customers.last_name = OrderItems.product_id;', '1', '1');
INSERT INTO "QueryColumnAccess" ("queryId", "columnId")
    VALUES ('1187', '3');
INSERT INTO "QueryColumnAccess" ("queryId", "columnId")
    VALUES ('1187', '3');
INSERT INTO "QueryTableAccess" ("queryId", "tableId")
    VALUES ('1187', '1');
INSERT INTO "QueryTableAccess" ("queryId", "tableId")
    VALUES ('1187', '5');
SELECT 'OrderItems.order_item_id', 'Categories.description' FROM OrderItems LEFT OUTER JOIN Categories ON 'OrderItems.order_item_id' = 'Categories.description';
INSERT INTO "SqlQuery" ("queryId", "userId", "issuedAt", "finishedAt", "hasError", "errorMessage", "statement", "projectId", "queryTypeId")
    VALUES ('1188', '9', '2023-05-08 21:52:06.040620', '2023-05-08 21:52:07.040620', 'False', 'None', 'SELECT OrderItems.order_item_id, Categories.description FROM OrderItems LEFT OUTER JOIN Categories ON OrderItems.order_item_id = Categories.description;', '1', '1');
INSERT INTO "QueryColumnAccess" ("queryId", "columnId")
    VALUES ('1188', '1');
INSERT INTO "QueryColumnAccess" ("queryId", "columnId")
    VALUES ('1188', '3');
INSERT INTO "QueryTableAccess" ("queryId", "tableId")
    VALUES ('1188', '5');
INSERT INTO "QueryTableAccess" ("queryId", "tableId")
    VALUES ('1188', '4');
SELECT 'Products.quantity', 'OrderItems.order_item_id' FROM Products NATURAL JOIN OrderItems ON 'Products.quantity' = 'OrderItems.order_item_id';
INSERT INTO "SqlQuery" ("queryId", "userId", "issuedAt", "finishedAt", "hasError", "errorMessage", "statement", "projectId", "queryTypeId")
    VALUES ('1189', '1', '2023-06-01 21:52:06.040629', '2023-06-01 21:52:07.040629', 'False', 'None', 'SELECT Products.quantity, OrderItems.order_item_id FROM Products NATURAL JOIN OrderItems ON Products.quantity = OrderItems.order_item_id;', '1', '1');
INSERT INTO "QueryColumnAccess" ("queryId", "columnId")
    VALUES ('1189', '6');
INSERT INTO "QueryColumnAccess" ("queryId", "columnId")
    VALUES ('1189', '1');
INSERT INTO "QueryTableAccess" ("queryId", "tableId")
    VALUES ('1189', '3');
INSERT INTO "QueryTableAccess" ("queryId", "tableId")
    VALUES ('1189', '5');
SELECT 'Products.quantity', 'Categories.category_name' FROM Products LEFT OUTER JOIN Categories ON 'Products.quantity' = 'Categories.category_name';
INSERT INTO "SqlQuery" ("queryId", "userId", "issuedAt", "finishedAt", "hasError", "errorMessage", "statement", "projectId", "queryTypeId")
    VALUES ('1190', '11', '2023-07-06 21:52:06.040638', '2023-07-06 21:52:09.040638', 'False', 'None', 'SELECT Products.quantity, Categories.category_name FROM Products LEFT OUTER JOIN Categories ON Products.quantity = Categories.category_name;', '1', '1');
INSERT INTO "QueryColumnAccess" ("queryId", "columnId")
    VALUES ('1190', '6');
INSERT INTO "QueryColumnAccess" ("queryId", "columnId")
    VALUES ('1190', '2');
INSERT INTO "QueryTableAccess" ("queryId", "tableId")
    VALUES ('1190', '3');
INSERT INTO "QueryTableAccess" ("queryId", "tableId")
    VALUES ('1190', '4');
SELECT 'Orders.shipping_address', 'OrderItems.order_item_id' FROM Orders LEFT OUTER JOIN OrderItems ON 'Orders.shipping_address' = 'OrderItems.order_item_id';
INSERT INTO "SqlQuery" ("queryId", "userId", "issuedAt", "finishedAt", "hasError", "errorMessage", "statement", "projectId", "queryTypeId")
    VALUES ('1191', '6', '2023-05-16 21:52:06.040647', '2023-05-16 21:52:07.040647', 'False', 'None', 'SELECT Orders.shipping_address, OrderItems.order_item_id FROM Orders LEFT OUTER JOIN OrderItems ON Orders.shipping_address = OrderItems.order_item_id;', '1', '1');
INSERT INTO "QueryColumnAccess" ("queryId", "columnId")
    VALUES ('1191', '6');
INSERT INTO "QueryColumnAccess" ("queryId", "columnId")
    VALUES ('1191', '1');
INSERT INTO "QueryTableAccess" ("queryId", "tableId")
    VALUES ('1191', '2');
INSERT INTO "QueryTableAccess" ("queryId", "tableId")
    VALUES ('1191', '5');
SELECT 'Orders.customer_id', 'OrderItems.quantity' FROM Orders LEFT OUTER JOIN OrderItems ON 'Orders.customer_id' = 'OrderItems.quantity';
INSERT INTO "SqlQuery" ("queryId", "userId", "issuedAt", "finishedAt", "hasError", "errorMessage", "statement", "projectId", "queryTypeId")
    VALUES ('1192', '13', '2023-04-16 21:52:06.040656', '2023-04-16 21:52:09.040656', 'False', 'None', 'SELECT Orders.customer_id, OrderItems.quantity FROM Orders LEFT OUTER JOIN OrderItems ON Orders.customer_id = OrderItems.quantity;', '1', '1');
INSERT INTO "QueryColumnAccess" ("queryId", "columnId")
    VALUES ('1192', '2');
INSERT INTO "QueryColumnAccess" ("queryId", "columnId")
    VALUES ('1192', '4');
INSERT INTO "QueryTableAccess" ("queryId", "tableId")
    VALUES ('1192', '2');
INSERT INTO "QueryTableAccess" ("queryId", "tableId")
    VALUES ('1192', '5');
SELECT 'Customers.customer_id', 'OrderItems.order_item_id' FROM Customers LEFT OUTER JOIN OrderItems ON 'Customers.customer_id' = 'OrderItems.order_item_id';
INSERT INTO "SqlQuery" ("queryId", "userId", "issuedAt", "finishedAt", "hasError", "errorMessage", "statement", "projectId", "queryTypeId")
    VALUES ('1193', '12', '2023-05-28 21:52:06.040665', '2023-05-28 21:52:07.040665', 'False', 'None', 'SELECT Customers.customer_id, OrderItems.order_item_id FROM Customers LEFT OUTER JOIN OrderItems ON Customers.customer_id = OrderItems.order_item_id;', '1', '1');
INSERT INTO "QueryColumnAccess" ("queryId", "columnId")
    VALUES ('1193', '1');
INSERT INTO "QueryColumnAccess" ("queryId", "columnId")
    VALUES ('1193', '1');
INSERT INTO "QueryTableAccess" ("queryId", "tableId")
    VALUES ('1193', '1');
INSERT INTO "QueryTableAccess" ("queryId", "tableId")
    VALUES ('1193', '5');
SELECT 'OrderItems.order_item_id', 'Products.price' FROM OrderItems NATURAL JOIN Products ON 'OrderItems.order_item_id' = 'Products.price';
INSERT INTO "SqlQuery" ("queryId", "userId", "issuedAt", "finishedAt", "hasError", "errorMessage", "statement", "projectId", "queryTypeId")
    VALUES ('1194', '15', '2023-04-20 21:52:06.040674', '2023-04-20 21:52:09.040674', 'False', 'None', 'SELECT OrderItems.order_item_id, Products.price FROM OrderItems NATURAL JOIN Products ON OrderItems.order_item_id = Products.price;', '1', '1');
INSERT INTO "QueryColumnAccess" ("queryId", "columnId")
    VALUES ('1194', '1');
INSERT INTO "QueryColumnAccess" ("queryId", "columnId")
    VALUES ('1194', '4');
INSERT INTO "QueryTableAccess" ("queryId", "tableId")
    VALUES ('1194', '5');
INSERT INTO "QueryTableAccess" ("queryId", "tableId")
    VALUES ('1194', '3');
SELECT 'Orders.order_id', 'Customers.phone_number' FROM Orders NATURAL JOIN Customers ON 'Orders.order_id' = 'Customers.phone_number';
INSERT INTO "SqlQuery" ("queryId", "userId", "issuedAt", "finishedAt", "hasError", "errorMessage", "statement", "projectId", "queryTypeId")
    VALUES ('1195', '3', '2023-07-05 21:52:06.040682', '2023-07-05 21:52:10.040682', 'False', 'None', 'SELECT Orders.order_id, Customers.phone_number FROM Orders NATURAL JOIN Customers ON Orders.order_id = Customers.phone_number;', '1', '1');
INSERT INTO "QueryColumnAccess" ("queryId", "columnId")
    VALUES ('1195', '1');
INSERT INTO "QueryColumnAccess" ("queryId", "columnId")
    VALUES ('1195', '5');
INSERT INTO "QueryTableAccess" ("queryId", "tableId")
    VALUES ('1195', '2');
INSERT INTO "QueryTableAccess" ("queryId", "tableId")
    VALUES ('1195', '1');
SELECT 'Categories.description', 'Orders.shipping_address' FROM Categories LEFT OUTER JOIN Orders ON 'Categories.description' = 'Orders.shipping_address';
INSERT INTO "SqlQuery" ("queryId", "userId", "issuedAt", "finishedAt", "hasError", "errorMessage", "statement", "projectId", "queryTypeId")
    VALUES ('1196', '13', '2023-06-22 21:52:06.040691', '2023-06-22 21:52:10.040691', 'False', 'None', 'SELECT Categories.description, Orders.shipping_address FROM Categories LEFT OUTER JOIN Orders ON Categories.description = Orders.shipping_address;', '1', '1');
INSERT INTO "QueryColumnAccess" ("queryId", "columnId")
    VALUES ('1196', '3');
INSERT INTO "QueryColumnAccess" ("queryId", "columnId")
    VALUES ('1196', '6');
INSERT INTO "QueryTableAccess" ("queryId", "tableId")
    VALUES ('1196', '4');
INSERT INTO "QueryTableAccess" ("queryId", "tableId")
    VALUES ('1196', '2');
SELECT 'Customers.customer_id', 'Orders.shipping_address' FROM Customers NATURAL JOIN Orders ON 'Customers.customer_id' = 'Orders.shipping_address';
INSERT INTO "SqlQuery" ("queryId", "userId", "issuedAt", "finishedAt", "hasError", "errorMessage", "statement", "projectId", "queryTypeId")
    VALUES ('1197', '9', '2023-06-19 21:52:06.040704', '2023-06-19 21:52:10.040704', 'False', 'None', 'SELECT Customers.customer_id, Orders.shipping_address FROM Customers NATURAL JOIN Orders ON Customers.customer_id = Orders.shipping_address;', '1', '1');
INSERT INTO "QueryColumnAccess" ("queryId", "columnId")
    VALUES ('1197', '1');
INSERT INTO "QueryColumnAccess" ("queryId", "columnId")
    VALUES ('1197', '6');
INSERT INTO "QueryTableAccess" ("queryId", "tableId")
    VALUES ('1197', '1');
INSERT INTO "QueryTableAccess" ("queryId", "tableId")
    VALUES ('1197', '2');
SELECT 'Orders.payment_method', 'OrderItems.order_item_id' FROM Orders NATURAL JOIN OrderItems ON 'Orders.payment_method' = 'OrderItems.order_item_id';
INSERT INTO "SqlQuery" ("queryId", "userId", "issuedAt", "finishedAt", "hasError", "errorMessage", "statement", "projectId", "queryTypeId")
    VALUES ('1198', '13', '2023-05-24 21:52:06.040713', '2023-05-24 21:52:10.040713', 'False', 'None', 'SELECT Orders.payment_method, OrderItems.order_item_id FROM Orders NATURAL JOIN OrderItems ON Orders.payment_method = OrderItems.order_item_id;', '1', '1');
INSERT INTO "QueryColumnAccess" ("queryId", "columnId")
    VALUES ('1198', '5');
INSERT INTO "QueryColumnAccess" ("queryId", "columnId")
    VALUES ('1198', '1');
INSERT INTO "QueryTableAccess" ("queryId", "tableId")
    VALUES ('1198', '2');
INSERT INTO "QueryTableAccess" ("queryId", "tableId")
    VALUES ('1198', '5');
SELECT 'Categories.category_name', 'Orders.order_date' FROM Categories NATURAL JOIN Orders ON 'Categories.category_name' = 'Orders.order_date';
INSERT INTO "SqlQuery" ("queryId", "userId", "issuedAt", "finishedAt", "hasError", "errorMessage", "statement", "projectId", "queryTypeId")
    VALUES ('1199', '11', '2023-05-09 21:52:06.040722', '2023-05-09 21:52:09.040722', 'False', 'None', 'SELECT Categories.category_name, Orders.order_date FROM Categories NATURAL JOIN Orders ON Categories.category_name = Orders.order_date;', '1', '1');
INSERT INTO "QueryColumnAccess" ("queryId", "columnId")
    VALUES ('1199', '2');
INSERT INTO "QueryColumnAccess" ("queryId", "columnId")
    VALUES ('1199', '3');
INSERT INTO "QueryTableAccess" ("queryId", "tableId")
    VALUES ('1199', '4');
INSERT INTO "QueryTableAccess" ("queryId", "tableId")
    VALUES ('1199', '2');
SELECT 'Categories.parent_category_id', 'OrderItems.order_id' FROM Categories NATURAL JOIN OrderItems ON 'Categories.parent_category_id' = 'OrderItems.order_id';
INSERT INTO "SqlQuery" ("queryId", "userId", "issuedAt", "finishedAt", "hasError", "errorMessage", "statement", "projectId", "queryTypeId")
    VALUES ('1200', '4', '2023-05-28 21:52:06.040731', '2023-05-28 21:52:09.040731', 'False', 'None', 'SELECT Categories.parent_category_id, OrderItems.order_id FROM Categories NATURAL JOIN OrderItems ON Categories.parent_category_id = OrderItems.order_id;', '1', '1');
INSERT INTO "QueryColumnAccess" ("queryId", "columnId")
    VALUES ('1200', '4');
INSERT INTO "QueryColumnAccess" ("queryId", "columnId")
    VALUES ('1200', '2');
INSERT INTO "QueryTableAccess" ("queryId", "tableId")
    VALUES ('1200', '4');
INSERT INTO "QueryTableAccess" ("queryId", "tableId")
    VALUES ('1200', '5');
SELECT 'Customers.address', 'Orders.order_date' FROM Customers RIGHT OUTER JOIN Orders ON 'Customers.address' = 'Orders.order_date';
INSERT INTO "SqlQuery" ("queryId", "userId", "issuedAt", "finishedAt", "hasError", "errorMessage", "statement", "projectId", "queryTypeId")
    VALUES ('1201', '10', '2023-06-05 21:52:06.040740', '2023-06-05 21:52:10.040740', 'False', 'None', 'SELECT Customers.address, Orders.order_date FROM Customers RIGHT OUTER JOIN Orders ON Customers.address = Orders.order_date;', '1', '1');
INSERT INTO "QueryColumnAccess" ("queryId", "columnId")
    VALUES ('1201', '6');
INSERT INTO "QueryColumnAccess" ("queryId", "columnId")
    VALUES ('1201', '3');
INSERT INTO "QueryTableAccess" ("queryId", "tableId")
    VALUES ('1201', '1');
INSERT INTO "QueryTableAccess" ("queryId", "tableId")
    VALUES ('1201', '2');
SELECT 'OrderItems.product_id', 'Categories.category_id' FROM OrderItems NATURAL JOIN Categories ON 'OrderItems.product_id' = 'Categories.category_id';
INSERT INTO "SqlQuery" ("queryId", "userId", "issuedAt", "finishedAt", "hasError", "errorMessage", "statement", "projectId", "queryTypeId")
    VALUES ('1202', '5', '2023-05-06 21:52:06.040748', '2023-05-06 21:52:08.040748', 'False', 'None', 'SELECT OrderItems.product_id, Categories.category_id FROM OrderItems NATURAL JOIN Categories ON OrderItems.product_id = Categories.category_id;', '1', '1');
INSERT INTO "QueryColumnAccess" ("queryId", "columnId")
    VALUES ('1202', '3');
INSERT INTO "QueryColumnAccess" ("queryId", "columnId")
    VALUES ('1202', '1');
INSERT INTO "QueryTableAccess" ("queryId", "tableId")
    VALUES ('1202', '5');
INSERT INTO "QueryTableAccess" ("queryId", "tableId")
    VALUES ('1202', '4');
SELECT 'OrderItems.product_id', 'Customers.last_name' FROM OrderItems RIGHT OUTER JOIN Customers ON 'OrderItems.product_id' = 'Customers.last_name';
INSERT INTO "SqlQuery" ("queryId", "userId", "issuedAt", "finishedAt", "hasError", "errorMessage", "statement", "projectId", "queryTypeId")
    VALUES ('1203', '4', '2023-06-02 21:52:06.040757', '2023-06-02 21:52:08.040757', 'False', 'None', 'SELECT OrderItems.product_id, Customers.last_name FROM OrderItems RIGHT OUTER JOIN Customers ON OrderItems.product_id = Customers.last_name;', '1', '1');
INSERT INTO "QueryColumnAccess" ("queryId", "columnId")
    VALUES ('1203', '3');
INSERT INTO "QueryColumnAccess" ("queryId", "columnId")
    VALUES ('1203', '3');
INSERT INTO "QueryTableAccess" ("queryId", "tableId")
    VALUES ('1203', '5');
INSERT INTO "QueryTableAccess" ("queryId", "tableId")
    VALUES ('1203', '1');
SELECT 'Categories.category_id', 'OrderItems.order_id' FROM Categories LEFT OUTER JOIN OrderItems ON 'Categories.category_id' = 'OrderItems.order_id';
INSERT INTO "SqlQuery" ("queryId", "userId", "issuedAt", "finishedAt", "hasError", "errorMessage", "statement", "projectId", "queryTypeId")
    VALUES ('1204', '3', '2023-07-03 21:52:06.040766', '2023-07-03 21:52:10.040766', 'False', 'None', 'SELECT Categories.category_id, OrderItems.order_id FROM Categories LEFT OUTER JOIN OrderItems ON Categories.category_id = OrderItems.order_id;', '1', '1');
INSERT INTO "QueryColumnAccess" ("queryId", "columnId")
    VALUES ('1204', '1');
INSERT INTO "QueryColumnAccess" ("queryId", "columnId")
    VALUES ('1204', '2');
INSERT INTO "QueryTableAccess" ("queryId", "tableId")
    VALUES ('1204', '4');
INSERT INTO "QueryTableAccess" ("queryId", "tableId")
    VALUES ('1204', '5');
SELECT 'Products.description', 'Orders.customer_id' FROM Products RIGHT OUTER JOIN Orders ON 'Products.description' = 'Orders.customer_id';
INSERT INTO "SqlQuery" ("queryId", "userId", "issuedAt", "finishedAt", "hasError", "errorMessage", "statement", "projectId", "queryTypeId")
    VALUES ('1205', '1', '2023-07-03 21:52:06.040775', '2023-07-03 21:52:10.040775', 'False', 'None', 'SELECT Products.description, Orders.customer_id FROM Products RIGHT OUTER JOIN Orders ON Products.description = Orders.customer_id;', '1', '1');
INSERT INTO "QueryColumnAccess" ("queryId", "columnId")
    VALUES ('1205', '5');
INSERT INTO "QueryColumnAccess" ("queryId", "columnId")
    VALUES ('1205', '2');
INSERT INTO "QueryTableAccess" ("queryId", "tableId")
    VALUES ('1205', '3');
INSERT INTO "QueryTableAccess" ("queryId", "tableId")
    VALUES ('1205', '2');
SELECT 'Orders.shipping_address', 'OrderItems.order_id' FROM Orders LEFT OUTER JOIN OrderItems ON 'Orders.shipping_address' = 'OrderItems.order_id';
INSERT INTO "SqlQuery" ("queryId", "userId", "issuedAt", "finishedAt", "hasError", "errorMessage", "statement", "projectId", "queryTypeId")
    VALUES ('1206', '6', '2023-05-24 21:52:06.040789', '2023-05-24 21:52:07.040789', 'False', 'None', 'SELECT Orders.shipping_address, OrderItems.order_id FROM Orders LEFT OUTER JOIN OrderItems ON Orders.shipping_address = OrderItems.order_id;', '1', '1');
INSERT INTO "QueryColumnAccess" ("queryId", "columnId")
    VALUES ('1206', '6');
INSERT INTO "QueryColumnAccess" ("queryId", "columnId")
    VALUES ('1206', '2');
INSERT INTO "QueryTableAccess" ("queryId", "tableId")
    VALUES ('1206', '2');
INSERT INTO "QueryTableAccess" ("queryId", "tableId")
    VALUES ('1206', '5');
SELECT 'Products.category', 'OrderItems.order_item_id' FROM Products NATURAL JOIN OrderItems ON 'Products.category' = 'OrderItems.order_item_id';
INSERT INTO "SqlQuery" ("queryId", "userId", "issuedAt", "finishedAt", "hasError", "errorMessage", "statement", "projectId", "queryTypeId")
    VALUES ('1207', '8', '2023-04-25 21:52:06.040798', '2023-04-25 21:52:07.040798', 'False', 'None', 'SELECT Products.category, OrderItems.order_item_id FROM Products NATURAL JOIN OrderItems ON Products.category = OrderItems.order_item_id;', '1', '1');
INSERT INTO "QueryColumnAccess" ("queryId", "columnId")
    VALUES ('1207', '3');
INSERT INTO "QueryColumnAccess" ("queryId", "columnId")
    VALUES ('1207', '1');
INSERT INTO "QueryTableAccess" ("queryId", "tableId")
    VALUES ('1207', '3');
INSERT INTO "QueryTableAccess" ("queryId", "tableId")
    VALUES ('1207', '5');
SELECT 'Customers.phone_number', 'Products.price' FROM Customers NATURAL JOIN Products ON 'Customers.phone_number' = 'Products.price';
INSERT INTO "SqlQuery" ("queryId", "userId", "issuedAt", "finishedAt", "hasError", "errorMessage", "statement", "projectId", "queryTypeId")
    VALUES ('1208', '8', '2023-06-15 21:52:06.040807', '2023-06-15 21:52:07.040807', 'False', 'None', 'SELECT Customers.phone_number, Products.price FROM Customers NATURAL JOIN Products ON Customers.phone_number = Products.price;', '1', '1');
INSERT INTO "QueryColumnAccess" ("queryId", "columnId")
    VALUES ('1208', '5');
INSERT INTO "QueryColumnAccess" ("queryId", "columnId")
    VALUES ('1208', '4');
INSERT INTO "QueryTableAccess" ("queryId", "tableId")
    VALUES ('1208', '1');
INSERT INTO "QueryTableAccess" ("queryId", "tableId")
    VALUES ('1208', '3');
SELECT 'OrderItems.unit_price', 'Products.category' FROM OrderItems NATURAL JOIN Products ON 'OrderItems.unit_price' = 'Products.category';
INSERT INTO "SqlQuery" ("queryId", "userId", "issuedAt", "finishedAt", "hasError", "errorMessage", "statement", "projectId", "queryTypeId")
    VALUES ('1209', '9', '2023-06-17 21:52:06.040815', '2023-06-17 21:52:09.040815', 'False', 'None', 'SELECT OrderItems.unit_price, Products.category FROM OrderItems NATURAL JOIN Products ON OrderItems.unit_price = Products.category;', '1', '1');
INSERT INTO "QueryColumnAccess" ("queryId", "columnId")
    VALUES ('1209', '5');
INSERT INTO "QueryColumnAccess" ("queryId", "columnId")
    VALUES ('1209', '3');
INSERT INTO "QueryTableAccess" ("queryId", "tableId")
    VALUES ('1209', '5');
INSERT INTO "QueryTableAccess" ("queryId", "tableId")
    VALUES ('1209', '3');
SELECT 'Orders.order_date', 'OrderItems.order_id' FROM Orders LEFT OUTER JOIN OrderItems ON 'Orders.order_date' = 'OrderItems.order_id';
INSERT INTO "SqlQuery" ("queryId", "userId", "issuedAt", "finishedAt", "hasError", "errorMessage", "statement", "projectId", "queryTypeId")
    VALUES ('1210', '5', '2023-04-19 21:52:06.040824', '2023-04-19 21:52:09.040824', 'False', 'None', 'SELECT Orders.order_date, OrderItems.order_id FROM Orders LEFT OUTER JOIN OrderItems ON Orders.order_date = OrderItems.order_id;', '1', '1');
INSERT INTO "QueryColumnAccess" ("queryId", "columnId")
    VALUES ('1210', '3');
INSERT INTO "QueryColumnAccess" ("queryId", "columnId")
    VALUES ('1210', '2');
INSERT INTO "QueryTableAccess" ("queryId", "tableId")
    VALUES ('1210', '2');
INSERT INTO "QueryTableAccess" ("queryId", "tableId")
    VALUES ('1210', '5');
SELECT 'Orders.customer_id', 'Products.description' FROM Orders NATURAL JOIN Products ON 'Orders.customer_id' = 'Products.description';
INSERT INTO "SqlQuery" ("queryId", "userId", "issuedAt", "finishedAt", "hasError", "errorMessage", "statement", "projectId", "queryTypeId")
    VALUES ('1211', '9', '2023-05-24 21:52:06.040833', '2023-05-24 21:52:08.040833', 'False', 'None', 'SELECT Orders.customer_id, Products.description FROM Orders NATURAL JOIN Products ON Orders.customer_id = Products.description;', '1', '1');
INSERT INTO "QueryColumnAccess" ("queryId", "columnId")
    VALUES ('1211', '2');
INSERT INTO "QueryColumnAccess" ("queryId", "columnId")
    VALUES ('1211', '5');
INSERT INTO "QueryTableAccess" ("queryId", "tableId")
    VALUES ('1211', '2');
INSERT INTO "QueryTableAccess" ("queryId", "tableId")
    VALUES ('1211', '3');
SELECT 'Categories.category_id', 'Orders.shipping_address' FROM Categories LEFT OUTER JOIN Orders ON 'Categories.category_id' = 'Orders.shipping_address';
INSERT INTO "SqlQuery" ("queryId", "userId", "issuedAt", "finishedAt", "hasError", "errorMessage", "statement", "projectId", "queryTypeId")
    VALUES ('1212', '7', '2023-06-07 21:52:06.040842', '2023-06-07 21:52:10.040842', 'False', 'None', 'SELECT Categories.category_id, Orders.shipping_address FROM Categories LEFT OUTER JOIN Orders ON Categories.category_id = Orders.shipping_address;', '1', '1');
INSERT INTO "QueryColumnAccess" ("queryId", "columnId")
    VALUES ('1212', '1');
INSERT INTO "QueryColumnAccess" ("queryId", "columnId")
    VALUES ('1212', '6');
INSERT INTO "QueryTableAccess" ("queryId", "tableId")
    VALUES ('1212', '4');
INSERT INTO "QueryTableAccess" ("queryId", "tableId")
    VALUES ('1212', '2');
SELECT 'Customers.email', 'Products.product_id' FROM Customers NATURAL JOIN Products ON 'Customers.email' = 'Products.product_id';
INSERT INTO "SqlQuery" ("queryId", "userId", "issuedAt", "finishedAt", "hasError", "errorMessage", "statement", "projectId", "queryTypeId")
    VALUES ('1213', '12', '2023-04-27 21:52:06.040851', '2023-04-27 21:52:07.040851', 'False', 'None', 'SELECT Customers.email, Products.product_id FROM Customers NATURAL JOIN Products ON Customers.email = Products.product_id;', '1', '1');
INSERT INTO "QueryColumnAccess" ("queryId", "columnId")
    VALUES ('1213', '4');
INSERT INTO "QueryColumnAccess" ("queryId", "columnId")
    VALUES ('1213', '1');
INSERT INTO "QueryTableAccess" ("queryId", "tableId")
    VALUES ('1213', '1');
INSERT INTO "QueryTableAccess" ("queryId", "tableId")
    VALUES ('1213', '3');
SELECT 'Categories.description', 'Customers.email' FROM Categories LEFT OUTER JOIN Customers ON 'Categories.description' = 'Customers.email';
INSERT INTO "SqlQuery" ("queryId", "userId", "issuedAt", "finishedAt", "hasError", "errorMessage", "statement", "projectId", "queryTypeId")
    VALUES ('1214', '8', '2023-05-26 21:52:06.040859', '2023-05-26 21:52:07.040859', 'False', 'None', 'SELECT Categories.description, Customers.email FROM Categories LEFT OUTER JOIN Customers ON Categories.description = Customers.email;', '1', '1');
INSERT INTO "QueryColumnAccess" ("queryId", "columnId")
    VALUES ('1214', '3');
INSERT INTO "QueryColumnAccess" ("queryId", "columnId")
    VALUES ('1214', '4');
INSERT INTO "QueryTableAccess" ("queryId", "tableId")
    VALUES ('1214', '4');
INSERT INTO "QueryTableAccess" ("queryId", "tableId")
    VALUES ('1214', '1');
SELECT 'Orders.total_amount', 'OrderItems.order_id' FROM Orders NATURAL JOIN OrderItems ON 'Orders.total_amount' = 'OrderItems.order_id';
INSERT INTO "SqlQuery" ("queryId", "userId", "issuedAt", "finishedAt", "hasError", "errorMessage", "statement", "projectId", "queryTypeId")
    VALUES ('1215', '15', '2023-06-22 21:52:06.040874', '2023-06-22 21:52:10.040874', 'False', 'None', 'SELECT Orders.total_amount, OrderItems.order_id FROM Orders NATURAL JOIN OrderItems ON Orders.total_amount = OrderItems.order_id;', '1', '1');
INSERT INTO "QueryColumnAccess" ("queryId", "columnId")
    VALUES ('1215', '4');
INSERT INTO "QueryColumnAccess" ("queryId", "columnId")
    VALUES ('1215', '2');
INSERT INTO "QueryTableAccess" ("queryId", "tableId")
    VALUES ('1215', '2');
INSERT INTO "QueryTableAccess" ("queryId", "tableId")
    VALUES ('1215', '5');
SELECT 'Orders.payment_method', 'Customers.email' FROM Orders NATURAL JOIN Customers ON 'Orders.payment_method' = 'Customers.email';
INSERT INTO "SqlQuery" ("queryId", "userId", "issuedAt", "finishedAt", "hasError", "errorMessage", "statement", "projectId", "queryTypeId")
    VALUES ('1216', '3', '2023-04-11 21:52:06.040884', '2023-04-11 21:52:08.040884', 'False', 'None', 'SELECT Orders.payment_method, Customers.email FROM Orders NATURAL JOIN Customers ON Orders.payment_method = Customers.email;', '1', '1');
INSERT INTO "QueryColumnAccess" ("queryId", "columnId")
    VALUES ('1216', '5');
INSERT INTO "QueryColumnAccess" ("queryId", "columnId")
    VALUES ('1216', '4');
INSERT INTO "QueryTableAccess" ("queryId", "tableId")
    VALUES ('1216', '2');
INSERT INTO "QueryTableAccess" ("queryId", "tableId")
    VALUES ('1216', '1');
SELECT 'Products.quantity', 'Customers.email' FROM Products LEFT OUTER JOIN Customers ON 'Products.quantity' = 'Customers.email';
INSERT INTO "SqlQuery" ("queryId", "userId", "issuedAt", "finishedAt", "hasError", "errorMessage", "statement", "projectId", "queryTypeId")
    VALUES ('1217', '11', '2023-04-12 21:52:06.040893', '2023-04-12 21:52:10.040893', 'False', 'None', 'SELECT Products.quantity, Customers.email FROM Products LEFT OUTER JOIN Customers ON Products.quantity = Customers.email;', '1', '1');
INSERT INTO "QueryColumnAccess" ("queryId", "columnId")
    VALUES ('1217', '6');
INSERT INTO "QueryColumnAccess" ("queryId", "columnId")
    VALUES ('1217', '4');
INSERT INTO "QueryTableAccess" ("queryId", "tableId")
    VALUES ('1217', '3');
INSERT INTO "QueryTableAccess" ("queryId", "tableId")
    VALUES ('1217', '1');
SELECT 'OrderItems.unit_price', 'Products.product_id' FROM OrderItems NATURAL JOIN Products ON 'OrderItems.unit_price' = 'Products.product_id';
INSERT INTO "SqlQuery" ("queryId", "userId", "issuedAt", "finishedAt", "hasError", "errorMessage", "statement", "projectId", "queryTypeId")
    VALUES ('1218', '15', '2023-04-21 21:52:06.040901', '2023-04-21 21:52:07.040901', 'False', 'None', 'SELECT OrderItems.unit_price, Products.product_id FROM OrderItems NATURAL JOIN Products ON OrderItems.unit_price = Products.product_id;', '1', '1');
INSERT INTO "QueryColumnAccess" ("queryId", "columnId")
    VALUES ('1218', '5');
INSERT INTO "QueryColumnAccess" ("queryId", "columnId")
    VALUES ('1218', '1');
INSERT INTO "QueryTableAccess" ("queryId", "tableId")
    VALUES ('1218', '5');
INSERT INTO "QueryTableAccess" ("queryId", "tableId")
    VALUES ('1218', '3');
SELECT 'Categories.description', 'OrderItems.order_item_id' FROM Categories RIGHT OUTER JOIN OrderItems ON 'Categories.description' = 'OrderItems.order_item_id';
INSERT INTO "SqlQuery" ("queryId", "userId", "issuedAt", "finishedAt", "hasError", "errorMessage", "statement", "projectId", "queryTypeId")
    VALUES ('1219', '1', '2023-05-03 21:52:06.040910', '2023-05-03 21:52:08.040910', 'False', 'None', 'SELECT Categories.description, OrderItems.order_item_id FROM Categories RIGHT OUTER JOIN OrderItems ON Categories.description = OrderItems.order_item_id;', '1', '1');
INSERT INTO "QueryColumnAccess" ("queryId", "columnId")
    VALUES ('1219', '3');
INSERT INTO "QueryColumnAccess" ("queryId", "columnId")
    VALUES ('1219', '1');
INSERT INTO "QueryTableAccess" ("queryId", "tableId")
    VALUES ('1219', '4');
INSERT INTO "QueryTableAccess" ("queryId", "tableId")
    VALUES ('1219', '5');
SELECT 'Products.product_id', 'Orders.total_amount' FROM Products NATURAL JOIN Orders ON 'Products.product_id' = 'Orders.total_amount';
INSERT INTO "SqlQuery" ("queryId", "userId", "issuedAt", "finishedAt", "hasError", "errorMessage", "statement", "projectId", "queryTypeId")
    VALUES ('1220', '5', '2023-06-12 21:52:06.040919', '2023-06-12 21:52:09.040919', 'False', 'None', 'SELECT Products.product_id, Orders.total_amount FROM Products NATURAL JOIN Orders ON Products.product_id = Orders.total_amount;', '1', '1');
INSERT INTO "QueryColumnAccess" ("queryId", "columnId")
    VALUES ('1220', '1');
INSERT INTO "QueryColumnAccess" ("queryId", "columnId")
    VALUES ('1220', '4');
INSERT INTO "QueryTableAccess" ("queryId", "tableId")
    VALUES ('1220', '3');
INSERT INTO "QueryTableAccess" ("queryId", "tableId")
    VALUES ('1220', '2');
SELECT 'Products.quantity', 'Orders.shipping_address' FROM Products RIGHT OUTER JOIN Orders ON 'Products.quantity' = 'Orders.shipping_address';
INSERT INTO "SqlQuery" ("queryId", "userId", "issuedAt", "finishedAt", "hasError", "errorMessage", "statement", "projectId", "queryTypeId")
    VALUES ('1221', '3', '2023-05-30 21:52:06.040927', '2023-05-30 21:52:08.040927', 'False', 'None', 'SELECT Products.quantity, Orders.shipping_address FROM Products RIGHT OUTER JOIN Orders ON Products.quantity = Orders.shipping_address;', '1', '1');
INSERT INTO "QueryColumnAccess" ("queryId", "columnId")
    VALUES ('1221', '6');
INSERT INTO "QueryColumnAccess" ("queryId", "columnId")
    VALUES ('1221', '6');
INSERT INTO "QueryTableAccess" ("queryId", "tableId")
    VALUES ('1221', '3');
INSERT INTO "QueryTableAccess" ("queryId", "tableId")
    VALUES ('1221', '2');
SELECT 'Categories.parent_category_id', 'Orders.shipping_address' FROM Categories RIGHT OUTER JOIN Orders ON 'Categories.parent_category_id' = 'Orders.shipping_address';
INSERT INTO "SqlQuery" ("queryId", "userId", "issuedAt", "finishedAt", "hasError", "errorMessage", "statement", "projectId", "queryTypeId")
    VALUES ('1222', '3', '2023-05-11 21:52:06.040936', '2023-05-11 21:52:09.040936', 'False', 'None', 'SELECT Categories.parent_category_id, Orders.shipping_address FROM Categories RIGHT OUTER JOIN Orders ON Categories.parent_category_id = Orders.shipping_address;', '1', '1');
INSERT INTO "QueryColumnAccess" ("queryId", "columnId")
    VALUES ('1222', '4');
INSERT INTO "QueryColumnAccess" ("queryId", "columnId")
    VALUES ('1222', '6');
INSERT INTO "QueryTableAccess" ("queryId", "tableId")
    VALUES ('1222', '4');
INSERT INTO "QueryTableAccess" ("queryId", "tableId")
    VALUES ('1222', '2');
SELECT 'Customers.last_name', 'Orders.order_date' FROM Customers RIGHT OUTER JOIN Orders ON 'Customers.last_name' = 'Orders.order_date';
INSERT INTO "SqlQuery" ("queryId", "userId", "issuedAt", "finishedAt", "hasError", "errorMessage", "statement", "projectId", "queryTypeId")
    VALUES ('1223', '4', '2023-06-30 21:52:06.040945', '2023-06-30 21:52:08.040945', 'False', 'None', 'SELECT Customers.last_name, Orders.order_date FROM Customers RIGHT OUTER JOIN Orders ON Customers.last_name = Orders.order_date;', '1', '1');
INSERT INTO "QueryColumnAccess" ("queryId", "columnId")
    VALUES ('1223', '3');
INSERT INTO "QueryColumnAccess" ("queryId", "columnId")
    VALUES ('1223', '3');
INSERT INTO "QueryTableAccess" ("queryId", "tableId")
    VALUES ('1223', '1');
INSERT INTO "QueryTableAccess" ("queryId", "tableId")
    VALUES ('1223', '2');
SELECT 'OrderItems.order_item_id', 'Orders.customer_id' FROM OrderItems RIGHT OUTER JOIN Orders ON 'OrderItems.order_item_id' = 'Orders.customer_id';
INSERT INTO "SqlQuery" ("queryId", "userId", "issuedAt", "finishedAt", "hasError", "errorMessage", "statement", "projectId", "queryTypeId")
    VALUES ('1224', '10', '2023-05-31 21:52:06.040954', '2023-05-31 21:52:09.040954', 'False', 'None', 'SELECT OrderItems.order_item_id, Orders.customer_id FROM OrderItems RIGHT OUTER JOIN Orders ON OrderItems.order_item_id = Orders.customer_id;', '1', '1');
INSERT INTO "QueryColumnAccess" ("queryId", "columnId")
    VALUES ('1224', '1');
INSERT INTO "QueryColumnAccess" ("queryId", "columnId")
    VALUES ('1224', '2');
INSERT INTO "QueryTableAccess" ("queryId", "tableId")
    VALUES ('1224', '5');
INSERT INTO "QueryTableAccess" ("queryId", "tableId")
    VALUES ('1224', '2');
SELECT 'Categories.category_name', 'OrderItems.order_item_id' FROM Categories NATURAL JOIN OrderItems ON 'Categories.category_name' = 'OrderItems.order_item_id';
INSERT INTO "SqlQuery" ("queryId", "userId", "issuedAt", "finishedAt", "hasError", "errorMessage", "statement", "projectId", "queryTypeId")
    VALUES ('1225', '9', '2023-06-07 21:52:06.040969', '2023-06-07 21:52:10.040969', 'False', 'None', 'SELECT Categories.category_name, OrderItems.order_item_id FROM Categories NATURAL JOIN OrderItems ON Categories.category_name = OrderItems.order_item_id;', '1', '1');
INSERT INTO "QueryColumnAccess" ("queryId", "columnId")
    VALUES ('1225', '2');
INSERT INTO "QueryColumnAccess" ("queryId", "columnId")
    VALUES ('1225', '1');
INSERT INTO "QueryTableAccess" ("queryId", "tableId")
    VALUES ('1225', '4');
INSERT INTO "QueryTableAccess" ("queryId", "tableId")
    VALUES ('1225', '5');
SELECT 'Customers.address', 'Categories.category_name' FROM Customers RIGHT OUTER JOIN Categories ON 'Customers.address' = 'Categories.category_name';
INSERT INTO "SqlQuery" ("queryId", "userId", "issuedAt", "finishedAt", "hasError", "errorMessage", "statement", "projectId", "queryTypeId")
    VALUES ('1226', '10', '2023-05-01 21:52:06.040978', '2023-05-01 21:52:07.040978', 'False', 'None', 'SELECT Customers.address, Categories.category_name FROM Customers RIGHT OUTER JOIN Categories ON Customers.address = Categories.category_name;', '1', '1');
INSERT INTO "QueryColumnAccess" ("queryId", "columnId")
    VALUES ('1226', '6');
INSERT INTO "QueryColumnAccess" ("queryId", "columnId")
    VALUES ('1226', '2');
INSERT INTO "QueryTableAccess" ("queryId", "tableId")
    VALUES ('1226', '1');
INSERT INTO "QueryTableAccess" ("queryId", "tableId")
    VALUES ('1226', '4');
SELECT 'Products.product_name', 'Orders.order_date' FROM Products NATURAL JOIN Orders ON 'Products.product_name' = 'Orders.order_date';
INSERT INTO "SqlQuery" ("queryId", "userId", "issuedAt", "finishedAt", "hasError", "errorMessage", "statement", "projectId", "queryTypeId")
    VALUES ('1227', '10', '2023-04-12 21:52:06.040987', '2023-04-12 21:52:10.040987', 'False', 'None', 'SELECT Products.product_name, Orders.order_date FROM Products NATURAL JOIN Orders ON Products.product_name = Orders.order_date;', '1', '1');
INSERT INTO "QueryColumnAccess" ("queryId", "columnId")
    VALUES ('1227', '2');
INSERT INTO "QueryColumnAccess" ("queryId", "columnId")
    VALUES ('1227', '3');
INSERT INTO "QueryTableAccess" ("queryId", "tableId")
    VALUES ('1227', '3');
INSERT INTO "QueryTableAccess" ("queryId", "tableId")
    VALUES ('1227', '2');
SELECT 'Categories.category_name', 'Products.product_id' FROM Categories LEFT OUTER JOIN Products ON 'Categories.category_name' = 'Products.product_id';
INSERT INTO "SqlQuery" ("queryId", "userId", "issuedAt", "finishedAt", "hasError", "errorMessage", "statement", "projectId", "queryTypeId")
    VALUES ('1228', '15', '2023-04-27 21:52:06.040996', '2023-04-27 21:52:10.040996', 'False', 'None', 'SELECT Categories.category_name, Products.product_id FROM Categories LEFT OUTER JOIN Products ON Categories.category_name = Products.product_id;', '1', '1');
INSERT INTO "QueryColumnAccess" ("queryId", "columnId")
    VALUES ('1228', '2');
INSERT INTO "QueryColumnAccess" ("queryId", "columnId")
    VALUES ('1228', '1');
INSERT INTO "QueryTableAccess" ("queryId", "tableId")
    VALUES ('1228', '4');
INSERT INTO "QueryTableAccess" ("queryId", "tableId")
    VALUES ('1228', '3');
SELECT 'Orders.order_id', 'OrderItems.quantity' FROM Orders LEFT OUTER JOIN OrderItems ON 'Orders.order_id' = 'OrderItems.quantity';
INSERT INTO "SqlQuery" ("queryId", "userId", "issuedAt", "finishedAt", "hasError", "errorMessage", "statement", "projectId", "queryTypeId")
    VALUES ('1229', '14', '2023-06-27 21:52:06.041005', '2023-06-27 21:52:09.041005', 'False', 'None', 'SELECT Orders.order_id, OrderItems.quantity FROM Orders LEFT OUTER JOIN OrderItems ON Orders.order_id = OrderItems.quantity;', '1', '1');
INSERT INTO "QueryColumnAccess" ("queryId", "columnId")
    VALUES ('1229', '1');
INSERT INTO "QueryColumnAccess" ("queryId", "columnId")
    VALUES ('1229', '4');
INSERT INTO "QueryTableAccess" ("queryId", "tableId")
    VALUES ('1229', '2');
INSERT INTO "QueryTableAccess" ("queryId", "tableId")
    VALUES ('1229', '5');
SELECT 'Orders.payment_method', 'OrderItems.product_id' FROM Orders RIGHT OUTER JOIN OrderItems ON 'Orders.payment_method' = 'OrderItems.product_id';
INSERT INTO "SqlQuery" ("queryId", "userId", "issuedAt", "finishedAt", "hasError", "errorMessage", "statement", "projectId", "queryTypeId")
    VALUES ('1230', '14', '2023-06-20 21:52:06.041014', '2023-06-20 21:52:09.041014', 'False', 'None', 'SELECT Orders.payment_method, OrderItems.product_id FROM Orders RIGHT OUTER JOIN OrderItems ON Orders.payment_method = OrderItems.product_id;', '1', '1');
INSERT INTO "QueryColumnAccess" ("queryId", "columnId")
    VALUES ('1230', '5');
INSERT INTO "QueryColumnAccess" ("queryId", "columnId")
    VALUES ('1230', '3');
INSERT INTO "QueryTableAccess" ("queryId", "tableId")
    VALUES ('1230', '2');
INSERT INTO "QueryTableAccess" ("queryId", "tableId")
    VALUES ('1230', '5');
SELECT 'Customers.phone_number', 'OrderItems.product_id' FROM Customers NATURAL JOIN OrderItems ON 'Customers.phone_number' = 'OrderItems.product_id';
INSERT INTO "SqlQuery" ("queryId", "userId", "issuedAt", "finishedAt", "hasError", "errorMessage", "statement", "projectId", "queryTypeId")
    VALUES ('1231', '3', '2023-06-10 21:52:06.041022', '2023-06-10 21:52:07.041022', 'False', 'None', 'SELECT Customers.phone_number, OrderItems.product_id FROM Customers NATURAL JOIN OrderItems ON Customers.phone_number = OrderItems.product_id;', '1', '1');
INSERT INTO "QueryColumnAccess" ("queryId", "columnId")
    VALUES ('1231', '5');
INSERT INTO "QueryColumnAccess" ("queryId", "columnId")
    VALUES ('1231', '3');
INSERT INTO "QueryTableAccess" ("queryId", "tableId")
    VALUES ('1231', '1');
INSERT INTO "QueryTableAccess" ("queryId", "tableId")
    VALUES ('1231', '5');
SELECT 'Orders.customer_id', 'Customers.phone_number' FROM Orders RIGHT OUTER JOIN Customers ON 'Orders.customer_id' = 'Customers.phone_number';
INSERT INTO "SqlQuery" ("queryId", "userId", "issuedAt", "finishedAt", "hasError", "errorMessage", "statement", "projectId", "queryTypeId")
    VALUES ('1232', '6', '2023-06-26 21:52:06.041031', '2023-06-26 21:52:08.041031', 'False', 'None', 'SELECT Orders.customer_id, Customers.phone_number FROM Orders RIGHT OUTER JOIN Customers ON Orders.customer_id = Customers.phone_number;', '1', '1');
INSERT INTO "QueryColumnAccess" ("queryId", "columnId")
    VALUES ('1232', '2');
INSERT INTO "QueryColumnAccess" ("queryId", "columnId")
    VALUES ('1232', '5');
INSERT INTO "QueryTableAccess" ("queryId", "tableId")
    VALUES ('1232', '2');
INSERT INTO "QueryTableAccess" ("queryId", "tableId")
    VALUES ('1232', '1');
SELECT 'Customers.phone_number', 'Products.price' FROM Customers LEFT OUTER JOIN Products ON 'Customers.phone_number' = 'Products.price';
INSERT INTO "SqlQuery" ("queryId", "userId", "issuedAt", "finishedAt", "hasError", "errorMessage", "statement", "projectId", "queryTypeId")
    VALUES ('1233', '12', '2023-05-21 21:52:06.041040', '2023-05-21 21:52:08.041040', 'False', 'None', 'SELECT Customers.phone_number, Products.price FROM Customers LEFT OUTER JOIN Products ON Customers.phone_number = Products.price;', '1', '1');
INSERT INTO "QueryColumnAccess" ("queryId", "columnId")
    VALUES ('1233', '5');
INSERT INTO "QueryColumnAccess" ("queryId", "columnId")
    VALUES ('1233', '4');
INSERT INTO "QueryTableAccess" ("queryId", "tableId")
    VALUES ('1233', '1');
INSERT INTO "QueryTableAccess" ("queryId", "tableId")
    VALUES ('1233', '3');
SELECT 'Customers.last_name', 'Products.price' FROM Customers RIGHT OUTER JOIN Products ON 'Customers.last_name' = 'Products.price';
INSERT INTO "SqlQuery" ("queryId", "userId", "issuedAt", "finishedAt", "hasError", "errorMessage", "statement", "projectId", "queryTypeId")
    VALUES ('1234', '15', '2023-07-07 21:52:06.041056', '2023-07-07 21:52:09.041056', 'False', 'None', 'SELECT Customers.last_name, Products.price FROM Customers RIGHT OUTER JOIN Products ON Customers.last_name = Products.price;', '1', '1');
INSERT INTO "QueryColumnAccess" ("queryId", "columnId")
    VALUES ('1234', '3');
INSERT INTO "QueryColumnAccess" ("queryId", "columnId")
    VALUES ('1234', '4');
INSERT INTO "QueryTableAccess" ("queryId", "tableId")
    VALUES ('1234', '1');
INSERT INTO "QueryTableAccess" ("queryId", "tableId")
    VALUES ('1234', '3');
SELECT 'OrderItems.unit_price', 'Categories.parent_category_id' FROM OrderItems NATURAL JOIN Categories ON 'OrderItems.unit_price' = 'Categories.parent_category_id';
INSERT INTO "SqlQuery" ("queryId", "userId", "issuedAt", "finishedAt", "hasError", "errorMessage", "statement", "projectId", "queryTypeId")
    VALUES ('1235', '14', '2023-05-04 21:52:06.041065', '2023-05-04 21:52:08.041065', 'False', 'None', 'SELECT OrderItems.unit_price, Categories.parent_category_id FROM OrderItems NATURAL JOIN Categories ON OrderItems.unit_price = Categories.parent_category_id;', '1', '1');
INSERT INTO "QueryColumnAccess" ("queryId", "columnId")
    VALUES ('1235', '5');
INSERT INTO "QueryColumnAccess" ("queryId", "columnId")
    VALUES ('1235', '4');
INSERT INTO "QueryTableAccess" ("queryId", "tableId")
    VALUES ('1235', '5');
INSERT INTO "QueryTableAccess" ("queryId", "tableId")
    VALUES ('1235', '4');
SELECT 'Orders.order_date', 'OrderItems.order_item_id' FROM Orders RIGHT OUTER JOIN OrderItems ON 'Orders.order_date' = 'OrderItems.order_item_id';
INSERT INTO "SqlQuery" ("queryId", "userId", "issuedAt", "finishedAt", "hasError", "errorMessage", "statement", "projectId", "queryTypeId")
    VALUES ('1236', '3', '2023-04-19 21:52:06.041074', '2023-04-19 21:52:08.041074', 'False', 'None', 'SELECT Orders.order_date, OrderItems.order_item_id FROM Orders RIGHT OUTER JOIN OrderItems ON Orders.order_date = OrderItems.order_item_id;', '1', '1');
INSERT INTO "QueryColumnAccess" ("queryId", "columnId")
    VALUES ('1236', '3');
INSERT INTO "QueryColumnAccess" ("queryId", "columnId")
    VALUES ('1236', '1');
INSERT INTO "QueryTableAccess" ("queryId", "tableId")
    VALUES ('1236', '2');
INSERT INTO "QueryTableAccess" ("queryId", "tableId")
    VALUES ('1236', '5');
SELECT 'Categories.category_name', 'Orders.payment_method' FROM Categories NATURAL JOIN Orders ON 'Categories.category_name' = 'Orders.payment_method';
INSERT INTO "SqlQuery" ("queryId", "userId", "issuedAt", "finishedAt", "hasError", "errorMessage", "statement", "projectId", "queryTypeId")
    VALUES ('1237', '11', '2023-06-07 21:52:06.041083', '2023-06-07 21:52:08.041083', 'False', 'None', 'SELECT Categories.category_name, Orders.payment_method FROM Categories NATURAL JOIN Orders ON Categories.category_name = Orders.payment_method;', '1', '1');
INSERT INTO "QueryColumnAccess" ("queryId", "columnId")
    VALUES ('1237', '2');
INSERT INTO "QueryColumnAccess" ("queryId", "columnId")
    VALUES ('1237', '5');
INSERT INTO "QueryTableAccess" ("queryId", "tableId")
    VALUES ('1237', '4');
INSERT INTO "QueryTableAccess" ("queryId", "tableId")
    VALUES ('1237', '2');
SELECT 'Products.description', 'Categories.parent_category_id' FROM Products NATURAL JOIN Categories ON 'Products.description' = 'Categories.parent_category_id';
INSERT INTO "SqlQuery" ("queryId", "userId", "issuedAt", "finishedAt", "hasError", "errorMessage", "statement", "projectId", "queryTypeId")
    VALUES ('1238', '6', '2023-06-30 21:52:06.041092', '2023-06-30 21:52:10.041092', 'False', 'None', 'SELECT Products.description, Categories.parent_category_id FROM Products NATURAL JOIN Categories ON Products.description = Categories.parent_category_id;', '1', '1');
INSERT INTO "QueryColumnAccess" ("queryId", "columnId")
    VALUES ('1238', '5');
INSERT INTO "QueryColumnAccess" ("queryId", "columnId")
    VALUES ('1238', '4');
INSERT INTO "QueryTableAccess" ("queryId", "tableId")
    VALUES ('1238', '3');
INSERT INTO "QueryTableAccess" ("queryId", "tableId")
    VALUES ('1238', '4');
SELECT 'Customers.customer_id', 'OrderItems.quantity' FROM Customers LEFT OUTER JOIN OrderItems ON 'Customers.customer_id' = 'OrderItems.quantity';
INSERT INTO "SqlQuery" ("queryId", "userId", "issuedAt", "finishedAt", "hasError", "errorMessage", "statement", "projectId", "queryTypeId")
    VALUES ('1239', '11', '2023-04-14 21:52:06.041101', '2023-04-14 21:52:07.041101', 'False', 'None', 'SELECT Customers.customer_id, OrderItems.quantity FROM Customers LEFT OUTER JOIN OrderItems ON Customers.customer_id = OrderItems.quantity;', '1', '1');
INSERT INTO "QueryColumnAccess" ("queryId", "columnId")
    VALUES ('1239', '1');
INSERT INTO "QueryColumnAccess" ("queryId", "columnId")
    VALUES ('1239', '4');
INSERT INTO "QueryTableAccess" ("queryId", "tableId")
    VALUES ('1239', '1');
INSERT INTO "QueryTableAccess" ("queryId", "tableId")
    VALUES ('1239', '5');
SELECT 'Customers.last_name', 'OrderItems.product_id' FROM Customers LEFT OUTER JOIN OrderItems ON 'Customers.last_name' = 'OrderItems.product_id';
INSERT INTO "SqlQuery" ("queryId", "userId", "issuedAt", "finishedAt", "hasError", "errorMessage", "statement", "projectId", "queryTypeId")
    VALUES ('1240', '9', '2023-04-19 21:52:06.041109', '2023-04-19 21:52:10.041109', 'False', 'None', 'SELECT Customers.last_name, OrderItems.product_id FROM Customers LEFT OUTER JOIN OrderItems ON Customers.last_name = OrderItems.product_id;', '1', '1');
INSERT INTO "QueryColumnAccess" ("queryId", "columnId")
    VALUES ('1240', '3');
INSERT INTO "QueryColumnAccess" ("queryId", "columnId")
    VALUES ('1240', '3');
INSERT INTO "QueryTableAccess" ("queryId", "tableId")
    VALUES ('1240', '1');
INSERT INTO "QueryTableAccess" ("queryId", "tableId")
    VALUES ('1240', '5');
SELECT 'Products.product_id', 'Orders.shipping_address' FROM Products RIGHT OUTER JOIN Orders ON 'Products.product_id' = 'Orders.shipping_address';
INSERT INTO "SqlQuery" ("queryId", "userId", "issuedAt", "finishedAt", "hasError", "errorMessage", "statement", "projectId", "queryTypeId")
    VALUES ('1241', '1', '2023-06-13 21:52:06.041118', '2023-06-13 21:52:10.041118', 'False', 'None', 'SELECT Products.product_id, Orders.shipping_address FROM Products RIGHT OUTER JOIN Orders ON Products.product_id = Orders.shipping_address;', '1', '1');
INSERT INTO "QueryColumnAccess" ("queryId", "columnId")
    VALUES ('1241', '1');
INSERT INTO "QueryColumnAccess" ("queryId", "columnId")
    VALUES ('1241', '6');
INSERT INTO "QueryTableAccess" ("queryId", "tableId")
    VALUES ('1241', '3');
INSERT INTO "QueryTableAccess" ("queryId", "tableId")
    VALUES ('1241', '2');
SELECT 'OrderItems.order_id', 'Orders.order_date' FROM OrderItems NATURAL JOIN Orders ON 'OrderItems.order_id' = 'Orders.order_date';
INSERT INTO "SqlQuery" ("queryId", "userId", "issuedAt", "finishedAt", "hasError", "errorMessage", "statement", "projectId", "queryTypeId")
    VALUES ('1242', '11', '2023-06-24 21:52:06.041127', '2023-06-24 21:52:07.041127', 'False', 'None', 'SELECT OrderItems.order_id, Orders.order_date FROM OrderItems NATURAL JOIN Orders ON OrderItems.order_id = Orders.order_date;', '1', '1');
INSERT INTO "QueryColumnAccess" ("queryId", "columnId")
    VALUES ('1242', '2');
INSERT INTO "QueryColumnAccess" ("queryId", "columnId")
    VALUES ('1242', '3');
INSERT INTO "QueryTableAccess" ("queryId", "tableId")
    VALUES ('1242', '5');
INSERT INTO "QueryTableAccess" ("queryId", "tableId")
    VALUES ('1242', '2');
SELECT 'Orders.payment_method', 'Categories.category_id' FROM Orders RIGHT OUTER JOIN Categories ON 'Orders.payment_method' = 'Categories.category_id';
INSERT INTO "SqlQuery" ("queryId", "userId", "issuedAt", "finishedAt", "hasError", "errorMessage", "statement", "projectId", "queryTypeId")
    VALUES ('1243', '5', '2023-04-11 21:52:06.041136', '2023-04-11 21:52:09.041136', 'False', 'None', 'SELECT Orders.payment_method, Categories.category_id FROM Orders RIGHT OUTER JOIN Categories ON Orders.payment_method = Categories.category_id;', '1', '1');
INSERT INTO "QueryColumnAccess" ("queryId", "columnId")
    VALUES ('1243', '5');
INSERT INTO "QueryColumnAccess" ("queryId", "columnId")
    VALUES ('1243', '1');
INSERT INTO "QueryTableAccess" ("queryId", "tableId")
    VALUES ('1243', '2');
INSERT INTO "QueryTableAccess" ("queryId", "tableId")
    VALUES ('1243', '4');
SELECT 'Products.description', 'Customers.customer_id' FROM Products LEFT OUTER JOIN Customers ON 'Products.description' = 'Customers.customer_id';
INSERT INTO "SqlQuery" ("queryId", "userId", "issuedAt", "finishedAt", "hasError", "errorMessage", "statement", "projectId", "queryTypeId")
    VALUES ('1244', '10', '2023-04-28 21:52:06.041150', '2023-04-28 21:52:07.041150', 'False', 'None', 'SELECT Products.description, Customers.customer_id FROM Products LEFT OUTER JOIN Customers ON Products.description = Customers.customer_id;', '1', '1');
INSERT INTO "QueryColumnAccess" ("queryId", "columnId")
    VALUES ('1244', '5');
INSERT INTO "QueryColumnAccess" ("queryId", "columnId")
    VALUES ('1244', '1');
INSERT INTO "QueryTableAccess" ("queryId", "tableId")
    VALUES ('1244', '3');
INSERT INTO "QueryTableAccess" ("queryId", "tableId")
    VALUES ('1244', '1');
SELECT 'Orders.order_id', 'Categories.description' FROM Orders NATURAL JOIN Categories ON 'Orders.order_id' = 'Categories.description';
INSERT INTO "SqlQuery" ("queryId", "userId", "issuedAt", "finishedAt", "hasError", "errorMessage", "statement", "projectId", "queryTypeId")
    VALUES ('1245', '2', '2023-05-06 21:52:06.041159', '2023-05-06 21:52:07.041159', 'False', 'None', 'SELECT Orders.order_id, Categories.description FROM Orders NATURAL JOIN Categories ON Orders.order_id = Categories.description;', '1', '1');
INSERT INTO "QueryColumnAccess" ("queryId", "columnId")
    VALUES ('1245', '1');
INSERT INTO "QueryColumnAccess" ("queryId", "columnId")
    VALUES ('1245', '3');
INSERT INTO "QueryTableAccess" ("queryId", "tableId")
    VALUES ('1245', '2');
INSERT INTO "QueryTableAccess" ("queryId", "tableId")
    VALUES ('1245', '4');
SELECT 'Categories.description', 'Orders.payment_method' FROM Categories RIGHT OUTER JOIN Orders ON 'Categories.description' = 'Orders.payment_method';
INSERT INTO "SqlQuery" ("queryId", "userId", "issuedAt", "finishedAt", "hasError", "errorMessage", "statement", "projectId", "queryTypeId")
    VALUES ('1246', '15', '2023-05-15 21:52:06.041168', '2023-05-15 21:52:10.041168', 'False', 'None', 'SELECT Categories.description, Orders.payment_method FROM Categories RIGHT OUTER JOIN Orders ON Categories.description = Orders.payment_method;', '1', '1');
INSERT INTO "QueryColumnAccess" ("queryId", "columnId")
    VALUES ('1246', '3');
INSERT INTO "QueryColumnAccess" ("queryId", "columnId")
    VALUES ('1246', '5');
INSERT INTO "QueryTableAccess" ("queryId", "tableId")
    VALUES ('1246', '4');
INSERT INTO "QueryTableAccess" ("queryId", "tableId")
    VALUES ('1246', '2');
SELECT 'Categories.category_name', 'Products.quantity' FROM Categories RIGHT OUTER JOIN Products ON 'Categories.category_name' = 'Products.quantity';
INSERT INTO "SqlQuery" ("queryId", "userId", "issuedAt", "finishedAt", "hasError", "errorMessage", "statement", "projectId", "queryTypeId")
    VALUES ('1247', '11', '2023-05-06 21:52:06.041177', '2023-05-06 21:52:10.041177', 'False', 'None', 'SELECT Categories.category_name, Products.quantity FROM Categories RIGHT OUTER JOIN Products ON Categories.category_name = Products.quantity;', '1', '1');
INSERT INTO "QueryColumnAccess" ("queryId", "columnId")
    VALUES ('1247', '2');
INSERT INTO "QueryColumnAccess" ("queryId", "columnId")
    VALUES ('1247', '6');
INSERT INTO "QueryTableAccess" ("queryId", "tableId")
    VALUES ('1247', '4');
INSERT INTO "QueryTableAccess" ("queryId", "tableId")
    VALUES ('1247', '3');
SELECT 'OrderItems.order_id', 'Customers.customer_id' FROM OrderItems RIGHT OUTER JOIN Customers ON 'OrderItems.order_id' = 'Customers.customer_id';
INSERT INTO "SqlQuery" ("queryId", "userId", "issuedAt", "finishedAt", "hasError", "errorMessage", "statement", "projectId", "queryTypeId")
    VALUES ('1248', '14', '2023-07-05 21:52:06.041186', '2023-07-05 21:52:10.041186', 'False', 'None', 'SELECT OrderItems.order_id, Customers.customer_id FROM OrderItems RIGHT OUTER JOIN Customers ON OrderItems.order_id = Customers.customer_id;', '1', '1');
INSERT INTO "QueryColumnAccess" ("queryId", "columnId")
    VALUES ('1248', '2');
INSERT INTO "QueryColumnAccess" ("queryId", "columnId")
    VALUES ('1248', '1');
INSERT INTO "QueryTableAccess" ("queryId", "tableId")
    VALUES ('1248', '5');
INSERT INTO "QueryTableAccess" ("queryId", "tableId")
    VALUES ('1248', '1');
SELECT 'Orders.customer_id', 'Products.product_name' FROM Orders NATURAL JOIN Products ON 'Orders.customer_id' = 'Products.product_name';
INSERT INTO "SqlQuery" ("queryId", "userId", "issuedAt", "finishedAt", "hasError", "errorMessage", "statement", "projectId", "queryTypeId")
    VALUES ('1249', '4', '2023-05-23 21:52:06.041194', '2023-05-23 21:52:07.041194', 'False', 'None', 'SELECT Orders.customer_id, Products.product_name FROM Orders NATURAL JOIN Products ON Orders.customer_id = Products.product_name;', '1', '1');
INSERT INTO "QueryColumnAccess" ("queryId", "columnId")
    VALUES ('1249', '2');
INSERT INTO "QueryColumnAccess" ("queryId", "columnId")
    VALUES ('1249', '2');
INSERT INTO "QueryTableAccess" ("queryId", "tableId")
    VALUES ('1249', '2');
INSERT INTO "QueryTableAccess" ("queryId", "tableId")
    VALUES ('1249', '3');
SELECT 'Customers.customer_id', 'OrderItems.unit_price' FROM Customers NATURAL JOIN OrderItems ON 'Customers.customer_id' = 'OrderItems.unit_price';
INSERT INTO "SqlQuery" ("queryId", "userId", "issuedAt", "finishedAt", "hasError", "errorMessage", "statement", "projectId", "queryTypeId")
    VALUES ('1250', '1', '2023-06-21 21:52:06.041203', '2023-06-21 21:52:10.041203', 'False', 'None', 'SELECT Customers.customer_id, OrderItems.unit_price FROM Customers NATURAL JOIN OrderItems ON Customers.customer_id = OrderItems.unit_price;', '1', '1');
INSERT INTO "QueryColumnAccess" ("queryId", "columnId")
    VALUES ('1250', '1');
INSERT INTO "QueryColumnAccess" ("queryId", "columnId")
    VALUES ('1250', '5');
INSERT INTO "QueryTableAccess" ("queryId", "tableId")
    VALUES ('1250', '1');
INSERT INTO "QueryTableAccess" ("queryId", "tableId")
    VALUES ('1250', '5');
SELECT 'Orders.order_date', 'Categories.description' FROM Orders NATURAL JOIN Categories ON 'Orders.order_date' = 'Categories.description';
INSERT INTO "SqlQuery" ("queryId", "userId", "issuedAt", "finishedAt", "hasError", "errorMessage", "statement", "projectId", "queryTypeId")
    VALUES ('1251', '4', '2023-05-29 21:52:06.041212', '2023-05-29 21:52:09.041212', 'False', 'None', 'SELECT Orders.order_date, Categories.description FROM Orders NATURAL JOIN Categories ON Orders.order_date = Categories.description;', '1', '1');
INSERT INTO "QueryColumnAccess" ("queryId", "columnId")
    VALUES ('1251', '3');
INSERT INTO "QueryColumnAccess" ("queryId", "columnId")
    VALUES ('1251', '3');
INSERT INTO "QueryTableAccess" ("queryId", "tableId")
    VALUES ('1251', '2');
INSERT INTO "QueryTableAccess" ("queryId", "tableId")
    VALUES ('1251', '4');
SELECT 'Products.category', 'Customers.last_name' FROM Products NATURAL JOIN Customers ON 'Products.category' = 'Customers.last_name';
INSERT INTO "SqlQuery" ("queryId", "userId", "issuedAt", "finishedAt", "hasError", "errorMessage", "statement", "projectId", "queryTypeId")
    VALUES ('1252', '4', '2023-07-06 21:52:06.041221', '2023-07-06 21:52:07.041221', 'False', 'None', 'SELECT Products.category, Customers.last_name FROM Products NATURAL JOIN Customers ON Products.category = Customers.last_name;', '1', '1');
INSERT INTO "QueryColumnAccess" ("queryId", "columnId")
    VALUES ('1252', '3');
INSERT INTO "QueryColumnAccess" ("queryId", "columnId")
    VALUES ('1252', '3');
INSERT INTO "QueryTableAccess" ("queryId", "tableId")
    VALUES ('1252', '3');
INSERT INTO "QueryTableAccess" ("queryId", "tableId")
    VALUES ('1252', '1');
SELECT 'OrderItems.quantity', 'Products.product_id' FROM OrderItems LEFT OUTER JOIN Products ON 'OrderItems.quantity' = 'Products.product_id';
INSERT INTO "SqlQuery" ("queryId", "userId", "issuedAt", "finishedAt", "hasError", "errorMessage", "statement", "projectId", "queryTypeId")
    VALUES ('1253', '9', '2023-06-10 21:52:06.041233', '2023-06-10 21:52:09.041233', 'False', 'None', 'SELECT OrderItems.quantity, Products.product_id FROM OrderItems LEFT OUTER JOIN Products ON OrderItems.quantity = Products.product_id;', '1', '1');
INSERT INTO "QueryColumnAccess" ("queryId", "columnId")
    VALUES ('1253', '4');
INSERT INTO "QueryColumnAccess" ("queryId", "columnId")
    VALUES ('1253', '1');
INSERT INTO "QueryTableAccess" ("queryId", "tableId")
    VALUES ('1253', '5');
INSERT INTO "QueryTableAccess" ("queryId", "tableId")
    VALUES ('1253', '3');
SELECT 'OrderItems.unit_price', 'Categories.description' FROM OrderItems LEFT OUTER JOIN Categories ON 'OrderItems.unit_price' = 'Categories.description';
INSERT INTO "SqlQuery" ("queryId", "userId", "issuedAt", "finishedAt", "hasError", "errorMessage", "statement", "projectId", "queryTypeId")
    VALUES ('1254', '2', '2023-05-10 21:52:06.041242', '2023-05-10 21:52:10.041242', 'False', 'None', 'SELECT OrderItems.unit_price, Categories.description FROM OrderItems LEFT OUTER JOIN Categories ON OrderItems.unit_price = Categories.description;', '1', '1');
INSERT INTO "QueryColumnAccess" ("queryId", "columnId")
    VALUES ('1254', '5');
INSERT INTO "QueryColumnAccess" ("queryId", "columnId")
    VALUES ('1254', '3');
INSERT INTO "QueryTableAccess" ("queryId", "tableId")
    VALUES ('1254', '5');
INSERT INTO "QueryTableAccess" ("queryId", "tableId")
    VALUES ('1254', '4');
SELECT 'Customers.email', 'Orders.payment_method' FROM Customers NATURAL JOIN Orders ON 'Customers.email' = 'Orders.payment_method';
INSERT INTO "SqlQuery" ("queryId", "userId", "issuedAt", "finishedAt", "hasError", "errorMessage", "statement", "projectId", "queryTypeId")
    VALUES ('1255', '8', '2023-06-15 21:52:06.041250', '2023-06-15 21:52:07.041250', 'False', 'None', 'SELECT Customers.email, Orders.payment_method FROM Customers NATURAL JOIN Orders ON Customers.email = Orders.payment_method;', '1', '1');
INSERT INTO "QueryColumnAccess" ("queryId", "columnId")
    VALUES ('1255', '4');
INSERT INTO "QueryColumnAccess" ("queryId", "columnId")
    VALUES ('1255', '5');
INSERT INTO "QueryTableAccess" ("queryId", "tableId")
    VALUES ('1255', '1');
INSERT INTO "QueryTableAccess" ("queryId", "tableId")
    VALUES ('1255', '2');
SELECT 'OrderItems.quantity', 'Orders.order_id' FROM OrderItems RIGHT OUTER JOIN Orders ON 'OrderItems.quantity' = 'Orders.order_id';
INSERT INTO "SqlQuery" ("queryId", "userId", "issuedAt", "finishedAt", "hasError", "errorMessage", "statement", "projectId", "queryTypeId")
    VALUES ('1256', '15', '2023-05-05 21:52:06.041259', '2023-05-05 21:52:08.041259', 'False', 'None', 'SELECT OrderItems.quantity, Orders.order_id FROM OrderItems RIGHT OUTER JOIN Orders ON OrderItems.quantity = Orders.order_id;', '1', '1');
INSERT INTO "QueryColumnAccess" ("queryId", "columnId")
    VALUES ('1256', '4');
INSERT INTO "QueryColumnAccess" ("queryId", "columnId")
    VALUES ('1256', '1');
INSERT INTO "QueryTableAccess" ("queryId", "tableId")
    VALUES ('1256', '5');
INSERT INTO "QueryTableAccess" ("queryId", "tableId")
    VALUES ('1256', '2');
SELECT 'Orders.total_amount', 'Customers.customer_id' FROM Orders RIGHT OUTER JOIN Customers ON 'Orders.total_amount' = 'Customers.customer_id';
INSERT INTO "SqlQuery" ("queryId", "userId", "issuedAt", "finishedAt", "hasError", "errorMessage", "statement", "projectId", "queryTypeId")
    VALUES ('1257', '1', '2023-07-05 21:52:06.041268', '2023-07-05 21:52:09.041268', 'False', 'None', 'SELECT Orders.total_amount, Customers.customer_id FROM Orders RIGHT OUTER JOIN Customers ON Orders.total_amount = Customers.customer_id;', '1', '1');
INSERT INTO "QueryColumnAccess" ("queryId", "columnId")
    VALUES ('1257', '4');
INSERT INTO "QueryColumnAccess" ("queryId", "columnId")
    VALUES ('1257', '1');
INSERT INTO "QueryTableAccess" ("queryId", "tableId")
    VALUES ('1257', '2');
INSERT INTO "QueryTableAccess" ("queryId", "tableId")
    VALUES ('1257', '1');
SELECT 'Products.quantity', 'Customers.phone_number' FROM Products RIGHT OUTER JOIN Customers ON 'Products.quantity' = 'Customers.phone_number';
INSERT INTO "SqlQuery" ("queryId", "userId", "issuedAt", "finishedAt", "hasError", "errorMessage", "statement", "projectId", "queryTypeId")
    VALUES ('1258', '8', '2023-06-04 21:52:06.041276', '2023-06-04 21:52:07.041276', 'False', 'None', 'SELECT Products.quantity, Customers.phone_number FROM Products RIGHT OUTER JOIN Customers ON Products.quantity = Customers.phone_number;', '1', '1');
INSERT INTO "QueryColumnAccess" ("queryId", "columnId")
    VALUES ('1258', '6');
INSERT INTO "QueryColumnAccess" ("queryId", "columnId")
    VALUES ('1258', '5');
INSERT INTO "QueryTableAccess" ("queryId", "tableId")
    VALUES ('1258', '3');
INSERT INTO "QueryTableAccess" ("queryId", "tableId")
    VALUES ('1258', '1');
SELECT 'Products.product_id', 'Categories.parent_category_id' FROM Products LEFT OUTER JOIN Categories ON 'Products.product_id' = 'Categories.parent_category_id';
INSERT INTO "SqlQuery" ("queryId", "userId", "issuedAt", "finishedAt", "hasError", "errorMessage", "statement", "projectId", "queryTypeId")
    VALUES ('1259', '3', '2023-04-16 21:52:06.041285', '2023-04-16 21:52:10.041285', 'False', 'None', 'SELECT Products.product_id, Categories.parent_category_id FROM Products LEFT OUTER JOIN Categories ON Products.product_id = Categories.parent_category_id;', '1', '1');
INSERT INTO "QueryColumnAccess" ("queryId", "columnId")
    VALUES ('1259', '1');
INSERT INTO "QueryColumnAccess" ("queryId", "columnId")
    VALUES ('1259', '4');
INSERT INTO "QueryTableAccess" ("queryId", "tableId")
    VALUES ('1259', '3');
INSERT INTO "QueryTableAccess" ("queryId", "tableId")
    VALUES ('1259', '4');
SELECT 'Customers.address', 'Products.quantity' FROM Customers RIGHT OUTER JOIN Products ON 'Customers.address' = 'Products.quantity';
INSERT INTO "SqlQuery" ("queryId", "userId", "issuedAt", "finishedAt", "hasError", "errorMessage", "statement", "projectId", "queryTypeId")
    VALUES ('1260', '5', '2023-06-29 21:52:06.041294', '2023-06-29 21:52:08.041294', 'False', 'None', 'SELECT Customers.address, Products.quantity FROM Customers RIGHT OUTER JOIN Products ON Customers.address = Products.quantity;', '1', '1');
INSERT INTO "QueryColumnAccess" ("queryId", "columnId")
    VALUES ('1260', '6');
INSERT INTO "QueryColumnAccess" ("queryId", "columnId")
    VALUES ('1260', '6');
INSERT INTO "QueryTableAccess" ("queryId", "tableId")
    VALUES ('1260', '1');
INSERT INTO "QueryTableAccess" ("queryId", "tableId")
    VALUES ('1260', '3');
SELECT 'OrderItems.unit_price', 'Categories.parent_category_id' FROM OrderItems RIGHT OUTER JOIN Categories ON 'OrderItems.unit_price' = 'Categories.parent_category_id';
INSERT INTO "SqlQuery" ("queryId", "userId", "issuedAt", "finishedAt", "hasError", "errorMessage", "statement", "projectId", "queryTypeId")
    VALUES ('1261', '14', '2023-04-18 21:52:06.041303', '2023-04-18 21:52:09.041303', 'False', 'None', 'SELECT OrderItems.unit_price, Categories.parent_category_id FROM OrderItems RIGHT OUTER JOIN Categories ON OrderItems.unit_price = Categories.parent_category_id;', '1', '1');
INSERT INTO "QueryColumnAccess" ("queryId", "columnId")
    VALUES ('1261', '5');
INSERT INTO "QueryColumnAccess" ("queryId", "columnId")
    VALUES ('1261', '4');
INSERT INTO "QueryTableAccess" ("queryId", "tableId")
    VALUES ('1261', '5');
INSERT INTO "QueryTableAccess" ("queryId", "tableId")
    VALUES ('1261', '4');
SELECT 'Customers.email', 'Products.quantity' FROM Customers NATURAL JOIN Products ON 'Customers.email' = 'Products.quantity';
INSERT INTO "SqlQuery" ("queryId", "userId", "issuedAt", "finishedAt", "hasError", "errorMessage", "statement", "projectId", "queryTypeId")
    VALUES ('1262', '13', '2023-07-09 21:52:06.041316', '2023-07-09 21:52:07.041316', 'False', 'None', 'SELECT Customers.email, Products.quantity FROM Customers NATURAL JOIN Products ON Customers.email = Products.quantity;', '1', '1');
INSERT INTO "QueryColumnAccess" ("queryId", "columnId")
    VALUES ('1262', '4');
INSERT INTO "QueryColumnAccess" ("queryId", "columnId")
    VALUES ('1262', '6');
INSERT INTO "QueryTableAccess" ("queryId", "tableId")
    VALUES ('1262', '1');
INSERT INTO "QueryTableAccess" ("queryId", "tableId")
    VALUES ('1262', '3');
SELECT 'Orders.customer_id', 'OrderItems.unit_price' FROM Orders NATURAL JOIN OrderItems ON 'Orders.customer_id' = 'OrderItems.unit_price';
INSERT INTO "SqlQuery" ("queryId", "userId", "issuedAt", "finishedAt", "hasError", "errorMessage", "statement", "projectId", "queryTypeId")
    VALUES ('1263', '5', '2023-05-11 21:52:06.041326', '2023-05-11 21:52:10.041326', 'False', 'None', 'SELECT Orders.customer_id, OrderItems.unit_price FROM Orders NATURAL JOIN OrderItems ON Orders.customer_id = OrderItems.unit_price;', '1', '1');
INSERT INTO "QueryColumnAccess" ("queryId", "columnId")
    VALUES ('1263', '2');
INSERT INTO "QueryColumnAccess" ("queryId", "columnId")
    VALUES ('1263', '5');
INSERT INTO "QueryTableAccess" ("queryId", "tableId")
    VALUES ('1263', '2');
INSERT INTO "QueryTableAccess" ("queryId", "tableId")
    VALUES ('1263', '5');
SELECT 'Categories.description', 'Customers.first_name' FROM Categories LEFT OUTER JOIN Customers ON 'Categories.description' = 'Customers.first_name';
INSERT INTO "SqlQuery" ("queryId", "userId", "issuedAt", "finishedAt", "hasError", "errorMessage", "statement", "projectId", "queryTypeId")
    VALUES ('1264', '13', '2023-05-21 21:52:06.041334', '2023-05-21 21:52:07.041334', 'False', 'None', 'SELECT Categories.description, Customers.first_name FROM Categories LEFT OUTER JOIN Customers ON Categories.description = Customers.first_name;', '1', '1');
INSERT INTO "QueryColumnAccess" ("queryId", "columnId")
    VALUES ('1264', '3');
INSERT INTO "QueryColumnAccess" ("queryId", "columnId")
    VALUES ('1264', '2');
INSERT INTO "QueryTableAccess" ("queryId", "tableId")
    VALUES ('1264', '4');
INSERT INTO "QueryTableAccess" ("queryId", "tableId")
    VALUES ('1264', '1');
SELECT 'OrderItems.order_item_id', 'Products.quantity' FROM OrderItems RIGHT OUTER JOIN Products ON 'OrderItems.order_item_id' = 'Products.quantity';
INSERT INTO "SqlQuery" ("queryId", "userId", "issuedAt", "finishedAt", "hasError", "errorMessage", "statement", "projectId", "queryTypeId")
    VALUES ('1265', '1', '2023-05-11 21:52:06.041343', '2023-05-11 21:52:08.041343', 'False', 'None', 'SELECT OrderItems.order_item_id, Products.quantity FROM OrderItems RIGHT OUTER JOIN Products ON OrderItems.order_item_id = Products.quantity;', '1', '1');
INSERT INTO "QueryColumnAccess" ("queryId", "columnId")
    VALUES ('1265', '1');
INSERT INTO "QueryColumnAccess" ("queryId", "columnId")
    VALUES ('1265', '6');
INSERT INTO "QueryTableAccess" ("queryId", "tableId")
    VALUES ('1265', '5');
INSERT INTO "QueryTableAccess" ("queryId", "tableId")
    VALUES ('1265', '3');
SELECT 'OrderItems.product_id', 'Customers.first_name' FROM OrderItems RIGHT OUTER JOIN Customers ON 'OrderItems.product_id' = 'Customers.first_name';
INSERT INTO "SqlQuery" ("queryId", "userId", "issuedAt", "finishedAt", "hasError", "errorMessage", "statement", "projectId", "queryTypeId")
    VALUES ('1266', '3', '2023-04-24 21:52:06.041352', '2023-04-24 21:52:07.041352', 'False', 'None', 'SELECT OrderItems.product_id, Customers.first_name FROM OrderItems RIGHT OUTER JOIN Customers ON OrderItems.product_id = Customers.first_name;', '1', '1');
INSERT INTO "QueryColumnAccess" ("queryId", "columnId")
    VALUES ('1266', '3');
INSERT INTO "QueryColumnAccess" ("queryId", "columnId")
    VALUES ('1266', '2');
INSERT INTO "QueryTableAccess" ("queryId", "tableId")
    VALUES ('1266', '5');
INSERT INTO "QueryTableAccess" ("queryId", "tableId")
    VALUES ('1266', '1');
SELECT 'Categories.parent_category_id', 'Customers.customer_id' FROM Categories NATURAL JOIN Customers ON 'Categories.parent_category_id' = 'Customers.customer_id';
INSERT INTO "SqlQuery" ("queryId", "userId", "issuedAt", "finishedAt", "hasError", "errorMessage", "statement", "projectId", "queryTypeId")
    VALUES ('1267', '13', '2023-04-20 21:52:06.041361', '2023-04-20 21:52:07.041361', 'False', 'None', 'SELECT Categories.parent_category_id, Customers.customer_id FROM Categories NATURAL JOIN Customers ON Categories.parent_category_id = Customers.customer_id;', '1', '1');
INSERT INTO "QueryColumnAccess" ("queryId", "columnId")
    VALUES ('1267', '4');
INSERT INTO "QueryColumnAccess" ("queryId", "columnId")
    VALUES ('1267', '1');
INSERT INTO "QueryTableAccess" ("queryId", "tableId")
    VALUES ('1267', '4');
INSERT INTO "QueryTableAccess" ("queryId", "tableId")
    VALUES ('1267', '1');
SELECT 'OrderItems.order_id', 'Customers.address' FROM OrderItems RIGHT OUTER JOIN Customers ON 'OrderItems.order_id' = 'Customers.address';
INSERT INTO "SqlQuery" ("queryId", "userId", "issuedAt", "finishedAt", "hasError", "errorMessage", "statement", "projectId", "queryTypeId")
    VALUES ('1268', '5', '2023-05-01 21:52:06.041370', '2023-05-01 21:52:08.041370', 'False', 'None', 'SELECT OrderItems.order_id, Customers.address FROM OrderItems RIGHT OUTER JOIN Customers ON OrderItems.order_id = Customers.address;', '1', '1');
INSERT INTO "QueryColumnAccess" ("queryId", "columnId")
    VALUES ('1268', '2');
INSERT INTO "QueryColumnAccess" ("queryId", "columnId")
    VALUES ('1268', '6');
INSERT INTO "QueryTableAccess" ("queryId", "tableId")
    VALUES ('1268', '5');
INSERT INTO "QueryTableAccess" ("queryId", "tableId")
    VALUES ('1268', '1');
SELECT 'Products.product_name', 'OrderItems.order_id' FROM Products RIGHT OUTER JOIN OrderItems ON 'Products.product_name' = 'OrderItems.order_id';
INSERT INTO "SqlQuery" ("queryId", "userId", "issuedAt", "finishedAt", "hasError", "errorMessage", "statement", "projectId", "queryTypeId")
    VALUES ('1269', '6', '2023-05-19 21:52:06.041378', '2023-05-19 21:52:07.041378', 'False', 'None', 'SELECT Products.product_name, OrderItems.order_id FROM Products RIGHT OUTER JOIN OrderItems ON Products.product_name = OrderItems.order_id;', '1', '1');
INSERT INTO "QueryColumnAccess" ("queryId", "columnId")
    VALUES ('1269', '2');
INSERT INTO "QueryColumnAccess" ("queryId", "columnId")
    VALUES ('1269', '2');
INSERT INTO "QueryTableAccess" ("queryId", "tableId")
    VALUES ('1269', '3');
INSERT INTO "QueryTableAccess" ("queryId", "tableId")
    VALUES ('1269', '5');
SELECT 'Categories.parent_category_id', 'OrderItems.order_item_id' FROM Categories RIGHT OUTER JOIN OrderItems ON 'Categories.parent_category_id' = 'OrderItems.order_item_id';
INSERT INTO "SqlQuery" ("queryId", "userId", "issuedAt", "finishedAt", "hasError", "errorMessage", "statement", "projectId", "queryTypeId")
    VALUES ('1270', '14', '2023-05-19 21:52:06.041387', '2023-05-19 21:52:10.041387', 'False', 'None', 'SELECT Categories.parent_category_id, OrderItems.order_item_id FROM Categories RIGHT OUTER JOIN OrderItems ON Categories.parent_category_id = OrderItems.order_item_id;', '1', '1');
INSERT INTO "QueryColumnAccess" ("queryId", "columnId")
    VALUES ('1270', '4');
INSERT INTO "QueryColumnAccess" ("queryId", "columnId")
    VALUES ('1270', '1');
INSERT INTO "QueryTableAccess" ("queryId", "tableId")
    VALUES ('1270', '4');
INSERT INTO "QueryTableAccess" ("queryId", "tableId")
    VALUES ('1270', '5');
SELECT 'OrderItems.quantity', 'Products.quantity' FROM OrderItems RIGHT OUTER JOIN Products ON 'OrderItems.quantity' = 'Products.quantity';
INSERT INTO "SqlQuery" ("queryId", "userId", "issuedAt", "finishedAt", "hasError", "errorMessage", "statement", "projectId", "queryTypeId")
    VALUES ('1271', '14', '2023-06-28 21:52:06.041396', '2023-06-28 21:52:08.041396', 'False', 'None', 'SELECT OrderItems.quantity, Products.quantity FROM OrderItems RIGHT OUTER JOIN Products ON OrderItems.quantity = Products.quantity;', '1', '1');
INSERT INTO "QueryColumnAccess" ("queryId", "columnId")
    VALUES ('1271', '4');
INSERT INTO "QueryColumnAccess" ("queryId", "columnId")
    VALUES ('1271', '6');
INSERT INTO "QueryTableAccess" ("queryId", "tableId")
    VALUES ('1271', '5');
INSERT INTO "QueryTableAccess" ("queryId", "tableId")
    VALUES ('1271', '3');
SELECT 'Products.product_id', 'OrderItems.order_item_id' FROM Products NATURAL JOIN OrderItems ON 'Products.product_id' = 'OrderItems.order_item_id';
INSERT INTO "SqlQuery" ("queryId", "userId", "issuedAt", "finishedAt", "hasError", "errorMessage", "statement", "projectId", "queryTypeId")
    VALUES ('1272', '14', '2023-05-22 21:52:06.041408', '2023-05-22 21:52:08.041408', 'False', 'None', 'SELECT Products.product_id, OrderItems.order_item_id FROM Products NATURAL JOIN OrderItems ON Products.product_id = OrderItems.order_item_id;', '1', '1');
INSERT INTO "QueryColumnAccess" ("queryId", "columnId")
    VALUES ('1272', '1');
INSERT INTO "QueryColumnAccess" ("queryId", "columnId")
    VALUES ('1272', '1');
INSERT INTO "QueryTableAccess" ("queryId", "tableId")
    VALUES ('1272', '3');
INSERT INTO "QueryTableAccess" ("queryId", "tableId")
    VALUES ('1272', '5');
SELECT 'Customers.address', 'Products.quantity' FROM Customers NATURAL JOIN Products ON 'Customers.address' = 'Products.quantity';
INSERT INTO "SqlQuery" ("queryId", "userId", "issuedAt", "finishedAt", "hasError", "errorMessage", "statement", "projectId", "queryTypeId")
    VALUES ('1273', '12', '2023-06-15 21:52:06.041417', '2023-06-15 21:52:09.041417', 'False', 'None', 'SELECT Customers.address, Products.quantity FROM Customers NATURAL JOIN Products ON Customers.address = Products.quantity;', '1', '1');
INSERT INTO "QueryColumnAccess" ("queryId", "columnId")
    VALUES ('1273', '6');
INSERT INTO "QueryColumnAccess" ("queryId", "columnId")
    VALUES ('1273', '6');
INSERT INTO "QueryTableAccess" ("queryId", "tableId")
    VALUES ('1273', '1');
INSERT INTO "QueryTableAccess" ("queryId", "tableId")
    VALUES ('1273', '3');
SELECT 'Products.description', 'Orders.order_date' FROM Products RIGHT OUTER JOIN Orders ON 'Products.description' = 'Orders.order_date';
INSERT INTO "SqlQuery" ("queryId", "userId", "issuedAt", "finishedAt", "hasError", "errorMessage", "statement", "projectId", "queryTypeId")
    VALUES ('1274', '15', '2023-06-16 21:52:06.041426', '2023-06-16 21:52:10.041426', 'False', 'None', 'SELECT Products.description, Orders.order_date FROM Products RIGHT OUTER JOIN Orders ON Products.description = Orders.order_date;', '1', '1');
INSERT INTO "QueryColumnAccess" ("queryId", "columnId")
    VALUES ('1274', '5');
INSERT INTO "QueryColumnAccess" ("queryId", "columnId")
    VALUES ('1274', '3');
INSERT INTO "QueryTableAccess" ("queryId", "tableId")
    VALUES ('1274', '3');
INSERT INTO "QueryTableAccess" ("queryId", "tableId")
    VALUES ('1274', '2');
SELECT 'Categories.parent_category_id', 'OrderItems.product_id' FROM Categories NATURAL JOIN OrderItems ON 'Categories.parent_category_id' = 'OrderItems.product_id';
INSERT INTO "SqlQuery" ("queryId", "userId", "issuedAt", "finishedAt", "hasError", "errorMessage", "statement", "projectId", "queryTypeId")
    VALUES ('1275', '9', '2023-07-05 21:52:06.041435', '2023-07-05 21:52:09.041435', 'False', 'None', 'SELECT Categories.parent_category_id, OrderItems.product_id FROM Categories NATURAL JOIN OrderItems ON Categories.parent_category_id = OrderItems.product_id;', '1', '1');
INSERT INTO "QueryColumnAccess" ("queryId", "columnId")
    VALUES ('1275', '4');
INSERT INTO "QueryColumnAccess" ("queryId", "columnId")
    VALUES ('1275', '3');
INSERT INTO "QueryTableAccess" ("queryId", "tableId")
    VALUES ('1275', '4');
INSERT INTO "QueryTableAccess" ("queryId", "tableId")
    VALUES ('1275', '5');
SELECT 'OrderItems.quantity', 'Orders.customer_id' FROM OrderItems LEFT OUTER JOIN Orders ON 'OrderItems.quantity' = 'Orders.customer_id';
INSERT INTO "SqlQuery" ("queryId", "userId", "issuedAt", "finishedAt", "hasError", "errorMessage", "statement", "projectId", "queryTypeId")
    VALUES ('1276', '5', '2023-06-15 21:52:06.041444', '2023-06-15 21:52:09.041444', 'False', 'None', 'SELECT OrderItems.quantity, Orders.customer_id FROM OrderItems LEFT OUTER JOIN Orders ON OrderItems.quantity = Orders.customer_id;', '1', '1');
INSERT INTO "QueryColumnAccess" ("queryId", "columnId")
    VALUES ('1276', '4');
INSERT INTO "QueryColumnAccess" ("queryId", "columnId")
    VALUES ('1276', '2');
INSERT INTO "QueryTableAccess" ("queryId", "tableId")
    VALUES ('1276', '5');
INSERT INTO "QueryTableAccess" ("queryId", "tableId")
    VALUES ('1276', '2');
SELECT 'Products.quantity', 'OrderItems.order_id' FROM Products NATURAL JOIN OrderItems ON 'Products.quantity' = 'OrderItems.order_id';
INSERT INTO "SqlQuery" ("queryId", "userId", "issuedAt", "finishedAt", "hasError", "errorMessage", "statement", "projectId", "queryTypeId")
    VALUES ('1277', '10', '2023-06-02 21:52:06.041452', '2023-06-02 21:52:09.041452', 'False', 'None', 'SELECT Products.quantity, OrderItems.order_id FROM Products NATURAL JOIN OrderItems ON Products.quantity = OrderItems.order_id;', '1', '1');
INSERT INTO "QueryColumnAccess" ("queryId", "columnId")
    VALUES ('1277', '6');
INSERT INTO "QueryColumnAccess" ("queryId", "columnId")
    VALUES ('1277', '2');
INSERT INTO "QueryTableAccess" ("queryId", "tableId")
    VALUES ('1277', '3');
INSERT INTO "QueryTableAccess" ("queryId", "tableId")
    VALUES ('1277', '5');
SELECT 'OrderItems.order_item_id', 'Products.quantity' FROM OrderItems NATURAL JOIN Products ON 'OrderItems.order_item_id' = 'Products.quantity';
INSERT INTO "SqlQuery" ("queryId", "userId", "issuedAt", "finishedAt", "hasError", "errorMessage", "statement", "projectId", "queryTypeId")
    VALUES ('1278', '1', '2023-04-13 21:52:06.041461', '2023-04-13 21:52:07.041461', 'False', 'None', 'SELECT OrderItems.order_item_id, Products.quantity FROM OrderItems NATURAL JOIN Products ON OrderItems.order_item_id = Products.quantity;', '1', '1');
INSERT INTO "QueryColumnAccess" ("queryId", "columnId")
    VALUES ('1278', '1');
INSERT INTO "QueryColumnAccess" ("queryId", "columnId")
    VALUES ('1278', '6');
INSERT INTO "QueryTableAccess" ("queryId", "tableId")
    VALUES ('1278', '5');
INSERT INTO "QueryTableAccess" ("queryId", "tableId")
    VALUES ('1278', '3');
SELECT 'Customers.email', 'Categories.description' FROM Customers NATURAL JOIN Categories ON 'Customers.email' = 'Categories.description';
INSERT INTO "SqlQuery" ("queryId", "userId", "issuedAt", "finishedAt", "hasError", "errorMessage", "statement", "projectId", "queryTypeId")
    VALUES ('1279', '15', '2023-07-05 21:52:06.041470', '2023-07-05 21:52:07.041470', 'False', 'None', 'SELECT Customers.email, Categories.description FROM Customers NATURAL JOIN Categories ON Customers.email = Categories.description;', '1', '1');
INSERT INTO "QueryColumnAccess" ("queryId", "columnId")
    VALUES ('1279', '4');
INSERT INTO "QueryColumnAccess" ("queryId", "columnId")
    VALUES ('1279', '3');
INSERT INTO "QueryTableAccess" ("queryId", "tableId")
    VALUES ('1279', '1');
INSERT INTO "QueryTableAccess" ("queryId", "tableId")
    VALUES ('1279', '4');
SELECT 'Customers.last_name', 'Categories.description' FROM Customers RIGHT OUTER JOIN Categories ON 'Customers.last_name' = 'Categories.description';
INSERT INTO "SqlQuery" ("queryId", "userId", "issuedAt", "finishedAt", "hasError", "errorMessage", "statement", "projectId", "queryTypeId")
    VALUES ('1280', '7', '2023-04-18 21:52:06.041478', '2023-04-18 21:52:10.041478', 'False', 'None', 'SELECT Customers.last_name, Categories.description FROM Customers RIGHT OUTER JOIN Categories ON Customers.last_name = Categories.description;', '1', '1');
INSERT INTO "QueryColumnAccess" ("queryId", "columnId")
    VALUES ('1280', '3');
INSERT INTO "QueryColumnAccess" ("queryId", "columnId")
    VALUES ('1280', '3');
INSERT INTO "QueryTableAccess" ("queryId", "tableId")
    VALUES ('1280', '1');
INSERT INTO "QueryTableAccess" ("queryId", "tableId")
    VALUES ('1280', '4');
SELECT 'OrderItems.unit_price', 'Categories.category_id' FROM OrderItems LEFT OUTER JOIN Categories ON 'OrderItems.unit_price' = 'Categories.category_id';
INSERT INTO "SqlQuery" ("queryId", "userId", "issuedAt", "finishedAt", "hasError", "errorMessage", "statement", "projectId", "queryTypeId")
    VALUES ('1281', '8', '2023-04-24 21:52:06.041495', '2023-04-24 21:52:09.041495', 'False', 'None', 'SELECT OrderItems.unit_price, Categories.category_id FROM OrderItems LEFT OUTER JOIN Categories ON OrderItems.unit_price = Categories.category_id;', '1', '1');
INSERT INTO "QueryColumnAccess" ("queryId", "columnId")
    VALUES ('1281', '5');
INSERT INTO "QueryColumnAccess" ("queryId", "columnId")
    VALUES ('1281', '1');
INSERT INTO "QueryTableAccess" ("queryId", "tableId")
    VALUES ('1281', '5');
INSERT INTO "QueryTableAccess" ("queryId", "tableId")
    VALUES ('1281', '4');
SELECT 'OrderItems.quantity', 'Customers.first_name' FROM OrderItems NATURAL JOIN Customers ON 'OrderItems.quantity' = 'Customers.first_name';
INSERT INTO "SqlQuery" ("queryId", "userId", "issuedAt", "finishedAt", "hasError", "errorMessage", "statement", "projectId", "queryTypeId")
    VALUES ('1282', '3', '2023-05-23 21:52:06.041504', '2023-05-23 21:52:07.041504', 'False', 'None', 'SELECT OrderItems.quantity, Customers.first_name FROM OrderItems NATURAL JOIN Customers ON OrderItems.quantity = Customers.first_name;', '1', '1');
INSERT INTO "QueryColumnAccess" ("queryId", "columnId")
    VALUES ('1282', '4');
INSERT INTO "QueryColumnAccess" ("queryId", "columnId")
    VALUES ('1282', '2');
INSERT INTO "QueryTableAccess" ("queryId", "tableId")
    VALUES ('1282', '5');
INSERT INTO "QueryTableAccess" ("queryId", "tableId")
    VALUES ('1282', '1');
SELECT 'Categories.description', 'Orders.total_amount' FROM Categories NATURAL JOIN Orders ON 'Categories.description' = 'Orders.total_amount';
INSERT INTO "SqlQuery" ("queryId", "userId", "issuedAt", "finishedAt", "hasError", "errorMessage", "statement", "projectId", "queryTypeId")
    VALUES ('1283', '9', '2023-06-09 21:52:06.041513', '2023-06-09 21:52:08.041513', 'False', 'None', 'SELECT Categories.description, Orders.total_amount FROM Categories NATURAL JOIN Orders ON Categories.description = Orders.total_amount;', '1', '1');
INSERT INTO "QueryColumnAccess" ("queryId", "columnId")
    VALUES ('1283', '3');
INSERT INTO "QueryColumnAccess" ("queryId", "columnId")
    VALUES ('1283', '4');
INSERT INTO "QueryTableAccess" ("queryId", "tableId")
    VALUES ('1283', '4');
INSERT INTO "QueryTableAccess" ("queryId", "tableId")
    VALUES ('1283', '2');
SELECT 'Customers.last_name', 'OrderItems.product_id' FROM Customers RIGHT OUTER JOIN OrderItems ON 'Customers.last_name' = 'OrderItems.product_id';
INSERT INTO "SqlQuery" ("queryId", "userId", "issuedAt", "finishedAt", "hasError", "errorMessage", "statement", "projectId", "queryTypeId")
    VALUES ('1284', '1', '2023-06-22 21:52:06.041521', '2023-06-22 21:52:10.041521', 'False', 'None', 'SELECT Customers.last_name, OrderItems.product_id FROM Customers RIGHT OUTER JOIN OrderItems ON Customers.last_name = OrderItems.product_id;', '1', '1');
INSERT INTO "QueryColumnAccess" ("queryId", "columnId")
    VALUES ('1284', '3');
INSERT INTO "QueryColumnAccess" ("queryId", "columnId")
    VALUES ('1284', '3');
INSERT INTO "QueryTableAccess" ("queryId", "tableId")
    VALUES ('1284', '1');
INSERT INTO "QueryTableAccess" ("queryId", "tableId")
    VALUES ('1284', '5');
SELECT 'OrderItems.order_item_id', 'Products.product_name' FROM OrderItems RIGHT OUTER JOIN Products ON 'OrderItems.order_item_id' = 'Products.product_name';
INSERT INTO "SqlQuery" ("queryId", "userId", "issuedAt", "finishedAt", "hasError", "errorMessage", "statement", "projectId", "queryTypeId")
    VALUES ('1285', '7', '2023-04-11 21:52:06.041530', '2023-04-11 21:52:08.041530', 'False', 'None', 'SELECT OrderItems.order_item_id, Products.product_name FROM OrderItems RIGHT OUTER JOIN Products ON OrderItems.order_item_id = Products.product_name;', '1', '1');
INSERT INTO "QueryColumnAccess" ("queryId", "columnId")
    VALUES ('1285', '1');
INSERT INTO "QueryColumnAccess" ("queryId", "columnId")
    VALUES ('1285', '2');
INSERT INTO "QueryTableAccess" ("queryId", "tableId")
    VALUES ('1285', '5');
INSERT INTO "QueryTableAccess" ("queryId", "tableId")
    VALUES ('1285', '3');
SELECT 'Orders.total_amount', 'Categories.description' FROM Orders LEFT OUTER JOIN Categories ON 'Orders.total_amount' = 'Categories.description';
INSERT INTO "SqlQuery" ("queryId", "userId", "issuedAt", "finishedAt", "hasError", "errorMessage", "statement", "projectId", "queryTypeId")
    VALUES ('1286', '12', '2023-06-28 21:52:06.041540', '2023-06-28 21:52:08.041540', 'False', 'None', 'SELECT Orders.total_amount, Categories.description FROM Orders LEFT OUTER JOIN Categories ON Orders.total_amount = Categories.description;', '1', '1');
INSERT INTO "QueryColumnAccess" ("queryId", "columnId")
    VALUES ('1286', '4');
INSERT INTO "QueryColumnAccess" ("queryId", "columnId")
    VALUES ('1286', '3');
INSERT INTO "QueryTableAccess" ("queryId", "tableId")
    VALUES ('1286', '2');
INSERT INTO "QueryTableAccess" ("queryId", "tableId")
    VALUES ('1286', '4');
SELECT 'Customers.first_name', 'Categories.category_id' FROM Customers RIGHT OUTER JOIN Categories ON 'Customers.first_name' = 'Categories.category_id';
INSERT INTO "SqlQuery" ("queryId", "userId", "issuedAt", "finishedAt", "hasError", "errorMessage", "statement", "projectId", "queryTypeId")
    VALUES ('1287', '7', '2023-05-30 21:52:06.041549', '2023-05-30 21:52:07.041549', 'False', 'None', 'SELECT Customers.first_name, Categories.category_id FROM Customers RIGHT OUTER JOIN Categories ON Customers.first_name = Categories.category_id;', '1', '1');
INSERT INTO "QueryColumnAccess" ("queryId", "columnId")
    VALUES ('1287', '2');
INSERT INTO "QueryColumnAccess" ("queryId", "columnId")
    VALUES ('1287', '1');
INSERT INTO "QueryTableAccess" ("queryId", "tableId")
    VALUES ('1287', '1');
INSERT INTO "QueryTableAccess" ("queryId", "tableId")
    VALUES ('1287', '4');
SELECT 'Products.description', 'OrderItems.product_id' FROM Products RIGHT OUTER JOIN OrderItems ON 'Products.description' = 'OrderItems.product_id';
INSERT INTO "SqlQuery" ("queryId", "userId", "issuedAt", "finishedAt", "hasError", "errorMessage", "statement", "projectId", "queryTypeId")
    VALUES ('1288', '9', '2023-06-08 21:52:06.041558', '2023-06-08 21:52:10.041558', 'False', 'None', 'SELECT Products.description, OrderItems.product_id FROM Products RIGHT OUTER JOIN OrderItems ON Products.description = OrderItems.product_id;', '1', '1');
INSERT INTO "QueryColumnAccess" ("queryId", "columnId")
    VALUES ('1288', '5');
INSERT INTO "QueryColumnAccess" ("queryId", "columnId")
    VALUES ('1288', '3');
INSERT INTO "QueryTableAccess" ("queryId", "tableId")
    VALUES ('1288', '3');
INSERT INTO "QueryTableAccess" ("queryId", "tableId")
    VALUES ('1288', '5');
SELECT 'Categories.description', 'OrderItems.product_id' FROM Categories LEFT OUTER JOIN OrderItems ON 'Categories.description' = 'OrderItems.product_id';
INSERT INTO "SqlQuery" ("queryId", "userId", "issuedAt", "finishedAt", "hasError", "errorMessage", "statement", "projectId", "queryTypeId")
    VALUES ('1289', '7', '2023-05-27 21:52:06.041567', '2023-05-27 21:52:07.041567', 'False', 'None', 'SELECT Categories.description, OrderItems.product_id FROM Categories LEFT OUTER JOIN OrderItems ON Categories.description = OrderItems.product_id;', '1', '1');
INSERT INTO "QueryColumnAccess" ("queryId", "columnId")
    VALUES ('1289', '3');
INSERT INTO "QueryColumnAccess" ("queryId", "columnId")
    VALUES ('1289', '3');
INSERT INTO "QueryTableAccess" ("queryId", "tableId")
    VALUES ('1289', '4');
INSERT INTO "QueryTableAccess" ("queryId", "tableId")
    VALUES ('1289', '5');
SELECT 'Products.product_name', 'Categories.parent_category_id' FROM Products RIGHT OUTER JOIN Categories ON 'Products.product_name' = 'Categories.parent_category_id';
INSERT INTO "SqlQuery" ("queryId", "userId", "issuedAt", "finishedAt", "hasError", "errorMessage", "statement", "projectId", "queryTypeId")
    VALUES ('1290', '1', '2023-05-12 21:52:06.041579', '2023-05-12 21:52:07.041579', 'False', 'None', 'SELECT Products.product_name, Categories.parent_category_id FROM Products RIGHT OUTER JOIN Categories ON Products.product_name = Categories.parent_category_id;', '1', '1');
INSERT INTO "QueryColumnAccess" ("queryId", "columnId")
    VALUES ('1290', '2');
INSERT INTO "QueryColumnAccess" ("queryId", "columnId")
    VALUES ('1290', '4');
INSERT INTO "QueryTableAccess" ("queryId", "tableId")
    VALUES ('1290', '3');
INSERT INTO "QueryTableAccess" ("queryId", "tableId")
    VALUES ('1290', '4');
SELECT 'Products.quantity', 'OrderItems.quantity' FROM Products NATURAL JOIN OrderItems ON 'Products.quantity' = 'OrderItems.quantity';
INSERT INTO "SqlQuery" ("queryId", "userId", "issuedAt", "finishedAt", "hasError", "errorMessage", "statement", "projectId", "queryTypeId")
    VALUES ('1291', '9', '2023-06-29 21:52:06.041588', '2023-06-29 21:52:10.041588', 'False', 'None', 'SELECT Products.quantity, OrderItems.quantity FROM Products NATURAL JOIN OrderItems ON Products.quantity = OrderItems.quantity;', '1', '1');
INSERT INTO "QueryColumnAccess" ("queryId", "columnId")
    VALUES ('1291', '6');
INSERT INTO "QueryColumnAccess" ("queryId", "columnId")
    VALUES ('1291', '4');
INSERT INTO "QueryTableAccess" ("queryId", "tableId")
    VALUES ('1291', '3');
INSERT INTO "QueryTableAccess" ("queryId", "tableId")
    VALUES ('1291', '5');
SELECT 'Products.quantity', 'OrderItems.quantity' FROM Products NATURAL JOIN OrderItems ON 'Products.quantity' = 'OrderItems.quantity';
INSERT INTO "SqlQuery" ("queryId", "userId", "issuedAt", "finishedAt", "hasError", "errorMessage", "statement", "projectId", "queryTypeId")
    VALUES ('1292', '13', '2023-05-13 21:52:06.041597', '2023-05-13 21:52:10.041597', 'False', 'None', 'SELECT Products.quantity, OrderItems.quantity FROM Products NATURAL JOIN OrderItems ON Products.quantity = OrderItems.quantity;', '1', '1');
INSERT INTO "QueryColumnAccess" ("queryId", "columnId")
    VALUES ('1292', '6');
INSERT INTO "QueryColumnAccess" ("queryId", "columnId")
    VALUES ('1292', '4');
INSERT INTO "QueryTableAccess" ("queryId", "tableId")
    VALUES ('1292', '3');
INSERT INTO "QueryTableAccess" ("queryId", "tableId")
    VALUES ('1292', '5');
SELECT 'Orders.shipping_address', 'Products.description' FROM Orders RIGHT OUTER JOIN Products ON 'Orders.shipping_address' = 'Products.description';
INSERT INTO "SqlQuery" ("queryId", "userId", "issuedAt", "finishedAt", "hasError", "errorMessage", "statement", "projectId", "queryTypeId")
    VALUES ('1293', '15', '2023-05-30 21:52:06.041607', '2023-05-30 21:52:07.041607', 'False', 'None', 'SELECT Orders.shipping_address, Products.description FROM Orders RIGHT OUTER JOIN Products ON Orders.shipping_address = Products.description;', '1', '1');
INSERT INTO "QueryColumnAccess" ("queryId", "columnId")
    VALUES ('1293', '6');
INSERT INTO "QueryColumnAccess" ("queryId", "columnId")
    VALUES ('1293', '5');
INSERT INTO "QueryTableAccess" ("queryId", "tableId")
    VALUES ('1293', '2');
INSERT INTO "QueryTableAccess" ("queryId", "tableId")
    VALUES ('1293', '3');
SELECT 'Customers.email', 'Orders.customer_id' FROM Customers RIGHT OUTER JOIN Orders ON 'Customers.email' = 'Orders.customer_id';
INSERT INTO "SqlQuery" ("queryId", "userId", "issuedAt", "finishedAt", "hasError", "errorMessage", "statement", "projectId", "queryTypeId")
    VALUES ('1294', '15', '2023-07-02 21:52:06.041616', '2023-07-02 21:52:07.041616', 'False', 'None', 'SELECT Customers.email, Orders.customer_id FROM Customers RIGHT OUTER JOIN Orders ON Customers.email = Orders.customer_id;', '1', '1');
INSERT INTO "QueryColumnAccess" ("queryId", "columnId")
    VALUES ('1294', '4');
INSERT INTO "QueryColumnAccess" ("queryId", "columnId")
    VALUES ('1294', '2');
INSERT INTO "QueryTableAccess" ("queryId", "tableId")
    VALUES ('1294', '1');
INSERT INTO "QueryTableAccess" ("queryId", "tableId")
    VALUES ('1294', '2');
SELECT 'Products.category', 'Customers.first_name' FROM Products LEFT OUTER JOIN Customers ON 'Products.category' = 'Customers.first_name';
INSERT INTO "SqlQuery" ("queryId", "userId", "issuedAt", "finishedAt", "hasError", "errorMessage", "statement", "projectId", "queryTypeId")
    VALUES ('1295', '8', '2023-04-15 21:52:06.041624', '2023-04-15 21:52:07.041624', 'False', 'None', 'SELECT Products.category, Customers.first_name FROM Products LEFT OUTER JOIN Customers ON Products.category = Customers.first_name;', '1', '1');
INSERT INTO "QueryColumnAccess" ("queryId", "columnId")
    VALUES ('1295', '3');
INSERT INTO "QueryColumnAccess" ("queryId", "columnId")
    VALUES ('1295', '2');
INSERT INTO "QueryTableAccess" ("queryId", "tableId")
    VALUES ('1295', '3');
INSERT INTO "QueryTableAccess" ("queryId", "tableId")
    VALUES ('1295', '1');
SELECT 'Products.quantity', 'Categories.parent_category_id' FROM Products LEFT OUTER JOIN Categories ON 'Products.quantity' = 'Categories.parent_category_id';
INSERT INTO "SqlQuery" ("queryId", "userId", "issuedAt", "finishedAt", "hasError", "errorMessage", "statement", "projectId", "queryTypeId")
    VALUES ('1296', '3', '2023-06-28 21:52:06.041633', '2023-06-28 21:52:07.041633', 'False', 'None', 'SELECT Products.quantity, Categories.parent_category_id FROM Products LEFT OUTER JOIN Categories ON Products.quantity = Categories.parent_category_id;', '1', '1');
INSERT INTO "QueryColumnAccess" ("queryId", "columnId")
    VALUES ('1296', '6');
INSERT INTO "QueryColumnAccess" ("queryId", "columnId")
    VALUES ('1296', '4');
INSERT INTO "QueryTableAccess" ("queryId", "tableId")
    VALUES ('1296', '3');
INSERT INTO "QueryTableAccess" ("queryId", "tableId")
    VALUES ('1296', '4');
SELECT 'Customers.customer_id', 'Categories.parent_category_id' FROM Customers LEFT OUTER JOIN Categories ON 'Customers.customer_id' = 'Categories.parent_category_id';
INSERT INTO "SqlQuery" ("queryId", "userId", "issuedAt", "finishedAt", "hasError", "errorMessage", "statement", "projectId", "queryTypeId")
    VALUES ('1297', '1', '2023-06-11 21:52:06.041642', '2023-06-11 21:52:09.041642', 'False', 'None', 'SELECT Customers.customer_id, Categories.parent_category_id FROM Customers LEFT OUTER JOIN Categories ON Customers.customer_id = Categories.parent_category_id;', '1', '1');
INSERT INTO "QueryColumnAccess" ("queryId", "columnId")
    VALUES ('1297', '1');
INSERT INTO "QueryColumnAccess" ("queryId", "columnId")
    VALUES ('1297', '4');
INSERT INTO "QueryTableAccess" ("queryId", "tableId")
    VALUES ('1297', '1');
INSERT INTO "QueryTableAccess" ("queryId", "tableId")
    VALUES ('1297', '4');
SELECT 'OrderItems.product_id', 'Categories.parent_category_id' FROM OrderItems LEFT OUTER JOIN Categories ON 'OrderItems.product_id' = 'Categories.parent_category_id';
INSERT INTO "SqlQuery" ("queryId", "userId", "issuedAt", "finishedAt", "hasError", "errorMessage", "statement", "projectId", "queryTypeId")
    VALUES ('1298', '9', '2023-04-21 21:52:06.041651', '2023-04-21 21:52:10.041651', 'False', 'None', 'SELECT OrderItems.product_id, Categories.parent_category_id FROM OrderItems LEFT OUTER JOIN Categories ON OrderItems.product_id = Categories.parent_category_id;', '1', '1');
INSERT INTO "QueryColumnAccess" ("queryId", "columnId")
    VALUES ('1298', '3');
INSERT INTO "QueryColumnAccess" ("queryId", "columnId")
    VALUES ('1298', '4');
INSERT INTO "QueryTableAccess" ("queryId", "tableId")
    VALUES ('1298', '5');
INSERT INTO "QueryTableAccess" ("queryId", "tableId")
    VALUES ('1298', '4');
SELECT 'Categories.parent_category_id', 'Orders.customer_id' FROM Categories RIGHT OUTER JOIN Orders ON 'Categories.parent_category_id' = 'Orders.customer_id';
INSERT INTO "SqlQuery" ("queryId", "userId", "issuedAt", "finishedAt", "hasError", "errorMessage", "statement", "projectId", "queryTypeId")
    VALUES ('1299', '12', '2023-05-25 21:52:06.041664', '2023-05-25 21:52:08.041664', 'False', 'None', 'SELECT Categories.parent_category_id, Orders.customer_id FROM Categories RIGHT OUTER JOIN Orders ON Categories.parent_category_id = Orders.customer_id;', '1', '1');
INSERT INTO "QueryColumnAccess" ("queryId", "columnId")
    VALUES ('1299', '4');
INSERT INTO "QueryColumnAccess" ("queryId", "columnId")
    VALUES ('1299', '2');
INSERT INTO "QueryTableAccess" ("queryId", "tableId")
    VALUES ('1299', '4');
INSERT INTO "QueryTableAccess" ("queryId", "tableId")
    VALUES ('1299', '2');
SELECT 'Orders.total_amount', 'OrderItems.product_id' FROM Orders RIGHT OUTER JOIN OrderItems ON 'Orders.total_amount' = 'OrderItems.product_id';
INSERT INTO "SqlQuery" ("queryId", "userId", "issuedAt", "finishedAt", "hasError", "errorMessage", "statement", "projectId", "queryTypeId")
    VALUES ('1300', '10', '2023-06-22 21:52:06.041674', '2023-06-22 21:52:09.041674', 'False', 'None', 'SELECT Orders.total_amount, OrderItems.product_id FROM Orders RIGHT OUTER JOIN OrderItems ON Orders.total_amount = OrderItems.product_id;', '1', '1');
INSERT INTO "QueryColumnAccess" ("queryId", "columnId")
    VALUES ('1300', '4');
INSERT INTO "QueryColumnAccess" ("queryId", "columnId")
    VALUES ('1300', '3');
INSERT INTO "QueryTableAccess" ("queryId", "tableId")
    VALUES ('1300', '2');
INSERT INTO "QueryTableAccess" ("queryId", "tableId")
    VALUES ('1300', '5');
SELECT 'OrderItems.order_id', 'Products.price' FROM OrderItems LEFT OUTER JOIN Products ON 'OrderItems.order_id' = 'Products.price';
INSERT INTO "SqlQuery" ("queryId", "userId", "issuedAt", "finishedAt", "hasError", "errorMessage", "statement", "projectId", "queryTypeId")
    VALUES ('1301', '7', '2023-04-29 21:52:06.041683', '2023-04-29 21:52:07.041683', 'False', 'None', 'SELECT OrderItems.order_id, Products.price FROM OrderItems LEFT OUTER JOIN Products ON OrderItems.order_id = Products.price;', '1', '1');
INSERT INTO "QueryColumnAccess" ("queryId", "columnId")
    VALUES ('1301', '2');
INSERT INTO "QueryColumnAccess" ("queryId", "columnId")
    VALUES ('1301', '4');
INSERT INTO "QueryTableAccess" ("queryId", "tableId")
    VALUES ('1301', '5');
INSERT INTO "QueryTableAccess" ("queryId", "tableId")
    VALUES ('1301', '3');
SELECT 'Customers.email', 'OrderItems.product_id' FROM Customers LEFT OUTER JOIN OrderItems ON 'Customers.email' = 'OrderItems.product_id';
INSERT INTO "SqlQuery" ("queryId", "userId", "issuedAt", "finishedAt", "hasError", "errorMessage", "statement", "projectId", "queryTypeId")
    VALUES ('1302', '12', '2023-05-19 21:52:06.041691', '2023-05-19 21:52:09.041691', 'False', 'None', 'SELECT Customers.email, OrderItems.product_id FROM Customers LEFT OUTER JOIN OrderItems ON Customers.email = OrderItems.product_id;', '1', '1');
INSERT INTO "QueryColumnAccess" ("queryId", "columnId")
    VALUES ('1302', '4');
INSERT INTO "QueryColumnAccess" ("queryId", "columnId")
    VALUES ('1302', '3');
INSERT INTO "QueryTableAccess" ("queryId", "tableId")
    VALUES ('1302', '1');
INSERT INTO "QueryTableAccess" ("queryId", "tableId")
    VALUES ('1302', '5');
SELECT 'Orders.order_date', 'Categories.category_id' FROM Orders LEFT OUTER JOIN Categories ON 'Orders.order_date' = 'Categories.category_id';
INSERT INTO "SqlQuery" ("queryId", "userId", "issuedAt", "finishedAt", "hasError", "errorMessage", "statement", "projectId", "queryTypeId")
    VALUES ('1303', '8', '2023-05-19 21:52:06.041700', '2023-05-19 21:52:07.041700', 'False', 'None', 'SELECT Orders.order_date, Categories.category_id FROM Orders LEFT OUTER JOIN Categories ON Orders.order_date = Categories.category_id;', '1', '1');
INSERT INTO "QueryColumnAccess" ("queryId", "columnId")
    VALUES ('1303', '3');
INSERT INTO "QueryColumnAccess" ("queryId", "columnId")
    VALUES ('1303', '1');
INSERT INTO "QueryTableAccess" ("queryId", "tableId")
    VALUES ('1303', '2');
INSERT INTO "QueryTableAccess" ("queryId", "tableId")
    VALUES ('1303', '4');
SELECT 'Orders.payment_method', 'Categories.description' FROM Orders LEFT OUTER JOIN Categories ON 'Orders.payment_method' = 'Categories.description';
INSERT INTO "SqlQuery" ("queryId", "userId", "issuedAt", "finishedAt", "hasError", "errorMessage", "statement", "projectId", "queryTypeId")
    VALUES ('1304', '15', '2023-07-04 21:52:06.041709', '2023-07-04 21:52:08.041709', 'False', 'None', 'SELECT Orders.payment_method, Categories.description FROM Orders LEFT OUTER JOIN Categories ON Orders.payment_method = Categories.description;', '1', '1');
INSERT INTO "QueryColumnAccess" ("queryId", "columnId")
    VALUES ('1304', '5');
INSERT INTO "QueryColumnAccess" ("queryId", "columnId")
    VALUES ('1304', '3');
INSERT INTO "QueryTableAccess" ("queryId", "tableId")
    VALUES ('1304', '2');
INSERT INTO "QueryTableAccess" ("queryId", "tableId")
    VALUES ('1304', '4');
SELECT 'Products.product_id', 'Categories.parent_category_id' FROM Products NATURAL JOIN Categories ON 'Products.product_id' = 'Categories.parent_category_id';
INSERT INTO "SqlQuery" ("queryId", "userId", "issuedAt", "finishedAt", "hasError", "errorMessage", "statement", "projectId", "queryTypeId")
    VALUES ('1305', '7', '2023-05-03 21:52:06.041717', '2023-05-03 21:52:10.041717', 'False', 'None', 'SELECT Products.product_id, Categories.parent_category_id FROM Products NATURAL JOIN Categories ON Products.product_id = Categories.parent_category_id;', '1', '1');
INSERT INTO "QueryColumnAccess" ("queryId", "columnId")
    VALUES ('1305', '1');
INSERT INTO "QueryColumnAccess" ("queryId", "columnId")
    VALUES ('1305', '4');
INSERT INTO "QueryTableAccess" ("queryId", "tableId")
    VALUES ('1305', '3');
INSERT INTO "QueryTableAccess" ("queryId", "tableId")
    VALUES ('1305', '4');
SELECT 'OrderItems.order_id', 'Categories.category_name' FROM OrderItems LEFT OUTER JOIN Categories ON 'OrderItems.order_id' = 'Categories.category_name';
INSERT INTO "SqlQuery" ("queryId", "userId", "issuedAt", "finishedAt", "hasError", "errorMessage", "statement", "projectId", "queryTypeId")
    VALUES ('1306', '5', '2023-07-09 21:52:06.041726', '2023-07-09 21:52:08.041726', 'False', 'None', 'SELECT OrderItems.order_id, Categories.category_name FROM OrderItems LEFT OUTER JOIN Categories ON OrderItems.order_id = Categories.category_name;', '1', '1');
INSERT INTO "QueryColumnAccess" ("queryId", "columnId")
    VALUES ('1306', '2');
INSERT INTO "QueryColumnAccess" ("queryId", "columnId")
    VALUES ('1306', '2');
INSERT INTO "QueryTableAccess" ("queryId", "tableId")
    VALUES ('1306', '5');
INSERT INTO "QueryTableAccess" ("queryId", "tableId")
    VALUES ('1306', '4');
SELECT 'Products.quantity', 'OrderItems.order_item_id' FROM Products LEFT OUTER JOIN OrderItems ON 'Products.quantity' = 'OrderItems.order_item_id';
INSERT INTO "SqlQuery" ("queryId", "userId", "issuedAt", "finishedAt", "hasError", "errorMessage", "statement", "projectId", "queryTypeId")
    VALUES ('1307', '3', '2023-05-29 21:52:06.041735', '2023-05-29 21:52:10.041735', 'False', 'None', 'SELECT Products.quantity, OrderItems.order_item_id FROM Products LEFT OUTER JOIN OrderItems ON Products.quantity = OrderItems.order_item_id;', '1', '1');
INSERT INTO "QueryColumnAccess" ("queryId", "columnId")
    VALUES ('1307', '6');
INSERT INTO "QueryColumnAccess" ("queryId", "columnId")
    VALUES ('1307', '1');
INSERT INTO "QueryTableAccess" ("queryId", "tableId")
    VALUES ('1307', '3');
INSERT INTO "QueryTableAccess" ("queryId", "tableId")
    VALUES ('1307', '5');
SELECT 'Orders.payment_method', 'Products.product_name' FROM Orders LEFT OUTER JOIN Products ON 'Orders.payment_method' = 'Products.product_name';
INSERT INTO "SqlQuery" ("queryId", "userId", "issuedAt", "finishedAt", "hasError", "errorMessage", "statement", "projectId", "queryTypeId")
    VALUES ('1308', '15', '2023-06-21 21:52:06.041751', '2023-06-21 21:52:07.041751', 'False', 'None', 'SELECT Orders.payment_method, Products.product_name FROM Orders LEFT OUTER JOIN Products ON Orders.payment_method = Products.product_name;', '1', '1');
INSERT INTO "QueryColumnAccess" ("queryId", "columnId")
    VALUES ('1308', '5');
INSERT INTO "QueryColumnAccess" ("queryId", "columnId")
    VALUES ('1308', '2');
INSERT INTO "QueryTableAccess" ("queryId", "tableId")
    VALUES ('1308', '2');
INSERT INTO "QueryTableAccess" ("queryId", "tableId")
    VALUES ('1308', '3');
SELECT 'OrderItems.order_id', 'Customers.email' FROM OrderItems RIGHT OUTER JOIN Customers ON 'OrderItems.order_id' = 'Customers.email';
INSERT INTO "SqlQuery" ("queryId", "userId", "issuedAt", "finishedAt", "hasError", "errorMessage", "statement", "projectId", "queryTypeId")
    VALUES ('1309', '11', '2023-06-03 21:52:06.041760', '2023-06-03 21:52:07.041760', 'False', 'None', 'SELECT OrderItems.order_id, Customers.email FROM OrderItems RIGHT OUTER JOIN Customers ON OrderItems.order_id = Customers.email;', '1', '1');
INSERT INTO "QueryColumnAccess" ("queryId", "columnId")
    VALUES ('1309', '2');
INSERT INTO "QueryColumnAccess" ("queryId", "columnId")
    VALUES ('1309', '4');
INSERT INTO "QueryTableAccess" ("queryId", "tableId")
    VALUES ('1309', '5');
INSERT INTO "QueryTableAccess" ("queryId", "tableId")
    VALUES ('1309', '1');
SELECT 'Orders.shipping_address', 'OrderItems.unit_price' FROM Orders NATURAL JOIN OrderItems ON 'Orders.shipping_address' = 'OrderItems.unit_price';
INSERT INTO "SqlQuery" ("queryId", "userId", "issuedAt", "finishedAt", "hasError", "errorMessage", "statement", "projectId", "queryTypeId")
    VALUES ('1310', '3', '2023-06-29 21:52:06.041769', '2023-06-29 21:52:10.041769', 'False', 'None', 'SELECT Orders.shipping_address, OrderItems.unit_price FROM Orders NATURAL JOIN OrderItems ON Orders.shipping_address = OrderItems.unit_price;', '1', '1');
INSERT INTO "QueryColumnAccess" ("queryId", "columnId")
    VALUES ('1310', '6');
INSERT INTO "QueryColumnAccess" ("queryId", "columnId")
    VALUES ('1310', '5');
INSERT INTO "QueryTableAccess" ("queryId", "tableId")
    VALUES ('1310', '2');
INSERT INTO "QueryTableAccess" ("queryId", "tableId")
    VALUES ('1310', '5');
SELECT 'Customers.customer_id', 'OrderItems.product_id' FROM Customers RIGHT OUTER JOIN OrderItems ON 'Customers.customer_id' = 'OrderItems.product_id';
INSERT INTO "SqlQuery" ("queryId", "userId", "issuedAt", "finishedAt", "hasError", "errorMessage", "statement", "projectId", "queryTypeId")
    VALUES ('1311', '15', '2023-05-27 21:52:06.041778', '2023-05-27 21:52:09.041778', 'False', 'None', 'SELECT Customers.customer_id, OrderItems.product_id FROM Customers RIGHT OUTER JOIN OrderItems ON Customers.customer_id = OrderItems.product_id;', '1', '1');
INSERT INTO "QueryColumnAccess" ("queryId", "columnId")
    VALUES ('1311', '1');
INSERT INTO "QueryColumnAccess" ("queryId", "columnId")
    VALUES ('1311', '3');
INSERT INTO "QueryTableAccess" ("queryId", "tableId")
    VALUES ('1311', '1');
INSERT INTO "QueryTableAccess" ("queryId", "tableId")
    VALUES ('1311', '5');
SELECT 'Categories.category_id', 'Customers.first_name' FROM Categories LEFT OUTER JOIN Customers ON 'Categories.category_id' = 'Customers.first_name';
INSERT INTO "SqlQuery" ("queryId", "userId", "issuedAt", "finishedAt", "hasError", "errorMessage", "statement", "projectId", "queryTypeId")
    VALUES ('1312', '7', '2023-06-26 21:52:06.041787', '2023-06-26 21:52:08.041787', 'False', 'None', 'SELECT Categories.category_id, Customers.first_name FROM Categories LEFT OUTER JOIN Customers ON Categories.category_id = Customers.first_name;', '1', '1');
INSERT INTO "QueryColumnAccess" ("queryId", "columnId")
    VALUES ('1312', '1');
INSERT INTO "QueryColumnAccess" ("queryId", "columnId")
    VALUES ('1312', '2');
INSERT INTO "QueryTableAccess" ("queryId", "tableId")
    VALUES ('1312', '4');
INSERT INTO "QueryTableAccess" ("queryId", "tableId")
    VALUES ('1312', '1');
SELECT 'Customers.phone_number', 'Categories.category_id' FROM Customers LEFT OUTER JOIN Categories ON 'Customers.phone_number' = 'Categories.category_id';
INSERT INTO "SqlQuery" ("queryId", "userId", "issuedAt", "finishedAt", "hasError", "errorMessage", "statement", "projectId", "queryTypeId")
    VALUES ('1313', '11', '2023-05-18 21:52:06.041795', '2023-05-18 21:52:08.041795', 'False', 'None', 'SELECT Customers.phone_number, Categories.category_id FROM Customers LEFT OUTER JOIN Categories ON Customers.phone_number = Categories.category_id;', '1', '1');
INSERT INTO "QueryColumnAccess" ("queryId", "columnId")
    VALUES ('1313', '5');
INSERT INTO "QueryColumnAccess" ("queryId", "columnId")
    VALUES ('1313', '1');
INSERT INTO "QueryTableAccess" ("queryId", "tableId")
    VALUES ('1313', '1');
INSERT INTO "QueryTableAccess" ("queryId", "tableId")
    VALUES ('1313', '4');
SELECT 'Categories.category_id', 'Customers.last_name' FROM Categories LEFT OUTER JOIN Customers ON 'Categories.category_id' = 'Customers.last_name';
INSERT INTO "SqlQuery" ("queryId", "userId", "issuedAt", "finishedAt", "hasError", "errorMessage", "statement", "projectId", "queryTypeId")
    VALUES ('1314', '6', '2023-05-03 21:52:06.041804', '2023-05-03 21:52:07.041804', 'False', 'None', 'SELECT Categories.category_id, Customers.last_name FROM Categories LEFT OUTER JOIN Customers ON Categories.category_id = Customers.last_name;', '1', '1');
INSERT INTO "QueryColumnAccess" ("queryId", "columnId")
    VALUES ('1314', '1');
INSERT INTO "QueryColumnAccess" ("queryId", "columnId")
    VALUES ('1314', '3');
INSERT INTO "QueryTableAccess" ("queryId", "tableId")
    VALUES ('1314', '4');
INSERT INTO "QueryTableAccess" ("queryId", "tableId")
    VALUES ('1314', '1');
SELECT 'OrderItems.quantity', 'Categories.parent_category_id' FROM OrderItems LEFT OUTER JOIN Categories ON 'OrderItems.quantity' = 'Categories.parent_category_id';
INSERT INTO "SqlQuery" ("queryId", "userId", "issuedAt", "finishedAt", "hasError", "errorMessage", "statement", "projectId", "queryTypeId")
    VALUES ('1315', '6', '2023-05-28 21:52:06.041813', '2023-05-28 21:52:07.041813', 'False', 'None', 'SELECT OrderItems.quantity, Categories.parent_category_id FROM OrderItems LEFT OUTER JOIN Categories ON OrderItems.quantity = Categories.parent_category_id;', '1', '1');
INSERT INTO "QueryColumnAccess" ("queryId", "columnId")
    VALUES ('1315', '4');
INSERT INTO "QueryColumnAccess" ("queryId", "columnId")
    VALUES ('1315', '4');
INSERT INTO "QueryTableAccess" ("queryId", "tableId")
    VALUES ('1315', '5');
INSERT INTO "QueryTableAccess" ("queryId", "tableId")
    VALUES ('1315', '4');
SELECT 'Customers.address', 'Orders.order_id' FROM Customers RIGHT OUTER JOIN Orders ON 'Customers.address' = 'Orders.order_id';
INSERT INTO "SqlQuery" ("queryId", "userId", "issuedAt", "finishedAt", "hasError", "errorMessage", "statement", "projectId", "queryTypeId")
    VALUES ('1316', '11', '2023-05-02 21:52:06.041822', '2023-05-02 21:52:10.041822', 'False', 'None', 'SELECT Customers.address, Orders.order_id FROM Customers RIGHT OUTER JOIN Orders ON Customers.address = Orders.order_id;', '1', '1');
INSERT INTO "QueryColumnAccess" ("queryId", "columnId")
    VALUES ('1316', '6');
INSERT INTO "QueryColumnAccess" ("queryId", "columnId")
    VALUES ('1316', '1');
INSERT INTO "QueryTableAccess" ("queryId", "tableId")
    VALUES ('1316', '1');
INSERT INTO "QueryTableAccess" ("queryId", "tableId")
    VALUES ('1316', '2');
SELECT 'Customers.first_name', 'Products.description' FROM Customers NATURAL JOIN Products ON 'Customers.first_name' = 'Products.description';
INSERT INTO "SqlQuery" ("queryId", "userId", "issuedAt", "finishedAt", "hasError", "errorMessage", "statement", "projectId", "queryTypeId")
    VALUES ('1317', '2', '2023-06-17 21:52:06.041835', '2023-06-17 21:52:08.041835', 'False', 'None', 'SELECT Customers.first_name, Products.description FROM Customers NATURAL JOIN Products ON Customers.first_name = Products.description;', '1', '1');
INSERT INTO "QueryColumnAccess" ("queryId", "columnId")
    VALUES ('1317', '2');
INSERT INTO "QueryColumnAccess" ("queryId", "columnId")
    VALUES ('1317', '5');
INSERT INTO "QueryTableAccess" ("queryId", "tableId")
    VALUES ('1317', '1');
INSERT INTO "QueryTableAccess" ("queryId", "tableId")
    VALUES ('1317', '3');
SELECT 'Customers.first_name', 'Orders.order_date' FROM Customers LEFT OUTER JOIN Orders ON 'Customers.first_name' = 'Orders.order_date';
INSERT INTO "SqlQuery" ("queryId", "userId", "issuedAt", "finishedAt", "hasError", "errorMessage", "statement", "projectId", "queryTypeId")
    VALUES ('1318', '7', '2023-07-10 21:52:06.041844', '2023-07-10 21:52:09.041844', 'False', 'None', 'SELECT Customers.first_name, Orders.order_date FROM Customers LEFT OUTER JOIN Orders ON Customers.first_name = Orders.order_date;', '1', '1');
INSERT INTO "QueryColumnAccess" ("queryId", "columnId")
    VALUES ('1318', '2');
INSERT INTO "QueryColumnAccess" ("queryId", "columnId")
    VALUES ('1318', '3');
INSERT INTO "QueryTableAccess" ("queryId", "tableId")
    VALUES ('1318', '1');
INSERT INTO "QueryTableAccess" ("queryId", "tableId")
    VALUES ('1318', '2');
SELECT 'Products.product_id', 'Customers.phone_number' FROM Products LEFT OUTER JOIN Customers ON 'Products.product_id' = 'Customers.phone_number';
INSERT INTO "SqlQuery" ("queryId", "userId", "issuedAt", "finishedAt", "hasError", "errorMessage", "statement", "projectId", "queryTypeId")
    VALUES ('1319', '6', '2023-05-12 21:52:06.041853', '2023-05-12 21:52:07.041853', 'False', 'None', 'SELECT Products.product_id, Customers.phone_number FROM Products LEFT OUTER JOIN Customers ON Products.product_id = Customers.phone_number;', '1', '1');
INSERT INTO "QueryColumnAccess" ("queryId", "columnId")
    VALUES ('1319', '1');
INSERT INTO "QueryColumnAccess" ("queryId", "columnId")
    VALUES ('1319', '5');
INSERT INTO "QueryTableAccess" ("queryId", "tableId")
    VALUES ('1319', '3');
INSERT INTO "QueryTableAccess" ("queryId", "tableId")
    VALUES ('1319', '1');
SELECT 'Orders.payment_method', 'Categories.parent_category_id' FROM Orders RIGHT OUTER JOIN Categories ON 'Orders.payment_method' = 'Categories.parent_category_id';
INSERT INTO "SqlQuery" ("queryId", "userId", "issuedAt", "finishedAt", "hasError", "errorMessage", "statement", "projectId", "queryTypeId")
    VALUES ('1320', '11', '2023-06-20 21:52:06.041861', '2023-06-20 21:52:10.041861', 'False', 'None', 'SELECT Orders.payment_method, Categories.parent_category_id FROM Orders RIGHT OUTER JOIN Categories ON Orders.payment_method = Categories.parent_category_id;', '1', '1');
INSERT INTO "QueryColumnAccess" ("queryId", "columnId")
    VALUES ('1320', '5');
INSERT INTO "QueryColumnAccess" ("queryId", "columnId")
    VALUES ('1320', '4');
INSERT INTO "QueryTableAccess" ("queryId", "tableId")
    VALUES ('1320', '2');
INSERT INTO "QueryTableAccess" ("queryId", "tableId")
    VALUES ('1320', '4');
SELECT 'Products.category', 'Categories.category_name' FROM Products LEFT OUTER JOIN Categories ON 'Products.category' = 'Categories.category_name';
INSERT INTO "SqlQuery" ("queryId", "userId", "issuedAt", "finishedAt", "hasError", "errorMessage", "statement", "projectId", "queryTypeId")
    VALUES ('1321', '4', '2023-04-23 21:52:06.041870', '2023-04-23 21:52:08.041870', 'False', 'None', 'SELECT Products.category, Categories.category_name FROM Products LEFT OUTER JOIN Categories ON Products.category = Categories.category_name;', '1', '1');
INSERT INTO "QueryColumnAccess" ("queryId", "columnId")
    VALUES ('1321', '3');
INSERT INTO "QueryColumnAccess" ("queryId", "columnId")
    VALUES ('1321', '2');
INSERT INTO "QueryTableAccess" ("queryId", "tableId")
    VALUES ('1321', '3');
INSERT INTO "QueryTableAccess" ("queryId", "tableId")
    VALUES ('1321', '4');
SELECT 'Categories.category_name', 'Customers.email' FROM Categories LEFT OUTER JOIN Customers ON 'Categories.category_name' = 'Customers.email';
INSERT INTO "SqlQuery" ("queryId", "userId", "issuedAt", "finishedAt", "hasError", "errorMessage", "statement", "projectId", "queryTypeId")
    VALUES ('1322', '2', '2023-06-17 21:52:06.041879', '2023-06-17 21:52:08.041879', 'False', 'None', 'SELECT Categories.category_name, Customers.email FROM Categories LEFT OUTER JOIN Customers ON Categories.category_name = Customers.email;', '1', '1');
INSERT INTO "QueryColumnAccess" ("queryId", "columnId")
    VALUES ('1322', '2');
INSERT INTO "QueryColumnAccess" ("queryId", "columnId")
    VALUES ('1322', '4');
INSERT INTO "QueryTableAccess" ("queryId", "tableId")
    VALUES ('1322', '4');
INSERT INTO "QueryTableAccess" ("queryId", "tableId")
    VALUES ('1322', '1');
SELECT 'OrderItems.product_id', 'Products.product_id' FROM OrderItems RIGHT OUTER JOIN Products ON 'OrderItems.product_id' = 'Products.product_id';
INSERT INTO "SqlQuery" ("queryId", "userId", "issuedAt", "finishedAt", "hasError", "errorMessage", "statement", "projectId", "queryTypeId")
    VALUES ('1323', '12', '2023-05-12 21:52:06.041887', '2023-05-12 21:52:09.041887', 'False', 'None', 'SELECT OrderItems.product_id, Products.product_id FROM OrderItems RIGHT OUTER JOIN Products ON OrderItems.product_id = Products.product_id;', '1', '1');
INSERT INTO "QueryColumnAccess" ("queryId", "columnId")
    VALUES ('1323', '3');
INSERT INTO "QueryColumnAccess" ("queryId", "columnId")
    VALUES ('1323', '1');
INSERT INTO "QueryTableAccess" ("queryId", "tableId")
    VALUES ('1323', '5');
INSERT INTO "QueryTableAccess" ("queryId", "tableId")
    VALUES ('1323', '3');
SELECT 'Customers.email', 'Orders.total_amount' FROM Customers LEFT OUTER JOIN Orders ON 'Customers.email' = 'Orders.total_amount';
INSERT INTO "SqlQuery" ("queryId", "userId", "issuedAt", "finishedAt", "hasError", "errorMessage", "statement", "projectId", "queryTypeId")
    VALUES ('1324', '9', '2023-06-24 21:52:06.041897', '2023-06-24 21:52:07.041897', 'False', 'None', 'SELECT Customers.email, Orders.total_amount FROM Customers LEFT OUTER JOIN Orders ON Customers.email = Orders.total_amount;', '1', '1');
INSERT INTO "QueryColumnAccess" ("queryId", "columnId")
    VALUES ('1324', '4');
INSERT INTO "QueryColumnAccess" ("queryId", "columnId")
    VALUES ('1324', '4');
INSERT INTO "QueryTableAccess" ("queryId", "tableId")
    VALUES ('1324', '1');
INSERT INTO "QueryTableAccess" ("queryId", "tableId")
    VALUES ('1324', '2');
SELECT 'OrderItems.quantity', 'Orders.shipping_address' FROM OrderItems LEFT OUTER JOIN Orders ON 'OrderItems.quantity' = 'Orders.shipping_address';
INSERT INTO "SqlQuery" ("queryId", "userId", "issuedAt", "finishedAt", "hasError", "errorMessage", "statement", "projectId", "queryTypeId")
    VALUES ('1325', '3', '2023-04-25 21:52:06.041905', '2023-04-25 21:52:07.041905', 'False', 'None', 'SELECT OrderItems.quantity, Orders.shipping_address FROM OrderItems LEFT OUTER JOIN Orders ON OrderItems.quantity = Orders.shipping_address;', '1', '1');
INSERT INTO "QueryColumnAccess" ("queryId", "columnId")
    VALUES ('1325', '4');
INSERT INTO "QueryColumnAccess" ("queryId", "columnId")
    VALUES ('1325', '6');
INSERT INTO "QueryTableAccess" ("queryId", "tableId")
    VALUES ('1325', '5');
INSERT INTO "QueryTableAccess" ("queryId", "tableId")
    VALUES ('1325', '2');
SELECT 'Categories.category_id', 'Orders.shipping_address' FROM Categories LEFT OUTER JOIN Orders ON 'Categories.category_id' = 'Orders.shipping_address';
INSERT INTO "SqlQuery" ("queryId", "userId", "issuedAt", "finishedAt", "hasError", "errorMessage", "statement", "projectId", "queryTypeId")
    VALUES ('1326', '5', '2023-06-24 21:52:06.041917', '2023-06-24 21:52:10.041917', 'False', 'None', 'SELECT Categories.category_id, Orders.shipping_address FROM Categories LEFT OUTER JOIN Orders ON Categories.category_id = Orders.shipping_address;', '1', '1');
INSERT INTO "QueryColumnAccess" ("queryId", "columnId")
    VALUES ('1326', '1');
INSERT INTO "QueryColumnAccess" ("queryId", "columnId")
    VALUES ('1326', '6');
INSERT INTO "QueryTableAccess" ("queryId", "tableId")
    VALUES ('1326', '4');
INSERT INTO "QueryTableAccess" ("queryId", "tableId")
    VALUES ('1326', '2');
SELECT 'Customers.first_name', 'Orders.order_id' FROM Customers RIGHT OUTER JOIN Orders ON 'Customers.first_name' = 'Orders.order_id';
INSERT INTO "SqlQuery" ("queryId", "userId", "issuedAt", "finishedAt", "hasError", "errorMessage", "statement", "projectId", "queryTypeId")
    VALUES ('1327', '3', '2023-05-05 21:52:06.041926', '2023-05-05 21:52:10.041926', 'False', 'None', 'SELECT Customers.first_name, Orders.order_id FROM Customers RIGHT OUTER JOIN Orders ON Customers.first_name = Orders.order_id;', '1', '1');
INSERT INTO "QueryColumnAccess" ("queryId", "columnId")
    VALUES ('1327', '2');
INSERT INTO "QueryColumnAccess" ("queryId", "columnId")
    VALUES ('1327', '1');
INSERT INTO "QueryTableAccess" ("queryId", "tableId")
    VALUES ('1327', '1');
INSERT INTO "QueryTableAccess" ("queryId", "tableId")
    VALUES ('1327', '2');
SELECT 'Customers.customer_id', 'Products.product_id' FROM Customers LEFT OUTER JOIN Products ON 'Customers.customer_id' = 'Products.product_id';
INSERT INTO "SqlQuery" ("queryId", "userId", "issuedAt", "finishedAt", "hasError", "errorMessage", "statement", "projectId", "queryTypeId")
    VALUES ('1328', '3', '2023-05-05 21:52:06.041936', '2023-05-05 21:52:09.041936', 'False', 'None', 'SELECT Customers.customer_id, Products.product_id FROM Customers LEFT OUTER JOIN Products ON Customers.customer_id = Products.product_id;', '1', '1');
INSERT INTO "QueryColumnAccess" ("queryId", "columnId")
    VALUES ('1328', '1');
INSERT INTO "QueryColumnAccess" ("queryId", "columnId")
    VALUES ('1328', '1');
INSERT INTO "QueryTableAccess" ("queryId", "tableId")
    VALUES ('1328', '1');
INSERT INTO "QueryTableAccess" ("queryId", "tableId")
    VALUES ('1328', '3');
SELECT 'Orders.order_date', 'OrderItems.order_id' FROM Orders LEFT OUTER JOIN OrderItems ON 'Orders.order_date' = 'OrderItems.order_id';
INSERT INTO "SqlQuery" ("queryId", "userId", "issuedAt", "finishedAt", "hasError", "errorMessage", "statement", "projectId", "queryTypeId")
    VALUES ('1329', '14', '2023-06-23 21:52:06.041944', '2023-06-23 21:52:09.041944', 'False', 'None', 'SELECT Orders.order_date, OrderItems.order_id FROM Orders LEFT OUTER JOIN OrderItems ON Orders.order_date = OrderItems.order_id;', '1', '1');
INSERT INTO "QueryColumnAccess" ("queryId", "columnId")
    VALUES ('1329', '3');
INSERT INTO "QueryColumnAccess" ("queryId", "columnId")
    VALUES ('1329', '2');
INSERT INTO "QueryTableAccess" ("queryId", "tableId")
    VALUES ('1329', '2');
INSERT INTO "QueryTableAccess" ("queryId", "tableId")
    VALUES ('1329', '5');
SELECT 'OrderItems.product_id', 'Customers.last_name' FROM OrderItems NATURAL JOIN Customers ON 'OrderItems.product_id' = 'Customers.last_name';
INSERT INTO "SqlQuery" ("queryId", "userId", "issuedAt", "finishedAt", "hasError", "errorMessage", "statement", "projectId", "queryTypeId")
    VALUES ('1330', '15', '2023-05-23 21:52:06.041953', '2023-05-23 21:52:09.041953', 'False', 'None', 'SELECT OrderItems.product_id, Customers.last_name FROM OrderItems NATURAL JOIN Customers ON OrderItems.product_id = Customers.last_name;', '1', '1');
INSERT INTO "QueryColumnAccess" ("queryId", "columnId")
    VALUES ('1330', '3');
INSERT INTO "QueryColumnAccess" ("queryId", "columnId")
    VALUES ('1330', '3');
INSERT INTO "QueryTableAccess" ("queryId", "tableId")
    VALUES ('1330', '5');
INSERT INTO "QueryTableAccess" ("queryId", "tableId")
    VALUES ('1330', '1');
SELECT 'OrderItems.unit_price', 'Products.price' FROM OrderItems RIGHT OUTER JOIN Products ON 'OrderItems.unit_price' = 'Products.price';
INSERT INTO "SqlQuery" ("queryId", "userId", "issuedAt", "finishedAt", "hasError", "errorMessage", "statement", "projectId", "queryTypeId")
    VALUES ('1331', '2', '2023-04-30 21:52:06.041962', '2023-04-30 21:52:10.041962', 'False', 'None', 'SELECT OrderItems.unit_price, Products.price FROM OrderItems RIGHT OUTER JOIN Products ON OrderItems.unit_price = Products.price;', '1', '1');
INSERT INTO "QueryColumnAccess" ("queryId", "columnId")
    VALUES ('1331', '5');
INSERT INTO "QueryColumnAccess" ("queryId", "columnId")
    VALUES ('1331', '4');
INSERT INTO "QueryTableAccess" ("queryId", "tableId")
    VALUES ('1331', '5');
INSERT INTO "QueryTableAccess" ("queryId", "tableId")
    VALUES ('1331', '3');
SELECT 'Orders.order_id', 'Categories.description' FROM Orders LEFT OUTER JOIN Categories ON 'Orders.order_id' = 'Categories.description';
INSERT INTO "SqlQuery" ("queryId", "userId", "issuedAt", "finishedAt", "hasError", "errorMessage", "statement", "projectId", "queryTypeId")
    VALUES ('1332', '8', '2023-07-08 21:52:06.041971', '2023-07-08 21:52:09.041971', 'False', 'None', 'SELECT Orders.order_id, Categories.description FROM Orders LEFT OUTER JOIN Categories ON Orders.order_id = Categories.description;', '1', '1');
INSERT INTO "QueryColumnAccess" ("queryId", "columnId")
    VALUES ('1332', '1');
INSERT INTO "QueryColumnAccess" ("queryId", "columnId")
    VALUES ('1332', '3');
INSERT INTO "QueryTableAccess" ("queryId", "tableId")
    VALUES ('1332', '2');
INSERT INTO "QueryTableAccess" ("queryId", "tableId")
    VALUES ('1332', '4');
SELECT 'Customers.first_name', 'OrderItems.order_item_id' FROM Customers LEFT OUTER JOIN OrderItems ON 'Customers.first_name' = 'OrderItems.order_item_id';
INSERT INTO "SqlQuery" ("queryId", "userId", "issuedAt", "finishedAt", "hasError", "errorMessage", "statement", "projectId", "queryTypeId")
    VALUES ('1333', '7', '2023-06-22 21:52:06.041980', '2023-06-22 21:52:08.041980', 'False', 'None', 'SELECT Customers.first_name, OrderItems.order_item_id FROM Customers LEFT OUTER JOIN OrderItems ON Customers.first_name = OrderItems.order_item_id;', '1', '1');
INSERT INTO "QueryColumnAccess" ("queryId", "columnId")
    VALUES ('1333', '2');
INSERT INTO "QueryColumnAccess" ("queryId", "columnId")
    VALUES ('1333', '1');
INSERT INTO "QueryTableAccess" ("queryId", "tableId")
    VALUES ('1333', '1');
INSERT INTO "QueryTableAccess" ("queryId", "tableId")
    VALUES ('1333', '5');
SELECT 'Categories.description', 'OrderItems.quantity' FROM Categories LEFT OUTER JOIN OrderItems ON 'Categories.description' = 'OrderItems.quantity';
INSERT INTO "SqlQuery" ("queryId", "userId", "issuedAt", "finishedAt", "hasError", "errorMessage", "statement", "projectId", "queryTypeId")
    VALUES ('1334', '8', '2023-06-19 21:52:06.041989', '2023-06-19 21:52:09.041989', 'False', 'None', 'SELECT Categories.description, OrderItems.quantity FROM Categories LEFT OUTER JOIN OrderItems ON Categories.description = OrderItems.quantity;', '1', '1');
INSERT INTO "QueryColumnAccess" ("queryId", "columnId")
    VALUES ('1334', '3');
INSERT INTO "QueryColumnAccess" ("queryId", "columnId")
    VALUES ('1334', '4');
INSERT INTO "QueryTableAccess" ("queryId", "tableId")
    VALUES ('1334', '4');
INSERT INTO "QueryTableAccess" ("queryId", "tableId")
    VALUES ('1334', '5');
SELECT 'Categories.parent_category_id', 'OrderItems.order_item_id' FROM Categories LEFT OUTER JOIN OrderItems ON 'Categories.parent_category_id' = 'OrderItems.order_item_id';
INSERT INTO "SqlQuery" ("queryId", "userId", "issuedAt", "finishedAt", "hasError", "errorMessage", "statement", "projectId", "queryTypeId")
    VALUES ('1335', '2', '2023-06-20 21:52:06.041998', '2023-06-20 21:52:09.041998', 'False', 'None', 'SELECT Categories.parent_category_id, OrderItems.order_item_id FROM Categories LEFT OUTER JOIN OrderItems ON Categories.parent_category_id = OrderItems.order_item_id;', '1', '1');
INSERT INTO "QueryColumnAccess" ("queryId", "columnId")
    VALUES ('1335', '4');
INSERT INTO "QueryColumnAccess" ("queryId", "columnId")
    VALUES ('1335', '1');
INSERT INTO "QueryTableAccess" ("queryId", "tableId")
    VALUES ('1335', '4');
INSERT INTO "QueryTableAccess" ("queryId", "tableId")
    VALUES ('1335', '5');
SELECT 'Products.price', 'OrderItems.unit_price' FROM Products RIGHT OUTER JOIN OrderItems ON 'Products.price' = 'OrderItems.unit_price';
INSERT INTO "SqlQuery" ("queryId", "userId", "issuedAt", "finishedAt", "hasError", "errorMessage", "statement", "projectId", "queryTypeId")
    VALUES ('1336', '5', '2023-04-27 21:52:06.042011', '2023-04-27 21:52:09.042011', 'False', 'None', 'SELECT Products.price, OrderItems.unit_price FROM Products RIGHT OUTER JOIN OrderItems ON Products.price = OrderItems.unit_price;', '1', '1');
INSERT INTO "QueryColumnAccess" ("queryId", "columnId")
    VALUES ('1336', '4');
INSERT INTO "QueryColumnAccess" ("queryId", "columnId")
    VALUES ('1336', '5');
INSERT INTO "QueryTableAccess" ("queryId", "tableId")
    VALUES ('1336', '3');
INSERT INTO "QueryTableAccess" ("queryId", "tableId")
    VALUES ('1336', '5');
SELECT 'Categories.category_name', 'Products.product_name' FROM Categories RIGHT OUTER JOIN Products ON 'Categories.category_name' = 'Products.product_name';
INSERT INTO "SqlQuery" ("queryId", "userId", "issuedAt", "finishedAt", "hasError", "errorMessage", "statement", "projectId", "queryTypeId")
    VALUES ('1337', '12', '2023-04-29 21:52:06.042020', '2023-04-29 21:52:09.042020', 'False', 'None', 'SELECT Categories.category_name, Products.product_name FROM Categories RIGHT OUTER JOIN Products ON Categories.category_name = Products.product_name;', '1', '1');
INSERT INTO "QueryColumnAccess" ("queryId", "columnId")
    VALUES ('1337', '2');
INSERT INTO "QueryColumnAccess" ("queryId", "columnId")
    VALUES ('1337', '2');
INSERT INTO "QueryTableAccess" ("queryId", "tableId")
    VALUES ('1337', '4');
INSERT INTO "QueryTableAccess" ("queryId", "tableId")
    VALUES ('1337', '3');
SELECT 'Products.product_id', 'Categories.category_name' FROM Products RIGHT OUTER JOIN Categories ON 'Products.product_id' = 'Categories.category_name';
INSERT INTO "SqlQuery" ("queryId", "userId", "issuedAt", "finishedAt", "hasError", "errorMessage", "statement", "projectId", "queryTypeId")
    VALUES ('1338', '15', '2023-06-30 21:52:06.042029', '2023-06-30 21:52:07.042029', 'False', 'None', 'SELECT Products.product_id, Categories.category_name FROM Products RIGHT OUTER JOIN Categories ON Products.product_id = Categories.category_name;', '1', '1');
INSERT INTO "QueryColumnAccess" ("queryId", "columnId")
    VALUES ('1338', '1');
INSERT INTO "QueryColumnAccess" ("queryId", "columnId")
    VALUES ('1338', '2');
INSERT INTO "QueryTableAccess" ("queryId", "tableId")
    VALUES ('1338', '3');
INSERT INTO "QueryTableAccess" ("queryId", "tableId")
    VALUES ('1338', '4');
SELECT 'Categories.parent_category_id', 'Customers.address' FROM Categories RIGHT OUTER JOIN Customers ON 'Categories.parent_category_id' = 'Customers.address';
INSERT INTO "SqlQuery" ("queryId", "userId", "issuedAt", "finishedAt", "hasError", "errorMessage", "statement", "projectId", "queryTypeId")
    VALUES ('1339', '12', '2023-04-27 21:52:06.042037', '2023-04-27 21:52:09.042037', 'False', 'None', 'SELECT Categories.parent_category_id, Customers.address FROM Categories RIGHT OUTER JOIN Customers ON Categories.parent_category_id = Customers.address;', '1', '1');
INSERT INTO "QueryColumnAccess" ("queryId", "columnId")
    VALUES ('1339', '4');
INSERT INTO "QueryColumnAccess" ("queryId", "columnId")
    VALUES ('1339', '6');
INSERT INTO "QueryTableAccess" ("queryId", "tableId")
    VALUES ('1339', '4');
INSERT INTO "QueryTableAccess" ("queryId", "tableId")
    VALUES ('1339', '1');
SELECT 'Products.product_name', 'Orders.customer_id' FROM Products LEFT OUTER JOIN Orders ON 'Products.product_name' = 'Orders.customer_id';
INSERT INTO "SqlQuery" ("queryId", "userId", "issuedAt", "finishedAt", "hasError", "errorMessage", "statement", "projectId", "queryTypeId")
    VALUES ('1340', '4', '2023-05-10 21:52:06.042047', '2023-05-10 21:52:08.042047', 'False', 'None', 'SELECT Products.product_name, Orders.customer_id FROM Products LEFT OUTER JOIN Orders ON Products.product_name = Orders.customer_id;', '1', '1');
INSERT INTO "QueryColumnAccess" ("queryId", "columnId")
    VALUES ('1340', '2');
INSERT INTO "QueryColumnAccess" ("queryId", "columnId")
    VALUES ('1340', '2');
INSERT INTO "QueryTableAccess" ("queryId", "tableId")
    VALUES ('1340', '3');
INSERT INTO "QueryTableAccess" ("queryId", "tableId")
    VALUES ('1340', '2');
SELECT 'Products.category', 'Customers.first_name' FROM Products NATURAL JOIN Customers ON 'Products.category' = 'Customers.first_name';
INSERT INTO "SqlQuery" ("queryId", "userId", "issuedAt", "finishedAt", "hasError", "errorMessage", "statement", "projectId", "queryTypeId")
    VALUES ('1341', '9', '2023-06-17 21:52:06.042055', '2023-06-17 21:52:10.042055', 'False', 'None', 'SELECT Products.category, Customers.first_name FROM Products NATURAL JOIN Customers ON Products.category = Customers.first_name;', '1', '1');
INSERT INTO "QueryColumnAccess" ("queryId", "columnId")
    VALUES ('1341', '3');
INSERT INTO "QueryColumnAccess" ("queryId", "columnId")
    VALUES ('1341', '2');
INSERT INTO "QueryTableAccess" ("queryId", "tableId")
    VALUES ('1341', '3');
INSERT INTO "QueryTableAccess" ("queryId", "tableId")
    VALUES ('1341', '1');
SELECT 'Products.category', 'Orders.order_date' FROM Products LEFT OUTER JOIN Orders ON 'Products.category' = 'Orders.order_date';
INSERT INTO "SqlQuery" ("queryId", "userId", "issuedAt", "finishedAt", "hasError", "errorMessage", "statement", "projectId", "queryTypeId")
    VALUES ('1342', '7', '2023-05-24 21:52:06.042065', '2023-05-24 21:52:08.042065', 'False', 'None', 'SELECT Products.category, Orders.order_date FROM Products LEFT OUTER JOIN Orders ON Products.category = Orders.order_date;', '1', '1');
INSERT INTO "QueryColumnAccess" ("queryId", "columnId")
    VALUES ('1342', '3');
INSERT INTO "QueryColumnAccess" ("queryId", "columnId")
    VALUES ('1342', '3');
INSERT INTO "QueryTableAccess" ("queryId", "tableId")
    VALUES ('1342', '3');
INSERT INTO "QueryTableAccess" ("queryId", "tableId")
    VALUES ('1342', '2');
SELECT 'OrderItems.quantity', 'Products.product_name' FROM OrderItems RIGHT OUTER JOIN Products ON 'OrderItems.quantity' = 'Products.product_name';
INSERT INTO "SqlQuery" ("queryId", "userId", "issuedAt", "finishedAt", "hasError", "errorMessage", "statement", "projectId", "queryTypeId")
    VALUES ('1343', '2', '2023-06-18 21:52:06.042073', '2023-06-18 21:52:10.042073', 'False', 'None', 'SELECT OrderItems.quantity, Products.product_name FROM OrderItems RIGHT OUTER JOIN Products ON OrderItems.quantity = Products.product_name;', '1', '1');
INSERT INTO "QueryColumnAccess" ("queryId", "columnId")
    VALUES ('1343', '4');
INSERT INTO "QueryColumnAccess" ("queryId", "columnId")
    VALUES ('1343', '2');
INSERT INTO "QueryTableAccess" ("queryId", "tableId")
    VALUES ('1343', '5');
INSERT INTO "QueryTableAccess" ("queryId", "tableId")
    VALUES ('1343', '3');
SELECT 'Products.price', 'Orders.total_amount' FROM Products RIGHT OUTER JOIN Orders ON 'Products.price' = 'Orders.total_amount';
INSERT INTO "SqlQuery" ("queryId", "userId", "issuedAt", "finishedAt", "hasError", "errorMessage", "statement", "projectId", "queryTypeId")
    VALUES ('1344', '6', '2023-05-01 21:52:06.042082', '2023-05-01 21:52:10.042082', 'False', 'None', 'SELECT Products.price, Orders.total_amount FROM Products RIGHT OUTER JOIN Orders ON Products.price = Orders.total_amount;', '1', '1');
INSERT INTO "QueryColumnAccess" ("queryId", "columnId")
    VALUES ('1344', '4');
INSERT INTO "QueryColumnAccess" ("queryId", "columnId")
    VALUES ('1344', '4');
INSERT INTO "QueryTableAccess" ("queryId", "tableId")
    VALUES ('1344', '3');
INSERT INTO "QueryTableAccess" ("queryId", "tableId")
    VALUES ('1344', '2');
SELECT 'Categories.parent_category_id', 'OrderItems.order_id' FROM Categories LEFT OUTER JOIN OrderItems ON 'Categories.parent_category_id' = 'OrderItems.order_id';
INSERT INTO "SqlQuery" ("queryId", "userId", "issuedAt", "finishedAt", "hasError", "errorMessage", "statement", "projectId", "queryTypeId")
    VALUES ('1345', '12', '2023-06-03 21:52:06.042094', '2023-06-03 21:52:09.042094', 'False', 'None', 'SELECT Categories.parent_category_id, OrderItems.order_id FROM Categories LEFT OUTER JOIN OrderItems ON Categories.parent_category_id = OrderItems.order_id;', '1', '1');
INSERT INTO "QueryColumnAccess" ("queryId", "columnId")
    VALUES ('1345', '4');
INSERT INTO "QueryColumnAccess" ("queryId", "columnId")
    VALUES ('1345', '2');
INSERT INTO "QueryTableAccess" ("queryId", "tableId")
    VALUES ('1345', '4');
INSERT INTO "QueryTableAccess" ("queryId", "tableId")
    VALUES ('1345', '5');
SELECT 'Categories.category_id', 'Customers.customer_id' FROM Categories LEFT OUTER JOIN Customers ON 'Categories.category_id' = 'Customers.customer_id';
INSERT INTO "SqlQuery" ("queryId", "userId", "issuedAt", "finishedAt", "hasError", "errorMessage", "statement", "projectId", "queryTypeId")
    VALUES ('1346', '13', '2023-05-25 21:52:06.042103', '2023-05-25 21:52:08.042103', 'False', 'None', 'SELECT Categories.category_id, Customers.customer_id FROM Categories LEFT OUTER JOIN Customers ON Categories.category_id = Customers.customer_id;', '1', '1');
INSERT INTO "QueryColumnAccess" ("queryId", "columnId")
    VALUES ('1346', '1');
INSERT INTO "QueryColumnAccess" ("queryId", "columnId")
    VALUES ('1346', '1');
INSERT INTO "QueryTableAccess" ("queryId", "tableId")
    VALUES ('1346', '4');
INSERT INTO "QueryTableAccess" ("queryId", "tableId")
    VALUES ('1346', '1');
SELECT 'Categories.category_id', 'Products.quantity' FROM Categories RIGHT OUTER JOIN Products ON 'Categories.category_id' = 'Products.quantity';
INSERT INTO "SqlQuery" ("queryId", "userId", "issuedAt", "finishedAt", "hasError", "errorMessage", "statement", "projectId", "queryTypeId")
    VALUES ('1347', '9', '2023-05-23 21:52:06.042112', '2023-05-23 21:52:07.042112', 'False', 'None', 'SELECT Categories.category_id, Products.quantity FROM Categories RIGHT OUTER JOIN Products ON Categories.category_id = Products.quantity;', '1', '1');
INSERT INTO "QueryColumnAccess" ("queryId", "columnId")
    VALUES ('1347', '1');
INSERT INTO "QueryColumnAccess" ("queryId", "columnId")
    VALUES ('1347', '6');
INSERT INTO "QueryTableAccess" ("queryId", "tableId")
    VALUES ('1347', '4');
INSERT INTO "QueryTableAccess" ("queryId", "tableId")
    VALUES ('1347', '3');
SELECT 'Customers.last_name', 'Products.product_name' FROM Customers NATURAL JOIN Products ON 'Customers.last_name' = 'Products.product_name';
INSERT INTO "SqlQuery" ("queryId", "userId", "issuedAt", "finishedAt", "hasError", "errorMessage", "statement", "projectId", "queryTypeId")
    VALUES ('1348', '5', '2023-05-26 21:52:06.042120', '2023-05-26 21:52:08.042120', 'False', 'None', 'SELECT Customers.last_name, Products.product_name FROM Customers NATURAL JOIN Products ON Customers.last_name = Products.product_name;', '1', '1');
INSERT INTO "QueryColumnAccess" ("queryId", "columnId")
    VALUES ('1348', '3');
INSERT INTO "QueryColumnAccess" ("queryId", "columnId")
    VALUES ('1348', '2');
INSERT INTO "QueryTableAccess" ("queryId", "tableId")
    VALUES ('1348', '1');
INSERT INTO "QueryTableAccess" ("queryId", "tableId")
    VALUES ('1348', '3');
SELECT 'Orders.order_date', 'OrderItems.unit_price' FROM Orders LEFT OUTER JOIN OrderItems ON 'Orders.order_date' = 'OrderItems.unit_price';
INSERT INTO "SqlQuery" ("queryId", "userId", "issuedAt", "finishedAt", "hasError", "errorMessage", "statement", "projectId", "queryTypeId")
    VALUES ('1349', '15', '2023-05-07 21:52:06.042129', '2023-05-07 21:52:10.042129', 'False', 'None', 'SELECT Orders.order_date, OrderItems.unit_price FROM Orders LEFT OUTER JOIN OrderItems ON Orders.order_date = OrderItems.unit_price;', '1', '1');
INSERT INTO "QueryColumnAccess" ("queryId", "columnId")
    VALUES ('1349', '3');
INSERT INTO "QueryColumnAccess" ("queryId", "columnId")
    VALUES ('1349', '5');
INSERT INTO "QueryTableAccess" ("queryId", "tableId")
    VALUES ('1349', '2');
INSERT INTO "QueryTableAccess" ("queryId", "tableId")
    VALUES ('1349', '5');
SELECT 'Customers.address', 'Orders.total_amount' FROM Customers LEFT OUTER JOIN Orders ON 'Customers.address' = 'Orders.total_amount';
INSERT INTO "SqlQuery" ("queryId", "userId", "issuedAt", "finishedAt", "hasError", "errorMessage", "statement", "projectId", "queryTypeId")
    VALUES ('1350', '6', '2023-05-01 21:52:06.042138', '2023-05-01 21:52:10.042138', 'False', 'None', 'SELECT Customers.address, Orders.total_amount FROM Customers LEFT OUTER JOIN Orders ON Customers.address = Orders.total_amount;', '1', '1');
INSERT INTO "QueryColumnAccess" ("queryId", "columnId")
    VALUES ('1350', '6');
INSERT INTO "QueryColumnAccess" ("queryId", "columnId")
    VALUES ('1350', '4');
INSERT INTO "QueryTableAccess" ("queryId", "tableId")
    VALUES ('1350', '1');
INSERT INTO "QueryTableAccess" ("queryId", "tableId")
    VALUES ('1350', '2');
SELECT 'Orders.shipping_address', 'OrderItems.order_item_id' FROM Orders RIGHT OUTER JOIN OrderItems ON 'Orders.shipping_address' = 'OrderItems.order_item_id';
INSERT INTO "SqlQuery" ("queryId", "userId", "issuedAt", "finishedAt", "hasError", "errorMessage", "statement", "projectId", "queryTypeId")
    VALUES ('1351', '5', '2023-04-30 21:52:06.042146', '2023-04-30 21:52:10.042146', 'False', 'None', 'SELECT Orders.shipping_address, OrderItems.order_item_id FROM Orders RIGHT OUTER JOIN OrderItems ON Orders.shipping_address = OrderItems.order_item_id;', '1', '1');
INSERT INTO "QueryColumnAccess" ("queryId", "columnId")
    VALUES ('1351', '6');
INSERT INTO "QueryColumnAccess" ("queryId", "columnId")
    VALUES ('1351', '1');
INSERT INTO "QueryTableAccess" ("queryId", "tableId")
    VALUES ('1351', '2');
INSERT INTO "QueryTableAccess" ("queryId", "tableId")
    VALUES ('1351', '5');
SELECT 'Orders.payment_method', 'Products.category' FROM Orders NATURAL JOIN Products ON 'Orders.payment_method' = 'Products.category';
INSERT INTO "SqlQuery" ("queryId", "userId", "issuedAt", "finishedAt", "hasError", "errorMessage", "statement", "projectId", "queryTypeId")
    VALUES ('1352', '1', '2023-05-25 21:52:06.042155', '2023-05-25 21:52:09.042155', 'False', 'None', 'SELECT Orders.payment_method, Products.category FROM Orders NATURAL JOIN Products ON Orders.payment_method = Products.category;', '1', '1');
INSERT INTO "QueryColumnAccess" ("queryId", "columnId")
    VALUES ('1352', '5');
INSERT INTO "QueryColumnAccess" ("queryId", "columnId")
    VALUES ('1352', '3');
INSERT INTO "QueryTableAccess" ("queryId", "tableId")
    VALUES ('1352', '2');
INSERT INTO "QueryTableAccess" ("queryId", "tableId")
    VALUES ('1352', '3');
SELECT 'OrderItems.order_id', 'Orders.order_id' FROM OrderItems NATURAL JOIN Orders ON 'OrderItems.order_id' = 'Orders.order_id';
INSERT INTO "SqlQuery" ("queryId", "userId", "issuedAt", "finishedAt", "hasError", "errorMessage", "statement", "projectId", "queryTypeId")
    VALUES ('1353', '3', '2023-05-26 21:52:06.042164', '2023-05-26 21:52:08.042164', 'False', 'None', 'SELECT OrderItems.order_id, Orders.order_id FROM OrderItems NATURAL JOIN Orders ON OrderItems.order_id = Orders.order_id;', '1', '1');
INSERT INTO "QueryColumnAccess" ("queryId", "columnId")
    VALUES ('1353', '2');
INSERT INTO "QueryColumnAccess" ("queryId", "columnId")
    VALUES ('1353', '1');
INSERT INTO "QueryTableAccess" ("queryId", "tableId")
    VALUES ('1353', '5');
INSERT INTO "QueryTableAccess" ("queryId", "tableId")
    VALUES ('1353', '2');
SELECT 'OrderItems.product_id', 'Orders.total_amount' FROM OrderItems LEFT OUTER JOIN Orders ON 'OrderItems.product_id' = 'Orders.total_amount';
INSERT INTO "SqlQuery" ("queryId", "userId", "issuedAt", "finishedAt", "hasError", "errorMessage", "statement", "projectId", "queryTypeId")
    VALUES ('1354', '10', '2023-06-30 21:52:06.042184', '2023-06-30 21:52:07.042184', 'False', 'None', 'SELECT OrderItems.product_id, Orders.total_amount FROM OrderItems LEFT OUTER JOIN Orders ON OrderItems.product_id = Orders.total_amount;', '1', '1');
INSERT INTO "QueryColumnAccess" ("queryId", "columnId")
    VALUES ('1354', '3');
INSERT INTO "QueryColumnAccess" ("queryId", "columnId")
    VALUES ('1354', '4');
INSERT INTO "QueryTableAccess" ("queryId", "tableId")
    VALUES ('1354', '5');
INSERT INTO "QueryTableAccess" ("queryId", "tableId")
    VALUES ('1354', '2');
SELECT 'OrderItems.unit_price', 'Customers.customer_id' FROM OrderItems NATURAL JOIN Customers ON 'OrderItems.unit_price' = 'Customers.customer_id';
INSERT INTO "SqlQuery" ("queryId", "userId", "issuedAt", "finishedAt", "hasError", "errorMessage", "statement", "projectId", "queryTypeId")
    VALUES ('1355', '10', '2023-06-19 21:52:06.042193', '2023-06-19 21:52:08.042193', 'False', 'None', 'SELECT OrderItems.unit_price, Customers.customer_id FROM OrderItems NATURAL JOIN Customers ON OrderItems.unit_price = Customers.customer_id;', '1', '1');
INSERT INTO "QueryColumnAccess" ("queryId", "columnId")
    VALUES ('1355', '5');
INSERT INTO "QueryColumnAccess" ("queryId", "columnId")
    VALUES ('1355', '1');
INSERT INTO "QueryTableAccess" ("queryId", "tableId")
    VALUES ('1355', '5');
INSERT INTO "QueryTableAccess" ("queryId", "tableId")
    VALUES ('1355', '1');
SELECT 'Products.description', 'Categories.parent_category_id' FROM Products RIGHT OUTER JOIN Categories ON 'Products.description' = 'Categories.parent_category_id';
INSERT INTO "SqlQuery" ("queryId", "userId", "issuedAt", "finishedAt", "hasError", "errorMessage", "statement", "projectId", "queryTypeId")
    VALUES ('1356', '2', '2023-06-27 21:52:06.042203', '2023-06-27 21:52:09.042203', 'False', 'None', 'SELECT Products.description, Categories.parent_category_id FROM Products RIGHT OUTER JOIN Categories ON Products.description = Categories.parent_category_id;', '1', '1');
INSERT INTO "QueryColumnAccess" ("queryId", "columnId")
    VALUES ('1356', '5');
INSERT INTO "QueryColumnAccess" ("queryId", "columnId")
    VALUES ('1356', '4');
INSERT INTO "QueryTableAccess" ("queryId", "tableId")
    VALUES ('1356', '3');
INSERT INTO "QueryTableAccess" ("queryId", "tableId")
    VALUES ('1356', '4');
SELECT 'Customers.phone_number', 'Orders.total_amount' FROM Customers LEFT OUTER JOIN Orders ON 'Customers.phone_number' = 'Orders.total_amount';
INSERT INTO "SqlQuery" ("queryId", "userId", "issuedAt", "finishedAt", "hasError", "errorMessage", "statement", "projectId", "queryTypeId")
    VALUES ('1357', '10', '2023-04-29 21:52:06.042212', '2023-04-29 21:52:10.042212', 'False', 'None', 'SELECT Customers.phone_number, Orders.total_amount FROM Customers LEFT OUTER JOIN Orders ON Customers.phone_number = Orders.total_amount;', '1', '1');
INSERT INTO "QueryColumnAccess" ("queryId", "columnId")
    VALUES ('1357', '5');
INSERT INTO "QueryColumnAccess" ("queryId", "columnId")
    VALUES ('1357', '4');
INSERT INTO "QueryTableAccess" ("queryId", "tableId")
    VALUES ('1357', '1');
INSERT INTO "QueryTableAccess" ("queryId", "tableId")
    VALUES ('1357', '2');
SELECT 'Orders.customer_id', 'Categories.category_id' FROM Orders LEFT OUTER JOIN Categories ON 'Orders.customer_id' = 'Categories.category_id';
INSERT INTO "SqlQuery" ("queryId", "userId", "issuedAt", "finishedAt", "hasError", "errorMessage", "statement", "projectId", "queryTypeId")
    VALUES ('1358', '5', '2023-06-12 21:52:06.042221', '2023-06-12 21:52:08.042221', 'False', 'None', 'SELECT Orders.customer_id, Categories.category_id FROM Orders LEFT OUTER JOIN Categories ON Orders.customer_id = Categories.category_id;', '1', '1');
INSERT INTO "QueryColumnAccess" ("queryId", "columnId")
    VALUES ('1358', '2');
INSERT INTO "QueryColumnAccess" ("queryId", "columnId")
    VALUES ('1358', '1');
INSERT INTO "QueryTableAccess" ("queryId", "tableId")
    VALUES ('1358', '2');
INSERT INTO "QueryTableAccess" ("queryId", "tableId")
    VALUES ('1358', '4');
SELECT 'OrderItems.order_id', 'Products.quantity' FROM OrderItems NATURAL JOIN Products ON 'OrderItems.order_id' = 'Products.quantity';
INSERT INTO "SqlQuery" ("queryId", "userId", "issuedAt", "finishedAt", "hasError", "errorMessage", "statement", "projectId", "queryTypeId")
    VALUES ('1359', '15', '2023-05-16 21:52:06.042230', '2023-05-16 21:52:09.042230', 'False', 'None', 'SELECT OrderItems.order_id, Products.quantity FROM OrderItems NATURAL JOIN Products ON OrderItems.order_id = Products.quantity;', '1', '1');
INSERT INTO "QueryColumnAccess" ("queryId", "columnId")
    VALUES ('1359', '2');
INSERT INTO "QueryColumnAccess" ("queryId", "columnId")
    VALUES ('1359', '6');
INSERT INTO "QueryTableAccess" ("queryId", "tableId")
    VALUES ('1359', '5');
INSERT INTO "QueryTableAccess" ("queryId", "tableId")
    VALUES ('1359', '3');
SELECT 'Orders.payment_method', 'Customers.first_name' FROM Orders NATURAL JOIN Customers ON 'Orders.payment_method' = 'Customers.first_name';
INSERT INTO "SqlQuery" ("queryId", "userId", "issuedAt", "finishedAt", "hasError", "errorMessage", "statement", "projectId", "queryTypeId")
    VALUES ('1360', '2', '2023-06-26 21:52:06.042239', '2023-06-26 21:52:08.042239', 'False', 'None', 'SELECT Orders.payment_method, Customers.first_name FROM Orders NATURAL JOIN Customers ON Orders.payment_method = Customers.first_name;', '1', '1');
INSERT INTO "QueryColumnAccess" ("queryId", "columnId")
    VALUES ('1360', '5');
INSERT INTO "QueryColumnAccess" ("queryId", "columnId")
    VALUES ('1360', '2');
INSERT INTO "QueryTableAccess" ("queryId", "tableId")
    VALUES ('1360', '2');
INSERT INTO "QueryTableAccess" ("queryId", "tableId")
    VALUES ('1360', '1');
SELECT 'Orders.payment_method', 'Categories.description' FROM Orders RIGHT OUTER JOIN Categories ON 'Orders.payment_method' = 'Categories.description';
INSERT INTO "SqlQuery" ("queryId", "userId", "issuedAt", "finishedAt", "hasError", "errorMessage", "statement", "projectId", "queryTypeId")
    VALUES ('1361', '14', '2023-04-16 21:52:06.042249', '2023-04-16 21:52:09.042249', 'False', 'None', 'SELECT Orders.payment_method, Categories.description FROM Orders RIGHT OUTER JOIN Categories ON Orders.payment_method = Categories.description;', '1', '1');
INSERT INTO "QueryColumnAccess" ("queryId", "columnId")
    VALUES ('1361', '5');
INSERT INTO "QueryColumnAccess" ("queryId", "columnId")
    VALUES ('1361', '3');
INSERT INTO "QueryTableAccess" ("queryId", "tableId")
    VALUES ('1361', '2');
INSERT INTO "QueryTableAccess" ("queryId", "tableId")
    VALUES ('1361', '4');
SELECT 'OrderItems.unit_price', 'Customers.first_name' FROM OrderItems RIGHT OUTER JOIN Customers ON 'OrderItems.unit_price' = 'Customers.first_name';
INSERT INTO "SqlQuery" ("queryId", "userId", "issuedAt", "finishedAt", "hasError", "errorMessage", "statement", "projectId", "queryTypeId")
    VALUES ('1362', '2', '2023-06-20 21:52:06.042258', '2023-06-20 21:52:08.042258', 'False', 'None', 'SELECT OrderItems.unit_price, Customers.first_name FROM OrderItems RIGHT OUTER JOIN Customers ON OrderItems.unit_price = Customers.first_name;', '1', '1');
INSERT INTO "QueryColumnAccess" ("queryId", "columnId")
    VALUES ('1362', '5');
INSERT INTO "QueryColumnAccess" ("queryId", "columnId")
    VALUES ('1362', '2');
INSERT INTO "QueryTableAccess" ("queryId", "tableId")
    VALUES ('1362', '5');
INSERT INTO "QueryTableAccess" ("queryId", "tableId")
    VALUES ('1362', '1');
SELECT 'Products.category', 'OrderItems.order_id' FROM Products NATURAL JOIN OrderItems ON 'Products.category' = 'OrderItems.order_id';
INSERT INTO "SqlQuery" ("queryId", "userId", "issuedAt", "finishedAt", "hasError", "errorMessage", "statement", "projectId", "queryTypeId")
    VALUES ('1363', '9', '2023-05-12 21:52:06.042266', '2023-05-12 21:52:09.042266', 'False', 'None', 'SELECT Products.category, OrderItems.order_id FROM Products NATURAL JOIN OrderItems ON Products.category = OrderItems.order_id;', '1', '1');
INSERT INTO "QueryColumnAccess" ("queryId", "columnId")
    VALUES ('1363', '3');
INSERT INTO "QueryColumnAccess" ("queryId", "columnId")
    VALUES ('1363', '2');
INSERT INTO "QueryTableAccess" ("queryId", "tableId")
    VALUES ('1363', '3');
INSERT INTO "QueryTableAccess" ("queryId", "tableId")
    VALUES ('1363', '5');
SELECT 'OrderItems.product_id', 'Categories.description' FROM OrderItems RIGHT OUTER JOIN Categories ON 'OrderItems.product_id' = 'Categories.description';
INSERT INTO "SqlQuery" ("queryId", "userId", "issuedAt", "finishedAt", "hasError", "errorMessage", "statement", "projectId", "queryTypeId")
    VALUES ('1364', '13', '2023-05-06 21:52:06.042278', '2023-05-06 21:52:07.042278', 'False', 'None', 'SELECT OrderItems.product_id, Categories.description FROM OrderItems RIGHT OUTER JOIN Categories ON OrderItems.product_id = Categories.description;', '1', '1');
INSERT INTO "QueryColumnAccess" ("queryId", "columnId")
    VALUES ('1364', '3');
INSERT INTO "QueryColumnAccess" ("queryId", "columnId")
    VALUES ('1364', '3');
INSERT INTO "QueryTableAccess" ("queryId", "tableId")
    VALUES ('1364', '5');
INSERT INTO "QueryTableAccess" ("queryId", "tableId")
    VALUES ('1364', '4');
SELECT 'Products.product_name', 'Orders.customer_id' FROM Products RIGHT OUTER JOIN Orders ON 'Products.product_name' = 'Orders.customer_id';
INSERT INTO "SqlQuery" ("queryId", "userId", "issuedAt", "finishedAt", "hasError", "errorMessage", "statement", "projectId", "queryTypeId")
    VALUES ('1365', '5', '2023-04-14 21:52:06.042287', '2023-04-14 21:52:08.042287', 'False', 'None', 'SELECT Products.product_name, Orders.customer_id FROM Products RIGHT OUTER JOIN Orders ON Products.product_name = Orders.customer_id;', '1', '1');
INSERT INTO "QueryColumnAccess" ("queryId", "columnId")
    VALUES ('1365', '2');
INSERT INTO "QueryColumnAccess" ("queryId", "columnId")
    VALUES ('1365', '2');
INSERT INTO "QueryTableAccess" ("queryId", "tableId")
    VALUES ('1365', '3');
INSERT INTO "QueryTableAccess" ("queryId", "tableId")
    VALUES ('1365', '2');
SELECT 'Customers.phone_number', 'Orders.shipping_address' FROM Customers NATURAL JOIN Orders ON 'Customers.phone_number' = 'Orders.shipping_address';
INSERT INTO "SqlQuery" ("queryId", "userId", "issuedAt", "finishedAt", "hasError", "errorMessage", "statement", "projectId", "queryTypeId")
    VALUES ('1366', '3', '2023-04-17 21:52:06.042297', '2023-04-17 21:52:07.042297', 'False', 'None', 'SELECT Customers.phone_number, Orders.shipping_address FROM Customers NATURAL JOIN Orders ON Customers.phone_number = Orders.shipping_address;', '1', '1');
INSERT INTO "QueryColumnAccess" ("queryId", "columnId")
    VALUES ('1366', '5');
INSERT INTO "QueryColumnAccess" ("queryId", "columnId")
    VALUES ('1366', '6');
INSERT INTO "QueryTableAccess" ("queryId", "tableId")
    VALUES ('1366', '1');
INSERT INTO "QueryTableAccess" ("queryId", "tableId")
    VALUES ('1366', '2');
SELECT 'Orders.payment_method', 'Customers.email' FROM Orders RIGHT OUTER JOIN Customers ON 'Orders.payment_method' = 'Customers.email';
INSERT INTO "SqlQuery" ("queryId", "userId", "issuedAt", "finishedAt", "hasError", "errorMessage", "statement", "projectId", "queryTypeId")
    VALUES ('1367', '14', '2023-06-13 21:52:06.042305', '2023-06-13 21:52:08.042305', 'False', 'None', 'SELECT Orders.payment_method, Customers.email FROM Orders RIGHT OUTER JOIN Customers ON Orders.payment_method = Customers.email;', '1', '1');
INSERT INTO "QueryColumnAccess" ("queryId", "columnId")
    VALUES ('1367', '5');
INSERT INTO "QueryColumnAccess" ("queryId", "columnId")
    VALUES ('1367', '4');
INSERT INTO "QueryTableAccess" ("queryId", "tableId")
    VALUES ('1367', '2');
INSERT INTO "QueryTableAccess" ("queryId", "tableId")
    VALUES ('1367', '1');
SELECT 'Orders.customer_id', 'Customers.first_name' FROM Orders RIGHT OUTER JOIN Customers ON 'Orders.customer_id' = 'Customers.first_name';
INSERT INTO "SqlQuery" ("queryId", "userId", "issuedAt", "finishedAt", "hasError", "errorMessage", "statement", "projectId", "queryTypeId")
    VALUES ('1368', '9', '2023-04-19 21:52:06.042314', '2023-04-19 21:52:08.042314', 'False', 'None', 'SELECT Orders.customer_id, Customers.first_name FROM Orders RIGHT OUTER JOIN Customers ON Orders.customer_id = Customers.first_name;', '1', '1');
INSERT INTO "QueryColumnAccess" ("queryId", "columnId")
    VALUES ('1368', '2');
INSERT INTO "QueryColumnAccess" ("queryId", "columnId")
    VALUES ('1368', '2');
INSERT INTO "QueryTableAccess" ("queryId", "tableId")
    VALUES ('1368', '2');
INSERT INTO "QueryTableAccess" ("queryId", "tableId")
    VALUES ('1368', '1');
SELECT 'OrderItems.order_id', 'Orders.total_amount' FROM OrderItems RIGHT OUTER JOIN Orders ON 'OrderItems.order_id' = 'Orders.total_amount';
INSERT INTO "SqlQuery" ("queryId", "userId", "issuedAt", "finishedAt", "hasError", "errorMessage", "statement", "projectId", "queryTypeId")
    VALUES ('1369', '2', '2023-05-06 21:52:06.042323', '2023-05-06 21:52:10.042323', 'False', 'None', 'SELECT OrderItems.order_id, Orders.total_amount FROM OrderItems RIGHT OUTER JOIN Orders ON OrderItems.order_id = Orders.total_amount;', '1', '1');
INSERT INTO "QueryColumnAccess" ("queryId", "columnId")
    VALUES ('1369', '2');
INSERT INTO "QueryColumnAccess" ("queryId", "columnId")
    VALUES ('1369', '4');
INSERT INTO "QueryTableAccess" ("queryId", "tableId")
    VALUES ('1369', '5');
INSERT INTO "QueryTableAccess" ("queryId", "tableId")
    VALUES ('1369', '2');
SELECT 'Categories.description', 'OrderItems.quantity' FROM Categories LEFT OUTER JOIN OrderItems ON 'Categories.description' = 'OrderItems.quantity';
INSERT INTO "SqlQuery" ("queryId", "userId", "issuedAt", "finishedAt", "hasError", "errorMessage", "statement", "projectId", "queryTypeId")
    VALUES ('1370', '2', '2023-05-11 21:52:06.042332', '2023-05-11 21:52:07.042332', 'False', 'None', 'SELECT Categories.description, OrderItems.quantity FROM Categories LEFT OUTER JOIN OrderItems ON Categories.description = OrderItems.quantity;', '1', '1');
INSERT INTO "QueryColumnAccess" ("queryId", "columnId")
    VALUES ('1370', '3');
INSERT INTO "QueryColumnAccess" ("queryId", "columnId")
    VALUES ('1370', '4');
INSERT INTO "QueryTableAccess" ("queryId", "tableId")
    VALUES ('1370', '4');
INSERT INTO "QueryTableAccess" ("queryId", "tableId")
    VALUES ('1370', '5');
SELECT 'OrderItems.order_id', 'Products.category' FROM OrderItems NATURAL JOIN Products ON 'OrderItems.order_id' = 'Products.category';
INSERT INTO "SqlQuery" ("queryId", "userId", "issuedAt", "finishedAt", "hasError", "errorMessage", "statement", "projectId", "queryTypeId")
    VALUES ('1371', '2', '2023-07-08 21:52:06.042340', '2023-07-08 21:52:08.042340', 'False', 'None', 'SELECT OrderItems.order_id, Products.category FROM OrderItems NATURAL JOIN Products ON OrderItems.order_id = Products.category;', '1', '1');
INSERT INTO "QueryColumnAccess" ("queryId", "columnId")
    VALUES ('1371', '2');
INSERT INTO "QueryColumnAccess" ("queryId", "columnId")
    VALUES ('1371', '3');
INSERT INTO "QueryTableAccess" ("queryId", "tableId")
    VALUES ('1371', '5');
INSERT INTO "QueryTableAccess" ("queryId", "tableId")
    VALUES ('1371', '3');
SELECT 'Products.product_id', 'Customers.address' FROM Products RIGHT OUTER JOIN Customers ON 'Products.product_id' = 'Customers.address';
INSERT INTO "SqlQuery" ("queryId", "userId", "issuedAt", "finishedAt", "hasError", "errorMessage", "statement", "projectId", "queryTypeId")
    VALUES ('1372', '10', '2023-07-04 21:52:06.042349', '2023-07-04 21:52:10.042349', 'False', 'None', 'SELECT Products.product_id, Customers.address FROM Products RIGHT OUTER JOIN Customers ON Products.product_id = Customers.address;', '1', '1');
INSERT INTO "QueryColumnAccess" ("queryId", "columnId")
    VALUES ('1372', '1');
INSERT INTO "QueryColumnAccess" ("queryId", "columnId")
    VALUES ('1372', '6');
INSERT INTO "QueryTableAccess" ("queryId", "tableId")
    VALUES ('1372', '3');
INSERT INTO "QueryTableAccess" ("queryId", "tableId")
    VALUES ('1372', '1');
SELECT 'Customers.email', 'Orders.total_amount' FROM Customers NATURAL JOIN Orders ON 'Customers.email' = 'Orders.total_amount';
INSERT INTO "SqlQuery" ("queryId", "userId", "issuedAt", "finishedAt", "hasError", "errorMessage", "statement", "projectId", "queryTypeId")
    VALUES ('1373', '11', '2023-06-18 21:52:06.042367', '2023-06-18 21:52:10.042367', 'False', 'None', 'SELECT Customers.email, Orders.total_amount FROM Customers NATURAL JOIN Orders ON Customers.email = Orders.total_amount;', '1', '1');
INSERT INTO "QueryColumnAccess" ("queryId", "columnId")
    VALUES ('1373', '4');
INSERT INTO "QueryColumnAccess" ("queryId", "columnId")
    VALUES ('1373', '4');
INSERT INTO "QueryTableAccess" ("queryId", "tableId")
    VALUES ('1373', '1');
INSERT INTO "QueryTableAccess" ("queryId", "tableId")
    VALUES ('1373', '2');
SELECT 'Orders.total_amount', 'Customers.address' FROM Orders LEFT OUTER JOIN Customers ON 'Orders.total_amount' = 'Customers.address';
INSERT INTO "SqlQuery" ("queryId", "userId", "issuedAt", "finishedAt", "hasError", "errorMessage", "statement", "projectId", "queryTypeId")
    VALUES ('1374', '6', '2023-04-14 21:52:06.042379', '2023-04-14 21:52:09.042379', 'False', 'None', 'SELECT Orders.total_amount, Customers.address FROM Orders LEFT OUTER JOIN Customers ON Orders.total_amount = Customers.address;', '1', '1');
INSERT INTO "QueryColumnAccess" ("queryId", "columnId")
    VALUES ('1374', '4');
INSERT INTO "QueryColumnAccess" ("queryId", "columnId")
    VALUES ('1374', '6');
INSERT INTO "QueryTableAccess" ("queryId", "tableId")
    VALUES ('1374', '2');
INSERT INTO "QueryTableAccess" ("queryId", "tableId")
    VALUES ('1374', '1');
SELECT 'Orders.total_amount', 'Customers.last_name' FROM Orders RIGHT OUTER JOIN Customers ON 'Orders.total_amount' = 'Customers.last_name';
INSERT INTO "SqlQuery" ("queryId", "userId", "issuedAt", "finishedAt", "hasError", "errorMessage", "statement", "projectId", "queryTypeId")
    VALUES ('1375', '8', '2023-06-11 21:52:06.042388', '2023-06-11 21:52:08.042388', 'False', 'None', 'SELECT Orders.total_amount, Customers.last_name FROM Orders RIGHT OUTER JOIN Customers ON Orders.total_amount = Customers.last_name;', '1', '1');
INSERT INTO "QueryColumnAccess" ("queryId", "columnId")
    VALUES ('1375', '4');
INSERT INTO "QueryColumnAccess" ("queryId", "columnId")
    VALUES ('1375', '3');
INSERT INTO "QueryTableAccess" ("queryId", "tableId")
    VALUES ('1375', '2');
INSERT INTO "QueryTableAccess" ("queryId", "tableId")
    VALUES ('1375', '1');
SELECT 'Orders.payment_method', 'Categories.parent_category_id' FROM Orders LEFT OUTER JOIN Categories ON 'Orders.payment_method' = 'Categories.parent_category_id';
INSERT INTO "SqlQuery" ("queryId", "userId", "issuedAt", "finishedAt", "hasError", "errorMessage", "statement", "projectId", "queryTypeId")
    VALUES ('1376', '3', '2023-05-29 21:52:06.042397', '2023-05-29 21:52:10.042397', 'False', 'None', 'SELECT Orders.payment_method, Categories.parent_category_id FROM Orders LEFT OUTER JOIN Categories ON Orders.payment_method = Categories.parent_category_id;', '1', '1');
INSERT INTO "QueryColumnAccess" ("queryId", "columnId")
    VALUES ('1376', '5');
INSERT INTO "QueryColumnAccess" ("queryId", "columnId")
    VALUES ('1376', '4');
INSERT INTO "QueryTableAccess" ("queryId", "tableId")
    VALUES ('1376', '2');
INSERT INTO "QueryTableAccess" ("queryId", "tableId")
    VALUES ('1376', '4');
SELECT 'Customers.last_name', 'Products.price' FROM Customers RIGHT OUTER JOIN Products ON 'Customers.last_name' = 'Products.price';
INSERT INTO "SqlQuery" ("queryId", "userId", "issuedAt", "finishedAt", "hasError", "errorMessage", "statement", "projectId", "queryTypeId")
    VALUES ('1377', '2', '2023-05-29 21:52:06.042406', '2023-05-29 21:52:07.042406', 'False', 'None', 'SELECT Customers.last_name, Products.price FROM Customers RIGHT OUTER JOIN Products ON Customers.last_name = Products.price;', '1', '1');
INSERT INTO "QueryColumnAccess" ("queryId", "columnId")
    VALUES ('1377', '3');
INSERT INTO "QueryColumnAccess" ("queryId", "columnId")
    VALUES ('1377', '4');
INSERT INTO "QueryTableAccess" ("queryId", "tableId")
    VALUES ('1377', '1');
INSERT INTO "QueryTableAccess" ("queryId", "tableId")
    VALUES ('1377', '3');
SELECT 'Products.product_name', 'OrderItems.order_id' FROM Products LEFT OUTER JOIN OrderItems ON 'Products.product_name' = 'OrderItems.order_id';
INSERT INTO "SqlQuery" ("queryId", "userId", "issuedAt", "finishedAt", "hasError", "errorMessage", "statement", "projectId", "queryTypeId")
    VALUES ('1378', '5', '2023-06-10 21:52:06.042414', '2023-06-10 21:52:09.042414', 'False', 'None', 'SELECT Products.product_name, OrderItems.order_id FROM Products LEFT OUTER JOIN OrderItems ON Products.product_name = OrderItems.order_id;', '1', '1');
INSERT INTO "QueryColumnAccess" ("queryId", "columnId")
    VALUES ('1378', '2');
INSERT INTO "QueryColumnAccess" ("queryId", "columnId")
    VALUES ('1378', '2');
INSERT INTO "QueryTableAccess" ("queryId", "tableId")
    VALUES ('1378', '3');
INSERT INTO "QueryTableAccess" ("queryId", "tableId")
    VALUES ('1378', '5');
SELECT 'Categories.description', 'Products.description' FROM Categories NATURAL JOIN Products ON 'Categories.description' = 'Products.description';
INSERT INTO "SqlQuery" ("queryId", "userId", "issuedAt", "finishedAt", "hasError", "errorMessage", "statement", "projectId", "queryTypeId")
    VALUES ('1379', '5', '2023-05-24 21:52:06.042423', '2023-05-24 21:52:07.042423', 'False', 'None', 'SELECT Categories.description, Products.description FROM Categories NATURAL JOIN Products ON Categories.description = Products.description;', '1', '1');
INSERT INTO "QueryColumnAccess" ("queryId", "columnId")
    VALUES ('1379', '3');
INSERT INTO "QueryColumnAccess" ("queryId", "columnId")
    VALUES ('1379', '5');
INSERT INTO "QueryTableAccess" ("queryId", "tableId")
    VALUES ('1379', '4');
INSERT INTO "QueryTableAccess" ("queryId", "tableId")
    VALUES ('1379', '3');
SELECT 'Products.product_id', 'Customers.phone_number' FROM Products NATURAL JOIN Customers ON 'Products.product_id' = 'Customers.phone_number';
INSERT INTO "SqlQuery" ("queryId", "userId", "issuedAt", "finishedAt", "hasError", "errorMessage", "statement", "projectId", "queryTypeId")
    VALUES ('1380', '3', '2023-06-23 21:52:06.042432', '2023-06-23 21:52:08.042432', 'False', 'None', 'SELECT Products.product_id, Customers.phone_number FROM Products NATURAL JOIN Customers ON Products.product_id = Customers.phone_number;', '1', '1');
INSERT INTO "QueryColumnAccess" ("queryId", "columnId")
    VALUES ('1380', '1');
INSERT INTO "QueryColumnAccess" ("queryId", "columnId")
    VALUES ('1380', '5');
INSERT INTO "QueryTableAccess" ("queryId", "tableId")
    VALUES ('1380', '3');
INSERT INTO "QueryTableAccess" ("queryId", "tableId")
    VALUES ('1380', '1');
SELECT 'Customers.last_name', 'Categories.parent_category_id' FROM Customers NATURAL JOIN Categories ON 'Customers.last_name' = 'Categories.parent_category_id';
INSERT INTO "SqlQuery" ("queryId", "userId", "issuedAt", "finishedAt", "hasError", "errorMessage", "statement", "projectId", "queryTypeId")
    VALUES ('1381', '6', '2023-05-22 21:52:06.042441', '2023-05-22 21:52:10.042441', 'False', 'None', 'SELECT Customers.last_name, Categories.parent_category_id FROM Customers NATURAL JOIN Categories ON Customers.last_name = Categories.parent_category_id;', '1', '1');
INSERT INTO "QueryColumnAccess" ("queryId", "columnId")
    VALUES ('1381', '3');
INSERT INTO "QueryColumnAccess" ("queryId", "columnId")
    VALUES ('1381', '4');
INSERT INTO "QueryTableAccess" ("queryId", "tableId")
    VALUES ('1381', '1');
INSERT INTO "QueryTableAccess" ("queryId", "tableId")
    VALUES ('1381', '4');
SELECT 'Categories.description', 'Products.description' FROM Categories NATURAL JOIN Products ON 'Categories.description' = 'Products.description';
INSERT INTO "SqlQuery" ("queryId", "userId", "issuedAt", "finishedAt", "hasError", "errorMessage", "statement", "projectId", "queryTypeId")
    VALUES ('1382', '12', '2023-05-08 21:52:06.042457', '2023-05-08 21:52:07.042457', 'False', 'None', 'SELECT Categories.description, Products.description FROM Categories NATURAL JOIN Products ON Categories.description = Products.description;', '1', '1');
INSERT INTO "QueryColumnAccess" ("queryId", "columnId")
    VALUES ('1382', '3');
INSERT INTO "QueryColumnAccess" ("queryId", "columnId")
    VALUES ('1382', '5');
INSERT INTO "QueryTableAccess" ("queryId", "tableId")
    VALUES ('1382', '4');
INSERT INTO "QueryTableAccess" ("queryId", "tableId")
    VALUES ('1382', '3');
SELECT 'OrderItems.quantity', 'Customers.last_name' FROM OrderItems LEFT OUTER JOIN Customers ON 'OrderItems.quantity' = 'Customers.last_name';
INSERT INTO "SqlQuery" ("queryId", "userId", "issuedAt", "finishedAt", "hasError", "errorMessage", "statement", "projectId", "queryTypeId")
    VALUES ('1383', '15', '2023-04-13 21:52:06.042467', '2023-04-13 21:52:10.042467', 'False', 'None', 'SELECT OrderItems.quantity, Customers.last_name FROM OrderItems LEFT OUTER JOIN Customers ON OrderItems.quantity = Customers.last_name;', '1', '1');
INSERT INTO "QueryColumnAccess" ("queryId", "columnId")
    VALUES ('1383', '4');
INSERT INTO "QueryColumnAccess" ("queryId", "columnId")
    VALUES ('1383', '3');
INSERT INTO "QueryTableAccess" ("queryId", "tableId")
    VALUES ('1383', '5');
INSERT INTO "QueryTableAccess" ("queryId", "tableId")
    VALUES ('1383', '1');
SELECT 'Orders.order_date', 'Products.description' FROM Orders LEFT OUTER JOIN Products ON 'Orders.order_date' = 'Products.description';
INSERT INTO "SqlQuery" ("queryId", "userId", "issuedAt", "finishedAt", "hasError", "errorMessage", "statement", "projectId", "queryTypeId")
    VALUES ('1384', '2', '2023-06-28 21:52:06.042475', '2023-06-28 21:52:09.042475', 'False', 'None', 'SELECT Orders.order_date, Products.description FROM Orders LEFT OUTER JOIN Products ON Orders.order_date = Products.description;', '1', '1');
INSERT INTO "QueryColumnAccess" ("queryId", "columnId")
    VALUES ('1384', '3');
INSERT INTO "QueryColumnAccess" ("queryId", "columnId")
    VALUES ('1384', '5');
INSERT INTO "QueryTableAccess" ("queryId", "tableId")
    VALUES ('1384', '2');
INSERT INTO "QueryTableAccess" ("queryId", "tableId")
    VALUES ('1384', '3');
SELECT 'Products.product_id', 'Customers.last_name' FROM Products RIGHT OUTER JOIN Customers ON 'Products.product_id' = 'Customers.last_name';
INSERT INTO "SqlQuery" ("queryId", "userId", "issuedAt", "finishedAt", "hasError", "errorMessage", "statement", "projectId", "queryTypeId")
    VALUES ('1385', '11', '2023-04-12 21:52:06.042484', '2023-04-12 21:52:09.042484', 'False', 'None', 'SELECT Products.product_id, Customers.last_name FROM Products RIGHT OUTER JOIN Customers ON Products.product_id = Customers.last_name;', '1', '1');
INSERT INTO "QueryColumnAccess" ("queryId", "columnId")
    VALUES ('1385', '1');
INSERT INTO "QueryColumnAccess" ("queryId", "columnId")
    VALUES ('1385', '3');
INSERT INTO "QueryTableAccess" ("queryId", "tableId")
    VALUES ('1385', '3');
INSERT INTO "QueryTableAccess" ("queryId", "tableId")
    VALUES ('1385', '1');
SELECT 'Categories.category_name', 'OrderItems.quantity' FROM Categories RIGHT OUTER JOIN OrderItems ON 'Categories.category_name' = 'OrderItems.quantity';
INSERT INTO "SqlQuery" ("queryId", "userId", "issuedAt", "finishedAt", "hasError", "errorMessage", "statement", "projectId", "queryTypeId")
    VALUES ('1386', '12', '2023-06-08 21:52:06.042493', '2023-06-08 21:52:09.042493', 'False', 'None', 'SELECT Categories.category_name, OrderItems.quantity FROM Categories RIGHT OUTER JOIN OrderItems ON Categories.category_name = OrderItems.quantity;', '1', '1');
INSERT INTO "QueryColumnAccess" ("queryId", "columnId")
    VALUES ('1386', '2');
INSERT INTO "QueryColumnAccess" ("queryId", "columnId")
    VALUES ('1386', '4');
INSERT INTO "QueryTableAccess" ("queryId", "tableId")
    VALUES ('1386', '4');
INSERT INTO "QueryTableAccess" ("queryId", "tableId")
    VALUES ('1386', '5');
SELECT 'Customers.address', 'OrderItems.order_id' FROM Customers RIGHT OUTER JOIN OrderItems ON 'Customers.address' = 'OrderItems.order_id';
INSERT INTO "SqlQuery" ("queryId", "userId", "issuedAt", "finishedAt", "hasError", "errorMessage", "statement", "projectId", "queryTypeId")
    VALUES ('1387', '6', '2023-07-07 21:52:06.042502', '2023-07-07 21:52:10.042502', 'False', 'None', 'SELECT Customers.address, OrderItems.order_id FROM Customers RIGHT OUTER JOIN OrderItems ON Customers.address = OrderItems.order_id;', '1', '1');
INSERT INTO "QueryColumnAccess" ("queryId", "columnId")
    VALUES ('1387', '6');
INSERT INTO "QueryColumnAccess" ("queryId", "columnId")
    VALUES ('1387', '2');
INSERT INTO "QueryTableAccess" ("queryId", "tableId")
    VALUES ('1387', '1');
INSERT INTO "QueryTableAccess" ("queryId", "tableId")
    VALUES ('1387', '5');
SELECT 'Categories.category_id', 'Products.quantity' FROM Categories LEFT OUTER JOIN Products ON 'Categories.category_id' = 'Products.quantity';
INSERT INTO "SqlQuery" ("queryId", "userId", "issuedAt", "finishedAt", "hasError", "errorMessage", "statement", "projectId", "queryTypeId")
    VALUES ('1388', '8', '2023-04-26 21:52:06.042511', '2023-04-26 21:52:07.042511', 'False', 'None', 'SELECT Categories.category_id, Products.quantity FROM Categories LEFT OUTER JOIN Products ON Categories.category_id = Products.quantity;', '1', '1');
INSERT INTO "QueryColumnAccess" ("queryId", "columnId")
    VALUES ('1388', '1');
INSERT INTO "QueryColumnAccess" ("queryId", "columnId")
    VALUES ('1388', '6');
INSERT INTO "QueryTableAccess" ("queryId", "tableId")
    VALUES ('1388', '4');
INSERT INTO "QueryTableAccess" ("queryId", "tableId")
    VALUES ('1388', '3');
SELECT 'Categories.category_id', 'Orders.customer_id' FROM Categories RIGHT OUTER JOIN Orders ON 'Categories.category_id' = 'Orders.customer_id';
INSERT INTO "SqlQuery" ("queryId", "userId", "issuedAt", "finishedAt", "hasError", "errorMessage", "statement", "projectId", "queryTypeId")
    VALUES ('1389', '6', '2023-07-02 21:52:06.042519', '2023-07-02 21:52:09.042519', 'False', 'None', 'SELECT Categories.category_id, Orders.customer_id FROM Categories RIGHT OUTER JOIN Orders ON Categories.category_id = Orders.customer_id;', '1', '1');
INSERT INTO "QueryColumnAccess" ("queryId", "columnId")
    VALUES ('1389', '1');
INSERT INTO "QueryColumnAccess" ("queryId", "columnId")
    VALUES ('1389', '2');
INSERT INTO "QueryTableAccess" ("queryId", "tableId")
    VALUES ('1389', '4');
INSERT INTO "QueryTableAccess" ("queryId", "tableId")
    VALUES ('1389', '2');
SELECT 'OrderItems.unit_price', 'Customers.email' FROM OrderItems NATURAL JOIN Customers ON 'OrderItems.unit_price' = 'Customers.email';
INSERT INTO "SqlQuery" ("queryId", "userId", "issuedAt", "finishedAt", "hasError", "errorMessage", "statement", "projectId", "queryTypeId")
    VALUES ('1390', '13', '2023-04-28 21:52:06.042528', '2023-04-28 21:52:08.042528', 'False', 'None', 'SELECT OrderItems.unit_price, Customers.email FROM OrderItems NATURAL JOIN Customers ON OrderItems.unit_price = Customers.email;', '1', '1');
INSERT INTO "QueryColumnAccess" ("queryId", "columnId")
    VALUES ('1390', '5');
INSERT INTO "QueryColumnAccess" ("queryId", "columnId")
    VALUES ('1390', '4');
INSERT INTO "QueryTableAccess" ("queryId", "tableId")
    VALUES ('1390', '5');
INSERT INTO "QueryTableAccess" ("queryId", "tableId")
    VALUES ('1390', '1');
SELECT 'Categories.parent_category_id', 'Products.price' FROM Categories RIGHT OUTER JOIN Products ON 'Categories.parent_category_id' = 'Products.price';
INSERT INTO "SqlQuery" ("queryId", "userId", "issuedAt", "finishedAt", "hasError", "errorMessage", "statement", "projectId", "queryTypeId")
    VALUES ('1391', '12', '2023-05-17 21:52:06.042537', '2023-05-17 21:52:07.042537', 'False', 'None', 'SELECT Categories.parent_category_id, Products.price FROM Categories RIGHT OUTER JOIN Products ON Categories.parent_category_id = Products.price;', '1', '1');
INSERT INTO "QueryColumnAccess" ("queryId", "columnId")
    VALUES ('1391', '4');
INSERT INTO "QueryColumnAccess" ("queryId", "columnId")
    VALUES ('1391', '4');
INSERT INTO "QueryTableAccess" ("queryId", "tableId")
    VALUES ('1391', '4');
INSERT INTO "QueryTableAccess" ("queryId", "tableId")
    VALUES ('1391', '3');
SELECT 'Customers.address', 'Products.description' FROM Customers RIGHT OUTER JOIN Products ON 'Customers.address' = 'Products.description';
INSERT INTO "SqlQuery" ("queryId", "userId", "issuedAt", "finishedAt", "hasError", "errorMessage", "statement", "projectId", "queryTypeId")
    VALUES ('1392', '14', '2023-05-18 21:52:06.042554', '2023-05-18 21:52:09.042554', 'False', 'None', 'SELECT Customers.address, Products.description FROM Customers RIGHT OUTER JOIN Products ON Customers.address = Products.description;', '1', '1');
INSERT INTO "QueryColumnAccess" ("queryId", "columnId")
    VALUES ('1392', '6');
INSERT INTO "QueryColumnAccess" ("queryId", "columnId")
    VALUES ('1392', '5');
INSERT INTO "QueryTableAccess" ("queryId", "tableId")
    VALUES ('1392', '1');
INSERT INTO "QueryTableAccess" ("queryId", "tableId")
    VALUES ('1392', '3');
SELECT 'Orders.order_id', 'Categories.category_name' FROM Orders RIGHT OUTER JOIN Categories ON 'Orders.order_id' = 'Categories.category_name';
INSERT INTO "SqlQuery" ("queryId", "userId", "issuedAt", "finishedAt", "hasError", "errorMessage", "statement", "projectId", "queryTypeId")
    VALUES ('1393', '11', '2023-04-25 21:52:06.042563', '2023-04-25 21:52:10.042563', 'False', 'None', 'SELECT Orders.order_id, Categories.category_name FROM Orders RIGHT OUTER JOIN Categories ON Orders.order_id = Categories.category_name;', '1', '1');
INSERT INTO "QueryColumnAccess" ("queryId", "columnId")
    VALUES ('1393', '1');
INSERT INTO "QueryColumnAccess" ("queryId", "columnId")
    VALUES ('1393', '2');
INSERT INTO "QueryTableAccess" ("queryId", "tableId")
    VALUES ('1393', '2');
INSERT INTO "QueryTableAccess" ("queryId", "tableId")
    VALUES ('1393', '4');
SELECT 'Products.quantity', 'OrderItems.order_item_id' FROM Products NATURAL JOIN OrderItems ON 'Products.quantity' = 'OrderItems.order_item_id';
INSERT INTO "SqlQuery" ("queryId", "userId", "issuedAt", "finishedAt", "hasError", "errorMessage", "statement", "projectId", "queryTypeId")
    VALUES ('1394', '8', '2023-06-24 21:52:06.042572', '2023-06-24 21:52:09.042572', 'False', 'None', 'SELECT Products.quantity, OrderItems.order_item_id FROM Products NATURAL JOIN OrderItems ON Products.quantity = OrderItems.order_item_id;', '1', '1');
INSERT INTO "QueryColumnAccess" ("queryId", "columnId")
    VALUES ('1394', '6');
INSERT INTO "QueryColumnAccess" ("queryId", "columnId")
    VALUES ('1394', '1');
INSERT INTO "QueryTableAccess" ("queryId", "tableId")
    VALUES ('1394', '3');
INSERT INTO "QueryTableAccess" ("queryId", "tableId")
    VALUES ('1394', '5');
SELECT 'Products.description', 'Orders.order_date' FROM Products LEFT OUTER JOIN Orders ON 'Products.description' = 'Orders.order_date';
INSERT INTO "SqlQuery" ("queryId", "userId", "issuedAt", "finishedAt", "hasError", "errorMessage", "statement", "projectId", "queryTypeId")
    VALUES ('1395', '14', '2023-07-09 21:52:06.042581', '2023-07-09 21:52:07.042581', 'False', 'None', 'SELECT Products.description, Orders.order_date FROM Products LEFT OUTER JOIN Orders ON Products.description = Orders.order_date;', '1', '1');
INSERT INTO "QueryColumnAccess" ("queryId", "columnId")
    VALUES ('1395', '5');
INSERT INTO "QueryColumnAccess" ("queryId", "columnId")
    VALUES ('1395', '3');
INSERT INTO "QueryTableAccess" ("queryId", "tableId")
    VALUES ('1395', '3');
INSERT INTO "QueryTableAccess" ("queryId", "tableId")
    VALUES ('1395', '2');
SELECT 'OrderItems.product_id', 'Products.product_id' FROM OrderItems RIGHT OUTER JOIN Products ON 'OrderItems.product_id' = 'Products.product_id';
INSERT INTO "SqlQuery" ("queryId", "userId", "issuedAt", "finishedAt", "hasError", "errorMessage", "statement", "projectId", "queryTypeId")
    VALUES ('1396', '1', '2023-04-14 21:52:06.042590', '2023-04-14 21:52:09.042590', 'False', 'None', 'SELECT OrderItems.product_id, Products.product_id FROM OrderItems RIGHT OUTER JOIN Products ON OrderItems.product_id = Products.product_id;', '1', '1');
INSERT INTO "QueryColumnAccess" ("queryId", "columnId")
    VALUES ('1396', '3');
INSERT INTO "QueryColumnAccess" ("queryId", "columnId")
    VALUES ('1396', '1');
INSERT INTO "QueryTableAccess" ("queryId", "tableId")
    VALUES ('1396', '5');
INSERT INTO "QueryTableAccess" ("queryId", "tableId")
    VALUES ('1396', '3');
SELECT 'Categories.category_name', 'Customers.last_name' FROM Categories NATURAL JOIN Customers ON 'Categories.category_name' = 'Customers.last_name';
INSERT INTO "SqlQuery" ("queryId", "userId", "issuedAt", "finishedAt", "hasError", "errorMessage", "statement", "projectId", "queryTypeId")
    VALUES ('1397', '6', '2023-05-14 21:52:06.042598', '2023-05-14 21:52:09.042598', 'False', 'None', 'SELECT Categories.category_name, Customers.last_name FROM Categories NATURAL JOIN Customers ON Categories.category_name = Customers.last_name;', '1', '1');
INSERT INTO "QueryColumnAccess" ("queryId", "columnId")
    VALUES ('1397', '2');
INSERT INTO "QueryColumnAccess" ("queryId", "columnId")
    VALUES ('1397', '3');
INSERT INTO "QueryTableAccess" ("queryId", "tableId")
    VALUES ('1397', '4');
INSERT INTO "QueryTableAccess" ("queryId", "tableId")
    VALUES ('1397', '1');
SELECT 'Customers.phone_number', 'Orders.total_amount' FROM Customers RIGHT OUTER JOIN Orders ON 'Customers.phone_number' = 'Orders.total_amount';
INSERT INTO "SqlQuery" ("queryId", "userId", "issuedAt", "finishedAt", "hasError", "errorMessage", "statement", "projectId", "queryTypeId")
    VALUES ('1398', '9', '2023-04-16 21:52:06.042607', '2023-04-16 21:52:07.042607', 'False', 'None', 'SELECT Customers.phone_number, Orders.total_amount FROM Customers RIGHT OUTER JOIN Orders ON Customers.phone_number = Orders.total_amount;', '1', '1');
INSERT INTO "QueryColumnAccess" ("queryId", "columnId")
    VALUES ('1398', '5');
INSERT INTO "QueryColumnAccess" ("queryId", "columnId")
    VALUES ('1398', '4');
INSERT INTO "QueryTableAccess" ("queryId", "tableId")
    VALUES ('1398', '1');
INSERT INTO "QueryTableAccess" ("queryId", "tableId")
    VALUES ('1398', '2');
SELECT 'Orders.payment_method', 'Customers.phone_number' FROM Orders NATURAL JOIN Customers ON 'Orders.payment_method' = 'Customers.phone_number';
INSERT INTO "SqlQuery" ("queryId", "userId", "issuedAt", "finishedAt", "hasError", "errorMessage", "statement", "projectId", "queryTypeId")
    VALUES ('1399', '9', '2023-06-13 21:52:06.042616', '2023-06-13 21:52:09.042616', 'False', 'None', 'SELECT Orders.payment_method, Customers.phone_number FROM Orders NATURAL JOIN Customers ON Orders.payment_method = Customers.phone_number;', '1', '1');
INSERT INTO "QueryColumnAccess" ("queryId", "columnId")
    VALUES ('1399', '5');
INSERT INTO "QueryColumnAccess" ("queryId", "columnId")
    VALUES ('1399', '5');
INSERT INTO "QueryTableAccess" ("queryId", "tableId")
    VALUES ('1399', '2');
INSERT INTO "QueryTableAccess" ("queryId", "tableId")
    VALUES ('1399', '1');
SELECT 'Orders.order_date', 'OrderItems.order_item_id' FROM Orders NATURAL JOIN OrderItems ON 'Orders.order_date' = 'OrderItems.order_item_id';
INSERT INTO "SqlQuery" ("queryId", "userId", "issuedAt", "finishedAt", "hasError", "errorMessage", "statement", "projectId", "queryTypeId")
    VALUES ('1400', '11', '2023-06-06 21:52:06.042625', '2023-06-06 21:52:10.042625', 'False', 'None', 'SELECT Orders.order_date, OrderItems.order_item_id FROM Orders NATURAL JOIN OrderItems ON Orders.order_date = OrderItems.order_item_id;', '1', '1');
INSERT INTO "QueryColumnAccess" ("queryId", "columnId")
    VALUES ('1400', '3');
INSERT INTO "QueryColumnAccess" ("queryId", "columnId")
    VALUES ('1400', '1');
INSERT INTO "QueryTableAccess" ("queryId", "tableId")
    VALUES ('1400', '2');
INSERT INTO "QueryTableAccess" ("queryId", "tableId")
    VALUES ('1400', '5');
SELECT 'Customers.phone_number', 'Categories.description' FROM Customers RIGHT OUTER JOIN Categories ON 'Customers.phone_number' = 'Categories.description';
INSERT INTO "SqlQuery" ("queryId", "userId", "issuedAt", "finishedAt", "hasError", "errorMessage", "statement", "projectId", "queryTypeId")
    VALUES ('1401', '13', '2023-05-03 21:52:06.042637', '2023-05-03 21:52:07.042637', 'False', 'None', 'SELECT Customers.phone_number, Categories.description FROM Customers RIGHT OUTER JOIN Categories ON Customers.phone_number = Categories.description;', '1', '1');
INSERT INTO "QueryColumnAccess" ("queryId", "columnId")
    VALUES ('1401', '5');
INSERT INTO "QueryColumnAccess" ("queryId", "columnId")
    VALUES ('1401', '3');
INSERT INTO "QueryTableAccess" ("queryId", "tableId")
    VALUES ('1401', '1');
INSERT INTO "QueryTableAccess" ("queryId", "tableId")
    VALUES ('1401', '4');
SELECT 'Customers.last_name', 'Categories.parent_category_id' FROM Customers LEFT OUTER JOIN Categories ON 'Customers.last_name' = 'Categories.parent_category_id';
INSERT INTO "SqlQuery" ("queryId", "userId", "issuedAt", "finishedAt", "hasError", "errorMessage", "statement", "projectId", "queryTypeId")
    VALUES ('1402', '15', '2023-06-14 21:52:06.042645', '2023-06-14 21:52:08.042645', 'False', 'None', 'SELECT Customers.last_name, Categories.parent_category_id FROM Customers LEFT OUTER JOIN Categories ON Customers.last_name = Categories.parent_category_id;', '1', '1');
INSERT INTO "QueryColumnAccess" ("queryId", "columnId")
    VALUES ('1402', '3');
INSERT INTO "QueryColumnAccess" ("queryId", "columnId")
    VALUES ('1402', '4');
INSERT INTO "QueryTableAccess" ("queryId", "tableId")
    VALUES ('1402', '1');
INSERT INTO "QueryTableAccess" ("queryId", "tableId")
    VALUES ('1402', '4');
SELECT 'Categories.category_id', 'Customers.phone_number' FROM Categories LEFT OUTER JOIN Customers ON 'Categories.category_id' = 'Customers.phone_number';
INSERT INTO "SqlQuery" ("queryId", "userId", "issuedAt", "finishedAt", "hasError", "errorMessage", "statement", "projectId", "queryTypeId")
    VALUES ('1403', '5', '2023-06-08 21:52:06.042655', '2023-06-08 21:52:07.042655', 'False', 'None', 'SELECT Categories.category_id, Customers.phone_number FROM Categories LEFT OUTER JOIN Customers ON Categories.category_id = Customers.phone_number;', '1', '1');
INSERT INTO "QueryColumnAccess" ("queryId", "columnId")
    VALUES ('1403', '1');
INSERT INTO "QueryColumnAccess" ("queryId", "columnId")
    VALUES ('1403', '5');
INSERT INTO "QueryTableAccess" ("queryId", "tableId")
    VALUES ('1403', '4');
INSERT INTO "QueryTableAccess" ("queryId", "tableId")
    VALUES ('1403', '1');
SELECT 'Products.price', 'Customers.customer_id' FROM Products LEFT OUTER JOIN Customers ON 'Products.price' = 'Customers.customer_id';
INSERT INTO "SqlQuery" ("queryId", "userId", "issuedAt", "finishedAt", "hasError", "errorMessage", "statement", "projectId", "queryTypeId")
    VALUES ('1404', '4', '2023-06-09 21:52:06.042663', '2023-06-09 21:52:08.042663', 'False', 'None', 'SELECT Products.price, Customers.customer_id FROM Products LEFT OUTER JOIN Customers ON Products.price = Customers.customer_id;', '1', '1');
INSERT INTO "QueryColumnAccess" ("queryId", "columnId")
    VALUES ('1404', '4');
INSERT INTO "QueryColumnAccess" ("queryId", "columnId")
    VALUES ('1404', '1');
INSERT INTO "QueryTableAccess" ("queryId", "tableId")
    VALUES ('1404', '3');
INSERT INTO "QueryTableAccess" ("queryId", "tableId")
    VALUES ('1404', '1');
SELECT 'Categories.description', 'Orders.customer_id' FROM Categories RIGHT OUTER JOIN Orders ON 'Categories.description' = 'Orders.customer_id';
INSERT INTO "SqlQuery" ("queryId", "userId", "issuedAt", "finishedAt", "hasError", "errorMessage", "statement", "projectId", "queryTypeId")
    VALUES ('1405', '10', '2023-05-13 21:52:06.042672', '2023-05-13 21:52:10.042672', 'False', 'None', 'SELECT Categories.description, Orders.customer_id FROM Categories RIGHT OUTER JOIN Orders ON Categories.description = Orders.customer_id;', '1', '1');
INSERT INTO "QueryColumnAccess" ("queryId", "columnId")
    VALUES ('1405', '3');
INSERT INTO "QueryColumnAccess" ("queryId", "columnId")
    VALUES ('1405', '2');
INSERT INTO "QueryTableAccess" ("queryId", "tableId")
    VALUES ('1405', '4');
INSERT INTO "QueryTableAccess" ("queryId", "tableId")
    VALUES ('1405', '2');
SELECT 'Customers.phone_number', 'Categories.description' FROM Customers RIGHT OUTER JOIN Categories ON 'Customers.phone_number' = 'Categories.description';
INSERT INTO "SqlQuery" ("queryId", "userId", "issuedAt", "finishedAt", "hasError", "errorMessage", "statement", "projectId", "queryTypeId")
    VALUES ('1406', '9', '2023-05-27 21:52:06.042681', '2023-05-27 21:52:08.042681', 'False', 'None', 'SELECT Customers.phone_number, Categories.description FROM Customers RIGHT OUTER JOIN Categories ON Customers.phone_number = Categories.description;', '1', '1');
INSERT INTO "QueryColumnAccess" ("queryId", "columnId")
    VALUES ('1406', '5');
INSERT INTO "QueryColumnAccess" ("queryId", "columnId")
    VALUES ('1406', '3');
INSERT INTO "QueryTableAccess" ("queryId", "tableId")
    VALUES ('1406', '1');
INSERT INTO "QueryTableAccess" ("queryId", "tableId")
    VALUES ('1406', '4');
SELECT 'Products.product_id', 'Categories.parent_category_id' FROM Products LEFT OUTER JOIN Categories ON 'Products.product_id' = 'Categories.parent_category_id';
INSERT INTO "SqlQuery" ("queryId", "userId", "issuedAt", "finishedAt", "hasError", "errorMessage", "statement", "projectId", "queryTypeId")
    VALUES ('1407', '9', '2023-05-03 21:52:06.042690', '2023-05-03 21:52:07.042690', 'False', 'None', 'SELECT Products.product_id, Categories.parent_category_id FROM Products LEFT OUTER JOIN Categories ON Products.product_id = Categories.parent_category_id;', '1', '1');
INSERT INTO "QueryColumnAccess" ("queryId", "columnId")
    VALUES ('1407', '1');
INSERT INTO "QueryColumnAccess" ("queryId", "columnId")
    VALUES ('1407', '4');
INSERT INTO "QueryTableAccess" ("queryId", "tableId")
    VALUES ('1407', '3');
INSERT INTO "QueryTableAccess" ("queryId", "tableId")
    VALUES ('1407', '4');
SELECT 'Orders.shipping_address', 'Categories.category_name' FROM Orders RIGHT OUTER JOIN Categories ON 'Orders.shipping_address' = 'Categories.category_name';
INSERT INTO "SqlQuery" ("queryId", "userId", "issuedAt", "finishedAt", "hasError", "errorMessage", "statement", "projectId", "queryTypeId")
    VALUES ('1408', '14', '2023-06-21 21:52:06.042698', '2023-06-21 21:52:07.042698', 'False', 'None', 'SELECT Orders.shipping_address, Categories.category_name FROM Orders RIGHT OUTER JOIN Categories ON Orders.shipping_address = Categories.category_name;', '1', '1');
INSERT INTO "QueryColumnAccess" ("queryId", "columnId")
    VALUES ('1408', '6');
INSERT INTO "QueryColumnAccess" ("queryId", "columnId")
    VALUES ('1408', '2');
INSERT INTO "QueryTableAccess" ("queryId", "tableId")
    VALUES ('1408', '2');
INSERT INTO "QueryTableAccess" ("queryId", "tableId")
    VALUES ('1408', '4');
SELECT 'Categories.parent_category_id', 'Orders.shipping_address' FROM Categories RIGHT OUTER JOIN Orders ON 'Categories.parent_category_id' = 'Orders.shipping_address';
INSERT INTO "SqlQuery" ("queryId", "userId", "issuedAt", "finishedAt", "hasError", "errorMessage", "statement", "projectId", "queryTypeId")
    VALUES ('1409', '3', '2023-06-29 21:52:06.042708', '2023-06-29 21:52:07.042708', 'False', 'None', 'SELECT Categories.parent_category_id, Orders.shipping_address FROM Categories RIGHT OUTER JOIN Orders ON Categories.parent_category_id = Orders.shipping_address;', '1', '1');
INSERT INTO "QueryColumnAccess" ("queryId", "columnId")
    VALUES ('1409', '4');
INSERT INTO "QueryColumnAccess" ("queryId", "columnId")
    VALUES ('1409', '6');
INSERT INTO "QueryTableAccess" ("queryId", "tableId")
    VALUES ('1409', '4');
INSERT INTO "QueryTableAccess" ("queryId", "tableId")
    VALUES ('1409', '2');
SELECT 'Products.category', 'OrderItems.quantity' FROM Products LEFT OUTER JOIN OrderItems ON 'Products.category' = 'OrderItems.quantity';
INSERT INTO "SqlQuery" ("queryId", "userId", "issuedAt", "finishedAt", "hasError", "errorMessage", "statement", "projectId", "queryTypeId")
    VALUES ('1410', '1', '2023-07-07 21:52:06.042721', '2023-07-07 21:52:09.042721', 'False', 'None', 'SELECT Products.category, OrderItems.quantity FROM Products LEFT OUTER JOIN OrderItems ON Products.category = OrderItems.quantity;', '1', '1');
INSERT INTO "QueryColumnAccess" ("queryId", "columnId")
    VALUES ('1410', '3');
INSERT INTO "QueryColumnAccess" ("queryId", "columnId")
    VALUES ('1410', '4');
INSERT INTO "QueryTableAccess" ("queryId", "tableId")
    VALUES ('1410', '3');
INSERT INTO "QueryTableAccess" ("queryId", "tableId")
    VALUES ('1410', '5');
SELECT 'Categories.category_name', 'OrderItems.product_id' FROM Categories NATURAL JOIN OrderItems ON 'Categories.category_name' = 'OrderItems.product_id';
INSERT INTO "SqlQuery" ("queryId", "userId", "issuedAt", "finishedAt", "hasError", "errorMessage", "statement", "projectId", "queryTypeId")
    VALUES ('1411', '9', '2023-05-07 21:52:06.042730', '2023-05-07 21:52:07.042730', 'False', 'None', 'SELECT Categories.category_name, OrderItems.product_id FROM Categories NATURAL JOIN OrderItems ON Categories.category_name = OrderItems.product_id;', '1', '1');
INSERT INTO "QueryColumnAccess" ("queryId", "columnId")
    VALUES ('1411', '2');
INSERT INTO "QueryColumnAccess" ("queryId", "columnId")
    VALUES ('1411', '3');
INSERT INTO "QueryTableAccess" ("queryId", "tableId")
    VALUES ('1411', '4');
INSERT INTO "QueryTableAccess" ("queryId", "tableId")
    VALUES ('1411', '5');
SELECT 'OrderItems.order_id', 'Orders.total_amount' FROM OrderItems LEFT OUTER JOIN Orders ON 'OrderItems.order_id' = 'Orders.total_amount';
INSERT INTO "SqlQuery" ("queryId", "userId", "issuedAt", "finishedAt", "hasError", "errorMessage", "statement", "projectId", "queryTypeId")
    VALUES ('1412', '1', '2023-07-06 21:52:06.042739', '2023-07-06 21:52:10.042739', 'False', 'None', 'SELECT OrderItems.order_id, Orders.total_amount FROM OrderItems LEFT OUTER JOIN Orders ON OrderItems.order_id = Orders.total_amount;', '1', '1');
INSERT INTO "QueryColumnAccess" ("queryId", "columnId")
    VALUES ('1412', '2');
INSERT INTO "QueryColumnAccess" ("queryId", "columnId")
    VALUES ('1412', '4');
INSERT INTO "QueryTableAccess" ("queryId", "tableId")
    VALUES ('1412', '5');
INSERT INTO "QueryTableAccess" ("queryId", "tableId")
    VALUES ('1412', '2');
SELECT 'Categories.description', 'OrderItems.quantity' FROM Categories LEFT OUTER JOIN OrderItems ON 'Categories.description' = 'OrderItems.quantity';
INSERT INTO "SqlQuery" ("queryId", "userId", "issuedAt", "finishedAt", "hasError", "errorMessage", "statement", "projectId", "queryTypeId")
    VALUES ('1413', '8', '2023-06-30 21:52:06.042749', '2023-06-30 21:52:08.042749', 'False', 'None', 'SELECT Categories.description, OrderItems.quantity FROM Categories LEFT OUTER JOIN OrderItems ON Categories.description = OrderItems.quantity;', '1', '1');
INSERT INTO "QueryColumnAccess" ("queryId", "columnId")
    VALUES ('1413', '3');
INSERT INTO "QueryColumnAccess" ("queryId", "columnId")
    VALUES ('1413', '4');
INSERT INTO "QueryTableAccess" ("queryId", "tableId")
    VALUES ('1413', '4');
INSERT INTO "QueryTableAccess" ("queryId", "tableId")
    VALUES ('1413', '5');
SELECT 'Orders.shipping_address', 'Customers.phone_number' FROM Orders LEFT OUTER JOIN Customers ON 'Orders.shipping_address' = 'Customers.phone_number';
INSERT INTO "SqlQuery" ("queryId", "userId", "issuedAt", "finishedAt", "hasError", "errorMessage", "statement", "projectId", "queryTypeId")
    VALUES ('1414', '13', '2023-05-26 21:52:06.042757', '2023-05-26 21:52:08.042757', 'False', 'None', 'SELECT Orders.shipping_address, Customers.phone_number FROM Orders LEFT OUTER JOIN Customers ON Orders.shipping_address = Customers.phone_number;', '1', '1');
INSERT INTO "QueryColumnAccess" ("queryId", "columnId")
    VALUES ('1414', '6');
INSERT INTO "QueryColumnAccess" ("queryId", "columnId")
    VALUES ('1414', '5');
INSERT INTO "QueryTableAccess" ("queryId", "tableId")
    VALUES ('1414', '2');
INSERT INTO "QueryTableAccess" ("queryId", "tableId")
    VALUES ('1414', '1');
SELECT 'Products.product_name', 'OrderItems.unit_price' FROM Products LEFT OUTER JOIN OrderItems ON 'Products.product_name' = 'OrderItems.unit_price';
INSERT INTO "SqlQuery" ("queryId", "userId", "issuedAt", "finishedAt", "hasError", "errorMessage", "statement", "projectId", "queryTypeId")
    VALUES ('1415', '6', '2023-04-12 21:52:06.042766', '2023-04-12 21:52:07.042766', 'False', 'None', 'SELECT Products.product_name, OrderItems.unit_price FROM Products LEFT OUTER JOIN OrderItems ON Products.product_name = OrderItems.unit_price;', '1', '1');
INSERT INTO "QueryColumnAccess" ("queryId", "columnId")
    VALUES ('1415', '2');
INSERT INTO "QueryColumnAccess" ("queryId", "columnId")
    VALUES ('1415', '5');
INSERT INTO "QueryTableAccess" ("queryId", "tableId")
    VALUES ('1415', '3');
INSERT INTO "QueryTableAccess" ("queryId", "tableId")
    VALUES ('1415', '5');
SELECT 'Categories.parent_category_id', 'Products.product_name' FROM Categories RIGHT OUTER JOIN Products ON 'Categories.parent_category_id' = 'Products.product_name';
INSERT INTO "SqlQuery" ("queryId", "userId", "issuedAt", "finishedAt", "hasError", "errorMessage", "statement", "projectId", "queryTypeId")
    VALUES ('1416', '3', '2023-05-19 21:52:06.042775', '2023-05-19 21:52:10.042775', 'False', 'None', 'SELECT Categories.parent_category_id, Products.product_name FROM Categories RIGHT OUTER JOIN Products ON Categories.parent_category_id = Products.product_name;', '1', '1');
INSERT INTO "QueryColumnAccess" ("queryId", "columnId")
    VALUES ('1416', '4');
INSERT INTO "QueryColumnAccess" ("queryId", "columnId")
    VALUES ('1416', '2');
INSERT INTO "QueryTableAccess" ("queryId", "tableId")
    VALUES ('1416', '4');
INSERT INTO "QueryTableAccess" ("queryId", "tableId")
    VALUES ('1416', '3');
SELECT 'Customers.phone_number', 'Orders.customer_id' FROM Customers LEFT OUTER JOIN Orders ON 'Customers.phone_number' = 'Orders.customer_id';
INSERT INTO "SqlQuery" ("queryId", "userId", "issuedAt", "finishedAt", "hasError", "errorMessage", "statement", "projectId", "queryTypeId")
    VALUES ('1417', '2', '2023-05-15 21:52:06.042784', '2023-05-15 21:52:08.042784', 'False', 'None', 'SELECT Customers.phone_number, Orders.customer_id FROM Customers LEFT OUTER JOIN Orders ON Customers.phone_number = Orders.customer_id;', '1', '1');
INSERT INTO "QueryColumnAccess" ("queryId", "columnId")
    VALUES ('1417', '5');
INSERT INTO "QueryColumnAccess" ("queryId", "columnId")
    VALUES ('1417', '2');
INSERT INTO "QueryTableAccess" ("queryId", "tableId")
    VALUES ('1417', '1');
INSERT INTO "QueryTableAccess" ("queryId", "tableId")
    VALUES ('1417', '2');
SELECT 'Products.category', 'Customers.phone_number' FROM Products NATURAL JOIN Customers ON 'Products.category' = 'Customers.phone_number';
INSERT INTO "SqlQuery" ("queryId", "userId", "issuedAt", "finishedAt", "hasError", "errorMessage", "statement", "projectId", "queryTypeId")
    VALUES ('1418', '15', '2023-06-19 21:52:06.042793', '2023-06-19 21:52:07.042793', 'False', 'None', 'SELECT Products.category, Customers.phone_number FROM Products NATURAL JOIN Customers ON Products.category = Customers.phone_number;', '1', '1');
INSERT INTO "QueryColumnAccess" ("queryId", "columnId")
    VALUES ('1418', '3');
INSERT INTO "QueryColumnAccess" ("queryId", "columnId")
    VALUES ('1418', '5');
INSERT INTO "QueryTableAccess" ("queryId", "tableId")
    VALUES ('1418', '3');
INSERT INTO "QueryTableAccess" ("queryId", "tableId")
    VALUES ('1418', '1');
SELECT 'Customers.address', 'Products.description' FROM Customers RIGHT OUTER JOIN Products ON 'Customers.address' = 'Products.description';
INSERT INTO "SqlQuery" ("queryId", "userId", "issuedAt", "finishedAt", "hasError", "errorMessage", "statement", "projectId", "queryTypeId")
    VALUES ('1419', '2', '2023-04-16 21:52:06.042805', '2023-04-16 21:52:10.042805', 'False', 'None', 'SELECT Customers.address, Products.description FROM Customers RIGHT OUTER JOIN Products ON Customers.address = Products.description;', '1', '1');
INSERT INTO "QueryColumnAccess" ("queryId", "columnId")
    VALUES ('1419', '6');
INSERT INTO "QueryColumnAccess" ("queryId", "columnId")
    VALUES ('1419', '5');
INSERT INTO "QueryTableAccess" ("queryId", "tableId")
    VALUES ('1419', '1');
INSERT INTO "QueryTableAccess" ("queryId", "tableId")
    VALUES ('1419', '3');
SELECT 'Customers.last_name', 'Categories.description' FROM Customers LEFT OUTER JOIN Categories ON 'Customers.last_name' = 'Categories.description';
INSERT INTO "SqlQuery" ("queryId", "userId", "issuedAt", "finishedAt", "hasError", "errorMessage", "statement", "projectId", "queryTypeId")
    VALUES ('1420', '4', '2023-05-07 21:52:06.042814', '2023-05-07 21:52:09.042814', 'False', 'None', 'SELECT Customers.last_name, Categories.description FROM Customers LEFT OUTER JOIN Categories ON Customers.last_name = Categories.description;', '1', '1');
INSERT INTO "QueryColumnAccess" ("queryId", "columnId")
    VALUES ('1420', '3');
INSERT INTO "QueryColumnAccess" ("queryId", "columnId")
    VALUES ('1420', '3');
INSERT INTO "QueryTableAccess" ("queryId", "tableId")
    VALUES ('1420', '1');
INSERT INTO "QueryTableAccess" ("queryId", "tableId")
    VALUES ('1420', '4');
SELECT 'Orders.customer_id', 'Products.quantity' FROM Orders LEFT OUTER JOIN Products ON 'Orders.customer_id' = 'Products.quantity';
INSERT INTO "SqlQuery" ("queryId", "userId", "issuedAt", "finishedAt", "hasError", "errorMessage", "statement", "projectId", "queryTypeId")
    VALUES ('1421', '14', '2023-05-20 21:52:06.042823', '2023-05-20 21:52:08.042823', 'False', 'None', 'SELECT Orders.customer_id, Products.quantity FROM Orders LEFT OUTER JOIN Products ON Orders.customer_id = Products.quantity;', '1', '1');
INSERT INTO "QueryColumnAccess" ("queryId", "columnId")
    VALUES ('1421', '2');
INSERT INTO "QueryColumnAccess" ("queryId", "columnId")
    VALUES ('1421', '6');
INSERT INTO "QueryTableAccess" ("queryId", "tableId")
    VALUES ('1421', '2');
INSERT INTO "QueryTableAccess" ("queryId", "tableId")
    VALUES ('1421', '3');
SELECT 'Customers.last_name', 'OrderItems.quantity' FROM Customers RIGHT OUTER JOIN OrderItems ON 'Customers.last_name' = 'OrderItems.quantity';
INSERT INTO "SqlQuery" ("queryId", "userId", "issuedAt", "finishedAt", "hasError", "errorMessage", "statement", "projectId", "queryTypeId")
    VALUES ('1422', '4', '2023-06-10 21:52:06.042832', '2023-06-10 21:52:07.042832', 'False', 'None', 'SELECT Customers.last_name, OrderItems.quantity FROM Customers RIGHT OUTER JOIN OrderItems ON Customers.last_name = OrderItems.quantity;', '1', '1');
INSERT INTO "QueryColumnAccess" ("queryId", "columnId")
    VALUES ('1422', '3');
INSERT INTO "QueryColumnAccess" ("queryId", "columnId")
    VALUES ('1422', '4');
INSERT INTO "QueryTableAccess" ("queryId", "tableId")
    VALUES ('1422', '1');
INSERT INTO "QueryTableAccess" ("queryId", "tableId")
    VALUES ('1422', '5');
SELECT 'Categories.description', 'Products.category' FROM Categories LEFT OUTER JOIN Products ON 'Categories.description' = 'Products.category';
INSERT INTO "SqlQuery" ("queryId", "userId", "issuedAt", "finishedAt", "hasError", "errorMessage", "statement", "projectId", "queryTypeId")
    VALUES ('1423', '15', '2023-06-06 21:52:06.042841', '2023-06-06 21:52:09.042841', 'False', 'None', 'SELECT Categories.description, Products.category FROM Categories LEFT OUTER JOIN Products ON Categories.description = Products.category;', '1', '1');
INSERT INTO "QueryColumnAccess" ("queryId", "columnId")
    VALUES ('1423', '3');
INSERT INTO "QueryColumnAccess" ("queryId", "columnId")
    VALUES ('1423', '3');
INSERT INTO "QueryTableAccess" ("queryId", "tableId")
    VALUES ('1423', '4');
INSERT INTO "QueryTableAccess" ("queryId", "tableId")
    VALUES ('1423', '3');
SELECT 'Orders.order_id', 'Products.product_id' FROM Orders NATURAL JOIN Products ON 'Orders.order_id' = 'Products.product_id';
INSERT INTO "SqlQuery" ("queryId", "userId", "issuedAt", "finishedAt", "hasError", "errorMessage", "statement", "projectId", "queryTypeId")
    VALUES ('1424', '5', '2023-06-03 21:52:06.042850', '2023-06-03 21:52:08.042850', 'False', 'None', 'SELECT Orders.order_id, Products.product_id FROM Orders NATURAL JOIN Products ON Orders.order_id = Products.product_id;', '1', '1');
INSERT INTO "QueryColumnAccess" ("queryId", "columnId")
    VALUES ('1424', '1');
INSERT INTO "QueryColumnAccess" ("queryId", "columnId")
    VALUES ('1424', '1');
INSERT INTO "QueryTableAccess" ("queryId", "tableId")
    VALUES ('1424', '2');
INSERT INTO "QueryTableAccess" ("queryId", "tableId")
    VALUES ('1424', '3');
SELECT 'Products.product_name', 'Customers.phone_number' FROM Products NATURAL JOIN Customers ON 'Products.product_name' = 'Customers.phone_number';
INSERT INTO "SqlQuery" ("queryId", "userId", "issuedAt", "finishedAt", "hasError", "errorMessage", "statement", "projectId", "queryTypeId")
    VALUES ('1425', '10', '2023-05-31 21:52:06.042858', '2023-05-31 21:52:08.042858', 'False', 'None', 'SELECT Products.product_name, Customers.phone_number FROM Products NATURAL JOIN Customers ON Products.product_name = Customers.phone_number;', '1', '1');
INSERT INTO "QueryColumnAccess" ("queryId", "columnId")
    VALUES ('1425', '2');
INSERT INTO "QueryColumnAccess" ("queryId", "columnId")
    VALUES ('1425', '5');
INSERT INTO "QueryTableAccess" ("queryId", "tableId")
    VALUES ('1425', '3');
INSERT INTO "QueryTableAccess" ("queryId", "tableId")
    VALUES ('1425', '1');
SELECT 'Products.description', 'Orders.shipping_address' FROM Products LEFT OUTER JOIN Orders ON 'Products.description' = 'Orders.shipping_address';
INSERT INTO "SqlQuery" ("queryId", "userId", "issuedAt", "finishedAt", "hasError", "errorMessage", "statement", "projectId", "queryTypeId")
    VALUES ('1426', '9', '2023-06-04 21:52:06.042867', '2023-06-04 21:52:09.042867', 'False', 'None', 'SELECT Products.description, Orders.shipping_address FROM Products LEFT OUTER JOIN Orders ON Products.description = Orders.shipping_address;', '1', '1');
INSERT INTO "QueryColumnAccess" ("queryId", "columnId")
    VALUES ('1426', '5');
INSERT INTO "QueryColumnAccess" ("queryId", "columnId")
    VALUES ('1426', '6');
INSERT INTO "QueryTableAccess" ("queryId", "tableId")
    VALUES ('1426', '3');
INSERT INTO "QueryTableAccess" ("queryId", "tableId")
    VALUES ('1426', '2');
SELECT 'Customers.email', 'OrderItems.product_id' FROM Customers NATURAL JOIN OrderItems ON 'Customers.email' = 'OrderItems.product_id';
INSERT INTO "SqlQuery" ("queryId", "userId", "issuedAt", "finishedAt", "hasError", "errorMessage", "statement", "projectId", "queryTypeId")
    VALUES ('1427', '10', '2023-05-03 21:52:06.042876', '2023-05-03 21:52:07.042876', 'False', 'None', 'SELECT Customers.email, OrderItems.product_id FROM Customers NATURAL JOIN OrderItems ON Customers.email = OrderItems.product_id;', '1', '1');
INSERT INTO "QueryColumnAccess" ("queryId", "columnId")
    VALUES ('1427', '4');
INSERT INTO "QueryColumnAccess" ("queryId", "columnId")
    VALUES ('1427', '3');
INSERT INTO "QueryTableAccess" ("queryId", "tableId")
    VALUES ('1427', '1');
INSERT INTO "QueryTableAccess" ("queryId", "tableId")
    VALUES ('1427', '5');
SELECT 'Categories.category_name', 'OrderItems.unit_price' FROM Categories RIGHT OUTER JOIN OrderItems ON 'Categories.category_name' = 'OrderItems.unit_price';
INSERT INTO "SqlQuery" ("queryId", "userId", "issuedAt", "finishedAt", "hasError", "errorMessage", "statement", "projectId", "queryTypeId")
    VALUES ('1428', '1', '2023-05-25 21:52:06.042889', '2023-05-25 21:52:07.042889', 'False', 'None', 'SELECT Categories.category_name, OrderItems.unit_price FROM Categories RIGHT OUTER JOIN OrderItems ON Categories.category_name = OrderItems.unit_price;', '1', '1');
INSERT INTO "QueryColumnAccess" ("queryId", "columnId")
    VALUES ('1428', '2');
INSERT INTO "QueryColumnAccess" ("queryId", "columnId")
    VALUES ('1428', '5');
INSERT INTO "QueryTableAccess" ("queryId", "tableId")
    VALUES ('1428', '4');
INSERT INTO "QueryTableAccess" ("queryId", "tableId")
    VALUES ('1428', '5');
SELECT 'OrderItems.order_item_id', 'Customers.last_name' FROM OrderItems LEFT OUTER JOIN Customers ON 'OrderItems.order_item_id' = 'Customers.last_name';
INSERT INTO "SqlQuery" ("queryId", "userId", "issuedAt", "finishedAt", "hasError", "errorMessage", "statement", "projectId", "queryTypeId")
    VALUES ('1429', '12', '2023-07-01 21:52:06.042899', '2023-07-01 21:52:09.042899', 'False', 'None', 'SELECT OrderItems.order_item_id, Customers.last_name FROM OrderItems LEFT OUTER JOIN Customers ON OrderItems.order_item_id = Customers.last_name;', '1', '1');
INSERT INTO "QueryColumnAccess" ("queryId", "columnId")
    VALUES ('1429', '1');
INSERT INTO "QueryColumnAccess" ("queryId", "columnId")
    VALUES ('1429', '3');
INSERT INTO "QueryTableAccess" ("queryId", "tableId")
    VALUES ('1429', '5');
INSERT INTO "QueryTableAccess" ("queryId", "tableId")
    VALUES ('1429', '1');
SELECT 'Customers.customer_id', 'Products.description' FROM Customers LEFT OUTER JOIN Products ON 'Customers.customer_id' = 'Products.description';
INSERT INTO "SqlQuery" ("queryId", "userId", "issuedAt", "finishedAt", "hasError", "errorMessage", "statement", "projectId", "queryTypeId")
    VALUES ('1430', '2', '2023-05-20 21:52:06.042907', '2023-05-20 21:52:08.042907', 'False', 'None', 'SELECT Customers.customer_id, Products.description FROM Customers LEFT OUTER JOIN Products ON Customers.customer_id = Products.description;', '1', '1');
INSERT INTO "QueryColumnAccess" ("queryId", "columnId")
    VALUES ('1430', '1');
INSERT INTO "QueryColumnAccess" ("queryId", "columnId")
    VALUES ('1430', '5');
INSERT INTO "QueryTableAccess" ("queryId", "tableId")
    VALUES ('1430', '1');
INSERT INTO "QueryTableAccess" ("queryId", "tableId")
    VALUES ('1430', '3');
SELECT 'OrderItems.unit_price', 'Products.product_id' FROM OrderItems NATURAL JOIN Products ON 'OrderItems.unit_price' = 'Products.product_id';
INSERT INTO "SqlQuery" ("queryId", "userId", "issuedAt", "finishedAt", "hasError", "errorMessage", "statement", "projectId", "queryTypeId")
    VALUES ('1431', '10', '2023-05-21 21:52:06.042916', '2023-05-21 21:52:08.042916', 'False', 'None', 'SELECT OrderItems.unit_price, Products.product_id FROM OrderItems NATURAL JOIN Products ON OrderItems.unit_price = Products.product_id;', '1', '1');
INSERT INTO "QueryColumnAccess" ("queryId", "columnId")
    VALUES ('1431', '5');
INSERT INTO "QueryColumnAccess" ("queryId", "columnId")
    VALUES ('1431', '1');
INSERT INTO "QueryTableAccess" ("queryId", "tableId")
    VALUES ('1431', '5');
INSERT INTO "QueryTableAccess" ("queryId", "tableId")
    VALUES ('1431', '3');
SELECT 'Orders.total_amount', 'Categories.category_id' FROM Orders RIGHT OUTER JOIN Categories ON 'Orders.total_amount' = 'Categories.category_id';
INSERT INTO "SqlQuery" ("queryId", "userId", "issuedAt", "finishedAt", "hasError", "errorMessage", "statement", "projectId", "queryTypeId")
    VALUES ('1432', '7', '2023-05-22 21:52:06.042925', '2023-05-22 21:52:07.042925', 'False', 'None', 'SELECT Orders.total_amount, Categories.category_id FROM Orders RIGHT OUTER JOIN Categories ON Orders.total_amount = Categories.category_id;', '1', '1');
INSERT INTO "QueryColumnAccess" ("queryId", "columnId")
    VALUES ('1432', '4');
INSERT INTO "QueryColumnAccess" ("queryId", "columnId")
    VALUES ('1432', '1');
INSERT INTO "QueryTableAccess" ("queryId", "tableId")
    VALUES ('1432', '2');
INSERT INTO "QueryTableAccess" ("queryId", "tableId")
    VALUES ('1432', '4');
SELECT 'Orders.total_amount', 'Categories.category_name' FROM Orders RIGHT OUTER JOIN Categories ON 'Orders.total_amount' = 'Categories.category_name';
INSERT INTO "SqlQuery" ("queryId", "userId", "issuedAt", "finishedAt", "hasError", "errorMessage", "statement", "projectId", "queryTypeId")
    VALUES ('1433', '10', '2023-04-15 21:52:06.042934', '2023-04-15 21:52:09.042934', 'False', 'None', 'SELECT Orders.total_amount, Categories.category_name FROM Orders RIGHT OUTER JOIN Categories ON Orders.total_amount = Categories.category_name;', '1', '1');
INSERT INTO "QueryColumnAccess" ("queryId", "columnId")
    VALUES ('1433', '4');
INSERT INTO "QueryColumnAccess" ("queryId", "columnId")
    VALUES ('1433', '2');
INSERT INTO "QueryTableAccess" ("queryId", "tableId")
    VALUES ('1433', '2');
INSERT INTO "QueryTableAccess" ("queryId", "tableId")
    VALUES ('1433', '4');
SELECT 'OrderItems.product_id', 'Customers.first_name' FROM OrderItems NATURAL JOIN Customers ON 'OrderItems.product_id' = 'Customers.first_name';
INSERT INTO "SqlQuery" ("queryId", "userId", "issuedAt", "finishedAt", "hasError", "errorMessage", "statement", "projectId", "queryTypeId")
    VALUES ('1434', '8', '2023-05-19 21:52:06.042943', '2023-05-19 21:52:08.042943', 'False', 'None', 'SELECT OrderItems.product_id, Customers.first_name FROM OrderItems NATURAL JOIN Customers ON OrderItems.product_id = Customers.first_name;', '1', '1');
INSERT INTO "QueryColumnAccess" ("queryId", "columnId")
    VALUES ('1434', '3');
INSERT INTO "QueryColumnAccess" ("queryId", "columnId")
    VALUES ('1434', '2');
INSERT INTO "QueryTableAccess" ("queryId", "tableId")
    VALUES ('1434', '5');
INSERT INTO "QueryTableAccess" ("queryId", "tableId")
    VALUES ('1434', '1');
SELECT 'OrderItems.order_id', 'Products.category' FROM OrderItems RIGHT OUTER JOIN Products ON 'OrderItems.order_id' = 'Products.category';
INSERT INTO "SqlQuery" ("queryId", "userId", "issuedAt", "finishedAt", "hasError", "errorMessage", "statement", "projectId", "queryTypeId")
    VALUES ('1435', '4', '2023-05-19 21:52:06.042957', '2023-05-19 21:52:09.042957', 'False', 'None', 'SELECT OrderItems.order_id, Products.category FROM OrderItems RIGHT OUTER JOIN Products ON OrderItems.order_id = Products.category;', '1', '1');
INSERT INTO "QueryColumnAccess" ("queryId", "columnId")
    VALUES ('1435', '2');
INSERT INTO "QueryColumnAccess" ("queryId", "columnId")
    VALUES ('1435', '3');
INSERT INTO "QueryTableAccess" ("queryId", "tableId")
    VALUES ('1435', '5');
INSERT INTO "QueryTableAccess" ("queryId", "tableId")
    VALUES ('1435', '3');
SELECT 'Categories.category_name', 'Customers.phone_number' FROM Categories LEFT OUTER JOIN Customers ON 'Categories.category_name' = 'Customers.phone_number';
INSERT INTO "SqlQuery" ("queryId", "userId", "issuedAt", "finishedAt", "hasError", "errorMessage", "statement", "projectId", "queryTypeId")
    VALUES ('1436', '10', '2023-06-23 21:52:06.042966', '2023-06-23 21:52:09.042966', 'False', 'None', 'SELECT Categories.category_name, Customers.phone_number FROM Categories LEFT OUTER JOIN Customers ON Categories.category_name = Customers.phone_number;', '1', '1');
INSERT INTO "QueryColumnAccess" ("queryId", "columnId")
    VALUES ('1436', '2');
INSERT INTO "QueryColumnAccess" ("queryId", "columnId")
    VALUES ('1436', '5');
INSERT INTO "QueryTableAccess" ("queryId", "tableId")
    VALUES ('1436', '4');
INSERT INTO "QueryTableAccess" ("queryId", "tableId")
    VALUES ('1436', '1');
SELECT 'Products.product_id', 'Customers.address' FROM Products NATURAL JOIN Customers ON 'Products.product_id' = 'Customers.address';
INSERT INTO "SqlQuery" ("queryId", "userId", "issuedAt", "finishedAt", "hasError", "errorMessage", "statement", "projectId", "queryTypeId")
    VALUES ('1437', '9', '2023-06-20 21:52:06.042975', '2023-06-20 21:52:07.042975', 'False', 'None', 'SELECT Products.product_id, Customers.address FROM Products NATURAL JOIN Customers ON Products.product_id = Customers.address;', '1', '1');
INSERT INTO "QueryColumnAccess" ("queryId", "columnId")
    VALUES ('1437', '1');
INSERT INTO "QueryColumnAccess" ("queryId", "columnId")
    VALUES ('1437', '6');
INSERT INTO "QueryTableAccess" ("queryId", "tableId")
    VALUES ('1437', '3');
INSERT INTO "QueryTableAccess" ("queryId", "tableId")
    VALUES ('1437', '1');
SELECT 'OrderItems.order_item_id', 'Categories.parent_category_id' FROM OrderItems RIGHT OUTER JOIN Categories ON 'OrderItems.order_item_id' = 'Categories.parent_category_id';
INSERT INTO "SqlQuery" ("queryId", "userId", "issuedAt", "finishedAt", "hasError", "errorMessage", "statement", "projectId", "queryTypeId")
    VALUES ('1438', '9', '2023-06-23 21:52:06.042988', '2023-06-23 21:52:09.042988', 'False', 'None', 'SELECT OrderItems.order_item_id, Categories.parent_category_id FROM OrderItems RIGHT OUTER JOIN Categories ON OrderItems.order_item_id = Categories.parent_category_id;', '1', '1');
INSERT INTO "QueryColumnAccess" ("queryId", "columnId")
    VALUES ('1438', '1');
INSERT INTO "QueryColumnAccess" ("queryId", "columnId")
    VALUES ('1438', '4');
INSERT INTO "QueryTableAccess" ("queryId", "tableId")
    VALUES ('1438', '5');
INSERT INTO "QueryTableAccess" ("queryId", "tableId")
    VALUES ('1438', '4');
SELECT 'Products.category', 'OrderItems.unit_price' FROM Products RIGHT OUTER JOIN OrderItems ON 'Products.category' = 'OrderItems.unit_price';
INSERT INTO "SqlQuery" ("queryId", "userId", "issuedAt", "finishedAt", "hasError", "errorMessage", "statement", "projectId", "queryTypeId")
    VALUES ('1439', '10', '2023-05-05 21:52:06.042997', '2023-05-05 21:52:09.042997', 'False', 'None', 'SELECT Products.category, OrderItems.unit_price FROM Products RIGHT OUTER JOIN OrderItems ON Products.category = OrderItems.unit_price;', '1', '1');
INSERT INTO "QueryColumnAccess" ("queryId", "columnId")
    VALUES ('1439', '3');
INSERT INTO "QueryColumnAccess" ("queryId", "columnId")
    VALUES ('1439', '5');
INSERT INTO "QueryTableAccess" ("queryId", "tableId")
    VALUES ('1439', '3');
INSERT INTO "QueryTableAccess" ("queryId", "tableId")
    VALUES ('1439', '5');
SELECT 'Customers.first_name', 'Categories.description' FROM Customers NATURAL JOIN Categories ON 'Customers.first_name' = 'Categories.description';
INSERT INTO "SqlQuery" ("queryId", "userId", "issuedAt", "finishedAt", "hasError", "errorMessage", "statement", "projectId", "queryTypeId")
    VALUES ('1440', '5', '2023-05-03 21:52:06.043006', '2023-05-03 21:52:10.043006', 'False', 'None', 'SELECT Customers.first_name, Categories.description FROM Customers NATURAL JOIN Categories ON Customers.first_name = Categories.description;', '1', '1');
INSERT INTO "QueryColumnAccess" ("queryId", "columnId")
    VALUES ('1440', '2');
INSERT INTO "QueryColumnAccess" ("queryId", "columnId")
    VALUES ('1440', '3');
INSERT INTO "QueryTableAccess" ("queryId", "tableId")
    VALUES ('1440', '1');
INSERT INTO "QueryTableAccess" ("queryId", "tableId")
    VALUES ('1440', '4');
SELECT 'Products.quantity', 'Categories.category_name' FROM Products LEFT OUTER JOIN Categories ON 'Products.quantity' = 'Categories.category_name';
INSERT INTO "SqlQuery" ("queryId", "userId", "issuedAt", "finishedAt", "hasError", "errorMessage", "statement", "projectId", "queryTypeId")
    VALUES ('1441', '8', '2023-05-24 21:52:06.043014', '2023-05-24 21:52:09.043014', 'False', 'None', 'SELECT Products.quantity, Categories.category_name FROM Products LEFT OUTER JOIN Categories ON Products.quantity = Categories.category_name;', '1', '1');
INSERT INTO "QueryColumnAccess" ("queryId", "columnId")
    VALUES ('1441', '6');
INSERT INTO "QueryColumnAccess" ("queryId", "columnId")
    VALUES ('1441', '2');
INSERT INTO "QueryTableAccess" ("queryId", "tableId")
    VALUES ('1441', '3');
INSERT INTO "QueryTableAccess" ("queryId", "tableId")
    VALUES ('1441', '4');
SELECT 'Products.quantity', 'OrderItems.order_id' FROM Products LEFT OUTER JOIN OrderItems ON 'Products.quantity' = 'OrderItems.order_id';
INSERT INTO "SqlQuery" ("queryId", "userId", "issuedAt", "finishedAt", "hasError", "errorMessage", "statement", "projectId", "queryTypeId")
    VALUES ('1442', '11', '2023-06-18 21:52:06.043023', '2023-06-18 21:52:07.043023', 'False', 'None', 'SELECT Products.quantity, OrderItems.order_id FROM Products LEFT OUTER JOIN OrderItems ON Products.quantity = OrderItems.order_id;', '1', '1');
INSERT INTO "QueryColumnAccess" ("queryId", "columnId")
    VALUES ('1442', '6');
INSERT INTO "QueryColumnAccess" ("queryId", "columnId")
    VALUES ('1442', '2');
INSERT INTO "QueryTableAccess" ("queryId", "tableId")
    VALUES ('1442', '3');
INSERT INTO "QueryTableAccess" ("queryId", "tableId")
    VALUES ('1442', '5');
SELECT 'Categories.category_id', 'OrderItems.quantity' FROM Categories LEFT OUTER JOIN OrderItems ON 'Categories.category_id' = 'OrderItems.quantity';
INSERT INTO "SqlQuery" ("queryId", "userId", "issuedAt", "finishedAt", "hasError", "errorMessage", "statement", "projectId", "queryTypeId")
    VALUES ('1443', '6', '2023-05-03 21:52:06.043032', '2023-05-03 21:52:10.043032', 'False', 'None', 'SELECT Categories.category_id, OrderItems.quantity FROM Categories LEFT OUTER JOIN OrderItems ON Categories.category_id = OrderItems.quantity;', '1', '1');
INSERT INTO "QueryColumnAccess" ("queryId", "columnId")
    VALUES ('1443', '1');
INSERT INTO "QueryColumnAccess" ("queryId", "columnId")
    VALUES ('1443', '4');
INSERT INTO "QueryTableAccess" ("queryId", "tableId")
    VALUES ('1443', '4');
INSERT INTO "QueryTableAccess" ("queryId", "tableId")
    VALUES ('1443', '5');
SELECT 'Categories.category_id', 'Orders.order_date' FROM Categories NATURAL JOIN Orders ON 'Categories.category_id' = 'Orders.order_date';
INSERT INTO "SqlQuery" ("queryId", "userId", "issuedAt", "finishedAt", "hasError", "errorMessage", "statement", "projectId", "queryTypeId")
    VALUES ('1444', '2', '2023-05-15 21:52:06.043041', '2023-05-15 21:52:09.043041', 'False', 'None', 'SELECT Categories.category_id, Orders.order_date FROM Categories NATURAL JOIN Orders ON Categories.category_id = Orders.order_date;', '1', '1');
INSERT INTO "QueryColumnAccess" ("queryId", "columnId")
    VALUES ('1444', '1');
INSERT INTO "QueryColumnAccess" ("queryId", "columnId")
    VALUES ('1444', '3');
INSERT INTO "QueryTableAccess" ("queryId", "tableId")
    VALUES ('1444', '4');
INSERT INTO "QueryTableAccess" ("queryId", "tableId")
    VALUES ('1444', '2');
SELECT 'Orders.payment_method', 'OrderItems.order_item_id' FROM Orders NATURAL JOIN OrderItems ON 'Orders.payment_method' = 'OrderItems.order_item_id';
INSERT INTO "SqlQuery" ("queryId", "userId", "issuedAt", "finishedAt", "hasError", "errorMessage", "statement", "projectId", "queryTypeId")
    VALUES ('1445', '12', '2023-05-27 21:52:06.043050', '2023-05-27 21:52:07.043050', 'False', 'None', 'SELECT Orders.payment_method, OrderItems.order_item_id FROM Orders NATURAL JOIN OrderItems ON Orders.payment_method = OrderItems.order_item_id;', '1', '1');
INSERT INTO "QueryColumnAccess" ("queryId", "columnId")
    VALUES ('1445', '5');
INSERT INTO "QueryColumnAccess" ("queryId", "columnId")
    VALUES ('1445', '1');
INSERT INTO "QueryTableAccess" ("queryId", "tableId")
    VALUES ('1445', '2');
INSERT INTO "QueryTableAccess" ("queryId", "tableId")
    VALUES ('1445', '5');
SELECT 'Categories.category_id', 'Customers.last_name' FROM Categories LEFT OUTER JOIN Customers ON 'Categories.category_id' = 'Customers.last_name';
INSERT INTO "SqlQuery" ("queryId", "userId", "issuedAt", "finishedAt", "hasError", "errorMessage", "statement", "projectId", "queryTypeId")
    VALUES ('1446', '2', '2023-06-29 21:52:06.043059', '2023-06-29 21:52:09.043059', 'False', 'None', 'SELECT Categories.category_id, Customers.last_name FROM Categories LEFT OUTER JOIN Customers ON Categories.category_id = Customers.last_name;', '1', '1');
INSERT INTO "QueryColumnAccess" ("queryId", "columnId")
    VALUES ('1446', '1');
INSERT INTO "QueryColumnAccess" ("queryId", "columnId")
    VALUES ('1446', '3');
INSERT INTO "QueryTableAccess" ("queryId", "tableId")
    VALUES ('1446', '4');
INSERT INTO "QueryTableAccess" ("queryId", "tableId")
    VALUES ('1446', '1');
SELECT 'Orders.shipping_address', 'Products.product_name' FROM Orders LEFT OUTER JOIN Products ON 'Orders.shipping_address' = 'Products.product_name';
INSERT INTO "SqlQuery" ("queryId", "userId", "issuedAt", "finishedAt", "hasError", "errorMessage", "statement", "projectId", "queryTypeId")
    VALUES ('1447', '5', '2023-06-13 21:52:06.043072', '2023-06-13 21:52:08.043072', 'False', 'None', 'SELECT Orders.shipping_address, Products.product_name FROM Orders LEFT OUTER JOIN Products ON Orders.shipping_address = Products.product_name;', '1', '1');
INSERT INTO "QueryColumnAccess" ("queryId", "columnId")
    VALUES ('1447', '6');
INSERT INTO "QueryColumnAccess" ("queryId", "columnId")
    VALUES ('1447', '2');
INSERT INTO "QueryTableAccess" ("queryId", "tableId")
    VALUES ('1447', '2');
INSERT INTO "QueryTableAccess" ("queryId", "tableId")
    VALUES ('1447', '3');
SELECT 'OrderItems.unit_price', 'Products.product_id' FROM OrderItems LEFT OUTER JOIN Products ON 'OrderItems.unit_price' = 'Products.product_id';
INSERT INTO "SqlQuery" ("queryId", "userId", "issuedAt", "finishedAt", "hasError", "errorMessage", "statement", "projectId", "queryTypeId")
    VALUES ('1448', '5', '2023-05-29 21:52:06.043081', '2023-05-29 21:52:08.043081', 'False', 'None', 'SELECT OrderItems.unit_price, Products.product_id FROM OrderItems LEFT OUTER JOIN Products ON OrderItems.unit_price = Products.product_id;', '1', '1');
INSERT INTO "QueryColumnAccess" ("queryId", "columnId")
    VALUES ('1448', '5');
INSERT INTO "QueryColumnAccess" ("queryId", "columnId")
    VALUES ('1448', '1');
INSERT INTO "QueryTableAccess" ("queryId", "tableId")
    VALUES ('1448', '5');
INSERT INTO "QueryTableAccess" ("queryId", "tableId")
    VALUES ('1448', '3');
SELECT 'OrderItems.order_item_id', 'Orders.order_id' FROM OrderItems NATURAL JOIN Orders ON 'OrderItems.order_item_id' = 'Orders.order_id';
INSERT INTO "SqlQuery" ("queryId", "userId", "issuedAt", "finishedAt", "hasError", "errorMessage", "statement", "projectId", "queryTypeId")
    VALUES ('1449', '6', '2023-06-16 21:52:06.043090', '2023-06-16 21:52:07.043090', 'False', 'None', 'SELECT OrderItems.order_item_id, Orders.order_id FROM OrderItems NATURAL JOIN Orders ON OrderItems.order_item_id = Orders.order_id;', '1', '1');
INSERT INTO "QueryColumnAccess" ("queryId", "columnId")
    VALUES ('1449', '1');
INSERT INTO "QueryColumnAccess" ("queryId", "columnId")
    VALUES ('1449', '1');
INSERT INTO "QueryTableAccess" ("queryId", "tableId")
    VALUES ('1449', '5');
INSERT INTO "QueryTableAccess" ("queryId", "tableId")
    VALUES ('1449', '2');
SELECT 'Customers.first_name', 'Categories.category_name' FROM Customers NATURAL JOIN Categories ON 'Customers.first_name' = 'Categories.category_name';
INSERT INTO "SqlQuery" ("queryId", "userId", "issuedAt", "finishedAt", "hasError", "errorMessage", "statement", "projectId", "queryTypeId")
    VALUES ('1450', '6', '2023-05-20 21:52:06.043099', '2023-05-20 21:52:07.043099', 'False', 'None', 'SELECT Customers.first_name, Categories.category_name FROM Customers NATURAL JOIN Categories ON Customers.first_name = Categories.category_name;', '1', '1');
INSERT INTO "QueryColumnAccess" ("queryId", "columnId")
    VALUES ('1450', '2');
INSERT INTO "QueryColumnAccess" ("queryId", "columnId")
    VALUES ('1450', '2');
INSERT INTO "QueryTableAccess" ("queryId", "tableId")
    VALUES ('1450', '1');
INSERT INTO "QueryTableAccess" ("queryId", "tableId")
    VALUES ('1450', '4');
SELECT 'OrderItems.quantity', 'Products.product_id' FROM OrderItems RIGHT OUTER JOIN Products ON 'OrderItems.quantity' = 'Products.product_id';
INSERT INTO "SqlQuery" ("queryId", "userId", "issuedAt", "finishedAt", "hasError", "errorMessage", "statement", "projectId", "queryTypeId")
    VALUES ('1451', '12', '2023-06-17 21:52:06.043107', '2023-06-17 21:52:07.043107', 'False', 'None', 'SELECT OrderItems.quantity, Products.product_id FROM OrderItems RIGHT OUTER JOIN Products ON OrderItems.quantity = Products.product_id;', '1', '1');
INSERT INTO "QueryColumnAccess" ("queryId", "columnId")
    VALUES ('1451', '4');
INSERT INTO "QueryColumnAccess" ("queryId", "columnId")
    VALUES ('1451', '1');
INSERT INTO "QueryTableAccess" ("queryId", "tableId")
    VALUES ('1451', '5');
INSERT INTO "QueryTableAccess" ("queryId", "tableId")
    VALUES ('1451', '3');
SELECT 'Categories.description', 'OrderItems.product_id' FROM Categories RIGHT OUTER JOIN OrderItems ON 'Categories.description' = 'OrderItems.product_id';
INSERT INTO "SqlQuery" ("queryId", "userId", "issuedAt", "finishedAt", "hasError", "errorMessage", "statement", "projectId", "queryTypeId")
    VALUES ('1452', '7', '2023-05-24 21:52:06.043116', '2023-05-24 21:52:07.043116', 'False', 'None', 'SELECT Categories.description, OrderItems.product_id FROM Categories RIGHT OUTER JOIN OrderItems ON Categories.description = OrderItems.product_id;', '1', '1');
INSERT INTO "QueryColumnAccess" ("queryId", "columnId")
    VALUES ('1452', '3');
INSERT INTO "QueryColumnAccess" ("queryId", "columnId")
    VALUES ('1452', '3');
INSERT INTO "QueryTableAccess" ("queryId", "tableId")
    VALUES ('1452', '4');
INSERT INTO "QueryTableAccess" ("queryId", "tableId")
    VALUES ('1452', '5');
SELECT 'OrderItems.quantity', 'Orders.order_date' FROM OrderItems NATURAL JOIN Orders ON 'OrderItems.quantity' = 'Orders.order_date';
INSERT INTO "SqlQuery" ("queryId", "userId", "issuedAt", "finishedAt", "hasError", "errorMessage", "statement", "projectId", "queryTypeId")
    VALUES ('1453', '13', '2023-05-25 21:52:06.043125', '2023-05-25 21:52:08.043125', 'False', 'None', 'SELECT OrderItems.quantity, Orders.order_date FROM OrderItems NATURAL JOIN Orders ON OrderItems.quantity = Orders.order_date;', '1', '1');
INSERT INTO "QueryColumnAccess" ("queryId", "columnId")
    VALUES ('1453', '4');
INSERT INTO "QueryColumnAccess" ("queryId", "columnId")
    VALUES ('1453', '3');
INSERT INTO "QueryTableAccess" ("queryId", "tableId")
    VALUES ('1453', '5');
INSERT INTO "QueryTableAccess" ("queryId", "tableId")
    VALUES ('1453', '2');
SELECT 'Customers.first_name', 'Categories.parent_category_id' FROM Customers LEFT OUTER JOIN Categories ON 'Customers.first_name' = 'Categories.parent_category_id';
INSERT INTO "SqlQuery" ("queryId", "userId", "issuedAt", "finishedAt", "hasError", "errorMessage", "statement", "projectId", "queryTypeId")
    VALUES ('1454', '8', '2023-07-07 21:52:06.043133', '2023-07-07 21:52:07.043133', 'False', 'None', 'SELECT Customers.first_name, Categories.parent_category_id FROM Customers LEFT OUTER JOIN Categories ON Customers.first_name = Categories.parent_category_id;', '1', '1');
INSERT INTO "QueryColumnAccess" ("queryId", "columnId")
    VALUES ('1454', '2');
INSERT INTO "QueryColumnAccess" ("queryId", "columnId")
    VALUES ('1454', '4');
INSERT INTO "QueryTableAccess" ("queryId", "tableId")
    VALUES ('1454', '1');
INSERT INTO "QueryTableAccess" ("queryId", "tableId")
    VALUES ('1454', '4');
SELECT 'OrderItems.order_id', 'Customers.last_name' FROM OrderItems LEFT OUTER JOIN Customers ON 'OrderItems.order_id' = 'Customers.last_name';
INSERT INTO "SqlQuery" ("queryId", "userId", "issuedAt", "finishedAt", "hasError", "errorMessage", "statement", "projectId", "queryTypeId")
    VALUES ('1455', '4', '2023-05-12 21:52:06.043142', '2023-05-12 21:52:09.043142', 'False', 'None', 'SELECT OrderItems.order_id, Customers.last_name FROM OrderItems LEFT OUTER JOIN Customers ON OrderItems.order_id = Customers.last_name;', '1', '1');
INSERT INTO "QueryColumnAccess" ("queryId", "columnId")
    VALUES ('1455', '2');
INSERT INTO "QueryColumnAccess" ("queryId", "columnId")
    VALUES ('1455', '3');
INSERT INTO "QueryTableAccess" ("queryId", "tableId")
    VALUES ('1455', '5');
INSERT INTO "QueryTableAccess" ("queryId", "tableId")
    VALUES ('1455', '1');
SELECT 'Categories.parent_category_id', 'Customers.last_name' FROM Categories NATURAL JOIN Customers ON 'Categories.parent_category_id' = 'Customers.last_name';
INSERT INTO "SqlQuery" ("queryId", "userId", "issuedAt", "finishedAt", "hasError", "errorMessage", "statement", "projectId", "queryTypeId")
    VALUES ('1456', '10', '2023-06-22 21:52:06.043153', '2023-06-22 21:52:07.043153', 'False', 'None', 'SELECT Categories.parent_category_id, Customers.last_name FROM Categories NATURAL JOIN Customers ON Categories.parent_category_id = Customers.last_name;', '1', '1');
INSERT INTO "QueryColumnAccess" ("queryId", "columnId")
    VALUES ('1456', '4');
INSERT INTO "QueryColumnAccess" ("queryId", "columnId")
    VALUES ('1456', '3');
INSERT INTO "QueryTableAccess" ("queryId", "tableId")
    VALUES ('1456', '4');
INSERT INTO "QueryTableAccess" ("queryId", "tableId")
    VALUES ('1456', '1');
SELECT 'OrderItems.order_item_id', 'Orders.total_amount' FROM OrderItems RIGHT OUTER JOIN Orders ON 'OrderItems.order_item_id' = 'Orders.total_amount';
INSERT INTO "SqlQuery" ("queryId", "userId", "issuedAt", "finishedAt", "hasError", "errorMessage", "statement", "projectId", "queryTypeId")
    VALUES ('1457', '13', '2023-04-11 21:52:06.043162', '2023-04-11 21:52:07.043162', 'False', 'None', 'SELECT OrderItems.order_item_id, Orders.total_amount FROM OrderItems RIGHT OUTER JOIN Orders ON OrderItems.order_item_id = Orders.total_amount;', '1', '1');
INSERT INTO "QueryColumnAccess" ("queryId", "columnId")
    VALUES ('1457', '1');
INSERT INTO "QueryColumnAccess" ("queryId", "columnId")
    VALUES ('1457', '4');
INSERT INTO "QueryTableAccess" ("queryId", "tableId")
    VALUES ('1457', '5');
INSERT INTO "QueryTableAccess" ("queryId", "tableId")
    VALUES ('1457', '2');
SELECT 'Customers.phone_number', 'OrderItems.quantity' FROM Customers NATURAL JOIN OrderItems ON 'Customers.phone_number' = 'OrderItems.quantity';
INSERT INTO "SqlQuery" ("queryId", "userId", "issuedAt", "finishedAt", "hasError", "errorMessage", "statement", "projectId", "queryTypeId")
    VALUES ('1458', '14', '2023-05-07 21:52:06.043171', '2023-05-07 21:52:07.043171', 'False', 'None', 'SELECT Customers.phone_number, OrderItems.quantity FROM Customers NATURAL JOIN OrderItems ON Customers.phone_number = OrderItems.quantity;', '1', '1');
INSERT INTO "QueryColumnAccess" ("queryId", "columnId")
    VALUES ('1458', '5');
INSERT INTO "QueryColumnAccess" ("queryId", "columnId")
    VALUES ('1458', '4');
INSERT INTO "QueryTableAccess" ("queryId", "tableId")
    VALUES ('1458', '1');
INSERT INTO "QueryTableAccess" ("queryId", "tableId")
    VALUES ('1458', '5');
SELECT 'Orders.order_id', 'Customers.email' FROM Orders NATURAL JOIN Customers ON 'Orders.order_id' = 'Customers.email';
INSERT INTO "SqlQuery" ("queryId", "userId", "issuedAt", "finishedAt", "hasError", "errorMessage", "statement", "projectId", "queryTypeId")
    VALUES ('1459', '8', '2023-04-23 21:52:06.043180', '2023-04-23 21:52:08.043180', 'False', 'None', 'SELECT Orders.order_id, Customers.email FROM Orders NATURAL JOIN Customers ON Orders.order_id = Customers.email;', '1', '1');
INSERT INTO "QueryColumnAccess" ("queryId", "columnId")
    VALUES ('1459', '1');
INSERT INTO "QueryColumnAccess" ("queryId", "columnId")
    VALUES ('1459', '4');
INSERT INTO "QueryTableAccess" ("queryId", "tableId")
    VALUES ('1459', '2');
INSERT INTO "QueryTableAccess" ("queryId", "tableId")
    VALUES ('1459', '1');
SELECT 'Orders.customer_id', 'OrderItems.order_item_id' FROM Orders LEFT OUTER JOIN OrderItems ON 'Orders.customer_id' = 'OrderItems.order_item_id';
INSERT INTO "SqlQuery" ("queryId", "userId", "issuedAt", "finishedAt", "hasError", "errorMessage", "statement", "projectId", "queryTypeId")
    VALUES ('1460', '3', '2023-06-01 21:52:06.043189', '2023-06-01 21:52:10.043189', 'False', 'None', 'SELECT Orders.customer_id, OrderItems.order_item_id FROM Orders LEFT OUTER JOIN OrderItems ON Orders.customer_id = OrderItems.order_item_id;', '1', '1');
INSERT INTO "QueryColumnAccess" ("queryId", "columnId")
    VALUES ('1460', '2');
INSERT INTO "QueryColumnAccess" ("queryId", "columnId")
    VALUES ('1460', '1');
INSERT INTO "QueryTableAccess" ("queryId", "tableId")
    VALUES ('1460', '2');
INSERT INTO "QueryTableAccess" ("queryId", "tableId")
    VALUES ('1460', '5');
SELECT 'OrderItems.order_id', 'Categories.category_name' FROM OrderItems RIGHT OUTER JOIN Categories ON 'OrderItems.order_id' = 'Categories.category_name';
INSERT INTO "SqlQuery" ("queryId", "userId", "issuedAt", "finishedAt", "hasError", "errorMessage", "statement", "projectId", "queryTypeId")
    VALUES ('1461', '14', '2023-05-26 21:52:06.043198', '2023-05-26 21:52:08.043198', 'False', 'None', 'SELECT OrderItems.order_id, Categories.category_name FROM OrderItems RIGHT OUTER JOIN Categories ON OrderItems.order_id = Categories.category_name;', '1', '1');
INSERT INTO "QueryColumnAccess" ("queryId", "columnId")
    VALUES ('1461', '2');
INSERT INTO "QueryColumnAccess" ("queryId", "columnId")
    VALUES ('1461', '2');
INSERT INTO "QueryTableAccess" ("queryId", "tableId")
    VALUES ('1461', '5');
INSERT INTO "QueryTableAccess" ("queryId", "tableId")
    VALUES ('1461', '4');
SELECT 'Orders.order_date', 'Customers.customer_id' FROM Orders LEFT OUTER JOIN Customers ON 'Orders.order_date' = 'Customers.customer_id';
INSERT INTO "SqlQuery" ("queryId", "userId", "issuedAt", "finishedAt", "hasError", "errorMessage", "statement", "projectId", "queryTypeId")
    VALUES ('1462', '15', '2023-05-23 21:52:06.043207', '2023-05-23 21:52:08.043207', 'False', 'None', 'SELECT Orders.order_date, Customers.customer_id FROM Orders LEFT OUTER JOIN Customers ON Orders.order_date = Customers.customer_id;', '1', '1');
INSERT INTO "QueryColumnAccess" ("queryId", "columnId")
    VALUES ('1462', '3');
INSERT INTO "QueryColumnAccess" ("queryId", "columnId")
    VALUES ('1462', '1');
INSERT INTO "QueryTableAccess" ("queryId", "tableId")
    VALUES ('1462', '2');
INSERT INTO "QueryTableAccess" ("queryId", "tableId")
    VALUES ('1462', '1');
SELECT 'Categories.category_id', 'Orders.order_id' FROM Categories NATURAL JOIN Orders ON 'Categories.category_id' = 'Orders.order_id';
INSERT INTO "SqlQuery" ("queryId", "userId", "issuedAt", "finishedAt", "hasError", "errorMessage", "statement", "projectId", "queryTypeId")
    VALUES ('1463', '13', '2023-05-11 21:52:06.043216', '2023-05-11 21:52:10.043216', 'False', 'None', 'SELECT Categories.category_id, Orders.order_id FROM Categories NATURAL JOIN Orders ON Categories.category_id = Orders.order_id;', '1', '1');
INSERT INTO "QueryColumnAccess" ("queryId", "columnId")
    VALUES ('1463', '1');
INSERT INTO "QueryColumnAccess" ("queryId", "columnId")
    VALUES ('1463', '1');
INSERT INTO "QueryTableAccess" ("queryId", "tableId")
    VALUES ('1463', '4');
INSERT INTO "QueryTableAccess" ("queryId", "tableId")
    VALUES ('1463', '2');
SELECT 'Orders.shipping_address', 'Categories.parent_category_id' FROM Orders LEFT OUTER JOIN Categories ON 'Orders.shipping_address' = 'Categories.parent_category_id';
INSERT INTO "SqlQuery" ("queryId", "userId", "issuedAt", "finishedAt", "hasError", "errorMessage", "statement", "projectId", "queryTypeId")
    VALUES ('1464', '1', '2023-06-09 21:52:06.043225', '2023-06-09 21:52:10.043225', 'False', 'None', 'SELECT Orders.shipping_address, Categories.parent_category_id FROM Orders LEFT OUTER JOIN Categories ON Orders.shipping_address = Categories.parent_category_id;', '1', '1');
INSERT INTO "QueryColumnAccess" ("queryId", "columnId")
    VALUES ('1464', '6');
INSERT INTO "QueryColumnAccess" ("queryId", "columnId")
    VALUES ('1464', '4');
INSERT INTO "QueryTableAccess" ("queryId", "tableId")
    VALUES ('1464', '2');
INSERT INTO "QueryTableAccess" ("queryId", "tableId")
    VALUES ('1464', '4');
SELECT 'Categories.category_id', 'Customers.first_name' FROM Categories RIGHT OUTER JOIN Customers ON 'Categories.category_id' = 'Customers.first_name';
INSERT INTO "SqlQuery" ("queryId", "userId", "issuedAt", "finishedAt", "hasError", "errorMessage", "statement", "projectId", "queryTypeId")
    VALUES ('1465', '2', '2023-06-11 21:52:06.043241', '2023-06-11 21:52:09.043241', 'False', 'None', 'SELECT Categories.category_id, Customers.first_name FROM Categories RIGHT OUTER JOIN Customers ON Categories.category_id = Customers.first_name;', '1', '1');
INSERT INTO "QueryColumnAccess" ("queryId", "columnId")
    VALUES ('1465', '1');
INSERT INTO "QueryColumnAccess" ("queryId", "columnId")
    VALUES ('1465', '2');
INSERT INTO "QueryTableAccess" ("queryId", "tableId")
    VALUES ('1465', '4');
INSERT INTO "QueryTableAccess" ("queryId", "tableId")
    VALUES ('1465', '1');
SELECT 'Products.product_id', 'Customers.customer_id' FROM Products NATURAL JOIN Customers ON 'Products.product_id' = 'Customers.customer_id';
INSERT INTO "SqlQuery" ("queryId", "userId", "issuedAt", "finishedAt", "hasError", "errorMessage", "statement", "projectId", "queryTypeId")
    VALUES ('1466', '8', '2023-06-26 21:52:06.043250', '2023-06-26 21:52:10.043250', 'False', 'None', 'SELECT Products.product_id, Customers.customer_id FROM Products NATURAL JOIN Customers ON Products.product_id = Customers.customer_id;', '1', '1');
INSERT INTO "QueryColumnAccess" ("queryId", "columnId")
    VALUES ('1466', '1');
INSERT INTO "QueryColumnAccess" ("queryId", "columnId")
    VALUES ('1466', '1');
INSERT INTO "QueryTableAccess" ("queryId", "tableId")
    VALUES ('1466', '3');
INSERT INTO "QueryTableAccess" ("queryId", "tableId")
    VALUES ('1466', '1');
SELECT 'Orders.payment_method', 'Products.product_name' FROM Orders LEFT OUTER JOIN Products ON 'Orders.payment_method' = 'Products.product_name';
INSERT INTO "SqlQuery" ("queryId", "userId", "issuedAt", "finishedAt", "hasError", "errorMessage", "statement", "projectId", "queryTypeId")
    VALUES ('1467', '8', '2023-07-05 21:52:06.043259', '2023-07-05 21:52:07.043259', 'False', 'None', 'SELECT Orders.payment_method, Products.product_name FROM Orders LEFT OUTER JOIN Products ON Orders.payment_method = Products.product_name;', '1', '1');
INSERT INTO "QueryColumnAccess" ("queryId", "columnId")
    VALUES ('1467', '5');
INSERT INTO "QueryColumnAccess" ("queryId", "columnId")
    VALUES ('1467', '2');
INSERT INTO "QueryTableAccess" ("queryId", "tableId")
    VALUES ('1467', '2');
INSERT INTO "QueryTableAccess" ("queryId", "tableId")
    VALUES ('1467', '3');
SELECT 'Products.quantity', 'OrderItems.product_id' FROM Products LEFT OUTER JOIN OrderItems ON 'Products.quantity' = 'OrderItems.product_id';
INSERT INTO "SqlQuery" ("queryId", "userId", "issuedAt", "finishedAt", "hasError", "errorMessage", "statement", "projectId", "queryTypeId")
    VALUES ('1468', '6', '2023-04-18 21:52:06.043268', '2023-04-18 21:52:08.043268', 'False', 'None', 'SELECT Products.quantity, OrderItems.product_id FROM Products LEFT OUTER JOIN OrderItems ON Products.quantity = OrderItems.product_id;', '1', '1');
INSERT INTO "QueryColumnAccess" ("queryId", "columnId")
    VALUES ('1468', '6');
INSERT INTO "QueryColumnAccess" ("queryId", "columnId")
    VALUES ('1468', '3');
INSERT INTO "QueryTableAccess" ("queryId", "tableId")
    VALUES ('1468', '3');
INSERT INTO "QueryTableAccess" ("queryId", "tableId")
    VALUES ('1468', '5');
SELECT 'Products.category', 'Categories.description' FROM Products NATURAL JOIN Categories ON 'Products.category' = 'Categories.description';
INSERT INTO "SqlQuery" ("queryId", "userId", "issuedAt", "finishedAt", "hasError", "errorMessage", "statement", "projectId", "queryTypeId")
    VALUES ('1469', '1', '2023-05-29 21:52:06.043277', '2023-05-29 21:52:07.043277', 'False', 'None', 'SELECT Products.category, Categories.description FROM Products NATURAL JOIN Categories ON Products.category = Categories.description;', '1', '1');
INSERT INTO "QueryColumnAccess" ("queryId", "columnId")
    VALUES ('1469', '3');
INSERT INTO "QueryColumnAccess" ("queryId", "columnId")
    VALUES ('1469', '3');
INSERT INTO "QueryTableAccess" ("queryId", "tableId")
    VALUES ('1469', '3');
INSERT INTO "QueryTableAccess" ("queryId", "tableId")
    VALUES ('1469', '4');
SELECT 'Customers.email', 'Categories.description' FROM Customers NATURAL JOIN Categories ON 'Customers.email' = 'Categories.description';
INSERT INTO "SqlQuery" ("queryId", "userId", "issuedAt", "finishedAt", "hasError", "errorMessage", "statement", "projectId", "queryTypeId")
    VALUES ('1470', '15', '2023-05-06 21:52:06.043286', '2023-05-06 21:52:07.043286', 'False', 'None', 'SELECT Customers.email, Categories.description FROM Customers NATURAL JOIN Categories ON Customers.email = Categories.description;', '1', '1');
INSERT INTO "QueryColumnAccess" ("queryId", "columnId")
    VALUES ('1470', '4');
INSERT INTO "QueryColumnAccess" ("queryId", "columnId")
    VALUES ('1470', '3');
INSERT INTO "QueryTableAccess" ("queryId", "tableId")
    VALUES ('1470', '1');
INSERT INTO "QueryTableAccess" ("queryId", "tableId")
    VALUES ('1470', '4');
SELECT 'OrderItems.product_id', 'Customers.last_name' FROM OrderItems RIGHT OUTER JOIN Customers ON 'OrderItems.product_id' = 'Customers.last_name';
INSERT INTO "SqlQuery" ("queryId", "userId", "issuedAt", "finishedAt", "hasError", "errorMessage", "statement", "projectId", "queryTypeId")
    VALUES ('1471', '3', '2023-06-01 21:52:06.043295', '2023-06-01 21:52:10.043295', 'False', 'None', 'SELECT OrderItems.product_id, Customers.last_name FROM OrderItems RIGHT OUTER JOIN Customers ON OrderItems.product_id = Customers.last_name;', '1', '1');
INSERT INTO "QueryColumnAccess" ("queryId", "columnId")
    VALUES ('1471', '3');
INSERT INTO "QueryColumnAccess" ("queryId", "columnId")
    VALUES ('1471', '3');
INSERT INTO "QueryTableAccess" ("queryId", "tableId")
    VALUES ('1471', '5');
INSERT INTO "QueryTableAccess" ("queryId", "tableId")
    VALUES ('1471', '1');
SELECT 'Customers.first_name', 'Products.category' FROM Customers RIGHT OUTER JOIN Products ON 'Customers.first_name' = 'Products.category';
INSERT INTO "SqlQuery" ("queryId", "userId", "issuedAt", "finishedAt", "hasError", "errorMessage", "statement", "projectId", "queryTypeId")
    VALUES ('1472', '4', '2023-05-09 21:52:06.043303', '2023-05-09 21:52:07.043303', 'False', 'None', 'SELECT Customers.first_name, Products.category FROM Customers RIGHT OUTER JOIN Products ON Customers.first_name = Products.category;', '1', '1');
INSERT INTO "QueryColumnAccess" ("queryId", "columnId")
    VALUES ('1472', '2');
INSERT INTO "QueryColumnAccess" ("queryId", "columnId")
    VALUES ('1472', '3');
INSERT INTO "QueryTableAccess" ("queryId", "tableId")
    VALUES ('1472', '1');
INSERT INTO "QueryTableAccess" ("queryId", "tableId")
    VALUES ('1472', '3');
SELECT 'Customers.last_name', 'Categories.category_name' FROM Customers LEFT OUTER JOIN Categories ON 'Customers.last_name' = 'Categories.category_name';
INSERT INTO "SqlQuery" ("queryId", "userId", "issuedAt", "finishedAt", "hasError", "errorMessage", "statement", "projectId", "queryTypeId")
    VALUES ('1473', '9', '2023-06-25 21:52:06.043312', '2023-06-25 21:52:09.043312', 'False', 'None', 'SELECT Customers.last_name, Categories.category_name FROM Customers LEFT OUTER JOIN Categories ON Customers.last_name = Categories.category_name;', '1', '1');
INSERT INTO "QueryColumnAccess" ("queryId", "columnId")
    VALUES ('1473', '3');
INSERT INTO "QueryColumnAccess" ("queryId", "columnId")
    VALUES ('1473', '2');
INSERT INTO "QueryTableAccess" ("queryId", "tableId")
    VALUES ('1473', '1');
INSERT INTO "QueryTableAccess" ("queryId", "tableId")
    VALUES ('1473', '4');
SELECT 'Categories.category_name', 'Products.description' FROM Categories RIGHT OUTER JOIN Products ON 'Categories.category_name' = 'Products.description';
INSERT INTO "SqlQuery" ("queryId", "userId", "issuedAt", "finishedAt", "hasError", "errorMessage", "statement", "projectId", "queryTypeId")
    VALUES ('1474', '13', '2023-04-16 21:52:06.043327', '2023-04-16 21:52:07.043327', 'False', 'None', 'SELECT Categories.category_name, Products.description FROM Categories RIGHT OUTER JOIN Products ON Categories.category_name = Products.description;', '1', '1');
INSERT INTO "QueryColumnAccess" ("queryId", "columnId")
    VALUES ('1474', '2');
INSERT INTO "QueryColumnAccess" ("queryId", "columnId")
    VALUES ('1474', '5');
INSERT INTO "QueryTableAccess" ("queryId", "tableId")
    VALUES ('1474', '4');
INSERT INTO "QueryTableAccess" ("queryId", "tableId")
    VALUES ('1474', '3');
SELECT 'Products.product_name', 'Customers.customer_id' FROM Products RIGHT OUTER JOIN Customers ON 'Products.product_name' = 'Customers.customer_id';
INSERT INTO "SqlQuery" ("queryId", "userId", "issuedAt", "finishedAt", "hasError", "errorMessage", "statement", "projectId", "queryTypeId")
    VALUES ('1475', '1', '2023-05-17 21:52:06.043336', '2023-05-17 21:52:09.043336', 'False', 'None', 'SELECT Products.product_name, Customers.customer_id FROM Products RIGHT OUTER JOIN Customers ON Products.product_name = Customers.customer_id;', '1', '1');
INSERT INTO "QueryColumnAccess" ("queryId", "columnId")
    VALUES ('1475', '2');
INSERT INTO "QueryColumnAccess" ("queryId", "columnId")
    VALUES ('1475', '1');
INSERT INTO "QueryTableAccess" ("queryId", "tableId")
    VALUES ('1475', '3');
INSERT INTO "QueryTableAccess" ("queryId", "tableId")
    VALUES ('1475', '1');
SELECT 'Categories.description', 'Products.description' FROM Categories RIGHT OUTER JOIN Products ON 'Categories.description' = 'Products.description';
INSERT INTO "SqlQuery" ("queryId", "userId", "issuedAt", "finishedAt", "hasError", "errorMessage", "statement", "projectId", "queryTypeId")
    VALUES ('1476', '10', '2023-06-09 21:52:06.043345', '2023-06-09 21:52:08.043345', 'False', 'None', 'SELECT Categories.description, Products.description FROM Categories RIGHT OUTER JOIN Products ON Categories.description = Products.description;', '1', '1');
INSERT INTO "QueryColumnAccess" ("queryId", "columnId")
    VALUES ('1476', '3');
INSERT INTO "QueryColumnAccess" ("queryId", "columnId")
    VALUES ('1476', '5');
INSERT INTO "QueryTableAccess" ("queryId", "tableId")
    VALUES ('1476', '4');
INSERT INTO "QueryTableAccess" ("queryId", "tableId")
    VALUES ('1476', '3');
SELECT 'Categories.category_name', 'Customers.address' FROM Categories NATURAL JOIN Customers ON 'Categories.category_name' = 'Customers.address';
INSERT INTO "SqlQuery" ("queryId", "userId", "issuedAt", "finishedAt", "hasError", "errorMessage", "statement", "projectId", "queryTypeId")
    VALUES ('1477', '7', '2023-05-20 21:52:06.043353', '2023-05-20 21:52:07.043353', 'False', 'None', 'SELECT Categories.category_name, Customers.address FROM Categories NATURAL JOIN Customers ON Categories.category_name = Customers.address;', '1', '1');
INSERT INTO "QueryColumnAccess" ("queryId", "columnId")
    VALUES ('1477', '2');
INSERT INTO "QueryColumnAccess" ("queryId", "columnId")
    VALUES ('1477', '6');
INSERT INTO "QueryTableAccess" ("queryId", "tableId")
    VALUES ('1477', '4');
INSERT INTO "QueryTableAccess" ("queryId", "tableId")
    VALUES ('1477', '1');
SELECT 'Orders.order_date', 'Customers.customer_id' FROM Orders RIGHT OUTER JOIN Customers ON 'Orders.order_date' = 'Customers.customer_id';
INSERT INTO "SqlQuery" ("queryId", "userId", "issuedAt", "finishedAt", "hasError", "errorMessage", "statement", "projectId", "queryTypeId")
    VALUES ('1478', '5', '2023-06-13 21:52:06.043362', '2023-06-13 21:52:08.043362', 'False', 'None', 'SELECT Orders.order_date, Customers.customer_id FROM Orders RIGHT OUTER JOIN Customers ON Orders.order_date = Customers.customer_id;', '1', '1');
INSERT INTO "QueryColumnAccess" ("queryId", "columnId")
    VALUES ('1478', '3');
INSERT INTO "QueryColumnAccess" ("queryId", "columnId")
    VALUES ('1478', '1');
INSERT INTO "QueryTableAccess" ("queryId", "tableId")
    VALUES ('1478', '2');
INSERT INTO "QueryTableAccess" ("queryId", "tableId")
    VALUES ('1478', '1');
SELECT 'Categories.category_id', 'Products.quantity' FROM Categories RIGHT OUTER JOIN Products ON 'Categories.category_id' = 'Products.quantity';
INSERT INTO "SqlQuery" ("queryId", "userId", "issuedAt", "finishedAt", "hasError", "errorMessage", "statement", "projectId", "queryTypeId")
    VALUES ('1479', '15', '2023-06-01 21:52:06.043371', '2023-06-01 21:52:07.043371', 'False', 'None', 'SELECT Categories.category_id, Products.quantity FROM Categories RIGHT OUTER JOIN Products ON Categories.category_id = Products.quantity;', '1', '1');
INSERT INTO "QueryColumnAccess" ("queryId", "columnId")
    VALUES ('1479', '1');
INSERT INTO "QueryColumnAccess" ("queryId", "columnId")
    VALUES ('1479', '6');
INSERT INTO "QueryTableAccess" ("queryId", "tableId")
    VALUES ('1479', '4');
INSERT INTO "QueryTableAccess" ("queryId", "tableId")
    VALUES ('1479', '3');
SELECT 'OrderItems.order_id', 'Categories.category_name' FROM OrderItems NATURAL JOIN Categories ON 'OrderItems.order_id' = 'Categories.category_name';
INSERT INTO "SqlQuery" ("queryId", "userId", "issuedAt", "finishedAt", "hasError", "errorMessage", "statement", "projectId", "queryTypeId")
    VALUES ('1480', '2', '2023-06-27 21:52:06.043379', '2023-06-27 21:52:08.043379', 'False', 'None', 'SELECT OrderItems.order_id, Categories.category_name FROM OrderItems NATURAL JOIN Categories ON OrderItems.order_id = Categories.category_name;', '1', '1');
INSERT INTO "QueryColumnAccess" ("queryId", "columnId")
    VALUES ('1480', '2');
INSERT INTO "QueryColumnAccess" ("queryId", "columnId")
    VALUES ('1480', '2');
INSERT INTO "QueryTableAccess" ("queryId", "tableId")
    VALUES ('1480', '5');
INSERT INTO "QueryTableAccess" ("queryId", "tableId")
    VALUES ('1480', '4');
SELECT 'Orders.order_date', 'Customers.phone_number' FROM Orders NATURAL JOIN Customers ON 'Orders.order_date' = 'Customers.phone_number';
INSERT INTO "SqlQuery" ("queryId", "userId", "issuedAt", "finishedAt", "hasError", "errorMessage", "statement", "projectId", "queryTypeId")
    VALUES ('1481', '1', '2023-06-08 21:52:06.043388', '2023-06-08 21:52:09.043388', 'False', 'None', 'SELECT Orders.order_date, Customers.phone_number FROM Orders NATURAL JOIN Customers ON Orders.order_date = Customers.phone_number;', '1', '1');
INSERT INTO "QueryColumnAccess" ("queryId", "columnId")
    VALUES ('1481', '3');
INSERT INTO "QueryColumnAccess" ("queryId", "columnId")
    VALUES ('1481', '5');
INSERT INTO "QueryTableAccess" ("queryId", "tableId")
    VALUES ('1481', '2');
INSERT INTO "QueryTableAccess" ("queryId", "tableId")
    VALUES ('1481', '1');
SELECT 'Categories.category_name', 'Customers.customer_id' FROM Categories LEFT OUTER JOIN Customers ON 'Categories.category_name' = 'Customers.customer_id';
INSERT INTO "SqlQuery" ("queryId", "userId", "issuedAt", "finishedAt", "hasError", "errorMessage", "statement", "projectId", "queryTypeId")
    VALUES ('1482', '13', '2023-06-16 21:52:06.043397', '2023-06-16 21:52:07.043397', 'False', 'None', 'SELECT Categories.category_name, Customers.customer_id FROM Categories LEFT OUTER JOIN Customers ON Categories.category_name = Customers.customer_id;', '1', '1');
INSERT INTO "QueryColumnAccess" ("queryId", "columnId")
    VALUES ('1482', '2');
INSERT INTO "QueryColumnAccess" ("queryId", "columnId")
    VALUES ('1482', '1');
INSERT INTO "QueryTableAccess" ("queryId", "tableId")
    VALUES ('1482', '4');
INSERT INTO "QueryTableAccess" ("queryId", "tableId")
    VALUES ('1482', '1');
SELECT 'Categories.description', 'Orders.order_id' FROM Categories NATURAL JOIN Orders ON 'Categories.description' = 'Orders.order_id';
INSERT INTO "SqlQuery" ("queryId", "userId", "issuedAt", "finishedAt", "hasError", "errorMessage", "statement", "projectId", "queryTypeId")
    VALUES ('1483', '5', '2023-05-18 21:52:06.043406', '2023-05-18 21:52:10.043406', 'False', 'None', 'SELECT Categories.description, Orders.order_id FROM Categories NATURAL JOIN Orders ON Categories.description = Orders.order_id;', '1', '1');
INSERT INTO "QueryColumnAccess" ("queryId", "columnId")
    VALUES ('1483', '3');
INSERT INTO "QueryColumnAccess" ("queryId", "columnId")
    VALUES ('1483', '1');
INSERT INTO "QueryTableAccess" ("queryId", "tableId")
    VALUES ('1483', '4');
INSERT INTO "QueryTableAccess" ("queryId", "tableId")
    VALUES ('1483', '2');
SELECT 'Customers.phone_number', 'Orders.payment_method' FROM Customers NATURAL JOIN Orders ON 'Customers.phone_number' = 'Orders.payment_method';
INSERT INTO "SqlQuery" ("queryId", "userId", "issuedAt", "finishedAt", "hasError", "errorMessage", "statement", "projectId", "queryTypeId")
    VALUES ('1484', '6', '2023-05-31 21:52:06.043417', '2023-05-31 21:52:10.043417', 'False', 'None', 'SELECT Customers.phone_number, Orders.payment_method FROM Customers NATURAL JOIN Orders ON Customers.phone_number = Orders.payment_method;', '1', '1');
INSERT INTO "QueryColumnAccess" ("queryId", "columnId")
    VALUES ('1484', '5');
INSERT INTO "QueryColumnAccess" ("queryId", "columnId")
    VALUES ('1484', '5');
INSERT INTO "QueryTableAccess" ("queryId", "tableId")
    VALUES ('1484', '1');
INSERT INTO "QueryTableAccess" ("queryId", "tableId")
    VALUES ('1484', '2');
SELECT 'Customers.email', 'OrderItems.order_id' FROM Customers NATURAL JOIN OrderItems ON 'Customers.email' = 'OrderItems.order_id';
INSERT INTO "SqlQuery" ("queryId", "userId", "issuedAt", "finishedAt", "hasError", "errorMessage", "statement", "projectId", "queryTypeId")
    VALUES ('1485', '9', '2023-06-09 21:52:06.043426', '2023-06-09 21:52:07.043426', 'False', 'None', 'SELECT Customers.email, OrderItems.order_id FROM Customers NATURAL JOIN OrderItems ON Customers.email = OrderItems.order_id;', '1', '1');
INSERT INTO "QueryColumnAccess" ("queryId", "columnId")
    VALUES ('1485', '4');
INSERT INTO "QueryColumnAccess" ("queryId", "columnId")
    VALUES ('1485', '2');
INSERT INTO "QueryTableAccess" ("queryId", "tableId")
    VALUES ('1485', '1');
INSERT INTO "QueryTableAccess" ("queryId", "tableId")
    VALUES ('1485', '5');
SELECT 'Orders.order_date', 'OrderItems.order_item_id' FROM Orders RIGHT OUTER JOIN OrderItems ON 'Orders.order_date' = 'OrderItems.order_item_id';
INSERT INTO "SqlQuery" ("queryId", "userId", "issuedAt", "finishedAt", "hasError", "errorMessage", "statement", "projectId", "queryTypeId")
    VALUES ('1486', '8', '2023-05-15 21:52:06.043435', '2023-05-15 21:52:10.043435', 'False', 'None', 'SELECT Orders.order_date, OrderItems.order_item_id FROM Orders RIGHT OUTER JOIN OrderItems ON Orders.order_date = OrderItems.order_item_id;', '1', '1');
INSERT INTO "QueryColumnAccess" ("queryId", "columnId")
    VALUES ('1486', '3');
INSERT INTO "QueryColumnAccess" ("queryId", "columnId")
    VALUES ('1486', '1');
INSERT INTO "QueryTableAccess" ("queryId", "tableId")
    VALUES ('1486', '2');
INSERT INTO "QueryTableAccess" ("queryId", "tableId")
    VALUES ('1486', '5');
SELECT 'OrderItems.quantity', 'Products.price' FROM OrderItems RIGHT OUTER JOIN Products ON 'OrderItems.quantity' = 'Products.price';
INSERT INTO "SqlQuery" ("queryId", "userId", "issuedAt", "finishedAt", "hasError", "errorMessage", "statement", "projectId", "queryTypeId")
    VALUES ('1487', '3', '2023-05-06 21:52:06.043444', '2023-05-06 21:52:09.043444', 'False', 'None', 'SELECT OrderItems.quantity, Products.price FROM OrderItems RIGHT OUTER JOIN Products ON OrderItems.quantity = Products.price;', '1', '1');
INSERT INTO "QueryColumnAccess" ("queryId", "columnId")
    VALUES ('1487', '4');
INSERT INTO "QueryColumnAccess" ("queryId", "columnId")
    VALUES ('1487', '4');
INSERT INTO "QueryTableAccess" ("queryId", "tableId")
    VALUES ('1487', '5');
INSERT INTO "QueryTableAccess" ("queryId", "tableId")
    VALUES ('1487', '3');
SELECT 'OrderItems.unit_price', 'Orders.customer_id' FROM OrderItems NATURAL JOIN Orders ON 'OrderItems.unit_price' = 'Orders.customer_id';
INSERT INTO "SqlQuery" ("queryId", "userId", "issuedAt", "finishedAt", "hasError", "errorMessage", "statement", "projectId", "queryTypeId")
    VALUES ('1488', '12', '2023-04-16 21:52:06.043453', '2023-04-16 21:52:08.043453', 'False', 'None', 'SELECT OrderItems.unit_price, Orders.customer_id FROM OrderItems NATURAL JOIN Orders ON OrderItems.unit_price = Orders.customer_id;', '1', '1');
INSERT INTO "QueryColumnAccess" ("queryId", "columnId")
    VALUES ('1488', '5');
INSERT INTO "QueryColumnAccess" ("queryId", "columnId")
    VALUES ('1488', '2');
INSERT INTO "QueryTableAccess" ("queryId", "tableId")
    VALUES ('1488', '5');
INSERT INTO "QueryTableAccess" ("queryId", "tableId")
    VALUES ('1488', '2');
SELECT 'OrderItems.order_id', 'Products.quantity' FROM OrderItems RIGHT OUTER JOIN Products ON 'OrderItems.order_id' = 'Products.quantity';
INSERT INTO "SqlQuery" ("queryId", "userId", "issuedAt", "finishedAt", "hasError", "errorMessage", "statement", "projectId", "queryTypeId")
    VALUES ('1489', '12', '2023-05-17 21:52:06.043462', '2023-05-17 21:52:09.043462', 'False', 'None', 'SELECT OrderItems.order_id, Products.quantity FROM OrderItems RIGHT OUTER JOIN Products ON OrderItems.order_id = Products.quantity;', '1', '1');
INSERT INTO "QueryColumnAccess" ("queryId", "columnId")
    VALUES ('1489', '2');
INSERT INTO "QueryColumnAccess" ("queryId", "columnId")
    VALUES ('1489', '6');
INSERT INTO "QueryTableAccess" ("queryId", "tableId")
    VALUES ('1489', '5');
INSERT INTO "QueryTableAccess" ("queryId", "tableId")
    VALUES ('1489', '3');
SELECT 'Customers.address', 'OrderItems.order_id' FROM Customers RIGHT OUTER JOIN OrderItems ON 'Customers.address' = 'OrderItems.order_id';
INSERT INTO "SqlQuery" ("queryId", "userId", "issuedAt", "finishedAt", "hasError", "errorMessage", "statement", "projectId", "queryTypeId")
    VALUES ('1490', '10', '2023-05-30 21:52:06.043471', '2023-05-30 21:52:10.043471', 'False', 'None', 'SELECT Customers.address, OrderItems.order_id FROM Customers RIGHT OUTER JOIN OrderItems ON Customers.address = OrderItems.order_id;', '1', '1');
INSERT INTO "QueryColumnAccess" ("queryId", "columnId")
    VALUES ('1490', '6');
INSERT INTO "QueryColumnAccess" ("queryId", "columnId")
    VALUES ('1490', '2');
INSERT INTO "QueryTableAccess" ("queryId", "tableId")
    VALUES ('1490', '1');
INSERT INTO "QueryTableAccess" ("queryId", "tableId")
    VALUES ('1490', '5');
SELECT 'Products.product_name', 'Orders.order_id' FROM Products NATURAL JOIN Orders ON 'Products.product_name' = 'Orders.order_id';
INSERT INTO "SqlQuery" ("queryId", "userId", "issuedAt", "finishedAt", "hasError", "errorMessage", "statement", "projectId", "queryTypeId")
    VALUES ('1491', '11', '2023-05-09 21:52:06.043480', '2023-05-09 21:52:08.043480', 'False', 'None', 'SELECT Products.product_name, Orders.order_id FROM Products NATURAL JOIN Orders ON Products.product_name = Orders.order_id;', '1', '1');
INSERT INTO "QueryColumnAccess" ("queryId", "columnId")
    VALUES ('1491', '2');
INSERT INTO "QueryColumnAccess" ("queryId", "columnId")
    VALUES ('1491', '1');
INSERT INTO "QueryTableAccess" ("queryId", "tableId")
    VALUES ('1491', '3');
INSERT INTO "QueryTableAccess" ("queryId", "tableId")
    VALUES ('1491', '2');
SELECT 'Categories.parent_category_id', 'Orders.total_amount' FROM Categories RIGHT OUTER JOIN Orders ON 'Categories.parent_category_id' = 'Orders.total_amount';
INSERT INTO "SqlQuery" ("queryId", "userId", "issuedAt", "finishedAt", "hasError", "errorMessage", "statement", "projectId", "queryTypeId")
    VALUES ('1492', '14', '2023-06-07 21:52:06.043489', '2023-06-07 21:52:07.043489', 'False', 'None', 'SELECT Categories.parent_category_id, Orders.total_amount FROM Categories RIGHT OUTER JOIN Orders ON Categories.parent_category_id = Orders.total_amount;', '1', '1');
INSERT INTO "QueryColumnAccess" ("queryId", "columnId")
    VALUES ('1492', '4');
INSERT INTO "QueryColumnAccess" ("queryId", "columnId")
    VALUES ('1492', '4');
INSERT INTO "QueryTableAccess" ("queryId", "tableId")
    VALUES ('1492', '4');
INSERT INTO "QueryTableAccess" ("queryId", "tableId")
    VALUES ('1492', '2');
SELECT 'Categories.parent_category_id', 'Customers.last_name' FROM Categories RIGHT OUTER JOIN Customers ON 'Categories.parent_category_id' = 'Customers.last_name';
INSERT INTO "SqlQuery" ("queryId", "userId", "issuedAt", "finishedAt", "hasError", "errorMessage", "statement", "projectId", "queryTypeId")
    VALUES ('1493', '13', '2023-04-26 21:52:06.043503', '2023-04-26 21:52:07.043503', 'False', 'None', 'SELECT Categories.parent_category_id, Customers.last_name FROM Categories RIGHT OUTER JOIN Customers ON Categories.parent_category_id = Customers.last_name;', '1', '1');
INSERT INTO "QueryColumnAccess" ("queryId", "columnId")
    VALUES ('1493', '4');
INSERT INTO "QueryColumnAccess" ("queryId", "columnId")
    VALUES ('1493', '3');
INSERT INTO "QueryTableAccess" ("queryId", "tableId")
    VALUES ('1493', '4');
INSERT INTO "QueryTableAccess" ("queryId", "tableId")
    VALUES ('1493', '1');
SELECT 'Orders.shipping_address', 'Products.category' FROM Orders NATURAL JOIN Products ON 'Orders.shipping_address' = 'Products.category';
INSERT INTO "SqlQuery" ("queryId", "userId", "issuedAt", "finishedAt", "hasError", "errorMessage", "statement", "projectId", "queryTypeId")
    VALUES ('1494', '11', '2023-06-13 21:52:06.043512', '2023-06-13 21:52:10.043512', 'False', 'None', 'SELECT Orders.shipping_address, Products.category FROM Orders NATURAL JOIN Products ON Orders.shipping_address = Products.category;', '1', '1');
INSERT INTO "QueryColumnAccess" ("queryId", "columnId")
    VALUES ('1494', '6');
INSERT INTO "QueryColumnAccess" ("queryId", "columnId")
    VALUES ('1494', '3');
INSERT INTO "QueryTableAccess" ("queryId", "tableId")
    VALUES ('1494', '2');
INSERT INTO "QueryTableAccess" ("queryId", "tableId")
    VALUES ('1494', '3');
SELECT 'Products.quantity', 'OrderItems.order_id' FROM Products LEFT OUTER JOIN OrderItems ON 'Products.quantity' = 'OrderItems.order_id';
INSERT INTO "SqlQuery" ("queryId", "userId", "issuedAt", "finishedAt", "hasError", "errorMessage", "statement", "projectId", "queryTypeId")
    VALUES ('1495', '14', '2023-05-05 21:52:06.043521', '2023-05-05 21:52:08.043521', 'False', 'None', 'SELECT Products.quantity, OrderItems.order_id FROM Products LEFT OUTER JOIN OrderItems ON Products.quantity = OrderItems.order_id;', '1', '1');
INSERT INTO "QueryColumnAccess" ("queryId", "columnId")
    VALUES ('1495', '6');
INSERT INTO "QueryColumnAccess" ("queryId", "columnId")
    VALUES ('1495', '2');
INSERT INTO "QueryTableAccess" ("queryId", "tableId")
    VALUES ('1495', '3');
INSERT INTO "QueryTableAccess" ("queryId", "tableId")
    VALUES ('1495', '5');
SELECT 'Products.product_name', 'Orders.total_amount' FROM Products NATURAL JOIN Orders ON 'Products.product_name' = 'Orders.total_amount';
INSERT INTO "SqlQuery" ("queryId", "userId", "issuedAt", "finishedAt", "hasError", "errorMessage", "statement", "projectId", "queryTypeId")
    VALUES ('1496', '13', '2023-07-03 21:52:06.043529', '2023-07-03 21:52:09.043529', 'False', 'None', 'SELECT Products.product_name, Orders.total_amount FROM Products NATURAL JOIN Orders ON Products.product_name = Orders.total_amount;', '1', '1');
INSERT INTO "QueryColumnAccess" ("queryId", "columnId")
    VALUES ('1496', '2');
INSERT INTO "QueryColumnAccess" ("queryId", "columnId")
    VALUES ('1496', '4');
INSERT INTO "QueryTableAccess" ("queryId", "tableId")
    VALUES ('1496', '3');
INSERT INTO "QueryTableAccess" ("queryId", "tableId")
    VALUES ('1496', '2');
SELECT 'Customers.customer_id', 'Categories.parent_category_id' FROM Customers RIGHT OUTER JOIN Categories ON 'Customers.customer_id' = 'Categories.parent_category_id';
INSERT INTO "SqlQuery" ("queryId", "userId", "issuedAt", "finishedAt", "hasError", "errorMessage", "statement", "projectId", "queryTypeId")
    VALUES ('1497', '3', '2023-05-19 21:52:06.043538', '2023-05-19 21:52:09.043538', 'False', 'None', 'SELECT Customers.customer_id, Categories.parent_category_id FROM Customers RIGHT OUTER JOIN Categories ON Customers.customer_id = Categories.parent_category_id;', '1', '1');
INSERT INTO "QueryColumnAccess" ("queryId", "columnId")
    VALUES ('1497', '1');
INSERT INTO "QueryColumnAccess" ("queryId", "columnId")
    VALUES ('1497', '4');
INSERT INTO "QueryTableAccess" ("queryId", "tableId")
    VALUES ('1497', '1');
INSERT INTO "QueryTableAccess" ("queryId", "tableId")
    VALUES ('1497', '4');
SELECT 'Customers.customer_id', 'Categories.category_name' FROM Customers LEFT OUTER JOIN Categories ON 'Customers.customer_id' = 'Categories.category_name';
INSERT INTO "SqlQuery" ("queryId", "userId", "issuedAt", "finishedAt", "hasError", "errorMessage", "statement", "projectId", "queryTypeId")
    VALUES ('1498', '2', '2023-06-07 21:52:06.043547', '2023-06-07 21:52:10.043547', 'False', 'None', 'SELECT Customers.customer_id, Categories.category_name FROM Customers LEFT OUTER JOIN Categories ON Customers.customer_id = Categories.category_name;', '1', '1');
INSERT INTO "QueryColumnAccess" ("queryId", "columnId")
    VALUES ('1498', '1');
INSERT INTO "QueryColumnAccess" ("queryId", "columnId")
    VALUES ('1498', '2');
INSERT INTO "QueryTableAccess" ("queryId", "tableId")
    VALUES ('1498', '1');
INSERT INTO "QueryTableAccess" ("queryId", "tableId")
    VALUES ('1498', '4');
SELECT 'OrderItems.quantity', 'Categories.category_name' FROM OrderItems LEFT OUTER JOIN Categories ON 'OrderItems.quantity' = 'Categories.category_name';
INSERT INTO "SqlQuery" ("queryId", "userId", "issuedAt", "finishedAt", "hasError", "errorMessage", "statement", "projectId", "queryTypeId")
    VALUES ('1499', '12', '2023-07-04 21:52:06.043556', '2023-07-04 21:52:07.043556', 'False', 'None', 'SELECT OrderItems.quantity, Categories.category_name FROM OrderItems LEFT OUTER JOIN Categories ON OrderItems.quantity = Categories.category_name;', '1', '1');
INSERT INTO "QueryColumnAccess" ("queryId", "columnId")
    VALUES ('1499', '4');
INSERT INTO "QueryColumnAccess" ("queryId", "columnId")
    VALUES ('1499', '2');
INSERT INTO "QueryTableAccess" ("queryId", "tableId")
    VALUES ('1499', '5');
INSERT INTO "QueryTableAccess" ("queryId", "tableId")
    VALUES ('1499', '4');
SELECT 'Categories.category_name', 'Orders.shipping_address' FROM Categories RIGHT OUTER JOIN Orders ON 'Categories.category_name' = 'Orders.shipping_address';
INSERT INTO "SqlQuery" ("queryId", "userId", "issuedAt", "finishedAt", "hasError", "errorMessage", "statement", "projectId", "queryTypeId")
    VALUES ('1500', '4', '2023-04-17 21:52:06.043565', '2023-04-17 21:52:10.043565', 'False', 'None', 'SELECT Categories.category_name, Orders.shipping_address FROM Categories RIGHT OUTER JOIN Orders ON Categories.category_name = Orders.shipping_address;', '1', '1');
INSERT INTO "QueryColumnAccess" ("queryId", "columnId")
    VALUES ('1500', '2');
INSERT INTO "QueryColumnAccess" ("queryId", "columnId")
    VALUES ('1500', '6');
INSERT INTO "QueryTableAccess" ("queryId", "tableId")
    VALUES ('1500', '4');
INSERT INTO "QueryTableAccess" ("queryId", "tableId")
    VALUES ('1500', '2');
SELECT 'Orders.shipping_address', 'Customers.customer_id' FROM Orders LEFT OUTER JOIN Customers ON 'Orders.shipping_address' = 'Customers.customer_id';
INSERT INTO "SqlQuery" ("queryId", "userId", "issuedAt", "finishedAt", "hasError", "errorMessage", "statement", "projectId", "queryTypeId")
    VALUES ('1501', '7', '2023-05-12 21:52:06.043573', '2023-05-12 21:52:08.043573', 'False', 'None', 'SELECT Orders.shipping_address, Customers.customer_id FROM Orders LEFT OUTER JOIN Customers ON Orders.shipping_address = Customers.customer_id;', '1', '1');
INSERT INTO "QueryColumnAccess" ("queryId", "columnId")
    VALUES ('1501', '6');
INSERT INTO "QueryColumnAccess" ("queryId", "columnId")
    VALUES ('1501', '1');
INSERT INTO "QueryTableAccess" ("queryId", "tableId")
    VALUES ('1501', '2');
INSERT INTO "QueryTableAccess" ("queryId", "tableId")
    VALUES ('1501', '1');
SELECT 'Categories.parent_category_id', 'Customers.email' FROM Categories LEFT OUTER JOIN Customers ON 'Categories.parent_category_id' = 'Customers.email';
INSERT INTO "SqlQuery" ("queryId", "userId", "issuedAt", "finishedAt", "hasError", "errorMessage", "statement", "projectId", "queryTypeId")
    VALUES ('1502', '8', '2023-06-26 21:52:06.043585', '2023-06-26 21:52:09.043585', 'False', 'None', 'SELECT Categories.parent_category_id, Customers.email FROM Categories LEFT OUTER JOIN Customers ON Categories.parent_category_id = Customers.email;', '1', '1');
INSERT INTO "QueryColumnAccess" ("queryId", "columnId")
    VALUES ('1502', '4');
INSERT INTO "QueryColumnAccess" ("queryId", "columnId")
    VALUES ('1502', '4');
INSERT INTO "QueryTableAccess" ("queryId", "tableId")
    VALUES ('1502', '4');
INSERT INTO "QueryTableAccess" ("queryId", "tableId")
    VALUES ('1502', '1');
SELECT 'Orders.customer_id', 'Categories.description' FROM Orders LEFT OUTER JOIN Categories ON 'Orders.customer_id' = 'Categories.description';
INSERT INTO "SqlQuery" ("queryId", "userId", "issuedAt", "finishedAt", "hasError", "errorMessage", "statement", "projectId", "queryTypeId")
    VALUES ('1503', '8', '2023-06-10 21:52:06.043594', '2023-06-10 21:52:10.043594', 'False', 'None', 'SELECT Orders.customer_id, Categories.description FROM Orders LEFT OUTER JOIN Categories ON Orders.customer_id = Categories.description;', '1', '1');
INSERT INTO "QueryColumnAccess" ("queryId", "columnId")
    VALUES ('1503', '2');
INSERT INTO "QueryColumnAccess" ("queryId", "columnId")
    VALUES ('1503', '3');
INSERT INTO "QueryTableAccess" ("queryId", "tableId")
    VALUES ('1503', '2');
INSERT INTO "QueryTableAccess" ("queryId", "tableId")
    VALUES ('1503', '4');
SELECT 'Products.product_name', 'OrderItems.order_id' FROM Products LEFT OUTER JOIN OrderItems ON 'Products.product_name' = 'OrderItems.order_id';
INSERT INTO "SqlQuery" ("queryId", "userId", "issuedAt", "finishedAt", "hasError", "errorMessage", "statement", "projectId", "queryTypeId")
    VALUES ('1504', '13', '2023-05-10 21:52:06.043603', '2023-05-10 21:52:07.043603', 'False', 'None', 'SELECT Products.product_name, OrderItems.order_id FROM Products LEFT OUTER JOIN OrderItems ON Products.product_name = OrderItems.order_id;', '1', '1');
INSERT INTO "QueryColumnAccess" ("queryId", "columnId")
    VALUES ('1504', '2');
INSERT INTO "QueryColumnAccess" ("queryId", "columnId")
    VALUES ('1504', '2');
INSERT INTO "QueryTableAccess" ("queryId", "tableId")
    VALUES ('1504', '3');
INSERT INTO "QueryTableAccess" ("queryId", "tableId")
    VALUES ('1504', '5');
SELECT 'Products.description', 'Orders.payment_method' FROM Products LEFT OUTER JOIN Orders ON 'Products.description' = 'Orders.payment_method';
INSERT INTO "SqlQuery" ("queryId", "userId", "issuedAt", "finishedAt", "hasError", "errorMessage", "statement", "projectId", "queryTypeId")
    VALUES ('1505', '6', '2023-05-03 21:52:06.043611', '2023-05-03 21:52:09.043611', 'False', 'None', 'SELECT Products.description, Orders.payment_method FROM Products LEFT OUTER JOIN Orders ON Products.description = Orders.payment_method;', '1', '1');
INSERT INTO "QueryColumnAccess" ("queryId", "columnId")
    VALUES ('1505', '5');
INSERT INTO "QueryColumnAccess" ("queryId", "columnId")
    VALUES ('1505', '5');
INSERT INTO "QueryTableAccess" ("queryId", "tableId")
    VALUES ('1505', '3');
INSERT INTO "QueryTableAccess" ("queryId", "tableId")
    VALUES ('1505', '2');
SELECT 'OrderItems.order_id', 'Orders.order_id' FROM OrderItems NATURAL JOIN Orders ON 'OrderItems.order_id' = 'Orders.order_id';
INSERT INTO "SqlQuery" ("queryId", "userId", "issuedAt", "finishedAt", "hasError", "errorMessage", "statement", "projectId", "queryTypeId")
    VALUES ('1506', '2', '2023-05-05 21:52:06.043620', '2023-05-05 21:52:07.043620', 'False', 'None', 'SELECT OrderItems.order_id, Orders.order_id FROM OrderItems NATURAL JOIN Orders ON OrderItems.order_id = Orders.order_id;', '1', '1');
INSERT INTO "QueryColumnAccess" ("queryId", "columnId")
    VALUES ('1506', '2');
INSERT INTO "QueryColumnAccess" ("queryId", "columnId")
    VALUES ('1506', '1');
INSERT INTO "QueryTableAccess" ("queryId", "tableId")
    VALUES ('1506', '5');
INSERT INTO "QueryTableAccess" ("queryId", "tableId")
    VALUES ('1506', '2');
SELECT 'Orders.shipping_address', 'Products.price' FROM Orders NATURAL JOIN Products ON 'Orders.shipping_address' = 'Products.price';
INSERT INTO "SqlQuery" ("queryId", "userId", "issuedAt", "finishedAt", "hasError", "errorMessage", "statement", "projectId", "queryTypeId")
    VALUES ('1507', '1', '2023-05-26 21:52:06.043629', '2023-05-26 21:52:08.043629', 'False', 'None', 'SELECT Orders.shipping_address, Products.price FROM Orders NATURAL JOIN Products ON Orders.shipping_address = Products.price;', '1', '1');
INSERT INTO "QueryColumnAccess" ("queryId", "columnId")
    VALUES ('1507', '6');
INSERT INTO "QueryColumnAccess" ("queryId", "columnId")
    VALUES ('1507', '4');
INSERT INTO "QueryTableAccess" ("queryId", "tableId")
    VALUES ('1507', '2');
INSERT INTO "QueryTableAccess" ("queryId", "tableId")
    VALUES ('1507', '3');
SELECT 'Orders.customer_id', 'Products.product_id' FROM Orders RIGHT OUTER JOIN Products ON 'Orders.customer_id' = 'Products.product_id';
INSERT INTO "SqlQuery" ("queryId", "userId", "issuedAt", "finishedAt", "hasError", "errorMessage", "statement", "projectId", "queryTypeId")
    VALUES ('1508', '4', '2023-04-22 21:52:06.043637', '2023-04-22 21:52:08.043637', 'False', 'None', 'SELECT Orders.customer_id, Products.product_id FROM Orders RIGHT OUTER JOIN Products ON Orders.customer_id = Products.product_id;', '1', '1');
INSERT INTO "QueryColumnAccess" ("queryId", "columnId")
    VALUES ('1508', '2');
INSERT INTO "QueryColumnAccess" ("queryId", "columnId")
    VALUES ('1508', '1');
INSERT INTO "QueryTableAccess" ("queryId", "tableId")
    VALUES ('1508', '2');
INSERT INTO "QueryTableAccess" ("queryId", "tableId")
    VALUES ('1508', '3');
SELECT 'Orders.order_id', 'OrderItems.order_id' FROM Orders NATURAL JOIN OrderItems ON 'Orders.order_id' = 'OrderItems.order_id';
INSERT INTO "SqlQuery" ("queryId", "userId", "issuedAt", "finishedAt", "hasError", "errorMessage", "statement", "projectId", "queryTypeId")
    VALUES ('1509', '13', '2023-06-16 21:52:06.043646', '2023-06-16 21:52:07.043646', 'False', 'None', 'SELECT Orders.order_id, OrderItems.order_id FROM Orders NATURAL JOIN OrderItems ON Orders.order_id = OrderItems.order_id;', '1', '1');
INSERT INTO "QueryColumnAccess" ("queryId", "columnId")
    VALUES ('1509', '1');
INSERT INTO "QueryColumnAccess" ("queryId", "columnId")
    VALUES ('1509', '2');
INSERT INTO "QueryTableAccess" ("queryId", "tableId")
    VALUES ('1509', '2');
INSERT INTO "QueryTableAccess" ("queryId", "tableId")
    VALUES ('1509', '5');
SELECT 'Orders.shipping_address', 'Products.quantity' FROM Orders RIGHT OUTER JOIN Products ON 'Orders.shipping_address' = 'Products.quantity';
INSERT INTO "SqlQuery" ("queryId", "userId", "issuedAt", "finishedAt", "hasError", "errorMessage", "statement", "projectId", "queryTypeId")
    VALUES ('1510', '15', '2023-04-24 21:52:06.043655', '2023-04-24 21:52:10.043655', 'False', 'None', 'SELECT Orders.shipping_address, Products.quantity FROM Orders RIGHT OUTER JOIN Products ON Orders.shipping_address = Products.quantity;', '1', '1');
INSERT INTO "QueryColumnAccess" ("queryId", "columnId")
    VALUES ('1510', '6');
INSERT INTO "QueryColumnAccess" ("queryId", "columnId")
    VALUES ('1510', '6');
INSERT INTO "QueryTableAccess" ("queryId", "tableId")
    VALUES ('1510', '2');
INSERT INTO "QueryTableAccess" ("queryId", "tableId")
    VALUES ('1510', '3');
SELECT 'Customers.email', 'Categories.description' FROM Customers LEFT OUTER JOIN Categories ON 'Customers.email' = 'Categories.description';
INSERT INTO "SqlQuery" ("queryId", "userId", "issuedAt", "finishedAt", "hasError", "errorMessage", "statement", "projectId", "queryTypeId")
    VALUES ('1511', '13', '2023-06-08 21:52:06.043669', '2023-06-08 21:52:09.043669', 'False', 'None', 'SELECT Customers.email, Categories.description FROM Customers LEFT OUTER JOIN Categories ON Customers.email = Categories.description;', '1', '1');
INSERT INTO "QueryColumnAccess" ("queryId", "columnId")
    VALUES ('1511', '4');
INSERT INTO "QueryColumnAccess" ("queryId", "columnId")
    VALUES ('1511', '3');
INSERT INTO "QueryTableAccess" ("queryId", "tableId")
    VALUES ('1511', '1');
INSERT INTO "QueryTableAccess" ("queryId", "tableId")
    VALUES ('1511', '4');
SELECT 'Customers.address', 'Products.price' FROM Customers NATURAL JOIN Products ON 'Customers.address' = 'Products.price';
INSERT INTO "SqlQuery" ("queryId", "userId", "issuedAt", "finishedAt", "hasError", "errorMessage", "statement", "projectId", "queryTypeId")
    VALUES ('1512', '1', '2023-05-20 21:52:06.043678', '2023-05-20 21:52:07.043678', 'False', 'None', 'SELECT Customers.address, Products.price FROM Customers NATURAL JOIN Products ON Customers.address = Products.price;', '1', '1');
INSERT INTO "QueryColumnAccess" ("queryId", "columnId")
    VALUES ('1512', '6');
INSERT INTO "QueryColumnAccess" ("queryId", "columnId")
    VALUES ('1512', '4');
INSERT INTO "QueryTableAccess" ("queryId", "tableId")
    VALUES ('1512', '1');
INSERT INTO "QueryTableAccess" ("queryId", "tableId")
    VALUES ('1512', '3');
SELECT 'Customers.customer_id', 'Products.product_name' FROM Customers NATURAL JOIN Products ON 'Customers.customer_id' = 'Products.product_name';
INSERT INTO "SqlQuery" ("queryId", "userId", "issuedAt", "finishedAt", "hasError", "errorMessage", "statement", "projectId", "queryTypeId")
    VALUES ('1513', '9', '2023-07-09 21:52:06.043687', '2023-07-09 21:52:10.043687', 'False', 'None', 'SELECT Customers.customer_id, Products.product_name FROM Customers NATURAL JOIN Products ON Customers.customer_id = Products.product_name;', '1', '1');
INSERT INTO "QueryColumnAccess" ("queryId", "columnId")
    VALUES ('1513', '1');
INSERT INTO "QueryColumnAccess" ("queryId", "columnId")
    VALUES ('1513', '2');
INSERT INTO "QueryTableAccess" ("queryId", "tableId")
    VALUES ('1513', '1');
INSERT INTO "QueryTableAccess" ("queryId", "tableId")
    VALUES ('1513', '3');
SELECT 'Customers.phone_number', 'Orders.order_id' FROM Customers RIGHT OUTER JOIN Orders ON 'Customers.phone_number' = 'Orders.order_id';
INSERT INTO "SqlQuery" ("queryId", "userId", "issuedAt", "finishedAt", "hasError", "errorMessage", "statement", "projectId", "queryTypeId")
    VALUES ('1514', '13', '2023-04-16 21:52:06.043695', '2023-04-16 21:52:09.043695', 'False', 'None', 'SELECT Customers.phone_number, Orders.order_id FROM Customers RIGHT OUTER JOIN Orders ON Customers.phone_number = Orders.order_id;', '1', '1');
INSERT INTO "QueryColumnAccess" ("queryId", "columnId")
    VALUES ('1514', '5');
INSERT INTO "QueryColumnAccess" ("queryId", "columnId")
    VALUES ('1514', '1');
INSERT INTO "QueryTableAccess" ("queryId", "tableId")
    VALUES ('1514', '1');
INSERT INTO "QueryTableAccess" ("queryId", "tableId")
    VALUES ('1514', '2');
SELECT 'Orders.payment_method', 'Products.category' FROM Orders RIGHT OUTER JOIN Products ON 'Orders.payment_method' = 'Products.category';
INSERT INTO "SqlQuery" ("queryId", "userId", "issuedAt", "finishedAt", "hasError", "errorMessage", "statement", "projectId", "queryTypeId")
    VALUES ('1515', '13', '2023-04-21 21:52:06.043704', '2023-04-21 21:52:07.043704', 'False', 'None', 'SELECT Orders.payment_method, Products.category FROM Orders RIGHT OUTER JOIN Products ON Orders.payment_method = Products.category;', '1', '1');
INSERT INTO "QueryColumnAccess" ("queryId", "columnId")
    VALUES ('1515', '5');
INSERT INTO "QueryColumnAccess" ("queryId", "columnId")
    VALUES ('1515', '3');
INSERT INTO "QueryTableAccess" ("queryId", "tableId")
    VALUES ('1515', '2');
INSERT INTO "QueryTableAccess" ("queryId", "tableId")
    VALUES ('1515', '3');
SELECT 'Categories.parent_category_id', 'OrderItems.order_id' FROM Categories NATURAL JOIN OrderItems ON 'Categories.parent_category_id' = 'OrderItems.order_id';
INSERT INTO "SqlQuery" ("queryId", "userId", "issuedAt", "finishedAt", "hasError", "errorMessage", "statement", "projectId", "queryTypeId")
    VALUES ('1516', '6', '2023-04-27 21:52:06.043713', '2023-04-27 21:52:10.043713', 'False', 'None', 'SELECT Categories.parent_category_id, OrderItems.order_id FROM Categories NATURAL JOIN OrderItems ON Categories.parent_category_id = OrderItems.order_id;', '1', '1');
INSERT INTO "QueryColumnAccess" ("queryId", "columnId")
    VALUES ('1516', '4');
INSERT INTO "QueryColumnAccess" ("queryId", "columnId")
    VALUES ('1516', '2');
INSERT INTO "QueryTableAccess" ("queryId", "tableId")
    VALUES ('1516', '4');
INSERT INTO "QueryTableAccess" ("queryId", "tableId")
    VALUES ('1516', '5');
SELECT 'Orders.order_id', 'OrderItems.unit_price' FROM Orders LEFT OUTER JOIN OrderItems ON 'Orders.order_id' = 'OrderItems.unit_price';
INSERT INTO "SqlQuery" ("queryId", "userId", "issuedAt", "finishedAt", "hasError", "errorMessage", "statement", "projectId", "queryTypeId")
    VALUES ('1517', '9', '2023-06-10 21:52:06.043721', '2023-06-10 21:52:10.043721', 'False', 'None', 'SELECT Orders.order_id, OrderItems.unit_price FROM Orders LEFT OUTER JOIN OrderItems ON Orders.order_id = OrderItems.unit_price;', '1', '1');
INSERT INTO "QueryColumnAccess" ("queryId", "columnId")
    VALUES ('1517', '1');
INSERT INTO "QueryColumnAccess" ("queryId", "columnId")
    VALUES ('1517', '5');
INSERT INTO "QueryTableAccess" ("queryId", "tableId")
    VALUES ('1517', '2');
INSERT INTO "QueryTableAccess" ("queryId", "tableId")
    VALUES ('1517', '5');
SELECT 'Categories.description', 'OrderItems.unit_price' FROM Categories NATURAL JOIN OrderItems ON 'Categories.description' = 'OrderItems.unit_price';
INSERT INTO "SqlQuery" ("queryId", "userId", "issuedAt", "finishedAt", "hasError", "errorMessage", "statement", "projectId", "queryTypeId")
    VALUES ('1518', '15', '2023-04-19 21:52:06.043730', '2023-04-19 21:52:10.043730', 'False', 'None', 'SELECT Categories.description, OrderItems.unit_price FROM Categories NATURAL JOIN OrderItems ON Categories.description = OrderItems.unit_price;', '1', '1');
INSERT INTO "QueryColumnAccess" ("queryId", "columnId")
    VALUES ('1518', '3');
INSERT INTO "QueryColumnAccess" ("queryId", "columnId")
    VALUES ('1518', '5');
INSERT INTO "QueryTableAccess" ("queryId", "tableId")
    VALUES ('1518', '4');
INSERT INTO "QueryTableAccess" ("queryId", "tableId")
    VALUES ('1518', '5');
SELECT 'Orders.order_date', 'Categories.description' FROM Orders NATURAL JOIN Categories ON 'Orders.order_date' = 'Categories.description';
INSERT INTO "SqlQuery" ("queryId", "userId", "issuedAt", "finishedAt", "hasError", "errorMessage", "statement", "projectId", "queryTypeId")
    VALUES ('1519', '11', '2023-04-17 21:52:06.043739', '2023-04-17 21:52:09.043739', 'False', 'None', 'SELECT Orders.order_date, Categories.description FROM Orders NATURAL JOIN Categories ON Orders.order_date = Categories.description;', '1', '1');
INSERT INTO "QueryColumnAccess" ("queryId", "columnId")
    VALUES ('1519', '3');
INSERT INTO "QueryColumnAccess" ("queryId", "columnId")
    VALUES ('1519', '3');
INSERT INTO "QueryTableAccess" ("queryId", "tableId")
    VALUES ('1519', '2');
INSERT INTO "QueryTableAccess" ("queryId", "tableId")
    VALUES ('1519', '4');
SELECT 'OrderItems.product_id', 'Orders.order_date' FROM OrderItems LEFT OUTER JOIN Orders ON 'OrderItems.product_id' = 'Orders.order_date';
INSERT INTO "SqlQuery" ("queryId", "userId", "issuedAt", "finishedAt", "hasError", "errorMessage", "statement", "projectId", "queryTypeId")
    VALUES ('1520', '14', '2023-05-14 21:52:06.043748', '2023-05-14 21:52:07.043748', 'False', 'None', 'SELECT OrderItems.product_id, Orders.order_date FROM OrderItems LEFT OUTER JOIN Orders ON OrderItems.product_id = Orders.order_date;', '1', '1');
INSERT INTO "QueryColumnAccess" ("queryId", "columnId")
    VALUES ('1520', '3');
INSERT INTO "QueryColumnAccess" ("queryId", "columnId")
    VALUES ('1520', '3');
INSERT INTO "QueryTableAccess" ("queryId", "tableId")
    VALUES ('1520', '5');
INSERT INTO "QueryTableAccess" ("queryId", "tableId")
    VALUES ('1520', '2');
SELECT 'Customers.customer_id', 'Products.description' FROM Customers NATURAL JOIN Products ON 'Customers.customer_id' = 'Products.description';
INSERT INTO "SqlQuery" ("queryId", "userId", "issuedAt", "finishedAt", "hasError", "errorMessage", "statement", "projectId", "queryTypeId")
    VALUES ('1521', '11', '2023-05-27 21:52:06.043760', '2023-05-27 21:52:10.043760', 'False', 'None', 'SELECT Customers.customer_id, Products.description FROM Customers NATURAL JOIN Products ON Customers.customer_id = Products.description;', '1', '1');
INSERT INTO "QueryColumnAccess" ("queryId", "columnId")
    VALUES ('1521', '1');
INSERT INTO "QueryColumnAccess" ("queryId", "columnId")
    VALUES ('1521', '5');
INSERT INTO "QueryTableAccess" ("queryId", "tableId")
    VALUES ('1521', '1');
INSERT INTO "QueryTableAccess" ("queryId", "tableId")
    VALUES ('1521', '3');
SELECT 'OrderItems.unit_price', 'Customers.first_name' FROM OrderItems RIGHT OUTER JOIN Customers ON 'OrderItems.unit_price' = 'Customers.first_name';
INSERT INTO "SqlQuery" ("queryId", "userId", "issuedAt", "finishedAt", "hasError", "errorMessage", "statement", "projectId", "queryTypeId")
    VALUES ('1522', '15', '2023-05-06 21:52:06.043768', '2023-05-06 21:52:08.043768', 'False', 'None', 'SELECT OrderItems.unit_price, Customers.first_name FROM OrderItems RIGHT OUTER JOIN Customers ON OrderItems.unit_price = Customers.first_name;', '1', '1');
INSERT INTO "QueryColumnAccess" ("queryId", "columnId")
    VALUES ('1522', '5');
INSERT INTO "QueryColumnAccess" ("queryId", "columnId")
    VALUES ('1522', '2');
INSERT INTO "QueryTableAccess" ("queryId", "tableId")
    VALUES ('1522', '5');
INSERT INTO "QueryTableAccess" ("queryId", "tableId")
    VALUES ('1522', '1');
SELECT 'Categories.category_id', 'Customers.last_name' FROM Categories RIGHT OUTER JOIN Customers ON 'Categories.category_id' = 'Customers.last_name';
INSERT INTO "SqlQuery" ("queryId", "userId", "issuedAt", "finishedAt", "hasError", "errorMessage", "statement", "projectId", "queryTypeId")
    VALUES ('1523', '15', '2023-06-09 21:52:06.043777', '2023-06-09 21:52:09.043777', 'False', 'None', 'SELECT Categories.category_id, Customers.last_name FROM Categories RIGHT OUTER JOIN Customers ON Categories.category_id = Customers.last_name;', '1', '1');
INSERT INTO "QueryColumnAccess" ("queryId", "columnId")
    VALUES ('1523', '1');
INSERT INTO "QueryColumnAccess" ("queryId", "columnId")
    VALUES ('1523', '3');
INSERT INTO "QueryTableAccess" ("queryId", "tableId")
    VALUES ('1523', '4');
INSERT INTO "QueryTableAccess" ("queryId", "tableId")
    VALUES ('1523', '1');
SELECT 'Products.product_name', 'OrderItems.order_id' FROM Products RIGHT OUTER JOIN OrderItems ON 'Products.product_name' = 'OrderItems.order_id';
INSERT INTO "SqlQuery" ("queryId", "userId", "issuedAt", "finishedAt", "hasError", "errorMessage", "statement", "projectId", "queryTypeId")
    VALUES ('1524', '14', '2023-04-16 21:52:06.043786', '2023-04-16 21:52:08.043786', 'False', 'None', 'SELECT Products.product_name, OrderItems.order_id FROM Products RIGHT OUTER JOIN OrderItems ON Products.product_name = OrderItems.order_id;', '1', '1');
INSERT INTO "QueryColumnAccess" ("queryId", "columnId")
    VALUES ('1524', '2');
INSERT INTO "QueryColumnAccess" ("queryId", "columnId")
    VALUES ('1524', '2');
INSERT INTO "QueryTableAccess" ("queryId", "tableId")
    VALUES ('1524', '3');
INSERT INTO "QueryTableAccess" ("queryId", "tableId")
    VALUES ('1524', '5');
SELECT 'Products.quantity', 'OrderItems.product_id' FROM Products NATURAL JOIN OrderItems ON 'Products.quantity' = 'OrderItems.product_id';
INSERT INTO "SqlQuery" ("queryId", "userId", "issuedAt", "finishedAt", "hasError", "errorMessage", "statement", "projectId", "queryTypeId")
    VALUES ('1525', '9', '2023-04-19 21:52:06.043794', '2023-04-19 21:52:10.043794', 'False', 'None', 'SELECT Products.quantity, OrderItems.product_id FROM Products NATURAL JOIN OrderItems ON Products.quantity = OrderItems.product_id;', '1', '1');
INSERT INTO "QueryColumnAccess" ("queryId", "columnId")
    VALUES ('1525', '6');
INSERT INTO "QueryColumnAccess" ("queryId", "columnId")
    VALUES ('1525', '3');
INSERT INTO "QueryTableAccess" ("queryId", "tableId")
    VALUES ('1525', '3');
INSERT INTO "QueryTableAccess" ("queryId", "tableId")
    VALUES ('1525', '5');
SELECT 'OrderItems.product_id', 'Categories.category_id' FROM OrderItems LEFT OUTER JOIN Categories ON 'OrderItems.product_id' = 'Categories.category_id';
INSERT INTO "SqlQuery" ("queryId", "userId", "issuedAt", "finishedAt", "hasError", "errorMessage", "statement", "projectId", "queryTypeId")
    VALUES ('1526', '1', '2023-05-21 21:52:06.043803', '2023-05-21 21:52:10.043803', 'False', 'None', 'SELECT OrderItems.product_id, Categories.category_id FROM OrderItems LEFT OUTER JOIN Categories ON OrderItems.product_id = Categories.category_id;', '1', '1');
INSERT INTO "QueryColumnAccess" ("queryId", "columnId")
    VALUES ('1526', '3');
INSERT INTO "QueryColumnAccess" ("queryId", "columnId")
    VALUES ('1526', '1');
INSERT INTO "QueryTableAccess" ("queryId", "tableId")
    VALUES ('1526', '5');
INSERT INTO "QueryTableAccess" ("queryId", "tableId")
    VALUES ('1526', '4');
SELECT 'Products.description', 'Categories.description' FROM Products LEFT OUTER JOIN Categories ON 'Products.description' = 'Categories.description';
INSERT INTO "SqlQuery" ("queryId", "userId", "issuedAt", "finishedAt", "hasError", "errorMessage", "statement", "projectId", "queryTypeId")
    VALUES ('1527', '10', '2023-04-24 21:52:06.043812', '2023-04-24 21:52:10.043812', 'False', 'None', 'SELECT Products.description, Categories.description FROM Products LEFT OUTER JOIN Categories ON Products.description = Categories.description;', '1', '1');
INSERT INTO "QueryColumnAccess" ("queryId", "columnId")
    VALUES ('1527', '5');
INSERT INTO "QueryColumnAccess" ("queryId", "columnId")
    VALUES ('1527', '3');
INSERT INTO "QueryTableAccess" ("queryId", "tableId")
    VALUES ('1527', '3');
INSERT INTO "QueryTableAccess" ("queryId", "tableId")
    VALUES ('1527', '4');
SELECT 'Orders.customer_id', 'OrderItems.quantity' FROM Orders NATURAL JOIN OrderItems ON 'Orders.customer_id' = 'OrderItems.quantity';
INSERT INTO "SqlQuery" ("queryId", "userId", "issuedAt", "finishedAt", "hasError", "errorMessage", "statement", "projectId", "queryTypeId")
    VALUES ('1528', '7', '2023-05-04 21:52:06.043820', '2023-05-04 21:52:10.043820', 'False', 'None', 'SELECT Orders.customer_id, OrderItems.quantity FROM Orders NATURAL JOIN OrderItems ON Orders.customer_id = OrderItems.quantity;', '1', '1');
INSERT INTO "QueryColumnAccess" ("queryId", "columnId")
    VALUES ('1528', '2');
INSERT INTO "QueryColumnAccess" ("queryId", "columnId")
    VALUES ('1528', '4');
INSERT INTO "QueryTableAccess" ("queryId", "tableId")
    VALUES ('1528', '2');
INSERT INTO "QueryTableAccess" ("queryId", "tableId")
    VALUES ('1528', '5');
SELECT 'Products.quantity', 'OrderItems.order_item_id' FROM Products LEFT OUTER JOIN OrderItems ON 'Products.quantity' = 'OrderItems.order_item_id';
INSERT INTO "SqlQuery" ("queryId", "userId", "issuedAt", "finishedAt", "hasError", "errorMessage", "statement", "projectId", "queryTypeId")
    VALUES ('1529', '3', '2023-07-05 21:52:06.043829', '2023-07-05 21:52:09.043829', 'False', 'None', 'SELECT Products.quantity, OrderItems.order_item_id FROM Products LEFT OUTER JOIN OrderItems ON Products.quantity = OrderItems.order_item_id;', '1', '1');
INSERT INTO "QueryColumnAccess" ("queryId", "columnId")
    VALUES ('1529', '6');
INSERT INTO "QueryColumnAccess" ("queryId", "columnId")
    VALUES ('1529', '1');
INSERT INTO "QueryTableAccess" ("queryId", "tableId")
    VALUES ('1529', '3');
INSERT INTO "QueryTableAccess" ("queryId", "tableId")
    VALUES ('1529', '5');
SELECT 'Categories.parent_category_id', 'Customers.customer_id' FROM Categories NATURAL JOIN Customers ON 'Categories.parent_category_id' = 'Customers.customer_id';
INSERT INTO "SqlQuery" ("queryId", "userId", "issuedAt", "finishedAt", "hasError", "errorMessage", "statement", "projectId", "queryTypeId")
    VALUES ('1530', '11', '2023-06-09 21:52:06.043844', '2023-06-09 21:52:08.043844', 'False', 'None', 'SELECT Categories.parent_category_id, Customers.customer_id FROM Categories NATURAL JOIN Customers ON Categories.parent_category_id = Customers.customer_id;', '1', '1');
INSERT INTO "QueryColumnAccess" ("queryId", "columnId")
    VALUES ('1530', '4');
INSERT INTO "QueryColumnAccess" ("queryId", "columnId")
    VALUES ('1530', '1');
INSERT INTO "QueryTableAccess" ("queryId", "tableId")
    VALUES ('1530', '4');
INSERT INTO "QueryTableAccess" ("queryId", "tableId")
    VALUES ('1530', '1');
SELECT 'Orders.order_id', 'Customers.phone_number' FROM Orders LEFT OUTER JOIN Customers ON 'Orders.order_id' = 'Customers.phone_number';
INSERT INTO "SqlQuery" ("queryId", "userId", "issuedAt", "finishedAt", "hasError", "errorMessage", "statement", "projectId", "queryTypeId")
    VALUES ('1531', '14', '2023-06-27 21:52:06.043853', '2023-06-27 21:52:07.043853', 'False', 'None', 'SELECT Orders.order_id, Customers.phone_number FROM Orders LEFT OUTER JOIN Customers ON Orders.order_id = Customers.phone_number;', '1', '1');
INSERT INTO "QueryColumnAccess" ("queryId", "columnId")
    VALUES ('1531', '1');
INSERT INTO "QueryColumnAccess" ("queryId", "columnId")
    VALUES ('1531', '5');
INSERT INTO "QueryTableAccess" ("queryId", "tableId")
    VALUES ('1531', '2');
INSERT INTO "QueryTableAccess" ("queryId", "tableId")
    VALUES ('1531', '1');
SELECT 'OrderItems.order_item_id', 'Products.product_id' FROM OrderItems RIGHT OUTER JOIN Products ON 'OrderItems.order_item_id' = 'Products.product_id';
INSERT INTO "SqlQuery" ("queryId", "userId", "issuedAt", "finishedAt", "hasError", "errorMessage", "statement", "projectId", "queryTypeId")
    VALUES ('1532', '9', '2023-05-20 21:52:06.043862', '2023-05-20 21:52:07.043862', 'False', 'None', 'SELECT OrderItems.order_item_id, Products.product_id FROM OrderItems RIGHT OUTER JOIN Products ON OrderItems.order_item_id = Products.product_id;', '1', '1');
INSERT INTO "QueryColumnAccess" ("queryId", "columnId")
    VALUES ('1532', '1');
INSERT INTO "QueryColumnAccess" ("queryId", "columnId")
    VALUES ('1532', '1');
INSERT INTO "QueryTableAccess" ("queryId", "tableId")
    VALUES ('1532', '5');
INSERT INTO "QueryTableAccess" ("queryId", "tableId")
    VALUES ('1532', '3');
SELECT 'Products.price', 'Categories.description' FROM Products RIGHT OUTER JOIN Categories ON 'Products.price' = 'Categories.description';
INSERT INTO "SqlQuery" ("queryId", "userId", "issuedAt", "finishedAt", "hasError", "errorMessage", "statement", "projectId", "queryTypeId")
    VALUES ('1533', '5', '2023-05-03 21:52:06.043870', '2023-05-03 21:52:10.043870', 'False', 'None', 'SELECT Products.price, Categories.description FROM Products RIGHT OUTER JOIN Categories ON Products.price = Categories.description;', '1', '1');
INSERT INTO "QueryColumnAccess" ("queryId", "columnId")
    VALUES ('1533', '4');
INSERT INTO "QueryColumnAccess" ("queryId", "columnId")
    VALUES ('1533', '3');
INSERT INTO "QueryTableAccess" ("queryId", "tableId")
    VALUES ('1533', '3');
INSERT INTO "QueryTableAccess" ("queryId", "tableId")
    VALUES ('1533', '4');
SELECT 'OrderItems.order_id', 'Categories.category_id' FROM OrderItems RIGHT OUTER JOIN Categories ON 'OrderItems.order_id' = 'Categories.category_id';
INSERT INTO "SqlQuery" ("queryId", "userId", "issuedAt", "finishedAt", "hasError", "errorMessage", "statement", "projectId", "queryTypeId")
    VALUES ('1534', '12', '2023-04-24 21:52:06.043879', '2023-04-24 21:52:07.043879', 'False', 'None', 'SELECT OrderItems.order_id, Categories.category_id FROM OrderItems RIGHT OUTER JOIN Categories ON OrderItems.order_id = Categories.category_id;', '1', '1');
INSERT INTO "QueryColumnAccess" ("queryId", "columnId")
    VALUES ('1534', '2');
INSERT INTO "QueryColumnAccess" ("queryId", "columnId")
    VALUES ('1534', '1');
INSERT INTO "QueryTableAccess" ("queryId", "tableId")
    VALUES ('1534', '5');
INSERT INTO "QueryTableAccess" ("queryId", "tableId")
    VALUES ('1534', '4');
SELECT 'Categories.category_id', 'Products.category' FROM Categories NATURAL JOIN Products ON 'Categories.category_id' = 'Products.category';
INSERT INTO "SqlQuery" ("queryId", "userId", "issuedAt", "finishedAt", "hasError", "errorMessage", "statement", "projectId", "queryTypeId")
    VALUES ('1535', '11', '2023-05-03 21:52:06.043888', '2023-05-03 21:52:07.043888', 'False', 'None', 'SELECT Categories.category_id, Products.category FROM Categories NATURAL JOIN Products ON Categories.category_id = Products.category;', '1', '1');
INSERT INTO "QueryColumnAccess" ("queryId", "columnId")
    VALUES ('1535', '1');
INSERT INTO "QueryColumnAccess" ("queryId", "columnId")
    VALUES ('1535', '3');
INSERT INTO "QueryTableAccess" ("queryId", "tableId")
    VALUES ('1535', '4');
INSERT INTO "QueryTableAccess" ("queryId", "tableId")
    VALUES ('1535', '3');
SELECT 'Categories.category_name', 'Orders.payment_method' FROM Categories RIGHT OUTER JOIN Orders ON 'Categories.category_name' = 'Orders.payment_method';
INSERT INTO "SqlQuery" ("queryId", "userId", "issuedAt", "finishedAt", "hasError", "errorMessage", "statement", "projectId", "queryTypeId")
    VALUES ('1536', '2', '2023-04-25 21:52:06.043896', '2023-04-25 21:52:08.043896', 'False', 'None', 'SELECT Categories.category_name, Orders.payment_method FROM Categories RIGHT OUTER JOIN Orders ON Categories.category_name = Orders.payment_method;', '1', '1');
INSERT INTO "QueryColumnAccess" ("queryId", "columnId")
    VALUES ('1536', '2');
INSERT INTO "QueryColumnAccess" ("queryId", "columnId")
    VALUES ('1536', '5');
INSERT INTO "QueryTableAccess" ("queryId", "tableId")
    VALUES ('1536', '4');
INSERT INTO "QueryTableAccess" ("queryId", "tableId")
    VALUES ('1536', '2');
SELECT 'Categories.category_id', 'Orders.total_amount' FROM Categories RIGHT OUTER JOIN Orders ON 'Categories.category_id' = 'Orders.total_amount';
INSERT INTO "SqlQuery" ("queryId", "userId", "issuedAt", "finishedAt", "hasError", "errorMessage", "statement", "projectId", "queryTypeId")
    VALUES ('1537', '1', '2023-05-28 21:52:06.043905', '2023-05-28 21:52:08.043905', 'False', 'None', 'SELECT Categories.category_id, Orders.total_amount FROM Categories RIGHT OUTER JOIN Orders ON Categories.category_id = Orders.total_amount;', '1', '1');
INSERT INTO "QueryColumnAccess" ("queryId", "columnId")
    VALUES ('1537', '1');
INSERT INTO "QueryColumnAccess" ("queryId", "columnId")
    VALUES ('1537', '4');
INSERT INTO "QueryTableAccess" ("queryId", "tableId")
    VALUES ('1537', '4');
INSERT INTO "QueryTableAccess" ("queryId", "tableId")
    VALUES ('1537', '2');
SELECT 'OrderItems.product_id', 'Customers.email' FROM OrderItems NATURAL JOIN Customers ON 'OrderItems.product_id' = 'Customers.email';
INSERT INTO "SqlQuery" ("queryId", "userId", "issuedAt", "finishedAt", "hasError", "errorMessage", "statement", "projectId", "queryTypeId")
    VALUES ('1538', '7', '2023-04-22 21:52:06.043914', '2023-04-22 21:52:08.043914', 'False', 'None', 'SELECT OrderItems.product_id, Customers.email FROM OrderItems NATURAL JOIN Customers ON OrderItems.product_id = Customers.email;', '1', '1');
INSERT INTO "QueryColumnAccess" ("queryId", "columnId")
    VALUES ('1538', '3');
INSERT INTO "QueryColumnAccess" ("queryId", "columnId")
    VALUES ('1538', '4');
INSERT INTO "QueryTableAccess" ("queryId", "tableId")
    VALUES ('1538', '5');
INSERT INTO "QueryTableAccess" ("queryId", "tableId")
    VALUES ('1538', '1');
SELECT 'Orders.shipping_address', 'Products.product_id' FROM Orders LEFT OUTER JOIN Products ON 'Orders.shipping_address' = 'Products.product_id';
INSERT INTO "SqlQuery" ("queryId", "userId", "issuedAt", "finishedAt", "hasError", "errorMessage", "statement", "projectId", "queryTypeId")
    VALUES ('1539', '4', '2023-04-17 21:52:06.043930', '2023-04-17 21:52:09.043930', 'False', 'None', 'SELECT Orders.shipping_address, Products.product_id FROM Orders LEFT OUTER JOIN Products ON Orders.shipping_address = Products.product_id;', '1', '1');
INSERT INTO "QueryColumnAccess" ("queryId", "columnId")
    VALUES ('1539', '6');
INSERT INTO "QueryColumnAccess" ("queryId", "columnId")
    VALUES ('1539', '1');
INSERT INTO "QueryTableAccess" ("queryId", "tableId")
    VALUES ('1539', '2');
INSERT INTO "QueryTableAccess" ("queryId", "tableId")
    VALUES ('1539', '3');
SELECT 'Categories.description', 'OrderItems.order_item_id' FROM Categories NATURAL JOIN OrderItems ON 'Categories.description' = 'OrderItems.order_item_id';
INSERT INTO "SqlQuery" ("queryId", "userId", "issuedAt", "finishedAt", "hasError", "errorMessage", "statement", "projectId", "queryTypeId")
    VALUES ('1540', '9', '2023-05-07 21:52:06.043939', '2023-05-07 21:52:08.043939', 'False', 'None', 'SELECT Categories.description, OrderItems.order_item_id FROM Categories NATURAL JOIN OrderItems ON Categories.description = OrderItems.order_item_id;', '1', '1');
INSERT INTO "QueryColumnAccess" ("queryId", "columnId")
    VALUES ('1540', '3');
INSERT INTO "QueryColumnAccess" ("queryId", "columnId")
    VALUES ('1540', '1');
INSERT INTO "QueryTableAccess" ("queryId", "tableId")
    VALUES ('1540', '4');
INSERT INTO "QueryTableAccess" ("queryId", "tableId")
    VALUES ('1540', '5');
SELECT 'Categories.description', 'Products.product_name' FROM Categories RIGHT OUTER JOIN Products ON 'Categories.description' = 'Products.product_name';
INSERT INTO "SqlQuery" ("queryId", "userId", "issuedAt", "finishedAt", "hasError", "errorMessage", "statement", "projectId", "queryTypeId")
    VALUES ('1541', '10', '2023-05-26 21:52:06.043948', '2023-05-26 21:52:07.043948', 'False', 'None', 'SELECT Categories.description, Products.product_name FROM Categories RIGHT OUTER JOIN Products ON Categories.description = Products.product_name;', '1', '1');
INSERT INTO "QueryColumnAccess" ("queryId", "columnId")
    VALUES ('1541', '3');
INSERT INTO "QueryColumnAccess" ("queryId", "columnId")
    VALUES ('1541', '2');
INSERT INTO "QueryTableAccess" ("queryId", "tableId")
    VALUES ('1541', '4');
INSERT INTO "QueryTableAccess" ("queryId", "tableId")
    VALUES ('1541', '3');
SELECT 'Customers.first_name', 'Categories.category_id' FROM Customers RIGHT OUTER JOIN Categories ON 'Customers.first_name' = 'Categories.category_id';
INSERT INTO "SqlQuery" ("queryId", "userId", "issuedAt", "finishedAt", "hasError", "errorMessage", "statement", "projectId", "queryTypeId")
    VALUES ('1542', '11', '2023-07-02 21:52:06.043957', '2023-07-02 21:52:09.043957', 'False', 'None', 'SELECT Customers.first_name, Categories.category_id FROM Customers RIGHT OUTER JOIN Categories ON Customers.first_name = Categories.category_id;', '1', '1');
INSERT INTO "QueryColumnAccess" ("queryId", "columnId")
    VALUES ('1542', '2');
INSERT INTO "QueryColumnAccess" ("queryId", "columnId")
    VALUES ('1542', '1');
INSERT INTO "QueryTableAccess" ("queryId", "tableId")
    VALUES ('1542', '1');
INSERT INTO "QueryTableAccess" ("queryId", "tableId")
    VALUES ('1542', '4');
SELECT 'Orders.customer_id', 'Customers.last_name' FROM Orders NATURAL JOIN Customers ON 'Orders.customer_id' = 'Customers.last_name';
INSERT INTO "SqlQuery" ("queryId", "userId", "issuedAt", "finishedAt", "hasError", "errorMessage", "statement", "projectId", "queryTypeId")
    VALUES ('1543', '13', '2023-07-09 21:52:06.043966', '2023-07-09 21:52:07.043966', 'False', 'None', 'SELECT Orders.customer_id, Customers.last_name FROM Orders NATURAL JOIN Customers ON Orders.customer_id = Customers.last_name;', '1', '1');
INSERT INTO "QueryColumnAccess" ("queryId", "columnId")
    VALUES ('1543', '2');
INSERT INTO "QueryColumnAccess" ("queryId", "columnId")
    VALUES ('1543', '3');
INSERT INTO "QueryTableAccess" ("queryId", "tableId")
    VALUES ('1543', '2');
INSERT INTO "QueryTableAccess" ("queryId", "tableId")
    VALUES ('1543', '1');
SELECT 'Products.product_id', 'OrderItems.unit_price' FROM Products NATURAL JOIN OrderItems ON 'Products.product_id' = 'OrderItems.unit_price';
INSERT INTO "SqlQuery" ("queryId", "userId", "issuedAt", "finishedAt", "hasError", "errorMessage", "statement", "projectId", "queryTypeId")
    VALUES ('1544', '8', '2023-05-09 21:52:06.043974', '2023-05-09 21:52:07.043974', 'False', 'None', 'SELECT Products.product_id, OrderItems.unit_price FROM Products NATURAL JOIN OrderItems ON Products.product_id = OrderItems.unit_price;', '1', '1');
INSERT INTO "QueryColumnAccess" ("queryId", "columnId")
    VALUES ('1544', '1');
INSERT INTO "QueryColumnAccess" ("queryId", "columnId")
    VALUES ('1544', '5');
INSERT INTO "QueryTableAccess" ("queryId", "tableId")
    VALUES ('1544', '3');
INSERT INTO "QueryTableAccess" ("queryId", "tableId")
    VALUES ('1544', '5');
SELECT 'Categories.description', 'Products.category' FROM Categories LEFT OUTER JOIN Products ON 'Categories.description' = 'Products.category';
INSERT INTO "SqlQuery" ("queryId", "userId", "issuedAt", "finishedAt", "hasError", "errorMessage", "statement", "projectId", "queryTypeId")
    VALUES ('1545', '7', '2023-05-07 21:52:06.043983', '2023-05-07 21:52:09.043983', 'False', 'None', 'SELECT Categories.description, Products.category FROM Categories LEFT OUTER JOIN Products ON Categories.description = Products.category;', '1', '1');
INSERT INTO "QueryColumnAccess" ("queryId", "columnId")
    VALUES ('1545', '3');
INSERT INTO "QueryColumnAccess" ("queryId", "columnId")
    VALUES ('1545', '3');
INSERT INTO "QueryTableAccess" ("queryId", "tableId")
    VALUES ('1545', '4');
INSERT INTO "QueryTableAccess" ("queryId", "tableId")
    VALUES ('1545', '3');
SELECT 'Orders.payment_method', 'Products.quantity' FROM Orders NATURAL JOIN Products ON 'Orders.payment_method' = 'Products.quantity';
INSERT INTO "SqlQuery" ("queryId", "userId", "issuedAt", "finishedAt", "hasError", "errorMessage", "statement", "projectId", "queryTypeId")
    VALUES ('1546', '14', '2023-06-14 21:52:06.043992', '2023-06-14 21:52:07.043992', 'False', 'None', 'SELECT Orders.payment_method, Products.quantity FROM Orders NATURAL JOIN Products ON Orders.payment_method = Products.quantity;', '1', '1');
INSERT INTO "QueryColumnAccess" ("queryId", "columnId")
    VALUES ('1546', '5');
INSERT INTO "QueryColumnAccess" ("queryId", "columnId")
    VALUES ('1546', '6');
INSERT INTO "QueryTableAccess" ("queryId", "tableId")
    VALUES ('1546', '2');
INSERT INTO "QueryTableAccess" ("queryId", "tableId")
    VALUES ('1546', '3');
SELECT 'OrderItems.order_item_id', 'Products.description' FROM OrderItems RIGHT OUTER JOIN Products ON 'OrderItems.order_item_id' = 'Products.description';
INSERT INTO "SqlQuery" ("queryId", "userId", "issuedAt", "finishedAt", "hasError", "errorMessage", "statement", "projectId", "queryTypeId")
    VALUES ('1547', '7', '2023-05-13 21:52:06.044001', '2023-05-13 21:52:09.044001', 'False', 'None', 'SELECT OrderItems.order_item_id, Products.description FROM OrderItems RIGHT OUTER JOIN Products ON OrderItems.order_item_id = Products.description;', '1', '1');
INSERT INTO "QueryColumnAccess" ("queryId", "columnId")
    VALUES ('1547', '1');
INSERT INTO "QueryColumnAccess" ("queryId", "columnId")
    VALUES ('1547', '5');
INSERT INTO "QueryTableAccess" ("queryId", "tableId")
    VALUES ('1547', '5');
INSERT INTO "QueryTableAccess" ("queryId", "tableId")
    VALUES ('1547', '3');
SELECT 'Categories.category_id', 'Products.price' FROM Categories NATURAL JOIN Products ON 'Categories.category_id' = 'Products.price';
INSERT INTO "SqlQuery" ("queryId", "userId", "issuedAt", "finishedAt", "hasError", "errorMessage", "statement", "projectId", "queryTypeId")
    VALUES ('1548', '14', '2023-04-14 21:52:06.044016', '2023-04-14 21:52:10.044016', 'False', 'None', 'SELECT Categories.category_id, Products.price FROM Categories NATURAL JOIN Products ON Categories.category_id = Products.price;', '1', '1');
INSERT INTO "QueryColumnAccess" ("queryId", "columnId")
    VALUES ('1548', '1');
INSERT INTO "QueryColumnAccess" ("queryId", "columnId")
    VALUES ('1548', '4');
INSERT INTO "QueryTableAccess" ("queryId", "tableId")
    VALUES ('1548', '4');
INSERT INTO "QueryTableAccess" ("queryId", "tableId")
    VALUES ('1548', '3');
SELECT 'Orders.order_date', 'Categories.description' FROM Orders RIGHT OUTER JOIN Categories ON 'Orders.order_date' = 'Categories.description';
INSERT INTO "SqlQuery" ("queryId", "userId", "issuedAt", "finishedAt", "hasError", "errorMessage", "statement", "projectId", "queryTypeId")
    VALUES ('1549', '10', '2023-07-10 21:52:06.044025', '2023-07-10 21:52:07.044025', 'False', 'None', 'SELECT Orders.order_date, Categories.description FROM Orders RIGHT OUTER JOIN Categories ON Orders.order_date = Categories.description;', '1', '1');
INSERT INTO "QueryColumnAccess" ("queryId", "columnId")
    VALUES ('1549', '3');
INSERT INTO "QueryColumnAccess" ("queryId", "columnId")
    VALUES ('1549', '3');
INSERT INTO "QueryTableAccess" ("queryId", "tableId")
    VALUES ('1549', '2');
INSERT INTO "QueryTableAccess" ("queryId", "tableId")
    VALUES ('1549', '4');
SELECT 'Orders.customer_id', 'OrderItems.order_item_id' FROM Orders NATURAL JOIN OrderItems ON 'Orders.customer_id' = 'OrderItems.order_item_id';
INSERT INTO "SqlQuery" ("queryId", "userId", "issuedAt", "finishedAt", "hasError", "errorMessage", "statement", "projectId", "queryTypeId")
    VALUES ('1550', '15', '2023-05-22 21:52:06.044034', '2023-05-22 21:52:08.044034', 'False', 'None', 'SELECT Orders.customer_id, OrderItems.order_item_id FROM Orders NATURAL JOIN OrderItems ON Orders.customer_id = OrderItems.order_item_id;', '1', '1');
INSERT INTO "QueryColumnAccess" ("queryId", "columnId")
    VALUES ('1550', '2');
INSERT INTO "QueryColumnAccess" ("queryId", "columnId")
    VALUES ('1550', '1');
INSERT INTO "QueryTableAccess" ("queryId", "tableId")
    VALUES ('1550', '2');
INSERT INTO "QueryTableAccess" ("queryId", "tableId")
    VALUES ('1550', '5');
SELECT 'Orders.payment_method', 'OrderItems.quantity' FROM Orders LEFT OUTER JOIN OrderItems ON 'Orders.payment_method' = 'OrderItems.quantity';
INSERT INTO "SqlQuery" ("queryId", "userId", "issuedAt", "finishedAt", "hasError", "errorMessage", "statement", "projectId", "queryTypeId")
    VALUES ('1551', '2', '2023-06-06 21:52:06.044042', '2023-06-06 21:52:08.044042', 'False', 'None', 'SELECT Orders.payment_method, OrderItems.quantity FROM Orders LEFT OUTER JOIN OrderItems ON Orders.payment_method = OrderItems.quantity;', '1', '1');
INSERT INTO "QueryColumnAccess" ("queryId", "columnId")
    VALUES ('1551', '5');
INSERT INTO "QueryColumnAccess" ("queryId", "columnId")
    VALUES ('1551', '4');
INSERT INTO "QueryTableAccess" ("queryId", "tableId")
    VALUES ('1551', '2');
INSERT INTO "QueryTableAccess" ("queryId", "tableId")
    VALUES ('1551', '5');
SELECT 'OrderItems.product_id', 'Customers.email' FROM OrderItems NATURAL JOIN Customers ON 'OrderItems.product_id' = 'Customers.email';
INSERT INTO "SqlQuery" ("queryId", "userId", "issuedAt", "finishedAt", "hasError", "errorMessage", "statement", "projectId", "queryTypeId")
    VALUES ('1552', '11', '2023-05-27 21:52:06.044051', '2023-05-27 21:52:09.044051', 'False', 'None', 'SELECT OrderItems.product_id, Customers.email FROM OrderItems NATURAL JOIN Customers ON OrderItems.product_id = Customers.email;', '1', '1');
INSERT INTO "QueryColumnAccess" ("queryId", "columnId")
    VALUES ('1552', '3');
INSERT INTO "QueryColumnAccess" ("queryId", "columnId")
    VALUES ('1552', '4');
INSERT INTO "QueryTableAccess" ("queryId", "tableId")
    VALUES ('1552', '5');
INSERT INTO "QueryTableAccess" ("queryId", "tableId")
    VALUES ('1552', '1');
SELECT 'Categories.category_id', 'OrderItems.order_id' FROM Categories NATURAL JOIN OrderItems ON 'Categories.category_id' = 'OrderItems.order_id';
INSERT INTO "SqlQuery" ("queryId", "userId", "issuedAt", "finishedAt", "hasError", "errorMessage", "statement", "projectId", "queryTypeId")
    VALUES ('1553', '4', '2023-05-18 21:52:06.044060', '2023-05-18 21:52:09.044060', 'False', 'None', 'SELECT Categories.category_id, OrderItems.order_id FROM Categories NATURAL JOIN OrderItems ON Categories.category_id = OrderItems.order_id;', '1', '1');
INSERT INTO "QueryColumnAccess" ("queryId", "columnId")
    VALUES ('1553', '1');
INSERT INTO "QueryColumnAccess" ("queryId", "columnId")
    VALUES ('1553', '2');
INSERT INTO "QueryTableAccess" ("queryId", "tableId")
    VALUES ('1553', '4');
INSERT INTO "QueryTableAccess" ("queryId", "tableId")
    VALUES ('1553', '5');
SELECT 'Customers.email', 'Products.description' FROM Customers LEFT OUTER JOIN Products ON 'Customers.email' = 'Products.description';
INSERT INTO "SqlQuery" ("queryId", "userId", "issuedAt", "finishedAt", "hasError", "errorMessage", "statement", "projectId", "queryTypeId")
    VALUES ('1554', '12', '2023-05-28 21:52:06.044069', '2023-05-28 21:52:10.044069', 'False', 'None', 'SELECT Customers.email, Products.description FROM Customers LEFT OUTER JOIN Products ON Customers.email = Products.description;', '1', '1');
INSERT INTO "QueryColumnAccess" ("queryId", "columnId")
    VALUES ('1554', '4');
INSERT INTO "QueryColumnAccess" ("queryId", "columnId")
    VALUES ('1554', '5');
INSERT INTO "QueryTableAccess" ("queryId", "tableId")
    VALUES ('1554', '1');
INSERT INTO "QueryTableAccess" ("queryId", "tableId")
    VALUES ('1554', '3');
SELECT 'Categories.parent_category_id', 'OrderItems.quantity' FROM Categories LEFT OUTER JOIN OrderItems ON 'Categories.parent_category_id' = 'OrderItems.quantity';
INSERT INTO "SqlQuery" ("queryId", "userId", "issuedAt", "finishedAt", "hasError", "errorMessage", "statement", "projectId", "queryTypeId")
    VALUES ('1555', '14', '2023-06-11 21:52:06.044077', '2023-06-11 21:52:10.044077', 'False', 'None', 'SELECT Categories.parent_category_id, OrderItems.quantity FROM Categories LEFT OUTER JOIN OrderItems ON Categories.parent_category_id = OrderItems.quantity;', '1', '1');
INSERT INTO "QueryColumnAccess" ("queryId", "columnId")
    VALUES ('1555', '4');
INSERT INTO "QueryColumnAccess" ("queryId", "columnId")
    VALUES ('1555', '4');
INSERT INTO "QueryTableAccess" ("queryId", "tableId")
    VALUES ('1555', '4');
INSERT INTO "QueryTableAccess" ("queryId", "tableId")
    VALUES ('1555', '5');
SELECT 'Customers.customer_id', 'OrderItems.product_id' FROM Customers NATURAL JOIN OrderItems ON 'Customers.customer_id' = 'OrderItems.product_id';
INSERT INTO "SqlQuery" ("queryId", "userId", "issuedAt", "finishedAt", "hasError", "errorMessage", "statement", "projectId", "queryTypeId")
    VALUES ('1556', '13', '2023-04-17 21:52:06.044086', '2023-04-17 21:52:08.044086', 'False', 'None', 'SELECT Customers.customer_id, OrderItems.product_id FROM Customers NATURAL JOIN OrderItems ON Customers.customer_id = OrderItems.product_id;', '1', '1');
INSERT INTO "QueryColumnAccess" ("queryId", "columnId")
    VALUES ('1556', '1');
INSERT INTO "QueryColumnAccess" ("queryId", "columnId")
    VALUES ('1556', '3');
INSERT INTO "QueryTableAccess" ("queryId", "tableId")
    VALUES ('1556', '1');
INSERT INTO "QueryTableAccess" ("queryId", "tableId")
    VALUES ('1556', '5');
SELECT 'OrderItems.quantity', 'Categories.category_name' FROM OrderItems RIGHT OUTER JOIN Categories ON 'OrderItems.quantity' = 'Categories.category_name';
INSERT INTO "SqlQuery" ("queryId", "userId", "issuedAt", "finishedAt", "hasError", "errorMessage", "statement", "projectId", "queryTypeId")
    VALUES ('1557', '12', '2023-04-21 21:52:06.044099', '2023-04-21 21:52:09.044099', 'False', 'None', 'SELECT OrderItems.quantity, Categories.category_name FROM OrderItems RIGHT OUTER JOIN Categories ON OrderItems.quantity = Categories.category_name;', '1', '1');
INSERT INTO "QueryColumnAccess" ("queryId", "columnId")
    VALUES ('1557', '4');
INSERT INTO "QueryColumnAccess" ("queryId", "columnId")
    VALUES ('1557', '2');
INSERT INTO "QueryTableAccess" ("queryId", "tableId")
    VALUES ('1557', '5');
INSERT INTO "QueryTableAccess" ("queryId", "tableId")
    VALUES ('1557', '4');
SELECT 'Orders.payment_method', 'OrderItems.order_item_id' FROM Orders NATURAL JOIN OrderItems ON 'Orders.payment_method' = 'OrderItems.order_item_id';
INSERT INTO "SqlQuery" ("queryId", "userId", "issuedAt", "finishedAt", "hasError", "errorMessage", "statement", "projectId", "queryTypeId")
    VALUES ('1558', '12', '2023-07-08 21:52:06.044108', '2023-07-08 21:52:07.044108', 'False', 'None', 'SELECT Orders.payment_method, OrderItems.order_item_id FROM Orders NATURAL JOIN OrderItems ON Orders.payment_method = OrderItems.order_item_id;', '1', '1');
INSERT INTO "QueryColumnAccess" ("queryId", "columnId")
    VALUES ('1558', '5');
INSERT INTO "QueryColumnAccess" ("queryId", "columnId")
    VALUES ('1558', '1');
INSERT INTO "QueryTableAccess" ("queryId", "tableId")
    VALUES ('1558', '2');
INSERT INTO "QueryTableAccess" ("queryId", "tableId")
    VALUES ('1558', '5');
SELECT 'Orders.customer_id', 'Categories.parent_category_id' FROM Orders NATURAL JOIN Categories ON 'Orders.customer_id' = 'Categories.parent_category_id';
INSERT INTO "SqlQuery" ("queryId", "userId", "issuedAt", "finishedAt", "hasError", "errorMessage", "statement", "projectId", "queryTypeId")
    VALUES ('1559', '12', '2023-07-06 21:52:06.044117', '2023-07-06 21:52:09.044117', 'False', 'None', 'SELECT Orders.customer_id, Categories.parent_category_id FROM Orders NATURAL JOIN Categories ON Orders.customer_id = Categories.parent_category_id;', '1', '1');
INSERT INTO "QueryColumnAccess" ("queryId", "columnId")
    VALUES ('1559', '2');
INSERT INTO "QueryColumnAccess" ("queryId", "columnId")
    VALUES ('1559', '4');
INSERT INTO "QueryTableAccess" ("queryId", "tableId")
    VALUES ('1559', '2');
INSERT INTO "QueryTableAccess" ("queryId", "tableId")
    VALUES ('1559', '4');
SELECT 'Orders.payment_method', 'Products.product_id' FROM Orders LEFT OUTER JOIN Products ON 'Orders.payment_method' = 'Products.product_id';
INSERT INTO "SqlQuery" ("queryId", "userId", "issuedAt", "finishedAt", "hasError", "errorMessage", "statement", "projectId", "queryTypeId")
    VALUES ('1560', '9', '2023-05-06 21:52:06.044125', '2023-05-06 21:52:10.044125', 'False', 'None', 'SELECT Orders.payment_method, Products.product_id FROM Orders LEFT OUTER JOIN Products ON Orders.payment_method = Products.product_id;', '1', '1');
INSERT INTO "QueryColumnAccess" ("queryId", "columnId")
    VALUES ('1560', '5');
INSERT INTO "QueryColumnAccess" ("queryId", "columnId")
    VALUES ('1560', '1');
INSERT INTO "QueryTableAccess" ("queryId", "tableId")
    VALUES ('1560', '2');
INSERT INTO "QueryTableAccess" ("queryId", "tableId")
    VALUES ('1560', '3');
SELECT 'Categories.parent_category_id', 'Orders.order_date' FROM Categories LEFT OUTER JOIN Orders ON 'Categories.parent_category_id' = 'Orders.order_date';
INSERT INTO "SqlQuery" ("queryId", "userId", "issuedAt", "finishedAt", "hasError", "errorMessage", "statement", "projectId", "queryTypeId")
    VALUES ('1561', '8', '2023-06-05 21:52:06.044134', '2023-06-05 21:52:10.044134', 'False', 'None', 'SELECT Categories.parent_category_id, Orders.order_date FROM Categories LEFT OUTER JOIN Orders ON Categories.parent_category_id = Orders.order_date;', '1', '1');
INSERT INTO "QueryColumnAccess" ("queryId", "columnId")
    VALUES ('1561', '4');
INSERT INTO "QueryColumnAccess" ("queryId", "columnId")
    VALUES ('1561', '3');
INSERT INTO "QueryTableAccess" ("queryId", "tableId")
    VALUES ('1561', '4');
INSERT INTO "QueryTableAccess" ("queryId", "tableId")
    VALUES ('1561', '2');
SELECT 'Products.price', 'Customers.customer_id' FROM Products NATURAL JOIN Customers ON 'Products.price' = 'Customers.customer_id';
INSERT INTO "SqlQuery" ("queryId", "userId", "issuedAt", "finishedAt", "hasError", "errorMessage", "statement", "projectId", "queryTypeId")
    VALUES ('1562', '4', '2023-04-19 21:52:06.044143', '2023-04-19 21:52:10.044143', 'False', 'None', 'SELECT Products.price, Customers.customer_id FROM Products NATURAL JOIN Customers ON Products.price = Customers.customer_id;', '1', '1');
INSERT INTO "QueryColumnAccess" ("queryId", "columnId")
    VALUES ('1562', '4');
INSERT INTO "QueryColumnAccess" ("queryId", "columnId")
    VALUES ('1562', '1');
INSERT INTO "QueryTableAccess" ("queryId", "tableId")
    VALUES ('1562', '3');
INSERT INTO "QueryTableAccess" ("queryId", "tableId")
    VALUES ('1562', '1');
SELECT 'Categories.category_id', 'Orders.payment_method' FROM Categories NATURAL JOIN Orders ON 'Categories.category_id' = 'Orders.payment_method';
INSERT INTO "SqlQuery" ("queryId", "userId", "issuedAt", "finishedAt", "hasError", "errorMessage", "statement", "projectId", "queryTypeId")
    VALUES ('1563', '1', '2023-06-22 21:52:06.044152', '2023-06-22 21:52:07.044152', 'False', 'None', 'SELECT Categories.category_id, Orders.payment_method FROM Categories NATURAL JOIN Orders ON Categories.category_id = Orders.payment_method;', '1', '1');
INSERT INTO "QueryColumnAccess" ("queryId", "columnId")
    VALUES ('1563', '1');
INSERT INTO "QueryColumnAccess" ("queryId", "columnId")
    VALUES ('1563', '5');
INSERT INTO "QueryTableAccess" ("queryId", "tableId")
    VALUES ('1563', '4');
INSERT INTO "QueryTableAccess" ("queryId", "tableId")
    VALUES ('1563', '2');
SELECT 'Categories.category_name', 'Products.description' FROM Categories NATURAL JOIN Products ON 'Categories.category_name' = 'Products.description';
INSERT INTO "SqlQuery" ("queryId", "userId", "issuedAt", "finishedAt", "hasError", "errorMessage", "statement", "projectId", "queryTypeId")
    VALUES ('1564', '2', '2023-06-16 21:52:06.044161', '2023-06-16 21:52:07.044161', 'False', 'None', 'SELECT Categories.category_name, Products.description FROM Categories NATURAL JOIN Products ON Categories.category_name = Products.description;', '1', '1');
INSERT INTO "QueryColumnAccess" ("queryId", "columnId")
    VALUES ('1564', '2');
INSERT INTO "QueryColumnAccess" ("queryId", "columnId")
    VALUES ('1564', '5');
INSERT INTO "QueryTableAccess" ("queryId", "tableId")
    VALUES ('1564', '4');
INSERT INTO "QueryTableAccess" ("queryId", "tableId")
    VALUES ('1564', '3');
SELECT 'OrderItems.product_id', 'Orders.order_id' FROM OrderItems NATURAL JOIN Orders ON 'OrderItems.product_id' = 'Orders.order_id';
INSERT INTO "SqlQuery" ("queryId", "userId", "issuedAt", "finishedAt", "hasError", "errorMessage", "statement", "projectId", "queryTypeId")
    VALUES ('1565', '13', '2023-06-21 21:52:06.044170', '2023-06-21 21:52:08.044170', 'False', 'None', 'SELECT OrderItems.product_id, Orders.order_id FROM OrderItems NATURAL JOIN Orders ON OrderItems.product_id = Orders.order_id;', '1', '1');
INSERT INTO "QueryColumnAccess" ("queryId", "columnId")
    VALUES ('1565', '3');
INSERT INTO "QueryColumnAccess" ("queryId", "columnId")
    VALUES ('1565', '1');
INSERT INTO "QueryTableAccess" ("queryId", "tableId")
    VALUES ('1565', '5');
INSERT INTO "QueryTableAccess" ("queryId", "tableId")
    VALUES ('1565', '2');
SELECT 'Orders.order_id', 'Products.price' FROM Orders RIGHT OUTER JOIN Products ON 'Orders.order_id' = 'Products.price';
INSERT INTO "SqlQuery" ("queryId", "userId", "issuedAt", "finishedAt", "hasError", "errorMessage", "statement", "projectId", "queryTypeId")
    VALUES ('1566', '1', '2023-07-05 21:52:06.044179', '2023-07-05 21:52:09.044179', 'False', 'None', 'SELECT Orders.order_id, Products.price FROM Orders RIGHT OUTER JOIN Products ON Orders.order_id = Products.price;', '1', '1');
INSERT INTO "QueryColumnAccess" ("queryId", "columnId")
    VALUES ('1566', '1');
INSERT INTO "QueryColumnAccess" ("queryId", "columnId")
    VALUES ('1566', '4');
INSERT INTO "QueryTableAccess" ("queryId", "tableId")
    VALUES ('1566', '2');
INSERT INTO "QueryTableAccess" ("queryId", "tableId")
    VALUES ('1566', '3');
SELECT 'Categories.parent_category_id', 'OrderItems.order_id' FROM Categories NATURAL JOIN OrderItems ON 'Categories.parent_category_id' = 'OrderItems.order_id';
INSERT INTO "SqlQuery" ("queryId", "userId", "issuedAt", "finishedAt", "hasError", "errorMessage", "statement", "projectId", "queryTypeId")
    VALUES ('1567', '3', '2023-04-29 21:52:06.044192', '2023-04-29 21:52:07.044192', 'False', 'None', 'SELECT Categories.parent_category_id, OrderItems.order_id FROM Categories NATURAL JOIN OrderItems ON Categories.parent_category_id = OrderItems.order_id;', '1', '1');
INSERT INTO "QueryColumnAccess" ("queryId", "columnId")
    VALUES ('1567', '4');
INSERT INTO "QueryColumnAccess" ("queryId", "columnId")
    VALUES ('1567', '2');
INSERT INTO "QueryTableAccess" ("queryId", "tableId")
    VALUES ('1567', '4');
INSERT INTO "QueryTableAccess" ("queryId", "tableId")
    VALUES ('1567', '5');
SELECT 'Orders.shipping_address', 'Customers.first_name' FROM Orders NATURAL JOIN Customers ON 'Orders.shipping_address' = 'Customers.first_name';
INSERT INTO "SqlQuery" ("queryId", "userId", "issuedAt", "finishedAt", "hasError", "errorMessage", "statement", "projectId", "queryTypeId")
    VALUES ('1568', '5', '2023-05-31 21:52:06.044201', '2023-05-31 21:52:09.044201', 'False', 'None', 'SELECT Orders.shipping_address, Customers.first_name FROM Orders NATURAL JOIN Customers ON Orders.shipping_address = Customers.first_name;', '1', '1');
INSERT INTO "QueryColumnAccess" ("queryId", "columnId")
    VALUES ('1568', '6');
INSERT INTO "QueryColumnAccess" ("queryId", "columnId")
    VALUES ('1568', '2');
INSERT INTO "QueryTableAccess" ("queryId", "tableId")
    VALUES ('1568', '2');
INSERT INTO "QueryTableAccess" ("queryId", "tableId")
    VALUES ('1568', '1');
SELECT 'Orders.payment_method', 'Products.product_id' FROM Orders LEFT OUTER JOIN Products ON 'Orders.payment_method' = 'Products.product_id';
INSERT INTO "SqlQuery" ("queryId", "userId", "issuedAt", "finishedAt", "hasError", "errorMessage", "statement", "projectId", "queryTypeId")
    VALUES ('1569', '14', '2023-05-19 21:52:06.044210', '2023-05-19 21:52:07.044210', 'False', 'None', 'SELECT Orders.payment_method, Products.product_id FROM Orders LEFT OUTER JOIN Products ON Orders.payment_method = Products.product_id;', '1', '1');
INSERT INTO "QueryColumnAccess" ("queryId", "columnId")
    VALUES ('1569', '5');
INSERT INTO "QueryColumnAccess" ("queryId", "columnId")
    VALUES ('1569', '1');
INSERT INTO "QueryTableAccess" ("queryId", "tableId")
    VALUES ('1569', '2');
INSERT INTO "QueryTableAccess" ("queryId", "tableId")
    VALUES ('1569', '3');
SELECT 'Products.product_id', 'Orders.order_date' FROM Products NATURAL JOIN Orders ON 'Products.product_id' = 'Orders.order_date';
INSERT INTO "SqlQuery" ("queryId", "userId", "issuedAt", "finishedAt", "hasError", "errorMessage", "statement", "projectId", "queryTypeId")
    VALUES ('1570', '9', '2023-04-28 21:52:06.044219', '2023-04-28 21:52:07.044219', 'False', 'None', 'SELECT Products.product_id, Orders.order_date FROM Products NATURAL JOIN Orders ON Products.product_id = Orders.order_date;', '1', '1');
INSERT INTO "QueryColumnAccess" ("queryId", "columnId")
    VALUES ('1570', '1');
INSERT INTO "QueryColumnAccess" ("queryId", "columnId")
    VALUES ('1570', '3');
INSERT INTO "QueryTableAccess" ("queryId", "tableId")
    VALUES ('1570', '3');
INSERT INTO "QueryTableAccess" ("queryId", "tableId")
    VALUES ('1570', '2');
SELECT 'Products.product_id', 'OrderItems.order_item_id' FROM Products NATURAL JOIN OrderItems ON 'Products.product_id' = 'OrderItems.order_item_id';
INSERT INTO "SqlQuery" ("queryId", "userId", "issuedAt", "finishedAt", "hasError", "errorMessage", "statement", "projectId", "queryTypeId")
    VALUES ('1571', '2', '2023-05-16 21:52:06.044227', '2023-05-16 21:52:10.044227', 'False', 'None', 'SELECT Products.product_id, OrderItems.order_item_id FROM Products NATURAL JOIN OrderItems ON Products.product_id = OrderItems.order_item_id;', '1', '1');
INSERT INTO "QueryColumnAccess" ("queryId", "columnId")
    VALUES ('1571', '1');
INSERT INTO "QueryColumnAccess" ("queryId", "columnId")
    VALUES ('1571', '1');
INSERT INTO "QueryTableAccess" ("queryId", "tableId")
    VALUES ('1571', '3');
INSERT INTO "QueryTableAccess" ("queryId", "tableId")
    VALUES ('1571', '5');
SELECT 'Customers.customer_id', 'Orders.customer_id' FROM Customers NATURAL JOIN Orders ON 'Customers.customer_id' = 'Orders.customer_id';
INSERT INTO "SqlQuery" ("queryId", "userId", "issuedAt", "finishedAt", "hasError", "errorMessage", "statement", "projectId", "queryTypeId")
    VALUES ('1572', '14', '2023-06-24 21:52:06.044236', '2023-06-24 21:52:08.044236', 'False', 'None', 'SELECT Customers.customer_id, Orders.customer_id FROM Customers NATURAL JOIN Orders ON Customers.customer_id = Orders.customer_id;', '1', '1');
INSERT INTO "QueryColumnAccess" ("queryId", "columnId")
    VALUES ('1572', '1');
INSERT INTO "QueryColumnAccess" ("queryId", "columnId")
    VALUES ('1572', '2');
INSERT INTO "QueryTableAccess" ("queryId", "tableId")
    VALUES ('1572', '1');
INSERT INTO "QueryTableAccess" ("queryId", "tableId")
    VALUES ('1572', '2');
SELECT 'Orders.customer_id', 'Categories.category_id' FROM Orders LEFT OUTER JOIN Categories ON 'Orders.customer_id' = 'Categories.category_id';
INSERT INTO "SqlQuery" ("queryId", "userId", "issuedAt", "finishedAt", "hasError", "errorMessage", "statement", "projectId", "queryTypeId")
    VALUES ('1573', '7', '2023-06-20 21:52:06.044245', '2023-06-20 21:52:10.044245', 'False', 'None', 'SELECT Orders.customer_id, Categories.category_id FROM Orders LEFT OUTER JOIN Categories ON Orders.customer_id = Categories.category_id;', '1', '1');
INSERT INTO "QueryColumnAccess" ("queryId", "columnId")
    VALUES ('1573', '2');
INSERT INTO "QueryColumnAccess" ("queryId", "columnId")
    VALUES ('1573', '1');
INSERT INTO "QueryTableAccess" ("queryId", "tableId")
    VALUES ('1573', '2');
INSERT INTO "QueryTableAccess" ("queryId", "tableId")
    VALUES ('1573', '4');
SELECT 'Categories.description', 'Customers.phone_number' FROM Categories LEFT OUTER JOIN Customers ON 'Categories.description' = 'Customers.phone_number';
INSERT INTO "SqlQuery" ("queryId", "userId", "issuedAt", "finishedAt", "hasError", "errorMessage", "statement", "projectId", "queryTypeId")
    VALUES ('1574', '9', '2023-05-07 21:52:06.044254', '2023-05-07 21:52:07.044254', 'False', 'None', 'SELECT Categories.description, Customers.phone_number FROM Categories LEFT OUTER JOIN Customers ON Categories.description = Customers.phone_number;', '1', '1');
INSERT INTO "QueryColumnAccess" ("queryId", "columnId")
    VALUES ('1574', '3');
INSERT INTO "QueryColumnAccess" ("queryId", "columnId")
    VALUES ('1574', '5');
INSERT INTO "QueryTableAccess" ("queryId", "tableId")
    VALUES ('1574', '4');
INSERT INTO "QueryTableAccess" ("queryId", "tableId")
    VALUES ('1574', '1');
SELECT 'Orders.order_date', 'Products.price' FROM Orders RIGHT OUTER JOIN Products ON 'Orders.order_date' = 'Products.price';
INSERT INTO "SqlQuery" ("queryId", "userId", "issuedAt", "finishedAt", "hasError", "errorMessage", "statement", "projectId", "queryTypeId")
    VALUES ('1575', '13', '2023-05-06 21:52:06.044263', '2023-05-06 21:52:09.044263', 'False', 'None', 'SELECT Orders.order_date, Products.price FROM Orders RIGHT OUTER JOIN Products ON Orders.order_date = Products.price;', '1', '1');
INSERT INTO "QueryColumnAccess" ("queryId", "columnId")
    VALUES ('1575', '3');
INSERT INTO "QueryColumnAccess" ("queryId", "columnId")
    VALUES ('1575', '4');
INSERT INTO "QueryTableAccess" ("queryId", "tableId")
    VALUES ('1575', '2');
INSERT INTO "QueryTableAccess" ("queryId", "tableId")
    VALUES ('1575', '3');
SELECT 'Orders.payment_method', 'Categories.parent_category_id' FROM Orders NATURAL JOIN Categories ON 'Orders.payment_method' = 'Categories.parent_category_id';
INSERT INTO "SqlQuery" ("queryId", "userId", "issuedAt", "finishedAt", "hasError", "errorMessage", "statement", "projectId", "queryTypeId")
    VALUES ('1576', '13', '2023-05-08 21:52:06.044274', '2023-05-08 21:52:07.044274', 'False', 'None', 'SELECT Orders.payment_method, Categories.parent_category_id FROM Orders NATURAL JOIN Categories ON Orders.payment_method = Categories.parent_category_id;', '1', '1');
INSERT INTO "QueryColumnAccess" ("queryId", "columnId")
    VALUES ('1576', '5');
INSERT INTO "QueryColumnAccess" ("queryId", "columnId")
    VALUES ('1576', '4');
INSERT INTO "QueryTableAccess" ("queryId", "tableId")
    VALUES ('1576', '2');
INSERT INTO "QueryTableAccess" ("queryId", "tableId")
    VALUES ('1576', '4');
SELECT 'OrderItems.order_id', 'Customers.customer_id' FROM OrderItems NATURAL JOIN Customers ON 'OrderItems.order_id' = 'Customers.customer_id';
INSERT INTO "SqlQuery" ("queryId", "userId", "issuedAt", "finishedAt", "hasError", "errorMessage", "statement", "projectId", "queryTypeId")
    VALUES ('1577', '4', '2023-06-14 21:52:06.044283', '2023-06-14 21:52:10.044283', 'False', 'None', 'SELECT OrderItems.order_id, Customers.customer_id FROM OrderItems NATURAL JOIN Customers ON OrderItems.order_id = Customers.customer_id;', '1', '1');
INSERT INTO "QueryColumnAccess" ("queryId", "columnId")
    VALUES ('1577', '2');
INSERT INTO "QueryColumnAccess" ("queryId", "columnId")
    VALUES ('1577', '1');
INSERT INTO "QueryTableAccess" ("queryId", "tableId")
    VALUES ('1577', '5');
INSERT INTO "QueryTableAccess" ("queryId", "tableId")
    VALUES ('1577', '1');
SELECT 'Products.quantity', 'Orders.payment_method' FROM Products LEFT OUTER JOIN Orders ON 'Products.quantity' = 'Orders.payment_method';
INSERT INTO "SqlQuery" ("queryId", "userId", "issuedAt", "finishedAt", "hasError", "errorMessage", "statement", "projectId", "queryTypeId")
    VALUES ('1578', '2', '2023-06-16 21:52:06.044292', '2023-06-16 21:52:10.044292', 'False', 'None', 'SELECT Products.quantity, Orders.payment_method FROM Products LEFT OUTER JOIN Orders ON Products.quantity = Orders.payment_method;', '1', '1');
INSERT INTO "QueryColumnAccess" ("queryId", "columnId")
    VALUES ('1578', '6');
INSERT INTO "QueryColumnAccess" ("queryId", "columnId")
    VALUES ('1578', '5');
INSERT INTO "QueryTableAccess" ("queryId", "tableId")
    VALUES ('1578', '3');
INSERT INTO "QueryTableAccess" ("queryId", "tableId")
    VALUES ('1578', '2');
SELECT 'Orders.shipping_address', 'OrderItems.product_id' FROM Orders NATURAL JOIN OrderItems ON 'Orders.shipping_address' = 'OrderItems.product_id';
INSERT INTO "SqlQuery" ("queryId", "userId", "issuedAt", "finishedAt", "hasError", "errorMessage", "statement", "projectId", "queryTypeId")
    VALUES ('1579', '13', '2023-06-15 21:52:06.044301', '2023-06-15 21:52:08.044301', 'False', 'None', 'SELECT Orders.shipping_address, OrderItems.product_id FROM Orders NATURAL JOIN OrderItems ON Orders.shipping_address = OrderItems.product_id;', '1', '1');
INSERT INTO "QueryColumnAccess" ("queryId", "columnId")
    VALUES ('1579', '6');
INSERT INTO "QueryColumnAccess" ("queryId", "columnId")
    VALUES ('1579', '3');
INSERT INTO "QueryTableAccess" ("queryId", "tableId")
    VALUES ('1579', '2');
INSERT INTO "QueryTableAccess" ("queryId", "tableId")
    VALUES ('1579', '5');
SELECT 'Categories.parent_category_id', 'Orders.order_id' FROM Categories RIGHT OUTER JOIN Orders ON 'Categories.parent_category_id' = 'Orders.order_id';
INSERT INTO "SqlQuery" ("queryId", "userId", "issuedAt", "finishedAt", "hasError", "errorMessage", "statement", "projectId", "queryTypeId")
    VALUES ('1580', '7', '2023-06-07 21:52:06.044309', '2023-06-07 21:52:08.044309', 'False', 'None', 'SELECT Categories.parent_category_id, Orders.order_id FROM Categories RIGHT OUTER JOIN Orders ON Categories.parent_category_id = Orders.order_id;', '1', '1');
INSERT INTO "QueryColumnAccess" ("queryId", "columnId")
    VALUES ('1580', '4');
INSERT INTO "QueryColumnAccess" ("queryId", "columnId")
    VALUES ('1580', '1');
INSERT INTO "QueryTableAccess" ("queryId", "tableId")
    VALUES ('1580', '4');
INSERT INTO "QueryTableAccess" ("queryId", "tableId")
    VALUES ('1580', '2');
SELECT 'Products.quantity', 'Categories.description' FROM Products LEFT OUTER JOIN Categories ON 'Products.quantity' = 'Categories.description';
INSERT INTO "SqlQuery" ("queryId", "userId", "issuedAt", "finishedAt", "hasError", "errorMessage", "statement", "projectId", "queryTypeId")
    VALUES ('1581', '8', '2023-05-12 21:52:06.044318', '2023-05-12 21:52:09.044318', 'False', 'None', 'SELECT Products.quantity, Categories.description FROM Products LEFT OUTER JOIN Categories ON Products.quantity = Categories.description;', '1', '1');
INSERT INTO "QueryColumnAccess" ("queryId", "columnId")
    VALUES ('1581', '6');
INSERT INTO "QueryColumnAccess" ("queryId", "columnId")
    VALUES ('1581', '3');
INSERT INTO "QueryTableAccess" ("queryId", "tableId")
    VALUES ('1581', '3');
INSERT INTO "QueryTableAccess" ("queryId", "tableId")
    VALUES ('1581', '4');
SELECT 'Categories.description', 'OrderItems.quantity' FROM Categories RIGHT OUTER JOIN OrderItems ON 'Categories.description' = 'OrderItems.quantity';
INSERT INTO "SqlQuery" ("queryId", "userId", "issuedAt", "finishedAt", "hasError", "errorMessage", "statement", "projectId", "queryTypeId")
    VALUES ('1582', '8', '2023-04-22 21:52:06.044327', '2023-04-22 21:52:10.044327', 'False', 'None', 'SELECT Categories.description, OrderItems.quantity FROM Categories RIGHT OUTER JOIN OrderItems ON Categories.description = OrderItems.quantity;', '1', '1');
INSERT INTO "QueryColumnAccess" ("queryId", "columnId")
    VALUES ('1582', '3');
INSERT INTO "QueryColumnAccess" ("queryId", "columnId")
    VALUES ('1582', '4');
INSERT INTO "QueryTableAccess" ("queryId", "tableId")
    VALUES ('1582', '4');
INSERT INTO "QueryTableAccess" ("queryId", "tableId")
    VALUES ('1582', '5');
SELECT 'Categories.parent_category_id', 'Orders.order_id' FROM Categories NATURAL JOIN Orders ON 'Categories.parent_category_id' = 'Orders.order_id';
INSERT INTO "SqlQuery" ("queryId", "userId", "issuedAt", "finishedAt", "hasError", "errorMessage", "statement", "projectId", "queryTypeId")
    VALUES ('1583', '10', '2023-04-23 21:52:06.044336', '2023-04-23 21:52:10.044336', 'False', 'None', 'SELECT Categories.parent_category_id, Orders.order_id FROM Categories NATURAL JOIN Orders ON Categories.parent_category_id = Orders.order_id;', '1', '1');
INSERT INTO "QueryColumnAccess" ("queryId", "columnId")
    VALUES ('1583', '4');
INSERT INTO "QueryColumnAccess" ("queryId", "columnId")
    VALUES ('1583', '1');
INSERT INTO "QueryTableAccess" ("queryId", "tableId")
    VALUES ('1583', '4');
INSERT INTO "QueryTableAccess" ("queryId", "tableId")
    VALUES ('1583', '2');
SELECT 'Orders.order_date', 'Products.product_id' FROM Orders RIGHT OUTER JOIN Products ON 'Orders.order_date' = 'Products.product_id';
INSERT INTO "SqlQuery" ("queryId", "userId", "issuedAt", "finishedAt", "hasError", "errorMessage", "statement", "projectId", "queryTypeId")
    VALUES ('1584', '4', '2023-07-06 21:52:06.044345', '2023-07-06 21:52:08.044345', 'False', 'None', 'SELECT Orders.order_date, Products.product_id FROM Orders RIGHT OUTER JOIN Products ON Orders.order_date = Products.product_id;', '1', '1');
INSERT INTO "QueryColumnAccess" ("queryId", "columnId")
    VALUES ('1584', '3');
INSERT INTO "QueryColumnAccess" ("queryId", "columnId")
    VALUES ('1584', '1');
INSERT INTO "QueryTableAccess" ("queryId", "tableId")
    VALUES ('1584', '2');
INSERT INTO "QueryTableAccess" ("queryId", "tableId")
    VALUES ('1584', '3');
SELECT 'Orders.order_id', 'OrderItems.order_id' FROM Orders RIGHT OUTER JOIN OrderItems ON 'Orders.order_id' = 'OrderItems.order_id';
INSERT INTO "SqlQuery" ("queryId", "userId", "issuedAt", "finishedAt", "hasError", "errorMessage", "statement", "projectId", "queryTypeId")
    VALUES ('1585', '10', '2023-06-14 21:52:06.044359', '2023-06-14 21:52:09.044359', 'False', 'None', 'SELECT Orders.order_id, OrderItems.order_id FROM Orders RIGHT OUTER JOIN OrderItems ON Orders.order_id = OrderItems.order_id;', '1', '1');
INSERT INTO "QueryColumnAccess" ("queryId", "columnId")
    VALUES ('1585', '1');
INSERT INTO "QueryColumnAccess" ("queryId", "columnId")
    VALUES ('1585', '2');
INSERT INTO "QueryTableAccess" ("queryId", "tableId")
    VALUES ('1585', '2');
INSERT INTO "QueryTableAccess" ("queryId", "tableId")
    VALUES ('1585', '5');
SELECT 'OrderItems.product_id', 'Categories.category_name' FROM OrderItems NATURAL JOIN Categories ON 'OrderItems.product_id' = 'Categories.category_name';
INSERT INTO "SqlQuery" ("queryId", "userId", "issuedAt", "finishedAt", "hasError", "errorMessage", "statement", "projectId", "queryTypeId")
    VALUES ('1586', '9', '2023-05-15 21:52:06.044368', '2023-05-15 21:52:09.044368', 'False', 'None', 'SELECT OrderItems.product_id, Categories.category_name FROM OrderItems NATURAL JOIN Categories ON OrderItems.product_id = Categories.category_name;', '1', '1');
INSERT INTO "QueryColumnAccess" ("queryId", "columnId")
    VALUES ('1586', '3');
INSERT INTO "QueryColumnAccess" ("queryId", "columnId")
    VALUES ('1586', '2');
INSERT INTO "QueryTableAccess" ("queryId", "tableId")
    VALUES ('1586', '5');
INSERT INTO "QueryTableAccess" ("queryId", "tableId")
    VALUES ('1586', '4');
SELECT 'Orders.order_id', 'Categories.category_name' FROM Orders LEFT OUTER JOIN Categories ON 'Orders.order_id' = 'Categories.category_name';
INSERT INTO "SqlQuery" ("queryId", "userId", "issuedAt", "finishedAt", "hasError", "errorMessage", "statement", "projectId", "queryTypeId")
    VALUES ('1587', '15', '2023-06-11 21:52:06.044377', '2023-06-11 21:52:09.044377', 'False', 'None', 'SELECT Orders.order_id, Categories.category_name FROM Orders LEFT OUTER JOIN Categories ON Orders.order_id = Categories.category_name;', '1', '1');
INSERT INTO "QueryColumnAccess" ("queryId", "columnId")
    VALUES ('1587', '1');
INSERT INTO "QueryColumnAccess" ("queryId", "columnId")
    VALUES ('1587', '2');
INSERT INTO "QueryTableAccess" ("queryId", "tableId")
    VALUES ('1587', '2');
INSERT INTO "QueryTableAccess" ("queryId", "tableId")
    VALUES ('1587', '4');
SELECT 'Customers.email', 'Categories.description' FROM Customers NATURAL JOIN Categories ON 'Customers.email' = 'Categories.description';
INSERT INTO "SqlQuery" ("queryId", "userId", "issuedAt", "finishedAt", "hasError", "errorMessage", "statement", "projectId", "queryTypeId")
    VALUES ('1588', '3', '2023-04-12 21:52:06.044386', '2023-04-12 21:52:10.044386', 'False', 'None', 'SELECT Customers.email, Categories.description FROM Customers NATURAL JOIN Categories ON Customers.email = Categories.description;', '1', '1');
INSERT INTO "QueryColumnAccess" ("queryId", "columnId")
    VALUES ('1588', '4');
INSERT INTO "QueryColumnAccess" ("queryId", "columnId")
    VALUES ('1588', '3');
INSERT INTO "QueryTableAccess" ("queryId", "tableId")
    VALUES ('1588', '1');
INSERT INTO "QueryTableAccess" ("queryId", "tableId")
    VALUES ('1588', '4');
SELECT 'Categories.category_id', 'OrderItems.unit_price' FROM Categories LEFT OUTER JOIN OrderItems ON 'Categories.category_id' = 'OrderItems.unit_price';
INSERT INTO "SqlQuery" ("queryId", "userId", "issuedAt", "finishedAt", "hasError", "errorMessage", "statement", "projectId", "queryTypeId")
    VALUES ('1589', '12', '2023-06-06 21:52:06.044395', '2023-06-06 21:52:07.044395', 'False', 'None', 'SELECT Categories.category_id, OrderItems.unit_price FROM Categories LEFT OUTER JOIN OrderItems ON Categories.category_id = OrderItems.unit_price;', '1', '1');
INSERT INTO "QueryColumnAccess" ("queryId", "columnId")
    VALUES ('1589', '1');
INSERT INTO "QueryColumnAccess" ("queryId", "columnId")
    VALUES ('1589', '5');
INSERT INTO "QueryTableAccess" ("queryId", "tableId")
    VALUES ('1589', '4');
INSERT INTO "QueryTableAccess" ("queryId", "tableId")
    VALUES ('1589', '5');
SELECT 'OrderItems.quantity', 'Orders.order_date' FROM OrderItems NATURAL JOIN Orders ON 'OrderItems.quantity' = 'Orders.order_date';
INSERT INTO "SqlQuery" ("queryId", "userId", "issuedAt", "finishedAt", "hasError", "errorMessage", "statement", "projectId", "queryTypeId")
    VALUES ('1590', '12', '2023-04-30 21:52:06.044403', '2023-04-30 21:52:08.044403', 'False', 'None', 'SELECT OrderItems.quantity, Orders.order_date FROM OrderItems NATURAL JOIN Orders ON OrderItems.quantity = Orders.order_date;', '1', '1');
INSERT INTO "QueryColumnAccess" ("queryId", "columnId")
    VALUES ('1590', '4');
INSERT INTO "QueryColumnAccess" ("queryId", "columnId")
    VALUES ('1590', '3');
INSERT INTO "QueryTableAccess" ("queryId", "tableId")
    VALUES ('1590', '5');
INSERT INTO "QueryTableAccess" ("queryId", "tableId")
    VALUES ('1590', '2');
SELECT 'Orders.order_date', 'OrderItems.quantity' FROM Orders NATURAL JOIN OrderItems ON 'Orders.order_date' = 'OrderItems.quantity';
INSERT INTO "SqlQuery" ("queryId", "userId", "issuedAt", "finishedAt", "hasError", "errorMessage", "statement", "projectId", "queryTypeId")
    VALUES ('1591', '6', '2023-05-25 21:52:06.044412', '2023-05-25 21:52:09.044412', 'False', 'None', 'SELECT Orders.order_date, OrderItems.quantity FROM Orders NATURAL JOIN OrderItems ON Orders.order_date = OrderItems.quantity;', '1', '1');
INSERT INTO "QueryColumnAccess" ("queryId", "columnId")
    VALUES ('1591', '3');
INSERT INTO "QueryColumnAccess" ("queryId", "columnId")
    VALUES ('1591', '4');
INSERT INTO "QueryTableAccess" ("queryId", "tableId")
    VALUES ('1591', '2');
INSERT INTO "QueryTableAccess" ("queryId", "tableId")
    VALUES ('1591', '5');
SELECT 'Orders.payment_method', 'Products.quantity' FROM Orders NATURAL JOIN Products ON 'Orders.payment_method' = 'Products.quantity';
INSERT INTO "SqlQuery" ("queryId", "userId", "issuedAt", "finishedAt", "hasError", "errorMessage", "statement", "projectId", "queryTypeId")
    VALUES ('1592', '3', '2023-06-12 21:52:06.044420', '2023-06-12 21:52:09.044420', 'False', 'None', 'SELECT Orders.payment_method, Products.quantity FROM Orders NATURAL JOIN Products ON Orders.payment_method = Products.quantity;', '1', '1');
INSERT INTO "QueryColumnAccess" ("queryId", "columnId")
    VALUES ('1592', '5');
INSERT INTO "QueryColumnAccess" ("queryId", "columnId")
    VALUES ('1592', '6');
INSERT INTO "QueryTableAccess" ("queryId", "tableId")
    VALUES ('1592', '2');
INSERT INTO "QueryTableAccess" ("queryId", "tableId")
    VALUES ('1592', '3');
SELECT 'Customers.email', 'Categories.parent_category_id' FROM Customers LEFT OUTER JOIN Categories ON 'Customers.email' = 'Categories.parent_category_id';
INSERT INTO "SqlQuery" ("queryId", "userId", "issuedAt", "finishedAt", "hasError", "errorMessage", "statement", "projectId", "queryTypeId")
    VALUES ('1593', '8', '2023-04-16 21:52:06.044429', '2023-04-16 21:52:09.044429', 'False', 'None', 'SELECT Customers.email, Categories.parent_category_id FROM Customers LEFT OUTER JOIN Categories ON Customers.email = Categories.parent_category_id;', '1', '1');
INSERT INTO "QueryColumnAccess" ("queryId", "columnId")
    VALUES ('1593', '4');
INSERT INTO "QueryColumnAccess" ("queryId", "columnId")
    VALUES ('1593', '4');
INSERT INTO "QueryTableAccess" ("queryId", "tableId")
    VALUES ('1593', '1');
INSERT INTO "QueryTableAccess" ("queryId", "tableId")
    VALUES ('1593', '4');
SELECT 'Orders.order_id', 'Products.quantity' FROM Orders NATURAL JOIN Products ON 'Orders.order_id' = 'Products.quantity';
INSERT INTO "SqlQuery" ("queryId", "userId", "issuedAt", "finishedAt", "hasError", "errorMessage", "statement", "projectId", "queryTypeId")
    VALUES ('1594', '6', '2023-05-27 21:52:06.044438', '2023-05-27 21:52:10.044438', 'False', 'None', 'SELECT Orders.order_id, Products.quantity FROM Orders NATURAL JOIN Products ON Orders.order_id = Products.quantity;', '1', '1');
INSERT INTO "QueryColumnAccess" ("queryId", "columnId")
    VALUES ('1594', '1');
INSERT INTO "QueryColumnAccess" ("queryId", "columnId")
    VALUES ('1594', '6');
INSERT INTO "QueryTableAccess" ("queryId", "tableId")
    VALUES ('1594', '2');
INSERT INTO "QueryTableAccess" ("queryId", "tableId")
    VALUES ('1594', '3');
SELECT 'Products.product_id', 'OrderItems.unit_price' FROM Products NATURAL JOIN OrderItems ON 'Products.product_id' = 'OrderItems.unit_price';
INSERT INTO "SqlQuery" ("queryId", "userId", "issuedAt", "finishedAt", "hasError", "errorMessage", "statement", "projectId", "queryTypeId")
    VALUES ('1595', '4', '2023-05-30 21:52:06.044449', '2023-05-30 21:52:09.044449', 'False', 'None', 'SELECT Products.product_id, OrderItems.unit_price FROM Products NATURAL JOIN OrderItems ON Products.product_id = OrderItems.unit_price;', '1', '1');
INSERT INTO "QueryColumnAccess" ("queryId", "columnId")
    VALUES ('1595', '1');
INSERT INTO "QueryColumnAccess" ("queryId", "columnId")
    VALUES ('1595', '5');
INSERT INTO "QueryTableAccess" ("queryId", "tableId")
    VALUES ('1595', '3');
INSERT INTO "QueryTableAccess" ("queryId", "tableId")
    VALUES ('1595', '5');
SELECT 'Categories.category_name', 'Products.product_id' FROM Categories LEFT OUTER JOIN Products ON 'Categories.category_name' = 'Products.product_id';
INSERT INTO "SqlQuery" ("queryId", "userId", "issuedAt", "finishedAt", "hasError", "errorMessage", "statement", "projectId", "queryTypeId")
    VALUES ('1596', '10', '2023-06-01 21:52:06.044458', '2023-06-01 21:52:09.044458', 'False', 'None', 'SELECT Categories.category_name, Products.product_id FROM Categories LEFT OUTER JOIN Products ON Categories.category_name = Products.product_id;', '1', '1');
INSERT INTO "QueryColumnAccess" ("queryId", "columnId")
    VALUES ('1596', '2');
INSERT INTO "QueryColumnAccess" ("queryId", "columnId")
    VALUES ('1596', '1');
INSERT INTO "QueryTableAccess" ("queryId", "tableId")
    VALUES ('1596', '4');
INSERT INTO "QueryTableAccess" ("queryId", "tableId")
    VALUES ('1596', '3');
SELECT 'Categories.parent_category_id', 'Customers.address' FROM Categories RIGHT OUTER JOIN Customers ON 'Categories.parent_category_id' = 'Customers.address';
INSERT INTO "SqlQuery" ("queryId", "userId", "issuedAt", "finishedAt", "hasError", "errorMessage", "statement", "projectId", "queryTypeId")
    VALUES ('1597', '10', '2023-07-09 21:52:06.044467', '2023-07-09 21:52:08.044467', 'False', 'None', 'SELECT Categories.parent_category_id, Customers.address FROM Categories RIGHT OUTER JOIN Customers ON Categories.parent_category_id = Customers.address;', '1', '1');
INSERT INTO "QueryColumnAccess" ("queryId", "columnId")
    VALUES ('1597', '4');
INSERT INTO "QueryColumnAccess" ("queryId", "columnId")
    VALUES ('1597', '6');
INSERT INTO "QueryTableAccess" ("queryId", "tableId")
    VALUES ('1597', '4');
INSERT INTO "QueryTableAccess" ("queryId", "tableId")
    VALUES ('1597', '1');
SELECT 'Categories.category_name', 'Orders.order_date' FROM Categories LEFT OUTER JOIN Orders ON 'Categories.category_name' = 'Orders.order_date';
INSERT INTO "SqlQuery" ("queryId", "userId", "issuedAt", "finishedAt", "hasError", "errorMessage", "statement", "projectId", "queryTypeId")
    VALUES ('1598', '7', '2023-05-04 21:52:06.044476', '2023-05-04 21:52:09.044476', 'False', 'None', 'SELECT Categories.category_name, Orders.order_date FROM Categories LEFT OUTER JOIN Orders ON Categories.category_name = Orders.order_date;', '1', '1');
INSERT INTO "QueryColumnAccess" ("queryId", "columnId")
    VALUES ('1598', '2');
INSERT INTO "QueryColumnAccess" ("queryId", "columnId")
    VALUES ('1598', '3');
INSERT INTO "QueryTableAccess" ("queryId", "tableId")
    VALUES ('1598', '4');
INSERT INTO "QueryTableAccess" ("queryId", "tableId")
    VALUES ('1598', '2');
SELECT 'Customers.customer_id', 'Products.price' FROM Customers NATURAL JOIN Products ON 'Customers.customer_id' = 'Products.price';
INSERT INTO "SqlQuery" ("queryId", "userId", "issuedAt", "finishedAt", "hasError", "errorMessage", "statement", "projectId", "queryTypeId")
    VALUES ('1599', '15', '2023-05-28 21:52:06.044485', '2023-05-28 21:52:10.044485', 'False', 'None', 'SELECT Customers.customer_id, Products.price FROM Customers NATURAL JOIN Products ON Customers.customer_id = Products.price;', '1', '1');
INSERT INTO "QueryColumnAccess" ("queryId", "columnId")
    VALUES ('1599', '1');
INSERT INTO "QueryColumnAccess" ("queryId", "columnId")
    VALUES ('1599', '4');
INSERT INTO "QueryTableAccess" ("queryId", "tableId")
    VALUES ('1599', '1');
INSERT INTO "QueryTableAccess" ("queryId", "tableId")
    VALUES ('1599', '3');
SELECT 'OrderItems.product_id', 'Categories.category_name' FROM OrderItems NATURAL JOIN Categories ON 'OrderItems.product_id' = 'Categories.category_name';
INSERT INTO "SqlQuery" ("queryId", "userId", "issuedAt", "finishedAt", "hasError", "errorMessage", "statement", "projectId", "queryTypeId")
    VALUES ('1600', '13', '2023-04-21 21:52:06.044493', '2023-04-21 21:52:09.044493', 'False', 'None', 'SELECT OrderItems.product_id, Categories.category_name FROM OrderItems NATURAL JOIN Categories ON OrderItems.product_id = Categories.category_name;', '1', '1');
INSERT INTO "QueryColumnAccess" ("queryId", "columnId")
    VALUES ('1600', '3');
INSERT INTO "QueryColumnAccess" ("queryId", "columnId")
    VALUES ('1600', '2');
INSERT INTO "QueryTableAccess" ("queryId", "tableId")
    VALUES ('1600', '5');
INSERT INTO "QueryTableAccess" ("queryId", "tableId")
    VALUES ('1600', '4');
SELECT 'Orders.order_id', 'Categories.parent_category_id' FROM Orders LEFT OUTER JOIN Categories ON 'Orders.order_id' = 'Categories.parent_category_id';
INSERT INTO "SqlQuery" ("queryId", "userId", "issuedAt", "finishedAt", "hasError", "errorMessage", "statement", "projectId", "queryTypeId")
    VALUES ('1601', '15', '2023-07-04 21:52:06.044502', '2023-07-04 21:52:10.044502', 'False', 'None', 'SELECT Orders.order_id, Categories.parent_category_id FROM Orders LEFT OUTER JOIN Categories ON Orders.order_id = Categories.parent_category_id;', '1', '1');
INSERT INTO "QueryColumnAccess" ("queryId", "columnId")
    VALUES ('1601', '1');
INSERT INTO "QueryColumnAccess" ("queryId", "columnId")
    VALUES ('1601', '4');
INSERT INTO "QueryTableAccess" ("queryId", "tableId")
    VALUES ('1601', '2');
INSERT INTO "QueryTableAccess" ("queryId", "tableId")
    VALUES ('1601', '4');
SELECT 'OrderItems.product_id', 'Orders.total_amount' FROM OrderItems LEFT OUTER JOIN Orders ON 'OrderItems.product_id' = 'Orders.total_amount';
INSERT INTO "SqlQuery" ("queryId", "userId", "issuedAt", "finishedAt", "hasError", "errorMessage", "statement", "projectId", "queryTypeId")
    VALUES ('1602', '13', '2023-06-05 21:52:06.044511', '2023-06-05 21:52:09.044511', 'False', 'None', 'SELECT OrderItems.product_id, Orders.total_amount FROM OrderItems LEFT OUTER JOIN Orders ON OrderItems.product_id = Orders.total_amount;', '1', '1');
INSERT INTO "QueryColumnAccess" ("queryId", "columnId")
    VALUES ('1602', '3');
INSERT INTO "QueryColumnAccess" ("queryId", "columnId")
    VALUES ('1602', '4');
INSERT INTO "QueryTableAccess" ("queryId", "tableId")
    VALUES ('1602', '5');
INSERT INTO "QueryTableAccess" ("queryId", "tableId")
    VALUES ('1602', '2');
SELECT 'Products.category', 'Orders.payment_method' FROM Products NATURAL JOIN Orders ON 'Products.category' = 'Orders.payment_method';
INSERT INTO "SqlQuery" ("queryId", "userId", "issuedAt", "finishedAt", "hasError", "errorMessage", "statement", "projectId", "queryTypeId")
    VALUES ('1603', '5', '2023-05-02 21:52:06.044520', '2023-05-02 21:52:09.044520', 'False', 'None', 'SELECT Products.category, Orders.payment_method FROM Products NATURAL JOIN Orders ON Products.category = Orders.payment_method;', '1', '1');
INSERT INTO "QueryColumnAccess" ("queryId", "columnId")
    VALUES ('1603', '3');
INSERT INTO "QueryColumnAccess" ("queryId", "columnId")
    VALUES ('1603', '5');
INSERT INTO "QueryTableAccess" ("queryId", "tableId")
    VALUES ('1603', '3');
INSERT INTO "QueryTableAccess" ("queryId", "tableId")
    VALUES ('1603', '2');
SELECT 'Products.price', 'Customers.last_name' FROM Products LEFT OUTER JOIN Customers ON 'Products.price' = 'Customers.last_name';
INSERT INTO "SqlQuery" ("queryId", "userId", "issuedAt", "finishedAt", "hasError", "errorMessage", "statement", "projectId", "queryTypeId")
    VALUES ('1604', '15', '2023-04-12 21:52:06.044534', '2023-04-12 21:52:07.044534', 'False', 'None', 'SELECT Products.price, Customers.last_name FROM Products LEFT OUTER JOIN Customers ON Products.price = Customers.last_name;', '1', '1');
INSERT INTO "QueryColumnAccess" ("queryId", "columnId")
    VALUES ('1604', '4');
INSERT INTO "QueryColumnAccess" ("queryId", "columnId")
    VALUES ('1604', '3');
INSERT INTO "QueryTableAccess" ("queryId", "tableId")
    VALUES ('1604', '3');
INSERT INTO "QueryTableAccess" ("queryId", "tableId")
    VALUES ('1604', '1');
SELECT 'Categories.parent_category_id', 'OrderItems.product_id' FROM Categories RIGHT OUTER JOIN OrderItems ON 'Categories.parent_category_id' = 'OrderItems.product_id';
INSERT INTO "SqlQuery" ("queryId", "userId", "issuedAt", "finishedAt", "hasError", "errorMessage", "statement", "projectId", "queryTypeId")
    VALUES ('1605', '9', '2023-04-24 21:52:06.044543', '2023-04-24 21:52:07.044543', 'False', 'None', 'SELECT Categories.parent_category_id, OrderItems.product_id FROM Categories RIGHT OUTER JOIN OrderItems ON Categories.parent_category_id = OrderItems.product_id;', '1', '1');
INSERT INTO "QueryColumnAccess" ("queryId", "columnId")
    VALUES ('1605', '4');
INSERT INTO "QueryColumnAccess" ("queryId", "columnId")
    VALUES ('1605', '3');
INSERT INTO "QueryTableAccess" ("queryId", "tableId")
    VALUES ('1605', '4');
INSERT INTO "QueryTableAccess" ("queryId", "tableId")
    VALUES ('1605', '5');
SELECT 'Categories.category_id', 'Orders.order_date' FROM Categories NATURAL JOIN Orders ON 'Categories.category_id' = 'Orders.order_date';
INSERT INTO "SqlQuery" ("queryId", "userId", "issuedAt", "finishedAt", "hasError", "errorMessage", "statement", "projectId", "queryTypeId")
    VALUES ('1606', '10', '2023-05-25 21:52:06.044552', '2023-05-25 21:52:08.044552', 'False', 'None', 'SELECT Categories.category_id, Orders.order_date FROM Categories NATURAL JOIN Orders ON Categories.category_id = Orders.order_date;', '1', '1');
INSERT INTO "QueryColumnAccess" ("queryId", "columnId")
    VALUES ('1606', '1');
INSERT INTO "QueryColumnAccess" ("queryId", "columnId")
    VALUES ('1606', '3');
INSERT INTO "QueryTableAccess" ("queryId", "tableId")
    VALUES ('1606', '4');
INSERT INTO "QueryTableAccess" ("queryId", "tableId")
    VALUES ('1606', '2');
SELECT 'Products.product_name', 'OrderItems.order_id' FROM Products LEFT OUTER JOIN OrderItems ON 'Products.product_name' = 'OrderItems.order_id';
INSERT INTO "SqlQuery" ("queryId", "userId", "issuedAt", "finishedAt", "hasError", "errorMessage", "statement", "projectId", "queryTypeId")
    VALUES ('1607', '15', '2023-04-19 21:52:06.044561', '2023-04-19 21:52:09.044561', 'False', 'None', 'SELECT Products.product_name, OrderItems.order_id FROM Products LEFT OUTER JOIN OrderItems ON Products.product_name = OrderItems.order_id;', '1', '1');
INSERT INTO "QueryColumnAccess" ("queryId", "columnId")
    VALUES ('1607', '2');
INSERT INTO "QueryColumnAccess" ("queryId", "columnId")
    VALUES ('1607', '2');
INSERT INTO "QueryTableAccess" ("queryId", "tableId")
    VALUES ('1607', '3');
INSERT INTO "QueryTableAccess" ("queryId", "tableId")
    VALUES ('1607', '5');
SELECT 'Orders.customer_id', 'Customers.address' FROM Orders NATURAL JOIN Customers ON 'Orders.customer_id' = 'Customers.address';
INSERT INTO "SqlQuery" ("queryId", "userId", "issuedAt", "finishedAt", "hasError", "errorMessage", "statement", "projectId", "queryTypeId")
    VALUES ('1608', '12', '2023-06-10 21:52:06.044569', '2023-06-10 21:52:09.044569', 'False', 'None', 'SELECT Orders.customer_id, Customers.address FROM Orders NATURAL JOIN Customers ON Orders.customer_id = Customers.address;', '1', '1');
INSERT INTO "QueryColumnAccess" ("queryId", "columnId")
    VALUES ('1608', '2');
INSERT INTO "QueryColumnAccess" ("queryId", "columnId")
    VALUES ('1608', '6');
INSERT INTO "QueryTableAccess" ("queryId", "tableId")
    VALUES ('1608', '2');
INSERT INTO "QueryTableAccess" ("queryId", "tableId")
    VALUES ('1608', '1');
SELECT 'OrderItems.order_item_id', 'Categories.parent_category_id' FROM OrderItems LEFT OUTER JOIN Categories ON 'OrderItems.order_item_id' = 'Categories.parent_category_id';
INSERT INTO "SqlQuery" ("queryId", "userId", "issuedAt", "finishedAt", "hasError", "errorMessage", "statement", "projectId", "queryTypeId")
    VALUES ('1609', '9', '2023-05-24 21:52:06.044578', '2023-05-24 21:52:07.044578', 'False', 'None', 'SELECT OrderItems.order_item_id, Categories.parent_category_id FROM OrderItems LEFT OUTER JOIN Categories ON OrderItems.order_item_id = Categories.parent_category_id;', '1', '1');
INSERT INTO "QueryColumnAccess" ("queryId", "columnId")
    VALUES ('1609', '1');
INSERT INTO "QueryColumnAccess" ("queryId", "columnId")
    VALUES ('1609', '4');
INSERT INTO "QueryTableAccess" ("queryId", "tableId")
    VALUES ('1609', '5');
INSERT INTO "QueryTableAccess" ("queryId", "tableId")
    VALUES ('1609', '4');
SELECT 'Customers.first_name', 'Orders.customer_id' FROM Customers RIGHT OUTER JOIN Orders ON 'Customers.first_name' = 'Orders.customer_id';
INSERT INTO "SqlQuery" ("queryId", "userId", "issuedAt", "finishedAt", "hasError", "errorMessage", "statement", "projectId", "queryTypeId")
    VALUES ('1610', '5', '2023-04-13 21:52:06.044587', '2023-04-13 21:52:10.044587', 'False', 'None', 'SELECT Customers.first_name, Orders.customer_id FROM Customers RIGHT OUTER JOIN Orders ON Customers.first_name = Orders.customer_id;', '1', '1');
INSERT INTO "QueryColumnAccess" ("queryId", "columnId")
    VALUES ('1610', '2');
INSERT INTO "QueryColumnAccess" ("queryId", "columnId")
    VALUES ('1610', '2');
INSERT INTO "QueryTableAccess" ("queryId", "tableId")
    VALUES ('1610', '1');
INSERT INTO "QueryTableAccess" ("queryId", "tableId")
    VALUES ('1610', '2');
SELECT 'Products.product_name', 'OrderItems.order_id' FROM Products LEFT OUTER JOIN OrderItems ON 'Products.product_name' = 'OrderItems.order_id';
INSERT INTO "SqlQuery" ("queryId", "userId", "issuedAt", "finishedAt", "hasError", "errorMessage", "statement", "projectId", "queryTypeId")
    VALUES ('1611', '6', '2023-04-24 21:52:06.044596', '2023-04-24 21:52:10.044596', 'False', 'None', 'SELECT Products.product_name, OrderItems.order_id FROM Products LEFT OUTER JOIN OrderItems ON Products.product_name = OrderItems.order_id;', '1', '1');
INSERT INTO "QueryColumnAccess" ("queryId", "columnId")
    VALUES ('1611', '2');
INSERT INTO "QueryColumnAccess" ("queryId", "columnId")
    VALUES ('1611', '2');
INSERT INTO "QueryTableAccess" ("queryId", "tableId")
    VALUES ('1611', '3');
INSERT INTO "QueryTableAccess" ("queryId", "tableId")
    VALUES ('1611', '5');
SELECT 'Products.category', 'Customers.first_name' FROM Products RIGHT OUTER JOIN Customers ON 'Products.category' = 'Customers.first_name';
INSERT INTO "SqlQuery" ("queryId", "userId", "issuedAt", "finishedAt", "hasError", "errorMessage", "statement", "projectId", "queryTypeId")
    VALUES ('1612', '4', '2023-04-14 21:52:06.044605', '2023-04-14 21:52:09.044605', 'False', 'None', 'SELECT Products.category, Customers.first_name FROM Products RIGHT OUTER JOIN Customers ON Products.category = Customers.first_name;', '1', '1');
INSERT INTO "QueryColumnAccess" ("queryId", "columnId")
    VALUES ('1612', '3');
INSERT INTO "QueryColumnAccess" ("queryId", "columnId")
    VALUES ('1612', '2');
INSERT INTO "QueryTableAccess" ("queryId", "tableId")
    VALUES ('1612', '3');
INSERT INTO "QueryTableAccess" ("queryId", "tableId")
    VALUES ('1612', '1');
SELECT 'Categories.description', 'Products.product_id' FROM Categories NATURAL JOIN Products ON 'Categories.description' = 'Products.product_id';
INSERT INTO "SqlQuery" ("queryId", "userId", "issuedAt", "finishedAt", "hasError", "errorMessage", "statement", "projectId", "queryTypeId")
    VALUES ('1613', '2', '2023-05-01 21:52:06.044613', '2023-05-01 21:52:07.044613', 'False', 'None', 'SELECT Categories.description, Products.product_id FROM Categories NATURAL JOIN Products ON Categories.description = Products.product_id;', '1', '1');
INSERT INTO "QueryColumnAccess" ("queryId", "columnId")
    VALUES ('1613', '3');
INSERT INTO "QueryColumnAccess" ("queryId", "columnId")
    VALUES ('1613', '1');
INSERT INTO "QueryTableAccess" ("queryId", "tableId")
    VALUES ('1613', '4');
INSERT INTO "QueryTableAccess" ("queryId", "tableId")
    VALUES ('1613', '3');
SELECT 'Products.category', 'Categories.category_name' FROM Products NATURAL JOIN Categories ON 'Products.category' = 'Categories.category_name';
INSERT INTO "SqlQuery" ("queryId", "userId", "issuedAt", "finishedAt", "hasError", "errorMessage", "statement", "projectId", "queryTypeId")
    VALUES ('1614', '5', '2023-06-08 21:52:06.044630', '2023-06-08 21:52:09.044630', 'False', 'None', 'SELECT Products.category, Categories.category_name FROM Products NATURAL JOIN Categories ON Products.category = Categories.category_name;', '1', '1');
INSERT INTO "QueryColumnAccess" ("queryId", "columnId")
    VALUES ('1614', '3');
INSERT INTO "QueryColumnAccess" ("queryId", "columnId")
    VALUES ('1614', '2');
INSERT INTO "QueryTableAccess" ("queryId", "tableId")
    VALUES ('1614', '3');
INSERT INTO "QueryTableAccess" ("queryId", "tableId")
    VALUES ('1614', '4');
SELECT 'Orders.customer_id', 'Products.category' FROM Orders RIGHT OUTER JOIN Products ON 'Orders.customer_id' = 'Products.category';
INSERT INTO "SqlQuery" ("queryId", "userId", "issuedAt", "finishedAt", "hasError", "errorMessage", "statement", "projectId", "queryTypeId")
    VALUES ('1615', '7', '2023-07-10 21:52:06.044639', '2023-07-10 21:52:09.044639', 'False', 'None', 'SELECT Orders.customer_id, Products.category FROM Orders RIGHT OUTER JOIN Products ON Orders.customer_id = Products.category;', '1', '1');
INSERT INTO "QueryColumnAccess" ("queryId", "columnId")
    VALUES ('1615', '2');
INSERT INTO "QueryColumnAccess" ("queryId", "columnId")
    VALUES ('1615', '3');
INSERT INTO "QueryTableAccess" ("queryId", "tableId")
    VALUES ('1615', '2');
INSERT INTO "QueryTableAccess" ("queryId", "tableId")
    VALUES ('1615', '3');
SELECT 'Customers.email', 'Products.category' FROM Customers RIGHT OUTER JOIN Products ON 'Customers.email' = 'Products.category';
INSERT INTO "SqlQuery" ("queryId", "userId", "issuedAt", "finishedAt", "hasError", "errorMessage", "statement", "projectId", "queryTypeId")
    VALUES ('1616', '12', '2023-06-27 21:52:06.044647', '2023-06-27 21:52:08.044647', 'False', 'None', 'SELECT Customers.email, Products.category FROM Customers RIGHT OUTER JOIN Products ON Customers.email = Products.category;', '1', '1');
INSERT INTO "QueryColumnAccess" ("queryId", "columnId")
    VALUES ('1616', '4');
INSERT INTO "QueryColumnAccess" ("queryId", "columnId")
    VALUES ('1616', '3');
INSERT INTO "QueryTableAccess" ("queryId", "tableId")
    VALUES ('1616', '1');
INSERT INTO "QueryTableAccess" ("queryId", "tableId")
    VALUES ('1616', '3');
SELECT 'Orders.payment_method', 'OrderItems.order_id' FROM Orders NATURAL JOIN OrderItems ON 'Orders.payment_method' = 'OrderItems.order_id';
INSERT INTO "SqlQuery" ("queryId", "userId", "issuedAt", "finishedAt", "hasError", "errorMessage", "statement", "projectId", "queryTypeId")
    VALUES ('1617', '15', '2023-06-06 21:52:06.044656', '2023-06-06 21:52:08.044656', 'False', 'None', 'SELECT Orders.payment_method, OrderItems.order_id FROM Orders NATURAL JOIN OrderItems ON Orders.payment_method = OrderItems.order_id;', '1', '1');
INSERT INTO "QueryColumnAccess" ("queryId", "columnId")
    VALUES ('1617', '5');
INSERT INTO "QueryColumnAccess" ("queryId", "columnId")
    VALUES ('1617', '2');
INSERT INTO "QueryTableAccess" ("queryId", "tableId")
    VALUES ('1617', '2');
INSERT INTO "QueryTableAccess" ("queryId", "tableId")
    VALUES ('1617', '5');
SELECT 'OrderItems.order_id', 'Categories.category_name' FROM OrderItems RIGHT OUTER JOIN Categories ON 'OrderItems.order_id' = 'Categories.category_name';
INSERT INTO "SqlQuery" ("queryId", "userId", "issuedAt", "finishedAt", "hasError", "errorMessage", "statement", "projectId", "queryTypeId")
    VALUES ('1618', '6', '2023-06-01 21:52:06.044665', '2023-06-01 21:52:09.044665', 'False', 'None', 'SELECT OrderItems.order_id, Categories.category_name FROM OrderItems RIGHT OUTER JOIN Categories ON OrderItems.order_id = Categories.category_name;', '1', '1');
INSERT INTO "QueryColumnAccess" ("queryId", "columnId")
    VALUES ('1618', '2');
INSERT INTO "QueryColumnAccess" ("queryId", "columnId")
    VALUES ('1618', '2');
INSERT INTO "QueryTableAccess" ("queryId", "tableId")
    VALUES ('1618', '5');
INSERT INTO "QueryTableAccess" ("queryId", "tableId")
    VALUES ('1618', '4');
SELECT 'Customers.first_name', 'Categories.parent_category_id' FROM Customers RIGHT OUTER JOIN Categories ON 'Customers.first_name' = 'Categories.parent_category_id';
INSERT INTO "SqlQuery" ("queryId", "userId", "issuedAt", "finishedAt", "hasError", "errorMessage", "statement", "projectId", "queryTypeId")
    VALUES ('1619', '14', '2023-07-01 21:52:06.044674', '2023-07-01 21:52:10.044674', 'False', 'None', 'SELECT Customers.first_name, Categories.parent_category_id FROM Customers RIGHT OUTER JOIN Categories ON Customers.first_name = Categories.parent_category_id;', '1', '1');
INSERT INTO "QueryColumnAccess" ("queryId", "columnId")
    VALUES ('1619', '2');
INSERT INTO "QueryColumnAccess" ("queryId", "columnId")
    VALUES ('1619', '4');
INSERT INTO "QueryTableAccess" ("queryId", "tableId")
    VALUES ('1619', '1');
INSERT INTO "QueryTableAccess" ("queryId", "tableId")
    VALUES ('1619', '4');
SELECT 'Products.product_name', 'Customers.first_name' FROM Products RIGHT OUTER JOIN Customers ON 'Products.product_name' = 'Customers.first_name';
INSERT INTO "SqlQuery" ("queryId", "userId", "issuedAt", "finishedAt", "hasError", "errorMessage", "statement", "projectId", "queryTypeId")
    VALUES ('1620', '4', '2023-06-28 21:52:06.044683', '2023-06-28 21:52:08.044683', 'False', 'None', 'SELECT Products.product_name, Customers.first_name FROM Products RIGHT OUTER JOIN Customers ON Products.product_name = Customers.first_name;', '1', '1');
INSERT INTO "QueryColumnAccess" ("queryId", "columnId")
    VALUES ('1620', '2');
INSERT INTO "QueryColumnAccess" ("queryId", "columnId")
    VALUES ('1620', '2');
INSERT INTO "QueryTableAccess" ("queryId", "tableId")
    VALUES ('1620', '3');
INSERT INTO "QueryTableAccess" ("queryId", "tableId")
    VALUES ('1620', '1');
SELECT 'OrderItems.product_id', 'Categories.category_id' FROM OrderItems LEFT OUTER JOIN Categories ON 'OrderItems.product_id' = 'Categories.category_id';
INSERT INTO "SqlQuery" ("queryId", "userId", "issuedAt", "finishedAt", "hasError", "errorMessage", "statement", "projectId", "queryTypeId")
    VALUES ('1621', '12', '2023-04-23 21:52:06.044691', '2023-04-23 21:52:08.044691', 'False', 'None', 'SELECT OrderItems.product_id, Categories.category_id FROM OrderItems LEFT OUTER JOIN Categories ON OrderItems.product_id = Categories.category_id;', '1', '1');
INSERT INTO "QueryColumnAccess" ("queryId", "columnId")
    VALUES ('1621', '3');
INSERT INTO "QueryColumnAccess" ("queryId", "columnId")
    VALUES ('1621', '1');
INSERT INTO "QueryTableAccess" ("queryId", "tableId")
    VALUES ('1621', '5');
INSERT INTO "QueryTableAccess" ("queryId", "tableId")
    VALUES ('1621', '4');
SELECT 'OrderItems.unit_price', 'Categories.description' FROM OrderItems LEFT OUTER JOIN Categories ON 'OrderItems.unit_price' = 'Categories.description';
INSERT INTO "SqlQuery" ("queryId", "userId", "issuedAt", "finishedAt", "hasError", "errorMessage", "statement", "projectId", "queryTypeId")
    VALUES ('1622', '9', '2023-06-30 21:52:06.044700', '2023-06-30 21:52:07.044700', 'False', 'None', 'SELECT OrderItems.unit_price, Categories.description FROM OrderItems LEFT OUTER JOIN Categories ON OrderItems.unit_price = Categories.description;', '1', '1');
INSERT INTO "QueryColumnAccess" ("queryId", "columnId")
    VALUES ('1622', '5');
INSERT INTO "QueryColumnAccess" ("queryId", "columnId")
    VALUES ('1622', '3');
INSERT INTO "QueryTableAccess" ("queryId", "tableId")
    VALUES ('1622', '5');
INSERT INTO "QueryTableAccess" ("queryId", "tableId")
    VALUES ('1622', '4');
SELECT 'Categories.description', 'OrderItems.quantity' FROM Categories RIGHT OUTER JOIN OrderItems ON 'Categories.description' = 'OrderItems.quantity';
INSERT INTO "SqlQuery" ("queryId", "userId", "issuedAt", "finishedAt", "hasError", "errorMessage", "statement", "projectId", "queryTypeId")
    VALUES ('1623', '2', '2023-06-28 21:52:06.044714', '2023-06-28 21:52:08.044714', 'False', 'None', 'SELECT Categories.description, OrderItems.quantity FROM Categories RIGHT OUTER JOIN OrderItems ON Categories.description = OrderItems.quantity;', '1', '1');
INSERT INTO "QueryColumnAccess" ("queryId", "columnId")
    VALUES ('1623', '3');
INSERT INTO "QueryColumnAccess" ("queryId", "columnId")
    VALUES ('1623', '4');
INSERT INTO "QueryTableAccess" ("queryId", "tableId")
    VALUES ('1623', '4');
INSERT INTO "QueryTableAccess" ("queryId", "tableId")
    VALUES ('1623', '5');
SELECT 'Categories.category_id', 'Customers.address' FROM Categories NATURAL JOIN Customers ON 'Categories.category_id' = 'Customers.address';
INSERT INTO "SqlQuery" ("queryId", "userId", "issuedAt", "finishedAt", "hasError", "errorMessage", "statement", "projectId", "queryTypeId")
    VALUES ('1624', '15', '2023-04-25 21:52:06.044723', '2023-04-25 21:52:07.044723', 'False', 'None', 'SELECT Categories.category_id, Customers.address FROM Categories NATURAL JOIN Customers ON Categories.category_id = Customers.address;', '1', '1');
INSERT INTO "QueryColumnAccess" ("queryId", "columnId")
    VALUES ('1624', '1');
INSERT INTO "QueryColumnAccess" ("queryId", "columnId")
    VALUES ('1624', '6');
INSERT INTO "QueryTableAccess" ("queryId", "tableId")
    VALUES ('1624', '4');
INSERT INTO "QueryTableAccess" ("queryId", "tableId")
    VALUES ('1624', '1');
SELECT 'Customers.email', 'Orders.shipping_address' FROM Customers NATURAL JOIN Orders ON 'Customers.email' = 'Orders.shipping_address';
INSERT INTO "SqlQuery" ("queryId", "userId", "issuedAt", "finishedAt", "hasError", "errorMessage", "statement", "projectId", "queryTypeId")
    VALUES ('1625', '5', '2023-07-04 21:52:06.044731', '2023-07-04 21:52:08.044731', 'False', 'None', 'SELECT Customers.email, Orders.shipping_address FROM Customers NATURAL JOIN Orders ON Customers.email = Orders.shipping_address;', '1', '1');
INSERT INTO "QueryColumnAccess" ("queryId", "columnId")
    VALUES ('1625', '4');
INSERT INTO "QueryColumnAccess" ("queryId", "columnId")
    VALUES ('1625', '6');
INSERT INTO "QueryTableAccess" ("queryId", "tableId")
    VALUES ('1625', '1');
INSERT INTO "QueryTableAccess" ("queryId", "tableId")
    VALUES ('1625', '2');
SELECT 'Customers.first_name', 'Products.quantity' FROM Customers RIGHT OUTER JOIN Products ON 'Customers.first_name' = 'Products.quantity';
INSERT INTO "SqlQuery" ("queryId", "userId", "issuedAt", "finishedAt", "hasError", "errorMessage", "statement", "projectId", "queryTypeId")
    VALUES ('1626', '10', '2023-04-30 21:52:06.044740', '2023-04-30 21:52:07.044740', 'False', 'None', 'SELECT Customers.first_name, Products.quantity FROM Customers RIGHT OUTER JOIN Products ON Customers.first_name = Products.quantity;', '1', '1');
INSERT INTO "QueryColumnAccess" ("queryId", "columnId")
    VALUES ('1626', '2');
INSERT INTO "QueryColumnAccess" ("queryId", "columnId")
    VALUES ('1626', '6');
INSERT INTO "QueryTableAccess" ("queryId", "tableId")
    VALUES ('1626', '1');
INSERT INTO "QueryTableAccess" ("queryId", "tableId")
    VALUES ('1626', '3');
SELECT 'Categories.category_name', 'Customers.customer_id' FROM Categories NATURAL JOIN Customers ON 'Categories.category_name' = 'Customers.customer_id';
INSERT INTO "SqlQuery" ("queryId", "userId", "issuedAt", "finishedAt", "hasError", "errorMessage", "statement", "projectId", "queryTypeId")
    VALUES ('1627', '2', '2023-06-28 21:52:06.044749', '2023-06-28 21:52:08.044749', 'False', 'None', 'SELECT Categories.category_name, Customers.customer_id FROM Categories NATURAL JOIN Customers ON Categories.category_name = Customers.customer_id;', '1', '1');
INSERT INTO "QueryColumnAccess" ("queryId", "columnId")
    VALUES ('1627', '2');
INSERT INTO "QueryColumnAccess" ("queryId", "columnId")
    VALUES ('1627', '1');
INSERT INTO "QueryTableAccess" ("queryId", "tableId")
    VALUES ('1627', '4');
INSERT INTO "QueryTableAccess" ("queryId", "tableId")
    VALUES ('1627', '1');
SELECT 'Categories.parent_category_id', 'Customers.email' FROM Categories LEFT OUTER JOIN Customers ON 'Categories.parent_category_id' = 'Customers.email';
INSERT INTO "SqlQuery" ("queryId", "userId", "issuedAt", "finishedAt", "hasError", "errorMessage", "statement", "projectId", "queryTypeId")
    VALUES ('1628', '8', '2023-04-18 21:52:06.044757', '2023-04-18 21:52:07.044757', 'False', 'None', 'SELECT Categories.parent_category_id, Customers.email FROM Categories LEFT OUTER JOIN Customers ON Categories.parent_category_id = Customers.email;', '1', '1');
INSERT INTO "QueryColumnAccess" ("queryId", "columnId")
    VALUES ('1628', '4');
INSERT INTO "QueryColumnAccess" ("queryId", "columnId")
    VALUES ('1628', '4');
INSERT INTO "QueryTableAccess" ("queryId", "tableId")
    VALUES ('1628', '4');
INSERT INTO "QueryTableAccess" ("queryId", "tableId")
    VALUES ('1628', '1');
SELECT 'Products.category', 'Categories.category_id' FROM Products RIGHT OUTER JOIN Categories ON 'Products.category' = 'Categories.category_id';
INSERT INTO "SqlQuery" ("queryId", "userId", "issuedAt", "finishedAt", "hasError", "errorMessage", "statement", "projectId", "queryTypeId")
    VALUES ('1629', '8', '2023-04-25 21:52:06.044767', '2023-04-25 21:52:07.044767', 'False', 'None', 'SELECT Products.category, Categories.category_id FROM Products RIGHT OUTER JOIN Categories ON Products.category = Categories.category_id;', '1', '1');
INSERT INTO "QueryColumnAccess" ("queryId", "columnId")
    VALUES ('1629', '3');
INSERT INTO "QueryColumnAccess" ("queryId", "columnId")
    VALUES ('1629', '1');
INSERT INTO "QueryTableAccess" ("queryId", "tableId")
    VALUES ('1629', '3');
INSERT INTO "QueryTableAccess" ("queryId", "tableId")
    VALUES ('1629', '4');
SELECT 'Products.quantity', 'OrderItems.order_item_id' FROM Products LEFT OUTER JOIN OrderItems ON 'Products.quantity' = 'OrderItems.order_item_id';
INSERT INTO "SqlQuery" ("queryId", "userId", "issuedAt", "finishedAt", "hasError", "errorMessage", "statement", "projectId", "queryTypeId")
    VALUES ('1630', '11', '2023-06-05 21:52:06.044776', '2023-06-05 21:52:09.044776', 'False', 'None', 'SELECT Products.quantity, OrderItems.order_item_id FROM Products LEFT OUTER JOIN OrderItems ON Products.quantity = OrderItems.order_item_id;', '1', '1');
INSERT INTO "QueryColumnAccess" ("queryId", "columnId")
    VALUES ('1630', '6');
INSERT INTO "QueryColumnAccess" ("queryId", "columnId")
    VALUES ('1630', '1');
INSERT INTO "QueryTableAccess" ("queryId", "tableId")
    VALUES ('1630', '3');
INSERT INTO "QueryTableAccess" ("queryId", "tableId")
    VALUES ('1630', '5');
SELECT 'Customers.address', 'OrderItems.product_id' FROM Customers LEFT OUTER JOIN OrderItems ON 'Customers.address' = 'OrderItems.product_id';
INSERT INTO "SqlQuery" ("queryId", "userId", "issuedAt", "finishedAt", "hasError", "errorMessage", "statement", "projectId", "queryTypeId")
    VALUES ('1631', '12', '2023-05-08 21:52:06.044784', '2023-05-08 21:52:10.044784', 'False', 'None', 'SELECT Customers.address, OrderItems.product_id FROM Customers LEFT OUTER JOIN OrderItems ON Customers.address = OrderItems.product_id;', '1', '1');
INSERT INTO "QueryColumnAccess" ("queryId", "columnId")
    VALUES ('1631', '6');
INSERT INTO "QueryColumnAccess" ("queryId", "columnId")
    VALUES ('1631', '3');
INSERT INTO "QueryTableAccess" ("queryId", "tableId")
    VALUES ('1631', '1');
INSERT INTO "QueryTableAccess" ("queryId", "tableId")
    VALUES ('1631', '5');
SELECT 'OrderItems.order_id', 'Categories.category_name' FROM OrderItems LEFT OUTER JOIN Categories ON 'OrderItems.order_id' = 'Categories.category_name';
INSERT INTO "SqlQuery" ("queryId", "userId", "issuedAt", "finishedAt", "hasError", "errorMessage", "statement", "projectId", "queryTypeId")
    VALUES ('1632', '14', '2023-06-30 21:52:06.044796', '2023-06-30 21:52:10.044796', 'False', 'None', 'SELECT OrderItems.order_id, Categories.category_name FROM OrderItems LEFT OUTER JOIN Categories ON OrderItems.order_id = Categories.category_name;', '1', '1');
INSERT INTO "QueryColumnAccess" ("queryId", "columnId")
    VALUES ('1632', '2');
INSERT INTO "QueryColumnAccess" ("queryId", "columnId")
    VALUES ('1632', '2');
INSERT INTO "QueryTableAccess" ("queryId", "tableId")
    VALUES ('1632', '5');
INSERT INTO "QueryTableAccess" ("queryId", "tableId")
    VALUES ('1632', '4');
SELECT 'Categories.description', 'Orders.payment_method' FROM Categories NATURAL JOIN Orders ON 'Categories.description' = 'Orders.payment_method';
INSERT INTO "SqlQuery" ("queryId", "userId", "issuedAt", "finishedAt", "hasError", "errorMessage", "statement", "projectId", "queryTypeId")
    VALUES ('1633', '5', '2023-05-18 21:52:06.044805', '2023-05-18 21:52:07.044805', 'False', 'None', 'SELECT Categories.description, Orders.payment_method FROM Categories NATURAL JOIN Orders ON Categories.description = Orders.payment_method;', '1', '1');
INSERT INTO "QueryColumnAccess" ("queryId", "columnId")
    VALUES ('1633', '3');
INSERT INTO "QueryColumnAccess" ("queryId", "columnId")
    VALUES ('1633', '5');
INSERT INTO "QueryTableAccess" ("queryId", "tableId")
    VALUES ('1633', '4');
INSERT INTO "QueryTableAccess" ("queryId", "tableId")
    VALUES ('1633', '2');
SELECT 'Categories.category_id', 'Products.product_id' FROM Categories NATURAL JOIN Products ON 'Categories.category_id' = 'Products.product_id';
INSERT INTO "SqlQuery" ("queryId", "userId", "issuedAt", "finishedAt", "hasError", "errorMessage", "statement", "projectId", "queryTypeId")
    VALUES ('1634', '12', '2023-05-02 21:52:06.044814', '2023-05-02 21:52:09.044814', 'False', 'None', 'SELECT Categories.category_id, Products.product_id FROM Categories NATURAL JOIN Products ON Categories.category_id = Products.product_id;', '1', '1');
INSERT INTO "QueryColumnAccess" ("queryId", "columnId")
    VALUES ('1634', '1');
INSERT INTO "QueryColumnAccess" ("queryId", "columnId")
    VALUES ('1634', '1');
INSERT INTO "QueryTableAccess" ("queryId", "tableId")
    VALUES ('1634', '4');
INSERT INTO "QueryTableAccess" ("queryId", "tableId")
    VALUES ('1634', '3');
SELECT 'Customers.last_name', 'OrderItems.quantity' FROM Customers LEFT OUTER JOIN OrderItems ON 'Customers.last_name' = 'OrderItems.quantity';
INSERT INTO "SqlQuery" ("queryId", "userId", "issuedAt", "finishedAt", "hasError", "errorMessage", "statement", "projectId", "queryTypeId")
    VALUES ('1635', '14', '2023-06-06 21:52:06.044823', '2023-06-06 21:52:07.044823', 'False', 'None', 'SELECT Customers.last_name, OrderItems.quantity FROM Customers LEFT OUTER JOIN OrderItems ON Customers.last_name = OrderItems.quantity;', '1', '1');
INSERT INTO "QueryColumnAccess" ("queryId", "columnId")
    VALUES ('1635', '3');
INSERT INTO "QueryColumnAccess" ("queryId", "columnId")
    VALUES ('1635', '4');
INSERT INTO "QueryTableAccess" ("queryId", "tableId")
    VALUES ('1635', '1');
INSERT INTO "QueryTableAccess" ("queryId", "tableId")
    VALUES ('1635', '5');
SELECT 'Customers.email', 'Orders.payment_method' FROM Customers RIGHT OUTER JOIN Orders ON 'Customers.email' = 'Orders.payment_method';
INSERT INTO "SqlQuery" ("queryId", "userId", "issuedAt", "finishedAt", "hasError", "errorMessage", "statement", "projectId", "queryTypeId")
    VALUES ('1636', '15', '2023-06-30 21:52:06.044831', '2023-06-30 21:52:07.044831', 'False', 'None', 'SELECT Customers.email, Orders.payment_method FROM Customers RIGHT OUTER JOIN Orders ON Customers.email = Orders.payment_method;', '1', '1');
INSERT INTO "QueryColumnAccess" ("queryId", "columnId")
    VALUES ('1636', '4');
INSERT INTO "QueryColumnAccess" ("queryId", "columnId")
    VALUES ('1636', '5');
INSERT INTO "QueryTableAccess" ("queryId", "tableId")
    VALUES ('1636', '1');
INSERT INTO "QueryTableAccess" ("queryId", "tableId")
    VALUES ('1636', '2');
SELECT 'OrderItems.order_item_id', 'Orders.payment_method' FROM OrderItems NATURAL JOIN Orders ON 'OrderItems.order_item_id' = 'Orders.payment_method';
INSERT INTO "SqlQuery" ("queryId", "userId", "issuedAt", "finishedAt", "hasError", "errorMessage", "statement", "projectId", "queryTypeId")
    VALUES ('1637', '7', '2023-06-05 21:52:06.044840', '2023-06-05 21:52:10.044840', 'False', 'None', 'SELECT OrderItems.order_item_id, Orders.payment_method FROM OrderItems NATURAL JOIN Orders ON OrderItems.order_item_id = Orders.payment_method;', '1', '1');
INSERT INTO "QueryColumnAccess" ("queryId", "columnId")
    VALUES ('1637', '1');
INSERT INTO "QueryColumnAccess" ("queryId", "columnId")
    VALUES ('1637', '5');
INSERT INTO "QueryTableAccess" ("queryId", "tableId")
    VALUES ('1637', '5');
INSERT INTO "QueryTableAccess" ("queryId", "tableId")
    VALUES ('1637', '2');
SELECT 'Categories.parent_category_id', 'Orders.customer_id' FROM Categories RIGHT OUTER JOIN Orders ON 'Categories.parent_category_id' = 'Orders.customer_id';
INSERT INTO "SqlQuery" ("queryId", "userId", "issuedAt", "finishedAt", "hasError", "errorMessage", "statement", "projectId", "queryTypeId")
    VALUES ('1638', '2', '2023-05-16 21:52:06.044849', '2023-05-16 21:52:08.044849', 'False', 'None', 'SELECT Categories.parent_category_id, Orders.customer_id FROM Categories RIGHT OUTER JOIN Orders ON Categories.parent_category_id = Orders.customer_id;', '1', '1');
INSERT INTO "QueryColumnAccess" ("queryId", "columnId")
    VALUES ('1638', '4');
INSERT INTO "QueryColumnAccess" ("queryId", "columnId")
    VALUES ('1638', '2');
INSERT INTO "QueryTableAccess" ("queryId", "tableId")
    VALUES ('1638', '4');
INSERT INTO "QueryTableAccess" ("queryId", "tableId")
    VALUES ('1638', '2');
SELECT 'Customers.phone_number', 'OrderItems.product_id' FROM Customers RIGHT OUTER JOIN OrderItems ON 'Customers.phone_number' = 'OrderItems.product_id';
INSERT INTO "SqlQuery" ("queryId", "userId", "issuedAt", "finishedAt", "hasError", "errorMessage", "statement", "projectId", "queryTypeId")
    VALUES ('1639', '12', '2023-04-20 21:52:06.044858', '2023-04-20 21:52:07.044858', 'False', 'None', 'SELECT Customers.phone_number, OrderItems.product_id FROM Customers RIGHT OUTER JOIN OrderItems ON Customers.phone_number = OrderItems.product_id;', '1', '1');
INSERT INTO "QueryColumnAccess" ("queryId", "columnId")
    VALUES ('1639', '5');
INSERT INTO "QueryColumnAccess" ("queryId", "columnId")
    VALUES ('1639', '3');
INSERT INTO "QueryTableAccess" ("queryId", "tableId")
    VALUES ('1639', '1');
INSERT INTO "QueryTableAccess" ("queryId", "tableId")
    VALUES ('1639', '5');
SELECT 'Products.quantity', 'Categories.description' FROM Products RIGHT OUTER JOIN Categories ON 'Products.quantity' = 'Categories.description';
INSERT INTO "SqlQuery" ("queryId", "userId", "issuedAt", "finishedAt", "hasError", "errorMessage", "statement", "projectId", "queryTypeId")
    VALUES ('1640', '5', '2023-06-03 21:52:06.044866', '2023-06-03 21:52:10.044866', 'False', 'None', 'SELECT Products.quantity, Categories.description FROM Products RIGHT OUTER JOIN Categories ON Products.quantity = Categories.description;', '1', '1');
INSERT INTO "QueryColumnAccess" ("queryId", "columnId")
    VALUES ('1640', '6');
INSERT INTO "QueryColumnAccess" ("queryId", "columnId")
    VALUES ('1640', '3');
INSERT INTO "QueryTableAccess" ("queryId", "tableId")
    VALUES ('1640', '3');
INSERT INTO "QueryTableAccess" ("queryId", "tableId")
    VALUES ('1640', '4');
SELECT 'Categories.category_id', 'Customers.last_name' FROM Categories LEFT OUTER JOIN Customers ON 'Categories.category_id' = 'Customers.last_name';
INSERT INTO "SqlQuery" ("queryId", "userId", "issuedAt", "finishedAt", "hasError", "errorMessage", "statement", "projectId", "queryTypeId")
    VALUES ('1641', '12', '2023-05-25 21:52:06.044880', '2023-05-25 21:52:10.044880', 'False', 'None', 'SELECT Categories.category_id, Customers.last_name FROM Categories LEFT OUTER JOIN Customers ON Categories.category_id = Customers.last_name;', '1', '1');
INSERT INTO "QueryColumnAccess" ("queryId", "columnId")
    VALUES ('1641', '1');
INSERT INTO "QueryColumnAccess" ("queryId", "columnId")
    VALUES ('1641', '3');
INSERT INTO "QueryTableAccess" ("queryId", "tableId")
    VALUES ('1641', '4');
INSERT INTO "QueryTableAccess" ("queryId", "tableId")
    VALUES ('1641', '1');
SELECT 'Products.quantity', 'Customers.last_name' FROM Products RIGHT OUTER JOIN Customers ON 'Products.quantity' = 'Customers.last_name';
INSERT INTO "SqlQuery" ("queryId", "userId", "issuedAt", "finishedAt", "hasError", "errorMessage", "statement", "projectId", "queryTypeId")
    VALUES ('1642', '2', '2023-06-12 21:52:06.044889', '2023-06-12 21:52:10.044889', 'False', 'None', 'SELECT Products.quantity, Customers.last_name FROM Products RIGHT OUTER JOIN Customers ON Products.quantity = Customers.last_name;', '1', '1');
INSERT INTO "QueryColumnAccess" ("queryId", "columnId")
    VALUES ('1642', '6');
INSERT INTO "QueryColumnAccess" ("queryId", "columnId")
    VALUES ('1642', '3');
INSERT INTO "QueryTableAccess" ("queryId", "tableId")
    VALUES ('1642', '3');
INSERT INTO "QueryTableAccess" ("queryId", "tableId")
    VALUES ('1642', '1');
SELECT 'Customers.customer_id', 'Products.price' FROM Customers LEFT OUTER JOIN Products ON 'Customers.customer_id' = 'Products.price';
INSERT INTO "SqlQuery" ("queryId", "userId", "issuedAt", "finishedAt", "hasError", "errorMessage", "statement", "projectId", "queryTypeId")
    VALUES ('1643', '12', '2023-05-24 21:52:06.044898', '2023-05-24 21:52:07.044898', 'False', 'None', 'SELECT Customers.customer_id, Products.price FROM Customers LEFT OUTER JOIN Products ON Customers.customer_id = Products.price;', '1', '1');
INSERT INTO "QueryColumnAccess" ("queryId", "columnId")
    VALUES ('1643', '1');
INSERT INTO "QueryColumnAccess" ("queryId", "columnId")
    VALUES ('1643', '4');
INSERT INTO "QueryTableAccess" ("queryId", "tableId")
    VALUES ('1643', '1');
INSERT INTO "QueryTableAccess" ("queryId", "tableId")
    VALUES ('1643', '3');
SELECT 'Orders.total_amount', 'Products.product_name' FROM Orders RIGHT OUTER JOIN Products ON 'Orders.total_amount' = 'Products.product_name';
INSERT INTO "SqlQuery" ("queryId", "userId", "issuedAt", "finishedAt", "hasError", "errorMessage", "statement", "projectId", "queryTypeId")
    VALUES ('1644', '12', '2023-05-16 21:52:06.044907', '2023-05-16 21:52:08.044907', 'False', 'None', 'SELECT Orders.total_amount, Products.product_name FROM Orders RIGHT OUTER JOIN Products ON Orders.total_amount = Products.product_name;', '1', '1');
INSERT INTO "QueryColumnAccess" ("queryId", "columnId")
    VALUES ('1644', '4');
INSERT INTO "QueryColumnAccess" ("queryId", "columnId")
    VALUES ('1644', '2');
INSERT INTO "QueryTableAccess" ("queryId", "tableId")
    VALUES ('1644', '2');
INSERT INTO "QueryTableAccess" ("queryId", "tableId")
    VALUES ('1644', '3');
SELECT 'Orders.order_date', 'Customers.last_name' FROM Orders LEFT OUTER JOIN Customers ON 'Orders.order_date' = 'Customers.last_name';
INSERT INTO "SqlQuery" ("queryId", "userId", "issuedAt", "finishedAt", "hasError", "errorMessage", "statement", "projectId", "queryTypeId")
    VALUES ('1645', '13', '2023-04-26 21:52:06.044916', '2023-04-26 21:52:10.044916', 'False', 'None', 'SELECT Orders.order_date, Customers.last_name FROM Orders LEFT OUTER JOIN Customers ON Orders.order_date = Customers.last_name;', '1', '1');
INSERT INTO "QueryColumnAccess" ("queryId", "columnId")
    VALUES ('1645', '3');
INSERT INTO "QueryColumnAccess" ("queryId", "columnId")
    VALUES ('1645', '3');
INSERT INTO "QueryTableAccess" ("queryId", "tableId")
    VALUES ('1645', '2');
INSERT INTO "QueryTableAccess" ("queryId", "tableId")
    VALUES ('1645', '1');
SELECT 'Orders.customer_id', 'Products.category' FROM Orders LEFT OUTER JOIN Products ON 'Orders.customer_id' = 'Products.category';
INSERT INTO "SqlQuery" ("queryId", "userId", "issuedAt", "finishedAt", "hasError", "errorMessage", "statement", "projectId", "queryTypeId")
    VALUES ('1646', '5', '2023-05-01 21:52:06.044924', '2023-05-01 21:52:10.044924', 'False', 'None', 'SELECT Orders.customer_id, Products.category FROM Orders LEFT OUTER JOIN Products ON Orders.customer_id = Products.category;', '1', '1');
INSERT INTO "QueryColumnAccess" ("queryId", "columnId")
    VALUES ('1646', '2');
INSERT INTO "QueryColumnAccess" ("queryId", "columnId")
    VALUES ('1646', '3');
INSERT INTO "QueryTableAccess" ("queryId", "tableId")
    VALUES ('1646', '2');
INSERT INTO "QueryTableAccess" ("queryId", "tableId")
    VALUES ('1646', '3');
SELECT 'Customers.email', 'Products.price' FROM Customers NATURAL JOIN Products ON 'Customers.email' = 'Products.price';
INSERT INTO "SqlQuery" ("queryId", "userId", "issuedAt", "finishedAt", "hasError", "errorMessage", "statement", "projectId", "queryTypeId")
    VALUES ('1647', '11', '2023-05-07 21:52:06.044933', '2023-05-07 21:52:09.044933', 'False', 'None', 'SELECT Customers.email, Products.price FROM Customers NATURAL JOIN Products ON Customers.email = Products.price;', '1', '1');
INSERT INTO "QueryColumnAccess" ("queryId", "columnId")
    VALUES ('1647', '4');
INSERT INTO "QueryColumnAccess" ("queryId", "columnId")
    VALUES ('1647', '4');
INSERT INTO "QueryTableAccess" ("queryId", "tableId")
    VALUES ('1647', '1');
INSERT INTO "QueryTableAccess" ("queryId", "tableId")
    VALUES ('1647', '3');
SELECT 'Products.price', 'Customers.first_name' FROM Products NATURAL JOIN Customers ON 'Products.price' = 'Customers.first_name';
INSERT INTO "SqlQuery" ("queryId", "userId", "issuedAt", "finishedAt", "hasError", "errorMessage", "statement", "projectId", "queryTypeId")
    VALUES ('1648', '13', '2023-05-31 21:52:06.044942', '2023-05-31 21:52:10.044942', 'False', 'None', 'SELECT Products.price, Customers.first_name FROM Products NATURAL JOIN Customers ON Products.price = Customers.first_name;', '1', '1');
INSERT INTO "QueryColumnAccess" ("queryId", "columnId")
    VALUES ('1648', '4');
INSERT INTO "QueryColumnAccess" ("queryId", "columnId")
    VALUES ('1648', '2');
INSERT INTO "QueryTableAccess" ("queryId", "tableId")
    VALUES ('1648', '3');
INSERT INTO "QueryTableAccess" ("queryId", "tableId")
    VALUES ('1648', '1');
SELECT 'Orders.shipping_address', 'Products.description' FROM Orders NATURAL JOIN Products ON 'Orders.shipping_address' = 'Products.description';
INSERT INTO "SqlQuery" ("queryId", "userId", "issuedAt", "finishedAt", "hasError", "errorMessage", "statement", "projectId", "queryTypeId")
    VALUES ('1649', '11', '2023-05-26 21:52:06.044951', '2023-05-26 21:52:10.044951', 'False', 'None', 'SELECT Orders.shipping_address, Products.description FROM Orders NATURAL JOIN Products ON Orders.shipping_address = Products.description;', '1', '1');
INSERT INTO "QueryColumnAccess" ("queryId", "columnId")
    VALUES ('1649', '6');
INSERT INTO "QueryColumnAccess" ("queryId", "columnId")
    VALUES ('1649', '5');
INSERT INTO "QueryTableAccess" ("queryId", "tableId")
    VALUES ('1649', '2');
INSERT INTO "QueryTableAccess" ("queryId", "tableId")
    VALUES ('1649', '3');
SELECT 'Orders.payment_method', 'Products.price' FROM Orders RIGHT OUTER JOIN Products ON 'Orders.payment_method' = 'Products.price';
INSERT INTO "SqlQuery" ("queryId", "userId", "issuedAt", "finishedAt", "hasError", "errorMessage", "statement", "projectId", "queryTypeId")
    VALUES ('1650', '2', '2023-06-30 21:52:06.044962', '2023-06-30 21:52:09.044962', 'False', 'None', 'SELECT Orders.payment_method, Products.price FROM Orders RIGHT OUTER JOIN Products ON Orders.payment_method = Products.price;', '1', '1');
INSERT INTO "QueryColumnAccess" ("queryId", "columnId")
    VALUES ('1650', '5');
INSERT INTO "QueryColumnAccess" ("queryId", "columnId")
    VALUES ('1650', '4');
INSERT INTO "QueryTableAccess" ("queryId", "tableId")
    VALUES ('1650', '2');
INSERT INTO "QueryTableAccess" ("queryId", "tableId")
    VALUES ('1650', '3');
SELECT 'OrderItems.product_id', 'Orders.total_amount' FROM OrderItems NATURAL JOIN Orders ON 'OrderItems.product_id' = 'Orders.total_amount';
INSERT INTO "SqlQuery" ("queryId", "userId", "issuedAt", "finishedAt", "hasError", "errorMessage", "statement", "projectId", "queryTypeId")
    VALUES ('1651', '3', '2023-04-20 21:52:06.044972', '2023-04-20 21:52:10.044972', 'False', 'None', 'SELECT OrderItems.product_id, Orders.total_amount FROM OrderItems NATURAL JOIN Orders ON OrderItems.product_id = Orders.total_amount;', '1', '1');
INSERT INTO "QueryColumnAccess" ("queryId", "columnId")
    VALUES ('1651', '3');
INSERT INTO "QueryColumnAccess" ("queryId", "columnId")
    VALUES ('1651', '4');
INSERT INTO "QueryTableAccess" ("queryId", "tableId")
    VALUES ('1651', '5');
INSERT INTO "QueryTableAccess" ("queryId", "tableId")
    VALUES ('1651', '2');
SELECT 'Customers.phone_number', 'Categories.category_name' FROM Customers RIGHT OUTER JOIN Categories ON 'Customers.phone_number' = 'Categories.category_name';
INSERT INTO "SqlQuery" ("queryId", "userId", "issuedAt", "finishedAt", "hasError", "errorMessage", "statement", "projectId", "queryTypeId")
    VALUES ('1652', '11', '2023-05-26 21:52:06.044981', '2023-05-26 21:52:09.044981', 'False', 'None', 'SELECT Customers.phone_number, Categories.category_name FROM Customers RIGHT OUTER JOIN Categories ON Customers.phone_number = Categories.category_name;', '1', '1');
INSERT INTO "QueryColumnAccess" ("queryId", "columnId")
    VALUES ('1652', '5');
INSERT INTO "QueryColumnAccess" ("queryId", "columnId")
    VALUES ('1652', '2');
INSERT INTO "QueryTableAccess" ("queryId", "tableId")
    VALUES ('1652', '1');
INSERT INTO "QueryTableAccess" ("queryId", "tableId")
    VALUES ('1652', '4');
SELECT 'Customers.phone_number', 'Categories.category_id' FROM Customers RIGHT OUTER JOIN Categories ON 'Customers.phone_number' = 'Categories.category_id';
INSERT INTO "SqlQuery" ("queryId", "userId", "issuedAt", "finishedAt", "hasError", "errorMessage", "statement", "projectId", "queryTypeId")
    VALUES ('1653', '3', '2023-05-01 21:52:06.044990', '2023-05-01 21:52:10.044990', 'False', 'None', 'SELECT Customers.phone_number, Categories.category_id FROM Customers RIGHT OUTER JOIN Categories ON Customers.phone_number = Categories.category_id;', '1', '1');
INSERT INTO "QueryColumnAccess" ("queryId", "columnId")
    VALUES ('1653', '5');
INSERT INTO "QueryColumnAccess" ("queryId", "columnId")
    VALUES ('1653', '1');
INSERT INTO "QueryTableAccess" ("queryId", "tableId")
    VALUES ('1653', '1');
INSERT INTO "QueryTableAccess" ("queryId", "tableId")
    VALUES ('1653', '4');
SELECT 'Categories.parent_category_id', 'Orders.customer_id' FROM Categories NATURAL JOIN Orders ON 'Categories.parent_category_id' = 'Orders.customer_id';
INSERT INTO "SqlQuery" ("queryId", "userId", "issuedAt", "finishedAt", "hasError", "errorMessage", "statement", "projectId", "queryTypeId")
    VALUES ('1654', '6', '2023-07-10 21:52:06.044999', '2023-07-10 21:52:07.044999', 'False', 'None', 'SELECT Categories.parent_category_id, Orders.customer_id FROM Categories NATURAL JOIN Orders ON Categories.parent_category_id = Orders.customer_id;', '1', '1');
INSERT INTO "QueryColumnAccess" ("queryId", "columnId")
    VALUES ('1654', '4');
INSERT INTO "QueryColumnAccess" ("queryId", "columnId")
    VALUES ('1654', '2');
INSERT INTO "QueryTableAccess" ("queryId", "tableId")
    VALUES ('1654', '4');
INSERT INTO "QueryTableAccess" ("queryId", "tableId")
    VALUES ('1654', '2');
SELECT 'Orders.payment_method', 'OrderItems.unit_price' FROM Orders RIGHT OUTER JOIN OrderItems ON 'Orders.payment_method' = 'OrderItems.unit_price';
INSERT INTO "SqlQuery" ("queryId", "userId", "issuedAt", "finishedAt", "hasError", "errorMessage", "statement", "projectId", "queryTypeId")
    VALUES ('1655', '7', '2023-05-07 21:52:06.045008', '2023-05-07 21:52:10.045008', 'False', 'None', 'SELECT Orders.payment_method, OrderItems.unit_price FROM Orders RIGHT OUTER JOIN OrderItems ON Orders.payment_method = OrderItems.unit_price;', '1', '1');
INSERT INTO "QueryColumnAccess" ("queryId", "columnId")
    VALUES ('1655', '5');
INSERT INTO "QueryColumnAccess" ("queryId", "columnId")
    VALUES ('1655', '5');
INSERT INTO "QueryTableAccess" ("queryId", "tableId")
    VALUES ('1655', '2');
INSERT INTO "QueryTableAccess" ("queryId", "tableId")
    VALUES ('1655', '5');
SELECT 'Categories.description', 'Customers.phone_number' FROM Categories LEFT OUTER JOIN Customers ON 'Categories.description' = 'Customers.phone_number';
INSERT INTO "SqlQuery" ("queryId", "userId", "issuedAt", "finishedAt", "hasError", "errorMessage", "statement", "projectId", "queryTypeId")
    VALUES ('1656', '3', '2023-06-06 21:52:06.045017', '2023-06-06 21:52:10.045017', 'False', 'None', 'SELECT Categories.description, Customers.phone_number FROM Categories LEFT OUTER JOIN Customers ON Categories.description = Customers.phone_number;', '1', '1');
INSERT INTO "QueryColumnAccess" ("queryId", "columnId")
    VALUES ('1656', '3');
INSERT INTO "QueryColumnAccess" ("queryId", "columnId")
    VALUES ('1656', '5');
INSERT INTO "QueryTableAccess" ("queryId", "tableId")
    VALUES ('1656', '4');
INSERT INTO "QueryTableAccess" ("queryId", "tableId")
    VALUES ('1656', '1');
SELECT 'Customers.address', 'Products.product_name' FROM Customers NATURAL JOIN Products ON 'Customers.address' = 'Products.product_name';
INSERT INTO "SqlQuery" ("queryId", "userId", "issuedAt", "finishedAt", "hasError", "errorMessage", "statement", "projectId", "queryTypeId")
    VALUES ('1657', '2', '2023-06-07 21:52:06.045025', '2023-06-07 21:52:08.045025', 'False', 'None', 'SELECT Customers.address, Products.product_name FROM Customers NATURAL JOIN Products ON Customers.address = Products.product_name;', '1', '1');
INSERT INTO "QueryColumnAccess" ("queryId", "columnId")
    VALUES ('1657', '6');
INSERT INTO "QueryColumnAccess" ("queryId", "columnId")
    VALUES ('1657', '2');
INSERT INTO "QueryTableAccess" ("queryId", "tableId")
    VALUES ('1657', '1');
INSERT INTO "QueryTableAccess" ("queryId", "tableId")
    VALUES ('1657', '3');
SELECT 'Categories.category_id', 'Products.category' FROM Categories RIGHT OUTER JOIN Products ON 'Categories.category_id' = 'Products.category';
INSERT INTO "SqlQuery" ("queryId", "userId", "issuedAt", "finishedAt", "hasError", "errorMessage", "statement", "projectId", "queryTypeId")
    VALUES ('1658', '15', '2023-05-30 21:52:06.045034', '2023-05-30 21:52:08.045034', 'False', 'None', 'SELECT Categories.category_id, Products.category FROM Categories RIGHT OUTER JOIN Products ON Categories.category_id = Products.category;', '1', '1');
INSERT INTO "QueryColumnAccess" ("queryId", "columnId")
    VALUES ('1658', '1');
INSERT INTO "QueryColumnAccess" ("queryId", "columnId")
    VALUES ('1658', '3');
INSERT INTO "QueryTableAccess" ("queryId", "tableId")
    VALUES ('1658', '4');
INSERT INTO "QueryTableAccess" ("queryId", "tableId")
    VALUES ('1658', '3');
SELECT 'Products.category', 'OrderItems.unit_price' FROM Products RIGHT OUTER JOIN OrderItems ON 'Products.category' = 'OrderItems.unit_price';
INSERT INTO "SqlQuery" ("queryId", "userId", "issuedAt", "finishedAt", "hasError", "errorMessage", "statement", "projectId", "queryTypeId")
    VALUES ('1659', '7', '2023-04-24 21:52:06.045043', '2023-04-24 21:52:07.045043', 'False', 'None', 'SELECT Products.category, OrderItems.unit_price FROM Products RIGHT OUTER JOIN OrderItems ON Products.category = OrderItems.unit_price;', '1', '1');
INSERT INTO "QueryColumnAccess" ("queryId", "columnId")
    VALUES ('1659', '3');
INSERT INTO "QueryColumnAccess" ("queryId", "columnId")
    VALUES ('1659', '5');
INSERT INTO "QueryTableAccess" ("queryId", "tableId")
    VALUES ('1659', '3');
INSERT INTO "QueryTableAccess" ("queryId", "tableId")
    VALUES ('1659', '5');
SELECT 'Customers.email', 'Categories.parent_category_id' FROM Customers NATURAL JOIN Categories ON 'Customers.email' = 'Categories.parent_category_id';
INSERT INTO "SqlQuery" ("queryId", "userId", "issuedAt", "finishedAt", "hasError", "errorMessage", "statement", "projectId", "queryTypeId")
    VALUES ('1660', '5', '2023-06-24 21:52:06.045057', '2023-06-24 21:52:10.045057', 'False', 'None', 'SELECT Customers.email, Categories.parent_category_id FROM Customers NATURAL JOIN Categories ON Customers.email = Categories.parent_category_id;', '1', '1');
INSERT INTO "QueryColumnAccess" ("queryId", "columnId")
    VALUES ('1660', '4');
INSERT INTO "QueryColumnAccess" ("queryId", "columnId")
    VALUES ('1660', '4');
INSERT INTO "QueryTableAccess" ("queryId", "tableId")
    VALUES ('1660', '1');
INSERT INTO "QueryTableAccess" ("queryId", "tableId")
    VALUES ('1660', '4');
SELECT 'Customers.phone_number', 'Orders.total_amount' FROM Customers LEFT OUTER JOIN Orders ON 'Customers.phone_number' = 'Orders.total_amount';
INSERT INTO "SqlQuery" ("queryId", "userId", "issuedAt", "finishedAt", "hasError", "errorMessage", "statement", "projectId", "queryTypeId")
    VALUES ('1661', '7', '2023-05-16 21:52:06.045066', '2023-05-16 21:52:09.045066', 'False', 'None', 'SELECT Customers.phone_number, Orders.total_amount FROM Customers LEFT OUTER JOIN Orders ON Customers.phone_number = Orders.total_amount;', '1', '1');
INSERT INTO "QueryColumnAccess" ("queryId", "columnId")
    VALUES ('1661', '5');
INSERT INTO "QueryColumnAccess" ("queryId", "columnId")
    VALUES ('1661', '4');
INSERT INTO "QueryTableAccess" ("queryId", "tableId")
    VALUES ('1661', '1');
INSERT INTO "QueryTableAccess" ("queryId", "tableId")
    VALUES ('1661', '2');
SELECT 'Categories.category_id', 'Orders.order_date' FROM Categories LEFT OUTER JOIN Orders ON 'Categories.category_id' = 'Orders.order_date';
INSERT INTO "SqlQuery" ("queryId", "userId", "issuedAt", "finishedAt", "hasError", "errorMessage", "statement", "projectId", "queryTypeId")
    VALUES ('1662', '12', '2023-06-03 21:52:06.045075', '2023-06-03 21:52:09.045075', 'False', 'None', 'SELECT Categories.category_id, Orders.order_date FROM Categories LEFT OUTER JOIN Orders ON Categories.category_id = Orders.order_date;', '1', '1');
INSERT INTO "QueryColumnAccess" ("queryId", "columnId")
    VALUES ('1662', '1');
INSERT INTO "QueryColumnAccess" ("queryId", "columnId")
    VALUES ('1662', '3');
INSERT INTO "QueryTableAccess" ("queryId", "tableId")
    VALUES ('1662', '4');
INSERT INTO "QueryTableAccess" ("queryId", "tableId")
    VALUES ('1662', '2');
SELECT 'OrderItems.order_id', 'Products.product_name' FROM OrderItems NATURAL JOIN Products ON 'OrderItems.order_id' = 'Products.product_name';
INSERT INTO "SqlQuery" ("queryId", "userId", "issuedAt", "finishedAt", "hasError", "errorMessage", "statement", "projectId", "queryTypeId")
    VALUES ('1663', '3', '2023-05-23 21:52:06.045083', '2023-05-23 21:52:07.045083', 'False', 'None', 'SELECT OrderItems.order_id, Products.product_name FROM OrderItems NATURAL JOIN Products ON OrderItems.order_id = Products.product_name;', '1', '1');
INSERT INTO "QueryColumnAccess" ("queryId", "columnId")
    VALUES ('1663', '2');
INSERT INTO "QueryColumnAccess" ("queryId", "columnId")
    VALUES ('1663', '2');
INSERT INTO "QueryTableAccess" ("queryId", "tableId")
    VALUES ('1663', '5');
INSERT INTO "QueryTableAccess" ("queryId", "tableId")
    VALUES ('1663', '3');
SELECT 'Products.product_id', 'Orders.shipping_address' FROM Products NATURAL JOIN Orders ON 'Products.product_id' = 'Orders.shipping_address';
INSERT INTO "SqlQuery" ("queryId", "userId", "issuedAt", "finishedAt", "hasError", "errorMessage", "statement", "projectId", "queryTypeId")
    VALUES ('1664', '2', '2023-06-28 21:52:06.045092', '2023-06-28 21:52:07.045092', 'False', 'None', 'SELECT Products.product_id, Orders.shipping_address FROM Products NATURAL JOIN Orders ON Products.product_id = Orders.shipping_address;', '1', '1');
INSERT INTO "QueryColumnAccess" ("queryId", "columnId")
    VALUES ('1664', '1');
INSERT INTO "QueryColumnAccess" ("queryId", "columnId")
    VALUES ('1664', '6');
INSERT INTO "QueryTableAccess" ("queryId", "tableId")
    VALUES ('1664', '3');
INSERT INTO "QueryTableAccess" ("queryId", "tableId")
    VALUES ('1664', '2');
SELECT 'Customers.email', 'Orders.order_date' FROM Customers NATURAL JOIN Orders ON 'Customers.email' = 'Orders.order_date';
INSERT INTO "SqlQuery" ("queryId", "userId", "issuedAt", "finishedAt", "hasError", "errorMessage", "statement", "projectId", "queryTypeId")
    VALUES ('1665', '10', '2023-06-16 21:52:06.045101', '2023-06-16 21:52:10.045101', 'False', 'None', 'SELECT Customers.email, Orders.order_date FROM Customers NATURAL JOIN Orders ON Customers.email = Orders.order_date;', '1', '1');
INSERT INTO "QueryColumnAccess" ("queryId", "columnId")
    VALUES ('1665', '4');
INSERT INTO "QueryColumnAccess" ("queryId", "columnId")
    VALUES ('1665', '3');
INSERT INTO "QueryTableAccess" ("queryId", "tableId")
    VALUES ('1665', '1');
INSERT INTO "QueryTableAccess" ("queryId", "tableId")
    VALUES ('1665', '2');
SELECT 'Orders.order_id', 'Products.category' FROM Orders RIGHT OUTER JOIN Products ON 'Orders.order_id' = 'Products.category';
INSERT INTO "SqlQuery" ("queryId", "userId", "issuedAt", "finishedAt", "hasError", "errorMessage", "statement", "projectId", "queryTypeId")
    VALUES ('1666', '15', '2023-05-07 21:52:06.045109', '2023-05-07 21:52:08.045109', 'False', 'None', 'SELECT Orders.order_id, Products.category FROM Orders RIGHT OUTER JOIN Products ON Orders.order_id = Products.category;', '1', '1');
INSERT INTO "QueryColumnAccess" ("queryId", "columnId")
    VALUES ('1666', '1');
INSERT INTO "QueryColumnAccess" ("queryId", "columnId")
    VALUES ('1666', '3');
INSERT INTO "QueryTableAccess" ("queryId", "tableId")
    VALUES ('1666', '2');
INSERT INTO "QueryTableAccess" ("queryId", "tableId")
    VALUES ('1666', '3');
SELECT 'Customers.first_name', 'Categories.parent_category_id' FROM Customers NATURAL JOIN Categories ON 'Customers.first_name' = 'Categories.parent_category_id';
INSERT INTO "SqlQuery" ("queryId", "userId", "issuedAt", "finishedAt", "hasError", "errorMessage", "statement", "projectId", "queryTypeId")
    VALUES ('1667', '15', '2023-04-16 21:52:06.045118', '2023-04-16 21:52:07.045118', 'False', 'None', 'SELECT Customers.first_name, Categories.parent_category_id FROM Customers NATURAL JOIN Categories ON Customers.first_name = Categories.parent_category_id;', '1', '1');
INSERT INTO "QueryColumnAccess" ("queryId", "columnId")
    VALUES ('1667', '2');
INSERT INTO "QueryColumnAccess" ("queryId", "columnId")
    VALUES ('1667', '4');
INSERT INTO "QueryTableAccess" ("queryId", "tableId")
    VALUES ('1667', '1');
INSERT INTO "QueryTableAccess" ("queryId", "tableId")
    VALUES ('1667', '4');
SELECT 'OrderItems.quantity', 'Categories.description' FROM OrderItems LEFT OUTER JOIN Categories ON 'OrderItems.quantity' = 'Categories.description';
INSERT INTO "SqlQuery" ("queryId", "userId", "issuedAt", "finishedAt", "hasError", "errorMessage", "statement", "projectId", "queryTypeId")
    VALUES ('1668', '10', '2023-05-10 21:52:06.045127', '2023-05-10 21:52:07.045127', 'False', 'None', 'SELECT OrderItems.quantity, Categories.description FROM OrderItems LEFT OUTER JOIN Categories ON OrderItems.quantity = Categories.description;', '1', '1');
INSERT INTO "QueryColumnAccess" ("queryId", "columnId")
    VALUES ('1668', '4');
INSERT INTO "QueryColumnAccess" ("queryId", "columnId")
    VALUES ('1668', '3');
INSERT INTO "QueryTableAccess" ("queryId", "tableId")
    VALUES ('1668', '5');
INSERT INTO "QueryTableAccess" ("queryId", "tableId")
    VALUES ('1668', '4');
SELECT 'Orders.payment_method', 'Products.price' FROM Orders LEFT OUTER JOIN Products ON 'Orders.payment_method' = 'Products.price';
INSERT INTO "SqlQuery" ("queryId", "userId", "issuedAt", "finishedAt", "hasError", "errorMessage", "statement", "projectId", "queryTypeId")
    VALUES ('1669', '10', '2023-04-28 21:52:06.045139', '2023-04-28 21:52:07.045139', 'False', 'None', 'SELECT Orders.payment_method, Products.price FROM Orders LEFT OUTER JOIN Products ON Orders.payment_method = Products.price;', '1', '1');
INSERT INTO "QueryColumnAccess" ("queryId", "columnId")
    VALUES ('1669', '5');
INSERT INTO "QueryColumnAccess" ("queryId", "columnId")
    VALUES ('1669', '4');
INSERT INTO "QueryTableAccess" ("queryId", "tableId")
    VALUES ('1669', '2');
INSERT INTO "QueryTableAccess" ("queryId", "tableId")
    VALUES ('1669', '3');
SELECT 'Categories.category_name', 'OrderItems.quantity' FROM Categories LEFT OUTER JOIN OrderItems ON 'Categories.category_name' = 'OrderItems.quantity';
INSERT INTO "SqlQuery" ("queryId", "userId", "issuedAt", "finishedAt", "hasError", "errorMessage", "statement", "projectId", "queryTypeId")
    VALUES ('1670', '12', '2023-06-02 21:52:06.045148', '2023-06-02 21:52:07.045148', 'False', 'None', 'SELECT Categories.category_name, OrderItems.quantity FROM Categories LEFT OUTER JOIN OrderItems ON Categories.category_name = OrderItems.quantity;', '1', '1');
INSERT INTO "QueryColumnAccess" ("queryId", "columnId")
    VALUES ('1670', '2');
INSERT INTO "QueryColumnAccess" ("queryId", "columnId")
    VALUES ('1670', '4');
INSERT INTO "QueryTableAccess" ("queryId", "tableId")
    VALUES ('1670', '4');
INSERT INTO "QueryTableAccess" ("queryId", "tableId")
    VALUES ('1670', '5');
SELECT 'Orders.shipping_address', 'Categories.description' FROM Orders RIGHT OUTER JOIN Categories ON 'Orders.shipping_address' = 'Categories.description';
INSERT INTO "SqlQuery" ("queryId", "userId", "issuedAt", "finishedAt", "hasError", "errorMessage", "statement", "projectId", "queryTypeId")
    VALUES ('1671', '3', '2023-06-06 21:52:06.045157', '2023-06-06 21:52:08.045157', 'False', 'None', 'SELECT Orders.shipping_address, Categories.description FROM Orders RIGHT OUTER JOIN Categories ON Orders.shipping_address = Categories.description;', '1', '1');
INSERT INTO "QueryColumnAccess" ("queryId", "columnId")
    VALUES ('1671', '6');
INSERT INTO "QueryColumnAccess" ("queryId", "columnId")
    VALUES ('1671', '3');
INSERT INTO "QueryTableAccess" ("queryId", "tableId")
    VALUES ('1671', '2');
INSERT INTO "QueryTableAccess" ("queryId", "tableId")
    VALUES ('1671', '4');
SELECT 'Orders.total_amount', 'Products.description' FROM Orders LEFT OUTER JOIN Products ON 'Orders.total_amount' = 'Products.description';
INSERT INTO "SqlQuery" ("queryId", "userId", "issuedAt", "finishedAt", "hasError", "errorMessage", "statement", "projectId", "queryTypeId")
    VALUES ('1672', '9', '2023-05-22 21:52:06.045166', '2023-05-22 21:52:09.045166', 'False', 'None', 'SELECT Orders.total_amount, Products.description FROM Orders LEFT OUTER JOIN Products ON Orders.total_amount = Products.description;', '1', '1');
INSERT INTO "QueryColumnAccess" ("queryId", "columnId")
    VALUES ('1672', '4');
INSERT INTO "QueryColumnAccess" ("queryId", "columnId")
    VALUES ('1672', '5');
INSERT INTO "QueryTableAccess" ("queryId", "tableId")
    VALUES ('1672', '2');
INSERT INTO "QueryTableAccess" ("queryId", "tableId")
    VALUES ('1672', '3');
SELECT 'Orders.order_id', 'Products.category' FROM Orders RIGHT OUTER JOIN Products ON 'Orders.order_id' = 'Products.category';
INSERT INTO "SqlQuery" ("queryId", "userId", "issuedAt", "finishedAt", "hasError", "errorMessage", "statement", "projectId", "queryTypeId")
    VALUES ('1673', '14', '2023-05-31 21:52:06.045175', '2023-05-31 21:52:07.045175', 'False', 'None', 'SELECT Orders.order_id, Products.category FROM Orders RIGHT OUTER JOIN Products ON Orders.order_id = Products.category;', '1', '1');
INSERT INTO "QueryColumnAccess" ("queryId", "columnId")
    VALUES ('1673', '1');
INSERT INTO "QueryColumnAccess" ("queryId", "columnId")
    VALUES ('1673', '3');
INSERT INTO "QueryTableAccess" ("queryId", "tableId")
    VALUES ('1673', '2');
INSERT INTO "QueryTableAccess" ("queryId", "tableId")
    VALUES ('1673', '3');
SELECT 'Categories.description', 'Orders.customer_id' FROM Categories RIGHT OUTER JOIN Orders ON 'Categories.description' = 'Orders.customer_id';
INSERT INTO "SqlQuery" ("queryId", "userId", "issuedAt", "finishedAt", "hasError", "errorMessage", "statement", "projectId", "queryTypeId")
    VALUES ('1674', '14', '2023-05-13 21:52:06.045184', '2023-05-13 21:52:07.045184', 'False', 'None', 'SELECT Categories.description, Orders.customer_id FROM Categories RIGHT OUTER JOIN Orders ON Categories.description = Orders.customer_id;', '1', '1');
INSERT INTO "QueryColumnAccess" ("queryId", "columnId")
    VALUES ('1674', '3');
INSERT INTO "QueryColumnAccess" ("queryId", "columnId")
    VALUES ('1674', '2');
INSERT INTO "QueryTableAccess" ("queryId", "tableId")
    VALUES ('1674', '4');
INSERT INTO "QueryTableAccess" ("queryId", "tableId")
    VALUES ('1674', '2');
SELECT 'Categories.category_name', 'OrderItems.product_id' FROM Categories RIGHT OUTER JOIN OrderItems ON 'Categories.category_name' = 'OrderItems.product_id';
INSERT INTO "SqlQuery" ("queryId", "userId", "issuedAt", "finishedAt", "hasError", "errorMessage", "statement", "projectId", "queryTypeId")
    VALUES ('1675', '15', '2023-05-18 21:52:06.045193', '2023-05-18 21:52:09.045193', 'False', 'None', 'SELECT Categories.category_name, OrderItems.product_id FROM Categories RIGHT OUTER JOIN OrderItems ON Categories.category_name = OrderItems.product_id;', '1', '1');
INSERT INTO "QueryColumnAccess" ("queryId", "columnId")
    VALUES ('1675', '2');
INSERT INTO "QueryColumnAccess" ("queryId", "columnId")
    VALUES ('1675', '3');
INSERT INTO "QueryTableAccess" ("queryId", "tableId")
    VALUES ('1675', '4');
INSERT INTO "QueryTableAccess" ("queryId", "tableId")
    VALUES ('1675', '5');
SELECT 'Customers.customer_id', 'OrderItems.order_id' FROM Customers RIGHT OUTER JOIN OrderItems ON 'Customers.customer_id' = 'OrderItems.order_id';
INSERT INTO "SqlQuery" ("queryId", "userId", "issuedAt", "finishedAt", "hasError", "errorMessage", "statement", "projectId", "queryTypeId")
    VALUES ('1676', '4', '2023-04-25 21:52:06.045201', '2023-04-25 21:52:08.045201', 'False', 'None', 'SELECT Customers.customer_id, OrderItems.order_id FROM Customers RIGHT OUTER JOIN OrderItems ON Customers.customer_id = OrderItems.order_id;', '1', '1');
INSERT INTO "QueryColumnAccess" ("queryId", "columnId")
    VALUES ('1676', '1');
INSERT INTO "QueryColumnAccess" ("queryId", "columnId")
    VALUES ('1676', '2');
INSERT INTO "QueryTableAccess" ("queryId", "tableId")
    VALUES ('1676', '1');
INSERT INTO "QueryTableAccess" ("queryId", "tableId")
    VALUES ('1676', '5');
SELECT 'Orders.payment_method', 'Customers.phone_number' FROM Orders NATURAL JOIN Customers ON 'Orders.payment_method' = 'Customers.phone_number';
INSERT INTO "SqlQuery" ("queryId", "userId", "issuedAt", "finishedAt", "hasError", "errorMessage", "statement", "projectId", "queryTypeId")
    VALUES ('1677', '1', '2023-05-13 21:52:06.045210', '2023-05-13 21:52:10.045210', 'False', 'None', 'SELECT Orders.payment_method, Customers.phone_number FROM Orders NATURAL JOIN Customers ON Orders.payment_method = Customers.phone_number;', '1', '1');
INSERT INTO "QueryColumnAccess" ("queryId", "columnId")
    VALUES ('1677', '5');
INSERT INTO "QueryColumnAccess" ("queryId", "columnId")
    VALUES ('1677', '5');
INSERT INTO "QueryTableAccess" ("queryId", "tableId")
    VALUES ('1677', '2');
INSERT INTO "QueryTableAccess" ("queryId", "tableId")
    VALUES ('1677', '1');
SELECT 'Products.product_name', 'Orders.order_date' FROM Products NATURAL JOIN Orders ON 'Products.product_name' = 'Orders.order_date';
INSERT INTO "SqlQuery" ("queryId", "userId", "issuedAt", "finishedAt", "hasError", "errorMessage", "statement", "projectId", "queryTypeId")
    VALUES ('1678', '12', '2023-06-01 21:52:06.045219', '2023-06-01 21:52:08.045219', 'False', 'None', 'SELECT Products.product_name, Orders.order_date FROM Products NATURAL JOIN Orders ON Products.product_name = Orders.order_date;', '1', '1');
INSERT INTO "QueryColumnAccess" ("queryId", "columnId")
    VALUES ('1678', '2');
INSERT INTO "QueryColumnAccess" ("queryId", "columnId")
    VALUES ('1678', '3');
INSERT INTO "QueryTableAccess" ("queryId", "tableId")
    VALUES ('1678', '3');
INSERT INTO "QueryTableAccess" ("queryId", "tableId")
    VALUES ('1678', '2');
SELECT 'Customers.email', 'Categories.category_name' FROM Customers NATURAL JOIN Categories ON 'Customers.email' = 'Categories.category_name';
INSERT INTO "SqlQuery" ("queryId", "userId", "issuedAt", "finishedAt", "hasError", "errorMessage", "statement", "projectId", "queryTypeId")
    VALUES ('1679', '4', '2023-04-20 21:52:06.045232', '2023-04-20 21:52:09.045232', 'False', 'None', 'SELECT Customers.email, Categories.category_name FROM Customers NATURAL JOIN Categories ON Customers.email = Categories.category_name;', '1', '1');
INSERT INTO "QueryColumnAccess" ("queryId", "columnId")
    VALUES ('1679', '4');
INSERT INTO "QueryColumnAccess" ("queryId", "columnId")
    VALUES ('1679', '2');
INSERT INTO "QueryTableAccess" ("queryId", "tableId")
    VALUES ('1679', '1');
INSERT INTO "QueryTableAccess" ("queryId", "tableId")
    VALUES ('1679', '4');
SELECT 'Products.price', 'OrderItems.order_item_id' FROM Products NATURAL JOIN OrderItems ON 'Products.price' = 'OrderItems.order_item_id';
INSERT INTO "SqlQuery" ("queryId", "userId", "issuedAt", "finishedAt", "hasError", "errorMessage", "statement", "projectId", "queryTypeId")
    VALUES ('1680', '10', '2023-07-08 21:52:06.045241', '2023-07-08 21:52:07.045241', 'False', 'None', 'SELECT Products.price, OrderItems.order_item_id FROM Products NATURAL JOIN OrderItems ON Products.price = OrderItems.order_item_id;', '1', '1');
INSERT INTO "QueryColumnAccess" ("queryId", "columnId")
    VALUES ('1680', '4');
INSERT INTO "QueryColumnAccess" ("queryId", "columnId")
    VALUES ('1680', '1');
INSERT INTO "QueryTableAccess" ("queryId", "tableId")
    VALUES ('1680', '3');
INSERT INTO "QueryTableAccess" ("queryId", "tableId")
    VALUES ('1680', '5');
SELECT 'Categories.description', 'Products.description' FROM Categories RIGHT OUTER JOIN Products ON 'Categories.description' = 'Products.description';
INSERT INTO "SqlQuery" ("queryId", "userId", "issuedAt", "finishedAt", "hasError", "errorMessage", "statement", "projectId", "queryTypeId")
    VALUES ('1681', '5', '2023-05-03 21:52:06.045250', '2023-05-03 21:52:08.045250', 'False', 'None', 'SELECT Categories.description, Products.description FROM Categories RIGHT OUTER JOIN Products ON Categories.description = Products.description;', '1', '1');
INSERT INTO "QueryColumnAccess" ("queryId", "columnId")
    VALUES ('1681', '3');
INSERT INTO "QueryColumnAccess" ("queryId", "columnId")
    VALUES ('1681', '5');
INSERT INTO "QueryTableAccess" ("queryId", "tableId")
    VALUES ('1681', '4');
INSERT INTO "QueryTableAccess" ("queryId", "tableId")
    VALUES ('1681', '3');
SELECT 'Products.quantity', 'Orders.total_amount' FROM Products LEFT OUTER JOIN Orders ON 'Products.quantity' = 'Orders.total_amount';
INSERT INTO "SqlQuery" ("queryId", "userId", "issuedAt", "finishedAt", "hasError", "errorMessage", "statement", "projectId", "queryTypeId")
    VALUES ('1682', '13', '2023-06-13 21:52:06.045258', '2023-06-13 21:52:09.045258', 'False', 'None', 'SELECT Products.quantity, Orders.total_amount FROM Products LEFT OUTER JOIN Orders ON Products.quantity = Orders.total_amount;', '1', '1');
INSERT INTO "QueryColumnAccess" ("queryId", "columnId")
    VALUES ('1682', '6');
INSERT INTO "QueryColumnAccess" ("queryId", "columnId")
    VALUES ('1682', '4');
INSERT INTO "QueryTableAccess" ("queryId", "tableId")
    VALUES ('1682', '3');
INSERT INTO "QueryTableAccess" ("queryId", "tableId")
    VALUES ('1682', '2');
SELECT 'Customers.phone_number', 'OrderItems.order_item_id' FROM Customers RIGHT OUTER JOIN OrderItems ON 'Customers.phone_number' = 'OrderItems.order_item_id';
INSERT INTO "SqlQuery" ("queryId", "userId", "issuedAt", "finishedAt", "hasError", "errorMessage", "statement", "projectId", "queryTypeId")
    VALUES ('1683', '3', '2023-05-21 21:52:06.045267', '2023-05-21 21:52:07.045267', 'False', 'None', 'SELECT Customers.phone_number, OrderItems.order_item_id FROM Customers RIGHT OUTER JOIN OrderItems ON Customers.phone_number = OrderItems.order_item_id;', '1', '1');
INSERT INTO "QueryColumnAccess" ("queryId", "columnId")
    VALUES ('1683', '5');
INSERT INTO "QueryColumnAccess" ("queryId", "columnId")
    VALUES ('1683', '1');
INSERT INTO "QueryTableAccess" ("queryId", "tableId")
    VALUES ('1683', '1');
INSERT INTO "QueryTableAccess" ("queryId", "tableId")
    VALUES ('1683', '5');
SELECT 'Categories.parent_category_id', 'Orders.shipping_address' FROM Categories RIGHT OUTER JOIN Orders ON 'Categories.parent_category_id' = 'Orders.shipping_address';
INSERT INTO "SqlQuery" ("queryId", "userId", "issuedAt", "finishedAt", "hasError", "errorMessage", "statement", "projectId", "queryTypeId")
    VALUES ('1684', '6', '2023-05-27 21:52:06.045276', '2023-05-27 21:52:07.045276', 'False', 'None', 'SELECT Categories.parent_category_id, Orders.shipping_address FROM Categories RIGHT OUTER JOIN Orders ON Categories.parent_category_id = Orders.shipping_address;', '1', '1');
INSERT INTO "QueryColumnAccess" ("queryId", "columnId")
    VALUES ('1684', '4');
INSERT INTO "QueryColumnAccess" ("queryId", "columnId")
    VALUES ('1684', '6');
INSERT INTO "QueryTableAccess" ("queryId", "tableId")
    VALUES ('1684', '4');
INSERT INTO "QueryTableAccess" ("queryId", "tableId")
    VALUES ('1684', '2');
SELECT 'Orders.shipping_address', 'Products.description' FROM Orders LEFT OUTER JOIN Products ON 'Orders.shipping_address' = 'Products.description';
INSERT INTO "SqlQuery" ("queryId", "userId", "issuedAt", "finishedAt", "hasError", "errorMessage", "statement", "projectId", "queryTypeId")
    VALUES ('1685', '14', '2023-06-19 21:52:06.045285', '2023-06-19 21:52:09.045285', 'False', 'None', 'SELECT Orders.shipping_address, Products.description FROM Orders LEFT OUTER JOIN Products ON Orders.shipping_address = Products.description;', '1', '1');
INSERT INTO "QueryColumnAccess" ("queryId", "columnId")
    VALUES ('1685', '6');
INSERT INTO "QueryColumnAccess" ("queryId", "columnId")
    VALUES ('1685', '5');
INSERT INTO "QueryTableAccess" ("queryId", "tableId")
    VALUES ('1685', '2');
INSERT INTO "QueryTableAccess" ("queryId", "tableId")
    VALUES ('1685', '3');
SELECT 'Products.product_id', 'OrderItems.order_id' FROM Products NATURAL JOIN OrderItems ON 'Products.product_id' = 'OrderItems.order_id';
INSERT INTO "SqlQuery" ("queryId", "userId", "issuedAt", "finishedAt", "hasError", "errorMessage", "statement", "projectId", "queryTypeId")
    VALUES ('1686', '15', '2023-07-06 21:52:06.045294', '2023-07-06 21:52:07.045294', 'False', 'None', 'SELECT Products.product_id, OrderItems.order_id FROM Products NATURAL JOIN OrderItems ON Products.product_id = OrderItems.order_id;', '1', '1');
INSERT INTO "QueryColumnAccess" ("queryId", "columnId")
    VALUES ('1686', '1');
INSERT INTO "QueryColumnAccess" ("queryId", "columnId")
    VALUES ('1686', '2');
INSERT INTO "QueryTableAccess" ("queryId", "tableId")
    VALUES ('1686', '3');
INSERT INTO "QueryTableAccess" ("queryId", "tableId")
    VALUES ('1686', '5');
SELECT 'Customers.first_name', 'Products.product_name' FROM Customers NATURAL JOIN Products ON 'Customers.first_name' = 'Products.product_name';
INSERT INTO "SqlQuery" ("queryId", "userId", "issuedAt", "finishedAt", "hasError", "errorMessage", "statement", "projectId", "queryTypeId")
    VALUES ('1687', '1', '2023-06-30 21:52:06.045303', '2023-06-30 21:52:07.045303', 'False', 'None', 'SELECT Customers.first_name, Products.product_name FROM Customers NATURAL JOIN Products ON Customers.first_name = Products.product_name;', '1', '1');
INSERT INTO "QueryColumnAccess" ("queryId", "columnId")
    VALUES ('1687', '2');
INSERT INTO "QueryColumnAccess" ("queryId", "columnId")
    VALUES ('1687', '2');
INSERT INTO "QueryTableAccess" ("queryId", "tableId")
    VALUES ('1687', '1');
INSERT INTO "QueryTableAccess" ("queryId", "tableId")
    VALUES ('1687', '3');
SELECT 'Orders.customer_id', 'Customers.phone_number' FROM Orders LEFT OUTER JOIN Customers ON 'Orders.customer_id' = 'Customers.phone_number';
INSERT INTO "SqlQuery" ("queryId", "userId", "issuedAt", "finishedAt", "hasError", "errorMessage", "statement", "projectId", "queryTypeId")
    VALUES ('1688', '11', '2023-06-19 21:52:06.045318', '2023-06-19 21:52:07.045318', 'False', 'None', 'SELECT Orders.customer_id, Customers.phone_number FROM Orders LEFT OUTER JOIN Customers ON Orders.customer_id = Customers.phone_number;', '1', '1');
INSERT INTO "QueryColumnAccess" ("queryId", "columnId")
    VALUES ('1688', '2');
INSERT INTO "QueryColumnAccess" ("queryId", "columnId")
    VALUES ('1688', '5');
INSERT INTO "QueryTableAccess" ("queryId", "tableId")
    VALUES ('1688', '2');
INSERT INTO "QueryTableAccess" ("queryId", "tableId")
    VALUES ('1688', '1');
SELECT 'Customers.customer_id', 'OrderItems.unit_price' FROM Customers NATURAL JOIN OrderItems ON 'Customers.customer_id' = 'OrderItems.unit_price';
INSERT INTO "SqlQuery" ("queryId", "userId", "issuedAt", "finishedAt", "hasError", "errorMessage", "statement", "projectId", "queryTypeId")
    VALUES ('1689', '7', '2023-04-19 21:52:06.045328', '2023-04-19 21:52:07.045328', 'False', 'None', 'SELECT Customers.customer_id, OrderItems.unit_price FROM Customers NATURAL JOIN OrderItems ON Customers.customer_id = OrderItems.unit_price;', '1', '1');
INSERT INTO "QueryColumnAccess" ("queryId", "columnId")
    VALUES ('1689', '1');
INSERT INTO "QueryColumnAccess" ("queryId", "columnId")
    VALUES ('1689', '5');
INSERT INTO "QueryTableAccess" ("queryId", "tableId")
    VALUES ('1689', '1');
INSERT INTO "QueryTableAccess" ("queryId", "tableId")
    VALUES ('1689', '5');
SELECT 'Categories.category_name', 'OrderItems.order_item_id' FROM Categories RIGHT OUTER JOIN OrderItems ON 'Categories.category_name' = 'OrderItems.order_item_id';
INSERT INTO "SqlQuery" ("queryId", "userId", "issuedAt", "finishedAt", "hasError", "errorMessage", "statement", "projectId", "queryTypeId")
    VALUES ('1690', '4', '2023-06-10 21:52:06.045336', '2023-06-10 21:52:09.045336', 'False', 'None', 'SELECT Categories.category_name, OrderItems.order_item_id FROM Categories RIGHT OUTER JOIN OrderItems ON Categories.category_name = OrderItems.order_item_id;', '1', '1');
INSERT INTO "QueryColumnAccess" ("queryId", "columnId")
    VALUES ('1690', '2');
INSERT INTO "QueryColumnAccess" ("queryId", "columnId")
    VALUES ('1690', '1');
INSERT INTO "QueryTableAccess" ("queryId", "tableId")
    VALUES ('1690', '4');
INSERT INTO "QueryTableAccess" ("queryId", "tableId")
    VALUES ('1690', '5');
SELECT 'Products.quantity', 'Orders.payment_method' FROM Products RIGHT OUTER JOIN Orders ON 'Products.quantity' = 'Orders.payment_method';
INSERT INTO "SqlQuery" ("queryId", "userId", "issuedAt", "finishedAt", "hasError", "errorMessage", "statement", "projectId", "queryTypeId")
    VALUES ('1691', '5', '2023-05-14 21:52:06.045345', '2023-05-14 21:52:07.045345', 'False', 'None', 'SELECT Products.quantity, Orders.payment_method FROM Products RIGHT OUTER JOIN Orders ON Products.quantity = Orders.payment_method;', '1', '1');
INSERT INTO "QueryColumnAccess" ("queryId", "columnId")
    VALUES ('1691', '6');
INSERT INTO "QueryColumnAccess" ("queryId", "columnId")
    VALUES ('1691', '5');
INSERT INTO "QueryTableAccess" ("queryId", "tableId")
    VALUES ('1691', '3');
INSERT INTO "QueryTableAccess" ("queryId", "tableId")
    VALUES ('1691', '2');
SELECT 'Customers.email', 'OrderItems.unit_price' FROM Customers RIGHT OUTER JOIN OrderItems ON 'Customers.email' = 'OrderItems.unit_price';
INSERT INTO "SqlQuery" ("queryId", "userId", "issuedAt", "finishedAt", "hasError", "errorMessage", "statement", "projectId", "queryTypeId")
    VALUES ('1692', '5', '2023-07-10 21:52:06.045354', '2023-07-10 21:52:07.045354', 'False', 'None', 'SELECT Customers.email, OrderItems.unit_price FROM Customers RIGHT OUTER JOIN OrderItems ON Customers.email = OrderItems.unit_price;', '1', '1');
INSERT INTO "QueryColumnAccess" ("queryId", "columnId")
    VALUES ('1692', '4');
INSERT INTO "QueryColumnAccess" ("queryId", "columnId")
    VALUES ('1692', '5');
INSERT INTO "QueryTableAccess" ("queryId", "tableId")
    VALUES ('1692', '1');
INSERT INTO "QueryTableAccess" ("queryId", "tableId")
    VALUES ('1692', '5');
SELECT 'OrderItems.quantity', 'Customers.email' FROM OrderItems NATURAL JOIN Customers ON 'OrderItems.quantity' = 'Customers.email';
INSERT INTO "SqlQuery" ("queryId", "userId", "issuedAt", "finishedAt", "hasError", "errorMessage", "statement", "projectId", "queryTypeId")
    VALUES ('1693', '5', '2023-05-17 21:52:06.045363', '2023-05-17 21:52:07.045363', 'False', 'None', 'SELECT OrderItems.quantity, Customers.email FROM OrderItems NATURAL JOIN Customers ON OrderItems.quantity = Customers.email;', '1', '1');
INSERT INTO "QueryColumnAccess" ("queryId", "columnId")
    VALUES ('1693', '4');
INSERT INTO "QueryColumnAccess" ("queryId", "columnId")
    VALUES ('1693', '4');
INSERT INTO "QueryTableAccess" ("queryId", "tableId")
    VALUES ('1693', '5');
INSERT INTO "QueryTableAccess" ("queryId", "tableId")
    VALUES ('1693', '1');
SELECT 'Customers.email', 'Products.quantity' FROM Customers RIGHT OUTER JOIN Products ON 'Customers.email' = 'Products.quantity';
INSERT INTO "SqlQuery" ("queryId", "userId", "issuedAt", "finishedAt", "hasError", "errorMessage", "statement", "projectId", "queryTypeId")
    VALUES ('1694', '13', '2023-04-20 21:52:06.045372', '2023-04-20 21:52:10.045372', 'False', 'None', 'SELECT Customers.email, Products.quantity FROM Customers RIGHT OUTER JOIN Products ON Customers.email = Products.quantity;', '1', '1');
INSERT INTO "QueryColumnAccess" ("queryId", "columnId")
    VALUES ('1694', '4');
INSERT INTO "QueryColumnAccess" ("queryId", "columnId")
    VALUES ('1694', '6');
INSERT INTO "QueryTableAccess" ("queryId", "tableId")
    VALUES ('1694', '1');
INSERT INTO "QueryTableAccess" ("queryId", "tableId")
    VALUES ('1694', '3');
SELECT 'Products.product_id', 'Customers.first_name' FROM Products RIGHT OUTER JOIN Customers ON 'Products.product_id' = 'Customers.first_name';
INSERT INTO "SqlQuery" ("queryId", "userId", "issuedAt", "finishedAt", "hasError", "errorMessage", "statement", "projectId", "queryTypeId")
    VALUES ('1695', '15', '2023-04-19 21:52:06.045380', '2023-04-19 21:52:08.045380', 'False', 'None', 'SELECT Products.product_id, Customers.first_name FROM Products RIGHT OUTER JOIN Customers ON Products.product_id = Customers.first_name;', '1', '1');
INSERT INTO "QueryColumnAccess" ("queryId", "columnId")
    VALUES ('1695', '1');
INSERT INTO "QueryColumnAccess" ("queryId", "columnId")
    VALUES ('1695', '2');
INSERT INTO "QueryTableAccess" ("queryId", "tableId")
    VALUES ('1695', '3');
INSERT INTO "QueryTableAccess" ("queryId", "tableId")
    VALUES ('1695', '1');
SELECT 'Customers.last_name', 'Categories.category_name' FROM Customers RIGHT OUTER JOIN Categories ON 'Customers.last_name' = 'Categories.category_name';
INSERT INTO "SqlQuery" ("queryId", "userId", "issuedAt", "finishedAt", "hasError", "errorMessage", "statement", "projectId", "queryTypeId")
    VALUES ('1696', '14', '2023-04-11 21:52:06.045389', '2023-04-11 21:52:07.045389', 'False', 'None', 'SELECT Customers.last_name, Categories.category_name FROM Customers RIGHT OUTER JOIN Categories ON Customers.last_name = Categories.category_name;', '1', '1');
INSERT INTO "QueryColumnAccess" ("queryId", "columnId")
    VALUES ('1696', '3');
INSERT INTO "QueryColumnAccess" ("queryId", "columnId")
    VALUES ('1696', '2');
INSERT INTO "QueryTableAccess" ("queryId", "tableId")
    VALUES ('1696', '1');
INSERT INTO "QueryTableAccess" ("queryId", "tableId")
    VALUES ('1696', '4');
SELECT 'Products.product_name', 'Orders.customer_id' FROM Products RIGHT OUTER JOIN Orders ON 'Products.product_name' = 'Orders.customer_id';
INSERT INTO "SqlQuery" ("queryId", "userId", "issuedAt", "finishedAt", "hasError", "errorMessage", "statement", "projectId", "queryTypeId")
    VALUES ('1697', '1', '2023-05-12 21:52:06.045402', '2023-05-12 21:52:07.045402', 'False', 'None', 'SELECT Products.product_name, Orders.customer_id FROM Products RIGHT OUTER JOIN Orders ON Products.product_name = Orders.customer_id;', '1', '1');
INSERT INTO "QueryColumnAccess" ("queryId", "columnId")
    VALUES ('1697', '2');
INSERT INTO "QueryColumnAccess" ("queryId", "columnId")
    VALUES ('1697', '2');
INSERT INTO "QueryTableAccess" ("queryId", "tableId")
    VALUES ('1697', '3');
INSERT INTO "QueryTableAccess" ("queryId", "tableId")
    VALUES ('1697', '2');
SELECT 'Orders.shipping_address', 'OrderItems.quantity' FROM Orders NATURAL JOIN OrderItems ON 'Orders.shipping_address' = 'OrderItems.quantity';
INSERT INTO "SqlQuery" ("queryId", "userId", "issuedAt", "finishedAt", "hasError", "errorMessage", "statement", "projectId", "queryTypeId")
    VALUES ('1698', '2', '2023-07-04 21:52:06.045411', '2023-07-04 21:52:07.045411', 'False', 'None', 'SELECT Orders.shipping_address, OrderItems.quantity FROM Orders NATURAL JOIN OrderItems ON Orders.shipping_address = OrderItems.quantity;', '1', '1');
INSERT INTO "QueryColumnAccess" ("queryId", "columnId")
    VALUES ('1698', '6');
INSERT INTO "QueryColumnAccess" ("queryId", "columnId")
    VALUES ('1698', '4');
INSERT INTO "QueryTableAccess" ("queryId", "tableId")
    VALUES ('1698', '2');
INSERT INTO "QueryTableAccess" ("queryId", "tableId")
    VALUES ('1698', '5');
SELECT 'Orders.customer_id', 'Products.description' FROM Orders LEFT OUTER JOIN Products ON 'Orders.customer_id' = 'Products.description';
INSERT INTO "SqlQuery" ("queryId", "userId", "issuedAt", "finishedAt", "hasError", "errorMessage", "statement", "projectId", "queryTypeId")
    VALUES ('1699', '13', '2023-06-30 21:52:06.045420', '2023-06-30 21:52:07.045420', 'False', 'None', 'SELECT Orders.customer_id, Products.description FROM Orders LEFT OUTER JOIN Products ON Orders.customer_id = Products.description;', '1', '1');
INSERT INTO "QueryColumnAccess" ("queryId", "columnId")
    VALUES ('1699', '2');
INSERT INTO "QueryColumnAccess" ("queryId", "columnId")
    VALUES ('1699', '5');
INSERT INTO "QueryTableAccess" ("queryId", "tableId")
    VALUES ('1699', '2');
INSERT INTO "QueryTableAccess" ("queryId", "tableId")
    VALUES ('1699', '3');
SELECT 'Categories.category_id', 'Orders.shipping_address' FROM Categories RIGHT OUTER JOIN Orders ON 'Categories.category_id' = 'Orders.shipping_address';
INSERT INTO "SqlQuery" ("queryId", "userId", "issuedAt", "finishedAt", "hasError", "errorMessage", "statement", "projectId", "queryTypeId")
    VALUES ('1700', '1', '2023-06-28 21:52:06.045428', '2023-06-28 21:52:10.045428', 'False', 'None', 'SELECT Categories.category_id, Orders.shipping_address FROM Categories RIGHT OUTER JOIN Orders ON Categories.category_id = Orders.shipping_address;', '1', '1');
INSERT INTO "QueryColumnAccess" ("queryId", "columnId")
    VALUES ('1700', '1');
INSERT INTO "QueryColumnAccess" ("queryId", "columnId")
    VALUES ('1700', '6');
INSERT INTO "QueryTableAccess" ("queryId", "tableId")
    VALUES ('1700', '4');
INSERT INTO "QueryTableAccess" ("queryId", "tableId")
    VALUES ('1700', '2');
SELECT 'Customers.customer_id', 'Orders.total_amount' FROM Customers LEFT OUTER JOIN Orders ON 'Customers.customer_id' = 'Orders.total_amount';
INSERT INTO "SqlQuery" ("queryId", "userId", "issuedAt", "finishedAt", "hasError", "errorMessage", "statement", "projectId", "queryTypeId")
    VALUES ('1701', '9', '2023-06-29 21:52:06.045437', '2023-06-29 21:52:08.045437', 'False', 'None', 'SELECT Customers.customer_id, Orders.total_amount FROM Customers LEFT OUTER JOIN Orders ON Customers.customer_id = Orders.total_amount;', '1', '1');
INSERT INTO "QueryColumnAccess" ("queryId", "columnId")
    VALUES ('1701', '1');
INSERT INTO "QueryColumnAccess" ("queryId", "columnId")
    VALUES ('1701', '4');
INSERT INTO "QueryTableAccess" ("queryId", "tableId")
    VALUES ('1701', '1');
INSERT INTO "QueryTableAccess" ("queryId", "tableId")
    VALUES ('1701', '2');
SELECT 'OrderItems.order_id', 'Orders.order_date' FROM OrderItems NATURAL JOIN Orders ON 'OrderItems.order_id' = 'Orders.order_date';
INSERT INTO "SqlQuery" ("queryId", "userId", "issuedAt", "finishedAt", "hasError", "errorMessage", "statement", "projectId", "queryTypeId")
    VALUES ('1702', '4', '2023-05-03 21:52:06.045446', '2023-05-03 21:52:08.045446', 'False', 'None', 'SELECT OrderItems.order_id, Orders.order_date FROM OrderItems NATURAL JOIN Orders ON OrderItems.order_id = Orders.order_date;', '1', '1');
INSERT INTO "QueryColumnAccess" ("queryId", "columnId")
    VALUES ('1702', '2');
INSERT INTO "QueryColumnAccess" ("queryId", "columnId")
    VALUES ('1702', '3');
INSERT INTO "QueryTableAccess" ("queryId", "tableId")
    VALUES ('1702', '5');
INSERT INTO "QueryTableAccess" ("queryId", "tableId")
    VALUES ('1702', '2');
SELECT 'OrderItems.order_id', 'Customers.phone_number' FROM OrderItems NATURAL JOIN Customers ON 'OrderItems.order_id' = 'Customers.phone_number';
INSERT INTO "SqlQuery" ("queryId", "userId", "issuedAt", "finishedAt", "hasError", "errorMessage", "statement", "projectId", "queryTypeId")
    VALUES ('1703', '12', '2023-06-18 21:52:06.045455', '2023-06-18 21:52:09.045455', 'False', 'None', 'SELECT OrderItems.order_id, Customers.phone_number FROM OrderItems NATURAL JOIN Customers ON OrderItems.order_id = Customers.phone_number;', '1', '1');
INSERT INTO "QueryColumnAccess" ("queryId", "columnId")
    VALUES ('1703', '2');
INSERT INTO "QueryColumnAccess" ("queryId", "columnId")
    VALUES ('1703', '5');
INSERT INTO "QueryTableAccess" ("queryId", "tableId")
    VALUES ('1703', '5');
INSERT INTO "QueryTableAccess" ("queryId", "tableId")
    VALUES ('1703', '1');
SELECT 'Orders.customer_id', 'Categories.description' FROM Orders NATURAL JOIN Categories ON 'Orders.customer_id' = 'Categories.description';
INSERT INTO "SqlQuery" ("queryId", "userId", "issuedAt", "finishedAt", "hasError", "errorMessage", "statement", "projectId", "queryTypeId")
    VALUES ('1704', '9', '2023-05-05 21:52:06.045464', '2023-05-05 21:52:07.045464', 'False', 'None', 'SELECT Orders.customer_id, Categories.description FROM Orders NATURAL JOIN Categories ON Orders.customer_id = Categories.description;', '1', '1');
INSERT INTO "QueryColumnAccess" ("queryId", "columnId")
    VALUES ('1704', '2');
INSERT INTO "QueryColumnAccess" ("queryId", "columnId")
    VALUES ('1704', '3');
INSERT INTO "QueryTableAccess" ("queryId", "tableId")
    VALUES ('1704', '2');
INSERT INTO "QueryTableAccess" ("queryId", "tableId")
    VALUES ('1704', '4');
SELECT 'Products.quantity', 'Customers.last_name' FROM Products NATURAL JOIN Customers ON 'Products.quantity' = 'Customers.last_name';
INSERT INTO "SqlQuery" ("queryId", "userId", "issuedAt", "finishedAt", "hasError", "errorMessage", "statement", "projectId", "queryTypeId")
    VALUES ('1705', '10', '2023-06-08 21:52:06.045473', '2023-06-08 21:52:10.045473', 'False', 'None', 'SELECT Products.quantity, Customers.last_name FROM Products NATURAL JOIN Customers ON Products.quantity = Customers.last_name;', '1', '1');
INSERT INTO "QueryColumnAccess" ("queryId", "columnId")
    VALUES ('1705', '6');
INSERT INTO "QueryColumnAccess" ("queryId", "columnId")
    VALUES ('1705', '3');
INSERT INTO "QueryTableAccess" ("queryId", "tableId")
    VALUES ('1705', '3');
INSERT INTO "QueryTableAccess" ("queryId", "tableId")
    VALUES ('1705', '1');
SELECT 'Products.category', 'Orders.total_amount' FROM Products LEFT OUTER JOIN Orders ON 'Products.category' = 'Orders.total_amount';
INSERT INTO "SqlQuery" ("queryId", "userId", "issuedAt", "finishedAt", "hasError", "errorMessage", "statement", "projectId", "queryTypeId")
    VALUES ('1706', '7', '2023-06-21 21:52:06.045482', '2023-06-21 21:52:07.045482', 'False', 'None', 'SELECT Products.category, Orders.total_amount FROM Products LEFT OUTER JOIN Orders ON Products.category = Orders.total_amount;', '1', '1');
INSERT INTO "QueryColumnAccess" ("queryId", "columnId")
    VALUES ('1706', '3');
INSERT INTO "QueryColumnAccess" ("queryId", "columnId")
    VALUES ('1706', '4');
INSERT INTO "QueryTableAccess" ("queryId", "tableId")
    VALUES ('1706', '3');
INSERT INTO "QueryTableAccess" ("queryId", "tableId")
    VALUES ('1706', '2');
SELECT 'Products.category', 'Customers.email' FROM Products NATURAL JOIN Customers ON 'Products.category' = 'Customers.email';
INSERT INTO "SqlQuery" ("queryId", "userId", "issuedAt", "finishedAt", "hasError", "errorMessage", "statement", "projectId", "queryTypeId")
    VALUES ('1707', '14', '2023-06-18 21:52:06.045494', '2023-06-18 21:52:08.045494', 'False', 'None', 'SELECT Products.category, Customers.email FROM Products NATURAL JOIN Customers ON Products.category = Customers.email;', '1', '1');
INSERT INTO "QueryColumnAccess" ("queryId", "columnId")
    VALUES ('1707', '3');
INSERT INTO "QueryColumnAccess" ("queryId", "columnId")
    VALUES ('1707', '4');
INSERT INTO "QueryTableAccess" ("queryId", "tableId")
    VALUES ('1707', '3');
INSERT INTO "QueryTableAccess" ("queryId", "tableId")
    VALUES ('1707', '1');
SELECT 'Products.product_name', 'Categories.category_name' FROM Products NATURAL JOIN Categories ON 'Products.product_name' = 'Categories.category_name';
INSERT INTO "SqlQuery" ("queryId", "userId", "issuedAt", "finishedAt", "hasError", "errorMessage", "statement", "projectId", "queryTypeId")
    VALUES ('1708', '2', '2023-07-01 21:52:06.045502', '2023-07-01 21:52:08.045502', 'False', 'None', 'SELECT Products.product_name, Categories.category_name FROM Products NATURAL JOIN Categories ON Products.product_name = Categories.category_name;', '1', '1');
INSERT INTO "QueryColumnAccess" ("queryId", "columnId")
    VALUES ('1708', '2');
INSERT INTO "QueryColumnAccess" ("queryId", "columnId")
    VALUES ('1708', '2');
INSERT INTO "QueryTableAccess" ("queryId", "tableId")
    VALUES ('1708', '3');
INSERT INTO "QueryTableAccess" ("queryId", "tableId")
    VALUES ('1708', '4');
SELECT 'Customers.phone_number', 'Categories.description' FROM Customers RIGHT OUTER JOIN Categories ON 'Customers.phone_number' = 'Categories.description';
INSERT INTO "SqlQuery" ("queryId", "userId", "issuedAt", "finishedAt", "hasError", "errorMessage", "statement", "projectId", "queryTypeId")
    VALUES ('1709', '13', '2023-06-11 21:52:06.045511', '2023-06-11 21:52:08.045511', 'False', 'None', 'SELECT Customers.phone_number, Categories.description FROM Customers RIGHT OUTER JOIN Categories ON Customers.phone_number = Categories.description;', '1', '1');
INSERT INTO "QueryColumnAccess" ("queryId", "columnId")
    VALUES ('1709', '5');
INSERT INTO "QueryColumnAccess" ("queryId", "columnId")
    VALUES ('1709', '3');
INSERT INTO "QueryTableAccess" ("queryId", "tableId")
    VALUES ('1709', '1');
INSERT INTO "QueryTableAccess" ("queryId", "tableId")
    VALUES ('1709', '4');
SELECT 'OrderItems.order_item_id', 'Products.product_id' FROM OrderItems RIGHT OUTER JOIN Products ON 'OrderItems.order_item_id' = 'Products.product_id';
INSERT INTO "SqlQuery" ("queryId", "userId", "issuedAt", "finishedAt", "hasError", "errorMessage", "statement", "projectId", "queryTypeId")
    VALUES ('1710', '4', '2023-06-27 21:52:06.045520', '2023-06-27 21:52:07.045520', 'False', 'None', 'SELECT OrderItems.order_item_id, Products.product_id FROM OrderItems RIGHT OUTER JOIN Products ON OrderItems.order_item_id = Products.product_id;', '1', '1');
INSERT INTO "QueryColumnAccess" ("queryId", "columnId")
    VALUES ('1710', '1');
INSERT INTO "QueryColumnAccess" ("queryId", "columnId")
    VALUES ('1710', '1');
INSERT INTO "QueryTableAccess" ("queryId", "tableId")
    VALUES ('1710', '5');
INSERT INTO "QueryTableAccess" ("queryId", "tableId")
    VALUES ('1710', '3');
SELECT 'Products.description', 'Orders.order_id' FROM Products NATURAL JOIN Orders ON 'Products.description' = 'Orders.order_id';
INSERT INTO "SqlQuery" ("queryId", "userId", "issuedAt", "finishedAt", "hasError", "errorMessage", "statement", "projectId", "queryTypeId")
    VALUES ('1711', '7', '2023-07-04 21:52:06.045529', '2023-07-04 21:52:10.045529', 'False', 'None', 'SELECT Products.description, Orders.order_id FROM Products NATURAL JOIN Orders ON Products.description = Orders.order_id;', '1', '1');
INSERT INTO "QueryColumnAccess" ("queryId", "columnId")
    VALUES ('1711', '5');
INSERT INTO "QueryColumnAccess" ("queryId", "columnId")
    VALUES ('1711', '1');
INSERT INTO "QueryTableAccess" ("queryId", "tableId")
    VALUES ('1711', '3');
INSERT INTO "QueryTableAccess" ("queryId", "tableId")
    VALUES ('1711', '2');
SELECT 'Products.description', 'Customers.address' FROM Products LEFT OUTER JOIN Customers ON 'Products.description' = 'Customers.address';
INSERT INTO "SqlQuery" ("queryId", "userId", "issuedAt", "finishedAt", "hasError", "errorMessage", "statement", "projectId", "queryTypeId")
    VALUES ('1712', '3', '2023-06-17 21:52:06.045537', '2023-06-17 21:52:10.045537', 'False', 'None', 'SELECT Products.description, Customers.address FROM Products LEFT OUTER JOIN Customers ON Products.description = Customers.address;', '1', '1');
INSERT INTO "QueryColumnAccess" ("queryId", "columnId")
    VALUES ('1712', '5');
INSERT INTO "QueryColumnAccess" ("queryId", "columnId")
    VALUES ('1712', '6');
INSERT INTO "QueryTableAccess" ("queryId", "tableId")
    VALUES ('1712', '3');
INSERT INTO "QueryTableAccess" ("queryId", "tableId")
    VALUES ('1712', '1');
SELECT 'Customers.email', 'Categories.description' FROM Customers NATURAL JOIN Categories ON 'Customers.email' = 'Categories.description';
INSERT INTO "SqlQuery" ("queryId", "userId", "issuedAt", "finishedAt", "hasError", "errorMessage", "statement", "projectId", "queryTypeId")
    VALUES ('1713', '7', '2023-04-22 21:52:06.045547', '2023-04-22 21:52:07.045547', 'False', 'None', 'SELECT Customers.email, Categories.description FROM Customers NATURAL JOIN Categories ON Customers.email = Categories.description;', '1', '1');
INSERT INTO "QueryColumnAccess" ("queryId", "columnId")
    VALUES ('1713', '4');
INSERT INTO "QueryColumnAccess" ("queryId", "columnId")
    VALUES ('1713', '3');
INSERT INTO "QueryTableAccess" ("queryId", "tableId")
    VALUES ('1713', '1');
INSERT INTO "QueryTableAccess" ("queryId", "tableId")
    VALUES ('1713', '4');
SELECT 'Customers.phone_number', 'OrderItems.order_id' FROM Customers RIGHT OUTER JOIN OrderItems ON 'Customers.phone_number' = 'OrderItems.order_id';
INSERT INTO "SqlQuery" ("queryId", "userId", "issuedAt", "finishedAt", "hasError", "errorMessage", "statement", "projectId", "queryTypeId")
    VALUES ('1714', '7', '2023-04-29 21:52:06.045555', '2023-04-29 21:52:09.045555', 'False', 'None', 'SELECT Customers.phone_number, OrderItems.order_id FROM Customers RIGHT OUTER JOIN OrderItems ON Customers.phone_number = OrderItems.order_id;', '1', '1');
INSERT INTO "QueryColumnAccess" ("queryId", "columnId")
    VALUES ('1714', '5');
INSERT INTO "QueryColumnAccess" ("queryId", "columnId")
    VALUES ('1714', '2');
INSERT INTO "QueryTableAccess" ("queryId", "tableId")
    VALUES ('1714', '1');
INSERT INTO "QueryTableAccess" ("queryId", "tableId")
    VALUES ('1714', '5');
SELECT 'Categories.category_name', 'Orders.payment_method' FROM Categories RIGHT OUTER JOIN Orders ON 'Categories.category_name' = 'Orders.payment_method';
INSERT INTO "SqlQuery" ("queryId", "userId", "issuedAt", "finishedAt", "hasError", "errorMessage", "statement", "projectId", "queryTypeId")
    VALUES ('1715', '2', '2023-06-15 21:52:06.045564', '2023-06-15 21:52:09.045564', 'False', 'None', 'SELECT Categories.category_name, Orders.payment_method FROM Categories RIGHT OUTER JOIN Orders ON Categories.category_name = Orders.payment_method;', '1', '1');
INSERT INTO "QueryColumnAccess" ("queryId", "columnId")
    VALUES ('1715', '2');
INSERT INTO "QueryColumnAccess" ("queryId", "columnId")
    VALUES ('1715', '5');
INSERT INTO "QueryTableAccess" ("queryId", "tableId")
    VALUES ('1715', '4');
INSERT INTO "QueryTableAccess" ("queryId", "tableId")
    VALUES ('1715', '2');
SELECT 'Products.category', 'Customers.customer_id' FROM Products NATURAL JOIN Customers ON 'Products.category' = 'Customers.customer_id';
INSERT INTO "SqlQuery" ("queryId", "userId", "issuedAt", "finishedAt", "hasError", "errorMessage", "statement", "projectId", "queryTypeId")
    VALUES ('1716', '9', '2023-04-11 21:52:06.045577', '2023-04-11 21:52:09.045577', 'False', 'None', 'SELECT Products.category, Customers.customer_id FROM Products NATURAL JOIN Customers ON Products.category = Customers.customer_id;', '1', '1');
INSERT INTO "QueryColumnAccess" ("queryId", "columnId")
    VALUES ('1716', '3');
INSERT INTO "QueryColumnAccess" ("queryId", "columnId")
    VALUES ('1716', '1');
INSERT INTO "QueryTableAccess" ("queryId", "tableId")
    VALUES ('1716', '3');
INSERT INTO "QueryTableAccess" ("queryId", "tableId")
    VALUES ('1716', '1');
SELECT 'Orders.shipping_address', 'Products.description' FROM Orders RIGHT OUTER JOIN Products ON 'Orders.shipping_address' = 'Products.description';
INSERT INTO "SqlQuery" ("queryId", "userId", "issuedAt", "finishedAt", "hasError", "errorMessage", "statement", "projectId", "queryTypeId")
    VALUES ('1717', '6', '2023-06-23 21:52:06.045586', '2023-06-23 21:52:09.045586', 'False', 'None', 'SELECT Orders.shipping_address, Products.description FROM Orders RIGHT OUTER JOIN Products ON Orders.shipping_address = Products.description;', '1', '1');
INSERT INTO "QueryColumnAccess" ("queryId", "columnId")
    VALUES ('1717', '6');
INSERT INTO "QueryColumnAccess" ("queryId", "columnId")
    VALUES ('1717', '5');
INSERT INTO "QueryTableAccess" ("queryId", "tableId")
    VALUES ('1717', '2');
INSERT INTO "QueryTableAccess" ("queryId", "tableId")
    VALUES ('1717', '3');
SELECT 'Orders.order_date', 'Categories.category_id' FROM Orders NATURAL JOIN Categories ON 'Orders.order_date' = 'Categories.category_id';
INSERT INTO "SqlQuery" ("queryId", "userId", "issuedAt", "finishedAt", "hasError", "errorMessage", "statement", "projectId", "queryTypeId")
    VALUES ('1718', '5', '2023-06-17 21:52:06.045595', '2023-06-17 21:52:08.045595', 'False', 'None', 'SELECT Orders.order_date, Categories.category_id FROM Orders NATURAL JOIN Categories ON Orders.order_date = Categories.category_id;', '1', '1');
INSERT INTO "QueryColumnAccess" ("queryId", "columnId")
    VALUES ('1718', '3');
INSERT INTO "QueryColumnAccess" ("queryId", "columnId")
    VALUES ('1718', '1');
INSERT INTO "QueryTableAccess" ("queryId", "tableId")
    VALUES ('1718', '2');
INSERT INTO "QueryTableAccess" ("queryId", "tableId")
    VALUES ('1718', '4');
SELECT 'Categories.category_name', 'Customers.last_name' FROM Categories LEFT OUTER JOIN Customers ON 'Categories.category_name' = 'Customers.last_name';
INSERT INTO "SqlQuery" ("queryId", "userId", "issuedAt", "finishedAt", "hasError", "errorMessage", "statement", "projectId", "queryTypeId")
    VALUES ('1719', '14', '2023-05-21 21:52:06.045604', '2023-05-21 21:52:07.045604', 'False', 'None', 'SELECT Categories.category_name, Customers.last_name FROM Categories LEFT OUTER JOIN Customers ON Categories.category_name = Customers.last_name;', '1', '1');
INSERT INTO "QueryColumnAccess" ("queryId", "columnId")
    VALUES ('1719', '2');
INSERT INTO "QueryColumnAccess" ("queryId", "columnId")
    VALUES ('1719', '3');
INSERT INTO "QueryTableAccess" ("queryId", "tableId")
    VALUES ('1719', '4');
INSERT INTO "QueryTableAccess" ("queryId", "tableId")
    VALUES ('1719', '1');
SELECT 'Products.price', 'Orders.payment_method' FROM Products LEFT OUTER JOIN Orders ON 'Products.price' = 'Orders.payment_method';
INSERT INTO "SqlQuery" ("queryId", "userId", "issuedAt", "finishedAt", "hasError", "errorMessage", "statement", "projectId", "queryTypeId")
    VALUES ('1720', '9', '2023-06-05 21:52:06.045612', '2023-06-05 21:52:07.045612', 'False', 'None', 'SELECT Products.price, Orders.payment_method FROM Products LEFT OUTER JOIN Orders ON Products.price = Orders.payment_method;', '1', '1');
INSERT INTO "QueryColumnAccess" ("queryId", "columnId")
    VALUES ('1720', '4');
INSERT INTO "QueryColumnAccess" ("queryId", "columnId")
    VALUES ('1720', '5');
INSERT INTO "QueryTableAccess" ("queryId", "tableId")
    VALUES ('1720', '3');
INSERT INTO "QueryTableAccess" ("queryId", "tableId")
    VALUES ('1720', '2');
SELECT 'Products.description', 'Categories.category_id' FROM Products NATURAL JOIN Categories ON 'Products.description' = 'Categories.category_id';
INSERT INTO "SqlQuery" ("queryId", "userId", "issuedAt", "finishedAt", "hasError", "errorMessage", "statement", "projectId", "queryTypeId")
    VALUES ('1721', '10', '2023-04-20 21:52:06.045621', '2023-04-20 21:52:09.045621', 'False', 'None', 'SELECT Products.description, Categories.category_id FROM Products NATURAL JOIN Categories ON Products.description = Categories.category_id;', '1', '1');
INSERT INTO "QueryColumnAccess" ("queryId", "columnId")
    VALUES ('1721', '5');
INSERT INTO "QueryColumnAccess" ("queryId", "columnId")
    VALUES ('1721', '1');
INSERT INTO "QueryTableAccess" ("queryId", "tableId")
    VALUES ('1721', '3');
INSERT INTO "QueryTableAccess" ("queryId", "tableId")
    VALUES ('1721', '4');
SELECT 'OrderItems.unit_price', 'Categories.category_name' FROM OrderItems RIGHT OUTER JOIN Categories ON 'OrderItems.unit_price' = 'Categories.category_name';
INSERT INTO "SqlQuery" ("queryId", "userId", "issuedAt", "finishedAt", "hasError", "errorMessage", "statement", "projectId", "queryTypeId")
    VALUES ('1722', '5', '2023-07-08 21:52:06.045630', '2023-07-08 21:52:09.045630', 'False', 'None', 'SELECT OrderItems.unit_price, Categories.category_name FROM OrderItems RIGHT OUTER JOIN Categories ON OrderItems.unit_price = Categories.category_name;', '1', '1');
INSERT INTO "QueryColumnAccess" ("queryId", "columnId")
    VALUES ('1722', '5');
INSERT INTO "QueryColumnAccess" ("queryId", "columnId")
    VALUES ('1722', '2');
INSERT INTO "QueryTableAccess" ("queryId", "tableId")
    VALUES ('1722', '5');
INSERT INTO "QueryTableAccess" ("queryId", "tableId")
    VALUES ('1722', '4');
SELECT 'Orders.order_id', 'Customers.address' FROM Orders RIGHT OUTER JOIN Customers ON 'Orders.order_id' = 'Customers.address';
INSERT INTO "SqlQuery" ("queryId", "userId", "issuedAt", "finishedAt", "hasError", "errorMessage", "statement", "projectId", "queryTypeId")
    VALUES ('1723', '14', '2023-06-25 21:52:06.045639', '2023-06-25 21:52:07.045639', 'False', 'None', 'SELECT Orders.order_id, Customers.address FROM Orders RIGHT OUTER JOIN Customers ON Orders.order_id = Customers.address;', '1', '1');
INSERT INTO "QueryColumnAccess" ("queryId", "columnId")
    VALUES ('1723', '1');
INSERT INTO "QueryColumnAccess" ("queryId", "columnId")
    VALUES ('1723', '6');
INSERT INTO "QueryTableAccess" ("queryId", "tableId")
    VALUES ('1723', '2');
INSERT INTO "QueryTableAccess" ("queryId", "tableId")
    VALUES ('1723', '1');
SELECT 'Customers.phone_number', 'Orders.shipping_address' FROM Customers LEFT OUTER JOIN Orders ON 'Customers.phone_number' = 'Orders.shipping_address';
INSERT INTO "SqlQuery" ("queryId", "userId", "issuedAt", "finishedAt", "hasError", "errorMessage", "statement", "projectId", "queryTypeId")
    VALUES ('1724', '3', '2023-06-26 21:52:06.045647', '2023-06-26 21:52:09.045647', 'False', 'None', 'SELECT Customers.phone_number, Orders.shipping_address FROM Customers LEFT OUTER JOIN Orders ON Customers.phone_number = Orders.shipping_address;', '1', '1');
INSERT INTO "QueryColumnAccess" ("queryId", "columnId")
    VALUES ('1724', '5');
INSERT INTO "QueryColumnAccess" ("queryId", "columnId")
    VALUES ('1724', '6');
INSERT INTO "QueryTableAccess" ("queryId", "tableId")
    VALUES ('1724', '1');
INSERT INTO "QueryTableAccess" ("queryId", "tableId")
    VALUES ('1724', '2');
SELECT 'Products.quantity', 'Customers.address' FROM Products NATURAL JOIN Customers ON 'Products.quantity' = 'Customers.address';
INSERT INTO "SqlQuery" ("queryId", "userId", "issuedAt", "finishedAt", "hasError", "errorMessage", "statement", "projectId", "queryTypeId")
    VALUES ('1725', '5', '2023-05-25 21:52:06.045656', '2023-05-25 21:52:08.045656', 'False', 'None', 'SELECT Products.quantity, Customers.address FROM Products NATURAL JOIN Customers ON Products.quantity = Customers.address;', '1', '1');
INSERT INTO "QueryColumnAccess" ("queryId", "columnId")
    VALUES ('1725', '6');
INSERT INTO "QueryColumnAccess" ("queryId", "columnId")
    VALUES ('1725', '6');
INSERT INTO "QueryTableAccess" ("queryId", "tableId")
    VALUES ('1725', '3');
INSERT INTO "QueryTableAccess" ("queryId", "tableId")
    VALUES ('1725', '1');
SELECT 'Categories.parent_category_id', 'Orders.order_id' FROM Categories NATURAL JOIN Orders ON 'Categories.parent_category_id' = 'Orders.order_id';
INSERT INTO "SqlQuery" ("queryId", "userId", "issuedAt", "finishedAt", "hasError", "errorMessage", "statement", "projectId", "queryTypeId")
    VALUES ('1726', '10', '2023-05-11 21:52:06.045668', '2023-05-11 21:52:08.045668', 'False', 'None', 'SELECT Categories.parent_category_id, Orders.order_id FROM Categories NATURAL JOIN Orders ON Categories.parent_category_id = Orders.order_id;', '1', '1');
INSERT INTO "QueryColumnAccess" ("queryId", "columnId")
    VALUES ('1726', '4');
INSERT INTO "QueryColumnAccess" ("queryId", "columnId")
    VALUES ('1726', '1');
INSERT INTO "QueryTableAccess" ("queryId", "tableId")
    VALUES ('1726', '4');
INSERT INTO "QueryTableAccess" ("queryId", "tableId")
    VALUES ('1726', '2');
SELECT 'Categories.category_name', 'OrderItems.product_id' FROM Categories RIGHT OUTER JOIN OrderItems ON 'Categories.category_name' = 'OrderItems.product_id';
INSERT INTO "SqlQuery" ("queryId", "userId", "issuedAt", "finishedAt", "hasError", "errorMessage", "statement", "projectId", "queryTypeId")
    VALUES ('1727', '8', '2023-04-16 21:52:06.045677', '2023-04-16 21:52:07.045677', 'False', 'None', 'SELECT Categories.category_name, OrderItems.product_id FROM Categories RIGHT OUTER JOIN OrderItems ON Categories.category_name = OrderItems.product_id;', '1', '1');
INSERT INTO "QueryColumnAccess" ("queryId", "columnId")
    VALUES ('1727', '2');
INSERT INTO "QueryColumnAccess" ("queryId", "columnId")
    VALUES ('1727', '3');
INSERT INTO "QueryTableAccess" ("queryId", "tableId")
    VALUES ('1727', '4');
INSERT INTO "QueryTableAccess" ("queryId", "tableId")
    VALUES ('1727', '5');
SELECT 'Categories.description', 'Products.quantity' FROM Categories NATURAL JOIN Products ON 'Categories.description' = 'Products.quantity';
INSERT INTO "SqlQuery" ("queryId", "userId", "issuedAt", "finishedAt", "hasError", "errorMessage", "statement", "projectId", "queryTypeId")
    VALUES ('1728', '14', '2023-04-24 21:52:06.045686', '2023-04-24 21:52:09.045686', 'False', 'None', 'SELECT Categories.description, Products.quantity FROM Categories NATURAL JOIN Products ON Categories.description = Products.quantity;', '1', '1');
INSERT INTO "QueryColumnAccess" ("queryId", "columnId")
    VALUES ('1728', '3');
INSERT INTO "QueryColumnAccess" ("queryId", "columnId")
    VALUES ('1728', '6');
INSERT INTO "QueryTableAccess" ("queryId", "tableId")
    VALUES ('1728', '4');
INSERT INTO "QueryTableAccess" ("queryId", "tableId")
    VALUES ('1728', '3');
SELECT 'Customers.last_name', 'Orders.shipping_address' FROM Customers RIGHT OUTER JOIN Orders ON 'Customers.last_name' = 'Orders.shipping_address';
INSERT INTO "SqlQuery" ("queryId", "userId", "issuedAt", "finishedAt", "hasError", "errorMessage", "statement", "projectId", "queryTypeId")
    VALUES ('1729', '11', '2023-04-23 21:52:06.045694', '2023-04-23 21:52:09.045694', 'False', 'None', 'SELECT Customers.last_name, Orders.shipping_address FROM Customers RIGHT OUTER JOIN Orders ON Customers.last_name = Orders.shipping_address;', '1', '1');
INSERT INTO "QueryColumnAccess" ("queryId", "columnId")
    VALUES ('1729', '3');
INSERT INTO "QueryColumnAccess" ("queryId", "columnId")
    VALUES ('1729', '6');
INSERT INTO "QueryTableAccess" ("queryId", "tableId")
    VALUES ('1729', '1');
INSERT INTO "QueryTableAccess" ("queryId", "tableId")
    VALUES ('1729', '2');
SELECT 'Orders.order_date', 'Products.category' FROM Orders NATURAL JOIN Products ON 'Orders.order_date' = 'Products.category';
INSERT INTO "SqlQuery" ("queryId", "userId", "issuedAt", "finishedAt", "hasError", "errorMessage", "statement", "projectId", "queryTypeId")
    VALUES ('1730', '8', '2023-05-24 21:52:06.045703', '2023-05-24 21:52:09.045703', 'False', 'None', 'SELECT Orders.order_date, Products.category FROM Orders NATURAL JOIN Products ON Orders.order_date = Products.category;', '1', '1');
INSERT INTO "QueryColumnAccess" ("queryId", "columnId")
    VALUES ('1730', '3');
INSERT INTO "QueryColumnAccess" ("queryId", "columnId")
    VALUES ('1730', '3');
INSERT INTO "QueryTableAccess" ("queryId", "tableId")
    VALUES ('1730', '2');
INSERT INTO "QueryTableAccess" ("queryId", "tableId")
    VALUES ('1730', '3');
SELECT 'Categories.category_name', 'Customers.last_name' FROM Categories NATURAL JOIN Customers ON 'Categories.category_name' = 'Customers.last_name';
INSERT INTO "SqlQuery" ("queryId", "userId", "issuedAt", "finishedAt", "hasError", "errorMessage", "statement", "projectId", "queryTypeId")
    VALUES ('1731', '10', '2023-07-07 21:52:06.045712', '2023-07-07 21:52:07.045712', 'False', 'None', 'SELECT Categories.category_name, Customers.last_name FROM Categories NATURAL JOIN Customers ON Categories.category_name = Customers.last_name;', '1', '1');
INSERT INTO "QueryColumnAccess" ("queryId", "columnId")
    VALUES ('1731', '2');
INSERT INTO "QueryColumnAccess" ("queryId", "columnId")
    VALUES ('1731', '3');
INSERT INTO "QueryTableAccess" ("queryId", "tableId")
    VALUES ('1731', '4');
INSERT INTO "QueryTableAccess" ("queryId", "tableId")
    VALUES ('1731', '1');
SELECT 'Orders.total_amount', 'Categories.category_name' FROM Orders RIGHT OUTER JOIN Categories ON 'Orders.total_amount' = 'Categories.category_name';
INSERT INTO "SqlQuery" ("queryId", "userId", "issuedAt", "finishedAt", "hasError", "errorMessage", "statement", "projectId", "queryTypeId")
    VALUES ('1732', '2', '2023-06-07 21:52:06.045721', '2023-06-07 21:52:08.045721', 'False', 'None', 'SELECT Orders.total_amount, Categories.category_name FROM Orders RIGHT OUTER JOIN Categories ON Orders.total_amount = Categories.category_name;', '1', '1');
INSERT INTO "QueryColumnAccess" ("queryId", "columnId")
    VALUES ('1732', '4');
INSERT INTO "QueryColumnAccess" ("queryId", "columnId")
    VALUES ('1732', '2');
INSERT INTO "QueryTableAccess" ("queryId", "tableId")
    VALUES ('1732', '2');
INSERT INTO "QueryTableAccess" ("queryId", "tableId")
    VALUES ('1732', '4');
SELECT 'Categories.category_id', 'Orders.shipping_address' FROM Categories NATURAL JOIN Orders ON 'Categories.category_id' = 'Orders.shipping_address';
INSERT INTO "SqlQuery" ("queryId", "userId", "issuedAt", "finishedAt", "hasError", "errorMessage", "statement", "projectId", "queryTypeId")
    VALUES ('1733', '4', '2023-05-17 21:52:06.045730', '2023-05-17 21:52:08.045730', 'False', 'None', 'SELECT Categories.category_id, Orders.shipping_address FROM Categories NATURAL JOIN Orders ON Categories.category_id = Orders.shipping_address;', '1', '1');
INSERT INTO "QueryColumnAccess" ("queryId", "columnId")
    VALUES ('1733', '1');
INSERT INTO "QueryColumnAccess" ("queryId", "columnId")
    VALUES ('1733', '6');
INSERT INTO "QueryTableAccess" ("queryId", "tableId")
    VALUES ('1733', '4');
INSERT INTO "QueryTableAccess" ("queryId", "tableId")
    VALUES ('1733', '2');
SELECT 'Orders.payment_method', 'Customers.email' FROM Orders NATURAL JOIN Customers ON 'Orders.payment_method' = 'Customers.email';
INSERT INTO "SqlQuery" ("queryId", "userId", "issuedAt", "finishedAt", "hasError", "errorMessage", "statement", "projectId", "queryTypeId")
    VALUES ('1734', '15', '2023-05-02 21:52:06.045739', '2023-05-02 21:52:09.045739', 'False', 'None', 'SELECT Orders.payment_method, Customers.email FROM Orders NATURAL JOIN Customers ON Orders.payment_method = Customers.email;', '1', '1');
INSERT INTO "QueryColumnAccess" ("queryId", "columnId")
    VALUES ('1734', '5');
INSERT INTO "QueryColumnAccess" ("queryId", "columnId")
    VALUES ('1734', '4');
INSERT INTO "QueryTableAccess" ("queryId", "tableId")
    VALUES ('1734', '2');
INSERT INTO "QueryTableAccess" ("queryId", "tableId")
    VALUES ('1734', '1');
SELECT 'Categories.category_id', 'Products.category' FROM Categories NATURAL JOIN Products ON 'Categories.category_id' = 'Products.category';
INSERT INTO "SqlQuery" ("queryId", "userId", "issuedAt", "finishedAt", "hasError", "errorMessage", "statement", "projectId", "queryTypeId")
    VALUES ('1735', '7', '2023-07-08 21:52:06.045752', '2023-07-08 21:52:08.045752', 'False', 'None', 'SELECT Categories.category_id, Products.category FROM Categories NATURAL JOIN Products ON Categories.category_id = Products.category;', '1', '1');
INSERT INTO "QueryColumnAccess" ("queryId", "columnId")
    VALUES ('1735', '1');
INSERT INTO "QueryColumnAccess" ("queryId", "columnId")
    VALUES ('1735', '3');
INSERT INTO "QueryTableAccess" ("queryId", "tableId")
    VALUES ('1735', '4');
INSERT INTO "QueryTableAccess" ("queryId", "tableId")
    VALUES ('1735', '3');
SELECT 'OrderItems.quantity', 'Customers.first_name' FROM OrderItems RIGHT OUTER JOIN Customers ON 'OrderItems.quantity' = 'Customers.first_name';
INSERT INTO "SqlQuery" ("queryId", "userId", "issuedAt", "finishedAt", "hasError", "errorMessage", "statement", "projectId", "queryTypeId")
    VALUES ('1736', '13', '2023-06-23 21:52:06.045761', '2023-06-23 21:52:08.045761', 'False', 'None', 'SELECT OrderItems.quantity, Customers.first_name FROM OrderItems RIGHT OUTER JOIN Customers ON OrderItems.quantity = Customers.first_name;', '1', '1');
INSERT INTO "QueryColumnAccess" ("queryId", "columnId")
    VALUES ('1736', '4');
INSERT INTO "QueryColumnAccess" ("queryId", "columnId")
    VALUES ('1736', '2');
INSERT INTO "QueryTableAccess" ("queryId", "tableId")
    VALUES ('1736', '5');
INSERT INTO "QueryTableAccess" ("queryId", "tableId")
    VALUES ('1736', '1');
SELECT 'Orders.order_id', 'Customers.first_name' FROM Orders LEFT OUTER JOIN Customers ON 'Orders.order_id' = 'Customers.first_name';
INSERT INTO "SqlQuery" ("queryId", "userId", "issuedAt", "finishedAt", "hasError", "errorMessage", "statement", "projectId", "queryTypeId")
    VALUES ('1737', '5', '2023-04-27 21:52:06.045770', '2023-04-27 21:52:09.045770', 'False', 'None', 'SELECT Orders.order_id, Customers.first_name FROM Orders LEFT OUTER JOIN Customers ON Orders.order_id = Customers.first_name;', '1', '1');
INSERT INTO "QueryColumnAccess" ("queryId", "columnId")
    VALUES ('1737', '1');
INSERT INTO "QueryColumnAccess" ("queryId", "columnId")
    VALUES ('1737', '2');
INSERT INTO "QueryTableAccess" ("queryId", "tableId")
    VALUES ('1737', '2');
INSERT INTO "QueryTableAccess" ("queryId", "tableId")
    VALUES ('1737', '1');
SELECT 'Categories.category_name', 'OrderItems.order_id' FROM Categories RIGHT OUTER JOIN OrderItems ON 'Categories.category_name' = 'OrderItems.order_id';
INSERT INTO "SqlQuery" ("queryId", "userId", "issuedAt", "finishedAt", "hasError", "errorMessage", "statement", "projectId", "queryTypeId")
    VALUES ('1738', '3', '2023-06-10 21:52:06.045779', '2023-06-10 21:52:08.045779', 'False', 'None', 'SELECT Categories.category_name, OrderItems.order_id FROM Categories RIGHT OUTER JOIN OrderItems ON Categories.category_name = OrderItems.order_id;', '1', '1');
INSERT INTO "QueryColumnAccess" ("queryId", "columnId")
    VALUES ('1738', '2');
INSERT INTO "QueryColumnAccess" ("queryId", "columnId")
    VALUES ('1738', '2');
INSERT INTO "QueryTableAccess" ("queryId", "tableId")
    VALUES ('1738', '4');
INSERT INTO "QueryTableAccess" ("queryId", "tableId")
    VALUES ('1738', '5');
SELECT 'OrderItems.order_item_id', 'Orders.shipping_address' FROM OrderItems NATURAL JOIN Orders ON 'OrderItems.order_item_id' = 'Orders.shipping_address';
INSERT INTO "SqlQuery" ("queryId", "userId", "issuedAt", "finishedAt", "hasError", "errorMessage", "statement", "projectId", "queryTypeId")
    VALUES ('1739', '10', '2023-06-11 21:52:06.045788', '2023-06-11 21:52:07.045788', 'False', 'None', 'SELECT OrderItems.order_item_id, Orders.shipping_address FROM OrderItems NATURAL JOIN Orders ON OrderItems.order_item_id = Orders.shipping_address;', '1', '1');
INSERT INTO "QueryColumnAccess" ("queryId", "columnId")
    VALUES ('1739', '1');
INSERT INTO "QueryColumnAccess" ("queryId", "columnId")
    VALUES ('1739', '6');
INSERT INTO "QueryTableAccess" ("queryId", "tableId")
    VALUES ('1739', '5');
INSERT INTO "QueryTableAccess" ("queryId", "tableId")
    VALUES ('1739', '2');
SELECT 'Customers.last_name', 'Categories.description' FROM Customers RIGHT OUTER JOIN Categories ON 'Customers.last_name' = 'Categories.description';
INSERT INTO "SqlQuery" ("queryId", "userId", "issuedAt", "finishedAt", "hasError", "errorMessage", "statement", "projectId", "queryTypeId")
    VALUES ('1740', '14', '2023-04-25 21:52:06.045797', '2023-04-25 21:52:10.045797', 'False', 'None', 'SELECT Customers.last_name, Categories.description FROM Customers RIGHT OUTER JOIN Categories ON Customers.last_name = Categories.description;', '1', '1');
INSERT INTO "QueryColumnAccess" ("queryId", "columnId")
    VALUES ('1740', '3');
INSERT INTO "QueryColumnAccess" ("queryId", "columnId")
    VALUES ('1740', '3');
INSERT INTO "QueryTableAccess" ("queryId", "tableId")
    VALUES ('1740', '1');
INSERT INTO "QueryTableAccess" ("queryId", "tableId")
    VALUES ('1740', '4');
SELECT 'OrderItems.product_id', 'Products.category' FROM OrderItems LEFT OUTER JOIN Products ON 'OrderItems.product_id' = 'Products.category';
INSERT INTO "SqlQuery" ("queryId", "userId", "issuedAt", "finishedAt", "hasError", "errorMessage", "statement", "projectId", "queryTypeId")
    VALUES ('1741', '1', '2023-06-24 21:52:06.045805', '2023-06-24 21:52:07.045805', 'False', 'None', 'SELECT OrderItems.product_id, Products.category FROM OrderItems LEFT OUTER JOIN Products ON OrderItems.product_id = Products.category;', '1', '1');
INSERT INTO "QueryColumnAccess" ("queryId", "columnId")
    VALUES ('1741', '3');
INSERT INTO "QueryColumnAccess" ("queryId", "columnId")
    VALUES ('1741', '3');
INSERT INTO "QueryTableAccess" ("queryId", "tableId")
    VALUES ('1741', '5');
INSERT INTO "QueryTableAccess" ("queryId", "tableId")
    VALUES ('1741', '3');
SELECT 'Categories.category_id', 'OrderItems.order_id' FROM Categories RIGHT OUTER JOIN OrderItems ON 'Categories.category_id' = 'OrderItems.order_id';
INSERT INTO "SqlQuery" ("queryId", "userId", "issuedAt", "finishedAt", "hasError", "errorMessage", "statement", "projectId", "queryTypeId")
    VALUES ('1742', '15', '2023-05-04 21:52:06.045814', '2023-05-04 21:52:10.045814', 'False', 'None', 'SELECT Categories.category_id, OrderItems.order_id FROM Categories RIGHT OUTER JOIN OrderItems ON Categories.category_id = OrderItems.order_id;', '1', '1');
INSERT INTO "QueryColumnAccess" ("queryId", "columnId")
    VALUES ('1742', '1');
INSERT INTO "QueryColumnAccess" ("queryId", "columnId")
    VALUES ('1742', '2');
INSERT INTO "QueryTableAccess" ("queryId", "tableId")
    VALUES ('1742', '4');
INSERT INTO "QueryTableAccess" ("queryId", "tableId")
    VALUES ('1742', '5');
SELECT 'Customers.first_name', 'Products.quantity' FROM Customers RIGHT OUTER JOIN Products ON 'Customers.first_name' = 'Products.quantity';
INSERT INTO "SqlQuery" ("queryId", "userId", "issuedAt", "finishedAt", "hasError", "errorMessage", "statement", "projectId", "queryTypeId")
    VALUES ('1743', '2', '2023-04-19 21:52:06.045823', '2023-04-19 21:52:08.045823', 'False', 'None', 'SELECT Customers.first_name, Products.quantity FROM Customers RIGHT OUTER JOIN Products ON Customers.first_name = Products.quantity;', '1', '1');
INSERT INTO "QueryColumnAccess" ("queryId", "columnId")
    VALUES ('1743', '2');
INSERT INTO "QueryColumnAccess" ("queryId", "columnId")
    VALUES ('1743', '6');
INSERT INTO "QueryTableAccess" ("queryId", "tableId")
    VALUES ('1743', '1');
INSERT INTO "QueryTableAccess" ("queryId", "tableId")
    VALUES ('1743', '3');
SELECT 'Categories.parent_category_id', 'OrderItems.product_id' FROM Categories NATURAL JOIN OrderItems ON 'Categories.parent_category_id' = 'OrderItems.product_id';
INSERT INTO "SqlQuery" ("queryId", "userId", "issuedAt", "finishedAt", "hasError", "errorMessage", "statement", "projectId", "queryTypeId")
    VALUES ('1744', '5', '2023-05-26 21:52:06.045835', '2023-05-26 21:52:07.045835', 'False', 'None', 'SELECT Categories.parent_category_id, OrderItems.product_id FROM Categories NATURAL JOIN OrderItems ON Categories.parent_category_id = OrderItems.product_id;', '1', '1');
INSERT INTO "QueryColumnAccess" ("queryId", "columnId")
    VALUES ('1744', '4');
INSERT INTO "QueryColumnAccess" ("queryId", "columnId")
    VALUES ('1744', '3');
INSERT INTO "QueryTableAccess" ("queryId", "tableId")
    VALUES ('1744', '4');
INSERT INTO "QueryTableAccess" ("queryId", "tableId")
    VALUES ('1744', '5');
SELECT 'OrderItems.product_id', 'Products.quantity' FROM OrderItems NATURAL JOIN Products ON 'OrderItems.product_id' = 'Products.quantity';
INSERT INTO "SqlQuery" ("queryId", "userId", "issuedAt", "finishedAt", "hasError", "errorMessage", "statement", "projectId", "queryTypeId")
    VALUES ('1745', '12', '2023-05-26 21:52:06.045844', '2023-05-26 21:52:10.045844', 'False', 'None', 'SELECT OrderItems.product_id, Products.quantity FROM OrderItems NATURAL JOIN Products ON OrderItems.product_id = Products.quantity;', '1', '1');
INSERT INTO "QueryColumnAccess" ("queryId", "columnId")
    VALUES ('1745', '3');
INSERT INTO "QueryColumnAccess" ("queryId", "columnId")
    VALUES ('1745', '6');
INSERT INTO "QueryTableAccess" ("queryId", "tableId")
    VALUES ('1745', '5');
INSERT INTO "QueryTableAccess" ("queryId", "tableId")
    VALUES ('1745', '3');
SELECT 'Products.description', 'Categories.description' FROM Products LEFT OUTER JOIN Categories ON 'Products.description' = 'Categories.description';
INSERT INTO "SqlQuery" ("queryId", "userId", "issuedAt", "finishedAt", "hasError", "errorMessage", "statement", "projectId", "queryTypeId")
    VALUES ('1746', '1', '2023-06-24 21:52:06.045853', '2023-06-24 21:52:10.045853', 'False', 'None', 'SELECT Products.description, Categories.description FROM Products LEFT OUTER JOIN Categories ON Products.description = Categories.description;', '1', '1');
INSERT INTO "QueryColumnAccess" ("queryId", "columnId")
    VALUES ('1746', '5');
INSERT INTO "QueryColumnAccess" ("queryId", "columnId")
    VALUES ('1746', '3');
INSERT INTO "QueryTableAccess" ("queryId", "tableId")
    VALUES ('1746', '3');
INSERT INTO "QueryTableAccess" ("queryId", "tableId")
    VALUES ('1746', '4');
SELECT 'Products.description', 'Orders.shipping_address' FROM Products NATURAL JOIN Orders ON 'Products.description' = 'Orders.shipping_address';
INSERT INTO "SqlQuery" ("queryId", "userId", "issuedAt", "finishedAt", "hasError", "errorMessage", "statement", "projectId", "queryTypeId")
    VALUES ('1747', '11', '2023-07-01 21:52:06.045862', '2023-07-01 21:52:07.045862', 'False', 'None', 'SELECT Products.description, Orders.shipping_address FROM Products NATURAL JOIN Orders ON Products.description = Orders.shipping_address;', '1', '1');
INSERT INTO "QueryColumnAccess" ("queryId", "columnId")
    VALUES ('1747', '5');
INSERT INTO "QueryColumnAccess" ("queryId", "columnId")
    VALUES ('1747', '6');
INSERT INTO "QueryTableAccess" ("queryId", "tableId")
    VALUES ('1747', '3');
INSERT INTO "QueryTableAccess" ("queryId", "tableId")
    VALUES ('1747', '2');
SELECT 'Orders.total_amount', 'OrderItems.order_item_id' FROM Orders RIGHT OUTER JOIN OrderItems ON 'Orders.total_amount' = 'OrderItems.order_item_id';
INSERT INTO "SqlQuery" ("queryId", "userId", "issuedAt", "finishedAt", "hasError", "errorMessage", "statement", "projectId", "queryTypeId")
    VALUES ('1748', '1', '2023-06-03 21:52:06.045871', '2023-06-03 21:52:10.045871', 'False', 'None', 'SELECT Orders.total_amount, OrderItems.order_item_id FROM Orders RIGHT OUTER JOIN OrderItems ON Orders.total_amount = OrderItems.order_item_id;', '1', '1');
INSERT INTO "QueryColumnAccess" ("queryId", "columnId")
    VALUES ('1748', '4');
INSERT INTO "QueryColumnAccess" ("queryId", "columnId")
    VALUES ('1748', '1');
INSERT INTO "QueryTableAccess" ("queryId", "tableId")
    VALUES ('1748', '2');
INSERT INTO "QueryTableAccess" ("queryId", "tableId")
    VALUES ('1748', '5');
SELECT 'Orders.order_id', 'Categories.parent_category_id' FROM Orders NATURAL JOIN Categories ON 'Orders.order_id' = 'Categories.parent_category_id';
INSERT INTO "SqlQuery" ("queryId", "userId", "issuedAt", "finishedAt", "hasError", "errorMessage", "statement", "projectId", "queryTypeId")
    VALUES ('1749', '4', '2023-06-22 21:52:06.045880', '2023-06-22 21:52:10.045880', 'False', 'None', 'SELECT Orders.order_id, Categories.parent_category_id FROM Orders NATURAL JOIN Categories ON Orders.order_id = Categories.parent_category_id;', '1', '1');
INSERT INTO "QueryColumnAccess" ("queryId", "columnId")
    VALUES ('1749', '1');
INSERT INTO "QueryColumnAccess" ("queryId", "columnId")
    VALUES ('1749', '4');
INSERT INTO "QueryTableAccess" ("queryId", "tableId")
    VALUES ('1749', '2');
INSERT INTO "QueryTableAccess" ("queryId", "tableId")
    VALUES ('1749', '4');
SELECT 'Products.description', 'Customers.first_name' FROM Products NATURAL JOIN Customers ON 'Products.description' = 'Customers.first_name';
INSERT INTO "SqlQuery" ("queryId", "userId", "issuedAt", "finishedAt", "hasError", "errorMessage", "statement", "projectId", "queryTypeId")
    VALUES ('1750', '1', '2023-06-24 21:52:06.045888', '2023-06-24 21:52:10.045888', 'False', 'None', 'SELECT Products.description, Customers.first_name FROM Products NATURAL JOIN Customers ON Products.description = Customers.first_name;', '1', '1');
INSERT INTO "QueryColumnAccess" ("queryId", "columnId")
    VALUES ('1750', '5');
INSERT INTO "QueryColumnAccess" ("queryId", "columnId")
    VALUES ('1750', '2');
INSERT INTO "QueryTableAccess" ("queryId", "tableId")
    VALUES ('1750', '3');
INSERT INTO "QueryTableAccess" ("queryId", "tableId")
    VALUES ('1750', '1');
SELECT 'Customers.first_name', 'Products.description' FROM Customers NATURAL JOIN Products ON 'Customers.first_name' = 'Products.description';
INSERT INTO "SqlQuery" ("queryId", "userId", "issuedAt", "finishedAt", "hasError", "errorMessage", "statement", "projectId", "queryTypeId")
    VALUES ('1751', '14', '2023-06-05 21:52:06.045897', '2023-06-05 21:52:08.045897', 'False', 'None', 'SELECT Customers.first_name, Products.description FROM Customers NATURAL JOIN Products ON Customers.first_name = Products.description;', '1', '1');
INSERT INTO "QueryColumnAccess" ("queryId", "columnId")
    VALUES ('1751', '2');
INSERT INTO "QueryColumnAccess" ("queryId", "columnId")
    VALUES ('1751', '5');
INSERT INTO "QueryTableAccess" ("queryId", "tableId")
    VALUES ('1751', '1');
INSERT INTO "QueryTableAccess" ("queryId", "tableId")
    VALUES ('1751', '3');
SELECT 'OrderItems.unit_price', 'Customers.email' FROM OrderItems RIGHT OUTER JOIN Customers ON 'OrderItems.unit_price' = 'Customers.email';
INSERT INTO "SqlQuery" ("queryId", "userId", "issuedAt", "finishedAt", "hasError", "errorMessage", "statement", "projectId", "queryTypeId")
    VALUES ('1752', '14', '2023-05-07 21:52:06.045906', '2023-05-07 21:52:08.045906', 'False', 'None', 'SELECT OrderItems.unit_price, Customers.email FROM OrderItems RIGHT OUTER JOIN Customers ON OrderItems.unit_price = Customers.email;', '1', '1');
INSERT INTO "QueryColumnAccess" ("queryId", "columnId")
    VALUES ('1752', '5');
INSERT INTO "QueryColumnAccess" ("queryId", "columnId")
    VALUES ('1752', '4');
INSERT INTO "QueryTableAccess" ("queryId", "tableId")
    VALUES ('1752', '5');
INSERT INTO "QueryTableAccess" ("queryId", "tableId")
    VALUES ('1752', '1');
SELECT 'Categories.description', 'OrderItems.order_item_id' FROM Categories RIGHT OUTER JOIN OrderItems ON 'Categories.description' = 'OrderItems.order_item_id';
INSERT INTO "SqlQuery" ("queryId", "userId", "issuedAt", "finishedAt", "hasError", "errorMessage", "statement", "projectId", "queryTypeId")
    VALUES ('1753', '14', '2023-07-01 21:52:06.045915', '2023-07-01 21:52:10.045915', 'False', 'None', 'SELECT Categories.description, OrderItems.order_item_id FROM Categories RIGHT OUTER JOIN OrderItems ON Categories.description = OrderItems.order_item_id;', '1', '1');
INSERT INTO "QueryColumnAccess" ("queryId", "columnId")
    VALUES ('1753', '3');
INSERT INTO "QueryColumnAccess" ("queryId", "columnId")
    VALUES ('1753', '1');
INSERT INTO "QueryTableAccess" ("queryId", "tableId")
    VALUES ('1753', '4');
INSERT INTO "QueryTableAccess" ("queryId", "tableId")
    VALUES ('1753', '5');
SELECT 'Customers.email', 'OrderItems.order_item_id' FROM Customers RIGHT OUTER JOIN OrderItems ON 'Customers.email' = 'OrderItems.order_item_id';
INSERT INTO "SqlQuery" ("queryId", "userId", "issuedAt", "finishedAt", "hasError", "errorMessage", "statement", "projectId", "queryTypeId")
    VALUES ('1754', '14', '2023-05-22 21:52:06.045931', '2023-05-22 21:52:08.045931', 'False', 'None', 'SELECT Customers.email, OrderItems.order_item_id FROM Customers RIGHT OUTER JOIN OrderItems ON Customers.email = OrderItems.order_item_id;', '1', '1');
INSERT INTO "QueryColumnAccess" ("queryId", "columnId")
    VALUES ('1754', '4');
INSERT INTO "QueryColumnAccess" ("queryId", "columnId")
    VALUES ('1754', '1');
INSERT INTO "QueryTableAccess" ("queryId", "tableId")
    VALUES ('1754', '1');
INSERT INTO "QueryTableAccess" ("queryId", "tableId")
    VALUES ('1754', '5');
SELECT 'Customers.address', 'Products.category' FROM Customers LEFT OUTER JOIN Products ON 'Customers.address' = 'Products.category';
INSERT INTO "SqlQuery" ("queryId", "userId", "issuedAt", "finishedAt", "hasError", "errorMessage", "statement", "projectId", "queryTypeId")
    VALUES ('1755', '13', '2023-06-21 21:52:06.045940', '2023-06-21 21:52:07.045940', 'False', 'None', 'SELECT Customers.address, Products.category FROM Customers LEFT OUTER JOIN Products ON Customers.address = Products.category;', '1', '1');
INSERT INTO "QueryColumnAccess" ("queryId", "columnId")
    VALUES ('1755', '6');
INSERT INTO "QueryColumnAccess" ("queryId", "columnId")
    VALUES ('1755', '3');
INSERT INTO "QueryTableAccess" ("queryId", "tableId")
    VALUES ('1755', '1');
INSERT INTO "QueryTableAccess" ("queryId", "tableId")
    VALUES ('1755', '3');
SELECT 'OrderItems.order_id', 'Products.product_id' FROM OrderItems RIGHT OUTER JOIN Products ON 'OrderItems.order_id' = 'Products.product_id';
INSERT INTO "SqlQuery" ("queryId", "userId", "issuedAt", "finishedAt", "hasError", "errorMessage", "statement", "projectId", "queryTypeId")
    VALUES ('1756', '2', '2023-05-06 21:52:06.045949', '2023-05-06 21:52:07.045949', 'False', 'None', 'SELECT OrderItems.order_id, Products.product_id FROM OrderItems RIGHT OUTER JOIN Products ON OrderItems.order_id = Products.product_id;', '1', '1');
INSERT INTO "QueryColumnAccess" ("queryId", "columnId")
    VALUES ('1756', '2');
INSERT INTO "QueryColumnAccess" ("queryId", "columnId")
    VALUES ('1756', '1');
INSERT INTO "QueryTableAccess" ("queryId", "tableId")
    VALUES ('1756', '5');
INSERT INTO "QueryTableAccess" ("queryId", "tableId")
    VALUES ('1756', '3');
SELECT 'Orders.total_amount', 'Customers.customer_id' FROM Orders NATURAL JOIN Customers ON 'Orders.total_amount' = 'Customers.customer_id';
INSERT INTO "SqlQuery" ("queryId", "userId", "issuedAt", "finishedAt", "hasError", "errorMessage", "statement", "projectId", "queryTypeId")
    VALUES ('1757', '11', '2023-05-21 21:52:06.045958', '2023-05-21 21:52:07.045958', 'False', 'None', 'SELECT Orders.total_amount, Customers.customer_id FROM Orders NATURAL JOIN Customers ON Orders.total_amount = Customers.customer_id;', '1', '1');
INSERT INTO "QueryColumnAccess" ("queryId", "columnId")
    VALUES ('1757', '4');
INSERT INTO "QueryColumnAccess" ("queryId", "columnId")
    VALUES ('1757', '1');
INSERT INTO "QueryTableAccess" ("queryId", "tableId")
    VALUES ('1757', '2');
INSERT INTO "QueryTableAccess" ("queryId", "tableId")
    VALUES ('1757', '1');
SELECT 'Orders.shipping_address', 'OrderItems.order_id' FROM Orders NATURAL JOIN OrderItems ON 'Orders.shipping_address' = 'OrderItems.order_id';
INSERT INTO "SqlQuery" ("queryId", "userId", "issuedAt", "finishedAt", "hasError", "errorMessage", "statement", "projectId", "queryTypeId")
    VALUES ('1758', '3', '2023-04-28 21:52:06.045966', '2023-04-28 21:52:09.045966', 'False', 'None', 'SELECT Orders.shipping_address, OrderItems.order_id FROM Orders NATURAL JOIN OrderItems ON Orders.shipping_address = OrderItems.order_id;', '1', '1');
INSERT INTO "QueryColumnAccess" ("queryId", "columnId")
    VALUES ('1758', '6');
INSERT INTO "QueryColumnAccess" ("queryId", "columnId")
    VALUES ('1758', '2');
INSERT INTO "QueryTableAccess" ("queryId", "tableId")
    VALUES ('1758', '2');
INSERT INTO "QueryTableAccess" ("queryId", "tableId")
    VALUES ('1758', '5');
SELECT 'Categories.category_id', 'Orders.payment_method' FROM Categories RIGHT OUTER JOIN Orders ON 'Categories.category_id' = 'Orders.payment_method';
INSERT INTO "SqlQuery" ("queryId", "userId", "issuedAt", "finishedAt", "hasError", "errorMessage", "statement", "projectId", "queryTypeId")
    VALUES ('1759', '4', '2023-06-25 21:52:06.045975', '2023-06-25 21:52:09.045975', 'False', 'None', 'SELECT Categories.category_id, Orders.payment_method FROM Categories RIGHT OUTER JOIN Orders ON Categories.category_id = Orders.payment_method;', '1', '1');
INSERT INTO "QueryColumnAccess" ("queryId", "columnId")
    VALUES ('1759', '1');
INSERT INTO "QueryColumnAccess" ("queryId", "columnId")
    VALUES ('1759', '5');
INSERT INTO "QueryTableAccess" ("queryId", "tableId")
    VALUES ('1759', '4');
INSERT INTO "QueryTableAccess" ("queryId", "tableId")
    VALUES ('1759', '2');
SELECT 'Categories.category_id', 'Customers.last_name' FROM Categories LEFT OUTER JOIN Customers ON 'Categories.category_id' = 'Customers.last_name';
INSERT INTO "SqlQuery" ("queryId", "userId", "issuedAt", "finishedAt", "hasError", "errorMessage", "statement", "projectId", "queryTypeId")
    VALUES ('1760', '2', '2023-06-09 21:52:06.045984', '2023-06-09 21:52:09.045984', 'False', 'None', 'SELECT Categories.category_id, Customers.last_name FROM Categories LEFT OUTER JOIN Customers ON Categories.category_id = Customers.last_name;', '1', '1');
INSERT INTO "QueryColumnAccess" ("queryId", "columnId")
    VALUES ('1760', '1');
INSERT INTO "QueryColumnAccess" ("queryId", "columnId")
    VALUES ('1760', '3');
INSERT INTO "QueryTableAccess" ("queryId", "tableId")
    VALUES ('1760', '4');
INSERT INTO "QueryTableAccess" ("queryId", "tableId")
    VALUES ('1760', '1');
SELECT 'Orders.shipping_address', 'OrderItems.order_item_id' FROM Orders LEFT OUTER JOIN OrderItems ON 'Orders.shipping_address' = 'OrderItems.order_item_id';
INSERT INTO "SqlQuery" ("queryId", "userId", "issuedAt", "finishedAt", "hasError", "errorMessage", "statement", "projectId", "queryTypeId")
    VALUES ('1761', '7', '2023-05-21 21:52:06.045993', '2023-05-21 21:52:07.045993', 'False', 'None', 'SELECT Orders.shipping_address, OrderItems.order_item_id FROM Orders LEFT OUTER JOIN OrderItems ON Orders.shipping_address = OrderItems.order_item_id;', '1', '1');
INSERT INTO "QueryColumnAccess" ("queryId", "columnId")
    VALUES ('1761', '6');
INSERT INTO "QueryColumnAccess" ("queryId", "columnId")
    VALUES ('1761', '1');
INSERT INTO "QueryTableAccess" ("queryId", "tableId")
    VALUES ('1761', '2');
INSERT INTO "QueryTableAccess" ("queryId", "tableId")
    VALUES ('1761', '5');
SELECT 'OrderItems.product_id', 'Customers.email' FROM OrderItems RIGHT OUTER JOIN Customers ON 'OrderItems.product_id' = 'Customers.email';
INSERT INTO "SqlQuery" ("queryId", "userId", "issuedAt", "finishedAt", "hasError", "errorMessage", "statement", "projectId", "queryTypeId")
    VALUES ('1762', '8', '2023-06-01 21:52:06.046002', '2023-06-01 21:52:09.046002', 'False', 'None', 'SELECT OrderItems.product_id, Customers.email FROM OrderItems RIGHT OUTER JOIN Customers ON OrderItems.product_id = Customers.email;', '1', '1');
INSERT INTO "QueryColumnAccess" ("queryId", "columnId")
    VALUES ('1762', '3');
INSERT INTO "QueryColumnAccess" ("queryId", "columnId")
    VALUES ('1762', '4');
INSERT INTO "QueryTableAccess" ("queryId", "tableId")
    VALUES ('1762', '5');
INSERT INTO "QueryTableAccess" ("queryId", "tableId")
    VALUES ('1762', '1');
SELECT 'Orders.shipping_address', 'Customers.phone_number' FROM Orders LEFT OUTER JOIN Customers ON 'Orders.shipping_address' = 'Customers.phone_number';
INSERT INTO "SqlQuery" ("queryId", "userId", "issuedAt", "finishedAt", "hasError", "errorMessage", "statement", "projectId", "queryTypeId")
    VALUES ('1763', '8', '2023-04-21 21:52:06.046017', '2023-04-21 21:52:10.046017', 'False', 'None', 'SELECT Orders.shipping_address, Customers.phone_number FROM Orders LEFT OUTER JOIN Customers ON Orders.shipping_address = Customers.phone_number;', '1', '1');
INSERT INTO "QueryColumnAccess" ("queryId", "columnId")
    VALUES ('1763', '6');
INSERT INTO "QueryColumnAccess" ("queryId", "columnId")
    VALUES ('1763', '5');
INSERT INTO "QueryTableAccess" ("queryId", "tableId")
    VALUES ('1763', '2');
INSERT INTO "QueryTableAccess" ("queryId", "tableId")
    VALUES ('1763', '1');
SELECT 'Categories.parent_category_id', 'Orders.payment_method' FROM Categories RIGHT OUTER JOIN Orders ON 'Categories.parent_category_id' = 'Orders.payment_method';
INSERT INTO "SqlQuery" ("queryId", "userId", "issuedAt", "finishedAt", "hasError", "errorMessage", "statement", "projectId", "queryTypeId")
    VALUES ('1764', '10', '2023-06-28 21:52:06.046027', '2023-06-28 21:52:10.046027', 'False', 'None', 'SELECT Categories.parent_category_id, Orders.payment_method FROM Categories RIGHT OUTER JOIN Orders ON Categories.parent_category_id = Orders.payment_method;', '1', '1');
INSERT INTO "QueryColumnAccess" ("queryId", "columnId")
    VALUES ('1764', '4');
INSERT INTO "QueryColumnAccess" ("queryId", "columnId")
    VALUES ('1764', '5');
INSERT INTO "QueryTableAccess" ("queryId", "tableId")
    VALUES ('1764', '4');
INSERT INTO "QueryTableAccess" ("queryId", "tableId")
    VALUES ('1764', '2');
SELECT 'Orders.total_amount', 'Products.description' FROM Orders LEFT OUTER JOIN Products ON 'Orders.total_amount' = 'Products.description';
INSERT INTO "SqlQuery" ("queryId", "userId", "issuedAt", "finishedAt", "hasError", "errorMessage", "statement", "projectId", "queryTypeId")
    VALUES ('1765', '12', '2023-06-01 21:52:06.046035', '2023-06-01 21:52:07.046035', 'False', 'None', 'SELECT Orders.total_amount, Products.description FROM Orders LEFT OUTER JOIN Products ON Orders.total_amount = Products.description;', '1', '1');
INSERT INTO "QueryColumnAccess" ("queryId", "columnId")
    VALUES ('1765', '4');
INSERT INTO "QueryColumnAccess" ("queryId", "columnId")
    VALUES ('1765', '5');
INSERT INTO "QueryTableAccess" ("queryId", "tableId")
    VALUES ('1765', '2');
INSERT INTO "QueryTableAccess" ("queryId", "tableId")
    VALUES ('1765', '3');
SELECT 'Customers.email', 'Categories.description' FROM Customers RIGHT OUTER JOIN Categories ON 'Customers.email' = 'Categories.description';
INSERT INTO "SqlQuery" ("queryId", "userId", "issuedAt", "finishedAt", "hasError", "errorMessage", "statement", "projectId", "queryTypeId")
    VALUES ('1766', '13', '2023-05-14 21:52:06.046044', '2023-05-14 21:52:10.046044', 'False', 'None', 'SELECT Customers.email, Categories.description FROM Customers RIGHT OUTER JOIN Categories ON Customers.email = Categories.description;', '1', '1');
INSERT INTO "QueryColumnAccess" ("queryId", "columnId")
    VALUES ('1766', '4');
INSERT INTO "QueryColumnAccess" ("queryId", "columnId")
    VALUES ('1766', '3');
INSERT INTO "QueryTableAccess" ("queryId", "tableId")
    VALUES ('1766', '1');
INSERT INTO "QueryTableAccess" ("queryId", "tableId")
    VALUES ('1766', '4');
SELECT 'Customers.first_name', 'Categories.parent_category_id' FROM Customers RIGHT OUTER JOIN Categories ON 'Customers.first_name' = 'Categories.parent_category_id';
INSERT INTO "SqlQuery" ("queryId", "userId", "issuedAt", "finishedAt", "hasError", "errorMessage", "statement", "projectId", "queryTypeId")
    VALUES ('1767', '9', '2023-04-11 21:52:06.046053', '2023-04-11 21:52:08.046053', 'False', 'None', 'SELECT Customers.first_name, Categories.parent_category_id FROM Customers RIGHT OUTER JOIN Categories ON Customers.first_name = Categories.parent_category_id;', '1', '1');
INSERT INTO "QueryColumnAccess" ("queryId", "columnId")
    VALUES ('1767', '2');
INSERT INTO "QueryColumnAccess" ("queryId", "columnId")
    VALUES ('1767', '4');
INSERT INTO "QueryTableAccess" ("queryId", "tableId")
    VALUES ('1767', '1');
INSERT INTO "QueryTableAccess" ("queryId", "tableId")
    VALUES ('1767', '4');
SELECT 'Categories.description', 'Customers.first_name' FROM Categories RIGHT OUTER JOIN Customers ON 'Categories.description' = 'Customers.first_name';
INSERT INTO "SqlQuery" ("queryId", "userId", "issuedAt", "finishedAt", "hasError", "errorMessage", "statement", "projectId", "queryTypeId")
    VALUES ('1768', '11', '2023-04-19 21:52:06.046061', '2023-04-19 21:52:10.046061', 'False', 'None', 'SELECT Categories.description, Customers.first_name FROM Categories RIGHT OUTER JOIN Customers ON Categories.description = Customers.first_name;', '1', '1');
INSERT INTO "QueryColumnAccess" ("queryId", "columnId")
    VALUES ('1768', '3');
INSERT INTO "QueryColumnAccess" ("queryId", "columnId")
    VALUES ('1768', '2');
INSERT INTO "QueryTableAccess" ("queryId", "tableId")
    VALUES ('1768', '4');
INSERT INTO "QueryTableAccess" ("queryId", "tableId")
    VALUES ('1768', '1');
SELECT 'Products.product_id', 'OrderItems.unit_price' FROM Products LEFT OUTER JOIN OrderItems ON 'Products.product_id' = 'OrderItems.unit_price';
INSERT INTO "SqlQuery" ("queryId", "userId", "issuedAt", "finishedAt", "hasError", "errorMessage", "statement", "projectId", "queryTypeId")
    VALUES ('1769', '15', '2023-04-12 21:52:06.046070', '2023-04-12 21:52:07.046070', 'False', 'None', 'SELECT Products.product_id, OrderItems.unit_price FROM Products LEFT OUTER JOIN OrderItems ON Products.product_id = OrderItems.unit_price;', '1', '1');
INSERT INTO "QueryColumnAccess" ("queryId", "columnId")
    VALUES ('1769', '1');
INSERT INTO "QueryColumnAccess" ("queryId", "columnId")
    VALUES ('1769', '5');
INSERT INTO "QueryTableAccess" ("queryId", "tableId")
    VALUES ('1769', '3');
INSERT INTO "QueryTableAccess" ("queryId", "tableId")
    VALUES ('1769', '5');
SELECT 'Orders.customer_id', 'OrderItems.product_id' FROM Orders NATURAL JOIN OrderItems ON 'Orders.customer_id' = 'OrderItems.product_id';
INSERT INTO "SqlQuery" ("queryId", "userId", "issuedAt", "finishedAt", "hasError", "errorMessage", "statement", "projectId", "queryTypeId")
    VALUES ('1770', '4', '2023-04-25 21:52:06.046079', '2023-04-25 21:52:07.046079', 'False', 'None', 'SELECT Orders.customer_id, OrderItems.product_id FROM Orders NATURAL JOIN OrderItems ON Orders.customer_id = OrderItems.product_id;', '1', '1');
INSERT INTO "QueryColumnAccess" ("queryId", "columnId")
    VALUES ('1770', '2');
INSERT INTO "QueryColumnAccess" ("queryId", "columnId")
    VALUES ('1770', '3');
INSERT INTO "QueryTableAccess" ("queryId", "tableId")
    VALUES ('1770', '2');
INSERT INTO "QueryTableAccess" ("queryId", "tableId")
    VALUES ('1770', '5');
SELECT 'Customers.first_name', 'Products.quantity' FROM Customers LEFT OUTER JOIN Products ON 'Customers.first_name' = 'Products.quantity';
INSERT INTO "SqlQuery" ("queryId", "userId", "issuedAt", "finishedAt", "hasError", "errorMessage", "statement", "projectId", "queryTypeId")
    VALUES ('1771', '10', '2023-07-03 21:52:06.046088', '2023-07-03 21:52:08.046088', 'False', 'None', 'SELECT Customers.first_name, Products.quantity FROM Customers LEFT OUTER JOIN Products ON Customers.first_name = Products.quantity;', '1', '1');
INSERT INTO "QueryColumnAccess" ("queryId", "columnId")
    VALUES ('1771', '2');
INSERT INTO "QueryColumnAccess" ("queryId", "columnId")
    VALUES ('1771', '6');
INSERT INTO "QueryTableAccess" ("queryId", "tableId")
    VALUES ('1771', '1');
INSERT INTO "QueryTableAccess" ("queryId", "tableId")
    VALUES ('1771', '3');
SELECT 'OrderItems.unit_price', 'Customers.last_name' FROM OrderItems NATURAL JOIN Customers ON 'OrderItems.unit_price' = 'Customers.last_name';
INSERT INTO "SqlQuery" ("queryId", "userId", "issuedAt", "finishedAt", "hasError", "errorMessage", "statement", "projectId", "queryTypeId")
    VALUES ('1772', '6', '2023-05-16 21:52:06.046101', '2023-05-16 21:52:07.046101', 'False', 'None', 'SELECT OrderItems.unit_price, Customers.last_name FROM OrderItems NATURAL JOIN Customers ON OrderItems.unit_price = Customers.last_name;', '1', '1');
INSERT INTO "QueryColumnAccess" ("queryId", "columnId")
    VALUES ('1772', '5');
INSERT INTO "QueryColumnAccess" ("queryId", "columnId")
    VALUES ('1772', '3');
INSERT INTO "QueryTableAccess" ("queryId", "tableId")
    VALUES ('1772', '5');
INSERT INTO "QueryTableAccess" ("queryId", "tableId")
    VALUES ('1772', '1');
SELECT 'Orders.payment_method', 'Customers.last_name' FROM Orders NATURAL JOIN Customers ON 'Orders.payment_method' = 'Customers.last_name';
INSERT INTO "SqlQuery" ("queryId", "userId", "issuedAt", "finishedAt", "hasError", "errorMessage", "statement", "projectId", "queryTypeId")
    VALUES ('1773', '10', '2023-04-16 21:52:06.046110', '2023-04-16 21:52:10.046110', 'False', 'None', 'SELECT Orders.payment_method, Customers.last_name FROM Orders NATURAL JOIN Customers ON Orders.payment_method = Customers.last_name;', '1', '1');
INSERT INTO "QueryColumnAccess" ("queryId", "columnId")
    VALUES ('1773', '5');
INSERT INTO "QueryColumnAccess" ("queryId", "columnId")
    VALUES ('1773', '3');
INSERT INTO "QueryTableAccess" ("queryId", "tableId")
    VALUES ('1773', '2');
INSERT INTO "QueryTableAccess" ("queryId", "tableId")
    VALUES ('1773', '1');
SELECT 'Orders.total_amount', 'Products.description' FROM Orders LEFT OUTER JOIN Products ON 'Orders.total_amount' = 'Products.description';
INSERT INTO "SqlQuery" ("queryId", "userId", "issuedAt", "finishedAt", "hasError", "errorMessage", "statement", "projectId", "queryTypeId")
    VALUES ('1774', '1', '2023-05-25 21:52:06.046119', '2023-05-25 21:52:10.046119', 'False', 'None', 'SELECT Orders.total_amount, Products.description FROM Orders LEFT OUTER JOIN Products ON Orders.total_amount = Products.description;', '1', '1');
INSERT INTO "QueryColumnAccess" ("queryId", "columnId")
    VALUES ('1774', '4');
INSERT INTO "QueryColumnAccess" ("queryId", "columnId")
    VALUES ('1774', '5');
INSERT INTO "QueryTableAccess" ("queryId", "tableId")
    VALUES ('1774', '2');
INSERT INTO "QueryTableAccess" ("queryId", "tableId")
    VALUES ('1774', '3');
SELECT 'Products.product_name', 'Orders.order_date' FROM Products LEFT OUTER JOIN Orders ON 'Products.product_name' = 'Orders.order_date';
INSERT INTO "SqlQuery" ("queryId", "userId", "issuedAt", "finishedAt", "hasError", "errorMessage", "statement", "projectId", "queryTypeId")
    VALUES ('1775', '10', '2023-07-08 21:52:06.046128', '2023-07-08 21:52:08.046128', 'False', 'None', 'SELECT Products.product_name, Orders.order_date FROM Products LEFT OUTER JOIN Orders ON Products.product_name = Orders.order_date;', '1', '1');
INSERT INTO "QueryColumnAccess" ("queryId", "columnId")
    VALUES ('1775', '2');
INSERT INTO "QueryColumnAccess" ("queryId", "columnId")
    VALUES ('1775', '3');
INSERT INTO "QueryTableAccess" ("queryId", "tableId")
    VALUES ('1775', '3');
INSERT INTO "QueryTableAccess" ("queryId", "tableId")
    VALUES ('1775', '2');
SELECT 'OrderItems.order_item_id', 'Categories.category_name' FROM OrderItems RIGHT OUTER JOIN Categories ON 'OrderItems.order_item_id' = 'Categories.category_name';
INSERT INTO "SqlQuery" ("queryId", "userId", "issuedAt", "finishedAt", "hasError", "errorMessage", "statement", "projectId", "queryTypeId")
    VALUES ('1776', '2', '2023-04-23 21:52:06.046136', '2023-04-23 21:52:07.046136', 'False', 'None', 'SELECT OrderItems.order_item_id, Categories.category_name FROM OrderItems RIGHT OUTER JOIN Categories ON OrderItems.order_item_id = Categories.category_name;', '1', '1');
INSERT INTO "QueryColumnAccess" ("queryId", "columnId")
    VALUES ('1776', '1');
INSERT INTO "QueryColumnAccess" ("queryId", "columnId")
    VALUES ('1776', '2');
INSERT INTO "QueryTableAccess" ("queryId", "tableId")
    VALUES ('1776', '5');
INSERT INTO "QueryTableAccess" ("queryId", "tableId")
    VALUES ('1776', '4');
SELECT 'Orders.total_amount', 'Categories.category_name' FROM Orders LEFT OUTER JOIN Categories ON 'Orders.total_amount' = 'Categories.category_name';
INSERT INTO "SqlQuery" ("queryId", "userId", "issuedAt", "finishedAt", "hasError", "errorMessage", "statement", "projectId", "queryTypeId")
    VALUES ('1777', '4', '2023-05-26 21:52:06.046145', '2023-05-26 21:52:10.046145', 'False', 'None', 'SELECT Orders.total_amount, Categories.category_name FROM Orders LEFT OUTER JOIN Categories ON Orders.total_amount = Categories.category_name;', '1', '1');
INSERT INTO "QueryColumnAccess" ("queryId", "columnId")
    VALUES ('1777', '4');
INSERT INTO "QueryColumnAccess" ("queryId", "columnId")
    VALUES ('1777', '2');
INSERT INTO "QueryTableAccess" ("queryId", "tableId")
    VALUES ('1777', '2');
INSERT INTO "QueryTableAccess" ("queryId", "tableId")
    VALUES ('1777', '4');
SELECT 'Products.category', 'Customers.first_name' FROM Products NATURAL JOIN Customers ON 'Products.category' = 'Customers.first_name';
INSERT INTO "SqlQuery" ("queryId", "userId", "issuedAt", "finishedAt", "hasError", "errorMessage", "statement", "projectId", "queryTypeId")
    VALUES ('1778', '11', '2023-04-30 21:52:06.046154', '2023-04-30 21:52:09.046154', 'False', 'None', 'SELECT Products.category, Customers.first_name FROM Products NATURAL JOIN Customers ON Products.category = Customers.first_name;', '1', '1');
INSERT INTO "QueryColumnAccess" ("queryId", "columnId")
    VALUES ('1778', '3');
INSERT INTO "QueryColumnAccess" ("queryId", "columnId")
    VALUES ('1778', '2');
INSERT INTO "QueryTableAccess" ("queryId", "tableId")
    VALUES ('1778', '3');
INSERT INTO "QueryTableAccess" ("queryId", "tableId")
    VALUES ('1778', '1');
SELECT 'Categories.description', 'Customers.address' FROM Categories LEFT OUTER JOIN Customers ON 'Categories.description' = 'Customers.address';
INSERT INTO "SqlQuery" ("queryId", "userId", "issuedAt", "finishedAt", "hasError", "errorMessage", "statement", "projectId", "queryTypeId")
    VALUES ('1779', '11', '2023-04-18 21:52:06.046162', '2023-04-18 21:52:08.046162', 'False', 'None', 'SELECT Categories.description, Customers.address FROM Categories LEFT OUTER JOIN Customers ON Categories.description = Customers.address;', '1', '1');
INSERT INTO "QueryColumnAccess" ("queryId", "columnId")
    VALUES ('1779', '3');
INSERT INTO "QueryColumnAccess" ("queryId", "columnId")
    VALUES ('1779', '6');
INSERT INTO "QueryTableAccess" ("queryId", "tableId")
    VALUES ('1779', '4');
INSERT INTO "QueryTableAccess" ("queryId", "tableId")
    VALUES ('1779', '1');
SELECT 'OrderItems.quantity', 'Categories.category_name' FROM OrderItems LEFT OUTER JOIN Categories ON 'OrderItems.quantity' = 'Categories.category_name';
INSERT INTO "SqlQuery" ("queryId", "userId", "issuedAt", "finishedAt", "hasError", "errorMessage", "statement", "projectId", "queryTypeId")
    VALUES ('1780', '8', '2023-06-08 21:52:06.046171', '2023-06-08 21:52:08.046171', 'False', 'None', 'SELECT OrderItems.quantity, Categories.category_name FROM OrderItems LEFT OUTER JOIN Categories ON OrderItems.quantity = Categories.category_name;', '1', '1');
INSERT INTO "QueryColumnAccess" ("queryId", "columnId")
    VALUES ('1780', '4');
INSERT INTO "QueryColumnAccess" ("queryId", "columnId")
    VALUES ('1780', '2');
INSERT INTO "QueryTableAccess" ("queryId", "tableId")
    VALUES ('1780', '5');
INSERT INTO "QueryTableAccess" ("queryId", "tableId")
    VALUES ('1780', '4');
SELECT 'Orders.order_id', 'OrderItems.product_id' FROM Orders RIGHT OUTER JOIN OrderItems ON 'Orders.order_id' = 'OrderItems.product_id';
INSERT INTO "SqlQuery" ("queryId", "userId", "issuedAt", "finishedAt", "hasError", "errorMessage", "statement", "projectId", "queryTypeId")
    VALUES ('1781', '14', '2023-06-26 21:52:06.046183', '2023-06-26 21:52:08.046183', 'False', 'None', 'SELECT Orders.order_id, OrderItems.product_id FROM Orders RIGHT OUTER JOIN OrderItems ON Orders.order_id = OrderItems.product_id;', '1', '1');
INSERT INTO "QueryColumnAccess" ("queryId", "columnId")
    VALUES ('1781', '1');
INSERT INTO "QueryColumnAccess" ("queryId", "columnId")
    VALUES ('1781', '3');
INSERT INTO "QueryTableAccess" ("queryId", "tableId")
    VALUES ('1781', '2');
INSERT INTO "QueryTableAccess" ("queryId", "tableId")
    VALUES ('1781', '5');
SELECT 'OrderItems.order_item_id', 'Categories.category_name' FROM OrderItems RIGHT OUTER JOIN Categories ON 'OrderItems.order_item_id' = 'Categories.category_name';
INSERT INTO "SqlQuery" ("queryId", "userId", "issuedAt", "finishedAt", "hasError", "errorMessage", "statement", "projectId", "queryTypeId")
    VALUES ('1782', '4', '2023-04-25 21:52:06.046192', '2023-04-25 21:52:09.046192', 'False', 'None', 'SELECT OrderItems.order_item_id, Categories.category_name FROM OrderItems RIGHT OUTER JOIN Categories ON OrderItems.order_item_id = Categories.category_name;', '1', '1');
INSERT INTO "QueryColumnAccess" ("queryId", "columnId")
    VALUES ('1782', '1');
INSERT INTO "QueryColumnAccess" ("queryId", "columnId")
    VALUES ('1782', '2');
INSERT INTO "QueryTableAccess" ("queryId", "tableId")
    VALUES ('1782', '5');
INSERT INTO "QueryTableAccess" ("queryId", "tableId")
    VALUES ('1782', '4');
SELECT 'OrderItems.order_item_id', 'Orders.order_id' FROM OrderItems NATURAL JOIN Orders ON 'OrderItems.order_item_id' = 'Orders.order_id';
INSERT INTO "SqlQuery" ("queryId", "userId", "issuedAt", "finishedAt", "hasError", "errorMessage", "statement", "projectId", "queryTypeId")
    VALUES ('1783', '6', '2023-05-23 21:52:06.046201', '2023-05-23 21:52:07.046201', 'False', 'None', 'SELECT OrderItems.order_item_id, Orders.order_id FROM OrderItems NATURAL JOIN Orders ON OrderItems.order_item_id = Orders.order_id;', '1', '1');
INSERT INTO "QueryColumnAccess" ("queryId", "columnId")
    VALUES ('1783', '1');
INSERT INTO "QueryColumnAccess" ("queryId", "columnId")
    VALUES ('1783', '1');
INSERT INTO "QueryTableAccess" ("queryId", "tableId")
    VALUES ('1783', '5');
INSERT INTO "QueryTableAccess" ("queryId", "tableId")
    VALUES ('1783', '2');
SELECT 'OrderItems.order_id', 'Orders.order_date' FROM OrderItems RIGHT OUTER JOIN Orders ON 'OrderItems.order_id' = 'Orders.order_date';
INSERT INTO "SqlQuery" ("queryId", "userId", "issuedAt", "finishedAt", "hasError", "errorMessage", "statement", "projectId", "queryTypeId")
    VALUES ('1784', '13', '2023-05-24 21:52:06.046209', '2023-05-24 21:52:09.046209', 'False', 'None', 'SELECT OrderItems.order_id, Orders.order_date FROM OrderItems RIGHT OUTER JOIN Orders ON OrderItems.order_id = Orders.order_date;', '1', '1');
INSERT INTO "QueryColumnAccess" ("queryId", "columnId")
    VALUES ('1784', '2');
INSERT INTO "QueryColumnAccess" ("queryId", "columnId")
    VALUES ('1784', '3');
INSERT INTO "QueryTableAccess" ("queryId", "tableId")
    VALUES ('1784', '5');
INSERT INTO "QueryTableAccess" ("queryId", "tableId")
    VALUES ('1784', '2');
SELECT 'Categories.description', 'Orders.order_date' FROM Categories NATURAL JOIN Orders ON 'Categories.description' = 'Orders.order_date';
INSERT INTO "SqlQuery" ("queryId", "userId", "issuedAt", "finishedAt", "hasError", "errorMessage", "statement", "projectId", "queryTypeId")
    VALUES ('1785', '11', '2023-06-28 21:52:06.046218', '2023-06-28 21:52:09.046218', 'False', 'None', 'SELECT Categories.description, Orders.order_date FROM Categories NATURAL JOIN Orders ON Categories.description = Orders.order_date;', '1', '1');
INSERT INTO "QueryColumnAccess" ("queryId", "columnId")
    VALUES ('1785', '3');
INSERT INTO "QueryColumnAccess" ("queryId", "columnId")
    VALUES ('1785', '3');
INSERT INTO "QueryTableAccess" ("queryId", "tableId")
    VALUES ('1785', '4');
INSERT INTO "QueryTableAccess" ("queryId", "tableId")
    VALUES ('1785', '2');
SELECT 'OrderItems.unit_price', 'Orders.customer_id' FROM OrderItems NATURAL JOIN Orders ON 'OrderItems.unit_price' = 'Orders.customer_id';
INSERT INTO "SqlQuery" ("queryId", "userId", "issuedAt", "finishedAt", "hasError", "errorMessage", "statement", "projectId", "queryTypeId")
    VALUES ('1786', '7', '2023-06-06 21:52:06.046227', '2023-06-06 21:52:08.046227', 'False', 'None', 'SELECT OrderItems.unit_price, Orders.customer_id FROM OrderItems NATURAL JOIN Orders ON OrderItems.unit_price = Orders.customer_id;', '1', '1');
INSERT INTO "QueryColumnAccess" ("queryId", "columnId")
    VALUES ('1786', '5');
INSERT INTO "QueryColumnAccess" ("queryId", "columnId")
    VALUES ('1786', '2');
INSERT INTO "QueryTableAccess" ("queryId", "tableId")
    VALUES ('1786', '5');
INSERT INTO "QueryTableAccess" ("queryId", "tableId")
    VALUES ('1786', '2');
SELECT 'Categories.category_name', 'Orders.order_date' FROM Categories RIGHT OUTER JOIN Orders ON 'Categories.category_name' = 'Orders.order_date';
INSERT INTO "SqlQuery" ("queryId", "userId", "issuedAt", "finishedAt", "hasError", "errorMessage", "statement", "projectId", "queryTypeId")
    VALUES ('1787', '9', '2023-04-13 21:52:06.046236', '2023-04-13 21:52:08.046236', 'False', 'None', 'SELECT Categories.category_name, Orders.order_date FROM Categories RIGHT OUTER JOIN Orders ON Categories.category_name = Orders.order_date;', '1', '1');
INSERT INTO "QueryColumnAccess" ("queryId", "columnId")
    VALUES ('1787', '2');
INSERT INTO "QueryColumnAccess" ("queryId", "columnId")
    VALUES ('1787', '3');
INSERT INTO "QueryTableAccess" ("queryId", "tableId")
    VALUES ('1787', '4');
INSERT INTO "QueryTableAccess" ("queryId", "tableId")
    VALUES ('1787', '2');
SELECT 'Orders.total_amount', 'Customers.address' FROM Orders NATURAL JOIN Customers ON 'Orders.total_amount' = 'Customers.address';
INSERT INTO "SqlQuery" ("queryId", "userId", "issuedAt", "finishedAt", "hasError", "errorMessage", "statement", "projectId", "queryTypeId")
    VALUES ('1788', '15', '2023-05-18 21:52:06.046245', '2023-05-18 21:52:09.046245', 'False', 'None', 'SELECT Orders.total_amount, Customers.address FROM Orders NATURAL JOIN Customers ON Orders.total_amount = Customers.address;', '1', '1');
INSERT INTO "QueryColumnAccess" ("queryId", "columnId")
    VALUES ('1788', '4');
INSERT INTO "QueryColumnAccess" ("queryId", "columnId")
    VALUES ('1788', '6');
INSERT INTO "QueryTableAccess" ("queryId", "tableId")
    VALUES ('1788', '2');
INSERT INTO "QueryTableAccess" ("queryId", "tableId")
    VALUES ('1788', '1');
SELECT 'OrderItems.product_id', 'Categories.category_name' FROM OrderItems LEFT OUTER JOIN Categories ON 'OrderItems.product_id' = 'Categories.category_name';
INSERT INTO "SqlQuery" ("queryId", "userId", "issuedAt", "finishedAt", "hasError", "errorMessage", "statement", "projectId", "queryTypeId")
    VALUES ('1789', '8', '2023-04-15 21:52:06.046253', '2023-04-15 21:52:08.046253', 'False', 'None', 'SELECT OrderItems.product_id, Categories.category_name FROM OrderItems LEFT OUTER JOIN Categories ON OrderItems.product_id = Categories.category_name;', '1', '1');
INSERT INTO "QueryColumnAccess" ("queryId", "columnId")
    VALUES ('1789', '3');
INSERT INTO "QueryColumnAccess" ("queryId", "columnId")
    VALUES ('1789', '2');
INSERT INTO "QueryTableAccess" ("queryId", "tableId")
    VALUES ('1789', '5');
INSERT INTO "QueryTableAccess" ("queryId", "tableId")
    VALUES ('1789', '4');
SELECT 'Orders.order_date', 'Categories.category_name' FROM Orders RIGHT OUTER JOIN Categories ON 'Orders.order_date' = 'Categories.category_name';
INSERT INTO "SqlQuery" ("queryId", "userId", "issuedAt", "finishedAt", "hasError", "errorMessage", "statement", "projectId", "queryTypeId")
    VALUES ('1790', '5', '2023-06-22 21:52:06.046262', '2023-06-22 21:52:10.046262', 'False', 'None', 'SELECT Orders.order_date, Categories.category_name FROM Orders RIGHT OUTER JOIN Categories ON Orders.order_date = Categories.category_name;', '1', '1');
INSERT INTO "QueryColumnAccess" ("queryId", "columnId")
    VALUES ('1790', '3');
INSERT INTO "QueryColumnAccess" ("queryId", "columnId")
    VALUES ('1790', '2');
INSERT INTO "QueryTableAccess" ("queryId", "tableId")
    VALUES ('1790', '2');
INSERT INTO "QueryTableAccess" ("queryId", "tableId")
    VALUES ('1790', '4');
SELECT 'OrderItems.order_id', 'Customers.phone_number' FROM OrderItems RIGHT OUTER JOIN Customers ON 'OrderItems.order_id' = 'Customers.phone_number';
INSERT INTO "SqlQuery" ("queryId", "userId", "issuedAt", "finishedAt", "hasError", "errorMessage", "statement", "projectId", "queryTypeId")
    VALUES ('1791', '10', '2023-04-18 21:52:06.046276', '2023-04-18 21:52:09.046276', 'False', 'None', 'SELECT OrderItems.order_id, Customers.phone_number FROM OrderItems RIGHT OUTER JOIN Customers ON OrderItems.order_id = Customers.phone_number;', '1', '1');
INSERT INTO "QueryColumnAccess" ("queryId", "columnId")
    VALUES ('1791', '2');
INSERT INTO "QueryColumnAccess" ("queryId", "columnId")
    VALUES ('1791', '5');
INSERT INTO "QueryTableAccess" ("queryId", "tableId")
    VALUES ('1791', '5');
INSERT INTO "QueryTableAccess" ("queryId", "tableId")
    VALUES ('1791', '1');
SELECT 'Customers.last_name', 'Categories.category_id' FROM Customers RIGHT OUTER JOIN Categories ON 'Customers.last_name' = 'Categories.category_id';
INSERT INTO "SqlQuery" ("queryId", "userId", "issuedAt", "finishedAt", "hasError", "errorMessage", "statement", "projectId", "queryTypeId")
    VALUES ('1792', '9', '2023-04-11 21:52:06.046285', '2023-04-11 21:52:10.046285', 'False', 'None', 'SELECT Customers.last_name, Categories.category_id FROM Customers RIGHT OUTER JOIN Categories ON Customers.last_name = Categories.category_id;', '1', '1');
INSERT INTO "QueryColumnAccess" ("queryId", "columnId")
    VALUES ('1792', '3');
INSERT INTO "QueryColumnAccess" ("queryId", "columnId")
    VALUES ('1792', '1');
INSERT INTO "QueryTableAccess" ("queryId", "tableId")
    VALUES ('1792', '1');
INSERT INTO "QueryTableAccess" ("queryId", "tableId")
    VALUES ('1792', '4');
SELECT 'Customers.phone_number', 'Categories.category_name' FROM Customers LEFT OUTER JOIN Categories ON 'Customers.phone_number' = 'Categories.category_name';
INSERT INTO "SqlQuery" ("queryId", "userId", "issuedAt", "finishedAt", "hasError", "errorMessage", "statement", "projectId", "queryTypeId")
    VALUES ('1793', '5', '2023-06-28 21:52:06.046293', '2023-06-28 21:52:07.046293', 'False', 'None', 'SELECT Customers.phone_number, Categories.category_name FROM Customers LEFT OUTER JOIN Categories ON Customers.phone_number = Categories.category_name;', '1', '1');
INSERT INTO "QueryColumnAccess" ("queryId", "columnId")
    VALUES ('1793', '5');
INSERT INTO "QueryColumnAccess" ("queryId", "columnId")
    VALUES ('1793', '2');
INSERT INTO "QueryTableAccess" ("queryId", "tableId")
    VALUES ('1793', '1');
INSERT INTO "QueryTableAccess" ("queryId", "tableId")
    VALUES ('1793', '4');
SELECT 'Orders.order_id', 'Products.category' FROM Orders LEFT OUTER JOIN Products ON 'Orders.order_id' = 'Products.category';
INSERT INTO "SqlQuery" ("queryId", "userId", "issuedAt", "finishedAt", "hasError", "errorMessage", "statement", "projectId", "queryTypeId")
    VALUES ('1794', '12', '2023-06-09 21:52:06.046302', '2023-06-09 21:52:07.046302', 'False', 'None', 'SELECT Orders.order_id, Products.category FROM Orders LEFT OUTER JOIN Products ON Orders.order_id = Products.category;', '1', '1');
INSERT INTO "QueryColumnAccess" ("queryId", "columnId")
    VALUES ('1794', '1');
INSERT INTO "QueryColumnAccess" ("queryId", "columnId")
    VALUES ('1794', '3');
INSERT INTO "QueryTableAccess" ("queryId", "tableId")
    VALUES ('1794', '2');
INSERT INTO "QueryTableAccess" ("queryId", "tableId")
    VALUES ('1794', '3');
SELECT 'Categories.category_id', 'Orders.total_amount' FROM Categories NATURAL JOIN Orders ON 'Categories.category_id' = 'Orders.total_amount';
INSERT INTO "SqlQuery" ("queryId", "userId", "issuedAt", "finishedAt", "hasError", "errorMessage", "statement", "projectId", "queryTypeId")
    VALUES ('1795', '10', '2023-07-03 21:52:06.046311', '2023-07-03 21:52:09.046311', 'False', 'None', 'SELECT Categories.category_id, Orders.total_amount FROM Categories NATURAL JOIN Orders ON Categories.category_id = Orders.total_amount;', '1', '1');
INSERT INTO "QueryColumnAccess" ("queryId", "columnId")
    VALUES ('1795', '1');
INSERT INTO "QueryColumnAccess" ("queryId", "columnId")
    VALUES ('1795', '4');
INSERT INTO "QueryTableAccess" ("queryId", "tableId")
    VALUES ('1795', '4');
INSERT INTO "QueryTableAccess" ("queryId", "tableId")
    VALUES ('1795', '2');
SELECT 'OrderItems.unit_price', 'Categories.category_id' FROM OrderItems RIGHT OUTER JOIN Categories ON 'OrderItems.unit_price' = 'Categories.category_id';
INSERT INTO "SqlQuery" ("queryId", "userId", "issuedAt", "finishedAt", "hasError", "errorMessage", "statement", "projectId", "queryTypeId")
    VALUES ('1796', '1', '2023-06-27 21:52:06.046319', '2023-06-27 21:52:09.046319', 'False', 'None', 'SELECT OrderItems.unit_price, Categories.category_id FROM OrderItems RIGHT OUTER JOIN Categories ON OrderItems.unit_price = Categories.category_id;', '1', '1');
INSERT INTO "QueryColumnAccess" ("queryId", "columnId")
    VALUES ('1796', '5');
INSERT INTO "QueryColumnAccess" ("queryId", "columnId")
    VALUES ('1796', '1');
INSERT INTO "QueryTableAccess" ("queryId", "tableId")
    VALUES ('1796', '5');
INSERT INTO "QueryTableAccess" ("queryId", "tableId")
    VALUES ('1796', '4');
SELECT 'Categories.description', 'Orders.order_date' FROM Categories NATURAL JOIN Orders ON 'Categories.description' = 'Orders.order_date';
INSERT INTO "SqlQuery" ("queryId", "userId", "issuedAt", "finishedAt", "hasError", "errorMessage", "statement", "projectId", "queryTypeId")
    VALUES ('1797', '7', '2023-05-17 21:52:06.046328', '2023-05-17 21:52:10.046328', 'False', 'None', 'SELECT Categories.description, Orders.order_date FROM Categories NATURAL JOIN Orders ON Categories.description = Orders.order_date;', '1', '1');
INSERT INTO "QueryColumnAccess" ("queryId", "columnId")
    VALUES ('1797', '3');
INSERT INTO "QueryColumnAccess" ("queryId", "columnId")
    VALUES ('1797', '3');
INSERT INTO "QueryTableAccess" ("queryId", "tableId")
    VALUES ('1797', '4');
INSERT INTO "QueryTableAccess" ("queryId", "tableId")
    VALUES ('1797', '2');
SELECT 'Products.quantity', 'Categories.description' FROM Products NATURAL JOIN Categories ON 'Products.quantity' = 'Categories.description';
INSERT INTO "SqlQuery" ("queryId", "userId", "issuedAt", "finishedAt", "hasError", "errorMessage", "statement", "projectId", "queryTypeId")
    VALUES ('1798', '4', '2023-05-19 21:52:06.046337', '2023-05-19 21:52:07.046337', 'False', 'None', 'SELECT Products.quantity, Categories.description FROM Products NATURAL JOIN Categories ON Products.quantity = Categories.description;', '1', '1');
INSERT INTO "QueryColumnAccess" ("queryId", "columnId")
    VALUES ('1798', '6');
INSERT INTO "QueryColumnAccess" ("queryId", "columnId")
    VALUES ('1798', '3');
INSERT INTO "QueryTableAccess" ("queryId", "tableId")
    VALUES ('1798', '3');
INSERT INTO "QueryTableAccess" ("queryId", "tableId")
    VALUES ('1798', '4');
SELECT 'Categories.description', 'Orders.customer_id' FROM Categories LEFT OUTER JOIN Orders ON 'Categories.description' = 'Orders.customer_id';
INSERT INTO "SqlQuery" ("queryId", "userId", "issuedAt", "finishedAt", "hasError", "errorMessage", "statement", "projectId", "queryTypeId")
    VALUES ('1799', '12', '2023-04-21 21:52:06.046351', '2023-04-21 21:52:08.046351', 'False', 'None', 'SELECT Categories.description, Orders.customer_id FROM Categories LEFT OUTER JOIN Orders ON Categories.description = Orders.customer_id;', '1', '1');
INSERT INTO "QueryColumnAccess" ("queryId", "columnId")
    VALUES ('1799', '3');
INSERT INTO "QueryColumnAccess" ("queryId", "columnId")
    VALUES ('1799', '2');
INSERT INTO "QueryTableAccess" ("queryId", "tableId")
    VALUES ('1799', '4');
INSERT INTO "QueryTableAccess" ("queryId", "tableId")
    VALUES ('1799', '2');
SELECT 'Categories.parent_category_id', 'OrderItems.quantity' FROM Categories RIGHT OUTER JOIN OrderItems ON 'Categories.parent_category_id' = 'OrderItems.quantity';
INSERT INTO "SqlQuery" ("queryId", "userId", "issuedAt", "finishedAt", "hasError", "errorMessage", "statement", "projectId", "queryTypeId")
    VALUES ('1800', '13', '2023-05-11 21:52:06.046362', '2023-05-11 21:52:08.046362', 'False', 'None', 'SELECT Categories.parent_category_id, OrderItems.quantity FROM Categories RIGHT OUTER JOIN OrderItems ON Categories.parent_category_id = OrderItems.quantity;', '1', '1');
INSERT INTO "QueryColumnAccess" ("queryId", "columnId")
    VALUES ('1800', '4');
INSERT INTO "QueryColumnAccess" ("queryId", "columnId")
    VALUES ('1800', '4');
INSERT INTO "QueryTableAccess" ("queryId", "tableId")
    VALUES ('1800', '4');
INSERT INTO "QueryTableAccess" ("queryId", "tableId")
    VALUES ('1800', '5');
SELECT 'Categories.category_id', 'Orders.total_amount' FROM Categories RIGHT OUTER JOIN Orders ON 'Categories.category_id' = 'Orders.total_amount';
INSERT INTO "SqlQuery" ("queryId", "userId", "issuedAt", "finishedAt", "hasError", "errorMessage", "statement", "projectId", "queryTypeId")
    VALUES ('1801', '4', '2023-05-16 21:52:06.046372', '2023-05-16 21:52:09.046372', 'False', 'None', 'SELECT Categories.category_id, Orders.total_amount FROM Categories RIGHT OUTER JOIN Orders ON Categories.category_id = Orders.total_amount;', '1', '1');
INSERT INTO "QueryColumnAccess" ("queryId", "columnId")
    VALUES ('1801', '1');
INSERT INTO "QueryColumnAccess" ("queryId", "columnId")
    VALUES ('1801', '4');
INSERT INTO "QueryTableAccess" ("queryId", "tableId")
    VALUES ('1801', '4');
INSERT INTO "QueryTableAccess" ("queryId", "tableId")
    VALUES ('1801', '2');
SELECT 'Categories.category_id', 'OrderItems.order_item_id' FROM Categories NATURAL JOIN OrderItems ON 'Categories.category_id' = 'OrderItems.order_item_id';
INSERT INTO "SqlQuery" ("queryId", "userId", "issuedAt", "finishedAt", "hasError", "errorMessage", "statement", "projectId", "queryTypeId")
    VALUES ('1802', '15', '2023-04-19 21:52:06.046381', '2023-04-19 21:52:10.046381', 'False', 'None', 'SELECT Categories.category_id, OrderItems.order_item_id FROM Categories NATURAL JOIN OrderItems ON Categories.category_id = OrderItems.order_item_id;', '1', '1');
INSERT INTO "QueryColumnAccess" ("queryId", "columnId")
    VALUES ('1802', '1');
INSERT INTO "QueryColumnAccess" ("queryId", "columnId")
    VALUES ('1802', '1');
INSERT INTO "QueryTableAccess" ("queryId", "tableId")
    VALUES ('1802', '4');
INSERT INTO "QueryTableAccess" ("queryId", "tableId")
    VALUES ('1802', '5');
SELECT 'Orders.shipping_address', 'OrderItems.order_item_id' FROM Orders NATURAL JOIN OrderItems ON 'Orders.shipping_address' = 'OrderItems.order_item_id';
INSERT INTO "SqlQuery" ("queryId", "userId", "issuedAt", "finishedAt", "hasError", "errorMessage", "statement", "projectId", "queryTypeId")
    VALUES ('1803', '6', '2023-05-19 21:52:06.046390', '2023-05-19 21:52:10.046390', 'False', 'None', 'SELECT Orders.shipping_address, OrderItems.order_item_id FROM Orders NATURAL JOIN OrderItems ON Orders.shipping_address = OrderItems.order_item_id;', '1', '1');
INSERT INTO "QueryColumnAccess" ("queryId", "columnId")
    VALUES ('1803', '6');
INSERT INTO "QueryColumnAccess" ("queryId", "columnId")
    VALUES ('1803', '1');
INSERT INTO "QueryTableAccess" ("queryId", "tableId")
    VALUES ('1803', '2');
INSERT INTO "QueryTableAccess" ("queryId", "tableId")
    VALUES ('1803', '5');
SELECT 'Products.product_name', 'OrderItems.order_id' FROM Products LEFT OUTER JOIN OrderItems ON 'Products.product_name' = 'OrderItems.order_id';
INSERT INTO "SqlQuery" ("queryId", "userId", "issuedAt", "finishedAt", "hasError", "errorMessage", "statement", "projectId", "queryTypeId")
    VALUES ('1804', '2', '2023-06-14 21:52:06.046399', '2023-06-14 21:52:10.046399', 'False', 'None', 'SELECT Products.product_name, OrderItems.order_id FROM Products LEFT OUTER JOIN OrderItems ON Products.product_name = OrderItems.order_id;', '1', '1');
INSERT INTO "QueryColumnAccess" ("queryId", "columnId")
    VALUES ('1804', '2');
INSERT INTO "QueryColumnAccess" ("queryId", "columnId")
    VALUES ('1804', '2');
INSERT INTO "QueryTableAccess" ("queryId", "tableId")
    VALUES ('1804', '3');
INSERT INTO "QueryTableAccess" ("queryId", "tableId")
    VALUES ('1804', '5');
SELECT 'Orders.payment_method', 'OrderItems.quantity' FROM Orders LEFT OUTER JOIN OrderItems ON 'Orders.payment_method' = 'OrderItems.quantity';
INSERT INTO "SqlQuery" ("queryId", "userId", "issuedAt", "finishedAt", "hasError", "errorMessage", "statement", "projectId", "queryTypeId")
    VALUES ('1805', '12', '2023-06-25 21:52:06.046408', '2023-06-25 21:52:09.046408', 'False', 'None', 'SELECT Orders.payment_method, OrderItems.quantity FROM Orders LEFT OUTER JOIN OrderItems ON Orders.payment_method = OrderItems.quantity;', '1', '1');
INSERT INTO "QueryColumnAccess" ("queryId", "columnId")
    VALUES ('1805', '5');
INSERT INTO "QueryColumnAccess" ("queryId", "columnId")
    VALUES ('1805', '4');
INSERT INTO "QueryTableAccess" ("queryId", "tableId")
    VALUES ('1805', '2');
INSERT INTO "QueryTableAccess" ("queryId", "tableId")
    VALUES ('1805', '5');
SELECT 'Customers.phone_number', 'OrderItems.order_item_id' FROM Customers NATURAL JOIN OrderItems ON 'Customers.phone_number' = 'OrderItems.order_item_id';
INSERT INTO "SqlQuery" ("queryId", "userId", "issuedAt", "finishedAt", "hasError", "errorMessage", "statement", "projectId", "queryTypeId")
    VALUES ('1806', '7', '2023-05-10 21:52:06.046418', '2023-05-10 21:52:08.046418', 'False', 'None', 'SELECT Customers.phone_number, OrderItems.order_item_id FROM Customers NATURAL JOIN OrderItems ON Customers.phone_number = OrderItems.order_item_id;', '1', '1');
INSERT INTO "QueryColumnAccess" ("queryId", "columnId")
    VALUES ('1806', '5');
INSERT INTO "QueryColumnAccess" ("queryId", "columnId")
    VALUES ('1806', '1');
INSERT INTO "QueryTableAccess" ("queryId", "tableId")
    VALUES ('1806', '1');
INSERT INTO "QueryTableAccess" ("queryId", "tableId")
    VALUES ('1806', '5');
SELECT 'Products.category', 'Orders.customer_id' FROM Products LEFT OUTER JOIN Orders ON 'Products.category' = 'Orders.customer_id';
INSERT INTO "SqlQuery" ("queryId", "userId", "issuedAt", "finishedAt", "hasError", "errorMessage", "statement", "projectId", "queryTypeId")
    VALUES ('1807', '6', '2023-06-01 21:52:06.046426', '2023-06-01 21:52:10.046426', 'False', 'None', 'SELECT Products.category, Orders.customer_id FROM Products LEFT OUTER JOIN Orders ON Products.category = Orders.customer_id;', '1', '1');
INSERT INTO "QueryColumnAccess" ("queryId", "columnId")
    VALUES ('1807', '3');
INSERT INTO "QueryColumnAccess" ("queryId", "columnId")
    VALUES ('1807', '2');
INSERT INTO "QueryTableAccess" ("queryId", "tableId")
    VALUES ('1807', '3');
INSERT INTO "QueryTableAccess" ("queryId", "tableId")
    VALUES ('1807', '2');
SELECT 'Customers.email', 'OrderItems.unit_price' FROM Customers LEFT OUTER JOIN OrderItems ON 'Customers.email' = 'OrderItems.unit_price';
INSERT INTO "SqlQuery" ("queryId", "userId", "issuedAt", "finishedAt", "hasError", "errorMessage", "statement", "projectId", "queryTypeId")
    VALUES ('1808', '5', '2023-06-21 21:52:06.046435', '2023-06-21 21:52:10.046435', 'False', 'None', 'SELECT Customers.email, OrderItems.unit_price FROM Customers LEFT OUTER JOIN OrderItems ON Customers.email = OrderItems.unit_price;', '1', '1');
INSERT INTO "QueryColumnAccess" ("queryId", "columnId")
    VALUES ('1808', '4');
INSERT INTO "QueryColumnAccess" ("queryId", "columnId")
    VALUES ('1808', '5');
INSERT INTO "QueryTableAccess" ("queryId", "tableId")
    VALUES ('1808', '1');
INSERT INTO "QueryTableAccess" ("queryId", "tableId")
    VALUES ('1808', '5');
SELECT 'Products.category', 'Customers.phone_number' FROM Products NATURAL JOIN Customers ON 'Products.category' = 'Customers.phone_number';
INSERT INTO "SqlQuery" ("queryId", "userId", "issuedAt", "finishedAt", "hasError", "errorMessage", "statement", "projectId", "queryTypeId")
    VALUES ('1809', '3', '2023-05-10 21:52:06.046448', '2023-05-10 21:52:07.046448', 'False', 'None', 'SELECT Products.category, Customers.phone_number FROM Products NATURAL JOIN Customers ON Products.category = Customers.phone_number;', '1', '1');
INSERT INTO "QueryColumnAccess" ("queryId", "columnId")
    VALUES ('1809', '3');
INSERT INTO "QueryColumnAccess" ("queryId", "columnId")
    VALUES ('1809', '5');
INSERT INTO "QueryTableAccess" ("queryId", "tableId")
    VALUES ('1809', '3');
INSERT INTO "QueryTableAccess" ("queryId", "tableId")
    VALUES ('1809', '1');
SELECT 'Products.product_id', 'Orders.total_amount' FROM Products LEFT OUTER JOIN Orders ON 'Products.product_id' = 'Orders.total_amount';
INSERT INTO "SqlQuery" ("queryId", "userId", "issuedAt", "finishedAt", "hasError", "errorMessage", "statement", "projectId", "queryTypeId")
    VALUES ('1810', '11', '2023-06-19 21:52:06.046457', '2023-06-19 21:52:10.046457', 'False', 'None', 'SELECT Products.product_id, Orders.total_amount FROM Products LEFT OUTER JOIN Orders ON Products.product_id = Orders.total_amount;', '1', '1');
INSERT INTO "QueryColumnAccess" ("queryId", "columnId")
    VALUES ('1810', '1');
INSERT INTO "QueryColumnAccess" ("queryId", "columnId")
    VALUES ('1810', '4');
INSERT INTO "QueryTableAccess" ("queryId", "tableId")
    VALUES ('1810', '3');
INSERT INTO "QueryTableAccess" ("queryId", "tableId")
    VALUES ('1810', '2');
SELECT 'Orders.shipping_address', 'Customers.customer_id' FROM Orders RIGHT OUTER JOIN Customers ON 'Orders.shipping_address' = 'Customers.customer_id';
INSERT INTO "SqlQuery" ("queryId", "userId", "issuedAt", "finishedAt", "hasError", "errorMessage", "statement", "projectId", "queryTypeId")
    VALUES ('1811', '11', '2023-06-14 21:52:06.046465', '2023-06-14 21:52:07.046465', 'False', 'None', 'SELECT Orders.shipping_address, Customers.customer_id FROM Orders RIGHT OUTER JOIN Customers ON Orders.shipping_address = Customers.customer_id;', '1', '1');
INSERT INTO "QueryColumnAccess" ("queryId", "columnId")
    VALUES ('1811', '6');
INSERT INTO "QueryColumnAccess" ("queryId", "columnId")
    VALUES ('1811', '1');
INSERT INTO "QueryTableAccess" ("queryId", "tableId")
    VALUES ('1811', '2');
INSERT INTO "QueryTableAccess" ("queryId", "tableId")
    VALUES ('1811', '1');
SELECT 'Categories.description', 'Orders.order_id' FROM Categories RIGHT OUTER JOIN Orders ON 'Categories.description' = 'Orders.order_id';
INSERT INTO "SqlQuery" ("queryId", "userId", "issuedAt", "finishedAt", "hasError", "errorMessage", "statement", "projectId", "queryTypeId")
    VALUES ('1812', '6', '2023-04-27 21:52:06.046474', '2023-04-27 21:52:08.046474', 'False', 'None', 'SELECT Categories.description, Orders.order_id FROM Categories RIGHT OUTER JOIN Orders ON Categories.description = Orders.order_id;', '1', '1');
INSERT INTO "QueryColumnAccess" ("queryId", "columnId")
    VALUES ('1812', '3');
INSERT INTO "QueryColumnAccess" ("queryId", "columnId")
    VALUES ('1812', '1');
INSERT INTO "QueryTableAccess" ("queryId", "tableId")
    VALUES ('1812', '4');
INSERT INTO "QueryTableAccess" ("queryId", "tableId")
    VALUES ('1812', '2');
SELECT 'Customers.address', 'Categories.parent_category_id' FROM Customers RIGHT OUTER JOIN Categories ON 'Customers.address' = 'Categories.parent_category_id';
INSERT INTO "SqlQuery" ("queryId", "userId", "issuedAt", "finishedAt", "hasError", "errorMessage", "statement", "projectId", "queryTypeId")
    VALUES ('1813', '1', '2023-04-16 21:52:06.046483', '2023-04-16 21:52:08.046483', 'False', 'None', 'SELECT Customers.address, Categories.parent_category_id FROM Customers RIGHT OUTER JOIN Categories ON Customers.address = Categories.parent_category_id;', '1', '1');
INSERT INTO "QueryColumnAccess" ("queryId", "columnId")
    VALUES ('1813', '6');
INSERT INTO "QueryColumnAccess" ("queryId", "columnId")
    VALUES ('1813', '4');
INSERT INTO "QueryTableAccess" ("queryId", "tableId")
    VALUES ('1813', '1');
INSERT INTO "QueryTableAccess" ("queryId", "tableId")
    VALUES ('1813', '4');
SELECT 'Customers.email', 'Categories.description' FROM Customers NATURAL JOIN Categories ON 'Customers.email' = 'Categories.description';
INSERT INTO "SqlQuery" ("queryId", "userId", "issuedAt", "finishedAt", "hasError", "errorMessage", "statement", "projectId", "queryTypeId")
    VALUES ('1814', '1', '2023-05-24 21:52:06.046492', '2023-05-24 21:52:07.046492', 'False', 'None', 'SELECT Customers.email, Categories.description FROM Customers NATURAL JOIN Categories ON Customers.email = Categories.description;', '1', '1');
INSERT INTO "QueryColumnAccess" ("queryId", "columnId")
    VALUES ('1814', '4');
INSERT INTO "QueryColumnAccess" ("queryId", "columnId")
    VALUES ('1814', '3');
INSERT INTO "QueryTableAccess" ("queryId", "tableId")
    VALUES ('1814', '1');
INSERT INTO "QueryTableAccess" ("queryId", "tableId")
    VALUES ('1814', '4');
SELECT 'OrderItems.product_id', 'Products.product_id' FROM OrderItems LEFT OUTER JOIN Products ON 'OrderItems.product_id' = 'Products.product_id';
INSERT INTO "SqlQuery" ("queryId", "userId", "issuedAt", "finishedAt", "hasError", "errorMessage", "statement", "projectId", "queryTypeId")
    VALUES ('1815', '5', '2023-05-06 21:52:06.046501', '2023-05-06 21:52:09.046501', 'False', 'None', 'SELECT OrderItems.product_id, Products.product_id FROM OrderItems LEFT OUTER JOIN Products ON OrderItems.product_id = Products.product_id;', '1', '1');
INSERT INTO "QueryColumnAccess" ("queryId", "columnId")
    VALUES ('1815', '3');
INSERT INTO "QueryColumnAccess" ("queryId", "columnId")
    VALUES ('1815', '1');
INSERT INTO "QueryTableAccess" ("queryId", "tableId")
    VALUES ('1815', '5');
INSERT INTO "QueryTableAccess" ("queryId", "tableId")
    VALUES ('1815', '3');
SELECT 'OrderItems.order_item_id', 'Customers.address' FROM OrderItems NATURAL JOIN Customers ON 'OrderItems.order_item_id' = 'Customers.address';
INSERT INTO "SqlQuery" ("queryId", "userId", "issuedAt", "finishedAt", "hasError", "errorMessage", "statement", "projectId", "queryTypeId")
    VALUES ('1816', '4', '2023-05-03 21:52:06.046509', '2023-05-03 21:52:09.046509', 'False', 'None', 'SELECT OrderItems.order_item_id, Customers.address FROM OrderItems NATURAL JOIN Customers ON OrderItems.order_item_id = Customers.address;', '1', '1');
INSERT INTO "QueryColumnAccess" ("queryId", "columnId")
    VALUES ('1816', '1');
INSERT INTO "QueryColumnAccess" ("queryId", "columnId")
    VALUES ('1816', '6');
INSERT INTO "QueryTableAccess" ("queryId", "tableId")
    VALUES ('1816', '5');
INSERT INTO "QueryTableAccess" ("queryId", "tableId")
    VALUES ('1816', '1');
SELECT 'Categories.category_id', 'Products.product_name' FROM Categories NATURAL JOIN Products ON 'Categories.category_id' = 'Products.product_name';
INSERT INTO "SqlQuery" ("queryId", "userId", "issuedAt", "finishedAt", "hasError", "errorMessage", "statement", "projectId", "queryTypeId")
    VALUES ('1817', '12', '2023-05-27 21:52:06.046518', '2023-05-27 21:52:09.046518', 'False', 'None', 'SELECT Categories.category_id, Products.product_name FROM Categories NATURAL JOIN Products ON Categories.category_id = Products.product_name;', '1', '1');
INSERT INTO "QueryColumnAccess" ("queryId", "columnId")
    VALUES ('1817', '1');
INSERT INTO "QueryColumnAccess" ("queryId", "columnId")
    VALUES ('1817', '2');
INSERT INTO "QueryTableAccess" ("queryId", "tableId")
    VALUES ('1817', '4');
INSERT INTO "QueryTableAccess" ("queryId", "tableId")
    VALUES ('1817', '3');
SELECT 'Orders.shipping_address', 'Categories.category_name' FROM Orders RIGHT OUTER JOIN Categories ON 'Orders.shipping_address' = 'Categories.category_name';
INSERT INTO "SqlQuery" ("queryId", "userId", "issuedAt", "finishedAt", "hasError", "errorMessage", "statement", "projectId", "queryTypeId")
    VALUES ('1818', '6', '2023-04-29 21:52:06.046530', '2023-04-29 21:52:08.046530', 'False', 'None', 'SELECT Orders.shipping_address, Categories.category_name FROM Orders RIGHT OUTER JOIN Categories ON Orders.shipping_address = Categories.category_name;', '1', '1');
INSERT INTO "QueryColumnAccess" ("queryId", "columnId")
    VALUES ('1818', '6');
INSERT INTO "QueryColumnAccess" ("queryId", "columnId")
    VALUES ('1818', '2');
INSERT INTO "QueryTableAccess" ("queryId", "tableId")
    VALUES ('1818', '2');
INSERT INTO "QueryTableAccess" ("queryId", "tableId")
    VALUES ('1818', '4');
SELECT 'Categories.category_id', 'Orders.customer_id' FROM Categories LEFT OUTER JOIN Orders ON 'Categories.category_id' = 'Orders.customer_id';
INSERT INTO "SqlQuery" ("queryId", "userId", "issuedAt", "finishedAt", "hasError", "errorMessage", "statement", "projectId", "queryTypeId")
    VALUES ('1819', '2', '2023-05-11 21:52:06.046539', '2023-05-11 21:52:09.046539', 'False', 'None', 'SELECT Categories.category_id, Orders.customer_id FROM Categories LEFT OUTER JOIN Orders ON Categories.category_id = Orders.customer_id;', '1', '1');
INSERT INTO "QueryColumnAccess" ("queryId", "columnId")
    VALUES ('1819', '1');
INSERT INTO "QueryColumnAccess" ("queryId", "columnId")
    VALUES ('1819', '2');
INSERT INTO "QueryTableAccess" ("queryId", "tableId")
    VALUES ('1819', '4');
INSERT INTO "QueryTableAccess" ("queryId", "tableId")
    VALUES ('1819', '2');
SELECT 'Customers.email', 'Orders.total_amount' FROM Customers NATURAL JOIN Orders ON 'Customers.email' = 'Orders.total_amount';
INSERT INTO "SqlQuery" ("queryId", "userId", "issuedAt", "finishedAt", "hasError", "errorMessage", "statement", "projectId", "queryTypeId")
    VALUES ('1820', '14', '2023-05-05 21:52:06.046547', '2023-05-05 21:52:09.046547', 'False', 'None', 'SELECT Customers.email, Orders.total_amount FROM Customers NATURAL JOIN Orders ON Customers.email = Orders.total_amount;', '1', '1');
INSERT INTO "QueryColumnAccess" ("queryId", "columnId")
    VALUES ('1820', '4');
INSERT INTO "QueryColumnAccess" ("queryId", "columnId")
    VALUES ('1820', '4');
INSERT INTO "QueryTableAccess" ("queryId", "tableId")
    VALUES ('1820', '1');
INSERT INTO "QueryTableAccess" ("queryId", "tableId")
    VALUES ('1820', '2');
SELECT 'OrderItems.order_id', 'Orders.order_id' FROM OrderItems LEFT OUTER JOIN Orders ON 'OrderItems.order_id' = 'Orders.order_id';
INSERT INTO "SqlQuery" ("queryId", "userId", "issuedAt", "finishedAt", "hasError", "errorMessage", "statement", "projectId", "queryTypeId")
    VALUES ('1821', '5', '2023-06-24 21:52:06.046556', '2023-06-24 21:52:08.046556', 'False', 'None', 'SELECT OrderItems.order_id, Orders.order_id FROM OrderItems LEFT OUTER JOIN Orders ON OrderItems.order_id = Orders.order_id;', '1', '1');
INSERT INTO "QueryColumnAccess" ("queryId", "columnId")
    VALUES ('1821', '2');
INSERT INTO "QueryColumnAccess" ("queryId", "columnId")
    VALUES ('1821', '1');
INSERT INTO "QueryTableAccess" ("queryId", "tableId")
    VALUES ('1821', '5');
INSERT INTO "QueryTableAccess" ("queryId", "tableId")
    VALUES ('1821', '2');
SELECT 'Categories.parent_category_id', 'OrderItems.order_id' FROM Categories NATURAL JOIN OrderItems ON 'Categories.parent_category_id' = 'OrderItems.order_id';
INSERT INTO "SqlQuery" ("queryId", "userId", "issuedAt", "finishedAt", "hasError", "errorMessage", "statement", "projectId", "queryTypeId")
    VALUES ('1822', '5', '2023-05-01 21:52:06.046565', '2023-05-01 21:52:09.046565', 'False', 'None', 'SELECT Categories.parent_category_id, OrderItems.order_id FROM Categories NATURAL JOIN OrderItems ON Categories.parent_category_id = OrderItems.order_id;', '1', '1');
INSERT INTO "QueryColumnAccess" ("queryId", "columnId")
    VALUES ('1822', '4');
INSERT INTO "QueryColumnAccess" ("queryId", "columnId")
    VALUES ('1822', '2');
INSERT INTO "QueryTableAccess" ("queryId", "tableId")
    VALUES ('1822', '4');
INSERT INTO "QueryTableAccess" ("queryId", "tableId")
    VALUES ('1822', '5');
SELECT 'Orders.order_id', 'Products.description' FROM Orders LEFT OUTER JOIN Products ON 'Orders.order_id' = 'Products.description';
INSERT INTO "SqlQuery" ("queryId", "userId", "issuedAt", "finishedAt", "hasError", "errorMessage", "statement", "projectId", "queryTypeId")
    VALUES ('1823', '13', '2023-05-26 21:52:06.046573', '2023-05-26 21:52:07.046573', 'False', 'None', 'SELECT Orders.order_id, Products.description FROM Orders LEFT OUTER JOIN Products ON Orders.order_id = Products.description;', '1', '1');
INSERT INTO "QueryColumnAccess" ("queryId", "columnId")
    VALUES ('1823', '1');
INSERT INTO "QueryColumnAccess" ("queryId", "columnId")
    VALUES ('1823', '5');
INSERT INTO "QueryTableAccess" ("queryId", "tableId")
    VALUES ('1823', '2');
INSERT INTO "QueryTableAccess" ("queryId", "tableId")
    VALUES ('1823', '3');
SELECT 'Customers.customer_id', 'Products.price' FROM Customers RIGHT OUTER JOIN Products ON 'Customers.customer_id' = 'Products.price';
INSERT INTO "SqlQuery" ("queryId", "userId", "issuedAt", "finishedAt", "hasError", "errorMessage", "statement", "projectId", "queryTypeId")
    VALUES ('1824', '11', '2023-07-02 21:52:06.046582', '2023-07-02 21:52:08.046582', 'False', 'None', 'SELECT Customers.customer_id, Products.price FROM Customers RIGHT OUTER JOIN Products ON Customers.customer_id = Products.price;', '1', '1');
INSERT INTO "QueryColumnAccess" ("queryId", "columnId")
    VALUES ('1824', '1');
INSERT INTO "QueryColumnAccess" ("queryId", "columnId")
    VALUES ('1824', '4');
INSERT INTO "QueryTableAccess" ("queryId", "tableId")
    VALUES ('1824', '1');
INSERT INTO "QueryTableAccess" ("queryId", "tableId")
    VALUES ('1824', '3');
SELECT 'Products.price', 'Orders.payment_method' FROM Products NATURAL JOIN Orders ON 'Products.price' = 'Orders.payment_method';
INSERT INTO "SqlQuery" ("queryId", "userId", "issuedAt", "finishedAt", "hasError", "errorMessage", "statement", "projectId", "queryTypeId")
    VALUES ('1825', '15', '2023-06-15 21:52:06.046591', '2023-06-15 21:52:07.046591', 'False', 'None', 'SELECT Products.price, Orders.payment_method FROM Products NATURAL JOIN Orders ON Products.price = Orders.payment_method;', '1', '1');
INSERT INTO "QueryColumnAccess" ("queryId", "columnId")
    VALUES ('1825', '4');
INSERT INTO "QueryColumnAccess" ("queryId", "columnId")
    VALUES ('1825', '5');
INSERT INTO "QueryTableAccess" ("queryId", "tableId")
    VALUES ('1825', '3');
INSERT INTO "QueryTableAccess" ("queryId", "tableId")
    VALUES ('1825', '2');
SELECT 'Categories.category_id', 'Orders.customer_id' FROM Categories RIGHT OUTER JOIN Orders ON 'Categories.category_id' = 'Orders.customer_id';
INSERT INTO "SqlQuery" ("queryId", "userId", "issuedAt", "finishedAt", "hasError", "errorMessage", "statement", "projectId", "queryTypeId")
    VALUES ('1826', '10', '2023-05-11 21:52:06.046600', '2023-05-11 21:52:08.046600', 'False', 'None', 'SELECT Categories.category_id, Orders.customer_id FROM Categories RIGHT OUTER JOIN Orders ON Categories.category_id = Orders.customer_id;', '1', '1');
INSERT INTO "QueryColumnAccess" ("queryId", "columnId")
    VALUES ('1826', '1');
INSERT INTO "QueryColumnAccess" ("queryId", "columnId")
    VALUES ('1826', '2');
INSERT INTO "QueryTableAccess" ("queryId", "tableId")
    VALUES ('1826', '4');
INSERT INTO "QueryTableAccess" ("queryId", "tableId")
    VALUES ('1826', '2');
SELECT 'OrderItems.quantity', 'Categories.parent_category_id' FROM OrderItems RIGHT OUTER JOIN Categories ON 'OrderItems.quantity' = 'Categories.parent_category_id';
INSERT INTO "SqlQuery" ("queryId", "userId", "issuedAt", "finishedAt", "hasError", "errorMessage", "statement", "projectId", "queryTypeId")
    VALUES ('1827', '12', '2023-05-04 21:52:06.046609', '2023-05-04 21:52:10.046609', 'False', 'None', 'SELECT OrderItems.quantity, Categories.parent_category_id FROM OrderItems RIGHT OUTER JOIN Categories ON OrderItems.quantity = Categories.parent_category_id;', '1', '1');
INSERT INTO "QueryColumnAccess" ("queryId", "columnId")
    VALUES ('1827', '4');
INSERT INTO "QueryColumnAccess" ("queryId", "columnId")
    VALUES ('1827', '4');
INSERT INTO "QueryTableAccess" ("queryId", "tableId")
    VALUES ('1827', '5');
INSERT INTO "QueryTableAccess" ("queryId", "tableId")
    VALUES ('1827', '4');
SELECT 'Categories.category_name', 'Customers.first_name' FROM Categories RIGHT OUTER JOIN Customers ON 'Categories.category_name' = 'Customers.first_name';
INSERT INTO "SqlQuery" ("queryId", "userId", "issuedAt", "finishedAt", "hasError", "errorMessage", "statement", "projectId", "queryTypeId")
    VALUES ('1828', '4', '2023-05-31 21:52:06.046623', '2023-05-31 21:52:07.046623', 'False', 'None', 'SELECT Categories.category_name, Customers.first_name FROM Categories RIGHT OUTER JOIN Customers ON Categories.category_name = Customers.first_name;', '1', '1');
INSERT INTO "QueryColumnAccess" ("queryId", "columnId")
    VALUES ('1828', '2');
INSERT INTO "QueryColumnAccess" ("queryId", "columnId")
    VALUES ('1828', '2');
INSERT INTO "QueryTableAccess" ("queryId", "tableId")
    VALUES ('1828', '4');
INSERT INTO "QueryTableAccess" ("queryId", "tableId")
    VALUES ('1828', '1');
SELECT 'Categories.category_id', 'OrderItems.quantity' FROM Categories LEFT OUTER JOIN OrderItems ON 'Categories.category_id' = 'OrderItems.quantity';
INSERT INTO "SqlQuery" ("queryId", "userId", "issuedAt", "finishedAt", "hasError", "errorMessage", "statement", "projectId", "queryTypeId")
    VALUES ('1829', '11', '2023-04-17 21:52:06.046632', '2023-04-17 21:52:08.046632', 'False', 'None', 'SELECT Categories.category_id, OrderItems.quantity FROM Categories LEFT OUTER JOIN OrderItems ON Categories.category_id = OrderItems.quantity;', '1', '1');
INSERT INTO "QueryColumnAccess" ("queryId", "columnId")
    VALUES ('1829', '1');
INSERT INTO "QueryColumnAccess" ("queryId", "columnId")
    VALUES ('1829', '4');
INSERT INTO "QueryTableAccess" ("queryId", "tableId")
    VALUES ('1829', '4');
INSERT INTO "QueryTableAccess" ("queryId", "tableId")
    VALUES ('1829', '5');
SELECT 'Orders.payment_method', 'Products.category' FROM Orders RIGHT OUTER JOIN Products ON 'Orders.payment_method' = 'Products.category';
INSERT INTO "SqlQuery" ("queryId", "userId", "issuedAt", "finishedAt", "hasError", "errorMessage", "statement", "projectId", "queryTypeId")
    VALUES ('1830', '15', '2023-06-11 21:52:06.046641', '2023-06-11 21:52:09.046641', 'False', 'None', 'SELECT Orders.payment_method, Products.category FROM Orders RIGHT OUTER JOIN Products ON Orders.payment_method = Products.category;', '1', '1');
INSERT INTO "QueryColumnAccess" ("queryId", "columnId")
    VALUES ('1830', '5');
INSERT INTO "QueryColumnAccess" ("queryId", "columnId")
    VALUES ('1830', '3');
INSERT INTO "QueryTableAccess" ("queryId", "tableId")
    VALUES ('1830', '2');
INSERT INTO "QueryTableAccess" ("queryId", "tableId")
    VALUES ('1830', '3');
SELECT 'Customers.address', 'Products.description' FROM Customers RIGHT OUTER JOIN Products ON 'Customers.address' = 'Products.description';
INSERT INTO "SqlQuery" ("queryId", "userId", "issuedAt", "finishedAt", "hasError", "errorMessage", "statement", "projectId", "queryTypeId")
    VALUES ('1831', '5', '2023-05-24 21:52:06.046650', '2023-05-24 21:52:08.046650', 'False', 'None', 'SELECT Customers.address, Products.description FROM Customers RIGHT OUTER JOIN Products ON Customers.address = Products.description;', '1', '1');
INSERT INTO "QueryColumnAccess" ("queryId", "columnId")
    VALUES ('1831', '6');
INSERT INTO "QueryColumnAccess" ("queryId", "columnId")
    VALUES ('1831', '5');
INSERT INTO "QueryTableAccess" ("queryId", "tableId")
    VALUES ('1831', '1');
INSERT INTO "QueryTableAccess" ("queryId", "tableId")
    VALUES ('1831', '3');
SELECT 'OrderItems.unit_price', 'Orders.payment_method' FROM OrderItems RIGHT OUTER JOIN Orders ON 'OrderItems.unit_price' = 'Orders.payment_method';
INSERT INTO "SqlQuery" ("queryId", "userId", "issuedAt", "finishedAt", "hasError", "errorMessage", "statement", "projectId", "queryTypeId")
    VALUES ('1832', '8', '2023-06-07 21:52:06.046658', '2023-06-07 21:52:08.046658', 'False', 'None', 'SELECT OrderItems.unit_price, Orders.payment_method FROM OrderItems RIGHT OUTER JOIN Orders ON OrderItems.unit_price = Orders.payment_method;', '1', '1');
INSERT INTO "QueryColumnAccess" ("queryId", "columnId")
    VALUES ('1832', '5');
INSERT INTO "QueryColumnAccess" ("queryId", "columnId")
    VALUES ('1832', '5');
INSERT INTO "QueryTableAccess" ("queryId", "tableId")
    VALUES ('1832', '5');
INSERT INTO "QueryTableAccess" ("queryId", "tableId")
    VALUES ('1832', '2');
SELECT 'Customers.last_name', 'OrderItems.unit_price' FROM Customers NATURAL JOIN OrderItems ON 'Customers.last_name' = 'OrderItems.unit_price';
INSERT INTO "SqlQuery" ("queryId", "userId", "issuedAt", "finishedAt", "hasError", "errorMessage", "statement", "projectId", "queryTypeId")
    VALUES ('1833', '4', '2023-05-25 21:52:06.046667', '2023-05-25 21:52:10.046667', 'False', 'None', 'SELECT Customers.last_name, OrderItems.unit_price FROM Customers NATURAL JOIN OrderItems ON Customers.last_name = OrderItems.unit_price;', '1', '1');
INSERT INTO "QueryColumnAccess" ("queryId", "columnId")
    VALUES ('1833', '3');
INSERT INTO "QueryColumnAccess" ("queryId", "columnId")
    VALUES ('1833', '5');
INSERT INTO "QueryTableAccess" ("queryId", "tableId")
    VALUES ('1833', '1');
INSERT INTO "QueryTableAccess" ("queryId", "tableId")
    VALUES ('1833', '5');
SELECT 'OrderItems.unit_price', 'Products.quantity' FROM OrderItems LEFT OUTER JOIN Products ON 'OrderItems.unit_price' = 'Products.quantity';
INSERT INTO "SqlQuery" ("queryId", "userId", "issuedAt", "finishedAt", "hasError", "errorMessage", "statement", "projectId", "queryTypeId")
    VALUES ('1834', '14', '2023-05-28 21:52:06.046676', '2023-05-28 21:52:10.046676', 'False', 'None', 'SELECT OrderItems.unit_price, Products.quantity FROM OrderItems LEFT OUTER JOIN Products ON OrderItems.unit_price = Products.quantity;', '1', '1');
INSERT INTO "QueryColumnAccess" ("queryId", "columnId")
    VALUES ('1834', '5');
INSERT INTO "QueryColumnAccess" ("queryId", "columnId")
    VALUES ('1834', '6');
INSERT INTO "QueryTableAccess" ("queryId", "tableId")
    VALUES ('1834', '5');
INSERT INTO "QueryTableAccess" ("queryId", "tableId")
    VALUES ('1834', '3');
SELECT 'Orders.total_amount', 'Customers.customer_id' FROM Orders LEFT OUTER JOIN Customers ON 'Orders.total_amount' = 'Customers.customer_id';
INSERT INTO "SqlQuery" ("queryId", "userId", "issuedAt", "finishedAt", "hasError", "errorMessage", "statement", "projectId", "queryTypeId")
    VALUES ('1835', '9', '2023-04-22 21:52:06.046684', '2023-04-22 21:52:09.046684', 'False', 'None', 'SELECT Orders.total_amount, Customers.customer_id FROM Orders LEFT OUTER JOIN Customers ON Orders.total_amount = Customers.customer_id;', '1', '1');
INSERT INTO "QueryColumnAccess" ("queryId", "columnId")
    VALUES ('1835', '4');
INSERT INTO "QueryColumnAccess" ("queryId", "columnId")
    VALUES ('1835', '1');
INSERT INTO "QueryTableAccess" ("queryId", "tableId")
    VALUES ('1835', '2');
INSERT INTO "QueryTableAccess" ("queryId", "tableId")
    VALUES ('1835', '1');
SELECT 'OrderItems.product_id', 'Customers.last_name' FROM OrderItems RIGHT OUTER JOIN Customers ON 'OrderItems.product_id' = 'Customers.last_name';
INSERT INTO "SqlQuery" ("queryId", "userId", "issuedAt", "finishedAt", "hasError", "errorMessage", "statement", "projectId", "queryTypeId")
    VALUES ('1836', '2', '2023-05-06 21:52:06.046694', '2023-05-06 21:52:07.046694', 'False', 'None', 'SELECT OrderItems.product_id, Customers.last_name FROM OrderItems RIGHT OUTER JOIN Customers ON OrderItems.product_id = Customers.last_name;', '1', '1');
INSERT INTO "QueryColumnAccess" ("queryId", "columnId")
    VALUES ('1836', '3');
INSERT INTO "QueryColumnAccess" ("queryId", "columnId")
    VALUES ('1836', '3');
INSERT INTO "QueryTableAccess" ("queryId", "tableId")
    VALUES ('1836', '5');
INSERT INTO "QueryTableAccess" ("queryId", "tableId")
    VALUES ('1836', '1');
SELECT 'Customers.email', 'OrderItems.order_id' FROM Customers LEFT OUTER JOIN OrderItems ON 'Customers.email' = 'OrderItems.order_id';
INSERT INTO "SqlQuery" ("queryId", "userId", "issuedAt", "finishedAt", "hasError", "errorMessage", "statement", "projectId", "queryTypeId")
    VALUES ('1837', '10', '2023-04-24 21:52:06.046710', '2023-04-24 21:52:08.046710', 'False', 'None', 'SELECT Customers.email, OrderItems.order_id FROM Customers LEFT OUTER JOIN OrderItems ON Customers.email = OrderItems.order_id;', '1', '1');
INSERT INTO "QueryColumnAccess" ("queryId", "columnId")
    VALUES ('1837', '4');
INSERT INTO "QueryColumnAccess" ("queryId", "columnId")
    VALUES ('1837', '2');
INSERT INTO "QueryTableAccess" ("queryId", "tableId")
    VALUES ('1837', '1');
INSERT INTO "QueryTableAccess" ("queryId", "tableId")
    VALUES ('1837', '5');
SELECT 'Categories.parent_category_id', 'Orders.customer_id' FROM Categories LEFT OUTER JOIN Orders ON 'Categories.parent_category_id' = 'Orders.customer_id';
INSERT INTO "SqlQuery" ("queryId", "userId", "issuedAt", "finishedAt", "hasError", "errorMessage", "statement", "projectId", "queryTypeId")
    VALUES ('1838', '12', '2023-05-03 21:52:06.046720', '2023-05-03 21:52:09.046720', 'False', 'None', 'SELECT Categories.parent_category_id, Orders.customer_id FROM Categories LEFT OUTER JOIN Orders ON Categories.parent_category_id = Orders.customer_id;', '1', '1');
INSERT INTO "QueryColumnAccess" ("queryId", "columnId")
    VALUES ('1838', '4');
INSERT INTO "QueryColumnAccess" ("queryId", "columnId")
    VALUES ('1838', '2');
INSERT INTO "QueryTableAccess" ("queryId", "tableId")
    VALUES ('1838', '4');
INSERT INTO "QueryTableAccess" ("queryId", "tableId")
    VALUES ('1838', '2');
SELECT 'Orders.customer_id', 'Products.price' FROM Orders LEFT OUTER JOIN Products ON 'Orders.customer_id' = 'Products.price';
INSERT INTO "SqlQuery" ("queryId", "userId", "issuedAt", "finishedAt", "hasError", "errorMessage", "statement", "projectId", "queryTypeId")
    VALUES ('1839', '12', '2023-06-14 21:52:06.046729', '2023-06-14 21:52:08.046729', 'False', 'None', 'SELECT Orders.customer_id, Products.price FROM Orders LEFT OUTER JOIN Products ON Orders.customer_id = Products.price;', '1', '1');
INSERT INTO "QueryColumnAccess" ("queryId", "columnId")
    VALUES ('1839', '2');
INSERT INTO "QueryColumnAccess" ("queryId", "columnId")
    VALUES ('1839', '4');
INSERT INTO "QueryTableAccess" ("queryId", "tableId")
    VALUES ('1839', '2');
INSERT INTO "QueryTableAccess" ("queryId", "tableId")
    VALUES ('1839', '3');
SELECT 'Categories.parent_category_id', 'OrderItems.quantity' FROM Categories NATURAL JOIN OrderItems ON 'Categories.parent_category_id' = 'OrderItems.quantity';
INSERT INTO "SqlQuery" ("queryId", "userId", "issuedAt", "finishedAt", "hasError", "errorMessage", "statement", "projectId", "queryTypeId")
    VALUES ('1840', '2', '2023-06-17 21:52:06.046739', '2023-06-17 21:52:09.046739', 'False', 'None', 'SELECT Categories.parent_category_id, OrderItems.quantity FROM Categories NATURAL JOIN OrderItems ON Categories.parent_category_id = OrderItems.quantity;', '1', '1');
INSERT INTO "QueryColumnAccess" ("queryId", "columnId")
    VALUES ('1840', '4');
INSERT INTO "QueryColumnAccess" ("queryId", "columnId")
    VALUES ('1840', '4');
INSERT INTO "QueryTableAccess" ("queryId", "tableId")
    VALUES ('1840', '4');
INSERT INTO "QueryTableAccess" ("queryId", "tableId")
    VALUES ('1840', '5');
SELECT 'Products.product_name', 'Categories.parent_category_id' FROM Products NATURAL JOIN Categories ON 'Products.product_name' = 'Categories.parent_category_id';
INSERT INTO "SqlQuery" ("queryId", "userId", "issuedAt", "finishedAt", "hasError", "errorMessage", "statement", "projectId", "queryTypeId")
    VALUES ('1841', '3', '2023-05-15 21:52:06.046748', '2023-05-15 21:52:10.046748', 'False', 'None', 'SELECT Products.product_name, Categories.parent_category_id FROM Products NATURAL JOIN Categories ON Products.product_name = Categories.parent_category_id;', '1', '1');
INSERT INTO "QueryColumnAccess" ("queryId", "columnId")
    VALUES ('1841', '2');
INSERT INTO "QueryColumnAccess" ("queryId", "columnId")
    VALUES ('1841', '4');
INSERT INTO "QueryTableAccess" ("queryId", "tableId")
    VALUES ('1841', '3');
INSERT INTO "QueryTableAccess" ("queryId", "tableId")
    VALUES ('1841', '4');
SELECT 'Categories.parent_category_id', 'Customers.last_name' FROM Categories RIGHT OUTER JOIN Customers ON 'Categories.parent_category_id' = 'Customers.last_name';
INSERT INTO "SqlQuery" ("queryId", "userId", "issuedAt", "finishedAt", "hasError", "errorMessage", "statement", "projectId", "queryTypeId")
    VALUES ('1842', '10', '2023-05-13 21:52:06.046758', '2023-05-13 21:52:07.046758', 'False', 'None', 'SELECT Categories.parent_category_id, Customers.last_name FROM Categories RIGHT OUTER JOIN Customers ON Categories.parent_category_id = Customers.last_name;', '1', '1');
INSERT INTO "QueryColumnAccess" ("queryId", "columnId")
    VALUES ('1842', '4');
INSERT INTO "QueryColumnAccess" ("queryId", "columnId")
    VALUES ('1842', '3');
INSERT INTO "QueryTableAccess" ("queryId", "tableId")
    VALUES ('1842', '4');
INSERT INTO "QueryTableAccess" ("queryId", "tableId")
    VALUES ('1842', '1');
SELECT 'Categories.parent_category_id', 'Products.description' FROM Categories NATURAL JOIN Products ON 'Categories.parent_category_id' = 'Products.description';
INSERT INTO "SqlQuery" ("queryId", "userId", "issuedAt", "finishedAt", "hasError", "errorMessage", "statement", "projectId", "queryTypeId")
    VALUES ('1843', '11', '2023-04-19 21:52:06.046768', '2023-04-19 21:52:08.046768', 'False', 'None', 'SELECT Categories.parent_category_id, Products.description FROM Categories NATURAL JOIN Products ON Categories.parent_category_id = Products.description;', '1', '1');
INSERT INTO "QueryColumnAccess" ("queryId", "columnId")
    VALUES ('1843', '4');
INSERT INTO "QueryColumnAccess" ("queryId", "columnId")
    VALUES ('1843', '5');
INSERT INTO "QueryTableAccess" ("queryId", "tableId")
    VALUES ('1843', '4');
INSERT INTO "QueryTableAccess" ("queryId", "tableId")
    VALUES ('1843', '3');
SELECT 'Products.product_id', 'Orders.payment_method' FROM Products NATURAL JOIN Orders ON 'Products.product_id' = 'Orders.payment_method';
INSERT INTO "SqlQuery" ("queryId", "userId", "issuedAt", "finishedAt", "hasError", "errorMessage", "statement", "projectId", "queryTypeId")
    VALUES ('1844', '13', '2023-05-26 21:52:06.046777', '2023-05-26 21:52:09.046777', 'False', 'None', 'SELECT Products.product_id, Orders.payment_method FROM Products NATURAL JOIN Orders ON Products.product_id = Orders.payment_method;', '1', '1');
INSERT INTO "QueryColumnAccess" ("queryId", "columnId")
    VALUES ('1844', '1');
INSERT INTO "QueryColumnAccess" ("queryId", "columnId")
    VALUES ('1844', '5');
INSERT INTO "QueryTableAccess" ("queryId", "tableId")
    VALUES ('1844', '3');
INSERT INTO "QueryTableAccess" ("queryId", "tableId")
    VALUES ('1844', '2');
SELECT 'Customers.customer_id', 'Orders.payment_method' FROM Customers RIGHT OUTER JOIN Orders ON 'Customers.customer_id' = 'Orders.payment_method';
INSERT INTO "SqlQuery" ("queryId", "userId", "issuedAt", "finishedAt", "hasError", "errorMessage", "statement", "projectId", "queryTypeId")
    VALUES ('1845', '9', '2023-07-08 21:52:06.046787', '2023-07-08 21:52:08.046787', 'False', 'None', 'SELECT Customers.customer_id, Orders.payment_method FROM Customers RIGHT OUTER JOIN Orders ON Customers.customer_id = Orders.payment_method;', '1', '1');
INSERT INTO "QueryColumnAccess" ("queryId", "columnId")
    VALUES ('1845', '1');
INSERT INTO "QueryColumnAccess" ("queryId", "columnId")
    VALUES ('1845', '5');
INSERT INTO "QueryTableAccess" ("queryId", "tableId")
    VALUES ('1845', '1');
INSERT INTO "QueryTableAccess" ("queryId", "tableId")
    VALUES ('1845', '2');
SELECT 'Categories.description', 'OrderItems.order_item_id' FROM Categories RIGHT OUTER JOIN OrderItems ON 'Categories.description' = 'OrderItems.order_item_id';
INSERT INTO "SqlQuery" ("queryId", "userId", "issuedAt", "finishedAt", "hasError", "errorMessage", "statement", "projectId", "queryTypeId")
    VALUES ('1846', '6', '2023-04-21 21:52:06.046801', '2023-04-21 21:52:08.046801', 'False', 'None', 'SELECT Categories.description, OrderItems.order_item_id FROM Categories RIGHT OUTER JOIN OrderItems ON Categories.description = OrderItems.order_item_id;', '1', '1');
INSERT INTO "QueryColumnAccess" ("queryId", "columnId")
    VALUES ('1846', '3');
INSERT INTO "QueryColumnAccess" ("queryId", "columnId")
    VALUES ('1846', '1');
INSERT INTO "QueryTableAccess" ("queryId", "tableId")
    VALUES ('1846', '4');
INSERT INTO "QueryTableAccess" ("queryId", "tableId")
    VALUES ('1846', '5');
SELECT 'Orders.shipping_address', 'Products.product_name' FROM Orders NATURAL JOIN Products ON 'Orders.shipping_address' = 'Products.product_name';
INSERT INTO "SqlQuery" ("queryId", "userId", "issuedAt", "finishedAt", "hasError", "errorMessage", "statement", "projectId", "queryTypeId")
    VALUES ('1847', '6', '2023-06-04 21:52:06.046811', '2023-06-04 21:52:09.046811', 'False', 'None', 'SELECT Orders.shipping_address, Products.product_name FROM Orders NATURAL JOIN Products ON Orders.shipping_address = Products.product_name;', '1', '1');
INSERT INTO "QueryColumnAccess" ("queryId", "columnId")
    VALUES ('1847', '6');
INSERT INTO "QueryColumnAccess" ("queryId", "columnId")
    VALUES ('1847', '2');
INSERT INTO "QueryTableAccess" ("queryId", "tableId")
    VALUES ('1847', '2');
INSERT INTO "QueryTableAccess" ("queryId", "tableId")
    VALUES ('1847', '3');
SELECT 'Orders.order_date', 'Categories.category_name' FROM Orders LEFT OUTER JOIN Categories ON 'Orders.order_date' = 'Categories.category_name';
INSERT INTO "SqlQuery" ("queryId", "userId", "issuedAt", "finishedAt", "hasError", "errorMessage", "statement", "projectId", "queryTypeId")
    VALUES ('1848', '7', '2023-04-23 21:52:06.046820', '2023-04-23 21:52:09.046820', 'False', 'None', 'SELECT Orders.order_date, Categories.category_name FROM Orders LEFT OUTER JOIN Categories ON Orders.order_date = Categories.category_name;', '1', '1');
INSERT INTO "QueryColumnAccess" ("queryId", "columnId")
    VALUES ('1848', '3');
INSERT INTO "QueryColumnAccess" ("queryId", "columnId")
    VALUES ('1848', '2');
INSERT INTO "QueryTableAccess" ("queryId", "tableId")
    VALUES ('1848', '2');
INSERT INTO "QueryTableAccess" ("queryId", "tableId")
    VALUES ('1848', '4');
SELECT 'OrderItems.order_id', 'Products.category' FROM OrderItems RIGHT OUTER JOIN Products ON 'OrderItems.order_id' = 'Products.category';
INSERT INTO "SqlQuery" ("queryId", "userId", "issuedAt", "finishedAt", "hasError", "errorMessage", "statement", "projectId", "queryTypeId")
    VALUES ('1849', '14', '2023-04-16 21:52:06.046830', '2023-04-16 21:52:09.046830', 'False', 'None', 'SELECT OrderItems.order_id, Products.category FROM OrderItems RIGHT OUTER JOIN Products ON OrderItems.order_id = Products.category;', '1', '1');
INSERT INTO "QueryColumnAccess" ("queryId", "columnId")
    VALUES ('1849', '2');
INSERT INTO "QueryColumnAccess" ("queryId", "columnId")
    VALUES ('1849', '3');
INSERT INTO "QueryTableAccess" ("queryId", "tableId")
    VALUES ('1849', '5');
INSERT INTO "QueryTableAccess" ("queryId", "tableId")
    VALUES ('1849', '3');
SELECT 'Customers.address', 'Products.quantity' FROM Customers RIGHT OUTER JOIN Products ON 'Customers.address' = 'Products.quantity';
INSERT INTO "SqlQuery" ("queryId", "userId", "issuedAt", "finishedAt", "hasError", "errorMessage", "statement", "projectId", "queryTypeId")
    VALUES ('1850', '12', '2023-06-13 21:52:06.046839', '2023-06-13 21:52:08.046839', 'False', 'None', 'SELECT Customers.address, Products.quantity FROM Customers RIGHT OUTER JOIN Products ON Customers.address = Products.quantity;', '1', '1');
INSERT INTO "QueryColumnAccess" ("queryId", "columnId")
    VALUES ('1850', '6');
INSERT INTO "QueryColumnAccess" ("queryId", "columnId")
    VALUES ('1850', '6');
INSERT INTO "QueryTableAccess" ("queryId", "tableId")
    VALUES ('1850', '1');
INSERT INTO "QueryTableAccess" ("queryId", "tableId")
    VALUES ('1850', '3');
SELECT 'Categories.category_id', 'OrderItems.product_id' FROM Categories RIGHT OUTER JOIN OrderItems ON 'Categories.category_id' = 'OrderItems.product_id';
INSERT INTO "SqlQuery" ("queryId", "userId", "issuedAt", "finishedAt", "hasError", "errorMessage", "statement", "projectId", "queryTypeId")
    VALUES ('1851', '4', '2023-05-19 21:52:06.046849', '2023-05-19 21:52:09.046849', 'False', 'None', 'SELECT Categories.category_id, OrderItems.product_id FROM Categories RIGHT OUTER JOIN OrderItems ON Categories.category_id = OrderItems.product_id;', '1', '1');
INSERT INTO "QueryColumnAccess" ("queryId", "columnId")
    VALUES ('1851', '1');
INSERT INTO "QueryColumnAccess" ("queryId", "columnId")
    VALUES ('1851', '3');
INSERT INTO "QueryTableAccess" ("queryId", "tableId")
    VALUES ('1851', '4');
INSERT INTO "QueryTableAccess" ("queryId", "tableId")
    VALUES ('1851', '5');
SELECT 'OrderItems.order_id', 'Orders.order_date' FROM OrderItems NATURAL JOIN Orders ON 'OrderItems.order_id' = 'Orders.order_date';
INSERT INTO "SqlQuery" ("queryId", "userId", "issuedAt", "finishedAt", "hasError", "errorMessage", "statement", "projectId", "queryTypeId")
    VALUES ('1852', '8', '2023-05-02 21:52:06.046858', '2023-05-02 21:52:07.046858', 'False', 'None', 'SELECT OrderItems.order_id, Orders.order_date FROM OrderItems NATURAL JOIN Orders ON OrderItems.order_id = Orders.order_date;', '1', '1');
INSERT INTO "QueryColumnAccess" ("queryId", "columnId")
    VALUES ('1852', '2');
INSERT INTO "QueryColumnAccess" ("queryId", "columnId")
    VALUES ('1852', '3');
INSERT INTO "QueryTableAccess" ("queryId", "tableId")
    VALUES ('1852', '5');
INSERT INTO "QueryTableAccess" ("queryId", "tableId")
    VALUES ('1852', '2');
SELECT 'Categories.parent_category_id', 'OrderItems.product_id' FROM Categories NATURAL JOIN OrderItems ON 'Categories.parent_category_id' = 'OrderItems.product_id';
INSERT INTO "SqlQuery" ("queryId", "userId", "issuedAt", "finishedAt", "hasError", "errorMessage", "statement", "projectId", "queryTypeId")
    VALUES ('1853', '6', '2023-04-17 21:52:06.046867', '2023-04-17 21:52:10.046867', 'False', 'None', 'SELECT Categories.parent_category_id, OrderItems.product_id FROM Categories NATURAL JOIN OrderItems ON Categories.parent_category_id = OrderItems.product_id;', '1', '1');
INSERT INTO "QueryColumnAccess" ("queryId", "columnId")
    VALUES ('1853', '4');
INSERT INTO "QueryColumnAccess" ("queryId", "columnId")
    VALUES ('1853', '3');
INSERT INTO "QueryTableAccess" ("queryId", "tableId")
    VALUES ('1853', '4');
INSERT INTO "QueryTableAccess" ("queryId", "tableId")
    VALUES ('1853', '5');
SELECT 'Products.category', 'Categories.description' FROM Products LEFT OUTER JOIN Categories ON 'Products.category' = 'Categories.description';
INSERT INTO "SqlQuery" ("queryId", "userId", "issuedAt", "finishedAt", "hasError", "errorMessage", "statement", "projectId", "queryTypeId")
    VALUES ('1854', '1', '2023-07-07 21:52:06.046876', '2023-07-07 21:52:08.046876', 'False', 'None', 'SELECT Products.category, Categories.description FROM Products LEFT OUTER JOIN Categories ON Products.category = Categories.description;', '1', '1');
INSERT INTO "QueryColumnAccess" ("queryId", "columnId")
    VALUES ('1854', '3');
INSERT INTO "QueryColumnAccess" ("queryId", "columnId")
    VALUES ('1854', '3');
INSERT INTO "QueryTableAccess" ("queryId", "tableId")
    VALUES ('1854', '3');
INSERT INTO "QueryTableAccess" ("queryId", "tableId")
    VALUES ('1854', '4');
SELECT 'Categories.description', 'Customers.phone_number' FROM Categories NATURAL JOIN Customers ON 'Categories.description' = 'Customers.phone_number';
INSERT INTO "SqlQuery" ("queryId", "userId", "issuedAt", "finishedAt", "hasError", "errorMessage", "statement", "projectId", "queryTypeId")
    VALUES ('1855', '5', '2023-04-30 21:52:06.046890', '2023-04-30 21:52:10.046890', 'False', 'None', 'SELECT Categories.description, Customers.phone_number FROM Categories NATURAL JOIN Customers ON Categories.description = Customers.phone_number;', '1', '1');
INSERT INTO "QueryColumnAccess" ("queryId", "columnId")
    VALUES ('1855', '3');
INSERT INTO "QueryColumnAccess" ("queryId", "columnId")
    VALUES ('1855', '5');
INSERT INTO "QueryTableAccess" ("queryId", "tableId")
    VALUES ('1855', '4');
INSERT INTO "QueryTableAccess" ("queryId", "tableId")
    VALUES ('1855', '1');
SELECT 'OrderItems.quantity', 'Products.product_id' FROM OrderItems RIGHT OUTER JOIN Products ON 'OrderItems.quantity' = 'Products.product_id';
INSERT INTO "SqlQuery" ("queryId", "userId", "issuedAt", "finishedAt", "hasError", "errorMessage", "statement", "projectId", "queryTypeId")
    VALUES ('1856', '14', '2023-05-06 21:52:06.046899', '2023-05-06 21:52:07.046899', 'False', 'None', 'SELECT OrderItems.quantity, Products.product_id FROM OrderItems RIGHT OUTER JOIN Products ON OrderItems.quantity = Products.product_id;', '1', '1');
INSERT INTO "QueryColumnAccess" ("queryId", "columnId")
    VALUES ('1856', '4');
INSERT INTO "QueryColumnAccess" ("queryId", "columnId")
    VALUES ('1856', '1');
INSERT INTO "QueryTableAccess" ("queryId", "tableId")
    VALUES ('1856', '5');
INSERT INTO "QueryTableAccess" ("queryId", "tableId")
    VALUES ('1856', '3');
SELECT 'Customers.email', 'Categories.parent_category_id' FROM Customers LEFT OUTER JOIN Categories ON 'Customers.email' = 'Categories.parent_category_id';
INSERT INTO "SqlQuery" ("queryId", "userId", "issuedAt", "finishedAt", "hasError", "errorMessage", "statement", "projectId", "queryTypeId")
    VALUES ('1857', '13', '2023-04-18 21:52:06.046908', '2023-04-18 21:52:07.046908', 'False', 'None', 'SELECT Customers.email, Categories.parent_category_id FROM Customers LEFT OUTER JOIN Categories ON Customers.email = Categories.parent_category_id;', '1', '1');
INSERT INTO "QueryColumnAccess" ("queryId", "columnId")
    VALUES ('1857', '4');
INSERT INTO "QueryColumnAccess" ("queryId", "columnId")
    VALUES ('1857', '4');
INSERT INTO "QueryTableAccess" ("queryId", "tableId")
    VALUES ('1857', '1');
INSERT INTO "QueryTableAccess" ("queryId", "tableId")
    VALUES ('1857', '4');
SELECT 'OrderItems.order_id', 'Orders.order_id' FROM OrderItems LEFT OUTER JOIN Orders ON 'OrderItems.order_id' = 'Orders.order_id';
INSERT INTO "SqlQuery" ("queryId", "userId", "issuedAt", "finishedAt", "hasError", "errorMessage", "statement", "projectId", "queryTypeId")
    VALUES ('1858', '9', '2023-06-11 21:52:06.046917', '2023-06-11 21:52:07.046917', 'False', 'None', 'SELECT OrderItems.order_id, Orders.order_id FROM OrderItems LEFT OUTER JOIN Orders ON OrderItems.order_id = Orders.order_id;', '1', '1');
INSERT INTO "QueryColumnAccess" ("queryId", "columnId")
    VALUES ('1858', '2');
INSERT INTO "QueryColumnAccess" ("queryId", "columnId")
    VALUES ('1858', '1');
INSERT INTO "QueryTableAccess" ("queryId", "tableId")
    VALUES ('1858', '5');
INSERT INTO "QueryTableAccess" ("queryId", "tableId")
    VALUES ('1858', '2');
SELECT 'Products.quantity', 'Orders.order_date' FROM Products LEFT OUTER JOIN Orders ON 'Products.quantity' = 'Orders.order_date';
INSERT INTO "SqlQuery" ("queryId", "userId", "issuedAt", "finishedAt", "hasError", "errorMessage", "statement", "projectId", "queryTypeId")
    VALUES ('1859', '8', '2023-06-09 21:52:06.046925', '2023-06-09 21:52:09.046925', 'False', 'None', 'SELECT Products.quantity, Orders.order_date FROM Products LEFT OUTER JOIN Orders ON Products.quantity = Orders.order_date;', '1', '1');
INSERT INTO "QueryColumnAccess" ("queryId", "columnId")
    VALUES ('1859', '6');
INSERT INTO "QueryColumnAccess" ("queryId", "columnId")
    VALUES ('1859', '3');
INSERT INTO "QueryTableAccess" ("queryId", "tableId")
    VALUES ('1859', '3');
INSERT INTO "QueryTableAccess" ("queryId", "tableId")
    VALUES ('1859', '2');
SELECT 'Categories.category_name', 'Orders.customer_id' FROM Categories LEFT OUTER JOIN Orders ON 'Categories.category_name' = 'Orders.customer_id';
INSERT INTO "SqlQuery" ("queryId", "userId", "issuedAt", "finishedAt", "hasError", "errorMessage", "statement", "projectId", "queryTypeId")
    VALUES ('1860', '9', '2023-04-28 21:52:06.046934', '2023-04-28 21:52:08.046934', 'False', 'None', 'SELECT Categories.category_name, Orders.customer_id FROM Categories LEFT OUTER JOIN Orders ON Categories.category_name = Orders.customer_id;', '1', '1');
INSERT INTO "QueryColumnAccess" ("queryId", "columnId")
    VALUES ('1860', '2');
INSERT INTO "QueryColumnAccess" ("queryId", "columnId")
    VALUES ('1860', '2');
INSERT INTO "QueryTableAccess" ("queryId", "tableId")
    VALUES ('1860', '4');
INSERT INTO "QueryTableAccess" ("queryId", "tableId")
    VALUES ('1860', '2');
SELECT 'Orders.order_date', 'Products.product_name' FROM Orders RIGHT OUTER JOIN Products ON 'Orders.order_date' = 'Products.product_name';
INSERT INTO "SqlQuery" ("queryId", "userId", "issuedAt", "finishedAt", "hasError", "errorMessage", "statement", "projectId", "queryTypeId")
    VALUES ('1861', '3', '2023-05-11 21:52:06.046942', '2023-05-11 21:52:07.046942', 'False', 'None', 'SELECT Orders.order_date, Products.product_name FROM Orders RIGHT OUTER JOIN Products ON Orders.order_date = Products.product_name;', '1', '1');
INSERT INTO "QueryColumnAccess" ("queryId", "columnId")
    VALUES ('1861', '3');
INSERT INTO "QueryColumnAccess" ("queryId", "columnId")
    VALUES ('1861', '2');
INSERT INTO "QueryTableAccess" ("queryId", "tableId")
    VALUES ('1861', '2');
INSERT INTO "QueryTableAccess" ("queryId", "tableId")
    VALUES ('1861', '3');
SELECT 'OrderItems.quantity', 'Orders.order_date' FROM OrderItems RIGHT OUTER JOIN Orders ON 'OrderItems.quantity' = 'Orders.order_date';
INSERT INTO "SqlQuery" ("queryId", "userId", "issuedAt", "finishedAt", "hasError", "errorMessage", "statement", "projectId", "queryTypeId")
    VALUES ('1862', '9', '2023-04-30 21:52:06.046951', '2023-04-30 21:52:10.046951', 'False', 'None', 'SELECT OrderItems.quantity, Orders.order_date FROM OrderItems RIGHT OUTER JOIN Orders ON OrderItems.quantity = Orders.order_date;', '1', '1');
INSERT INTO "QueryColumnAccess" ("queryId", "columnId")
    VALUES ('1862', '4');
INSERT INTO "QueryColumnAccess" ("queryId", "columnId")
    VALUES ('1862', '3');
INSERT INTO "QueryTableAccess" ("queryId", "tableId")
    VALUES ('1862', '5');
INSERT INTO "QueryTableAccess" ("queryId", "tableId")
    VALUES ('1862', '2');
SELECT 'OrderItems.order_item_id', 'Categories.category_name' FROM OrderItems LEFT OUTER JOIN Categories ON 'OrderItems.order_item_id' = 'Categories.category_name';
INSERT INTO "SqlQuery" ("queryId", "userId", "issuedAt", "finishedAt", "hasError", "errorMessage", "statement", "projectId", "queryTypeId")
    VALUES ('1863', '2', '2023-06-28 21:52:06.046960', '2023-06-28 21:52:10.046960', 'False', 'None', 'SELECT OrderItems.order_item_id, Categories.category_name FROM OrderItems LEFT OUTER JOIN Categories ON OrderItems.order_item_id = Categories.category_name;', '1', '1');
INSERT INTO "QueryColumnAccess" ("queryId", "columnId")
    VALUES ('1863', '1');
INSERT INTO "QueryColumnAccess" ("queryId", "columnId")
    VALUES ('1863', '2');
INSERT INTO "QueryTableAccess" ("queryId", "tableId")
    VALUES ('1863', '5');
INSERT INTO "QueryTableAccess" ("queryId", "tableId")
    VALUES ('1863', '4');
SELECT 'OrderItems.quantity', 'Customers.email' FROM OrderItems NATURAL JOIN Customers ON 'OrderItems.quantity' = 'Customers.email';
INSERT INTO "SqlQuery" ("queryId", "userId", "issuedAt", "finishedAt", "hasError", "errorMessage", "statement", "projectId", "queryTypeId")
    VALUES ('1864', '10', '2023-05-25 21:52:06.046976', '2023-05-25 21:52:10.046976', 'False', 'None', 'SELECT OrderItems.quantity, Customers.email FROM OrderItems NATURAL JOIN Customers ON OrderItems.quantity = Customers.email;', '1', '1');
INSERT INTO "QueryColumnAccess" ("queryId", "columnId")
    VALUES ('1864', '4');
INSERT INTO "QueryColumnAccess" ("queryId", "columnId")
    VALUES ('1864', '4');
INSERT INTO "QueryTableAccess" ("queryId", "tableId")
    VALUES ('1864', '5');
INSERT INTO "QueryTableAccess" ("queryId", "tableId")
    VALUES ('1864', '1');
SELECT 'Categories.category_name', 'Products.category' FROM Categories RIGHT OUTER JOIN Products ON 'Categories.category_name' = 'Products.category';
INSERT INTO "SqlQuery" ("queryId", "userId", "issuedAt", "finishedAt", "hasError", "errorMessage", "statement", "projectId", "queryTypeId")
    VALUES ('1865', '6', '2023-06-15 21:52:06.046985', '2023-06-15 21:52:10.046985', 'False', 'None', 'SELECT Categories.category_name, Products.category FROM Categories RIGHT OUTER JOIN Products ON Categories.category_name = Products.category;', '1', '1');
INSERT INTO "QueryColumnAccess" ("queryId", "columnId")
    VALUES ('1865', '2');
INSERT INTO "QueryColumnAccess" ("queryId", "columnId")
    VALUES ('1865', '3');
INSERT INTO "QueryTableAccess" ("queryId", "tableId")
    VALUES ('1865', '4');
INSERT INTO "QueryTableAccess" ("queryId", "tableId")
    VALUES ('1865', '3');
SELECT 'Products.product_id', 'Orders.payment_method' FROM Products LEFT OUTER JOIN Orders ON 'Products.product_id' = 'Orders.payment_method';
INSERT INTO "SqlQuery" ("queryId", "userId", "issuedAt", "finishedAt", "hasError", "errorMessage", "statement", "projectId", "queryTypeId")
    VALUES ('1866', '14', '2023-05-20 21:52:06.046994', '2023-05-20 21:52:10.046994', 'False', 'None', 'SELECT Products.product_id, Orders.payment_method FROM Products LEFT OUTER JOIN Orders ON Products.product_id = Orders.payment_method;', '1', '1');
INSERT INTO "QueryColumnAccess" ("queryId", "columnId")
    VALUES ('1866', '1');
INSERT INTO "QueryColumnAccess" ("queryId", "columnId")
    VALUES ('1866', '5');
INSERT INTO "QueryTableAccess" ("queryId", "tableId")
    VALUES ('1866', '3');
INSERT INTO "QueryTableAccess" ("queryId", "tableId")
    VALUES ('1866', '2');
SELECT 'Products.quantity', 'OrderItems.product_id' FROM Products LEFT OUTER JOIN OrderItems ON 'Products.quantity' = 'OrderItems.product_id';
INSERT INTO "SqlQuery" ("queryId", "userId", "issuedAt", "finishedAt", "hasError", "errorMessage", "statement", "projectId", "queryTypeId")
    VALUES ('1867', '7', '2023-04-24 21:52:06.047003', '2023-04-24 21:52:09.047003', 'False', 'None', 'SELECT Products.quantity, OrderItems.product_id FROM Products LEFT OUTER JOIN OrderItems ON Products.quantity = OrderItems.product_id;', '1', '1');
INSERT INTO "QueryColumnAccess" ("queryId", "columnId")
    VALUES ('1867', '6');
INSERT INTO "QueryColumnAccess" ("queryId", "columnId")
    VALUES ('1867', '3');
INSERT INTO "QueryTableAccess" ("queryId", "tableId")
    VALUES ('1867', '3');
INSERT INTO "QueryTableAccess" ("queryId", "tableId")
    VALUES ('1867', '5');
SELECT 'Categories.category_name', 'OrderItems.unit_price' FROM Categories NATURAL JOIN OrderItems ON 'Categories.category_name' = 'OrderItems.unit_price';
INSERT INTO "SqlQuery" ("queryId", "userId", "issuedAt", "finishedAt", "hasError", "errorMessage", "statement", "projectId", "queryTypeId")
    VALUES ('1868', '9', '2023-05-22 21:52:06.047012', '2023-05-22 21:52:10.047012', 'False', 'None', 'SELECT Categories.category_name, OrderItems.unit_price FROM Categories NATURAL JOIN OrderItems ON Categories.category_name = OrderItems.unit_price;', '1', '1');
INSERT INTO "QueryColumnAccess" ("queryId", "columnId")
    VALUES ('1868', '2');
INSERT INTO "QueryColumnAccess" ("queryId", "columnId")
    VALUES ('1868', '5');
INSERT INTO "QueryTableAccess" ("queryId", "tableId")
    VALUES ('1868', '4');
INSERT INTO "QueryTableAccess" ("queryId", "tableId")
    VALUES ('1868', '5');
SELECT 'Categories.category_name', 'Customers.customer_id' FROM Categories RIGHT OUTER JOIN Customers ON 'Categories.category_name' = 'Customers.customer_id';
INSERT INTO "SqlQuery" ("queryId", "userId", "issuedAt", "finishedAt", "hasError", "errorMessage", "statement", "projectId", "queryTypeId")
    VALUES ('1869', '6', '2023-05-08 21:52:06.047021', '2023-05-08 21:52:09.047021', 'False', 'None', 'SELECT Categories.category_name, Customers.customer_id FROM Categories RIGHT OUTER JOIN Customers ON Categories.category_name = Customers.customer_id;', '1', '1');
INSERT INTO "QueryColumnAccess" ("queryId", "columnId")
    VALUES ('1869', '2');
INSERT INTO "QueryColumnAccess" ("queryId", "columnId")
    VALUES ('1869', '1');
INSERT INTO "QueryTableAccess" ("queryId", "tableId")
    VALUES ('1869', '4');
INSERT INTO "QueryTableAccess" ("queryId", "tableId")
    VALUES ('1869', '1');
SELECT 'Customers.address', 'Orders.shipping_address' FROM Customers RIGHT OUTER JOIN Orders ON 'Customers.address' = 'Orders.shipping_address';
INSERT INTO "SqlQuery" ("queryId", "userId", "issuedAt", "finishedAt", "hasError", "errorMessage", "statement", "projectId", "queryTypeId")
    VALUES ('1870', '8', '2023-07-07 21:52:06.047029', '2023-07-07 21:52:10.047029', 'False', 'None', 'SELECT Customers.address, Orders.shipping_address FROM Customers RIGHT OUTER JOIN Orders ON Customers.address = Orders.shipping_address;', '1', '1');
INSERT INTO "QueryColumnAccess" ("queryId", "columnId")
    VALUES ('1870', '6');
INSERT INTO "QueryColumnAccess" ("queryId", "columnId")
    VALUES ('1870', '6');
INSERT INTO "QueryTableAccess" ("queryId", "tableId")
    VALUES ('1870', '1');
INSERT INTO "QueryTableAccess" ("queryId", "tableId")
    VALUES ('1870', '2');
SELECT 'Products.description', 'Customers.address' FROM Products LEFT OUTER JOIN Customers ON 'Products.description' = 'Customers.address';
INSERT INTO "SqlQuery" ("queryId", "userId", "issuedAt", "finishedAt", "hasError", "errorMessage", "statement", "projectId", "queryTypeId")
    VALUES ('1871', '4', '2023-04-12 21:52:06.047038', '2023-04-12 21:52:09.047038', 'False', 'None', 'SELECT Products.description, Customers.address FROM Products LEFT OUTER JOIN Customers ON Products.description = Customers.address;', '1', '1');
INSERT INTO "QueryColumnAccess" ("queryId", "columnId")
    VALUES ('1871', '5');
INSERT INTO "QueryColumnAccess" ("queryId", "columnId")
    VALUES ('1871', '6');
INSERT INTO "QueryTableAccess" ("queryId", "tableId")
    VALUES ('1871', '3');
INSERT INTO "QueryTableAccess" ("queryId", "tableId")
    VALUES ('1871', '1');
SELECT 'Categories.parent_category_id', 'Products.description' FROM Categories LEFT OUTER JOIN Products ON 'Categories.parent_category_id' = 'Products.description';
INSERT INTO "SqlQuery" ("queryId", "userId", "issuedAt", "finishedAt", "hasError", "errorMessage", "statement", "projectId", "queryTypeId")
    VALUES ('1872', '4', '2023-07-09 21:52:06.047047', '2023-07-09 21:52:08.047047', 'False', 'None', 'SELECT Categories.parent_category_id, Products.description FROM Categories LEFT OUTER JOIN Products ON Categories.parent_category_id = Products.description;', '1', '1');
INSERT INTO "QueryColumnAccess" ("queryId", "columnId")
    VALUES ('1872', '4');
INSERT INTO "QueryColumnAccess" ("queryId", "columnId")
    VALUES ('1872', '5');
INSERT INTO "QueryTableAccess" ("queryId", "tableId")
    VALUES ('1872', '4');
INSERT INTO "QueryTableAccess" ("queryId", "tableId")
    VALUES ('1872', '3');
SELECT 'Customers.last_name', 'Products.description' FROM Customers RIGHT OUTER JOIN Products ON 'Customers.last_name' = 'Products.description';
INSERT INTO "SqlQuery" ("queryId", "userId", "issuedAt", "finishedAt", "hasError", "errorMessage", "statement", "projectId", "queryTypeId")
    VALUES ('1873', '8', '2023-05-23 21:52:06.047055', '2023-05-23 21:52:10.047055', 'False', 'None', 'SELECT Customers.last_name, Products.description FROM Customers RIGHT OUTER JOIN Products ON Customers.last_name = Products.description;', '1', '1');
INSERT INTO "QueryColumnAccess" ("queryId", "columnId")
    VALUES ('1873', '3');
INSERT INTO "QueryColumnAccess" ("queryId", "columnId")
    VALUES ('1873', '5');
INSERT INTO "QueryTableAccess" ("queryId", "tableId")
    VALUES ('1873', '1');
INSERT INTO "QueryTableAccess" ("queryId", "tableId")
    VALUES ('1873', '3');
SELECT 'Products.quantity', 'Customers.phone_number' FROM Products RIGHT OUTER JOIN Customers ON 'Products.quantity' = 'Customers.phone_number';
INSERT INTO "SqlQuery" ("queryId", "userId", "issuedAt", "finishedAt", "hasError", "errorMessage", "statement", "projectId", "queryTypeId")
    VALUES ('1874', '10', '2023-04-12 21:52:06.047067', '2023-04-12 21:52:07.047067', 'False', 'None', 'SELECT Products.quantity, Customers.phone_number FROM Products RIGHT OUTER JOIN Customers ON Products.quantity = Customers.phone_number;', '1', '1');
INSERT INTO "QueryColumnAccess" ("queryId", "columnId")
    VALUES ('1874', '6');
INSERT INTO "QueryColumnAccess" ("queryId", "columnId")
    VALUES ('1874', '5');
INSERT INTO "QueryTableAccess" ("queryId", "tableId")
    VALUES ('1874', '3');
INSERT INTO "QueryTableAccess" ("queryId", "tableId")
    VALUES ('1874', '1');
SELECT 'Categories.parent_category_id', 'Customers.phone_number' FROM Categories RIGHT OUTER JOIN Customers ON 'Categories.parent_category_id' = 'Customers.phone_number';
INSERT INTO "SqlQuery" ("queryId", "userId", "issuedAt", "finishedAt", "hasError", "errorMessage", "statement", "projectId", "queryTypeId")
    VALUES ('1875', '2', '2023-05-31 21:52:06.047076', '2023-05-31 21:52:09.047076', 'False', 'None', 'SELECT Categories.parent_category_id, Customers.phone_number FROM Categories RIGHT OUTER JOIN Customers ON Categories.parent_category_id = Customers.phone_number;', '1', '1');
INSERT INTO "QueryColumnAccess" ("queryId", "columnId")
    VALUES ('1875', '4');
INSERT INTO "QueryColumnAccess" ("queryId", "columnId")
    VALUES ('1875', '5');
INSERT INTO "QueryTableAccess" ("queryId", "tableId")
    VALUES ('1875', '4');
INSERT INTO "QueryTableAccess" ("queryId", "tableId")
    VALUES ('1875', '1');
SELECT 'Products.description', 'Orders.customer_id' FROM Products NATURAL JOIN Orders ON 'Products.description' = 'Orders.customer_id';
INSERT INTO "SqlQuery" ("queryId", "userId", "issuedAt", "finishedAt", "hasError", "errorMessage", "statement", "projectId", "queryTypeId")
    VALUES ('1876', '11', '2023-06-27 21:52:06.047085', '2023-06-27 21:52:10.047085', 'False', 'None', 'SELECT Products.description, Orders.customer_id FROM Products NATURAL JOIN Orders ON Products.description = Orders.customer_id;', '1', '1');
INSERT INTO "QueryColumnAccess" ("queryId", "columnId")
    VALUES ('1876', '5');
INSERT INTO "QueryColumnAccess" ("queryId", "columnId")
    VALUES ('1876', '2');
INSERT INTO "QueryTableAccess" ("queryId", "tableId")
    VALUES ('1876', '3');
INSERT INTO "QueryTableAccess" ("queryId", "tableId")
    VALUES ('1876', '2');
SELECT 'OrderItems.order_item_id', 'Orders.customer_id' FROM OrderItems NATURAL JOIN Orders ON 'OrderItems.order_item_id' = 'Orders.customer_id';
INSERT INTO "SqlQuery" ("queryId", "userId", "issuedAt", "finishedAt", "hasError", "errorMessage", "statement", "projectId", "queryTypeId")
    VALUES ('1877', '4', '2023-06-04 21:52:06.047094', '2023-06-04 21:52:10.047094', 'False', 'None', 'SELECT OrderItems.order_item_id, Orders.customer_id FROM OrderItems NATURAL JOIN Orders ON OrderItems.order_item_id = Orders.customer_id;', '1', '1');
INSERT INTO "QueryColumnAccess" ("queryId", "columnId")
    VALUES ('1877', '1');
INSERT INTO "QueryColumnAccess" ("queryId", "columnId")
    VALUES ('1877', '2');
INSERT INTO "QueryTableAccess" ("queryId", "tableId")
    VALUES ('1877', '5');
INSERT INTO "QueryTableAccess" ("queryId", "tableId")
    VALUES ('1877', '2');
SELECT 'Customers.last_name', 'Orders.customer_id' FROM Customers RIGHT OUTER JOIN Orders ON 'Customers.last_name' = 'Orders.customer_id';
INSERT INTO "SqlQuery" ("queryId", "userId", "issuedAt", "finishedAt", "hasError", "errorMessage", "statement", "projectId", "queryTypeId")
    VALUES ('1878', '13', '2023-05-25 21:52:06.047103', '2023-05-25 21:52:09.047103', 'False', 'None', 'SELECT Customers.last_name, Orders.customer_id FROM Customers RIGHT OUTER JOIN Orders ON Customers.last_name = Orders.customer_id;', '1', '1');
INSERT INTO "QueryColumnAccess" ("queryId", "columnId")
    VALUES ('1878', '3');
INSERT INTO "QueryColumnAccess" ("queryId", "columnId")
    VALUES ('1878', '2');
INSERT INTO "QueryTableAccess" ("queryId", "tableId")
    VALUES ('1878', '1');
INSERT INTO "QueryTableAccess" ("queryId", "tableId")
    VALUES ('1878', '2');
SELECT 'Orders.order_id', 'Customers.last_name' FROM Orders NATURAL JOIN Customers ON 'Orders.order_id' = 'Customers.last_name';
INSERT INTO "SqlQuery" ("queryId", "userId", "issuedAt", "finishedAt", "hasError", "errorMessage", "statement", "projectId", "queryTypeId")
    VALUES ('1879', '11', '2023-04-12 21:52:06.047111', '2023-04-12 21:52:09.047111', 'False', 'None', 'SELECT Orders.order_id, Customers.last_name FROM Orders NATURAL JOIN Customers ON Orders.order_id = Customers.last_name;', '1', '1');
INSERT INTO "QueryColumnAccess" ("queryId", "columnId")
    VALUES ('1879', '1');
INSERT INTO "QueryColumnAccess" ("queryId", "columnId")
    VALUES ('1879', '3');
INSERT INTO "QueryTableAccess" ("queryId", "tableId")
    VALUES ('1879', '2');
INSERT INTO "QueryTableAccess" ("queryId", "tableId")
    VALUES ('1879', '1');
SELECT 'Orders.order_date', 'OrderItems.order_id' FROM Orders NATURAL JOIN OrderItems ON 'Orders.order_date' = 'OrderItems.order_id';
INSERT INTO "SqlQuery" ("queryId", "userId", "issuedAt", "finishedAt", "hasError", "errorMessage", "statement", "projectId", "queryTypeId")
    VALUES ('1880', '3', '2023-05-11 21:52:06.047120', '2023-05-11 21:52:07.047120', 'False', 'None', 'SELECT Orders.order_date, OrderItems.order_id FROM Orders NATURAL JOIN OrderItems ON Orders.order_date = OrderItems.order_id;', '1', '1');
INSERT INTO "QueryColumnAccess" ("queryId", "columnId")
    VALUES ('1880', '3');
INSERT INTO "QueryColumnAccess" ("queryId", "columnId")
    VALUES ('1880', '2');
INSERT INTO "QueryTableAccess" ("queryId", "tableId")
    VALUES ('1880', '2');
INSERT INTO "QueryTableAccess" ("queryId", "tableId")
    VALUES ('1880', '5');
SELECT 'Customers.last_name', 'Orders.customer_id' FROM Customers LEFT OUTER JOIN Orders ON 'Customers.last_name' = 'Orders.customer_id';
INSERT INTO "SqlQuery" ("queryId", "userId", "issuedAt", "finishedAt", "hasError", "errorMessage", "statement", "projectId", "queryTypeId")
    VALUES ('1881', '5', '2023-05-01 21:52:06.047129', '2023-05-01 21:52:07.047129', 'False', 'None', 'SELECT Customers.last_name, Orders.customer_id FROM Customers LEFT OUTER JOIN Orders ON Customers.last_name = Orders.customer_id;', '1', '1');
INSERT INTO "QueryColumnAccess" ("queryId", "columnId")
    VALUES ('1881', '3');
INSERT INTO "QueryColumnAccess" ("queryId", "columnId")
    VALUES ('1881', '2');
INSERT INTO "QueryTableAccess" ("queryId", "tableId")
    VALUES ('1881', '1');
INSERT INTO "QueryTableAccess" ("queryId", "tableId")
    VALUES ('1881', '2');
SELECT 'Customers.first_name', 'Products.description' FROM Customers NATURAL JOIN Products ON 'Customers.first_name' = 'Products.description';
INSERT INTO "SqlQuery" ("queryId", "userId", "issuedAt", "finishedAt", "hasError", "errorMessage", "statement", "projectId", "queryTypeId")
    VALUES ('1882', '7', '2023-06-12 21:52:06.047138', '2023-06-12 21:52:09.047138', 'False', 'None', 'SELECT Customers.first_name, Products.description FROM Customers NATURAL JOIN Products ON Customers.first_name = Products.description;', '1', '1');
INSERT INTO "QueryColumnAccess" ("queryId", "columnId")
    VALUES ('1882', '2');
INSERT INTO "QueryColumnAccess" ("queryId", "columnId")
    VALUES ('1882', '5');
INSERT INTO "QueryTableAccess" ("queryId", "tableId")
    VALUES ('1882', '1');
INSERT INTO "QueryTableAccess" ("queryId", "tableId")
    VALUES ('1882', '3');
SELECT 'Orders.payment_method', 'Categories.category_name' FROM Orders LEFT OUTER JOIN Categories ON 'Orders.payment_method' = 'Categories.category_name';
INSERT INTO "SqlQuery" ("queryId", "userId", "issuedAt", "finishedAt", "hasError", "errorMessage", "statement", "projectId", "queryTypeId")
    VALUES ('1883', '1', '2023-05-19 21:52:06.047151', '2023-05-19 21:52:10.047151', 'False', 'None', 'SELECT Orders.payment_method, Categories.category_name FROM Orders LEFT OUTER JOIN Categories ON Orders.payment_method = Categories.category_name;', '1', '1');
INSERT INTO "QueryColumnAccess" ("queryId", "columnId")
    VALUES ('1883', '5');
INSERT INTO "QueryColumnAccess" ("queryId", "columnId")
    VALUES ('1883', '2');
INSERT INTO "QueryTableAccess" ("queryId", "tableId")
    VALUES ('1883', '2');
INSERT INTO "QueryTableAccess" ("queryId", "tableId")
    VALUES ('1883', '4');
SELECT 'Customers.phone_number', 'Categories.category_id' FROM Customers RIGHT OUTER JOIN Categories ON 'Customers.phone_number' = 'Categories.category_id';
INSERT INTO "SqlQuery" ("queryId", "userId", "issuedAt", "finishedAt", "hasError", "errorMessage", "statement", "projectId", "queryTypeId")
    VALUES ('1884', '9', '2023-05-22 21:52:06.047160', '2023-05-22 21:52:10.047160', 'False', 'None', 'SELECT Customers.phone_number, Categories.category_id FROM Customers RIGHT OUTER JOIN Categories ON Customers.phone_number = Categories.category_id;', '1', '1');
INSERT INTO "QueryColumnAccess" ("queryId", "columnId")
    VALUES ('1884', '5');
INSERT INTO "QueryColumnAccess" ("queryId", "columnId")
    VALUES ('1884', '1');
INSERT INTO "QueryTableAccess" ("queryId", "tableId")
    VALUES ('1884', '1');
INSERT INTO "QueryTableAccess" ("queryId", "tableId")
    VALUES ('1884', '4');
SELECT 'OrderItems.quantity', 'Orders.shipping_address' FROM OrderItems LEFT OUTER JOIN Orders ON 'OrderItems.quantity' = 'Orders.shipping_address';
INSERT INTO "SqlQuery" ("queryId", "userId", "issuedAt", "finishedAt", "hasError", "errorMessage", "statement", "projectId", "queryTypeId")
    VALUES ('1885', '7', '2023-05-05 21:52:06.047169', '2023-05-05 21:52:08.047169', 'False', 'None', 'SELECT OrderItems.quantity, Orders.shipping_address FROM OrderItems LEFT OUTER JOIN Orders ON OrderItems.quantity = Orders.shipping_address;', '1', '1');
INSERT INTO "QueryColumnAccess" ("queryId", "columnId")
    VALUES ('1885', '4');
INSERT INTO "QueryColumnAccess" ("queryId", "columnId")
    VALUES ('1885', '6');
INSERT INTO "QueryTableAccess" ("queryId", "tableId")
    VALUES ('1885', '5');
INSERT INTO "QueryTableAccess" ("queryId", "tableId")
    VALUES ('1885', '2');
SELECT 'Customers.address', 'Products.description' FROM Customers RIGHT OUTER JOIN Products ON 'Customers.address' = 'Products.description';
INSERT INTO "SqlQuery" ("queryId", "userId", "issuedAt", "finishedAt", "hasError", "errorMessage", "statement", "projectId", "queryTypeId")
    VALUES ('1886', '6', '2023-04-16 21:52:06.047178', '2023-04-16 21:52:09.047178', 'False', 'None', 'SELECT Customers.address, Products.description FROM Customers RIGHT OUTER JOIN Products ON Customers.address = Products.description;', '1', '1');
INSERT INTO "QueryColumnAccess" ("queryId", "columnId")
    VALUES ('1886', '6');
INSERT INTO "QueryColumnAccess" ("queryId", "columnId")
    VALUES ('1886', '5');
INSERT INTO "QueryTableAccess" ("queryId", "tableId")
    VALUES ('1886', '1');
INSERT INTO "QueryTableAccess" ("queryId", "tableId")
    VALUES ('1886', '3');
SELECT 'Orders.order_date', 'Customers.first_name' FROM Orders RIGHT OUTER JOIN Customers ON 'Orders.order_date' = 'Customers.first_name';
INSERT INTO "SqlQuery" ("queryId", "userId", "issuedAt", "finishedAt", "hasError", "errorMessage", "statement", "projectId", "queryTypeId")
    VALUES ('1887', '12', '2023-05-26 21:52:06.047187', '2023-05-26 21:52:09.047187', 'False', 'None', 'SELECT Orders.order_date, Customers.first_name FROM Orders RIGHT OUTER JOIN Customers ON Orders.order_date = Customers.first_name;', '1', '1');
INSERT INTO "QueryColumnAccess" ("queryId", "columnId")
    VALUES ('1887', '3');
INSERT INTO "QueryColumnAccess" ("queryId", "columnId")
    VALUES ('1887', '2');
INSERT INTO "QueryTableAccess" ("queryId", "tableId")
    VALUES ('1887', '2');
INSERT INTO "QueryTableAccess" ("queryId", "tableId")
    VALUES ('1887', '1');
SELECT 'OrderItems.product_id', 'Categories.description' FROM OrderItems LEFT OUTER JOIN Categories ON 'OrderItems.product_id' = 'Categories.description';
INSERT INTO "SqlQuery" ("queryId", "userId", "issuedAt", "finishedAt", "hasError", "errorMessage", "statement", "projectId", "queryTypeId")
    VALUES ('1888', '9', '2023-05-03 21:52:06.047195', '2023-05-03 21:52:07.047195', 'False', 'None', 'SELECT OrderItems.product_id, Categories.description FROM OrderItems LEFT OUTER JOIN Categories ON OrderItems.product_id = Categories.description;', '1', '1');
INSERT INTO "QueryColumnAccess" ("queryId", "columnId")
    VALUES ('1888', '3');
INSERT INTO "QueryColumnAccess" ("queryId", "columnId")
    VALUES ('1888', '3');
INSERT INTO "QueryTableAccess" ("queryId", "tableId")
    VALUES ('1888', '5');
INSERT INTO "QueryTableAccess" ("queryId", "tableId")
    VALUES ('1888', '4');
SELECT 'Categories.category_id', 'OrderItems.product_id' FROM Categories NATURAL JOIN OrderItems ON 'Categories.category_id' = 'OrderItems.product_id';
INSERT INTO "SqlQuery" ("queryId", "userId", "issuedAt", "finishedAt", "hasError", "errorMessage", "statement", "projectId", "queryTypeId")
    VALUES ('1889', '12', '2023-06-08 21:52:06.047204', '2023-06-08 21:52:10.047204', 'False', 'None', 'SELECT Categories.category_id, OrderItems.product_id FROM Categories NATURAL JOIN OrderItems ON Categories.category_id = OrderItems.product_id;', '1', '1');
INSERT INTO "QueryColumnAccess" ("queryId", "columnId")
    VALUES ('1889', '1');
INSERT INTO "QueryColumnAccess" ("queryId", "columnId")
    VALUES ('1889', '3');
INSERT INTO "QueryTableAccess" ("queryId", "tableId")
    VALUES ('1889', '4');
INSERT INTO "QueryTableAccess" ("queryId", "tableId")
    VALUES ('1889', '5');
SELECT 'Products.product_name', 'Customers.address' FROM Products RIGHT OUTER JOIN Customers ON 'Products.product_name' = 'Customers.address';
INSERT INTO "SqlQuery" ("queryId", "userId", "issuedAt", "finishedAt", "hasError", "errorMessage", "statement", "projectId", "queryTypeId")
    VALUES ('1890', '10', '2023-05-22 21:52:06.047213', '2023-05-22 21:52:07.047213', 'False', 'None', 'SELECT Products.product_name, Customers.address FROM Products RIGHT OUTER JOIN Customers ON Products.product_name = Customers.address;', '1', '1');
INSERT INTO "QueryColumnAccess" ("queryId", "columnId")
    VALUES ('1890', '2');
INSERT INTO "QueryColumnAccess" ("queryId", "columnId")
    VALUES ('1890', '6');
INSERT INTO "QueryTableAccess" ("queryId", "tableId")
    VALUES ('1890', '3');
INSERT INTO "QueryTableAccess" ("queryId", "tableId")
    VALUES ('1890', '1');
SELECT 'Categories.description', 'Customers.address' FROM Categories LEFT OUTER JOIN Customers ON 'Categories.description' = 'Customers.address';
INSERT INTO "SqlQuery" ("queryId", "userId", "issuedAt", "finishedAt", "hasError", "errorMessage", "statement", "projectId", "queryTypeId")
    VALUES ('1891', '7', '2023-06-19 21:52:06.047222', '2023-06-19 21:52:10.047222', 'False', 'None', 'SELECT Categories.description, Customers.address FROM Categories LEFT OUTER JOIN Customers ON Categories.description = Customers.address;', '1', '1');
INSERT INTO "QueryColumnAccess" ("queryId", "columnId")
    VALUES ('1891', '3');
INSERT INTO "QueryColumnAccess" ("queryId", "columnId")
    VALUES ('1891', '6');
INSERT INTO "QueryTableAccess" ("queryId", "tableId")
    VALUES ('1891', '4');
INSERT INTO "QueryTableAccess" ("queryId", "tableId")
    VALUES ('1891', '1');
SELECT 'Orders.shipping_address', 'Products.product_name' FROM Orders NATURAL JOIN Products ON 'Orders.shipping_address' = 'Products.product_name';
INSERT INTO "SqlQuery" ("queryId", "userId", "issuedAt", "finishedAt", "hasError", "errorMessage", "statement", "projectId", "queryTypeId")
    VALUES ('1892', '6', '2023-05-19 21:52:06.047234', '2023-05-19 21:52:10.047234', 'False', 'None', 'SELECT Orders.shipping_address, Products.product_name FROM Orders NATURAL JOIN Products ON Orders.shipping_address = Products.product_name;', '1', '1');
INSERT INTO "QueryColumnAccess" ("queryId", "columnId")
    VALUES ('1892', '6');
INSERT INTO "QueryColumnAccess" ("queryId", "columnId")
    VALUES ('1892', '2');
INSERT INTO "QueryTableAccess" ("queryId", "tableId")
    VALUES ('1892', '2');
INSERT INTO "QueryTableAccess" ("queryId", "tableId")
    VALUES ('1892', '3');
SELECT 'Customers.first_name', 'Orders.shipping_address' FROM Customers NATURAL JOIN Orders ON 'Customers.first_name' = 'Orders.shipping_address';
INSERT INTO "SqlQuery" ("queryId", "userId", "issuedAt", "finishedAt", "hasError", "errorMessage", "statement", "projectId", "queryTypeId")
    VALUES ('1893', '8', '2023-07-04 21:52:06.047243', '2023-07-04 21:52:10.047243', 'False', 'None', 'SELECT Customers.first_name, Orders.shipping_address FROM Customers NATURAL JOIN Orders ON Customers.first_name = Orders.shipping_address;', '1', '1');
INSERT INTO "QueryColumnAccess" ("queryId", "columnId")
    VALUES ('1893', '2');
INSERT INTO "QueryColumnAccess" ("queryId", "columnId")
    VALUES ('1893', '6');
INSERT INTO "QueryTableAccess" ("queryId", "tableId")
    VALUES ('1893', '1');
INSERT INTO "QueryTableAccess" ("queryId", "tableId")
    VALUES ('1893', '2');
SELECT 'Customers.customer_id', 'Categories.category_id' FROM Customers NATURAL JOIN Categories ON 'Customers.customer_id' = 'Categories.category_id';
INSERT INTO "SqlQuery" ("queryId", "userId", "issuedAt", "finishedAt", "hasError", "errorMessage", "statement", "projectId", "queryTypeId")
    VALUES ('1894', '5', '2023-05-01 21:52:06.047252', '2023-05-01 21:52:09.047252', 'False', 'None', 'SELECT Customers.customer_id, Categories.category_id FROM Customers NATURAL JOIN Categories ON Customers.customer_id = Categories.category_id;', '1', '1');
INSERT INTO "QueryColumnAccess" ("queryId", "columnId")
    VALUES ('1894', '1');
INSERT INTO "QueryColumnAccess" ("queryId", "columnId")
    VALUES ('1894', '1');
INSERT INTO "QueryTableAccess" ("queryId", "tableId")
    VALUES ('1894', '1');
INSERT INTO "QueryTableAccess" ("queryId", "tableId")
    VALUES ('1894', '4');
SELECT 'OrderItems.order_id', 'Orders.order_date' FROM OrderItems NATURAL JOIN Orders ON 'OrderItems.order_id' = 'Orders.order_date';
INSERT INTO "SqlQuery" ("queryId", "userId", "issuedAt", "finishedAt", "hasError", "errorMessage", "statement", "projectId", "queryTypeId")
    VALUES ('1895', '5', '2023-05-23 21:52:06.047260', '2023-05-23 21:52:09.047260', 'False', 'None', 'SELECT OrderItems.order_id, Orders.order_date FROM OrderItems NATURAL JOIN Orders ON OrderItems.order_id = Orders.order_date;', '1', '1');
INSERT INTO "QueryColumnAccess" ("queryId", "columnId")
    VALUES ('1895', '2');
INSERT INTO "QueryColumnAccess" ("queryId", "columnId")
    VALUES ('1895', '3');
INSERT INTO "QueryTableAccess" ("queryId", "tableId")
    VALUES ('1895', '5');
INSERT INTO "QueryTableAccess" ("queryId", "tableId")
    VALUES ('1895', '2');
SELECT 'Products.price', 'Orders.shipping_address' FROM Products NATURAL JOIN Orders ON 'Products.price' = 'Orders.shipping_address';
INSERT INTO "SqlQuery" ("queryId", "userId", "issuedAt", "finishedAt", "hasError", "errorMessage", "statement", "projectId", "queryTypeId")
    VALUES ('1896', '2', '2023-06-14 21:52:06.047269', '2023-06-14 21:52:07.047269', 'False', 'None', 'SELECT Products.price, Orders.shipping_address FROM Products NATURAL JOIN Orders ON Products.price = Orders.shipping_address;', '1', '1');
INSERT INTO "QueryColumnAccess" ("queryId", "columnId")
    VALUES ('1896', '4');
INSERT INTO "QueryColumnAccess" ("queryId", "columnId")
    VALUES ('1896', '6');
INSERT INTO "QueryTableAccess" ("queryId", "tableId")
    VALUES ('1896', '3');
INSERT INTO "QueryTableAccess" ("queryId", "tableId")
    VALUES ('1896', '2');
SELECT 'Orders.shipping_address', 'Products.product_id' FROM Orders NATURAL JOIN Products ON 'Orders.shipping_address' = 'Products.product_id';
INSERT INTO "SqlQuery" ("queryId", "userId", "issuedAt", "finishedAt", "hasError", "errorMessage", "statement", "projectId", "queryTypeId")
    VALUES ('1897', '13', '2023-04-25 21:52:06.047278', '2023-04-25 21:52:07.047278', 'False', 'None', 'SELECT Orders.shipping_address, Products.product_id FROM Orders NATURAL JOIN Products ON Orders.shipping_address = Products.product_id;', '1', '1');
INSERT INTO "QueryColumnAccess" ("queryId", "columnId")
    VALUES ('1897', '6');
INSERT INTO "QueryColumnAccess" ("queryId", "columnId")
    VALUES ('1897', '1');
INSERT INTO "QueryTableAccess" ("queryId", "tableId")
    VALUES ('1897', '2');
INSERT INTO "QueryTableAccess" ("queryId", "tableId")
    VALUES ('1897', '3');
SELECT 'Products.description', 'Customers.phone_number' FROM Products RIGHT OUTER JOIN Customers ON 'Products.description' = 'Customers.phone_number';
INSERT INTO "SqlQuery" ("queryId", "userId", "issuedAt", "finishedAt", "hasError", "errorMessage", "statement", "projectId", "queryTypeId")
    VALUES ('1898', '15', '2023-05-03 21:52:06.047287', '2023-05-03 21:52:08.047287', 'False', 'None', 'SELECT Products.description, Customers.phone_number FROM Products RIGHT OUTER JOIN Customers ON Products.description = Customers.phone_number;', '1', '1');
INSERT INTO "QueryColumnAccess" ("queryId", "columnId")
    VALUES ('1898', '5');
INSERT INTO "QueryColumnAccess" ("queryId", "columnId")
    VALUES ('1898', '5');
INSERT INTO "QueryTableAccess" ("queryId", "tableId")
    VALUES ('1898', '3');
INSERT INTO "QueryTableAccess" ("queryId", "tableId")
    VALUES ('1898', '1');
SELECT 'Categories.parent_category_id', 'OrderItems.unit_price' FROM Categories RIGHT OUTER JOIN OrderItems ON 'Categories.parent_category_id' = 'OrderItems.unit_price';
INSERT INTO "SqlQuery" ("queryId", "userId", "issuedAt", "finishedAt", "hasError", "errorMessage", "statement", "projectId", "queryTypeId")
    VALUES ('1899', '1', '2023-07-05 21:52:06.047296', '2023-07-05 21:52:08.047296', 'False', 'None', 'SELECT Categories.parent_category_id, OrderItems.unit_price FROM Categories RIGHT OUTER JOIN OrderItems ON Categories.parent_category_id = OrderItems.unit_price;', '1', '1');
INSERT INTO "QueryColumnAccess" ("queryId", "columnId")
    VALUES ('1899', '4');
INSERT INTO "QueryColumnAccess" ("queryId", "columnId")
    VALUES ('1899', '5');
INSERT INTO "QueryTableAccess" ("queryId", "tableId")
    VALUES ('1899', '4');
INSERT INTO "QueryTableAccess" ("queryId", "tableId")
    VALUES ('1899', '5');
SELECT 'Orders.order_date', 'Products.quantity' FROM Orders NATURAL JOIN Products ON 'Orders.order_date' = 'Products.quantity';
INSERT INTO "SqlQuery" ("queryId", "userId", "issuedAt", "finishedAt", "hasError", "errorMessage", "statement", "projectId", "queryTypeId")
    VALUES ('1900', '7', '2023-06-21 21:52:06.047304', '2023-06-21 21:52:10.047304', 'False', 'None', 'SELECT Orders.order_date, Products.quantity FROM Orders NATURAL JOIN Products ON Orders.order_date = Products.quantity;', '1', '1');
INSERT INTO "QueryColumnAccess" ("queryId", "columnId")
    VALUES ('1900', '3');
INSERT INTO "QueryColumnAccess" ("queryId", "columnId")
    VALUES ('1900', '6');
INSERT INTO "QueryTableAccess" ("queryId", "tableId")
    VALUES ('1900', '2');
INSERT INTO "QueryTableAccess" ("queryId", "tableId")
    VALUES ('1900', '3');
SELECT 'Products.quantity', 'Customers.address' FROM Products NATURAL JOIN Customers ON 'Products.quantity' = 'Customers.address';
INSERT INTO "SqlQuery" ("queryId", "userId", "issuedAt", "finishedAt", "hasError", "errorMessage", "statement", "projectId", "queryTypeId")
    VALUES ('1901', '15', '2023-05-15 21:52:06.047317', '2023-05-15 21:52:09.047317', 'False', 'None', 'SELECT Products.quantity, Customers.address FROM Products NATURAL JOIN Customers ON Products.quantity = Customers.address;', '1', '1');
INSERT INTO "QueryColumnAccess" ("queryId", "columnId")
    VALUES ('1901', '6');
INSERT INTO "QueryColumnAccess" ("queryId", "columnId")
    VALUES ('1901', '6');
INSERT INTO "QueryTableAccess" ("queryId", "tableId")
    VALUES ('1901', '3');
INSERT INTO "QueryTableAccess" ("queryId", "tableId")
    VALUES ('1901', '1');
SELECT 'OrderItems.quantity', 'Categories.category_name' FROM OrderItems LEFT OUTER JOIN Categories ON 'OrderItems.quantity' = 'Categories.category_name';
INSERT INTO "SqlQuery" ("queryId", "userId", "issuedAt", "finishedAt", "hasError", "errorMessage", "statement", "projectId", "queryTypeId")
    VALUES ('1902', '9', '2023-07-02 21:52:06.047326', '2023-07-02 21:52:07.047326', 'False', 'None', 'SELECT OrderItems.quantity, Categories.category_name FROM OrderItems LEFT OUTER JOIN Categories ON OrderItems.quantity = Categories.category_name;', '1', '1');
INSERT INTO "QueryColumnAccess" ("queryId", "columnId")
    VALUES ('1902', '4');
INSERT INTO "QueryColumnAccess" ("queryId", "columnId")
    VALUES ('1902', '2');
INSERT INTO "QueryTableAccess" ("queryId", "tableId")
    VALUES ('1902', '5');
INSERT INTO "QueryTableAccess" ("queryId", "tableId")
    VALUES ('1902', '4');
SELECT 'Customers.email', 'Products.description' FROM Customers RIGHT OUTER JOIN Products ON 'Customers.email' = 'Products.description';
INSERT INTO "SqlQuery" ("queryId", "userId", "issuedAt", "finishedAt", "hasError", "errorMessage", "statement", "projectId", "queryTypeId")
    VALUES ('1903', '8', '2023-05-04 21:52:06.047334', '2023-05-04 21:52:10.047334', 'False', 'None', 'SELECT Customers.email, Products.description FROM Customers RIGHT OUTER JOIN Products ON Customers.email = Products.description;', '1', '1');
INSERT INTO "QueryColumnAccess" ("queryId", "columnId")
    VALUES ('1903', '4');
INSERT INTO "QueryColumnAccess" ("queryId", "columnId")
    VALUES ('1903', '5');
INSERT INTO "QueryTableAccess" ("queryId", "tableId")
    VALUES ('1903', '1');
INSERT INTO "QueryTableAccess" ("queryId", "tableId")
    VALUES ('1903', '3');
SELECT 'Orders.total_amount', 'OrderItems.unit_price' FROM Orders LEFT OUTER JOIN OrderItems ON 'Orders.total_amount' = 'OrderItems.unit_price';
INSERT INTO "SqlQuery" ("queryId", "userId", "issuedAt", "finishedAt", "hasError", "errorMessage", "statement", "projectId", "queryTypeId")
    VALUES ('1904', '14', '2023-06-07 21:52:06.047343', '2023-06-07 21:52:09.047343', 'False', 'None', 'SELECT Orders.total_amount, OrderItems.unit_price FROM Orders LEFT OUTER JOIN OrderItems ON Orders.total_amount = OrderItems.unit_price;', '1', '1');
INSERT INTO "QueryColumnAccess" ("queryId", "columnId")
    VALUES ('1904', '4');
INSERT INTO "QueryColumnAccess" ("queryId", "columnId")
    VALUES ('1904', '5');
INSERT INTO "QueryTableAccess" ("queryId", "tableId")
    VALUES ('1904', '2');
INSERT INTO "QueryTableAccess" ("queryId", "tableId")
    VALUES ('1904', '5');
SELECT 'Categories.parent_category_id', 'Customers.first_name' FROM Categories RIGHT OUTER JOIN Customers ON 'Categories.parent_category_id' = 'Customers.first_name';
INSERT INTO "SqlQuery" ("queryId", "userId", "issuedAt", "finishedAt", "hasError", "errorMessage", "statement", "projectId", "queryTypeId")
    VALUES ('1905', '11', '2023-05-09 21:52:06.047352', '2023-05-09 21:52:07.047352', 'False', 'None', 'SELECT Categories.parent_category_id, Customers.first_name FROM Categories RIGHT OUTER JOIN Customers ON Categories.parent_category_id = Customers.first_name;', '1', '1');
INSERT INTO "QueryColumnAccess" ("queryId", "columnId")
    VALUES ('1905', '4');
INSERT INTO "QueryColumnAccess" ("queryId", "columnId")
    VALUES ('1905', '2');
INSERT INTO "QueryTableAccess" ("queryId", "tableId")
    VALUES ('1905', '4');
INSERT INTO "QueryTableAccess" ("queryId", "tableId")
    VALUES ('1905', '1');
SELECT 'Categories.category_name', 'Orders.shipping_address' FROM Categories LEFT OUTER JOIN Orders ON 'Categories.category_name' = 'Orders.shipping_address';
INSERT INTO "SqlQuery" ("queryId", "userId", "issuedAt", "finishedAt", "hasError", "errorMessage", "statement", "projectId", "queryTypeId")
    VALUES ('1906', '15', '2023-04-14 21:52:06.047361', '2023-04-14 21:52:07.047361', 'False', 'None', 'SELECT Categories.category_name, Orders.shipping_address FROM Categories LEFT OUTER JOIN Orders ON Categories.category_name = Orders.shipping_address;', '1', '1');
INSERT INTO "QueryColumnAccess" ("queryId", "columnId")
    VALUES ('1906', '2');
INSERT INTO "QueryColumnAccess" ("queryId", "columnId")
    VALUES ('1906', '6');
INSERT INTO "QueryTableAccess" ("queryId", "tableId")
    VALUES ('1906', '4');
INSERT INTO "QueryTableAccess" ("queryId", "tableId")
    VALUES ('1906', '2');
SELECT 'Categories.description', 'Orders.shipping_address' FROM Categories RIGHT OUTER JOIN Orders ON 'Categories.description' = 'Orders.shipping_address';
INSERT INTO "SqlQuery" ("queryId", "userId", "issuedAt", "finishedAt", "hasError", "errorMessage", "statement", "projectId", "queryTypeId")
    VALUES ('1907', '10', '2023-05-24 21:52:06.047369', '2023-05-24 21:52:09.047369', 'False', 'None', 'SELECT Categories.description, Orders.shipping_address FROM Categories RIGHT OUTER JOIN Orders ON Categories.description = Orders.shipping_address;', '1', '1');
INSERT INTO "QueryColumnAccess" ("queryId", "columnId")
    VALUES ('1907', '3');
INSERT INTO "QueryColumnAccess" ("queryId", "columnId")
    VALUES ('1907', '6');
INSERT INTO "QueryTableAccess" ("queryId", "tableId")
    VALUES ('1907', '4');
INSERT INTO "QueryTableAccess" ("queryId", "tableId")
    VALUES ('1907', '2');
SELECT 'Categories.parent_category_id', 'Orders.order_date' FROM Categories NATURAL JOIN Orders ON 'Categories.parent_category_id' = 'Orders.order_date';
INSERT INTO "SqlQuery" ("queryId", "userId", "issuedAt", "finishedAt", "hasError", "errorMessage", "statement", "projectId", "queryTypeId")
    VALUES ('1908', '6', '2023-06-24 21:52:06.047379', '2023-06-24 21:52:10.047379', 'False', 'None', 'SELECT Categories.parent_category_id, Orders.order_date FROM Categories NATURAL JOIN Orders ON Categories.parent_category_id = Orders.order_date;', '1', '1');
INSERT INTO "QueryColumnAccess" ("queryId", "columnId")
    VALUES ('1908', '4');
INSERT INTO "QueryColumnAccess" ("queryId", "columnId")
    VALUES ('1908', '3');
INSERT INTO "QueryTableAccess" ("queryId", "tableId")
    VALUES ('1908', '4');
INSERT INTO "QueryTableAccess" ("queryId", "tableId")
    VALUES ('1908', '2');
SELECT 'Orders.order_id', 'OrderItems.order_item_id' FROM Orders NATURAL JOIN OrderItems ON 'Orders.order_id' = 'OrderItems.order_item_id';
INSERT INTO "SqlQuery" ("queryId", "userId", "issuedAt", "finishedAt", "hasError", "errorMessage", "statement", "projectId", "queryTypeId")
    VALUES ('1909', '3', '2023-06-01 21:52:06.047388', '2023-06-01 21:52:10.047388', 'False', 'None', 'SELECT Orders.order_id, OrderItems.order_item_id FROM Orders NATURAL JOIN OrderItems ON Orders.order_id = OrderItems.order_item_id;', '1', '1');
INSERT INTO "QueryColumnAccess" ("queryId", "columnId")
    VALUES ('1909', '1');
INSERT INTO "QueryColumnAccess" ("queryId", "columnId")
    VALUES ('1909', '1');
INSERT INTO "QueryTableAccess" ("queryId", "tableId")
    VALUES ('1909', '2');
INSERT INTO "QueryTableAccess" ("queryId", "tableId")
    VALUES ('1909', '5');
SELECT 'Categories.description', 'Customers.last_name' FROM Categories LEFT OUTER JOIN Customers ON 'Categories.description' = 'Customers.last_name';
INSERT INTO "SqlQuery" ("queryId", "userId", "issuedAt", "finishedAt", "hasError", "errorMessage", "statement", "projectId", "queryTypeId")
    VALUES ('1910', '8', '2023-05-13 21:52:06.047397', '2023-05-13 21:52:08.047397', 'False', 'None', 'SELECT Categories.description, Customers.last_name FROM Categories LEFT OUTER JOIN Customers ON Categories.description = Customers.last_name;', '1', '1');
INSERT INTO "QueryColumnAccess" ("queryId", "columnId")
    VALUES ('1910', '3');
INSERT INTO "QueryColumnAccess" ("queryId", "columnId")
    VALUES ('1910', '3');
INSERT INTO "QueryTableAccess" ("queryId", "tableId")
    VALUES ('1910', '4');
INSERT INTO "QueryTableAccess" ("queryId", "tableId")
    VALUES ('1910', '1');
SELECT 'OrderItems.quantity', 'Customers.first_name' FROM OrderItems LEFT OUTER JOIN Customers ON 'OrderItems.quantity' = 'Customers.first_name';
INSERT INTO "SqlQuery" ("queryId", "userId", "issuedAt", "finishedAt", "hasError", "errorMessage", "statement", "projectId", "queryTypeId")
    VALUES ('1911', '13', '2023-04-27 21:52:06.047413', '2023-04-27 21:52:07.047413', 'False', 'None', 'SELECT OrderItems.quantity, Customers.first_name FROM OrderItems LEFT OUTER JOIN Customers ON OrderItems.quantity = Customers.first_name;', '1', '1');
INSERT INTO "QueryColumnAccess" ("queryId", "columnId")
    VALUES ('1911', '4');
INSERT INTO "QueryColumnAccess" ("queryId", "columnId")
    VALUES ('1911', '2');
INSERT INTO "QueryTableAccess" ("queryId", "tableId")
    VALUES ('1911', '5');
INSERT INTO "QueryTableAccess" ("queryId", "tableId")
    VALUES ('1911', '1');
SELECT 'Categories.parent_category_id', 'Products.product_name' FROM Categories LEFT OUTER JOIN Products ON 'Categories.parent_category_id' = 'Products.product_name';
INSERT INTO "SqlQuery" ("queryId", "userId", "issuedAt", "finishedAt", "hasError", "errorMessage", "statement", "projectId", "queryTypeId")
    VALUES ('1912', '3', '2023-07-06 21:52:06.047422', '2023-07-06 21:52:08.047422', 'False', 'None', 'SELECT Categories.parent_category_id, Products.product_name FROM Categories LEFT OUTER JOIN Products ON Categories.parent_category_id = Products.product_name;', '1', '1');
INSERT INTO "QueryColumnAccess" ("queryId", "columnId")
    VALUES ('1912', '4');
INSERT INTO "QueryColumnAccess" ("queryId", "columnId")
    VALUES ('1912', '2');
INSERT INTO "QueryTableAccess" ("queryId", "tableId")
    VALUES ('1912', '4');
INSERT INTO "QueryTableAccess" ("queryId", "tableId")
    VALUES ('1912', '3');
SELECT 'OrderItems.order_item_id', 'Categories.parent_category_id' FROM OrderItems RIGHT OUTER JOIN Categories ON 'OrderItems.order_item_id' = 'Categories.parent_category_id';
INSERT INTO "SqlQuery" ("queryId", "userId", "issuedAt", "finishedAt", "hasError", "errorMessage", "statement", "projectId", "queryTypeId")
    VALUES ('1913', '4', '2023-06-30 21:52:06.047431', '2023-06-30 21:52:09.047431', 'False', 'None', 'SELECT OrderItems.order_item_id, Categories.parent_category_id FROM OrderItems RIGHT OUTER JOIN Categories ON OrderItems.order_item_id = Categories.parent_category_id;', '1', '1');
INSERT INTO "QueryColumnAccess" ("queryId", "columnId")
    VALUES ('1913', '1');
INSERT INTO "QueryColumnAccess" ("queryId", "columnId")
    VALUES ('1913', '4');
INSERT INTO "QueryTableAccess" ("queryId", "tableId")
    VALUES ('1913', '5');
INSERT INTO "QueryTableAccess" ("queryId", "tableId")
    VALUES ('1913', '4');
SELECT 'Categories.parent_category_id', 'Products.product_name' FROM Categories RIGHT OUTER JOIN Products ON 'Categories.parent_category_id' = 'Products.product_name';
INSERT INTO "SqlQuery" ("queryId", "userId", "issuedAt", "finishedAt", "hasError", "errorMessage", "statement", "projectId", "queryTypeId")
    VALUES ('1914', '7', '2023-06-24 21:52:06.047440', '2023-06-24 21:52:07.047440', 'False', 'None', 'SELECT Categories.parent_category_id, Products.product_name FROM Categories RIGHT OUTER JOIN Products ON Categories.parent_category_id = Products.product_name;', '1', '1');
INSERT INTO "QueryColumnAccess" ("queryId", "columnId")
    VALUES ('1914', '4');
INSERT INTO "QueryColumnAccess" ("queryId", "columnId")
    VALUES ('1914', '2');
INSERT INTO "QueryTableAccess" ("queryId", "tableId")
    VALUES ('1914', '4');
INSERT INTO "QueryTableAccess" ("queryId", "tableId")
    VALUES ('1914', '3');
SELECT 'Customers.first_name', 'Orders.payment_method' FROM Customers NATURAL JOIN Orders ON 'Customers.first_name' = 'Orders.payment_method';
INSERT INTO "SqlQuery" ("queryId", "userId", "issuedAt", "finishedAt", "hasError", "errorMessage", "statement", "projectId", "queryTypeId")
    VALUES ('1915', '11', '2023-06-15 21:52:06.047449', '2023-06-15 21:52:08.047449', 'False', 'None', 'SELECT Customers.first_name, Orders.payment_method FROM Customers NATURAL JOIN Orders ON Customers.first_name = Orders.payment_method;', '1', '1');
INSERT INTO "QueryColumnAccess" ("queryId", "columnId")
    VALUES ('1915', '2');
INSERT INTO "QueryColumnAccess" ("queryId", "columnId")
    VALUES ('1915', '5');
INSERT INTO "QueryTableAccess" ("queryId", "tableId")
    VALUES ('1915', '1');
INSERT INTO "QueryTableAccess" ("queryId", "tableId")
    VALUES ('1915', '2');
SELECT 'Products.category', 'Categories.category_name' FROM Products NATURAL JOIN Categories ON 'Products.category' = 'Categories.category_name';
INSERT INTO "SqlQuery" ("queryId", "userId", "issuedAt", "finishedAt", "hasError", "errorMessage", "statement", "projectId", "queryTypeId")
    VALUES ('1916', '8', '2023-06-24 21:52:06.047458', '2023-06-24 21:52:09.047458', 'False', 'None', 'SELECT Products.category, Categories.category_name FROM Products NATURAL JOIN Categories ON Products.category = Categories.category_name;', '1', '1');
INSERT INTO "QueryColumnAccess" ("queryId", "columnId")
    VALUES ('1916', '3');
INSERT INTO "QueryColumnAccess" ("queryId", "columnId")
    VALUES ('1916', '2');
INSERT INTO "QueryTableAccess" ("queryId", "tableId")
    VALUES ('1916', '3');
INSERT INTO "QueryTableAccess" ("queryId", "tableId")
    VALUES ('1916', '4');
SELECT 'Customers.phone_number', 'Products.product_id' FROM Customers RIGHT OUTER JOIN Products ON 'Customers.phone_number' = 'Products.product_id';
INSERT INTO "SqlQuery" ("queryId", "userId", "issuedAt", "finishedAt", "hasError", "errorMessage", "statement", "projectId", "queryTypeId")
    VALUES ('1917', '3', '2023-06-24 21:52:06.047466', '2023-06-24 21:52:10.047466', 'False', 'None', 'SELECT Customers.phone_number, Products.product_id FROM Customers RIGHT OUTER JOIN Products ON Customers.phone_number = Products.product_id;', '1', '1');
INSERT INTO "QueryColumnAccess" ("queryId", "columnId")
    VALUES ('1917', '5');
INSERT INTO "QueryColumnAccess" ("queryId", "columnId")
    VALUES ('1917', '1');
INSERT INTO "QueryTableAccess" ("queryId", "tableId")
    VALUES ('1917', '1');
INSERT INTO "QueryTableAccess" ("queryId", "tableId")
    VALUES ('1917', '3');
SELECT 'Categories.category_id', 'Customers.customer_id' FROM Categories NATURAL JOIN Customers ON 'Categories.category_id' = 'Customers.customer_id';
INSERT INTO "SqlQuery" ("queryId", "userId", "issuedAt", "finishedAt", "hasError", "errorMessage", "statement", "projectId", "queryTypeId")
    VALUES ('1918', '10', '2023-04-20 21:52:06.047475', '2023-04-20 21:52:10.047475', 'False', 'None', 'SELECT Categories.category_id, Customers.customer_id FROM Categories NATURAL JOIN Customers ON Categories.category_id = Customers.customer_id;', '1', '1');
INSERT INTO "QueryColumnAccess" ("queryId", "columnId")
    VALUES ('1918', '1');
INSERT INTO "QueryColumnAccess" ("queryId", "columnId")
    VALUES ('1918', '1');
INSERT INTO "QueryTableAccess" ("queryId", "tableId")
    VALUES ('1918', '4');
INSERT INTO "QueryTableAccess" ("queryId", "tableId")
    VALUES ('1918', '1');
SELECT 'Categories.parent_category_id', 'Orders.customer_id' FROM Categories RIGHT OUTER JOIN Orders ON 'Categories.parent_category_id' = 'Orders.customer_id';
INSERT INTO "SqlQuery" ("queryId", "userId", "issuedAt", "finishedAt", "hasError", "errorMessage", "statement", "projectId", "queryTypeId")
    VALUES ('1919', '15', '2023-07-03 21:52:06.047484', '2023-07-03 21:52:07.047484', 'False', 'None', 'SELECT Categories.parent_category_id, Orders.customer_id FROM Categories RIGHT OUTER JOIN Orders ON Categories.parent_category_id = Orders.customer_id;', '1', '1');
INSERT INTO "QueryColumnAccess" ("queryId", "columnId")
    VALUES ('1919', '4');
INSERT INTO "QueryColumnAccess" ("queryId", "columnId")
    VALUES ('1919', '2');
INSERT INTO "QueryTableAccess" ("queryId", "tableId")
    VALUES ('1919', '4');
INSERT INTO "QueryTableAccess" ("queryId", "tableId")
    VALUES ('1919', '2');
SELECT 'Orders.shipping_address', 'Products.product_id' FROM Orders LEFT OUTER JOIN Products ON 'Orders.shipping_address' = 'Products.product_id';
INSERT INTO "SqlQuery" ("queryId", "userId", "issuedAt", "finishedAt", "hasError", "errorMessage", "statement", "projectId", "queryTypeId")
    VALUES ('1920', '14', '2023-05-24 21:52:06.047497', '2023-05-24 21:52:10.047497', 'False', 'None', 'SELECT Orders.shipping_address, Products.product_id FROM Orders LEFT OUTER JOIN Products ON Orders.shipping_address = Products.product_id;', '1', '1');
INSERT INTO "QueryColumnAccess" ("queryId", "columnId")
    VALUES ('1920', '6');
INSERT INTO "QueryColumnAccess" ("queryId", "columnId")
    VALUES ('1920', '1');
INSERT INTO "QueryTableAccess" ("queryId", "tableId")
    VALUES ('1920', '2');
INSERT INTO "QueryTableAccess" ("queryId", "tableId")
    VALUES ('1920', '3');
SELECT 'Customers.customer_id', 'Products.price' FROM Customers LEFT OUTER JOIN Products ON 'Customers.customer_id' = 'Products.price';
INSERT INTO "SqlQuery" ("queryId", "userId", "issuedAt", "finishedAt", "hasError", "errorMessage", "statement", "projectId", "queryTypeId")
    VALUES ('1921', '15', '2023-06-03 21:52:06.047506', '2023-06-03 21:52:07.047506', 'False', 'None', 'SELECT Customers.customer_id, Products.price FROM Customers LEFT OUTER JOIN Products ON Customers.customer_id = Products.price;', '1', '1');
INSERT INTO "QueryColumnAccess" ("queryId", "columnId")
    VALUES ('1921', '1');
INSERT INTO "QueryColumnAccess" ("queryId", "columnId")
    VALUES ('1921', '4');
INSERT INTO "QueryTableAccess" ("queryId", "tableId")
    VALUES ('1921', '1');
INSERT INTO "QueryTableAccess" ("queryId", "tableId")
    VALUES ('1921', '3');
SELECT 'Categories.parent_category_id', 'Products.category' FROM Categories LEFT OUTER JOIN Products ON 'Categories.parent_category_id' = 'Products.category';
INSERT INTO "SqlQuery" ("queryId", "userId", "issuedAt", "finishedAt", "hasError", "errorMessage", "statement", "projectId", "queryTypeId")
    VALUES ('1922', '4', '2023-05-24 21:52:06.047515', '2023-05-24 21:52:08.047515', 'False', 'None', 'SELECT Categories.parent_category_id, Products.category FROM Categories LEFT OUTER JOIN Products ON Categories.parent_category_id = Products.category;', '1', '1');
INSERT INTO "QueryColumnAccess" ("queryId", "columnId")
    VALUES ('1922', '4');
INSERT INTO "QueryColumnAccess" ("queryId", "columnId")
    VALUES ('1922', '3');
INSERT INTO "QueryTableAccess" ("queryId", "tableId")
    VALUES ('1922', '4');
INSERT INTO "QueryTableAccess" ("queryId", "tableId")
    VALUES ('1922', '3');
SELECT 'Orders.customer_id', 'Categories.category_name' FROM Orders NATURAL JOIN Categories ON 'Orders.customer_id' = 'Categories.category_name';
INSERT INTO "SqlQuery" ("queryId", "userId", "issuedAt", "finishedAt", "hasError", "errorMessage", "statement", "projectId", "queryTypeId")
    VALUES ('1923', '12', '2023-06-29 21:52:06.047524', '2023-06-29 21:52:09.047524', 'False', 'None', 'SELECT Orders.customer_id, Categories.category_name FROM Orders NATURAL JOIN Categories ON Orders.customer_id = Categories.category_name;', '1', '1');
INSERT INTO "QueryColumnAccess" ("queryId", "columnId")
    VALUES ('1923', '2');
INSERT INTO "QueryColumnAccess" ("queryId", "columnId")
    VALUES ('1923', '2');
INSERT INTO "QueryTableAccess" ("queryId", "tableId")
    VALUES ('1923', '2');
INSERT INTO "QueryTableAccess" ("queryId", "tableId")
    VALUES ('1923', '4');
SELECT 'Customers.email', 'Orders.customer_id' FROM Customers NATURAL JOIN Orders ON 'Customers.email' = 'Orders.customer_id';
INSERT INTO "SqlQuery" ("queryId", "userId", "issuedAt", "finishedAt", "hasError", "errorMessage", "statement", "projectId", "queryTypeId")
    VALUES ('1924', '8', '2023-05-01 21:52:06.047532', '2023-05-01 21:52:08.047532', 'False', 'None', 'SELECT Customers.email, Orders.customer_id FROM Customers NATURAL JOIN Orders ON Customers.email = Orders.customer_id;', '1', '1');
INSERT INTO "QueryColumnAccess" ("queryId", "columnId")
    VALUES ('1924', '4');
INSERT INTO "QueryColumnAccess" ("queryId", "columnId")
    VALUES ('1924', '2');
INSERT INTO "QueryTableAccess" ("queryId", "tableId")
    VALUES ('1924', '1');
INSERT INTO "QueryTableAccess" ("queryId", "tableId")
    VALUES ('1924', '2');
SELECT 'OrderItems.product_id', 'Orders.total_amount' FROM OrderItems LEFT OUTER JOIN Orders ON 'OrderItems.product_id' = 'Orders.total_amount';
INSERT INTO "SqlQuery" ("queryId", "userId", "issuedAt", "finishedAt", "hasError", "errorMessage", "statement", "projectId", "queryTypeId")
    VALUES ('1925', '8', '2023-06-08 21:52:06.047541', '2023-06-08 21:52:08.047541', 'False', 'None', 'SELECT OrderItems.product_id, Orders.total_amount FROM OrderItems LEFT OUTER JOIN Orders ON OrderItems.product_id = Orders.total_amount;', '1', '1');
INSERT INTO "QueryColumnAccess" ("queryId", "columnId")
    VALUES ('1925', '3');
INSERT INTO "QueryColumnAccess" ("queryId", "columnId")
    VALUES ('1925', '4');
INSERT INTO "QueryTableAccess" ("queryId", "tableId")
    VALUES ('1925', '5');
INSERT INTO "QueryTableAccess" ("queryId", "tableId")
    VALUES ('1925', '2');
SELECT 'Products.category', 'Categories.category_id' FROM Products NATURAL JOIN Categories ON 'Products.category' = 'Categories.category_id';
INSERT INTO "SqlQuery" ("queryId", "userId", "issuedAt", "finishedAt", "hasError", "errorMessage", "statement", "projectId", "queryTypeId")
    VALUES ('1926', '15', '2023-05-12 21:52:06.047550', '2023-05-12 21:52:09.047550', 'False', 'None', 'SELECT Products.category, Categories.category_id FROM Products NATURAL JOIN Categories ON Products.category = Categories.category_id;', '1', '1');
INSERT INTO "QueryColumnAccess" ("queryId", "columnId")
    VALUES ('1926', '3');
INSERT INTO "QueryColumnAccess" ("queryId", "columnId")
    VALUES ('1926', '1');
INSERT INTO "QueryTableAccess" ("queryId", "tableId")
    VALUES ('1926', '3');
INSERT INTO "QueryTableAccess" ("queryId", "tableId")
    VALUES ('1926', '4');
SELECT 'OrderItems.unit_price', 'Products.quantity' FROM OrderItems NATURAL JOIN Products ON 'OrderItems.unit_price' = 'Products.quantity';
INSERT INTO "SqlQuery" ("queryId", "userId", "issuedAt", "finishedAt", "hasError", "errorMessage", "statement", "projectId", "queryTypeId")
    VALUES ('1927', '1', '2023-06-16 21:52:06.047559', '2023-06-16 21:52:08.047559', 'False', 'None', 'SELECT OrderItems.unit_price, Products.quantity FROM OrderItems NATURAL JOIN Products ON OrderItems.unit_price = Products.quantity;', '1', '1');
INSERT INTO "QueryColumnAccess" ("queryId", "columnId")
    VALUES ('1927', '5');
INSERT INTO "QueryColumnAccess" ("queryId", "columnId")
    VALUES ('1927', '6');
INSERT INTO "QueryTableAccess" ("queryId", "tableId")
    VALUES ('1927', '5');
INSERT INTO "QueryTableAccess" ("queryId", "tableId")
    VALUES ('1927', '3');
SELECT 'Orders.customer_id', 'Categories.category_id' FROM Orders RIGHT OUTER JOIN Categories ON 'Orders.customer_id' = 'Categories.category_id';
INSERT INTO "SqlQuery" ("queryId", "userId", "issuedAt", "finishedAt", "hasError", "errorMessage", "statement", "projectId", "queryTypeId")
    VALUES ('1928', '3', '2023-06-06 21:52:06.047568', '2023-06-06 21:52:09.047568', 'False', 'None', 'SELECT Orders.customer_id, Categories.category_id FROM Orders RIGHT OUTER JOIN Categories ON Orders.customer_id = Categories.category_id;', '1', '1');
INSERT INTO "QueryColumnAccess" ("queryId", "columnId")
    VALUES ('1928', '2');
INSERT INTO "QueryColumnAccess" ("queryId", "columnId")
    VALUES ('1928', '1');
INSERT INTO "QueryTableAccess" ("queryId", "tableId")
    VALUES ('1928', '2');
INSERT INTO "QueryTableAccess" ("queryId", "tableId")
    VALUES ('1928', '4');
SELECT 'Customers.first_name', 'Orders.order_id' FROM Customers LEFT OUTER JOIN Orders ON 'Customers.first_name' = 'Orders.order_id';
INSERT INTO "SqlQuery" ("queryId", "userId", "issuedAt", "finishedAt", "hasError", "errorMessage", "statement", "projectId", "queryTypeId")
    VALUES ('1929', '9', '2023-05-23 21:52:06.047579', '2023-05-23 21:52:09.047579', 'False', 'None', 'SELECT Customers.first_name, Orders.order_id FROM Customers LEFT OUTER JOIN Orders ON Customers.first_name = Orders.order_id;', '1', '1');
INSERT INTO "QueryColumnAccess" ("queryId", "columnId")
    VALUES ('1929', '2');
INSERT INTO "QueryColumnAccess" ("queryId", "columnId")
    VALUES ('1929', '1');
INSERT INTO "QueryTableAccess" ("queryId", "tableId")
    VALUES ('1929', '1');
INSERT INTO "QueryTableAccess" ("queryId", "tableId")
    VALUES ('1929', '2');
SELECT 'Products.description', 'OrderItems.order_item_id' FROM Products RIGHT OUTER JOIN OrderItems ON 'Products.description' = 'OrderItems.order_item_id';
INSERT INTO "SqlQuery" ("queryId", "userId", "issuedAt", "finishedAt", "hasError", "errorMessage", "statement", "projectId", "queryTypeId")
    VALUES ('1930', '7', '2023-05-26 21:52:06.047588', '2023-05-26 21:52:07.047588', 'False', 'None', 'SELECT Products.description, OrderItems.order_item_id FROM Products RIGHT OUTER JOIN OrderItems ON Products.description = OrderItems.order_item_id;', '1', '1');
INSERT INTO "QueryColumnAccess" ("queryId", "columnId")
    VALUES ('1930', '5');
INSERT INTO "QueryColumnAccess" ("queryId", "columnId")
    VALUES ('1930', '1');
INSERT INTO "QueryTableAccess" ("queryId", "tableId")
    VALUES ('1930', '3');
INSERT INTO "QueryTableAccess" ("queryId", "tableId")
    VALUES ('1930', '5');
SELECT 'OrderItems.product_id', 'Categories.parent_category_id' FROM OrderItems LEFT OUTER JOIN Categories ON 'OrderItems.product_id' = 'Categories.parent_category_id';
INSERT INTO "SqlQuery" ("queryId", "userId", "issuedAt", "finishedAt", "hasError", "errorMessage", "statement", "projectId", "queryTypeId")
    VALUES ('1931', '4', '2023-04-11 21:52:06.047597', '2023-04-11 21:52:07.047597', 'False', 'None', 'SELECT OrderItems.product_id, Categories.parent_category_id FROM OrderItems LEFT OUTER JOIN Categories ON OrderItems.product_id = Categories.parent_category_id;', '1', '1');
INSERT INTO "QueryColumnAccess" ("queryId", "columnId")
    VALUES ('1931', '3');
INSERT INTO "QueryColumnAccess" ("queryId", "columnId")
    VALUES ('1931', '4');
INSERT INTO "QueryTableAccess" ("queryId", "tableId")
    VALUES ('1931', '5');
INSERT INTO "QueryTableAccess" ("queryId", "tableId")
    VALUES ('1931', '4');
SELECT 'OrderItems.order_id', 'Customers.customer_id' FROM OrderItems LEFT OUTER JOIN Customers ON 'OrderItems.order_id' = 'Customers.customer_id';
INSERT INTO "SqlQuery" ("queryId", "userId", "issuedAt", "finishedAt", "hasError", "errorMessage", "statement", "projectId", "queryTypeId")
    VALUES ('1932', '9', '2023-05-06 21:52:06.047606', '2023-05-06 21:52:10.047606', 'False', 'None', 'SELECT OrderItems.order_id, Customers.customer_id FROM OrderItems LEFT OUTER JOIN Customers ON OrderItems.order_id = Customers.customer_id;', '1', '1');
INSERT INTO "QueryColumnAccess" ("queryId", "columnId")
    VALUES ('1932', '2');
INSERT INTO "QueryColumnAccess" ("queryId", "columnId")
    VALUES ('1932', '1');
INSERT INTO "QueryTableAccess" ("queryId", "tableId")
    VALUES ('1932', '5');
INSERT INTO "QueryTableAccess" ("queryId", "tableId")
    VALUES ('1932', '1');
SELECT 'Categories.category_id', 'Customers.last_name' FROM Categories NATURAL JOIN Customers ON 'Categories.category_id' = 'Customers.last_name';
INSERT INTO "SqlQuery" ("queryId", "userId", "issuedAt", "finishedAt", "hasError", "errorMessage", "statement", "projectId", "queryTypeId")
    VALUES ('1933', '3', '2023-06-14 21:52:06.047615', '2023-06-14 21:52:07.047615', 'False', 'None', 'SELECT Categories.category_id, Customers.last_name FROM Categories NATURAL JOIN Customers ON Categories.category_id = Customers.last_name;', '1', '1');
INSERT INTO "QueryColumnAccess" ("queryId", "columnId")
    VALUES ('1933', '1');
INSERT INTO "QueryColumnAccess" ("queryId", "columnId")
    VALUES ('1933', '3');
INSERT INTO "QueryTableAccess" ("queryId", "tableId")
    VALUES ('1933', '4');
INSERT INTO "QueryTableAccess" ("queryId", "tableId")
    VALUES ('1933', '1');
SELECT 'Products.product_id', 'Orders.payment_method' FROM Products NATURAL JOIN Orders ON 'Products.product_id' = 'Orders.payment_method';
INSERT INTO "SqlQuery" ("queryId", "userId", "issuedAt", "finishedAt", "hasError", "errorMessage", "statement", "projectId", "queryTypeId")
    VALUES ('1934', '3', '2023-07-07 21:52:06.047623', '2023-07-07 21:52:07.047623', 'False', 'None', 'SELECT Products.product_id, Orders.payment_method FROM Products NATURAL JOIN Orders ON Products.product_id = Orders.payment_method;', '1', '1');
INSERT INTO "QueryColumnAccess" ("queryId", "columnId")
    VALUES ('1934', '1');
INSERT INTO "QueryColumnAccess" ("queryId", "columnId")
    VALUES ('1934', '5');
INSERT INTO "QueryTableAccess" ("queryId", "tableId")
    VALUES ('1934', '3');
INSERT INTO "QueryTableAccess" ("queryId", "tableId")
    VALUES ('1934', '2');
SELECT 'OrderItems.unit_price', 'Categories.parent_category_id' FROM OrderItems LEFT OUTER JOIN Categories ON 'OrderItems.unit_price' = 'Categories.parent_category_id';
INSERT INTO "SqlQuery" ("queryId", "userId", "issuedAt", "finishedAt", "hasError", "errorMessage", "statement", "projectId", "queryTypeId")
    VALUES ('1935', '13', '2023-05-22 21:52:06.047632', '2023-05-22 21:52:07.047632', 'False', 'None', 'SELECT OrderItems.unit_price, Categories.parent_category_id FROM OrderItems LEFT OUTER JOIN Categories ON OrderItems.unit_price = Categories.parent_category_id;', '1', '1');
INSERT INTO "QueryColumnAccess" ("queryId", "columnId")
    VALUES ('1935', '5');
INSERT INTO "QueryColumnAccess" ("queryId", "columnId")
    VALUES ('1935', '4');
INSERT INTO "QueryTableAccess" ("queryId", "tableId")
    VALUES ('1935', '5');
INSERT INTO "QueryTableAccess" ("queryId", "tableId")
    VALUES ('1935', '4');
SELECT 'Categories.description', 'Products.product_id' FROM Categories NATURAL JOIN Products ON 'Categories.description' = 'Products.product_id';
INSERT INTO "SqlQuery" ("queryId", "userId", "issuedAt", "finishedAt", "hasError", "errorMessage", "statement", "projectId", "queryTypeId")
    VALUES ('1936', '14', '2023-06-12 21:52:06.047641', '2023-06-12 21:52:10.047641', 'False', 'None', 'SELECT Categories.description, Products.product_id FROM Categories NATURAL JOIN Products ON Categories.description = Products.product_id;', '1', '1');
INSERT INTO "QueryColumnAccess" ("queryId", "columnId")
    VALUES ('1936', '3');
INSERT INTO "QueryColumnAccess" ("queryId", "columnId")
    VALUES ('1936', '1');
INSERT INTO "QueryTableAccess" ("queryId", "tableId")
    VALUES ('1936', '4');
INSERT INTO "QueryTableAccess" ("queryId", "tableId")
    VALUES ('1936', '3');
SELECT 'Orders.order_id', 'Categories.parent_category_id' FROM Orders LEFT OUTER JOIN Categories ON 'Orders.order_id' = 'Categories.parent_category_id';
INSERT INTO "SqlQuery" ("queryId", "userId", "issuedAt", "finishedAt", "hasError", "errorMessage", "statement", "projectId", "queryTypeId")
    VALUES ('1937', '11', '2023-05-23 21:52:06.047650', '2023-05-23 21:52:10.047650', 'False', 'None', 'SELECT Orders.order_id, Categories.parent_category_id FROM Orders LEFT OUTER JOIN Categories ON Orders.order_id = Categories.parent_category_id;', '1', '1');
INSERT INTO "QueryColumnAccess" ("queryId", "columnId")
    VALUES ('1937', '1');
INSERT INTO "QueryColumnAccess" ("queryId", "columnId")
    VALUES ('1937', '4');
INSERT INTO "QueryTableAccess" ("queryId", "tableId")
    VALUES ('1937', '2');
INSERT INTO "QueryTableAccess" ("queryId", "tableId")
    VALUES ('1937', '4');
SELECT 'Products.category', 'OrderItems.order_item_id' FROM Products NATURAL JOIN OrderItems ON 'Products.category' = 'OrderItems.order_item_id';
INSERT INTO "SqlQuery" ("queryId", "userId", "issuedAt", "finishedAt", "hasError", "errorMessage", "statement", "projectId", "queryTypeId")
    VALUES ('1938', '3', '2023-05-05 21:52:06.047662', '2023-05-05 21:52:10.047662', 'False', 'None', 'SELECT Products.category, OrderItems.order_item_id FROM Products NATURAL JOIN OrderItems ON Products.category = OrderItems.order_item_id;', '1', '1');
INSERT INTO "QueryColumnAccess" ("queryId", "columnId")
    VALUES ('1938', '3');
INSERT INTO "QueryColumnAccess" ("queryId", "columnId")
    VALUES ('1938', '1');
INSERT INTO "QueryTableAccess" ("queryId", "tableId")
    VALUES ('1938', '3');
INSERT INTO "QueryTableAccess" ("queryId", "tableId")
    VALUES ('1938', '5');
SELECT 'Customers.first_name', 'Orders.payment_method' FROM Customers RIGHT OUTER JOIN Orders ON 'Customers.first_name' = 'Orders.payment_method';
INSERT INTO "SqlQuery" ("queryId", "userId", "issuedAt", "finishedAt", "hasError", "errorMessage", "statement", "projectId", "queryTypeId")
    VALUES ('1939', '10', '2023-04-11 21:52:06.047671', '2023-04-11 21:52:08.047671', 'False', 'None', 'SELECT Customers.first_name, Orders.payment_method FROM Customers RIGHT OUTER JOIN Orders ON Customers.first_name = Orders.payment_method;', '1', '1');
INSERT INTO "QueryColumnAccess" ("queryId", "columnId")
    VALUES ('1939', '2');
INSERT INTO "QueryColumnAccess" ("queryId", "columnId")
    VALUES ('1939', '5');
INSERT INTO "QueryTableAccess" ("queryId", "tableId")
    VALUES ('1939', '1');
INSERT INTO "QueryTableAccess" ("queryId", "tableId")
    VALUES ('1939', '2');
SELECT 'Orders.order_id', 'Categories.parent_category_id' FROM Orders RIGHT OUTER JOIN Categories ON 'Orders.order_id' = 'Categories.parent_category_id';
INSERT INTO "SqlQuery" ("queryId", "userId", "issuedAt", "finishedAt", "hasError", "errorMessage", "statement", "projectId", "queryTypeId")
    VALUES ('1940', '5', '2023-06-26 21:52:06.047680', '2023-06-26 21:52:08.047680', 'False', 'None', 'SELECT Orders.order_id, Categories.parent_category_id FROM Orders RIGHT OUTER JOIN Categories ON Orders.order_id = Categories.parent_category_id;', '1', '1');
INSERT INTO "QueryColumnAccess" ("queryId", "columnId")
    VALUES ('1940', '1');
INSERT INTO "QueryColumnAccess" ("queryId", "columnId")
    VALUES ('1940', '4');
INSERT INTO "QueryTableAccess" ("queryId", "tableId")
    VALUES ('1940', '2');
INSERT INTO "QueryTableAccess" ("queryId", "tableId")
    VALUES ('1940', '4');
SELECT 'Customers.address', 'OrderItems.quantity' FROM Customers LEFT OUTER JOIN OrderItems ON 'Customers.address' = 'OrderItems.quantity';
INSERT INTO "SqlQuery" ("queryId", "userId", "issuedAt", "finishedAt", "hasError", "errorMessage", "statement", "projectId", "queryTypeId")
    VALUES ('1941', '2', '2023-05-25 21:52:06.047688', '2023-05-25 21:52:09.047688', 'False', 'None', 'SELECT Customers.address, OrderItems.quantity FROM Customers LEFT OUTER JOIN OrderItems ON Customers.address = OrderItems.quantity;', '1', '1');
INSERT INTO "QueryColumnAccess" ("queryId", "columnId")
    VALUES ('1941', '6');
INSERT INTO "QueryColumnAccess" ("queryId", "columnId")
    VALUES ('1941', '4');
INSERT INTO "QueryTableAccess" ("queryId", "tableId")
    VALUES ('1941', '1');
INSERT INTO "QueryTableAccess" ("queryId", "tableId")
    VALUES ('1941', '5');
SELECT 'Products.category', 'Categories.category_name' FROM Products NATURAL JOIN Categories ON 'Products.category' = 'Categories.category_name';
INSERT INTO "SqlQuery" ("queryId", "userId", "issuedAt", "finishedAt", "hasError", "errorMessage", "statement", "projectId", "queryTypeId")
    VALUES ('1942', '1', '2023-05-26 21:52:06.047697', '2023-05-26 21:52:08.047697', 'False', 'None', 'SELECT Products.category, Categories.category_name FROM Products NATURAL JOIN Categories ON Products.category = Categories.category_name;', '1', '1');
INSERT INTO "QueryColumnAccess" ("queryId", "columnId")
    VALUES ('1942', '3');
INSERT INTO "QueryColumnAccess" ("queryId", "columnId")
    VALUES ('1942', '2');
INSERT INTO "QueryTableAccess" ("queryId", "tableId")
    VALUES ('1942', '3');
INSERT INTO "QueryTableAccess" ("queryId", "tableId")
    VALUES ('1942', '4');
SELECT 'OrderItems.product_id', 'Orders.total_amount' FROM OrderItems NATURAL JOIN Orders ON 'OrderItems.product_id' = 'Orders.total_amount';
INSERT INTO "SqlQuery" ("queryId", "userId", "issuedAt", "finishedAt", "hasError", "errorMessage", "statement", "projectId", "queryTypeId")
    VALUES ('1943', '11', '2023-06-13 21:52:06.047706', '2023-06-13 21:52:09.047706', 'False', 'None', 'SELECT OrderItems.product_id, Orders.total_amount FROM OrderItems NATURAL JOIN Orders ON OrderItems.product_id = Orders.total_amount;', '1', '1');
INSERT INTO "QueryColumnAccess" ("queryId", "columnId")
    VALUES ('1943', '3');
INSERT INTO "QueryColumnAccess" ("queryId", "columnId")
    VALUES ('1943', '4');
INSERT INTO "QueryTableAccess" ("queryId", "tableId")
    VALUES ('1943', '5');
INSERT INTO "QueryTableAccess" ("queryId", "tableId")
    VALUES ('1943', '2');
SELECT 'Products.product_id', 'Orders.customer_id' FROM Products LEFT OUTER JOIN Orders ON 'Products.product_id' = 'Orders.customer_id';
INSERT INTO "SqlQuery" ("queryId", "userId", "issuedAt", "finishedAt", "hasError", "errorMessage", "statement", "projectId", "queryTypeId")
    VALUES ('1944', '4', '2023-06-04 21:52:06.047714', '2023-06-04 21:52:10.047714', 'False', 'None', 'SELECT Products.product_id, Orders.customer_id FROM Products LEFT OUTER JOIN Orders ON Products.product_id = Orders.customer_id;', '1', '1');
INSERT INTO "QueryColumnAccess" ("queryId", "columnId")
    VALUES ('1944', '1');
INSERT INTO "QueryColumnAccess" ("queryId", "columnId")
    VALUES ('1944', '2');
INSERT INTO "QueryTableAccess" ("queryId", "tableId")
    VALUES ('1944', '3');
INSERT INTO "QueryTableAccess" ("queryId", "tableId")
    VALUES ('1944', '2');
SELECT 'Products.description', 'Customers.email' FROM Products NATURAL JOIN Customers ON 'Products.description' = 'Customers.email';
INSERT INTO "SqlQuery" ("queryId", "userId", "issuedAt", "finishedAt", "hasError", "errorMessage", "statement", "projectId", "queryTypeId")
    VALUES ('1945', '13', '2023-06-23 21:52:06.047723', '2023-06-23 21:52:10.047723', 'False', 'None', 'SELECT Products.description, Customers.email FROM Products NATURAL JOIN Customers ON Products.description = Customers.email;', '1', '1');
INSERT INTO "QueryColumnAccess" ("queryId", "columnId")
    VALUES ('1945', '5');
INSERT INTO "QueryColumnAccess" ("queryId", "columnId")
    VALUES ('1945', '4');
INSERT INTO "QueryTableAccess" ("queryId", "tableId")
    VALUES ('1945', '3');
INSERT INTO "QueryTableAccess" ("queryId", "tableId")
    VALUES ('1945', '1');
SELECT 'Orders.total_amount', 'Products.price' FROM Orders RIGHT OUTER JOIN Products ON 'Orders.total_amount' = 'Products.price';
INSERT INTO "SqlQuery" ("queryId", "userId", "issuedAt", "finishedAt", "hasError", "errorMessage", "statement", "projectId", "queryTypeId")
    VALUES ('1946', '1', '2023-05-27 21:52:06.047732', '2023-05-27 21:52:10.047732', 'False', 'None', 'SELECT Orders.total_amount, Products.price FROM Orders RIGHT OUTER JOIN Products ON Orders.total_amount = Products.price;', '1', '1');
INSERT INTO "QueryColumnAccess" ("queryId", "columnId")
    VALUES ('1946', '4');
INSERT INTO "QueryColumnAccess" ("queryId", "columnId")
    VALUES ('1946', '4');
INSERT INTO "QueryTableAccess" ("queryId", "tableId")
    VALUES ('1946', '2');
INSERT INTO "QueryTableAccess" ("queryId", "tableId")
    VALUES ('1946', '3');
SELECT 'Categories.category_id', 'Products.category' FROM Categories NATURAL JOIN Products ON 'Categories.category_id' = 'Products.category';
INSERT INTO "SqlQuery" ("queryId", "userId", "issuedAt", "finishedAt", "hasError", "errorMessage", "statement", "projectId", "queryTypeId")
    VALUES ('1947', '13', '2023-06-14 21:52:06.047740', '2023-06-14 21:52:09.047740', 'False', 'None', 'SELECT Categories.category_id, Products.category FROM Categories NATURAL JOIN Products ON Categories.category_id = Products.category;', '1', '1');
INSERT INTO "QueryColumnAccess" ("queryId", "columnId")
    VALUES ('1947', '1');
INSERT INTO "QueryColumnAccess" ("queryId", "columnId")
    VALUES ('1947', '3');
INSERT INTO "QueryTableAccess" ("queryId", "tableId")
    VALUES ('1947', '4');
INSERT INTO "QueryTableAccess" ("queryId", "tableId")
    VALUES ('1947', '3');
SELECT 'Customers.last_name', 'Orders.shipping_address' FROM Customers LEFT OUTER JOIN Orders ON 'Customers.last_name' = 'Orders.shipping_address';
INSERT INTO "SqlQuery" ("queryId", "userId", "issuedAt", "finishedAt", "hasError", "errorMessage", "statement", "projectId", "queryTypeId")
    VALUES ('1948', '12', '2023-05-04 21:52:06.047754', '2023-05-04 21:52:09.047754', 'False', 'None', 'SELECT Customers.last_name, Orders.shipping_address FROM Customers LEFT OUTER JOIN Orders ON Customers.last_name = Orders.shipping_address;', '1', '1');
INSERT INTO "QueryColumnAccess" ("queryId", "columnId")
    VALUES ('1948', '3');
INSERT INTO "QueryColumnAccess" ("queryId", "columnId")
    VALUES ('1948', '6');
INSERT INTO "QueryTableAccess" ("queryId", "tableId")
    VALUES ('1948', '1');
INSERT INTO "QueryTableAccess" ("queryId", "tableId")
    VALUES ('1948', '2');
SELECT 'OrderItems.order_item_id', 'Orders.shipping_address' FROM OrderItems NATURAL JOIN Orders ON 'OrderItems.order_item_id' = 'Orders.shipping_address';
INSERT INTO "SqlQuery" ("queryId", "userId", "issuedAt", "finishedAt", "hasError", "errorMessage", "statement", "projectId", "queryTypeId")
    VALUES ('1949', '4', '2023-05-25 21:52:06.047763', '2023-05-25 21:52:09.047763', 'False', 'None', 'SELECT OrderItems.order_item_id, Orders.shipping_address FROM OrderItems NATURAL JOIN Orders ON OrderItems.order_item_id = Orders.shipping_address;', '1', '1');
INSERT INTO "QueryColumnAccess" ("queryId", "columnId")
    VALUES ('1949', '1');
INSERT INTO "QueryColumnAccess" ("queryId", "columnId")
    VALUES ('1949', '6');
INSERT INTO "QueryTableAccess" ("queryId", "tableId")
    VALUES ('1949', '5');
INSERT INTO "QueryTableAccess" ("queryId", "tableId")
    VALUES ('1949', '2');
SELECT 'Products.price', 'Orders.order_id' FROM Products NATURAL JOIN Orders ON 'Products.price' = 'Orders.order_id';
INSERT INTO "SqlQuery" ("queryId", "userId", "issuedAt", "finishedAt", "hasError", "errorMessage", "statement", "projectId", "queryTypeId")
    VALUES ('1950', '6', '2023-05-27 21:52:06.047772', '2023-05-27 21:52:08.047772', 'False', 'None', 'SELECT Products.price, Orders.order_id FROM Products NATURAL JOIN Orders ON Products.price = Orders.order_id;', '1', '1');
INSERT INTO "QueryColumnAccess" ("queryId", "columnId")
    VALUES ('1950', '4');
INSERT INTO "QueryColumnAccess" ("queryId", "columnId")
    VALUES ('1950', '1');
INSERT INTO "QueryTableAccess" ("queryId", "tableId")
    VALUES ('1950', '3');
INSERT INTO "QueryTableAccess" ("queryId", "tableId")
    VALUES ('1950', '2');
SELECT 'Orders.total_amount', 'Customers.first_name' FROM Orders NATURAL JOIN Customers ON 'Orders.total_amount' = 'Customers.first_name';
INSERT INTO "SqlQuery" ("queryId", "userId", "issuedAt", "finishedAt", "hasError", "errorMessage", "statement", "projectId", "queryTypeId")
    VALUES ('1951', '4', '2023-04-15 21:52:06.047781', '2023-04-15 21:52:09.047781', 'False', 'None', 'SELECT Orders.total_amount, Customers.first_name FROM Orders NATURAL JOIN Customers ON Orders.total_amount = Customers.first_name;', '1', '1');
INSERT INTO "QueryColumnAccess" ("queryId", "columnId")
    VALUES ('1951', '4');
INSERT INTO "QueryColumnAccess" ("queryId", "columnId")
    VALUES ('1951', '2');
INSERT INTO "QueryTableAccess" ("queryId", "tableId")
    VALUES ('1951', '2');
INSERT INTO "QueryTableAccess" ("queryId", "tableId")
    VALUES ('1951', '1');
SELECT 'Products.description', 'OrderItems.product_id' FROM Products RIGHT OUTER JOIN OrderItems ON 'Products.description' = 'OrderItems.product_id';
INSERT INTO "SqlQuery" ("queryId", "userId", "issuedAt", "finishedAt", "hasError", "errorMessage", "statement", "projectId", "queryTypeId")
    VALUES ('1952', '10', '2023-04-15 21:52:06.047790', '2023-04-15 21:52:09.047790', 'False', 'None', 'SELECT Products.description, OrderItems.product_id FROM Products RIGHT OUTER JOIN OrderItems ON Products.description = OrderItems.product_id;', '1', '1');
INSERT INTO "QueryColumnAccess" ("queryId", "columnId")
    VALUES ('1952', '5');
INSERT INTO "QueryColumnAccess" ("queryId", "columnId")
    VALUES ('1952', '3');
INSERT INTO "QueryTableAccess" ("queryId", "tableId")
    VALUES ('1952', '3');
INSERT INTO "QueryTableAccess" ("queryId", "tableId")
    VALUES ('1952', '5');
SELECT 'Products.category', 'Orders.order_id' FROM Products NATURAL JOIN Orders ON 'Products.category' = 'Orders.order_id';
INSERT INTO "SqlQuery" ("queryId", "userId", "issuedAt", "finishedAt", "hasError", "errorMessage", "statement", "projectId", "queryTypeId")
    VALUES ('1953', '7', '2023-06-15 21:52:06.047798', '2023-06-15 21:52:10.047798', 'False', 'None', 'SELECT Products.category, Orders.order_id FROM Products NATURAL JOIN Orders ON Products.category = Orders.order_id;', '1', '1');
INSERT INTO "QueryColumnAccess" ("queryId", "columnId")
    VALUES ('1953', '3');
INSERT INTO "QueryColumnAccess" ("queryId", "columnId")
    VALUES ('1953', '1');
INSERT INTO "QueryTableAccess" ("queryId", "tableId")
    VALUES ('1953', '3');
INSERT INTO "QueryTableAccess" ("queryId", "tableId")
    VALUES ('1953', '2');
SELECT 'Categories.parent_category_id', 'Products.product_name' FROM Categories NATURAL JOIN Products ON 'Categories.parent_category_id' = 'Products.product_name';
INSERT INTO "SqlQuery" ("queryId", "userId", "issuedAt", "finishedAt", "hasError", "errorMessage", "statement", "projectId", "queryTypeId")
    VALUES ('1954', '10', '2023-06-28 21:52:06.047807', '2023-06-28 21:52:07.047807', 'False', 'None', 'SELECT Categories.parent_category_id, Products.product_name FROM Categories NATURAL JOIN Products ON Categories.parent_category_id = Products.product_name;', '1', '1');
INSERT INTO "QueryColumnAccess" ("queryId", "columnId")
    VALUES ('1954', '4');
INSERT INTO "QueryColumnAccess" ("queryId", "columnId")
    VALUES ('1954', '2');
INSERT INTO "QueryTableAccess" ("queryId", "tableId")
    VALUES ('1954', '4');
INSERT INTO "QueryTableAccess" ("queryId", "tableId")
    VALUES ('1954', '3');
SELECT 'Customers.address', 'OrderItems.order_id' FROM Customers LEFT OUTER JOIN OrderItems ON 'Customers.address' = 'OrderItems.order_id';
INSERT INTO "SqlQuery" ("queryId", "userId", "issuedAt", "finishedAt", "hasError", "errorMessage", "statement", "projectId", "queryTypeId")
    VALUES ('1955', '14', '2023-05-03 21:52:06.047816', '2023-05-03 21:52:10.047816', 'False', 'None', 'SELECT Customers.address, OrderItems.order_id FROM Customers LEFT OUTER JOIN OrderItems ON Customers.address = OrderItems.order_id;', '1', '1');
INSERT INTO "QueryColumnAccess" ("queryId", "columnId")
    VALUES ('1955', '6');
INSERT INTO "QueryColumnAccess" ("queryId", "columnId")
    VALUES ('1955', '2');
INSERT INTO "QueryTableAccess" ("queryId", "tableId")
    VALUES ('1955', '1');
INSERT INTO "QueryTableAccess" ("queryId", "tableId")
    VALUES ('1955', '5');
SELECT 'Categories.parent_category_id', 'Orders.order_date' FROM Categories NATURAL JOIN Orders ON 'Categories.parent_category_id' = 'Orders.order_date';
INSERT INTO "SqlQuery" ("queryId", "userId", "issuedAt", "finishedAt", "hasError", "errorMessage", "statement", "projectId", "queryTypeId")
    VALUES ('1956', '5', '2023-04-25 21:52:06.047825', '2023-04-25 21:52:08.047825', 'False', 'None', 'SELECT Categories.parent_category_id, Orders.order_date FROM Categories NATURAL JOIN Orders ON Categories.parent_category_id = Orders.order_date;', '1', '1');
INSERT INTO "QueryColumnAccess" ("queryId", "columnId")
    VALUES ('1956', '4');
INSERT INTO "QueryColumnAccess" ("queryId", "columnId")
    VALUES ('1956', '3');
INSERT INTO "QueryTableAccess" ("queryId", "tableId")
    VALUES ('1956', '4');
INSERT INTO "QueryTableAccess" ("queryId", "tableId")
    VALUES ('1956', '2');
SELECT 'Products.price', 'Categories.description' FROM Products NATURAL JOIN Categories ON 'Products.price' = 'Categories.description';
INSERT INTO "SqlQuery" ("queryId", "userId", "issuedAt", "finishedAt", "hasError", "errorMessage", "statement", "projectId", "queryTypeId")
    VALUES ('1957', '2', '2023-04-19 21:52:06.047836', '2023-04-19 21:52:07.047836', 'False', 'None', 'SELECT Products.price, Categories.description FROM Products NATURAL JOIN Categories ON Products.price = Categories.description;', '1', '1');
INSERT INTO "QueryColumnAccess" ("queryId", "columnId")
    VALUES ('1957', '4');
INSERT INTO "QueryColumnAccess" ("queryId", "columnId")
    VALUES ('1957', '3');
INSERT INTO "QueryTableAccess" ("queryId", "tableId")
    VALUES ('1957', '3');
INSERT INTO "QueryTableAccess" ("queryId", "tableId")
    VALUES ('1957', '4');
SELECT 'OrderItems.unit_price', 'Products.product_name' FROM OrderItems LEFT OUTER JOIN Products ON 'OrderItems.unit_price' = 'Products.product_name';
INSERT INTO "SqlQuery" ("queryId", "userId", "issuedAt", "finishedAt", "hasError", "errorMessage", "statement", "projectId", "queryTypeId")
    VALUES ('1958', '8', '2023-05-31 21:52:06.047846', '2023-05-31 21:52:10.047846', 'False', 'None', 'SELECT OrderItems.unit_price, Products.product_name FROM OrderItems LEFT OUTER JOIN Products ON OrderItems.unit_price = Products.product_name;', '1', '1');
INSERT INTO "QueryColumnAccess" ("queryId", "columnId")
    VALUES ('1958', '5');
INSERT INTO "QueryColumnAccess" ("queryId", "columnId")
    VALUES ('1958', '2');
INSERT INTO "QueryTableAccess" ("queryId", "tableId")
    VALUES ('1958', '5');
INSERT INTO "QueryTableAccess" ("queryId", "tableId")
    VALUES ('1958', '3');
SELECT 'Orders.shipping_address', 'Products.description' FROM Orders NATURAL JOIN Products ON 'Orders.shipping_address' = 'Products.description';
INSERT INTO "SqlQuery" ("queryId", "userId", "issuedAt", "finishedAt", "hasError", "errorMessage", "statement", "projectId", "queryTypeId")
    VALUES ('1959', '15', '2023-06-07 21:52:06.047855', '2023-06-07 21:52:09.047855', 'False', 'None', 'SELECT Orders.shipping_address, Products.description FROM Orders NATURAL JOIN Products ON Orders.shipping_address = Products.description;', '1', '1');
INSERT INTO "QueryColumnAccess" ("queryId", "columnId")
    VALUES ('1959', '6');
INSERT INTO "QueryColumnAccess" ("queryId", "columnId")
    VALUES ('1959', '5');
INSERT INTO "QueryTableAccess" ("queryId", "tableId")
    VALUES ('1959', '2');
INSERT INTO "QueryTableAccess" ("queryId", "tableId")
    VALUES ('1959', '3');
SELECT 'Customers.customer_id', 'Products.product_name' FROM Customers NATURAL JOIN Products ON 'Customers.customer_id' = 'Products.product_name';
INSERT INTO "SqlQuery" ("queryId", "userId", "issuedAt", "finishedAt", "hasError", "errorMessage", "statement", "projectId", "queryTypeId")
    VALUES ('1960', '1', '2023-07-03 21:52:06.047863', '2023-07-03 21:52:08.047863', 'False', 'None', 'SELECT Customers.customer_id, Products.product_name FROM Customers NATURAL JOIN Products ON Customers.customer_id = Products.product_name;', '1', '1');
INSERT INTO "QueryColumnAccess" ("queryId", "columnId")
    VALUES ('1960', '1');
INSERT INTO "QueryColumnAccess" ("queryId", "columnId")
    VALUES ('1960', '2');
INSERT INTO "QueryTableAccess" ("queryId", "tableId")
    VALUES ('1960', '1');
INSERT INTO "QueryTableAccess" ("queryId", "tableId")
    VALUES ('1960', '3');
SELECT 'Products.product_id', 'OrderItems.order_id' FROM Products NATURAL JOIN OrderItems ON 'Products.product_id' = 'OrderItems.order_id';
INSERT INTO "SqlQuery" ("queryId", "userId", "issuedAt", "finishedAt", "hasError", "errorMessage", "statement", "projectId", "queryTypeId")
    VALUES ('1961', '15', '2023-04-26 21:52:06.047872', '2023-04-26 21:52:09.047872', 'False', 'None', 'SELECT Products.product_id, OrderItems.order_id FROM Products NATURAL JOIN OrderItems ON Products.product_id = OrderItems.order_id;', '1', '1');
INSERT INTO "QueryColumnAccess" ("queryId", "columnId")
    VALUES ('1961', '1');
INSERT INTO "QueryColumnAccess" ("queryId", "columnId")
    VALUES ('1961', '2');
INSERT INTO "QueryTableAccess" ("queryId", "tableId")
    VALUES ('1961', '3');
INSERT INTO "QueryTableAccess" ("queryId", "tableId")
    VALUES ('1961', '5');
SELECT 'Orders.total_amount', 'Products.quantity' FROM Orders RIGHT OUTER JOIN Products ON 'Orders.total_amount' = 'Products.quantity';
INSERT INTO "SqlQuery" ("queryId", "userId", "issuedAt", "finishedAt", "hasError", "errorMessage", "statement", "projectId", "queryTypeId")
    VALUES ('1962', '14', '2023-05-11 21:52:06.047881', '2023-05-11 21:52:08.047881', 'False', 'None', 'SELECT Orders.total_amount, Products.quantity FROM Orders RIGHT OUTER JOIN Products ON Orders.total_amount = Products.quantity;', '1', '1');
INSERT INTO "QueryColumnAccess" ("queryId", "columnId")
    VALUES ('1962', '4');
INSERT INTO "QueryColumnAccess" ("queryId", "columnId")
    VALUES ('1962', '6');
INSERT INTO "QueryTableAccess" ("queryId", "tableId")
    VALUES ('1962', '2');
INSERT INTO "QueryTableAccess" ("queryId", "tableId")
    VALUES ('1962', '3');
SELECT 'Products.quantity', 'Categories.description' FROM Products LEFT OUTER JOIN Categories ON 'Products.quantity' = 'Categories.description';
INSERT INTO "SqlQuery" ("queryId", "userId", "issuedAt", "finishedAt", "hasError", "errorMessage", "statement", "projectId", "queryTypeId")
    VALUES ('1963', '10', '2023-06-09 21:52:06.047890', '2023-06-09 21:52:10.047890', 'False', 'None', 'SELECT Products.quantity, Categories.description FROM Products LEFT OUTER JOIN Categories ON Products.quantity = Categories.description;', '1', '1');
INSERT INTO "QueryColumnAccess" ("queryId", "columnId")
    VALUES ('1963', '6');
INSERT INTO "QueryColumnAccess" ("queryId", "columnId")
    VALUES ('1963', '3');
INSERT INTO "QueryTableAccess" ("queryId", "tableId")
    VALUES ('1963', '3');
INSERT INTO "QueryTableAccess" ("queryId", "tableId")
    VALUES ('1963', '4');
SELECT 'OrderItems.order_id', 'Customers.last_name' FROM OrderItems RIGHT OUTER JOIN Customers ON 'OrderItems.order_id' = 'Customers.last_name';
INSERT INTO "SqlQuery" ("queryId", "userId", "issuedAt", "finishedAt", "hasError", "errorMessage", "statement", "projectId", "queryTypeId")
    VALUES ('1964', '12', '2023-04-15 21:52:06.047899', '2023-04-15 21:52:10.047899', 'False', 'None', 'SELECT OrderItems.order_id, Customers.last_name FROM OrderItems RIGHT OUTER JOIN Customers ON OrderItems.order_id = Customers.last_name;', '1', '1');
INSERT INTO "QueryColumnAccess" ("queryId", "columnId")
    VALUES ('1964', '2');
INSERT INTO "QueryColumnAccess" ("queryId", "columnId")
    VALUES ('1964', '3');
INSERT INTO "QueryTableAccess" ("queryId", "tableId")
    VALUES ('1964', '5');
INSERT INTO "QueryTableAccess" ("queryId", "tableId")
    VALUES ('1964', '1');
SELECT 'Products.category', 'Orders.order_date' FROM Products NATURAL JOIN Orders ON 'Products.category' = 'Orders.order_date';
INSERT INTO "SqlQuery" ("queryId", "userId", "issuedAt", "finishedAt", "hasError", "errorMessage", "statement", "projectId", "queryTypeId")
    VALUES ('1965', '4', '2023-05-21 21:52:06.047907', '2023-05-21 21:52:08.047907', 'False', 'None', 'SELECT Products.category, Orders.order_date FROM Products NATURAL JOIN Orders ON Products.category = Orders.order_date;', '1', '1');
INSERT INTO "QueryColumnAccess" ("queryId", "columnId")
    VALUES ('1965', '3');
INSERT INTO "QueryColumnAccess" ("queryId", "columnId")
    VALUES ('1965', '3');
INSERT INTO "QueryTableAccess" ("queryId", "tableId")
    VALUES ('1965', '3');
INSERT INTO "QueryTableAccess" ("queryId", "tableId")
    VALUES ('1965', '2');
SELECT 'Categories.parent_category_id', 'Customers.phone_number' FROM Categories NATURAL JOIN Customers ON 'Categories.parent_category_id' = 'Customers.phone_number';
INSERT INTO "SqlQuery" ("queryId", "userId", "issuedAt", "finishedAt", "hasError", "errorMessage", "statement", "projectId", "queryTypeId")
    VALUES ('1966', '5', '2023-06-22 21:52:06.047916', '2023-06-22 21:52:10.047916', 'False', 'None', 'SELECT Categories.parent_category_id, Customers.phone_number FROM Categories NATURAL JOIN Customers ON Categories.parent_category_id = Customers.phone_number;', '1', '1');
INSERT INTO "QueryColumnAccess" ("queryId", "columnId")
    VALUES ('1966', '4');
INSERT INTO "QueryColumnAccess" ("queryId", "columnId")
    VALUES ('1966', '5');
INSERT INTO "QueryTableAccess" ("queryId", "tableId")
    VALUES ('1966', '4');
INSERT INTO "QueryTableAccess" ("queryId", "tableId")
    VALUES ('1966', '1');
SELECT 'Products.price', 'OrderItems.unit_price' FROM Products LEFT OUTER JOIN OrderItems ON 'Products.price' = 'OrderItems.unit_price';
INSERT INTO "SqlQuery" ("queryId", "userId", "issuedAt", "finishedAt", "hasError", "errorMessage", "statement", "projectId", "queryTypeId")
    VALUES ('1967', '9', '2023-07-04 21:52:06.047930', '2023-07-04 21:52:09.047930', 'False', 'None', 'SELECT Products.price, OrderItems.unit_price FROM Products LEFT OUTER JOIN OrderItems ON Products.price = OrderItems.unit_price;', '1', '1');
INSERT INTO "QueryColumnAccess" ("queryId", "columnId")
    VALUES ('1967', '4');
INSERT INTO "QueryColumnAccess" ("queryId", "columnId")
    VALUES ('1967', '5');
INSERT INTO "QueryTableAccess" ("queryId", "tableId")
    VALUES ('1967', '3');
INSERT INTO "QueryTableAccess" ("queryId", "tableId")
    VALUES ('1967', '5');
SELECT 'Customers.first_name', 'Orders.total_amount' FROM Customers NATURAL JOIN Orders ON 'Customers.first_name' = 'Orders.total_amount';
INSERT INTO "SqlQuery" ("queryId", "userId", "issuedAt", "finishedAt", "hasError", "errorMessage", "statement", "projectId", "queryTypeId")
    VALUES ('1968', '14', '2023-04-22 21:52:06.047939', '2023-04-22 21:52:09.047939', 'False', 'None', 'SELECT Customers.first_name, Orders.total_amount FROM Customers NATURAL JOIN Orders ON Customers.first_name = Orders.total_amount;', '1', '1');
INSERT INTO "QueryColumnAccess" ("queryId", "columnId")
    VALUES ('1968', '2');
INSERT INTO "QueryColumnAccess" ("queryId", "columnId")
    VALUES ('1968', '4');
INSERT INTO "QueryTableAccess" ("queryId", "tableId")
    VALUES ('1968', '1');
INSERT INTO "QueryTableAccess" ("queryId", "tableId")
    VALUES ('1968', '2');
SELECT 'Customers.customer_id', 'Orders.customer_id' FROM Customers RIGHT OUTER JOIN Orders ON 'Customers.customer_id' = 'Orders.customer_id';
INSERT INTO "SqlQuery" ("queryId", "userId", "issuedAt", "finishedAt", "hasError", "errorMessage", "statement", "projectId", "queryTypeId")
    VALUES ('1969', '12', '2023-05-15 21:52:06.047948', '2023-05-15 21:52:08.047948', 'False', 'None', 'SELECT Customers.customer_id, Orders.customer_id FROM Customers RIGHT OUTER JOIN Orders ON Customers.customer_id = Orders.customer_id;', '1', '1');
INSERT INTO "QueryColumnAccess" ("queryId", "columnId")
    VALUES ('1969', '1');
INSERT INTO "QueryColumnAccess" ("queryId", "columnId")
    VALUES ('1969', '2');
INSERT INTO "QueryTableAccess" ("queryId", "tableId")
    VALUES ('1969', '1');
INSERT INTO "QueryTableAccess" ("queryId", "tableId")
    VALUES ('1969', '2');
SELECT 'Products.price', 'OrderItems.product_id' FROM Products LEFT OUTER JOIN OrderItems ON 'Products.price' = 'OrderItems.product_id';
INSERT INTO "SqlQuery" ("queryId", "userId", "issuedAt", "finishedAt", "hasError", "errorMessage", "statement", "projectId", "queryTypeId")
    VALUES ('1970', '9', '2023-07-02 21:52:06.047957', '2023-07-02 21:52:07.047957', 'False', 'None', 'SELECT Products.price, OrderItems.product_id FROM Products LEFT OUTER JOIN OrderItems ON Products.price = OrderItems.product_id;', '1', '1');
INSERT INTO "QueryColumnAccess" ("queryId", "columnId")
    VALUES ('1970', '4');
INSERT INTO "QueryColumnAccess" ("queryId", "columnId")
    VALUES ('1970', '3');
INSERT INTO "QueryTableAccess" ("queryId", "tableId")
    VALUES ('1970', '3');
INSERT INTO "QueryTableAccess" ("queryId", "tableId")
    VALUES ('1970', '5');
SELECT 'Products.product_id', 'Categories.category_id' FROM Products LEFT OUTER JOIN Categories ON 'Products.product_id' = 'Categories.category_id';
INSERT INTO "SqlQuery" ("queryId", "userId", "issuedAt", "finishedAt", "hasError", "errorMessage", "statement", "projectId", "queryTypeId")
    VALUES ('1971', '6', '2023-06-25 21:52:06.047966', '2023-06-25 21:52:07.047966', 'False', 'None', 'SELECT Products.product_id, Categories.category_id FROM Products LEFT OUTER JOIN Categories ON Products.product_id = Categories.category_id;', '1', '1');
INSERT INTO "QueryColumnAccess" ("queryId", "columnId")
    VALUES ('1971', '1');
INSERT INTO "QueryColumnAccess" ("queryId", "columnId")
    VALUES ('1971', '1');
INSERT INTO "QueryTableAccess" ("queryId", "tableId")
    VALUES ('1971', '3');
INSERT INTO "QueryTableAccess" ("queryId", "tableId")
    VALUES ('1971', '4');
SELECT 'Categories.parent_category_id', 'Products.description' FROM Categories RIGHT OUTER JOIN Products ON 'Categories.parent_category_id' = 'Products.description';
INSERT INTO "SqlQuery" ("queryId", "userId", "issuedAt", "finishedAt", "hasError", "errorMessage", "statement", "projectId", "queryTypeId")
    VALUES ('1972', '6', '2023-06-07 21:52:06.047974', '2023-06-07 21:52:07.047974', 'False', 'None', 'SELECT Categories.parent_category_id, Products.description FROM Categories RIGHT OUTER JOIN Products ON Categories.parent_category_id = Products.description;', '1', '1');
INSERT INTO "QueryColumnAccess" ("queryId", "columnId")
    VALUES ('1972', '4');
INSERT INTO "QueryColumnAccess" ("queryId", "columnId")
    VALUES ('1972', '5');
INSERT INTO "QueryTableAccess" ("queryId", "tableId")
    VALUES ('1972', '4');
INSERT INTO "QueryTableAccess" ("queryId", "tableId")
    VALUES ('1972', '3');
SELECT 'Products.description', 'Categories.category_name' FROM Products RIGHT OUTER JOIN Categories ON 'Products.description' = 'Categories.category_name';
INSERT INTO "SqlQuery" ("queryId", "userId", "issuedAt", "finishedAt", "hasError", "errorMessage", "statement", "projectId", "queryTypeId")
    VALUES ('1973', '4', '2023-06-28 21:52:06.047984', '2023-06-28 21:52:09.047984', 'False', 'None', 'SELECT Products.description, Categories.category_name FROM Products RIGHT OUTER JOIN Categories ON Products.description = Categories.category_name;', '1', '1');
INSERT INTO "QueryColumnAccess" ("queryId", "columnId")
    VALUES ('1973', '5');
INSERT INTO "QueryColumnAccess" ("queryId", "columnId")
    VALUES ('1973', '2');
INSERT INTO "QueryTableAccess" ("queryId", "tableId")
    VALUES ('1973', '3');
INSERT INTO "QueryTableAccess" ("queryId", "tableId")
    VALUES ('1973', '4');
SELECT 'Customers.phone_number', 'Products.category' FROM Customers RIGHT OUTER JOIN Products ON 'Customers.phone_number' = 'Products.category';
INSERT INTO "SqlQuery" ("queryId", "userId", "issuedAt", "finishedAt", "hasError", "errorMessage", "statement", "projectId", "queryTypeId")
    VALUES ('1974', '11', '2023-04-22 21:52:06.047992', '2023-04-22 21:52:10.047992', 'False', 'None', 'SELECT Customers.phone_number, Products.category FROM Customers RIGHT OUTER JOIN Products ON Customers.phone_number = Products.category;', '1', '1');
INSERT INTO "QueryColumnAccess" ("queryId", "columnId")
    VALUES ('1974', '5');
INSERT INTO "QueryColumnAccess" ("queryId", "columnId")
    VALUES ('1974', '3');
INSERT INTO "QueryTableAccess" ("queryId", "tableId")
    VALUES ('1974', '1');
INSERT INTO "QueryTableAccess" ("queryId", "tableId")
    VALUES ('1974', '3');
SELECT 'Orders.order_date', 'Products.category' FROM Orders LEFT OUTER JOIN Products ON 'Orders.order_date' = 'Products.category';
INSERT INTO "SqlQuery" ("queryId", "userId", "issuedAt", "finishedAt", "hasError", "errorMessage", "statement", "projectId", "queryTypeId")
    VALUES ('1975', '13', '2023-05-10 21:52:06.048001', '2023-05-10 21:52:08.048001', 'False', 'None', 'SELECT Orders.order_date, Products.category FROM Orders LEFT OUTER JOIN Products ON Orders.order_date = Products.category;', '1', '1');
INSERT INTO "QueryColumnAccess" ("queryId", "columnId")
    VALUES ('1975', '3');
INSERT INTO "QueryColumnAccess" ("queryId", "columnId")
    VALUES ('1975', '3');
INSERT INTO "QueryTableAccess" ("queryId", "tableId")
    VALUES ('1975', '2');
INSERT INTO "QueryTableAccess" ("queryId", "tableId")
    VALUES ('1975', '3');
SELECT 'Categories.parent_category_id', 'Products.price' FROM Categories NATURAL JOIN Products ON 'Categories.parent_category_id' = 'Products.price';
INSERT INTO "SqlQuery" ("queryId", "userId", "issuedAt", "finishedAt", "hasError", "errorMessage", "statement", "projectId", "queryTypeId")
    VALUES ('1976', '9', '2023-04-25 21:52:06.048013', '2023-04-25 21:52:10.048013', 'False', 'None', 'SELECT Categories.parent_category_id, Products.price FROM Categories NATURAL JOIN Products ON Categories.parent_category_id = Products.price;', '1', '1');
INSERT INTO "QueryColumnAccess" ("queryId", "columnId")
    VALUES ('1976', '4');
INSERT INTO "QueryColumnAccess" ("queryId", "columnId")
    VALUES ('1976', '4');
INSERT INTO "QueryTableAccess" ("queryId", "tableId")
    VALUES ('1976', '4');
INSERT INTO "QueryTableAccess" ("queryId", "tableId")
    VALUES ('1976', '3');
SELECT 'OrderItems.unit_price', 'Customers.address' FROM OrderItems LEFT OUTER JOIN Customers ON 'OrderItems.unit_price' = 'Customers.address';
INSERT INTO "SqlQuery" ("queryId", "userId", "issuedAt", "finishedAt", "hasError", "errorMessage", "statement", "projectId", "queryTypeId")
    VALUES ('1977', '14', '2023-04-14 21:52:06.048022', '2023-04-14 21:52:10.048022', 'False', 'None', 'SELECT OrderItems.unit_price, Customers.address FROM OrderItems LEFT OUTER JOIN Customers ON OrderItems.unit_price = Customers.address;', '1', '1');
INSERT INTO "QueryColumnAccess" ("queryId", "columnId")
    VALUES ('1977', '5');
INSERT INTO "QueryColumnAccess" ("queryId", "columnId")
    VALUES ('1977', '6');
INSERT INTO "QueryTableAccess" ("queryId", "tableId")
    VALUES ('1977', '5');
INSERT INTO "QueryTableAccess" ("queryId", "tableId")
    VALUES ('1977', '1');
SELECT 'Categories.category_id', 'Customers.email' FROM Categories RIGHT OUTER JOIN Customers ON 'Categories.category_id' = 'Customers.email';
INSERT INTO "SqlQuery" ("queryId", "userId", "issuedAt", "finishedAt", "hasError", "errorMessage", "statement", "projectId", "queryTypeId")
    VALUES ('1978', '14', '2023-06-06 21:52:06.048031', '2023-06-06 21:52:10.048031', 'False', 'None', 'SELECT Categories.category_id, Customers.email FROM Categories RIGHT OUTER JOIN Customers ON Categories.category_id = Customers.email;', '1', '1');
INSERT INTO "QueryColumnAccess" ("queryId", "columnId")
    VALUES ('1978', '1');
INSERT INTO "QueryColumnAccess" ("queryId", "columnId")
    VALUES ('1978', '4');
INSERT INTO "QueryTableAccess" ("queryId", "tableId")
    VALUES ('1978', '4');
INSERT INTO "QueryTableAccess" ("queryId", "tableId")
    VALUES ('1978', '1');
SELECT 'Products.price', 'Orders.customer_id' FROM Products LEFT OUTER JOIN Orders ON 'Products.price' = 'Orders.customer_id';
INSERT INTO "SqlQuery" ("queryId", "userId", "issuedAt", "finishedAt", "hasError", "errorMessage", "statement", "projectId", "queryTypeId")
    VALUES ('1979', '5', '2023-04-12 21:52:06.048040', '2023-04-12 21:52:10.048040', 'False', 'None', 'SELECT Products.price, Orders.customer_id FROM Products LEFT OUTER JOIN Orders ON Products.price = Orders.customer_id;', '1', '1');
INSERT INTO "QueryColumnAccess" ("queryId", "columnId")
    VALUES ('1979', '4');
INSERT INTO "QueryColumnAccess" ("queryId", "columnId")
    VALUES ('1979', '2');
INSERT INTO "QueryTableAccess" ("queryId", "tableId")
    VALUES ('1979', '3');
INSERT INTO "QueryTableAccess" ("queryId", "tableId")
    VALUES ('1979', '2');
SELECT 'Orders.customer_id', 'Products.product_name' FROM Orders NATURAL JOIN Products ON 'Orders.customer_id' = 'Products.product_name';
INSERT INTO "SqlQuery" ("queryId", "userId", "issuedAt", "finishedAt", "hasError", "errorMessage", "statement", "projectId", "queryTypeId")
    VALUES ('1980', '4', '2023-05-31 21:52:06.048048', '2023-05-31 21:52:10.048048', 'False', 'None', 'SELECT Orders.customer_id, Products.product_name FROM Orders NATURAL JOIN Products ON Orders.customer_id = Products.product_name;', '1', '1');
INSERT INTO "QueryColumnAccess" ("queryId", "columnId")
    VALUES ('1980', '2');
INSERT INTO "QueryColumnAccess" ("queryId", "columnId")
    VALUES ('1980', '2');
INSERT INTO "QueryTableAccess" ("queryId", "tableId")
    VALUES ('1980', '2');
INSERT INTO "QueryTableAccess" ("queryId", "tableId")
    VALUES ('1980', '3');
SELECT 'Customers.addressr', 'OrderItems.order_id' FROM Customers LEFT OUTER JOIN OrderItems ON 'Customers.address' = 'OrderItems.order_id';
INSERT INTO "SqlQuery" ("queryId", "userId", "issuedAt", "finishedAt", "hasError", "errorMessage", "statement", "projectId", "queryTypeId")
    VALUES ('1981', '3', '2023-05-14 22:45:18.002297', 'None', 'True', 'Table/Column not found', 'SELECT Customers.addressr, OrderItems.order_id FROM Customers LEFT OUTER JOIN OrderItems ON Customers.address = OrderItems.order_id;', '1', '1');
SELECT 'Products.quantityr', 'OrderItems.product_id' FROM Products NATURAL JOIN OrderItems ON 'Products.quantity' = 'OrderItems.product_id';
INSERT INTO "SqlQuery" ("queryId", "userId", "issuedAt", "finishedAt", "hasError", "errorMessage", "statement", "projectId", "queryTypeId")
    VALUES ('1982', '8', '2023-07-07 22:45:18.002318', 'None', 'True', 'Table/Column not found', 'SELECT Products.quantityr, OrderItems.product_id FROM Products NATURAL JOIN OrderItems ON Products.quantity = OrderItems.product_id;', '1', '1');
SELECT 'Products.descriptionr', 'Orders.order_id' FROM Products LEFT OUTER JOIN Orders ON 'Products.description' = 'Orders.order_id';
INSERT INTO "SqlQuery" ("queryId", "userId", "issuedAt", "finishedAt", "hasError", "errorMessage", "statement", "projectId", "queryTypeId")
    VALUES ('1983', '8', '2023-05-11 22:45:18.002327', 'None', 'True', 'Table/Column not found', 'SELECT Products.descriptionr, Orders.order_id FROM Products LEFT OUTER JOIN Orders ON Products.description = Orders.order_id;', '1', '1');
SELECT 'Categories.parent_category_idr', 'OrderItems.order_item_id' FROM Categories NATURAL JOIN OrderItems ON 'Categories.parent_category_id' = 'OrderItems.order_item_id';
INSERT INTO "SqlQuery" ("queryId", "userId", "issuedAt", "finishedAt", "hasError", "errorMessage", "statement", "projectId", "queryTypeId")
    VALUES ('1984', '11', '2023-05-11 22:45:18.002338', 'None', 'True', 'Table/Column not found', 'SELECT Categories.parent_category_idr, OrderItems.order_item_id FROM Categories NATURAL JOIN OrderItems ON Categories.parent_category_id = OrderItems.order_item_id;', '1', '1');
SELECT 'OrderItems.unit_pricer', 'Orders.shipping_address' FROM OrderItems LEFT OUTER JOIN Orders ON 'OrderItems.unit_price' = 'Orders.shipping_address';
INSERT INTO "SqlQuery" ("queryId", "userId", "issuedAt", "finishedAt", "hasError", "errorMessage", "statement", "projectId", "queryTypeId")
    VALUES ('1985', '10', '2023-07-02 22:45:18.002345', 'None', 'True', 'Table/Column not found', 'SELECT OrderItems.unit_pricer, Orders.shipping_address FROM OrderItems LEFT OUTER JOIN Orders ON OrderItems.unit_price = Orders.shipping_address;', '1', '1');
SELECT 'Customers.addressr', 'Categories.description' FROM Customers LEFT OUTER JOIN Categories ON 'Customers.address' = 'Categories.description';
INSERT INTO "SqlQuery" ("queryId", "userId", "issuedAt", "finishedAt", "hasError", "errorMessage", "statement", "projectId", "queryTypeId")
    VALUES ('1986', '7', '2023-05-30 22:45:18.002355', 'None', 'True', 'Table/Column not found', 'SELECT Customers.addressr, Categories.description FROM Customers LEFT OUTER JOIN Categories ON Customers.address = Categories.description;', '1', '1');
SELECT 'OrderItems.quantityr', 'Products.description' FROM OrderItems LEFT OUTER JOIN Products ON 'OrderItems.quantity' = 'Products.description';
INSERT INTO "SqlQuery" ("queryId", "userId", "issuedAt", "finishedAt", "hasError", "errorMessage", "statement", "projectId", "queryTypeId")
    VALUES ('1987', '13', '2023-04-15 22:45:18.002362', 'None', 'True', 'Table/Column not found', 'SELECT OrderItems.quantityr, Products.description FROM OrderItems LEFT OUTER JOIN Products ON OrderItems.quantity = Products.description;', '1', '1');
SELECT 'Categories.descriptionr', 'Customers.address' FROM Categories NATURAL JOIN Customers ON 'Categories.description' = 'Customers.address';
INSERT INTO "SqlQuery" ("queryId", "userId", "issuedAt", "finishedAt", "hasError", "errorMessage", "statement", "projectId", "queryTypeId")
    VALUES ('1988', '14', '2023-05-12 22:45:18.002369', 'None', 'True', 'Table/Column not found', 'SELECT Categories.descriptionr, Customers.address FROM Categories NATURAL JOIN Customers ON Categories.description = Customers.address;', '1', '1');
SELECT 'Products.product_idr', 'Customers.customer_id' FROM Products RIGHT OUTER JOIN Customers ON 'Products.product_id' = 'Customers.customer_id';
INSERT INTO "SqlQuery" ("queryId", "userId", "issuedAt", "finishedAt", "hasError", "errorMessage", "statement", "projectId", "queryTypeId")
    VALUES ('1989', '5', '2023-05-22 22:45:18.002375', 'None', 'True', 'Table/Column not found', 'SELECT Products.product_idr, Customers.customer_id FROM Products RIGHT OUTER JOIN Customers ON Products.product_id = Customers.customer_id;', '1', '1');
SELECT 'Customers.addressr', 'Categories.category_id' FROM Customers LEFT OUTER JOIN Categories ON 'Customers.address' = 'Categories.category_id';
INSERT INTO "SqlQuery" ("queryId", "userId", "issuedAt", "finishedAt", "hasError", "errorMessage", "statement", "projectId", "queryTypeId")
    VALUES ('1990', '2', '2023-06-09 22:45:18.002382', 'None', 'True', 'Table/Column not found', 'SELECT Customers.addressr, Categories.category_id FROM Customers LEFT OUTER JOIN Categories ON Customers.address = Categories.category_id;', '1', '1');
SELECT 'Customers.last_name', 'OrderItems.order_id' FROM Customers OrderItems ON 'Customers.last_name' = 'OrderItems.order_id';
INSERT INTO "SqlQuery" ("queryId", "userId", "issuedAt", "finishedAt", "hasError", "errorMessage", "statement", "projectId", "queryTypeId")
    VALUES ('1991', '8', '2023-06-19 22:47:16.867974', 'None', 'True', 'Missing keyword', 'SELECT Customers.last_name, OrderItems.order_id FROM Customers OrderItems ON Customers.last_name = OrderItems.order_id;', '1', '1');
SELECT 'Categories.description', 'Products.product_id' FROM Categories Products ON 'Categories.description' = 'Products.product_id';
INSERT INTO "SqlQuery" ("queryId", "userId", "issuedAt", "finishedAt", "hasError", "errorMessage", "statement", "projectId", "queryTypeId")
    VALUES ('1992', '6', '2023-06-16 22:47:16.867993', 'None', 'True', 'Missing keyword', 'SELECT Categories.description, Products.product_id FROM Categories Products ON Categories.description = Products.product_id;', '1', '1');
SELECT 'Customers.address', 'Orders.customer_id' FROM Customers Orders ON 'Customers.address' = 'Orders.customer_id';
INSERT INTO "SqlQuery" ("queryId", "userId", "issuedAt", "finishedAt", "hasError", "errorMessage", "statement", "projectId", "queryTypeId")
    VALUES ('1993', '11', '2023-04-21 22:47:16.868003', 'None', 'True', 'Missing keyword', 'SELECT Customers.address, Orders.customer_id FROM Customers Orders ON Customers.address = Orders.customer_id;', '1', '1');
SELECT 'Categories.parent_category_id', 'OrderItems.quantity' FROM Categories OrderItems ON 'Categories.parent_category_id' = 'OrderItems.quantity';
INSERT INTO "SqlQuery" ("queryId", "userId", "issuedAt", "finishedAt", "hasError", "errorMessage", "statement", "projectId", "queryTypeId")
    VALUES ('1994', '14', '2023-07-05 22:47:16.868010', 'None', 'True', 'Missing keyword', 'SELECT Categories.parent_category_id, OrderItems.quantity FROM Categories OrderItems ON Categories.parent_category_id = OrderItems.quantity;', '1', '1');
SELECT 'Products.quantity', 'Orders.total_amount' FROM Products Orders ON 'Products.quantity' = 'Orders.total_amount';
INSERT INTO "SqlQuery" ("queryId", "userId", "issuedAt", "finishedAt", "hasError", "errorMessage", "statement", "projectId", "queryTypeId")
    VALUES ('1995', '11', '2023-06-02 22:47:16.868019', 'None', 'True', 'Missing keyword', 'SELECT Products.quantity, Orders.total_amount FROM Products Orders ON Products.quantity = Orders.total_amount;', '1', '1');
SELECT 'Customers.email', 'Orders.shipping_address' FROM Customers Orders ON 'Customers.email' = 'Orders.shipping_address';
INSERT INTO "SqlQuery" ("queryId", "userId", "issuedAt", "finishedAt", "hasError", "errorMessage", "statement", "projectId", "queryTypeId")
    VALUES ('1996', '6', '2023-05-28 22:47:16.868026', 'None', 'True', 'Missing keyword', 'SELECT Customers.email, Orders.shipping_address FROM Customers Orders ON Customers.email = Orders.shipping_address;', '1', '1');
SELECT 'Customers.phone_number', 'Orders.order_id' FROM Customers Orders ON 'Customers.phone_number' = 'Orders.order_id';
INSERT INTO "SqlQuery" ("queryId", "userId", "issuedAt", "finishedAt", "hasError", "errorMessage", "statement", "projectId", "queryTypeId")
    VALUES ('1997', '12', '2023-06-20 22:47:16.868032', 'None', 'True', 'Missing keyword', 'SELECT Customers.phone_number, Orders.order_id FROM Customers Orders ON Customers.phone_number = Orders.order_id;', '1', '1');
SELECT 'Orders.shipping_address', 'OrderItems.quantity' FROM Orders OrderItems ON 'Orders.shipping_address' = 'OrderItems.quantity';
INSERT INTO "SqlQuery" ("queryId", "userId", "issuedAt", "finishedAt", "hasError", "errorMessage", "statement", "projectId", "queryTypeId")
    VALUES ('1998', '2', '2023-04-18 22:47:16.868039', 'None', 'True', 'Missing keyword', 'SELECT Orders.shipping_address, OrderItems.quantity FROM Orders OrderItems ON Orders.shipping_address = OrderItems.quantity;', '1', '1');
SELECT 'Orders.shipping_address', 'Categories.description' FROM Orders Categories ON 'Orders.shipping_address' = 'Categories.description';
INSERT INTO "SqlQuery" ("queryId", "userId", "issuedAt", "finishedAt", "hasError", "errorMessage", "statement", "projectId", "queryTypeId")
    VALUES ('1999', '1', '2023-07-03 22:47:16.868046', 'None', 'True', 'Missing keyword', 'SELECT Orders.shipping_address, Categories.description FROM Orders Categories ON Orders.shipping_address = Categories.description;', '1', '1');
SELECT 'Categories.parent_category_id', 'Orders.total_amount' FROM Categories Orders ON 'Categories.parent_category_id' = 'Orders.total_amount';
INSERT INTO "SqlQuery" ("queryId", "userId", "issuedAt", "finishedAt", "hasError", "errorMessage", "statement", "projectId", "queryTypeId")
    VALUES ('2000', '13', '2023-04-20 22:47:16.868053', 'None', 'True', 'Missing keyword', 'SELECT Categories.parent_category_id, Orders.total_amount FROM Categories Orders ON Categories.parent_category_id = Orders.total_amount;', '1', '1');
