INSERT INTO "Table" ("tableId", "tableName", "schemaId")
VALUES (1, "Movies", 5);

INSERT INTO "Table" ("tableId", "tableName", "schemaId")
VALUES (2, "Actors", 5);

INSERT INTO "Table" ("tableId", "tableName", "schemaId")
VALUES (3, "Reviews", 5);

INSERT INTO "Table" ("tableId", "tableName", "schemaId")
VALUES (4, "Theaters", 5);

INSERT INTO "Table" ("tableId", "tableName", "schemaId")
VALUES (5, "Screenings", 5);

INSERT INTO "Column" ("columnName", "tableId", "columnTypeId")
VALUES
    ('movie_id', 1, 7),
    ('title', 1, 11),
    ('release_date', 1, 4),
    ('genre', 1, 11),
    ('director', 1, 11),
    ('duration', 1, 5),
    ('rating', 1, 5);

INSERT INTO "Column" ("columnName", "tableId", "columnTypeId")
VALUES
    ('actor_id', 2, 7),
    ('first_name', 2, 11),
    ('last_name', 2, 11),
    ('date_of_birth', 2, 4),
    ('gender', 2, 11),
    ('nationality', 2, 11);

INSERT INTO "Column" ("columnName", "tableId", "columnTypeId")
VALUES
    ('review_id', 3, 7),
    ('movie_id', 3, 7),
    ('user_id', 3, 7),
    ('rating', 3, 3),
    ('comment', 3, 11),
    ('review_date', 3, 4);

INSERT INTO "Column" ("columnName", "tableId", "columnTypeId")
VALUES
    ('theater_id', 4, 7),
    ('theater_name', 4, 11),
    ('location', 4, 11),
    ('capacity', 4, 7),
    ('phone_number', 4, 11);

INSERT INTO "Column" ("columnName", "tableId", "columnTypeId")
VALUES
    ('screening_id', 5, 7),
    ('movie_id', 5, 7),
    ('theater_id', 5, 7),
    ('start_time', 5, 4),
    ('end_time', 5, 4),
    ('ticket_price', 5, 5);

SELECT 'actor_id' FROM Actors;
INSERT INTO "SqlQuery" ("queryId", "userId", "issuedAt", "finishedAt", "hasError", "errorMessage", "statement", "projectId", "queryTypeId")
    VALUES ('1', '11', '2023-06-29 22:05:19.678317', '2023-06-29 22:05:23.678317', 'False', 'None', 'SELECT actor_id FROM Actors', '5', '1');
INSERT INTO "QueryColumnAccess" ("queryId", "columnId")
    VALUES ('1', '1');
INSERT INTO "QueryTableAccess" ("queryId", "tableId")
    VALUES ('1', '2');
SELECT 'title' FROM Movies;
INSERT INTO "SqlQuery" ("queryId", "userId", "issuedAt", "finishedAt", "hasError", "errorMessage", "statement", "projectId", "queryTypeId")
    VALUES ('2', '10', '2023-06-17 22:05:19.678360', '2023-06-17 22:05:20.678360', 'False', 'None', 'SELECT title FROM Movies', '5', '1');
INSERT INTO "QueryColumnAccess" ("queryId", "columnId")
    VALUES ('2', '2');
INSERT INTO "QueryTableAccess" ("queryId", "tableId")
    VALUES ('2', '1');
SELECT 'screening_id' FROM Screenings;
INSERT INTO "SqlQuery" ("queryId", "userId", "issuedAt", "finishedAt", "hasError", "errorMessage", "statement", "projectId", "queryTypeId")
    VALUES ('3', '7', '2023-04-15 22:05:19.678370', '2023-04-15 22:05:22.678370', 'False', 'None', 'SELECT screening_id FROM Screenings', '5', '1');
INSERT INTO "QueryColumnAccess" ("queryId", "columnId")
    VALUES ('3', '1');
INSERT INTO "QueryTableAccess" ("queryId", "tableId")
    VALUES ('3', '5');
SELECT 'theater_name' FROM Theaters;
INSERT INTO "SqlQuery" ("queryId", "userId", "issuedAt", "finishedAt", "hasError", "errorMessage", "statement", "projectId", "queryTypeId")
    VALUES ('4', '13', '2023-07-05 22:05:19.678378', '2023-07-05 22:05:21.678378', 'False', 'None', 'SELECT theater_name FROM Theaters', '5', '1');
INSERT INTO "QueryColumnAccess" ("queryId", "columnId")
    VALUES ('4', '2');
INSERT INTO "QueryTableAccess" ("queryId", "tableId")
    VALUES ('4', '4');
SELECT 'rating' FROM Reviews;
INSERT INTO "SqlQuery" ("queryId", "userId", "issuedAt", "finishedAt", "hasError", "errorMessage", "statement", "projectId", "queryTypeId")
    VALUES ('5', '5', '2023-05-20 22:05:19.678386', '2023-05-20 22:05:20.678386', 'False', 'None', 'SELECT rating FROM Reviews', '5', '1');
INSERT INTO "QueryColumnAccess" ("queryId", "columnId")
    VALUES ('5', '4');
INSERT INTO "QueryTableAccess" ("queryId", "tableId")
    VALUES ('5', '3');
SELECT 'movie_id' FROM Screenings;
INSERT INTO "SqlQuery" ("queryId", "userId", "issuedAt", "finishedAt", "hasError", "errorMessage", "statement", "projectId", "queryTypeId")
    VALUES ('6', '11', '2023-06-02 22:05:19.678393', '2023-06-02 22:05:21.678393', 'False', 'None', 'SELECT movie_id FROM Screenings', '5', '1');
INSERT INTO "QueryColumnAccess" ("queryId", "columnId")
    VALUES ('6', '2');
INSERT INTO "QueryTableAccess" ("queryId", "tableId")
    VALUES ('6', '5');
SELECT 'movie_id' FROM Screenings;
INSERT INTO "SqlQuery" ("queryId", "userId", "issuedAt", "finishedAt", "hasError", "errorMessage", "statement", "projectId", "queryTypeId")
    VALUES ('7', '9', '2023-07-07 22:05:19.678400', '2023-07-07 22:05:22.678400', 'False', 'None', 'SELECT movie_id FROM Screenings', '5', '1');
INSERT INTO "QueryColumnAccess" ("queryId", "columnId")
    VALUES ('7', '2');
INSERT INTO "QueryTableAccess" ("queryId", "tableId")
    VALUES ('7', '5');
SELECT 'title' FROM Movies;
INSERT INTO "SqlQuery" ("queryId", "userId", "issuedAt", "finishedAt", "hasError", "errorMessage", "statement", "projectId", "queryTypeId")
    VALUES ('8', '2', '2023-06-10 22:05:19.678408', '2023-06-10 22:05:20.678408', 'False', 'None', 'SELECT title FROM Movies', '5', '1');
INSERT INTO "QueryColumnAccess" ("queryId", "columnId")
    VALUES ('8', '2');
INSERT INTO "QueryTableAccess" ("queryId", "tableId")
    VALUES ('8', '1');
SELECT 'rating' FROM Reviews;
INSERT INTO "SqlQuery" ("queryId", "userId", "issuedAt", "finishedAt", "hasError", "errorMessage", "statement", "projectId", "queryTypeId")
    VALUES ('9', '12', '2023-06-03 22:05:19.678415', '2023-06-03 22:05:22.678415', 'False', 'None', 'SELECT rating FROM Reviews', '5', '1');
INSERT INTO "QueryColumnAccess" ("queryId", "columnId")
    VALUES ('9', '4');
INSERT INTO "QueryTableAccess" ("queryId", "tableId")
    VALUES ('9', '3');
SELECT 'last_name' FROM Actors;
INSERT INTO "SqlQuery" ("queryId", "userId", "issuedAt", "finishedAt", "hasError", "errorMessage", "statement", "projectId", "queryTypeId")
    VALUES ('10', '10', '2023-06-18 22:05:19.678422', '2023-06-18 22:05:23.678422', 'False', 'None', 'SELECT last_name FROM Actors', '5', '1');
INSERT INTO "QueryColumnAccess" ("queryId", "columnId")
    VALUES ('10', '3');
INSERT INTO "QueryTableAccess" ("queryId", "tableId")
    VALUES ('10', '2');
SELECT 'review_id' FROM Reviews;
INSERT INTO "SqlQuery" ("queryId", "userId", "issuedAt", "finishedAt", "hasError", "errorMessage", "statement", "projectId", "queryTypeId")
    VALUES ('11', '9', '2023-06-25 22:05:19.678430', '2023-06-25 22:05:21.678430', 'False', 'None', 'SELECT review_id FROM Reviews', '5', '1');
INSERT INTO "QueryColumnAccess" ("queryId", "columnId")
    VALUES ('11', '1');
INSERT INTO "QueryTableAccess" ("queryId", "tableId")
    VALUES ('11', '3');
SELECT 'review_date' FROM Reviews;
INSERT INTO "SqlQuery" ("queryId", "userId", "issuedAt", "finishedAt", "hasError", "errorMessage", "statement", "projectId", "queryTypeId")
    VALUES ('12', '13', '2023-06-07 22:05:19.678437', '2023-06-07 22:05:21.678437', 'False', 'None', 'SELECT review_date FROM Reviews', '5', '1');
INSERT INTO "QueryColumnAccess" ("queryId", "columnId")
    VALUES ('12', '6');
INSERT INTO "QueryTableAccess" ("queryId", "tableId")
    VALUES ('12', '3');
SELECT 'date_of_birth' FROM Actors;
INSERT INTO "SqlQuery" ("queryId", "userId", "issuedAt", "finishedAt", "hasError", "errorMessage", "statement", "projectId", "queryTypeId")
    VALUES ('13', '5', '2023-05-07 22:05:19.678444', '2023-05-07 22:05:20.678444', 'False', 'None', 'SELECT date_of_birth FROM Actors', '5', '1');
INSERT INTO "QueryColumnAccess" ("queryId", "columnId")
    VALUES ('13', '4');
INSERT INTO "QueryTableAccess" ("queryId", "tableId")
    VALUES ('13', '2');
SELECT 'end_time' FROM Screenings;
INSERT INTO "SqlQuery" ("queryId", "userId", "issuedAt", "finishedAt", "hasError", "errorMessage", "statement", "projectId", "queryTypeId")
    VALUES ('14', '6', '2023-05-16 22:05:19.678450', '2023-05-16 22:05:21.678450', 'False', 'None', 'SELECT end_time FROM Screenings', '5', '1');
INSERT INTO "QueryColumnAccess" ("queryId", "columnId")
    VALUES ('14', '5');
INSERT INTO "QueryTableAccess" ("queryId", "tableId")
    VALUES ('14', '5');
SELECT 'start_time' FROM Screenings;
INSERT INTO "SqlQuery" ("queryId", "userId", "issuedAt", "finishedAt", "hasError", "errorMessage", "statement", "projectId", "queryTypeId")
    VALUES ('15', '14', '2023-05-14 22:05:19.678457', '2023-05-14 22:05:23.678457', 'False', 'None', 'SELECT start_time FROM Screenings', '5', '1');
INSERT INTO "QueryColumnAccess" ("queryId", "columnId")
    VALUES ('15', '4');
INSERT INTO "QueryTableAccess" ("queryId", "tableId")
    VALUES ('15', '5');
SELECT 'comment' FROM Reviews;
INSERT INTO "SqlQuery" ("queryId", "userId", "issuedAt", "finishedAt", "hasError", "errorMessage", "statement", "projectId", "queryTypeId")
    VALUES ('16', '6', '2023-07-04 22:05:19.678463', '2023-07-04 22:05:23.678463', 'False', 'None', 'SELECT comment FROM Reviews', '5', '1');
INSERT INTO "QueryColumnAccess" ("queryId", "columnId")
    VALUES ('16', '5');
INSERT INTO "QueryTableAccess" ("queryId", "tableId")
    VALUES ('16', '3');
SELECT 'movie_id' FROM Movies;
INSERT INTO "SqlQuery" ("queryId", "userId", "issuedAt", "finishedAt", "hasError", "errorMessage", "statement", "projectId", "queryTypeId")
    VALUES ('17', '9', '2023-06-30 22:05:19.678470', '2023-06-30 22:05:21.678470', 'False', 'None', 'SELECT movie_id FROM Movies', '5', '1');
INSERT INTO "QueryColumnAccess" ("queryId", "columnId")
    VALUES ('17', '1');
INSERT INTO "QueryTableAccess" ("queryId", "tableId")
    VALUES ('17', '1');
SELECT 'start_time' FROM Screenings;
INSERT INTO "SqlQuery" ("queryId", "userId", "issuedAt", "finishedAt", "hasError", "errorMessage", "statement", "projectId", "queryTypeId")
    VALUES ('18', '10', '2023-05-28 22:05:19.678476', '2023-05-28 22:05:22.678476', 'False', 'None', 'SELECT start_time FROM Screenings', '5', '1');
INSERT INTO "QueryColumnAccess" ("queryId", "columnId")
    VALUES ('18', '4');
INSERT INTO "QueryTableAccess" ("queryId", "tableId")
    VALUES ('18', '5');
SELECT 'movie_id' FROM Screenings;
INSERT INTO "SqlQuery" ("queryId", "userId", "issuedAt", "finishedAt", "hasError", "errorMessage", "statement", "projectId", "queryTypeId")
    VALUES ('19', '3', '2023-05-06 22:05:19.678506', '2023-05-06 22:05:23.678506', 'False', 'None', 'SELECT movie_id FROM Screenings', '5', '1');
INSERT INTO "QueryColumnAccess" ("queryId", "columnId")
    VALUES ('19', '2');
INSERT INTO "QueryTableAccess" ("queryId", "tableId")
    VALUES ('19', '5');
SELECT 'title' FROM Movies;
INSERT INTO "SqlQuery" ("queryId", "userId", "issuedAt", "finishedAt", "hasError", "errorMessage", "statement", "projectId", "queryTypeId")
    VALUES ('20', '11', '2023-04-13 22:05:19.678513', '2023-04-13 22:05:21.678513', 'False', 'None', 'SELECT title FROM Movies', '5', '1');
INSERT INTO "QueryColumnAccess" ("queryId", "columnId")
    VALUES ('20', '2');
INSERT INTO "QueryTableAccess" ("queryId", "tableId")
    VALUES ('20', '1');
SELECT 'rating' FROM Movies;
INSERT INTO "SqlQuery" ("queryId", "userId", "issuedAt", "finishedAt", "hasError", "errorMessage", "statement", "projectId", "queryTypeId")
    VALUES ('21', '13', '2023-07-02 22:05:19.678520', '2023-07-02 22:05:22.678520', 'False', 'None', 'SELECT rating FROM Movies', '5', '1');
INSERT INTO "QueryColumnAccess" ("queryId", "columnId")
    VALUES ('21', '7');
INSERT INTO "QueryTableAccess" ("queryId", "tableId")
    VALUES ('21', '1');
SELECT 'ticket_price' FROM Screenings;
INSERT INTO "SqlQuery" ("queryId", "userId", "issuedAt", "finishedAt", "hasError", "errorMessage", "statement", "projectId", "queryTypeId")
    VALUES ('22', '1', '2023-06-11 22:05:19.678527', '2023-06-11 22:05:20.678527', 'False', 'None', 'SELECT ticket_price FROM Screenings', '5', '1');
INSERT INTO "QueryColumnAccess" ("queryId", "columnId")
    VALUES ('22', '6');
INSERT INTO "QueryTableAccess" ("queryId", "tableId")
    VALUES ('22', '5');
SELECT 'review_id' FROM Reviews;
INSERT INTO "SqlQuery" ("queryId", "userId", "issuedAt", "finishedAt", "hasError", "errorMessage", "statement", "projectId", "queryTypeId")
    VALUES ('23', '2', '2023-05-24 22:05:19.678533', '2023-05-24 22:05:23.678533', 'False', 'None', 'SELECT review_id FROM Reviews', '5', '1');
INSERT INTO "QueryColumnAccess" ("queryId", "columnId")
    VALUES ('23', '1');
INSERT INTO "QueryTableAccess" ("queryId", "tableId")
    VALUES ('23', '3');
SELECT 'last_name' FROM Actors;
INSERT INTO "SqlQuery" ("queryId", "userId", "issuedAt", "finishedAt", "hasError", "errorMessage", "statement", "projectId", "queryTypeId")
    VALUES ('24', '10', '2023-05-20 22:05:19.678540', '2023-05-20 22:05:22.678540', 'False', 'None', 'SELECT last_name FROM Actors', '5', '1');
INSERT INTO "QueryColumnAccess" ("queryId", "columnId")
    VALUES ('24', '3');
INSERT INTO "QueryTableAccess" ("queryId", "tableId")
    VALUES ('24', '2');
SELECT 'date_of_birth' FROM Actors;
INSERT INTO "SqlQuery" ("queryId", "userId", "issuedAt", "finishedAt", "hasError", "errorMessage", "statement", "projectId", "queryTypeId")
    VALUES ('25', '4', '2023-05-30 22:05:19.678546', '2023-05-30 22:05:20.678546', 'False', 'None', 'SELECT date_of_birth FROM Actors', '5', '1');
INSERT INTO "QueryColumnAccess" ("queryId", "columnId")
    VALUES ('25', '4');
INSERT INTO "QueryTableAccess" ("queryId", "tableId")
    VALUES ('25', '2');
SELECT 'location' FROM Theaters;
INSERT INTO "SqlQuery" ("queryId", "userId", "issuedAt", "finishedAt", "hasError", "errorMessage", "statement", "projectId", "queryTypeId")
    VALUES ('26', '4', '2023-06-23 22:05:19.678553', '2023-06-23 22:05:22.678553', 'False', 'None', 'SELECT location FROM Theaters', '5', '1');
INSERT INTO "QueryColumnAccess" ("queryId", "columnId")
    VALUES ('26', '3');
INSERT INTO "QueryTableAccess" ("queryId", "tableId")
    VALUES ('26', '4');
SELECT 'genre' FROM Movies;
INSERT INTO "SqlQuery" ("queryId", "userId", "issuedAt", "finishedAt", "hasError", "errorMessage", "statement", "projectId", "queryTypeId")
    VALUES ('27', '7', '2023-06-07 22:05:19.678560', '2023-06-07 22:05:21.678560', 'False', 'None', 'SELECT genre FROM Movies', '5', '1');
INSERT INTO "QueryColumnAccess" ("queryId", "columnId")
    VALUES ('27', '4');
INSERT INTO "QueryTableAccess" ("queryId", "tableId")
    VALUES ('27', '1');
SELECT 'rating' FROM Reviews;
INSERT INTO "SqlQuery" ("queryId", "userId", "issuedAt", "finishedAt", "hasError", "errorMessage", "statement", "projectId", "queryTypeId")
    VALUES ('28', '3', '2023-05-24 22:05:19.678567', '2023-05-24 22:05:23.678567', 'False', 'None', 'SELECT rating FROM Reviews', '5', '1');
INSERT INTO "QueryColumnAccess" ("queryId", "columnId")
    VALUES ('28', '4');
INSERT INTO "QueryTableAccess" ("queryId", "tableId")
    VALUES ('28', '3');
SELECT 'user_id' FROM Reviews;
INSERT INTO "SqlQuery" ("queryId", "userId", "issuedAt", "finishedAt", "hasError", "errorMessage", "statement", "projectId", "queryTypeId")
    VALUES ('29', '12', '2023-05-27 22:05:19.678573', '2023-05-27 22:05:22.678573', 'False', 'None', 'SELECT user_id FROM Reviews', '5', '1');
INSERT INTO "QueryColumnAccess" ("queryId", "columnId")
    VALUES ('29', '3');
INSERT INTO "QueryTableAccess" ("queryId", "tableId")
    VALUES ('29', '3');
SELECT 'nationality' FROM Actors;
INSERT INTO "SqlQuery" ("queryId", "userId", "issuedAt", "finishedAt", "hasError", "errorMessage", "statement", "projectId", "queryTypeId")
    VALUES ('30', '6', '2023-04-27 22:05:19.678580', '2023-04-27 22:05:21.678580', 'False', 'None', 'SELECT nationality FROM Actors', '5', '1');
INSERT INTO "QueryColumnAccess" ("queryId", "columnId")
    VALUES ('30', '6');
INSERT INTO "QueryTableAccess" ("queryId", "tableId")
    VALUES ('30', '2');
SELECT 'rating' FROM Reviews;
INSERT INTO "SqlQuery" ("queryId", "userId", "issuedAt", "finishedAt", "hasError", "errorMessage", "statement", "projectId", "queryTypeId")
    VALUES ('31', '9', '2023-05-25 22:05:19.678588', '2023-05-25 22:05:21.678588', 'False', 'None', 'SELECT rating FROM Reviews', '5', '1');
INSERT INTO "QueryColumnAccess" ("queryId", "columnId")
    VALUES ('31', '4');
INSERT INTO "QueryTableAccess" ("queryId", "tableId")
    VALUES ('31', '3');
SELECT 'review_id' FROM Reviews;
INSERT INTO "SqlQuery" ("queryId", "userId", "issuedAt", "finishedAt", "hasError", "errorMessage", "statement", "projectId", "queryTypeId")
    VALUES ('32', '1', '2023-04-23 22:05:19.678595', '2023-04-23 22:05:22.678595', 'False', 'None', 'SELECT review_id FROM Reviews', '5', '1');
INSERT INTO "QueryColumnAccess" ("queryId", "columnId")
    VALUES ('32', '1');
INSERT INTO "QueryTableAccess" ("queryId", "tableId")
    VALUES ('32', '3');
SELECT 'theater_id' FROM Theaters;
INSERT INTO "SqlQuery" ("queryId", "userId", "issuedAt", "finishedAt", "hasError", "errorMessage", "statement", "projectId", "queryTypeId")
    VALUES ('33', '5', '2023-06-09 22:05:19.678603', '2023-06-09 22:05:21.678603', 'False', 'None', 'SELECT theater_id FROM Theaters', '5', '1');
INSERT INTO "QueryColumnAccess" ("queryId", "columnId")
    VALUES ('33', '1');
INSERT INTO "QueryTableAccess" ("queryId", "tableId")
    VALUES ('33', '4');
SELECT 'gender' FROM Actors;
INSERT INTO "SqlQuery" ("queryId", "userId", "issuedAt", "finishedAt", "hasError", "errorMessage", "statement", "projectId", "queryTypeId")
    VALUES ('34', '7', '2023-05-17 22:05:19.678610', '2023-05-17 22:05:21.678610', 'False', 'None', 'SELECT gender FROM Actors', '5', '1');
INSERT INTO "QueryColumnAccess" ("queryId", "columnId")
    VALUES ('34', '5');
INSERT INTO "QueryTableAccess" ("queryId", "tableId")
    VALUES ('34', '2');
SELECT 'rating' FROM Reviews;
INSERT INTO "SqlQuery" ("queryId", "userId", "issuedAt", "finishedAt", "hasError", "errorMessage", "statement", "projectId", "queryTypeId")
    VALUES ('35', '4', '2023-06-20 22:05:19.678617', '2023-06-20 22:05:21.678617', 'False', 'None', 'SELECT rating FROM Reviews', '5', '1');
INSERT INTO "QueryColumnAccess" ("queryId", "columnId")
    VALUES ('35', '4');
INSERT INTO "QueryTableAccess" ("queryId", "tableId")
    VALUES ('35', '3');
SELECT 'comment' FROM Reviews;
INSERT INTO "SqlQuery" ("queryId", "userId", "issuedAt", "finishedAt", "hasError", "errorMessage", "statement", "projectId", "queryTypeId")
    VALUES ('36', '4', '2023-06-24 22:05:19.678635', '2023-06-24 22:05:22.678635', 'False', 'None', 'SELECT comment FROM Reviews', '5', '1');
INSERT INTO "QueryColumnAccess" ("queryId", "columnId")
    VALUES ('36', '5');
INSERT INTO "QueryTableAccess" ("queryId", "tableId")
    VALUES ('36', '3');
SELECT 'genre' FROM Movies;
INSERT INTO "SqlQuery" ("queryId", "userId", "issuedAt", "finishedAt", "hasError", "errorMessage", "statement", "projectId", "queryTypeId")
    VALUES ('37', '8', '2023-06-28 22:05:19.678643', '2023-06-28 22:05:22.678643', 'False', 'None', 'SELECT genre FROM Movies', '5', '1');
INSERT INTO "QueryColumnAccess" ("queryId", "columnId")
    VALUES ('37', '4');
INSERT INTO "QueryTableAccess" ("queryId", "tableId")
    VALUES ('37', '1');
SELECT 'first_name' FROM Actors;
INSERT INTO "SqlQuery" ("queryId", "userId", "issuedAt", "finishedAt", "hasError", "errorMessage", "statement", "projectId", "queryTypeId")
    VALUES ('38', '6', '2023-05-05 22:05:19.678650', '2023-05-05 22:05:23.678650', 'False', 'None', 'SELECT first_name FROM Actors', '5', '1');
INSERT INTO "QueryColumnAccess" ("queryId", "columnId")
    VALUES ('38', '2');
INSERT INTO "QueryTableAccess" ("queryId", "tableId")
    VALUES ('38', '2');
SELECT 'last_name' FROM Actors;
INSERT INTO "SqlQuery" ("queryId", "userId", "issuedAt", "finishedAt", "hasError", "errorMessage", "statement", "projectId", "queryTypeId")
    VALUES ('39', '14', '2023-06-27 22:05:19.678657', '2023-06-27 22:05:20.678657', 'False', 'None', 'SELECT last_name FROM Actors', '5', '1');
INSERT INTO "QueryColumnAccess" ("queryId", "columnId")
    VALUES ('39', '3');
INSERT INTO "QueryTableAccess" ("queryId", "tableId")
    VALUES ('39', '2');
SELECT 'duration' FROM Movies;
INSERT INTO "SqlQuery" ("queryId", "userId", "issuedAt", "finishedAt", "hasError", "errorMessage", "statement", "projectId", "queryTypeId")
    VALUES ('40', '5', '2023-04-26 22:05:19.678664', '2023-04-26 22:05:20.678664', 'False', 'None', 'SELECT duration FROM Movies', '5', '1');
INSERT INTO "QueryColumnAccess" ("queryId", "columnId")
    VALUES ('40', '6');
INSERT INTO "QueryTableAccess" ("queryId", "tableId")
    VALUES ('40', '1');
SELECT 'theater_id' FROM Screenings;
INSERT INTO "SqlQuery" ("queryId", "userId", "issuedAt", "finishedAt", "hasError", "errorMessage", "statement", "projectId", "queryTypeId")
    VALUES ('41', '6', '2023-05-29 22:05:19.678670', '2023-05-29 22:05:20.678670', 'False', 'None', 'SELECT theater_id FROM Screenings', '5', '1');
INSERT INTO "QueryColumnAccess" ("queryId", "columnId")
    VALUES ('41', '3');
INSERT INTO "QueryTableAccess" ("queryId", "tableId")
    VALUES ('41', '5');
SELECT 'end_time' FROM Screenings;
INSERT INTO "SqlQuery" ("queryId", "userId", "issuedAt", "finishedAt", "hasError", "errorMessage", "statement", "projectId", "queryTypeId")
    VALUES ('42', '3', '2023-06-21 22:05:19.678677', '2023-06-21 22:05:23.678677', 'False', 'None', 'SELECT end_time FROM Screenings', '5', '1');
INSERT INTO "QueryColumnAccess" ("queryId", "columnId")
    VALUES ('42', '5');
INSERT INTO "QueryTableAccess" ("queryId", "tableId")
    VALUES ('42', '5');
SELECT 'movie_id' FROM Reviews;
INSERT INTO "SqlQuery" ("queryId", "userId", "issuedAt", "finishedAt", "hasError", "errorMessage", "statement", "projectId", "queryTypeId")
    VALUES ('43', '7', '2023-05-12 22:05:19.678684', '2023-05-12 22:05:21.678684', 'False', 'None', 'SELECT movie_id FROM Reviews', '5', '1');
INSERT INTO "QueryColumnAccess" ("queryId", "columnId")
    VALUES ('43', '2');
INSERT INTO "QueryTableAccess" ("queryId", "tableId")
    VALUES ('43', '3');
SELECT 'comment' FROM Reviews;
INSERT INTO "SqlQuery" ("queryId", "userId", "issuedAt", "finishedAt", "hasError", "errorMessage", "statement", "projectId", "queryTypeId")
    VALUES ('44', '1', '2023-05-03 22:05:19.678691', '2023-05-03 22:05:20.678691', 'False', 'None', 'SELECT comment FROM Reviews', '5', '1');
INSERT INTO "QueryColumnAccess" ("queryId", "columnId")
    VALUES ('44', '5');
INSERT INTO "QueryTableAccess" ("queryId", "tableId")
    VALUES ('44', '3');
SELECT 'theater_name' FROM Theaters;
INSERT INTO "SqlQuery" ("queryId", "userId", "issuedAt", "finishedAt", "hasError", "errorMessage", "statement", "projectId", "queryTypeId")
    VALUES ('45', '8', '2023-07-03 22:05:19.678697', '2023-07-03 22:05:20.678697', 'False', 'None', 'SELECT theater_name FROM Theaters', '5', '1');
INSERT INTO "QueryColumnAccess" ("queryId", "columnId")
    VALUES ('45', '2');
INSERT INTO "QueryTableAccess" ("queryId", "tableId")
    VALUES ('45', '4');
SELECT 'rating' FROM Movies;
INSERT INTO "SqlQuery" ("queryId", "userId", "issuedAt", "finishedAt", "hasError", "errorMessage", "statement", "projectId", "queryTypeId")
    VALUES ('46', '10', '2023-05-25 22:05:19.678704', '2023-05-25 22:05:20.678704', 'False', 'None', 'SELECT rating FROM Movies', '5', '1');
INSERT INTO "QueryColumnAccess" ("queryId", "columnId")
    VALUES ('46', '7');
INSERT INTO "QueryTableAccess" ("queryId", "tableId")
    VALUES ('46', '1');
SELECT 'ticket_price' FROM Screenings;
INSERT INTO "SqlQuery" ("queryId", "userId", "issuedAt", "finishedAt", "hasError", "errorMessage", "statement", "projectId", "queryTypeId")
    VALUES ('47', '8', '2023-07-10 22:05:19.678711', '2023-07-10 22:05:21.678711', 'False', 'None', 'SELECT ticket_price FROM Screenings', '5', '1');
INSERT INTO "QueryColumnAccess" ("queryId", "columnId")
    VALUES ('47', '6');
INSERT INTO "QueryTableAccess" ("queryId", "tableId")
    VALUES ('47', '5');
SELECT 'theater_id' FROM Screenings;
INSERT INTO "SqlQuery" ("queryId", "userId", "issuedAt", "finishedAt", "hasError", "errorMessage", "statement", "projectId", "queryTypeId")
    VALUES ('48', '8', '2023-07-08 22:05:19.678718', '2023-07-08 22:05:23.678718', 'False', 'None', 'SELECT theater_id FROM Screenings', '5', '1');
INSERT INTO "QueryColumnAccess" ("queryId", "columnId")
    VALUES ('48', '3');
INSERT INTO "QueryTableAccess" ("queryId", "tableId")
    VALUES ('48', '5');
SELECT 'location' FROM Theaters;
INSERT INTO "SqlQuery" ("queryId", "userId", "issuedAt", "finishedAt", "hasError", "errorMessage", "statement", "projectId", "queryTypeId")
    VALUES ('49', '2', '2023-05-10 22:05:19.678725', '2023-05-10 22:05:20.678725', 'False', 'None', 'SELECT location FROM Theaters', '5', '1');
INSERT INTO "QueryColumnAccess" ("queryId", "columnId")
    VALUES ('49', '3');
INSERT INTO "QueryTableAccess" ("queryId", "tableId")
    VALUES ('49', '4');
SELECT 'capacity' FROM Theaters;
INSERT INTO "SqlQuery" ("queryId", "userId", "issuedAt", "finishedAt", "hasError", "errorMessage", "statement", "projectId", "queryTypeId")
    VALUES ('50', '8', '2023-04-13 22:05:19.678732', '2023-04-13 22:05:20.678732', 'False', 'None', 'SELECT capacity FROM Theaters', '5', '1');
INSERT INTO "QueryColumnAccess" ("queryId", "columnId")
    VALUES ('50', '4');
INSERT INTO "QueryTableAccess" ("queryId", "tableId")
    VALUES ('50', '4');
SELECT 'rating' FROM Reviews;
INSERT INTO "SqlQuery" ("queryId", "userId", "issuedAt", "finishedAt", "hasError", "errorMessage", "statement", "projectId", "queryTypeId")
    VALUES ('51', '2', '2023-07-02 22:05:19.678738', '2023-07-02 22:05:22.678738', 'False', 'None', 'SELECT rating FROM Reviews', '5', '1');
INSERT INTO "QueryColumnAccess" ("queryId", "columnId")
    VALUES ('51', '4');
INSERT INTO "QueryTableAccess" ("queryId", "tableId")
    VALUES ('51', '3');
SELECT 'screening_id' FROM Screenings;
INSERT INTO "SqlQuery" ("queryId", "userId", "issuedAt", "finishedAt", "hasError", "errorMessage", "statement", "projectId", "queryTypeId")
    VALUES ('52', '2', '2023-06-13 22:05:19.678745', '2023-06-13 22:05:20.678745', 'False', 'None', 'SELECT screening_id FROM Screenings', '5', '1');
INSERT INTO "QueryColumnAccess" ("queryId", "columnId")
    VALUES ('52', '1');
INSERT INTO "QueryTableAccess" ("queryId", "tableId")
    VALUES ('52', '5');
SELECT 'duration' FROM Movies;
INSERT INTO "SqlQuery" ("queryId", "userId", "issuedAt", "finishedAt", "hasError", "errorMessage", "statement", "projectId", "queryTypeId")
    VALUES ('53', '8', '2023-05-05 22:05:19.678766', '2023-05-05 22:05:23.678766', 'False', 'None', 'SELECT duration FROM Movies', '5', '1');
INSERT INTO "QueryColumnAccess" ("queryId", "columnId")
    VALUES ('53', '6');
INSERT INTO "QueryTableAccess" ("queryId", "tableId")
    VALUES ('53', '1');
SELECT 'review_id' FROM Reviews;
INSERT INTO "SqlQuery" ("queryId", "userId", "issuedAt", "finishedAt", "hasError", "errorMessage", "statement", "projectId", "queryTypeId")
    VALUES ('54', '6', '2023-04-16 22:05:19.678774', '2023-04-16 22:05:23.678774', 'False', 'None', 'SELECT review_id FROM Reviews', '5', '1');
INSERT INTO "QueryColumnAccess" ("queryId", "columnId")
    VALUES ('54', '1');
INSERT INTO "QueryTableAccess" ("queryId", "tableId")
    VALUES ('54', '3');
SELECT 'location' FROM Theaters;
INSERT INTO "SqlQuery" ("queryId", "userId", "issuedAt", "finishedAt", "hasError", "errorMessage", "statement", "projectId", "queryTypeId")
    VALUES ('55', '5', '2023-06-13 22:05:19.678780', '2023-06-13 22:05:23.678780', 'False', 'None', 'SELECT location FROM Theaters', '5', '1');
INSERT INTO "QueryColumnAccess" ("queryId", "columnId")
    VALUES ('55', '3');
INSERT INTO "QueryTableAccess" ("queryId", "tableId")
    VALUES ('55', '4');
SELECT 'user_id' FROM Reviews;
INSERT INTO "SqlQuery" ("queryId", "userId", "issuedAt", "finishedAt", "hasError", "errorMessage", "statement", "projectId", "queryTypeId")
    VALUES ('56', '7', '2023-05-09 22:05:19.678786', '2023-05-09 22:05:21.678786', 'False', 'None', 'SELECT user_id FROM Reviews', '5', '1');
INSERT INTO "QueryColumnAccess" ("queryId", "columnId")
    VALUES ('56', '3');
INSERT INTO "QueryTableAccess" ("queryId", "tableId")
    VALUES ('56', '3');
SELECT 'nationality' FROM Actors;
INSERT INTO "SqlQuery" ("queryId", "userId", "issuedAt", "finishedAt", "hasError", "errorMessage", "statement", "projectId", "queryTypeId")
    VALUES ('57', '4', '2023-05-10 22:05:19.678793', '2023-05-10 22:05:22.678793', 'False', 'None', 'SELECT nationality FROM Actors', '5', '1');
INSERT INTO "QueryColumnAccess" ("queryId", "columnId")
    VALUES ('57', '6');
INSERT INTO "QueryTableAccess" ("queryId", "tableId")
    VALUES ('57', '2');
SELECT 'first_name' FROM Actors;
INSERT INTO "SqlQuery" ("queryId", "userId", "issuedAt", "finishedAt", "hasError", "errorMessage", "statement", "projectId", "queryTypeId")
    VALUES ('58', '10', '2023-04-14 22:05:19.678799', '2023-04-14 22:05:22.678799', 'False', 'None', 'SELECT first_name FROM Actors', '5', '1');
INSERT INTO "QueryColumnAccess" ("queryId", "columnId")
    VALUES ('58', '2');
INSERT INTO "QueryTableAccess" ("queryId", "tableId")
    VALUES ('58', '2');
SELECT 'phone_number' FROM Theaters;
INSERT INTO "SqlQuery" ("queryId", "userId", "issuedAt", "finishedAt", "hasError", "errorMessage", "statement", "projectId", "queryTypeId")
    VALUES ('59', '13', '2023-04-19 22:05:19.678805', '2023-04-19 22:05:20.678805', 'False', 'None', 'SELECT phone_number FROM Theaters', '5', '1');
INSERT INTO "QueryColumnAccess" ("queryId", "columnId")
    VALUES ('59', '5');
INSERT INTO "QueryTableAccess" ("queryId", "tableId")
    VALUES ('59', '4');
SELECT 'user_id' FROM Reviews;
INSERT INTO "SqlQuery" ("queryId", "userId", "issuedAt", "finishedAt", "hasError", "errorMessage", "statement", "projectId", "queryTypeId")
    VALUES ('60', '7', '2023-06-20 22:05:19.678812', '2023-06-20 22:05:20.678812', 'False', 'None', 'SELECT user_id FROM Reviews', '5', '1');
INSERT INTO "QueryColumnAccess" ("queryId", "columnId")
    VALUES ('60', '3');
INSERT INTO "QueryTableAccess" ("queryId", "tableId")
    VALUES ('60', '3');
SELECT 'first_name' FROM Actors;
INSERT INTO "SqlQuery" ("queryId", "userId", "issuedAt", "finishedAt", "hasError", "errorMessage", "statement", "projectId", "queryTypeId")
    VALUES ('61', '14', '2023-05-04 22:05:19.678818', '2023-05-04 22:05:20.678818', 'False', 'None', 'SELECT first_name FROM Actors', '5', '1');
INSERT INTO "QueryColumnAccess" ("queryId", "columnId")
    VALUES ('61', '2');
INSERT INTO "QueryTableAccess" ("queryId", "tableId")
    VALUES ('61', '2');
SELECT 'date_of_birth' FROM Actors;
INSERT INTO "SqlQuery" ("queryId", "userId", "issuedAt", "finishedAt", "hasError", "errorMessage", "statement", "projectId", "queryTypeId")
    VALUES ('62', '8', '2023-06-18 22:05:19.678824', '2023-06-18 22:05:23.678824', 'False', 'None', 'SELECT date_of_birth FROM Actors', '5', '1');
INSERT INTO "QueryColumnAccess" ("queryId", "columnId")
    VALUES ('62', '4');
INSERT INTO "QueryTableAccess" ("queryId", "tableId")
    VALUES ('62', '2');
SELECT 'nationality' FROM Actors;
INSERT INTO "SqlQuery" ("queryId", "userId", "issuedAt", "finishedAt", "hasError", "errorMessage", "statement", "projectId", "queryTypeId")
    VALUES ('63', '5', '2023-07-05 22:05:19.678831', '2023-07-05 22:05:23.678831', 'False', 'None', 'SELECT nationality FROM Actors', '5', '1');
INSERT INTO "QueryColumnAccess" ("queryId", "columnId")
    VALUES ('63', '6');
INSERT INTO "QueryTableAccess" ("queryId", "tableId")
    VALUES ('63', '2');
SELECT 'theater_id' FROM Screenings;
INSERT INTO "SqlQuery" ("queryId", "userId", "issuedAt", "finishedAt", "hasError", "errorMessage", "statement", "projectId", "queryTypeId")
    VALUES ('64', '11', '2023-06-27 22:05:19.678837', '2023-06-27 22:05:23.678837', 'False', 'None', 'SELECT theater_id FROM Screenings', '5', '1');
INSERT INTO "QueryColumnAccess" ("queryId", "columnId")
    VALUES ('64', '3');
INSERT INTO "QueryTableAccess" ("queryId", "tableId")
    VALUES ('64', '5');
SELECT 'user_id' FROM Reviews;
INSERT INTO "SqlQuery" ("queryId", "userId", "issuedAt", "finishedAt", "hasError", "errorMessage", "statement", "projectId", "queryTypeId")
    VALUES ('65', '15', '2023-05-29 22:05:19.678844', '2023-05-29 22:05:23.678844', 'False', 'None', 'SELECT user_id FROM Reviews', '5', '1');
INSERT INTO "QueryColumnAccess" ("queryId", "columnId")
    VALUES ('65', '3');
INSERT INTO "QueryTableAccess" ("queryId", "tableId")
    VALUES ('65', '3');
SELECT 'title' FROM Movies;
INSERT INTO "SqlQuery" ("queryId", "userId", "issuedAt", "finishedAt", "hasError", "errorMessage", "statement", "projectId", "queryTypeId")
    VALUES ('66', '6', '2023-04-28 22:05:19.678850', '2023-04-28 22:05:22.678850', 'False', 'None', 'SELECT title FROM Movies', '5', '1');
INSERT INTO "QueryColumnAccess" ("queryId", "columnId")
    VALUES ('66', '2');
INSERT INTO "QueryTableAccess" ("queryId", "tableId")
    VALUES ('66', '1');
SELECT 'movie_id' FROM Reviews;
INSERT INTO "SqlQuery" ("queryId", "userId", "issuedAt", "finishedAt", "hasError", "errorMessage", "statement", "projectId", "queryTypeId")
    VALUES ('67', '12', '2023-07-05 22:05:19.678856', '2023-07-05 22:05:22.678856', 'False', 'None', 'SELECT movie_id FROM Reviews', '5', '1');
INSERT INTO "QueryColumnAccess" ("queryId", "columnId")
    VALUES ('67', '2');
INSERT INTO "QueryTableAccess" ("queryId", "tableId")
    VALUES ('67', '3');
SELECT 'date_of_birth' FROM Actors;
INSERT INTO "SqlQuery" ("queryId", "userId", "issuedAt", "finishedAt", "hasError", "errorMessage", "statement", "projectId", "queryTypeId")
    VALUES ('68', '11', '2023-06-21 22:05:19.678862', '2023-06-21 22:05:23.678862', 'False', 'None', 'SELECT date_of_birth FROM Actors', '5', '1');
INSERT INTO "QueryColumnAccess" ("queryId", "columnId")
    VALUES ('68', '4');
INSERT INTO "QueryTableAccess" ("queryId", "tableId")
    VALUES ('68', '2');
SELECT 'user_id' FROM Reviews;
INSERT INTO "SqlQuery" ("queryId", "userId", "issuedAt", "finishedAt", "hasError", "errorMessage", "statement", "projectId", "queryTypeId")
    VALUES ('69', '14', '2023-06-10 22:05:19.678869', '2023-06-10 22:05:21.678869', 'False', 'None', 'SELECT user_id FROM Reviews', '5', '1');
INSERT INTO "QueryColumnAccess" ("queryId", "columnId")
    VALUES ('69', '3');
INSERT INTO "QueryTableAccess" ("queryId", "tableId")
    VALUES ('69', '3');
SELECT 'review_date' FROM Reviews;
INSERT INTO "SqlQuery" ("queryId", "userId", "issuedAt", "finishedAt", "hasError", "errorMessage", "statement", "projectId", "queryTypeId")
    VALUES ('70', '3', '2023-04-17 22:05:19.678886', '2023-04-17 22:05:20.678886', 'False', 'None', 'SELECT review_date FROM Reviews', '5', '1');
INSERT INTO "QueryColumnAccess" ("queryId", "columnId")
    VALUES ('70', '6');
INSERT INTO "QueryTableAccess" ("queryId", "tableId")
    VALUES ('70', '3');
SELECT 'actor_id' FROM Actors;
INSERT INTO "SqlQuery" ("queryId", "userId", "issuedAt", "finishedAt", "hasError", "errorMessage", "statement", "projectId", "queryTypeId")
    VALUES ('71', '3', '2023-05-03 22:05:19.678893', '2023-05-03 22:05:20.678893', 'False', 'None', 'SELECT actor_id FROM Actors', '5', '1');
INSERT INTO "QueryColumnAccess" ("queryId", "columnId")
    VALUES ('71', '1');
INSERT INTO "QueryTableAccess" ("queryId", "tableId")
    VALUES ('71', '2');
SELECT 'genre' FROM Movies;
INSERT INTO "SqlQuery" ("queryId", "userId", "issuedAt", "finishedAt", "hasError", "errorMessage", "statement", "projectId", "queryTypeId")
    VALUES ('72', '9', '2023-05-09 22:05:19.678899', '2023-05-09 22:05:20.678899', 'False', 'None', 'SELECT genre FROM Movies', '5', '1');
INSERT INTO "QueryColumnAccess" ("queryId", "columnId")
    VALUES ('72', '4');
INSERT INTO "QueryTableAccess" ("queryId", "tableId")
    VALUES ('72', '1');
SELECT 'review_id' FROM Reviews;
INSERT INTO "SqlQuery" ("queryId", "userId", "issuedAt", "finishedAt", "hasError", "errorMessage", "statement", "projectId", "queryTypeId")
    VALUES ('73', '6', '2023-05-07 22:05:19.678905', '2023-05-07 22:05:23.678905', 'False', 'None', 'SELECT review_id FROM Reviews', '5', '1');
INSERT INTO "QueryColumnAccess" ("queryId", "columnId")
    VALUES ('73', '1');
INSERT INTO "QueryTableAccess" ("queryId", "tableId")
    VALUES ('73', '3');
SELECT 'last_name' FROM Actors;
INSERT INTO "SqlQuery" ("queryId", "userId", "issuedAt", "finishedAt", "hasError", "errorMessage", "statement", "projectId", "queryTypeId")
    VALUES ('74', '1', '2023-04-25 22:05:19.678912', '2023-04-25 22:05:21.678912', 'False', 'None', 'SELECT last_name FROM Actors', '5', '1');
INSERT INTO "QueryColumnAccess" ("queryId", "columnId")
    VALUES ('74', '3');
INSERT INTO "QueryTableAccess" ("queryId", "tableId")
    VALUES ('74', '2');
SELECT 'duration' FROM Movies;
INSERT INTO "SqlQuery" ("queryId", "userId", "issuedAt", "finishedAt", "hasError", "errorMessage", "statement", "projectId", "queryTypeId")
    VALUES ('75', '7', '2023-05-19 22:05:19.678918', '2023-05-19 22:05:22.678918', 'False', 'None', 'SELECT duration FROM Movies', '5', '1');
INSERT INTO "QueryColumnAccess" ("queryId", "columnId")
    VALUES ('75', '6');
INSERT INTO "QueryTableAccess" ("queryId", "tableId")
    VALUES ('75', '1');
SELECT 'date_of_birth' FROM Actors;
INSERT INTO "SqlQuery" ("queryId", "userId", "issuedAt", "finishedAt", "hasError", "errorMessage", "statement", "projectId", "queryTypeId")
    VALUES ('76', '6', '2023-05-22 22:05:19.678924', '2023-05-22 22:05:23.678924', 'False', 'None', 'SELECT date_of_birth FROM Actors', '5', '1');
INSERT INTO "QueryColumnAccess" ("queryId", "columnId")
    VALUES ('76', '4');
INSERT INTO "QueryTableAccess" ("queryId", "tableId")
    VALUES ('76', '2');
SELECT 'theater_id' FROM Screenings;
INSERT INTO "SqlQuery" ("queryId", "userId", "issuedAt", "finishedAt", "hasError", "errorMessage", "statement", "projectId", "queryTypeId")
    VALUES ('77', '10', '2023-06-21 22:05:19.678931', '2023-06-21 22:05:23.678931', 'False', 'None', 'SELECT theater_id FROM Screenings', '5', '1');
INSERT INTO "QueryColumnAccess" ("queryId", "columnId")
    VALUES ('77', '3');
INSERT INTO "QueryTableAccess" ("queryId", "tableId")
    VALUES ('77', '5');
SELECT 'review_id' FROM Reviews;
INSERT INTO "SqlQuery" ("queryId", "userId", "issuedAt", "finishedAt", "hasError", "errorMessage", "statement", "projectId", "queryTypeId")
    VALUES ('78', '1', '2023-06-25 22:05:19.678937', '2023-06-25 22:05:20.678937', 'False', 'None', 'SELECT review_id FROM Reviews', '5', '1');
INSERT INTO "QueryColumnAccess" ("queryId", "columnId")
    VALUES ('78', '1');
INSERT INTO "QueryTableAccess" ("queryId", "tableId")
    VALUES ('78', '3');
SELECT 'release_date' FROM Movies;
INSERT INTO "SqlQuery" ("queryId", "userId", "issuedAt", "finishedAt", "hasError", "errorMessage", "statement", "projectId", "queryTypeId")
    VALUES ('79', '5', '2023-07-06 22:05:19.678944', '2023-07-06 22:05:23.678944', 'False', 'None', 'SELECT release_date FROM Movies', '5', '1');
INSERT INTO "QueryColumnAccess" ("queryId", "columnId")
    VALUES ('79', '3');
INSERT INTO "QueryTableAccess" ("queryId", "tableId")
    VALUES ('79', '1');
SELECT 'rating' FROM Reviews;
INSERT INTO "SqlQuery" ("queryId", "userId", "issuedAt", "finishedAt", "hasError", "errorMessage", "statement", "projectId", "queryTypeId")
    VALUES ('80', '3', '2023-06-21 22:05:19.678950', '2023-06-21 22:05:22.678950', 'False', 'None', 'SELECT rating FROM Reviews', '5', '1');
INSERT INTO "QueryColumnAccess" ("queryId", "columnId")
    VALUES ('80', '4');
INSERT INTO "QueryTableAccess" ("queryId", "tableId")
    VALUES ('80', '3');
SELECT 'user_id' FROM Reviews;
INSERT INTO "SqlQuery" ("queryId", "userId", "issuedAt", "finishedAt", "hasError", "errorMessage", "statement", "projectId", "queryTypeId")
    VALUES ('81', '13', '2023-06-13 22:05:19.678956', '2023-06-13 22:05:23.678956', 'False', 'None', 'SELECT user_id FROM Reviews', '5', '1');
INSERT INTO "QueryColumnAccess" ("queryId", "columnId")
    VALUES ('81', '3');
INSERT INTO "QueryTableAccess" ("queryId", "tableId")
    VALUES ('81', '3');
SELECT 'rating' FROM Movies;
INSERT INTO "SqlQuery" ("queryId", "userId", "issuedAt", "finishedAt", "hasError", "errorMessage", "statement", "projectId", "queryTypeId")
    VALUES ('82', '8', '2023-05-04 22:05:19.678962', '2023-05-04 22:05:23.678962', 'False', 'None', 'SELECT rating FROM Movies', '5', '1');
INSERT INTO "QueryColumnAccess" ("queryId", "columnId")
    VALUES ('82', '7');
INSERT INTO "QueryTableAccess" ("queryId", "tableId")
    VALUES ('82', '1');
SELECT 'last_name' FROM Actors;
INSERT INTO "SqlQuery" ("queryId", "userId", "issuedAt", "finishedAt", "hasError", "errorMessage", "statement", "projectId", "queryTypeId")
    VALUES ('83', '11', '2023-05-09 22:05:19.678969', '2023-05-09 22:05:23.678969', 'False', 'None', 'SELECT last_name FROM Actors', '5', '1');
INSERT INTO "QueryColumnAccess" ("queryId", "columnId")
    VALUES ('83', '3');
INSERT INTO "QueryTableAccess" ("queryId", "tableId")
    VALUES ('83', '2');
SELECT 'rating' FROM Reviews;
INSERT INTO "SqlQuery" ("queryId", "userId", "issuedAt", "finishedAt", "hasError", "errorMessage", "statement", "projectId", "queryTypeId")
    VALUES ('84', '8', '2023-07-05 22:05:19.678975', '2023-07-05 22:05:23.678975', 'False', 'None', 'SELECT rating FROM Reviews', '5', '1');
INSERT INTO "QueryColumnAccess" ("queryId", "columnId")
    VALUES ('84', '4');
INSERT INTO "QueryTableAccess" ("queryId", "tableId")
    VALUES ('84', '3');
SELECT 'nationality' FROM Actors;
INSERT INTO "SqlQuery" ("queryId", "userId", "issuedAt", "finishedAt", "hasError", "errorMessage", "statement", "projectId", "queryTypeId")
    VALUES ('85', '5', '2023-07-10 22:05:19.678981', '2023-07-10 22:05:20.678981', 'False', 'None', 'SELECT nationality FROM Actors', '5', '1');
INSERT INTO "QueryColumnAccess" ("queryId", "columnId")
    VALUES ('85', '6');
INSERT INTO "QueryTableAccess" ("queryId", "tableId")
    VALUES ('85', '2');
SELECT 'duration' FROM Movies;
INSERT INTO "SqlQuery" ("queryId", "userId", "issuedAt", "finishedAt", "hasError", "errorMessage", "statement", "projectId", "queryTypeId")
    VALUES ('86', '14', '2023-05-27 22:05:19.678988', '2023-05-27 22:05:20.678988', 'False', 'None', 'SELECT duration FROM Movies', '5', '1');
INSERT INTO "QueryColumnAccess" ("queryId", "columnId")
    VALUES ('86', '6');
INSERT INTO "QueryTableAccess" ("queryId", "tableId")
    VALUES ('86', '1');
SELECT 'first_name' FROM Actors;
INSERT INTO "SqlQuery" ("queryId", "userId", "issuedAt", "finishedAt", "hasError", "errorMessage", "statement", "projectId", "queryTypeId")
    VALUES ('87', '2', '2023-06-27 22:05:19.679003', '2023-06-27 22:05:23.679003', 'False', 'None', 'SELECT first_name FROM Actors', '5', '1');
INSERT INTO "QueryColumnAccess" ("queryId", "columnId")
    VALUES ('87', '2');
INSERT INTO "QueryTableAccess" ("queryId", "tableId")
    VALUES ('87', '2');
SELECT 'nationality' FROM Actors;
INSERT INTO "SqlQuery" ("queryId", "userId", "issuedAt", "finishedAt", "hasError", "errorMessage", "statement", "projectId", "queryTypeId")
    VALUES ('88', '9', '2023-05-05 22:05:19.679010', '2023-05-05 22:05:20.679010', 'False', 'None', 'SELECT nationality FROM Actors', '5', '1');
INSERT INTO "QueryColumnAccess" ("queryId", "columnId")
    VALUES ('88', '6');
INSERT INTO "QueryTableAccess" ("queryId", "tableId")
    VALUES ('88', '2');
SELECT 'theater_name' FROM Theaters;
INSERT INTO "SqlQuery" ("queryId", "userId", "issuedAt", "finishedAt", "hasError", "errorMessage", "statement", "projectId", "queryTypeId")
    VALUES ('89', '15', '2023-07-02 22:05:19.679016', '2023-07-02 22:05:20.679016', 'False', 'None', 'SELECT theater_name FROM Theaters', '5', '1');
INSERT INTO "QueryColumnAccess" ("queryId", "columnId")
    VALUES ('89', '2');
INSERT INTO "QueryTableAccess" ("queryId", "tableId")
    VALUES ('89', '4');
SELECT 'theater_id' FROM Theaters;
INSERT INTO "SqlQuery" ("queryId", "userId", "issuedAt", "finishedAt", "hasError", "errorMessage", "statement", "projectId", "queryTypeId")
    VALUES ('90', '8', '2023-05-20 22:05:19.679023', '2023-05-20 22:05:23.679023', 'False', 'None', 'SELECT theater_id FROM Theaters', '5', '1');
INSERT INTO "QueryColumnAccess" ("queryId", "columnId")
    VALUES ('90', '1');
INSERT INTO "QueryTableAccess" ("queryId", "tableId")
    VALUES ('90', '4');
SELECT 'theater_id' FROM Theaters;
INSERT INTO "SqlQuery" ("queryId", "userId", "issuedAt", "finishedAt", "hasError", "errorMessage", "statement", "projectId", "queryTypeId")
    VALUES ('91', '13', '2023-05-16 22:05:19.679030', '2023-05-16 22:05:23.679030', 'False', 'None', 'SELECT theater_id FROM Theaters', '5', '1');
INSERT INTO "QueryColumnAccess" ("queryId", "columnId")
    VALUES ('91', '1');
INSERT INTO "QueryTableAccess" ("queryId", "tableId")
    VALUES ('91', '4');
SELECT 'movie_id' FROM Movies;
INSERT INTO "SqlQuery" ("queryId", "userId", "issuedAt", "finishedAt", "hasError", "errorMessage", "statement", "projectId", "queryTypeId")
    VALUES ('92', '11', '2023-05-15 22:05:19.679036', '2023-05-15 22:05:21.679036', 'False', 'None', 'SELECT movie_id FROM Movies', '5', '1');
INSERT INTO "QueryColumnAccess" ("queryId", "columnId")
    VALUES ('92', '1');
INSERT INTO "QueryTableAccess" ("queryId", "tableId")
    VALUES ('92', '1');
SELECT 'title' FROM Movies;
INSERT INTO "SqlQuery" ("queryId", "userId", "issuedAt", "finishedAt", "hasError", "errorMessage", "statement", "projectId", "queryTypeId")
    VALUES ('93', '8', '2023-06-09 22:05:19.679042', '2023-06-09 22:05:23.679042', 'False', 'None', 'SELECT title FROM Movies', '5', '1');
INSERT INTO "QueryColumnAccess" ("queryId", "columnId")
    VALUES ('93', '2');
INSERT INTO "QueryTableAccess" ("queryId", "tableId")
    VALUES ('93', '1');
SELECT 'comment' FROM Reviews;
INSERT INTO "SqlQuery" ("queryId", "userId", "issuedAt", "finishedAt", "hasError", "errorMessage", "statement", "projectId", "queryTypeId")
    VALUES ('94', '7', '2023-06-25 22:05:19.679049', '2023-06-25 22:05:20.679049', 'False', 'None', 'SELECT comment FROM Reviews', '5', '1');
INSERT INTO "QueryColumnAccess" ("queryId", "columnId")
    VALUES ('94', '5');
INSERT INTO "QueryTableAccess" ("queryId", "tableId")
    VALUES ('94', '3');
SELECT 'nationality' FROM Actors;
INSERT INTO "SqlQuery" ("queryId", "userId", "issuedAt", "finishedAt", "hasError", "errorMessage", "statement", "projectId", "queryTypeId")
    VALUES ('95', '6', '2023-05-12 22:05:19.679055', '2023-05-12 22:05:22.679055', 'False', 'None', 'SELECT nationality FROM Actors', '5', '1');
INSERT INTO "QueryColumnAccess" ("queryId", "columnId")
    VALUES ('95', '6');
INSERT INTO "QueryTableAccess" ("queryId", "tableId")
    VALUES ('95', '2');
SELECT 'gender' FROM Actors;
INSERT INTO "SqlQuery" ("queryId", "userId", "issuedAt", "finishedAt", "hasError", "errorMessage", "statement", "projectId", "queryTypeId")
    VALUES ('96', '3', '2023-05-21 22:05:19.679061', '2023-05-21 22:05:20.679061', 'False', 'None', 'SELECT gender FROM Actors', '5', '1');
INSERT INTO "QueryColumnAccess" ("queryId", "columnId")
    VALUES ('96', '5');
INSERT INTO "QueryTableAccess" ("queryId", "tableId")
    VALUES ('96', '2');
SELECT 'comment' FROM Reviews;
INSERT INTO "SqlQuery" ("queryId", "userId", "issuedAt", "finishedAt", "hasError", "errorMessage", "statement", "projectId", "queryTypeId")
    VALUES ('97', '3', '2023-04-26 22:05:19.679067', '2023-04-26 22:05:20.679067', 'False', 'None', 'SELECT comment FROM Reviews', '5', '1');
INSERT INTO "QueryColumnAccess" ("queryId", "columnId")
    VALUES ('97', '5');
INSERT INTO "QueryTableAccess" ("queryId", "tableId")
    VALUES ('97', '3');
SELECT 'first_name' FROM Actors;
INSERT INTO "SqlQuery" ("queryId", "userId", "issuedAt", "finishedAt", "hasError", "errorMessage", "statement", "projectId", "queryTypeId")
    VALUES ('98', '13', '2023-06-21 22:05:19.679074', '2023-06-21 22:05:21.679074', 'False', 'None', 'SELECT first_name FROM Actors', '5', '1');
INSERT INTO "QueryColumnAccess" ("queryId", "columnId")
    VALUES ('98', '2');
INSERT INTO "QueryTableAccess" ("queryId", "tableId")
    VALUES ('98', '2');
SELECT 'movie_id' FROM Movies;
INSERT INTO "SqlQuery" ("queryId", "userId", "issuedAt", "finishedAt", "hasError", "errorMessage", "statement", "projectId", "queryTypeId")
    VALUES ('99', '7', '2023-04-23 22:05:19.679080', '2023-04-23 22:05:20.679080', 'False', 'None', 'SELECT movie_id FROM Movies', '5', '1');
INSERT INTO "QueryColumnAccess" ("queryId", "columnId")
    VALUES ('99', '1');
INSERT INTO "QueryTableAccess" ("queryId", "tableId")
    VALUES ('99', '1');
SELECT 'duration' FROM Movies;
INSERT INTO "SqlQuery" ("queryId", "userId", "issuedAt", "finishedAt", "hasError", "errorMessage", "statement", "projectId", "queryTypeId")
    VALUES ('100', '9', '2023-05-02 22:05:19.679086', '2023-05-02 22:05:22.679086', 'False', 'None', 'SELECT duration FROM Movies', '5', '1');
INSERT INTO "QueryColumnAccess" ("queryId", "columnId")
    VALUES ('100', '6');
INSERT INTO "QueryTableAccess" ("queryId", "tableId")
    VALUES ('100', '1');
SELECT 'review_date' FROM Reviews;
INSERT INTO "SqlQuery" ("queryId", "userId", "issuedAt", "finishedAt", "hasError", "errorMessage", "statement", "projectId", "queryTypeId")
    VALUES ('101', '11', '2023-05-13 22:05:19.679092', '2023-05-13 22:05:23.679092', 'False', 'None', 'SELECT review_date FROM Reviews', '5', '1');
INSERT INTO "QueryColumnAccess" ("queryId", "columnId")
    VALUES ('101', '6');
INSERT INTO "QueryTableAccess" ("queryId", "tableId")
    VALUES ('101', '3');
SELECT 'phone_number' FROM Theaters;
INSERT INTO "SqlQuery" ("queryId", "userId", "issuedAt", "finishedAt", "hasError", "errorMessage", "statement", "projectId", "queryTypeId")
    VALUES ('102', '8', '2023-05-06 22:05:19.679099', '2023-05-06 22:05:20.679099', 'False', 'None', 'SELECT phone_number FROM Theaters', '5', '1');
INSERT INTO "QueryColumnAccess" ("queryId", "columnId")
    VALUES ('102', '5');
INSERT INTO "QueryTableAccess" ("queryId", "tableId")
    VALUES ('102', '4');
SELECT 'theater_id' FROM Theaters;
INSERT INTO "SqlQuery" ("queryId", "userId", "issuedAt", "finishedAt", "hasError", "errorMessage", "statement", "projectId", "queryTypeId")
    VALUES ('103', '8', '2023-06-12 22:05:19.679105', '2023-06-12 22:05:23.679105', 'False', 'None', 'SELECT theater_id FROM Theaters', '5', '1');
INSERT INTO "QueryColumnAccess" ("queryId", "columnId")
    VALUES ('103', '1');
INSERT INTO "QueryTableAccess" ("queryId", "tableId")
    VALUES ('103', '4');
SELECT 'gender' FROM Actors;
INSERT INTO "SqlQuery" ("queryId", "userId", "issuedAt", "finishedAt", "hasError", "errorMessage", "statement", "projectId", "queryTypeId")
    VALUES ('104', '11', '2023-06-25 22:05:19.679120', '2023-06-25 22:05:21.679120', 'False', 'None', 'SELECT gender FROM Actors', '5', '1');
INSERT INTO "QueryColumnAccess" ("queryId", "columnId")
    VALUES ('104', '5');
INSERT INTO "QueryTableAccess" ("queryId", "tableId")
    VALUES ('104', '2');
SELECT 'duration' FROM Movies;
INSERT INTO "SqlQuery" ("queryId", "userId", "issuedAt", "finishedAt", "hasError", "errorMessage", "statement", "projectId", "queryTypeId")
    VALUES ('105', '10', '2023-07-09 22:05:19.679127', '2023-07-09 22:05:22.679127', 'False', 'None', 'SELECT duration FROM Movies', '5', '1');
INSERT INTO "QueryColumnAccess" ("queryId", "columnId")
    VALUES ('105', '6');
INSERT INTO "QueryTableAccess" ("queryId", "tableId")
    VALUES ('105', '1');
SELECT 'last_name' FROM Actors;
INSERT INTO "SqlQuery" ("queryId", "userId", "issuedAt", "finishedAt", "hasError", "errorMessage", "statement", "projectId", "queryTypeId")
    VALUES ('106', '8', '2023-07-08 22:05:19.679133', '2023-07-08 22:05:22.679133', 'False', 'None', 'SELECT last_name FROM Actors', '5', '1');
INSERT INTO "QueryColumnAccess" ("queryId", "columnId")
    VALUES ('106', '3');
INSERT INTO "QueryTableAccess" ("queryId", "tableId")
    VALUES ('106', '2');
SELECT 'gender' FROM Actors;
INSERT INTO "SqlQuery" ("queryId", "userId", "issuedAt", "finishedAt", "hasError", "errorMessage", "statement", "projectId", "queryTypeId")
    VALUES ('107', '5', '2023-05-19 22:05:19.679139', '2023-05-19 22:05:22.679139', 'False', 'None', 'SELECT gender FROM Actors', '5', '1');
INSERT INTO "QueryColumnAccess" ("queryId", "columnId")
    VALUES ('107', '5');
INSERT INTO "QueryTableAccess" ("queryId", "tableId")
    VALUES ('107', '2');
SELECT 'movie_id' FROM Reviews;
INSERT INTO "SqlQuery" ("queryId", "userId", "issuedAt", "finishedAt", "hasError", "errorMessage", "statement", "projectId", "queryTypeId")
    VALUES ('108', '2', '2023-05-26 22:05:19.679146', '2023-05-26 22:05:23.679146', 'False', 'None', 'SELECT movie_id FROM Reviews', '5', '1');
INSERT INTO "QueryColumnAccess" ("queryId", "columnId")
    VALUES ('108', '2');
INSERT INTO "QueryTableAccess" ("queryId", "tableId")
    VALUES ('108', '3');
SELECT 'movie_id' FROM Movies;
INSERT INTO "SqlQuery" ("queryId", "userId", "issuedAt", "finishedAt", "hasError", "errorMessage", "statement", "projectId", "queryTypeId")
    VALUES ('109', '5', '2023-06-05 22:05:19.679152', '2023-06-05 22:05:20.679152', 'False', 'None', 'SELECT movie_id FROM Movies', '5', '1');
INSERT INTO "QueryColumnAccess" ("queryId", "columnId")
    VALUES ('109', '1');
INSERT INTO "QueryTableAccess" ("queryId", "tableId")
    VALUES ('109', '1');
SELECT 'user_id' FROM Reviews;
INSERT INTO "SqlQuery" ("queryId", "userId", "issuedAt", "finishedAt", "hasError", "errorMessage", "statement", "projectId", "queryTypeId")
    VALUES ('110', '8', '2023-06-07 22:05:19.679158', '2023-06-07 22:05:23.679158', 'False', 'None', 'SELECT user_id FROM Reviews', '5', '1');
INSERT INTO "QueryColumnAccess" ("queryId", "columnId")
    VALUES ('110', '3');
INSERT INTO "QueryTableAccess" ("queryId", "tableId")
    VALUES ('110', '3');
SELECT 'review_date' FROM Reviews;
INSERT INTO "SqlQuery" ("queryId", "userId", "issuedAt", "finishedAt", "hasError", "errorMessage", "statement", "projectId", "queryTypeId")
    VALUES ('111', '7', '2023-06-02 22:05:19.679165', '2023-06-02 22:05:20.679165', 'False', 'None', 'SELECT review_date FROM Reviews', '5', '1');
INSERT INTO "QueryColumnAccess" ("queryId", "columnId")
    VALUES ('111', '6');
INSERT INTO "QueryTableAccess" ("queryId", "tableId")
    VALUES ('111', '3');
SELECT 'rating' FROM Movies;
INSERT INTO "SqlQuery" ("queryId", "userId", "issuedAt", "finishedAt", "hasError", "errorMessage", "statement", "projectId", "queryTypeId")
    VALUES ('112', '8', '2023-04-29 22:05:19.679171', '2023-04-29 22:05:20.679171', 'False', 'None', 'SELECT rating FROM Movies', '5', '1');
INSERT INTO "QueryColumnAccess" ("queryId", "columnId")
    VALUES ('112', '7');
INSERT INTO "QueryTableAccess" ("queryId", "tableId")
    VALUES ('112', '1');
SELECT 'nationality' FROM Actors;
INSERT INTO "SqlQuery" ("queryId", "userId", "issuedAt", "finishedAt", "hasError", "errorMessage", "statement", "projectId", "queryTypeId")
    VALUES ('113', '2', '2023-05-13 22:05:19.679177', '2023-05-13 22:05:23.679177', 'False', 'None', 'SELECT nationality FROM Actors', '5', '1');
INSERT INTO "QueryColumnAccess" ("queryId", "columnId")
    VALUES ('113', '6');
INSERT INTO "QueryTableAccess" ("queryId", "tableId")
    VALUES ('113', '2');
SELECT 'start_time' FROM Screenings;
INSERT INTO "SqlQuery" ("queryId", "userId", "issuedAt", "finishedAt", "hasError", "errorMessage", "statement", "projectId", "queryTypeId")
    VALUES ('114', '11', '2023-06-12 22:05:19.679184', '2023-06-12 22:05:22.679184', 'False', 'None', 'SELECT start_time FROM Screenings', '5', '1');
INSERT INTO "QueryColumnAccess" ("queryId", "columnId")
    VALUES ('114', '4');
INSERT INTO "QueryTableAccess" ("queryId", "tableId")
    VALUES ('114', '5');
SELECT 'review_date' FROM Reviews;
INSERT INTO "SqlQuery" ("queryId", "userId", "issuedAt", "finishedAt", "hasError", "errorMessage", "statement", "projectId", "queryTypeId")
    VALUES ('115', '6', '2023-07-03 22:05:19.679190', '2023-07-03 22:05:21.679190', 'False', 'None', 'SELECT review_date FROM Reviews', '5', '1');
INSERT INTO "QueryColumnAccess" ("queryId", "columnId")
    VALUES ('115', '6');
INSERT INTO "QueryTableAccess" ("queryId", "tableId")
    VALUES ('115', '3');
SELECT 'actor_id' FROM Actors;
INSERT INTO "SqlQuery" ("queryId", "userId", "issuedAt", "finishedAt", "hasError", "errorMessage", "statement", "projectId", "queryTypeId")
    VALUES ('116', '8', '2023-05-26 22:05:19.679196', '2023-05-26 22:05:21.679196', 'False', 'None', 'SELECT actor_id FROM Actors', '5', '1');
INSERT INTO "QueryColumnAccess" ("queryId", "columnId")
    VALUES ('116', '1');
INSERT INTO "QueryTableAccess" ("queryId", "tableId")
    VALUES ('116', '2');
SELECT 'theater_name' FROM Theaters;
INSERT INTO "SqlQuery" ("queryId", "userId", "issuedAt", "finishedAt", "hasError", "errorMessage", "statement", "projectId", "queryTypeId")
    VALUES ('117', '14', '2023-06-04 22:05:19.679203', '2023-06-04 22:05:22.679203', 'False', 'None', 'SELECT theater_name FROM Theaters', '5', '1');
INSERT INTO "QueryColumnAccess" ("queryId", "columnId")
    VALUES ('117', '2');
INSERT INTO "QueryTableAccess" ("queryId", "tableId")
    VALUES ('117', '4');
SELECT 'screening_id' FROM Screenings;
INSERT INTO "SqlQuery" ("queryId", "userId", "issuedAt", "finishedAt", "hasError", "errorMessage", "statement", "projectId", "queryTypeId")
    VALUES ('118', '3', '2023-06-06 22:05:19.679209', '2023-06-06 22:05:22.679209', 'False', 'None', 'SELECT screening_id FROM Screenings', '5', '1');
INSERT INTO "QueryColumnAccess" ("queryId", "columnId")
    VALUES ('118', '1');
INSERT INTO "QueryTableAccess" ("queryId", "tableId")
    VALUES ('118', '5');
SELECT 'theater_id' FROM Theaters;
INSERT INTO "SqlQuery" ("queryId", "userId", "issuedAt", "finishedAt", "hasError", "errorMessage", "statement", "projectId", "queryTypeId")
    VALUES ('119', '7', '2023-04-21 22:05:19.679215', '2023-04-21 22:05:21.679215', 'False', 'None', 'SELECT theater_id FROM Theaters', '5', '1');
INSERT INTO "QueryColumnAccess" ("queryId", "columnId")
    VALUES ('119', '1');
INSERT INTO "QueryTableAccess" ("queryId", "tableId")
    VALUES ('119', '4');
SELECT 'release_date' FROM Movies;
INSERT INTO "SqlQuery" ("queryId", "userId", "issuedAt", "finishedAt", "hasError", "errorMessage", "statement", "projectId", "queryTypeId")
    VALUES ('120', '9', '2023-04-30 22:05:19.679221', '2023-04-30 22:05:20.679221', 'False', 'None', 'SELECT release_date FROM Movies', '5', '1');
INSERT INTO "QueryColumnAccess" ("queryId", "columnId")
    VALUES ('120', '3');
INSERT INTO "QueryTableAccess" ("queryId", "tableId")
    VALUES ('120', '1');
SELECT 'review_date' FROM Reviews;
INSERT INTO "SqlQuery" ("queryId", "userId", "issuedAt", "finishedAt", "hasError", "errorMessage", "statement", "projectId", "queryTypeId")
    VALUES ('121', '3', '2023-06-16 22:05:19.679237', '2023-06-16 22:05:20.679237', 'False', 'None', 'SELECT review_date FROM Reviews', '5', '1');
INSERT INTO "QueryColumnAccess" ("queryId", "columnId")
    VALUES ('121', '6');
INSERT INTO "QueryTableAccess" ("queryId", "tableId")
    VALUES ('121', '3');
SELECT 'end_time' FROM Screenings;
INSERT INTO "SqlQuery" ("queryId", "userId", "issuedAt", "finishedAt", "hasError", "errorMessage", "statement", "projectId", "queryTypeId")
    VALUES ('122', '15', '2023-06-19 22:05:19.679244', '2023-06-19 22:05:20.679244', 'False', 'None', 'SELECT end_time FROM Screenings', '5', '1');
INSERT INTO "QueryColumnAccess" ("queryId", "columnId")
    VALUES ('122', '5');
INSERT INTO "QueryTableAccess" ("queryId", "tableId")
    VALUES ('122', '5');
SELECT 'end_time' FROM Screenings;
INSERT INTO "SqlQuery" ("queryId", "userId", "issuedAt", "finishedAt", "hasError", "errorMessage", "statement", "projectId", "queryTypeId")
    VALUES ('123', '5', '2023-05-31 22:05:19.679251', '2023-05-31 22:05:20.679251', 'False', 'None', 'SELECT end_time FROM Screenings', '5', '1');
INSERT INTO "QueryColumnAccess" ("queryId", "columnId")
    VALUES ('123', '5');
INSERT INTO "QueryTableAccess" ("queryId", "tableId")
    VALUES ('123', '5');
SELECT 'duration' FROM Movies;
INSERT INTO "SqlQuery" ("queryId", "userId", "issuedAt", "finishedAt", "hasError", "errorMessage", "statement", "projectId", "queryTypeId")
    VALUES ('124', '5', '2023-06-10 22:05:19.679257', '2023-06-10 22:05:21.679257', 'False', 'None', 'SELECT duration FROM Movies', '5', '1');
INSERT INTO "QueryColumnAccess" ("queryId", "columnId")
    VALUES ('124', '6');
INSERT INTO "QueryTableAccess" ("queryId", "tableId")
    VALUES ('124', '1');
SELECT 'theater_id' FROM Theaters;
INSERT INTO "SqlQuery" ("queryId", "userId", "issuedAt", "finishedAt", "hasError", "errorMessage", "statement", "projectId", "queryTypeId")
    VALUES ('125', '12', '2023-06-03 22:05:19.679264', '2023-06-03 22:05:20.679264', 'False', 'None', 'SELECT theater_id FROM Theaters', '5', '1');
INSERT INTO "QueryColumnAccess" ("queryId", "columnId")
    VALUES ('125', '1');
INSERT INTO "QueryTableAccess" ("queryId", "tableId")
    VALUES ('125', '4');
SELECT 'user_id' FROM Reviews;
INSERT INTO "SqlQuery" ("queryId", "userId", "issuedAt", "finishedAt", "hasError", "errorMessage", "statement", "projectId", "queryTypeId")
    VALUES ('126', '6', '2023-07-08 22:05:19.679270', '2023-07-08 22:05:20.679270', 'False', 'None', 'SELECT user_id FROM Reviews', '5', '1');
INSERT INTO "QueryColumnAccess" ("queryId", "columnId")
    VALUES ('126', '3');
INSERT INTO "QueryTableAccess" ("queryId", "tableId")
    VALUES ('126', '3');
SELECT 'phone_number' FROM Theaters;
INSERT INTO "SqlQuery" ("queryId", "userId", "issuedAt", "finishedAt", "hasError", "errorMessage", "statement", "projectId", "queryTypeId")
    VALUES ('127', '1', '2023-06-11 22:05:19.679277', '2023-06-11 22:05:20.679277', 'False', 'None', 'SELECT phone_number FROM Theaters', '5', '1');
INSERT INTO "QueryColumnAccess" ("queryId", "columnId")
    VALUES ('127', '5');
INSERT INTO "QueryTableAccess" ("queryId", "tableId")
    VALUES ('127', '4');
SELECT 'rating' FROM Movies;
INSERT INTO "SqlQuery" ("queryId", "userId", "issuedAt", "finishedAt", "hasError", "errorMessage", "statement", "projectId", "queryTypeId")
    VALUES ('128', '12', '2023-05-04 22:05:19.679283', '2023-05-04 22:05:21.679283', 'False', 'None', 'SELECT rating FROM Movies', '5', '1');
INSERT INTO "QueryColumnAccess" ("queryId", "columnId")
    VALUES ('128', '7');
INSERT INTO "QueryTableAccess" ("queryId", "tableId")
    VALUES ('128', '1');
SELECT 'review_id' FROM Reviews;
INSERT INTO "SqlQuery" ("queryId", "userId", "issuedAt", "finishedAt", "hasError", "errorMessage", "statement", "projectId", "queryTypeId")
    VALUES ('129', '11', '2023-05-14 22:05:19.679290', '2023-05-14 22:05:21.679290', 'False', 'None', 'SELECT review_id FROM Reviews', '5', '1');
INSERT INTO "QueryColumnAccess" ("queryId", "columnId")
    VALUES ('129', '1');
INSERT INTO "QueryTableAccess" ("queryId", "tableId")
    VALUES ('129', '3');
SELECT 'actor_id' FROM Actors;
INSERT INTO "SqlQuery" ("queryId", "userId", "issuedAt", "finishedAt", "hasError", "errorMessage", "statement", "projectId", "queryTypeId")
    VALUES ('130', '10', '2023-04-22 22:05:19.679296', '2023-04-22 22:05:22.679296', 'False', 'None', 'SELECT actor_id FROM Actors', '5', '1');
INSERT INTO "QueryColumnAccess" ("queryId", "columnId")
    VALUES ('130', '1');
INSERT INTO "QueryTableAccess" ("queryId", "tableId")
    VALUES ('130', '2');
SELECT 'end_time' FROM Screenings;
INSERT INTO "SqlQuery" ("queryId", "userId", "issuedAt", "finishedAt", "hasError", "errorMessage", "statement", "projectId", "queryTypeId")
    VALUES ('131', '3', '2023-06-27 22:05:19.679303', '2023-06-27 22:05:22.679303', 'False', 'None', 'SELECT end_time FROM Screenings', '5', '1');
INSERT INTO "QueryColumnAccess" ("queryId", "columnId")
    VALUES ('131', '5');
INSERT INTO "QueryTableAccess" ("queryId", "tableId")
    VALUES ('131', '5');
SELECT 'theater_name' FROM Theaters;
INSERT INTO "SqlQuery" ("queryId", "userId", "issuedAt", "finishedAt", "hasError", "errorMessage", "statement", "projectId", "queryTypeId")
    VALUES ('132', '7', '2023-05-17 22:05:19.679309', '2023-05-17 22:05:20.679309', 'False', 'None', 'SELECT theater_name FROM Theaters', '5', '1');
INSERT INTO "QueryColumnAccess" ("queryId", "columnId")
    VALUES ('132', '2');
INSERT INTO "QueryTableAccess" ("queryId", "tableId")
    VALUES ('132', '4');
SELECT 'first_name' FROM Actors;
INSERT INTO "SqlQuery" ("queryId", "userId", "issuedAt", "finishedAt", "hasError", "errorMessage", "statement", "projectId", "queryTypeId")
    VALUES ('133', '14', '2023-06-13 22:05:19.679315', '2023-06-13 22:05:22.679315', 'False', 'None', 'SELECT first_name FROM Actors', '5', '1');
INSERT INTO "QueryColumnAccess" ("queryId", "columnId")
    VALUES ('133', '2');
INSERT INTO "QueryTableAccess" ("queryId", "tableId")
    VALUES ('133', '2');
SELECT 'location' FROM Theaters;
INSERT INTO "SqlQuery" ("queryId", "userId", "issuedAt", "finishedAt", "hasError", "errorMessage", "statement", "projectId", "queryTypeId")
    VALUES ('134', '12', '2023-04-30 22:05:19.679322', '2023-04-30 22:05:22.679322', 'False', 'None', 'SELECT location FROM Theaters', '5', '1');
INSERT INTO "QueryColumnAccess" ("queryId", "columnId")
    VALUES ('134', '3');
INSERT INTO "QueryTableAccess" ("queryId", "tableId")
    VALUES ('134', '4');
SELECT 'first_name' FROM Actors;
INSERT INTO "SqlQuery" ("queryId", "userId", "issuedAt", "finishedAt", "hasError", "errorMessage", "statement", "projectId", "queryTypeId")
    VALUES ('135', '4', '2023-06-26 22:05:19.679328', '2023-06-26 22:05:21.679328', 'False', 'None', 'SELECT first_name FROM Actors', '5', '1');
INSERT INTO "QueryColumnAccess" ("queryId", "columnId")
    VALUES ('135', '2');
INSERT INTO "QueryTableAccess" ("queryId", "tableId")
    VALUES ('135', '2');
SELECT 'last_name' FROM Actors;
INSERT INTO "SqlQuery" ("queryId", "userId", "issuedAt", "finishedAt", "hasError", "errorMessage", "statement", "projectId", "queryTypeId")
    VALUES ('136', '5', '2023-04-17 22:05:19.679335', '2023-04-17 22:05:20.679335', 'False', 'None', 'SELECT last_name FROM Actors', '5', '1');
INSERT INTO "QueryColumnAccess" ("queryId", "columnId")
    VALUES ('136', '3');
INSERT INTO "QueryTableAccess" ("queryId", "tableId")
    VALUES ('136', '2');
SELECT 'first_name' FROM Actors;
INSERT INTO "SqlQuery" ("queryId", "userId", "issuedAt", "finishedAt", "hasError", "errorMessage", "statement", "projectId", "queryTypeId")
    VALUES ('137', '15', '2023-05-30 22:05:19.679341', '2023-05-30 22:05:22.679341', 'False', 'None', 'SELECT first_name FROM Actors', '5', '1');
INSERT INTO "QueryColumnAccess" ("queryId", "columnId")
    VALUES ('137', '2');
INSERT INTO "QueryTableAccess" ("queryId", "tableId")
    VALUES ('137', '2');
SELECT 'review_id' FROM Reviews;
INSERT INTO "SqlQuery" ("queryId", "userId", "issuedAt", "finishedAt", "hasError", "errorMessage", "statement", "projectId", "queryTypeId")
    VALUES ('138', '15', '2023-04-20 22:05:19.679355', '2023-04-20 22:05:21.679355', 'False', 'None', 'SELECT review_id FROM Reviews', '5', '1');
INSERT INTO "QueryColumnAccess" ("queryId", "columnId")
    VALUES ('138', '1');
INSERT INTO "QueryTableAccess" ("queryId", "tableId")
    VALUES ('138', '3');
SELECT 'title' FROM Movies;
INSERT INTO "SqlQuery" ("queryId", "userId", "issuedAt", "finishedAt", "hasError", "errorMessage", "statement", "projectId", "queryTypeId")
    VALUES ('139', '8', '2023-04-21 22:05:19.679362', '2023-04-21 22:05:21.679362', 'False', 'None', 'SELECT title FROM Movies', '5', '1');
INSERT INTO "QueryColumnAccess" ("queryId", "columnId")
    VALUES ('139', '2');
INSERT INTO "QueryTableAccess" ("queryId", "tableId")
    VALUES ('139', '1');
SELECT 'end_time' FROM Screenings;
INSERT INTO "SqlQuery" ("queryId", "userId", "issuedAt", "finishedAt", "hasError", "errorMessage", "statement", "projectId", "queryTypeId")
    VALUES ('140', '14', '2023-05-04 22:05:19.679369', '2023-05-04 22:05:23.679369', 'False', 'None', 'SELECT end_time FROM Screenings', '5', '1');
INSERT INTO "QueryColumnAccess" ("queryId", "columnId")
    VALUES ('140', '5');
INSERT INTO "QueryTableAccess" ("queryId", "tableId")
    VALUES ('140', '5');
SELECT 'comment' FROM Reviews;
INSERT INTO "SqlQuery" ("queryId", "userId", "issuedAt", "finishedAt", "hasError", "errorMessage", "statement", "projectId", "queryTypeId")
    VALUES ('141', '11', '2023-04-20 22:05:19.679375', '2023-04-20 22:05:20.679375', 'False', 'None', 'SELECT comment FROM Reviews', '5', '1');
INSERT INTO "QueryColumnAccess" ("queryId", "columnId")
    VALUES ('141', '5');
INSERT INTO "QueryTableAccess" ("queryId", "tableId")
    VALUES ('141', '3');
SELECT 'screening_id' FROM Screenings;
INSERT INTO "SqlQuery" ("queryId", "userId", "issuedAt", "finishedAt", "hasError", "errorMessage", "statement", "projectId", "queryTypeId")
    VALUES ('142', '9', '2023-04-17 22:05:19.679382', '2023-04-17 22:05:21.679382', 'False', 'None', 'SELECT screening_id FROM Screenings', '5', '1');
INSERT INTO "QueryColumnAccess" ("queryId", "columnId")
    VALUES ('142', '1');
INSERT INTO "QueryTableAccess" ("queryId", "tableId")
    VALUES ('142', '5');
SELECT 'first_name' FROM Actors;
INSERT INTO "SqlQuery" ("queryId", "userId", "issuedAt", "finishedAt", "hasError", "errorMessage", "statement", "projectId", "queryTypeId")
    VALUES ('143', '12', '2023-06-09 22:05:19.679389', '2023-06-09 22:05:22.679389', 'False', 'None', 'SELECT first_name FROM Actors', '5', '1');
INSERT INTO "QueryColumnAccess" ("queryId", "columnId")
    VALUES ('143', '2');
INSERT INTO "QueryTableAccess" ("queryId", "tableId")
    VALUES ('143', '2');
SELECT 'gender' FROM Actors;
INSERT INTO "SqlQuery" ("queryId", "userId", "issuedAt", "finishedAt", "hasError", "errorMessage", "statement", "projectId", "queryTypeId")
    VALUES ('144', '14', '2023-06-02 22:05:19.679396', '2023-06-02 22:05:23.679396', 'False', 'None', 'SELECT gender FROM Actors', '5', '1');
INSERT INTO "QueryColumnAccess" ("queryId", "columnId")
    VALUES ('144', '5');
INSERT INTO "QueryTableAccess" ("queryId", "tableId")
    VALUES ('144', '2');
SELECT 'theater_id' FROM Screenings;
INSERT INTO "SqlQuery" ("queryId", "userId", "issuedAt", "finishedAt", "hasError", "errorMessage", "statement", "projectId", "queryTypeId")
    VALUES ('145', '8', '2023-05-09 22:05:19.679402', '2023-05-09 22:05:23.679402', 'False', 'None', 'SELECT theater_id FROM Screenings', '5', '1');
INSERT INTO "QueryColumnAccess" ("queryId", "columnId")
    VALUES ('145', '3');
INSERT INTO "QueryTableAccess" ("queryId", "tableId")
    VALUES ('145', '5');
SELECT 'actor_id' FROM Actors;
INSERT INTO "SqlQuery" ("queryId", "userId", "issuedAt", "finishedAt", "hasError", "errorMessage", "statement", "projectId", "queryTypeId")
    VALUES ('146', '10', '2023-05-02 22:05:19.679409', '2023-05-02 22:05:22.679409', 'False', 'None', 'SELECT actor_id FROM Actors', '5', '1');
INSERT INTO "QueryColumnAccess" ("queryId", "columnId")
    VALUES ('146', '1');
INSERT INTO "QueryTableAccess" ("queryId", "tableId")
    VALUES ('146', '2');
SELECT 'theater_id' FROM Theaters;
INSERT INTO "SqlQuery" ("queryId", "userId", "issuedAt", "finishedAt", "hasError", "errorMessage", "statement", "projectId", "queryTypeId")
    VALUES ('147', '4', '2023-05-17 22:05:19.679416', '2023-05-17 22:05:23.679416', 'False', 'None', 'SELECT theater_id FROM Theaters', '5', '1');
INSERT INTO "QueryColumnAccess" ("queryId", "columnId")
    VALUES ('147', '1');
INSERT INTO "QueryTableAccess" ("queryId", "tableId")
    VALUES ('147', '4');
SELECT 'director' FROM Movies;
INSERT INTO "SqlQuery" ("queryId", "userId", "issuedAt", "finishedAt", "hasError", "errorMessage", "statement", "projectId", "queryTypeId")
    VALUES ('148', '10', '2023-07-07 22:05:19.679423', '2023-07-07 22:05:23.679423', 'False', 'None', 'SELECT director FROM Movies', '5', '1');
INSERT INTO "QueryColumnAccess" ("queryId", "columnId")
    VALUES ('148', '5');
INSERT INTO "QueryTableAccess" ("queryId", "tableId")
    VALUES ('148', '1');
SELECT 'screening_id' FROM Screenings;
INSERT INTO "SqlQuery" ("queryId", "userId", "issuedAt", "finishedAt", "hasError", "errorMessage", "statement", "projectId", "queryTypeId")
    VALUES ('149', '10', '2023-05-09 22:05:19.679431', '2023-05-09 22:05:20.679431', 'False', 'None', 'SELECT screening_id FROM Screenings', '5', '1');
INSERT INTO "QueryColumnAccess" ("queryId", "columnId")
    VALUES ('149', '1');
INSERT INTO "QueryTableAccess" ("queryId", "tableId")
    VALUES ('149', '5');
SELECT 'user_id' FROM Reviews;
INSERT INTO "SqlQuery" ("queryId", "userId", "issuedAt", "finishedAt", "hasError", "errorMessage", "statement", "projectId", "queryTypeId")
    VALUES ('150', '12', '2023-07-03 22:05:19.679437', '2023-07-03 22:05:20.679437', 'False', 'None', 'SELECT user_id FROM Reviews', '5', '1');
INSERT INTO "QueryColumnAccess" ("queryId", "columnId")
    VALUES ('150', '3');
INSERT INTO "QueryTableAccess" ("queryId", "tableId")
    VALUES ('150', '3');
SELECT 'location' FROM Theaters;
INSERT INTO "SqlQuery" ("queryId", "userId", "issuedAt", "finishedAt", "hasError", "errorMessage", "statement", "projectId", "queryTypeId")
    VALUES ('151', '11', '2023-05-09 22:05:19.679444', '2023-05-09 22:05:22.679444', 'False', 'None', 'SELECT location FROM Theaters', '5', '1');
INSERT INTO "QueryColumnAccess" ("queryId", "columnId")
    VALUES ('151', '3');
INSERT INTO "QueryTableAccess" ("queryId", "tableId")
    VALUES ('151', '4');
SELECT 'end_time' FROM Screenings;
INSERT INTO "SqlQuery" ("queryId", "userId", "issuedAt", "finishedAt", "hasError", "errorMessage", "statement", "projectId", "queryTypeId")
    VALUES ('152', '2', '2023-05-17 22:05:19.679451', '2023-05-17 22:05:22.679451', 'False', 'None', 'SELECT end_time FROM Screenings', '5', '1');
INSERT INTO "QueryColumnAccess" ("queryId", "columnId")
    VALUES ('152', '5');
INSERT INTO "QueryTableAccess" ("queryId", "tableId")
    VALUES ('152', '5');
SELECT 'review_date' FROM Reviews;
INSERT INTO "SqlQuery" ("queryId", "userId", "issuedAt", "finishedAt", "hasError", "errorMessage", "statement", "projectId", "queryTypeId")
    VALUES ('153', '1', '2023-06-30 22:05:19.679458', '2023-06-30 22:05:21.679458', 'False', 'None', 'SELECT review_date FROM Reviews', '5', '1');
INSERT INTO "QueryColumnAccess" ("queryId", "columnId")
    VALUES ('153', '6');
INSERT INTO "QueryTableAccess" ("queryId", "tableId")
    VALUES ('153', '3');
SELECT 'movie_id' FROM Screenings;
INSERT INTO "SqlQuery" ("queryId", "userId", "issuedAt", "finishedAt", "hasError", "errorMessage", "statement", "projectId", "queryTypeId")
    VALUES ('154', '1', '2023-05-10 22:05:19.679465', '2023-05-10 22:05:22.679465', 'False', 'None', 'SELECT movie_id FROM Screenings', '5', '1');
INSERT INTO "QueryColumnAccess" ("queryId", "columnId")
    VALUES ('154', '2');
INSERT INTO "QueryTableAccess" ("queryId", "tableId")
    VALUES ('154', '5');
SELECT 'movie_id' FROM Movies;
INSERT INTO "SqlQuery" ("queryId", "userId", "issuedAt", "finishedAt", "hasError", "errorMessage", "statement", "projectId", "queryTypeId")
    VALUES ('155', '8', '2023-06-12 22:05:19.679482', '2023-06-12 22:05:23.679482', 'False', 'None', 'SELECT movie_id FROM Movies', '5', '1');
INSERT INTO "QueryColumnAccess" ("queryId", "columnId")
    VALUES ('155', '1');
INSERT INTO "QueryTableAccess" ("queryId", "tableId")
    VALUES ('155', '1');
SELECT 'duration' FROM Movies;
INSERT INTO "SqlQuery" ("queryId", "userId", "issuedAt", "finishedAt", "hasError", "errorMessage", "statement", "projectId", "queryTypeId")
    VALUES ('156', '13', '2023-04-15 22:05:19.679498', '2023-04-15 22:05:23.679498', 'False', 'None', 'SELECT duration FROM Movies', '5', '1');
INSERT INTO "QueryColumnAccess" ("queryId", "columnId")
    VALUES ('156', '6');
INSERT INTO "QueryTableAccess" ("queryId", "tableId")
    VALUES ('156', '1');
SELECT 'rating' FROM Movies;
INSERT INTO "SqlQuery" ("queryId", "userId", "issuedAt", "finishedAt", "hasError", "errorMessage", "statement", "projectId", "queryTypeId")
    VALUES ('157', '8', '2023-05-20 22:05:19.679521', '2023-05-20 22:05:22.679521', 'False', 'None', 'SELECT rating FROM Movies', '5', '1');
INSERT INTO "QueryColumnAccess" ("queryId", "columnId")
    VALUES ('157', '7');
INSERT INTO "QueryTableAccess" ("queryId", "tableId")
    VALUES ('157', '1');
SELECT 'theater_name' FROM Theaters;
INSERT INTO "SqlQuery" ("queryId", "userId", "issuedAt", "finishedAt", "hasError", "errorMessage", "statement", "projectId", "queryTypeId")
    VALUES ('158', '12', '2023-05-26 22:05:19.679530', '2023-05-26 22:05:20.679530', 'False', 'None', 'SELECT theater_name FROM Theaters', '5', '1');
INSERT INTO "QueryColumnAccess" ("queryId", "columnId")
    VALUES ('158', '2');
INSERT INTO "QueryTableAccess" ("queryId", "tableId")
    VALUES ('158', '4');
SELECT 'movie_id' FROM Screenings;
INSERT INTO "SqlQuery" ("queryId", "userId", "issuedAt", "finishedAt", "hasError", "errorMessage", "statement", "projectId", "queryTypeId")
    VALUES ('159', '12', '2023-04-13 22:05:19.679539', '2023-04-13 22:05:20.679539', 'False', 'None', 'SELECT movie_id FROM Screenings', '5', '1');
INSERT INTO "QueryColumnAccess" ("queryId", "columnId")
    VALUES ('159', '2');
INSERT INTO "QueryTableAccess" ("queryId", "tableId")
    VALUES ('159', '5');
SELECT 'gender' FROM Actors;
INSERT INTO "SqlQuery" ("queryId", "userId", "issuedAt", "finishedAt", "hasError", "errorMessage", "statement", "projectId", "queryTypeId")
    VALUES ('160', '1', '2023-06-26 22:05:19.679546', '2023-06-26 22:05:22.679546', 'False', 'None', 'SELECT gender FROM Actors', '5', '1');
INSERT INTO "QueryColumnAccess" ("queryId", "columnId")
    VALUES ('160', '5');
INSERT INTO "QueryTableAccess" ("queryId", "tableId")
    VALUES ('160', '2');
SELECT 'ticket_price' FROM Screenings;
INSERT INTO "SqlQuery" ("queryId", "userId", "issuedAt", "finishedAt", "hasError", "errorMessage", "statement", "projectId", "queryTypeId")
    VALUES ('161', '1', '2023-06-04 22:05:19.679553', '2023-06-04 22:05:22.679553', 'False', 'None', 'SELECT ticket_price FROM Screenings', '5', '1');
INSERT INTO "QueryColumnAccess" ("queryId", "columnId")
    VALUES ('161', '6');
INSERT INTO "QueryTableAccess" ("queryId", "tableId")
    VALUES ('161', '5');
SELECT 'movie_id' FROM Screenings;
INSERT INTO "SqlQuery" ("queryId", "userId", "issuedAt", "finishedAt", "hasError", "errorMessage", "statement", "projectId", "queryTypeId")
    VALUES ('162', '9', '2023-04-14 22:05:19.679560', '2023-04-14 22:05:21.679560', 'False', 'None', 'SELECT movie_id FROM Screenings', '5', '1');
INSERT INTO "QueryColumnAccess" ("queryId", "columnId")
    VALUES ('162', '2');
INSERT INTO "QueryTableAccess" ("queryId", "tableId")
    VALUES ('162', '5');
SELECT 'location' FROM Theaters;
INSERT INTO "SqlQuery" ("queryId", "userId", "issuedAt", "finishedAt", "hasError", "errorMessage", "statement", "projectId", "queryTypeId")
    VALUES ('163', '9', '2023-04-20 22:05:19.679567', '2023-04-20 22:05:23.679567', 'False', 'None', 'SELECT location FROM Theaters', '5', '1');
INSERT INTO "QueryColumnAccess" ("queryId", "columnId")
    VALUES ('163', '3');
INSERT INTO "QueryTableAccess" ("queryId", "tableId")
    VALUES ('163', '4');
SELECT 'capacity' FROM Theaters;
INSERT INTO "SqlQuery" ("queryId", "userId", "issuedAt", "finishedAt", "hasError", "errorMessage", "statement", "projectId", "queryTypeId")
    VALUES ('164', '8', '2023-07-07 22:05:19.679574', '2023-07-07 22:05:21.679574', 'False', 'None', 'SELECT capacity FROM Theaters', '5', '1');
INSERT INTO "QueryColumnAccess" ("queryId", "columnId")
    VALUES ('164', '4');
INSERT INTO "QueryTableAccess" ("queryId", "tableId")
    VALUES ('164', '4');
SELECT 'start_time' FROM Screenings;
INSERT INTO "SqlQuery" ("queryId", "userId", "issuedAt", "finishedAt", "hasError", "errorMessage", "statement", "projectId", "queryTypeId")
    VALUES ('165', '6', '2023-05-04 22:05:19.679580', '2023-05-04 22:05:20.679580', 'False', 'None', 'SELECT start_time FROM Screenings', '5', '1');
INSERT INTO "QueryColumnAccess" ("queryId", "columnId")
    VALUES ('165', '4');
INSERT INTO "QueryTableAccess" ("queryId", "tableId")
    VALUES ('165', '5');
SELECT 'user_id' FROM Reviews;
INSERT INTO "SqlQuery" ("queryId", "userId", "issuedAt", "finishedAt", "hasError", "errorMessage", "statement", "projectId", "queryTypeId")
    VALUES ('166', '15', '2023-05-21 22:05:19.679587', '2023-05-21 22:05:21.679587', 'False', 'None', 'SELECT user_id FROM Reviews', '5', '1');
INSERT INTO "QueryColumnAccess" ("queryId", "columnId")
    VALUES ('166', '3');
INSERT INTO "QueryTableAccess" ("queryId", "tableId")
    VALUES ('166', '3');
SELECT 'theater_id' FROM Screenings;
INSERT INTO "SqlQuery" ("queryId", "userId", "issuedAt", "finishedAt", "hasError", "errorMessage", "statement", "projectId", "queryTypeId")
    VALUES ('167', '14', '2023-05-26 22:05:19.679593', '2023-05-26 22:05:20.679593', 'False', 'None', 'SELECT theater_id FROM Screenings', '5', '1');
INSERT INTO "QueryColumnAccess" ("queryId", "columnId")
    VALUES ('167', '3');
INSERT INTO "QueryTableAccess" ("queryId", "tableId")
    VALUES ('167', '5');
SELECT 'date_of_birth' FROM Actors;
INSERT INTO "SqlQuery" ("queryId", "userId", "issuedAt", "finishedAt", "hasError", "errorMessage", "statement", "projectId", "queryTypeId")
    VALUES ('168', '15', '2023-06-19 22:05:19.679600', '2023-06-19 22:05:21.679600', 'False', 'None', 'SELECT date_of_birth FROM Actors', '5', '1');
INSERT INTO "QueryColumnAccess" ("queryId", "columnId")
    VALUES ('168', '4');
INSERT INTO "QueryTableAccess" ("queryId", "tableId")
    VALUES ('168', '2');
SELECT 'phone_number' FROM Theaters;
INSERT INTO "SqlQuery" ("queryId", "userId", "issuedAt", "finishedAt", "hasError", "errorMessage", "statement", "projectId", "queryTypeId")
    VALUES ('169', '12', '2023-04-30 22:05:19.679606', '2023-04-30 22:05:20.679606', 'False', 'None', 'SELECT phone_number FROM Theaters', '5', '1');
INSERT INTO "QueryColumnAccess" ("queryId", "columnId")
    VALUES ('169', '5');
INSERT INTO "QueryTableAccess" ("queryId", "tableId")
    VALUES ('169', '4');
SELECT 'theater_name' FROM Theaters;
INSERT INTO "SqlQuery" ("queryId", "userId", "issuedAt", "finishedAt", "hasError", "errorMessage", "statement", "projectId", "queryTypeId")
    VALUES ('170', '15', '2023-06-12 22:05:19.679613', '2023-06-12 22:05:22.679613', 'False', 'None', 'SELECT theater_name FROM Theaters', '5', '1');
INSERT INTO "QueryColumnAccess" ("queryId", "columnId")
    VALUES ('170', '2');
INSERT INTO "QueryTableAccess" ("queryId", "tableId")
    VALUES ('170', '4');
SELECT 'capacity' FROM Theaters;
INSERT INTO "SqlQuery" ("queryId", "userId", "issuedAt", "finishedAt", "hasError", "errorMessage", "statement", "projectId", "queryTypeId")
    VALUES ('171', '4', '2023-04-17 22:05:19.679625', '2023-04-17 22:05:20.679625', 'False', 'None', 'SELECT capacity FROM Theaters', '5', '1');
INSERT INTO "QueryColumnAccess" ("queryId", "columnId")
    VALUES ('171', '4');
INSERT INTO "QueryTableAccess" ("queryId", "tableId")
    VALUES ('171', '4');
SELECT 'rating' FROM Movies;
INSERT INTO "SqlQuery" ("queryId", "userId", "issuedAt", "finishedAt", "hasError", "errorMessage", "statement", "projectId", "queryTypeId")
    VALUES ('172', '3', '2023-05-23 22:05:19.679653', '2023-05-23 22:05:21.679653', 'False', 'None', 'SELECT rating FROM Movies', '5', '1');
INSERT INTO "QueryColumnAccess" ("queryId", "columnId")
    VALUES ('172', '7');
INSERT INTO "QueryTableAccess" ("queryId", "tableId")
    VALUES ('172', '1');
SELECT 'release_date' FROM Movies;
INSERT INTO "SqlQuery" ("queryId", "userId", "issuedAt", "finishedAt", "hasError", "errorMessage", "statement", "projectId", "queryTypeId")
    VALUES ('173', '5', '2023-07-01 22:05:19.679661', '2023-07-01 22:05:23.679661', 'False', 'None', 'SELECT release_date FROM Movies', '5', '1');
INSERT INTO "QueryColumnAccess" ("queryId", "columnId")
    VALUES ('173', '3');
INSERT INTO "QueryTableAccess" ("queryId", "tableId")
    VALUES ('173', '1');
SELECT 'movie_id' FROM Movies;
INSERT INTO "SqlQuery" ("queryId", "userId", "issuedAt", "finishedAt", "hasError", "errorMessage", "statement", "projectId", "queryTypeId")
    VALUES ('174', '2', '2023-05-27 22:05:19.679668', '2023-05-27 22:05:23.679668', 'False', 'None', 'SELECT movie_id FROM Movies', '5', '1');
INSERT INTO "QueryColumnAccess" ("queryId", "columnId")
    VALUES ('174', '1');
INSERT INTO "QueryTableAccess" ("queryId", "tableId")
    VALUES ('174', '1');
SELECT 'screening_id' FROM Screenings;
INSERT INTO "SqlQuery" ("queryId", "userId", "issuedAt", "finishedAt", "hasError", "errorMessage", "statement", "projectId", "queryTypeId")
    VALUES ('175', '1', '2023-04-29 22:05:19.679675', '2023-04-29 22:05:21.679675', 'False', 'None', 'SELECT screening_id FROM Screenings', '5', '1');
INSERT INTO "QueryColumnAccess" ("queryId", "columnId")
    VALUES ('175', '1');
INSERT INTO "QueryTableAccess" ("queryId", "tableId")
    VALUES ('175', '5');
SELECT 'theater_id' FROM Screenings;
INSERT INTO "SqlQuery" ("queryId", "userId", "issuedAt", "finishedAt", "hasError", "errorMessage", "statement", "projectId", "queryTypeId")
    VALUES ('176', '7', '2023-06-10 22:05:19.679681', '2023-06-10 22:05:20.679681', 'False', 'None', 'SELECT theater_id FROM Screenings', '5', '1');
INSERT INTO "QueryColumnAccess" ("queryId", "columnId")
    VALUES ('176', '3');
INSERT INTO "QueryTableAccess" ("queryId", "tableId")
    VALUES ('176', '5');
SELECT 'duration' FROM Movies;
INSERT INTO "SqlQuery" ("queryId", "userId", "issuedAt", "finishedAt", "hasError", "errorMessage", "statement", "projectId", "queryTypeId")
    VALUES ('177', '12', '2023-06-07 22:05:19.679688', '2023-06-07 22:05:21.679688', 'False', 'None', 'SELECT duration FROM Movies', '5', '1');
INSERT INTO "QueryColumnAccess" ("queryId", "columnId")
    VALUES ('177', '6');
INSERT INTO "QueryTableAccess" ("queryId", "tableId")
    VALUES ('177', '1');
SELECT 'rating' FROM Reviews;
INSERT INTO "SqlQuery" ("queryId", "userId", "issuedAt", "finishedAt", "hasError", "errorMessage", "statement", "projectId", "queryTypeId")
    VALUES ('178', '12', '2023-05-31 22:05:19.679694', '2023-05-31 22:05:23.679694', 'False', 'None', 'SELECT rating FROM Reviews', '5', '1');
INSERT INTO "QueryColumnAccess" ("queryId", "columnId")
    VALUES ('178', '4');
INSERT INTO "QueryTableAccess" ("queryId", "tableId")
    VALUES ('178', '3');
SELECT 'nationality' FROM Actors;
INSERT INTO "SqlQuery" ("queryId", "userId", "issuedAt", "finishedAt", "hasError", "errorMessage", "statement", "projectId", "queryTypeId")
    VALUES ('179', '4', '2023-07-09 22:05:19.679701', '2023-07-09 22:05:21.679701', 'False', 'None', 'SELECT nationality FROM Actors', '5', '1');
INSERT INTO "QueryColumnAccess" ("queryId", "columnId")
    VALUES ('179', '6');
INSERT INTO "QueryTableAccess" ("queryId", "tableId")
    VALUES ('179', '2');
SELECT 'movie_id' FROM Screenings;
INSERT INTO "SqlQuery" ("queryId", "userId", "issuedAt", "finishedAt", "hasError", "errorMessage", "statement", "projectId", "queryTypeId")
    VALUES ('180', '6', '2023-05-15 22:05:19.679707', '2023-05-15 22:05:20.679707', 'False', 'None', 'SELECT movie_id FROM Screenings', '5', '1');
INSERT INTO "QueryColumnAccess" ("queryId", "columnId")
    VALUES ('180', '2');
INSERT INTO "QueryTableAccess" ("queryId", "tableId")
    VALUES ('180', '5');
SELECT 'start_time' FROM Screenings;
INSERT INTO "SqlQuery" ("queryId", "userId", "issuedAt", "finishedAt", "hasError", "errorMessage", "statement", "projectId", "queryTypeId")
    VALUES ('181', '6', '2023-06-29 22:05:19.679714', '2023-06-29 22:05:21.679714', 'False', 'None', 'SELECT start_time FROM Screenings', '5', '1');
INSERT INTO "QueryColumnAccess" ("queryId", "columnId")
    VALUES ('181', '4');
INSERT INTO "QueryTableAccess" ("queryId", "tableId")
    VALUES ('181', '5');
SELECT 'capacity' FROM Theaters;
INSERT INTO "SqlQuery" ("queryId", "userId", "issuedAt", "finishedAt", "hasError", "errorMessage", "statement", "projectId", "queryTypeId")
    VALUES ('182', '6', '2023-04-22 22:05:19.679720', '2023-04-22 22:05:21.679720', 'False', 'None', 'SELECT capacity FROM Theaters', '5', '1');
INSERT INTO "QueryColumnAccess" ("queryId", "columnId")
    VALUES ('182', '4');
INSERT INTO "QueryTableAccess" ("queryId", "tableId")
    VALUES ('182', '4');
SELECT 'rating' FROM Movies;
INSERT INTO "SqlQuery" ("queryId", "userId", "issuedAt", "finishedAt", "hasError", "errorMessage", "statement", "projectId", "queryTypeId")
    VALUES ('183', '4', '2023-05-05 22:05:19.679726', '2023-05-05 22:05:20.679726', 'False', 'None', 'SELECT rating FROM Movies', '5', '1');
INSERT INTO "QueryColumnAccess" ("queryId", "columnId")
    VALUES ('183', '7');
INSERT INTO "QueryTableAccess" ("queryId", "tableId")
    VALUES ('183', '1');
SELECT 'director' FROM Movies;
INSERT INTO "SqlQuery" ("queryId", "userId", "issuedAt", "finishedAt", "hasError", "errorMessage", "statement", "projectId", "queryTypeId")
    VALUES ('184', '10', '2023-04-26 22:05:19.679733', '2023-04-26 22:05:23.679733', 'False', 'None', 'SELECT director FROM Movies', '5', '1');
INSERT INTO "QueryColumnAccess" ("queryId", "columnId")
    VALUES ('184', '5');
INSERT INTO "QueryTableAccess" ("queryId", "tableId")
    VALUES ('184', '1');
SELECT 'last_name' FROM Actors;
INSERT INTO "SqlQuery" ("queryId", "userId", "issuedAt", "finishedAt", "hasError", "errorMessage", "statement", "projectId", "queryTypeId")
    VALUES ('185', '3', '2023-04-14 22:05:19.679739', '2023-04-14 22:05:20.679739', 'False', 'None', 'SELECT last_name FROM Actors', '5', '1');
INSERT INTO "QueryColumnAccess" ("queryId", "columnId")
    VALUES ('185', '3');
INSERT INTO "QueryTableAccess" ("queryId", "tableId")
    VALUES ('185', '2');
SELECT 'movie_id' FROM Screenings;
INSERT INTO "SqlQuery" ("queryId", "userId", "issuedAt", "finishedAt", "hasError", "errorMessage", "statement", "projectId", "queryTypeId")
    VALUES ('186', '4', '2023-04-18 22:05:19.679745', '2023-04-18 22:05:23.679745', 'False', 'None', 'SELECT movie_id FROM Screenings', '5', '1');
INSERT INTO "QueryColumnAccess" ("queryId", "columnId")
    VALUES ('186', '2');
INSERT INTO "QueryTableAccess" ("queryId", "tableId")
    VALUES ('186', '5');
SELECT 'user_id' FROM Reviews;
INSERT INTO "SqlQuery" ("queryId", "userId", "issuedAt", "finishedAt", "hasError", "errorMessage", "statement", "projectId", "queryTypeId")
    VALUES ('187', '6', '2023-06-29 22:05:19.679752', '2023-06-29 22:05:23.679752', 'False', 'None', 'SELECT user_id FROM Reviews', '5', '1');
INSERT INTO "QueryColumnAccess" ("queryId", "columnId")
    VALUES ('187', '3');
INSERT INTO "QueryTableAccess" ("queryId", "tableId")
    VALUES ('187', '3');
SELECT 'movie_id' FROM Reviews;
INSERT INTO "SqlQuery" ("queryId", "userId", "issuedAt", "finishedAt", "hasError", "errorMessage", "statement", "projectId", "queryTypeId")
    VALUES ('188', '9', '2023-05-09 22:05:19.679758', '2023-05-09 22:05:20.679758', 'False', 'None', 'SELECT movie_id FROM Reviews', '5', '1');
INSERT INTO "QueryColumnAccess" ("queryId", "columnId")
    VALUES ('188', '2');
INSERT INTO "QueryTableAccess" ("queryId", "tableId")
    VALUES ('188', '3');
SELECT 'gender' FROM Actors;
INSERT INTO "SqlQuery" ("queryId", "userId", "issuedAt", "finishedAt", "hasError", "errorMessage", "statement", "projectId", "queryTypeId")
    VALUES ('189', '12', '2023-06-25 22:05:19.679782', '2023-06-25 22:05:20.679782', 'False', 'None', 'SELECT gender FROM Actors', '5', '1');
INSERT INTO "QueryColumnAccess" ("queryId", "columnId")
    VALUES ('189', '5');
INSERT INTO "QueryTableAccess" ("queryId", "tableId")
    VALUES ('189', '2');
SELECT 'date_of_birth' FROM Actors;
INSERT INTO "SqlQuery" ("queryId", "userId", "issuedAt", "finishedAt", "hasError", "errorMessage", "statement", "projectId", "queryTypeId")
    VALUES ('190', '2', '2023-04-22 22:05:19.679789', '2023-04-22 22:05:23.679789', 'False', 'None', 'SELECT date_of_birth FROM Actors', '5', '1');
INSERT INTO "QueryColumnAccess" ("queryId", "columnId")
    VALUES ('190', '4');
INSERT INTO "QueryTableAccess" ("queryId", "tableId")
    VALUES ('190', '2');
SELECT 'phone_number' FROM Theaters;
INSERT INTO "SqlQuery" ("queryId", "userId", "issuedAt", "finishedAt", "hasError", "errorMessage", "statement", "projectId", "queryTypeId")
    VALUES ('191', '5', '2023-04-19 22:05:19.679795', '2023-04-19 22:05:21.679795', 'False', 'None', 'SELECT phone_number FROM Theaters', '5', '1');
INSERT INTO "QueryColumnAccess" ("queryId", "columnId")
    VALUES ('191', '5');
INSERT INTO "QueryTableAccess" ("queryId", "tableId")
    VALUES ('191', '4');
SELECT 'date_of_birth' FROM Actors;
INSERT INTO "SqlQuery" ("queryId", "userId", "issuedAt", "finishedAt", "hasError", "errorMessage", "statement", "projectId", "queryTypeId")
    VALUES ('192', '11', '2023-04-23 22:05:19.679802', '2023-04-23 22:05:21.679802', 'False', 'None', 'SELECT date_of_birth FROM Actors', '5', '1');
INSERT INTO "QueryColumnAccess" ("queryId", "columnId")
    VALUES ('192', '4');
INSERT INTO "QueryTableAccess" ("queryId", "tableId")
    VALUES ('192', '2');
SELECT 'theater_id' FROM Screenings;
INSERT INTO "SqlQuery" ("queryId", "userId", "issuedAt", "finishedAt", "hasError", "errorMessage", "statement", "projectId", "queryTypeId")
    VALUES ('193', '11', '2023-07-04 22:05:19.679808', '2023-07-04 22:05:21.679808', 'False', 'None', 'SELECT theater_id FROM Screenings', '5', '1');
INSERT INTO "QueryColumnAccess" ("queryId", "columnId")
    VALUES ('193', '3');
INSERT INTO "QueryTableAccess" ("queryId", "tableId")
    VALUES ('193', '5');
SELECT 'last_name' FROM Actors;
INSERT INTO "SqlQuery" ("queryId", "userId", "issuedAt", "finishedAt", "hasError", "errorMessage", "statement", "projectId", "queryTypeId")
    VALUES ('194', '13', '2023-06-03 22:05:19.679815', '2023-06-03 22:05:20.679815', 'False', 'None', 'SELECT last_name FROM Actors', '5', '1');
INSERT INTO "QueryColumnAccess" ("queryId", "columnId")
    VALUES ('194', '3');
INSERT INTO "QueryTableAccess" ("queryId", "tableId")
    VALUES ('194', '2');
SELECT 'movie_id' FROM Reviews;
INSERT INTO "SqlQuery" ("queryId", "userId", "issuedAt", "finishedAt", "hasError", "errorMessage", "statement", "projectId", "queryTypeId")
    VALUES ('195', '10', '2023-05-06 22:05:19.679821', '2023-05-06 22:05:21.679821', 'False', 'None', 'SELECT movie_id FROM Reviews', '5', '1');
INSERT INTO "QueryColumnAccess" ("queryId", "columnId")
    VALUES ('195', '2');
INSERT INTO "QueryTableAccess" ("queryId", "tableId")
    VALUES ('195', '3');
SELECT 'theater_name' FROM Theaters;
INSERT INTO "SqlQuery" ("queryId", "userId", "issuedAt", "finishedAt", "hasError", "errorMessage", "statement", "projectId", "queryTypeId")
    VALUES ('196', '6', '2023-06-19 22:05:19.679828', '2023-06-19 22:05:22.679828', 'False', 'None', 'SELECT theater_name FROM Theaters', '5', '1');
INSERT INTO "QueryColumnAccess" ("queryId", "columnId")
    VALUES ('196', '2');
INSERT INTO "QueryTableAccess" ("queryId", "tableId")
    VALUES ('196', '4');
SELECT 'rating' FROM Reviews;
INSERT INTO "SqlQuery" ("queryId", "userId", "issuedAt", "finishedAt", "hasError", "errorMessage", "statement", "projectId", "queryTypeId")
    VALUES ('197', '9', '2023-04-18 22:05:19.679834', '2023-04-18 22:05:20.679834', 'False', 'None', 'SELECT rating FROM Reviews', '5', '1');
INSERT INTO "QueryColumnAccess" ("queryId", "columnId")
    VALUES ('197', '4');
INSERT INTO "QueryTableAccess" ("queryId", "tableId")
    VALUES ('197', '3');
SELECT 'review_id' FROM Reviews;
INSERT INTO "SqlQuery" ("queryId", "userId", "issuedAt", "finishedAt", "hasError", "errorMessage", "statement", "projectId", "queryTypeId")
    VALUES ('198', '12', '2023-04-16 22:05:19.679840', '2023-04-16 22:05:22.679840', 'False', 'None', 'SELECT review_id FROM Reviews', '5', '1');
INSERT INTO "QueryColumnAccess" ("queryId", "columnId")
    VALUES ('198', '1');
INSERT INTO "QueryTableAccess" ("queryId", "tableId")
    VALUES ('198', '3');
SELECT 'review_id' FROM Reviews;
INSERT INTO "SqlQuery" ("queryId", "userId", "issuedAt", "finishedAt", "hasError", "errorMessage", "statement", "projectId", "queryTypeId")
    VALUES ('199', '14', '2023-05-21 22:05:19.679847', '2023-05-21 22:05:22.679847', 'False', 'None', 'SELECT review_id FROM Reviews', '5', '1');
INSERT INTO "QueryColumnAccess" ("queryId", "columnId")
    VALUES ('199', '1');
INSERT INTO "QueryTableAccess" ("queryId", "tableId")
    VALUES ('199', '3');
SELECT 'capacity' FROM Theaters;
INSERT INTO "SqlQuery" ("queryId", "userId", "issuedAt", "finishedAt", "hasError", "errorMessage", "statement", "projectId", "queryTypeId")
    VALUES ('200', '1', '2023-05-25 22:05:19.679853', '2023-05-25 22:05:21.679853', 'False', 'None', 'SELECT capacity FROM Theaters', '5', '1');
INSERT INTO "QueryColumnAccess" ("queryId", "columnId")
    VALUES ('200', '4');
INSERT INTO "QueryTableAccess" ("queryId", "tableId")
    VALUES ('200', '4');
SELECT 'date_of_birth' FROM Actors;
INSERT INTO "SqlQuery" ("queryId", "userId", "issuedAt", "finishedAt", "hasError", "errorMessage", "statement", "projectId", "queryTypeId")
    VALUES ('201', '5', '2023-06-30 22:05:19.679860', '2023-06-30 22:05:21.679860', 'False', 'None', 'SELECT date_of_birth FROM Actors', '5', '1');
INSERT INTO "QueryColumnAccess" ("queryId", "columnId")
    VALUES ('201', '4');
INSERT INTO "QueryTableAccess" ("queryId", "tableId")
    VALUES ('201', '2');
SELECT 'ticket_price' FROM Screenings;
INSERT INTO "SqlQuery" ("queryId", "userId", "issuedAt", "finishedAt", "hasError", "errorMessage", "statement", "projectId", "queryTypeId")
    VALUES ('202', '14', '2023-04-18 22:05:19.679866', '2023-04-18 22:05:20.679866', 'False', 'None', 'SELECT ticket_price FROM Screenings', '5', '1');
INSERT INTO "QueryColumnAccess" ("queryId", "columnId")
    VALUES ('202', '6');
INSERT INTO "QueryTableAccess" ("queryId", "tableId")
    VALUES ('202', '5');
SELECT 'last_name' FROM Actors;
INSERT INTO "SqlQuery" ("queryId", "userId", "issuedAt", "finishedAt", "hasError", "errorMessage", "statement", "projectId", "queryTypeId")
    VALUES ('203', '8', '2023-06-14 22:05:19.679873', '2023-06-14 22:05:20.679873', 'False', 'None', 'SELECT last_name FROM Actors', '5', '1');
INSERT INTO "QueryColumnAccess" ("queryId", "columnId")
    VALUES ('203', '3');
INSERT INTO "QueryTableAccess" ("queryId", "tableId")
    VALUES ('203', '2');
SELECT 'actor_id' FROM Actors;
INSERT INTO "SqlQuery" ("queryId", "userId", "issuedAt", "finishedAt", "hasError", "errorMessage", "statement", "projectId", "queryTypeId")
    VALUES ('204', '1', '2023-06-18 22:05:19.679879', '2023-06-18 22:05:23.679879', 'False', 'None', 'SELECT actor_id FROM Actors', '5', '1');
INSERT INTO "QueryColumnAccess" ("queryId", "columnId")
    VALUES ('204', '1');
INSERT INTO "QueryTableAccess" ("queryId", "tableId")
    VALUES ('204', '2');
SELECT 'theater_name' FROM Theaters;
INSERT INTO "SqlQuery" ("queryId", "userId", "issuedAt", "finishedAt", "hasError", "errorMessage", "statement", "projectId", "queryTypeId")
    VALUES ('205', '8', '2023-06-16 22:05:19.679886', '2023-06-16 22:05:23.679886', 'False', 'None', 'SELECT theater_name FROM Theaters', '5', '1');
INSERT INTO "QueryColumnAccess" ("queryId", "columnId")
    VALUES ('205', '2');
INSERT INTO "QueryTableAccess" ("queryId", "tableId")
    VALUES ('205', '4');
SELECT 'screening_id' FROM Screenings;
INSERT INTO "SqlQuery" ("queryId", "userId", "issuedAt", "finishedAt", "hasError", "errorMessage", "statement", "projectId", "queryTypeId")
    VALUES ('206', '13', '2023-05-07 22:05:19.679898', '2023-05-07 22:05:23.679898', 'False', 'None', 'SELECT screening_id FROM Screenings', '5', '1');
INSERT INTO "QueryColumnAccess" ("queryId", "columnId")
    VALUES ('206', '1');
INSERT INTO "QueryTableAccess" ("queryId", "tableId")
    VALUES ('206', '5');
SELECT 'rating' FROM Movies;
INSERT INTO "SqlQuery" ("queryId", "userId", "issuedAt", "finishedAt", "hasError", "errorMessage", "statement", "projectId", "queryTypeId")
    VALUES ('207', '14', '2023-04-26 22:05:19.679904', '2023-04-26 22:05:23.679904', 'False', 'None', 'SELECT rating FROM Movies', '5', '1');
INSERT INTO "QueryColumnAccess" ("queryId", "columnId")
    VALUES ('207', '7');
INSERT INTO "QueryTableAccess" ("queryId", "tableId")
    VALUES ('207', '1');
SELECT 'theater_id' FROM Screenings;
INSERT INTO "SqlQuery" ("queryId", "userId", "issuedAt", "finishedAt", "hasError", "errorMessage", "statement", "projectId", "queryTypeId")
    VALUES ('208', '15', '2023-05-02 22:05:19.679911', '2023-05-02 22:05:22.679911', 'False', 'None', 'SELECT theater_id FROM Screenings', '5', '1');
INSERT INTO "QueryColumnAccess" ("queryId", "columnId")
    VALUES ('208', '3');
INSERT INTO "QueryTableAccess" ("queryId", "tableId")
    VALUES ('208', '5');
SELECT 'duration' FROM Movies;
INSERT INTO "SqlQuery" ("queryId", "userId", "issuedAt", "finishedAt", "hasError", "errorMessage", "statement", "projectId", "queryTypeId")
    VALUES ('209', '12', '2023-05-04 22:05:19.679917', '2023-05-04 22:05:20.679917', 'False', 'None', 'SELECT duration FROM Movies', '5', '1');
INSERT INTO "QueryColumnAccess" ("queryId", "columnId")
    VALUES ('209', '6');
INSERT INTO "QueryTableAccess" ("queryId", "tableId")
    VALUES ('209', '1');
SELECT 'phone_number' FROM Theaters;
INSERT INTO "SqlQuery" ("queryId", "userId", "issuedAt", "finishedAt", "hasError", "errorMessage", "statement", "projectId", "queryTypeId")
    VALUES ('210', '5', '2023-04-25 22:05:19.679923', '2023-04-25 22:05:22.679923', 'False', 'None', 'SELECT phone_number FROM Theaters', '5', '1');
INSERT INTO "QueryColumnAccess" ("queryId", "columnId")
    VALUES ('210', '5');
INSERT INTO "QueryTableAccess" ("queryId", "tableId")
    VALUES ('210', '4');
SELECT 'first_name' FROM Actors;
INSERT INTO "SqlQuery" ("queryId", "userId", "issuedAt", "finishedAt", "hasError", "errorMessage", "statement", "projectId", "queryTypeId")
    VALUES ('211', '7', '2023-06-07 22:05:19.679929', '2023-06-07 22:05:23.679929', 'False', 'None', 'SELECT first_name FROM Actors', '5', '1');
INSERT INTO "QueryColumnAccess" ("queryId", "columnId")
    VALUES ('211', '2');
INSERT INTO "QueryTableAccess" ("queryId", "tableId")
    VALUES ('211', '2');
SELECT 'movie_id' FROM Screenings;
INSERT INTO "SqlQuery" ("queryId", "userId", "issuedAt", "finishedAt", "hasError", "errorMessage", "statement", "projectId", "queryTypeId")
    VALUES ('212', '5', '2023-04-11 22:05:19.679936', '2023-04-11 22:05:21.679936', 'False', 'None', 'SELECT movie_id FROM Screenings', '5', '1');
INSERT INTO "QueryColumnAccess" ("queryId", "columnId")
    VALUES ('212', '2');
INSERT INTO "QueryTableAccess" ("queryId", "tableId")
    VALUES ('212', '5');
SELECT 'actor_id' FROM Actors;
INSERT INTO "SqlQuery" ("queryId", "userId", "issuedAt", "finishedAt", "hasError", "errorMessage", "statement", "projectId", "queryTypeId")
    VALUES ('213', '12', '2023-05-18 22:05:19.679942', '2023-05-18 22:05:22.679942', 'False', 'None', 'SELECT actor_id FROM Actors', '5', '1');
INSERT INTO "QueryColumnAccess" ("queryId", "columnId")
    VALUES ('213', '1');
INSERT INTO "QueryTableAccess" ("queryId", "tableId")
    VALUES ('213', '2');
SELECT 'end_time' FROM Screenings;
INSERT INTO "SqlQuery" ("queryId", "userId", "issuedAt", "finishedAt", "hasError", "errorMessage", "statement", "projectId", "queryTypeId")
    VALUES ('214', '13', '2023-04-21 22:05:19.679949', '2023-04-21 22:05:20.679949', 'False', 'None', 'SELECT end_time FROM Screenings', '5', '1');
INSERT INTO "QueryColumnAccess" ("queryId", "columnId")
    VALUES ('214', '5');
INSERT INTO "QueryTableAccess" ("queryId", "tableId")
    VALUES ('214', '5');
SELECT 'end_time' FROM Screenings;
INSERT INTO "SqlQuery" ("queryId", "userId", "issuedAt", "finishedAt", "hasError", "errorMessage", "statement", "projectId", "queryTypeId")
    VALUES ('215', '2', '2023-04-28 22:05:19.679955', '2023-04-28 22:05:22.679955', 'False', 'None', 'SELECT end_time FROM Screenings', '5', '1');
INSERT INTO "QueryColumnAccess" ("queryId", "columnId")
    VALUES ('215', '5');
INSERT INTO "QueryTableAccess" ("queryId", "tableId")
    VALUES ('215', '5');
SELECT 'screening_id' FROM Screenings;
INSERT INTO "SqlQuery" ("queryId", "userId", "issuedAt", "finishedAt", "hasError", "errorMessage", "statement", "projectId", "queryTypeId")
    VALUES ('216', '6', '2023-07-10 22:05:19.679962', '2023-07-10 22:05:21.679962', 'False', 'None', 'SELECT screening_id FROM Screenings', '5', '1');
INSERT INTO "QueryColumnAccess" ("queryId", "columnId")
    VALUES ('216', '1');
INSERT INTO "QueryTableAccess" ("queryId", "tableId")
    VALUES ('216', '5');
SELECT 'user_id' FROM Reviews;
INSERT INTO "SqlQuery" ("queryId", "userId", "issuedAt", "finishedAt", "hasError", "errorMessage", "statement", "projectId", "queryTypeId")
    VALUES ('217', '13', '2023-05-25 22:05:19.679968', '2023-05-25 22:05:22.679968', 'False', 'None', 'SELECT user_id FROM Reviews', '5', '1');
INSERT INTO "QueryColumnAccess" ("queryId", "columnId")
    VALUES ('217', '3');
INSERT INTO "QueryTableAccess" ("queryId", "tableId")
    VALUES ('217', '3');
SELECT 'rating' FROM Movies;
INSERT INTO "SqlQuery" ("queryId", "userId", "issuedAt", "finishedAt", "hasError", "errorMessage", "statement", "projectId", "queryTypeId")
    VALUES ('218', '1', '2023-06-03 22:05:19.679974', '2023-06-03 22:05:21.679974', 'False', 'None', 'SELECT rating FROM Movies', '5', '1');
INSERT INTO "QueryColumnAccess" ("queryId", "columnId")
    VALUES ('218', '7');
INSERT INTO "QueryTableAccess" ("queryId", "tableId")
    VALUES ('218', '1');
SELECT 'nationality' FROM Actors;
INSERT INTO "SqlQuery" ("queryId", "userId", "issuedAt", "finishedAt", "hasError", "errorMessage", "statement", "projectId", "queryTypeId")
    VALUES ('219', '6', '2023-07-03 22:05:19.679981', '2023-07-03 22:05:21.679981', 'False', 'None', 'SELECT nationality FROM Actors', '5', '1');
INSERT INTO "QueryColumnAccess" ("queryId", "columnId")
    VALUES ('219', '6');
INSERT INTO "QueryTableAccess" ("queryId", "tableId")
    VALUES ('219', '2');
SELECT 'actor_id' FROM Actors;
INSERT INTO "SqlQuery" ("queryId", "userId", "issuedAt", "finishedAt", "hasError", "errorMessage", "statement", "projectId", "queryTypeId")
    VALUES ('220', '1', '2023-06-06 22:05:19.679987', '2023-06-06 22:05:20.679987', 'False', 'None', 'SELECT actor_id FROM Actors', '5', '1');
INSERT INTO "QueryColumnAccess" ("queryId", "columnId")
    VALUES ('220', '1');
INSERT INTO "QueryTableAccess" ("queryId", "tableId")
    VALUES ('220', '2');
SELECT 'last_name' FROM Actors;
INSERT INTO "SqlQuery" ("queryId", "userId", "issuedAt", "finishedAt", "hasError", "errorMessage", "statement", "projectId", "queryTypeId")
    VALUES ('221', '7', '2023-07-01 22:05:19.679993', '2023-07-01 22:05:20.679993', 'False', 'None', 'SELECT last_name FROM Actors', '5', '1');
INSERT INTO "QueryColumnAccess" ("queryId", "columnId")
    VALUES ('221', '3');
INSERT INTO "QueryTableAccess" ("queryId", "tableId")
    VALUES ('221', '2');
SELECT 'review_date' FROM Reviews;
INSERT INTO "SqlQuery" ("queryId", "userId", "issuedAt", "finishedAt", "hasError", "errorMessage", "statement", "projectId", "queryTypeId")
    VALUES ('222', '4', '2023-05-20 22:05:19.680000', '2023-05-20 22:05:21.680000', 'False', 'None', 'SELECT review_date FROM Reviews', '5', '1');
INSERT INTO "QueryColumnAccess" ("queryId", "columnId")
    VALUES ('222', '6');
INSERT INTO "QueryTableAccess" ("queryId", "tableId")
    VALUES ('222', '3');
SELECT 'actor_id' FROM Actors;
INSERT INTO "SqlQuery" ("queryId", "userId", "issuedAt", "finishedAt", "hasError", "errorMessage", "statement", "projectId", "queryTypeId")
    VALUES ('223', '2', '2023-05-15 22:05:19.680011', '2023-05-15 22:05:21.680011', 'False', 'None', 'SELECT actor_id FROM Actors', '5', '1');
INSERT INTO "QueryColumnAccess" ("queryId", "columnId")
    VALUES ('223', '1');
INSERT INTO "QueryTableAccess" ("queryId", "tableId")
    VALUES ('223', '2');
SELECT 'rating' FROM Movies;
INSERT INTO "SqlQuery" ("queryId", "userId", "issuedAt", "finishedAt", "hasError", "errorMessage", "statement", "projectId", "queryTypeId")
    VALUES ('224', '6', '2023-04-30 22:05:19.680018', '2023-04-30 22:05:20.680018', 'False', 'None', 'SELECT rating FROM Movies', '5', '1');
INSERT INTO "QueryColumnAccess" ("queryId", "columnId")
    VALUES ('224', '7');
INSERT INTO "QueryTableAccess" ("queryId", "tableId")
    VALUES ('224', '1');
SELECT 'last_name' FROM Actors;
INSERT INTO "SqlQuery" ("queryId", "userId", "issuedAt", "finishedAt", "hasError", "errorMessage", "statement", "projectId", "queryTypeId")
    VALUES ('225', '3', '2023-05-22 22:05:19.680024', '2023-05-22 22:05:22.680024', 'False', 'None', 'SELECT last_name FROM Actors', '5', '1');
INSERT INTO "QueryColumnAccess" ("queryId", "columnId")
    VALUES ('225', '3');
INSERT INTO "QueryTableAccess" ("queryId", "tableId")
    VALUES ('225', '2');
SELECT 'start_time' FROM Screenings;
INSERT INTO "SqlQuery" ("queryId", "userId", "issuedAt", "finishedAt", "hasError", "errorMessage", "statement", "projectId", "queryTypeId")
    VALUES ('226', '11', '2023-04-13 22:05:19.680031', '2023-04-13 22:05:21.680031', 'False', 'None', 'SELECT start_time FROM Screenings', '5', '1');
INSERT INTO "QueryColumnAccess" ("queryId", "columnId")
    VALUES ('226', '4');
INSERT INTO "QueryTableAccess" ("queryId", "tableId")
    VALUES ('226', '5');
SELECT 'comment' FROM Reviews;
INSERT INTO "SqlQuery" ("queryId", "userId", "issuedAt", "finishedAt", "hasError", "errorMessage", "statement", "projectId", "queryTypeId")
    VALUES ('227', '8', '2023-06-09 22:05:19.680037', '2023-06-09 22:05:20.680037', 'False', 'None', 'SELECT comment FROM Reviews', '5', '1');
INSERT INTO "QueryColumnAccess" ("queryId", "columnId")
    VALUES ('227', '5');
INSERT INTO "QueryTableAccess" ("queryId", "tableId")
    VALUES ('227', '3');
SELECT 'actor_id' FROM Actors;
INSERT INTO "SqlQuery" ("queryId", "userId", "issuedAt", "finishedAt", "hasError", "errorMessage", "statement", "projectId", "queryTypeId")
    VALUES ('228', '5', '2023-05-20 22:05:19.680044', '2023-05-20 22:05:21.680044', 'False', 'None', 'SELECT actor_id FROM Actors', '5', '1');
INSERT INTO "QueryColumnAccess" ("queryId", "columnId")
    VALUES ('228', '1');
INSERT INTO "QueryTableAccess" ("queryId", "tableId")
    VALUES ('228', '2');
SELECT 'movie_id' FROM Screenings;
INSERT INTO "SqlQuery" ("queryId", "userId", "issuedAt", "finishedAt", "hasError", "errorMessage", "statement", "projectId", "queryTypeId")
    VALUES ('229', '9', '2023-04-13 22:05:19.680050', '2023-04-13 22:05:23.680050', 'False', 'None', 'SELECT movie_id FROM Screenings', '5', '1');
INSERT INTO "QueryColumnAccess" ("queryId", "columnId")
    VALUES ('229', '2');
INSERT INTO "QueryTableAccess" ("queryId", "tableId")
    VALUES ('229', '5');
SELECT 'theater_name' FROM Theaters;
INSERT INTO "SqlQuery" ("queryId", "userId", "issuedAt", "finishedAt", "hasError", "errorMessage", "statement", "projectId", "queryTypeId")
    VALUES ('230', '9', '2023-05-04 22:05:19.680056', '2023-05-04 22:05:23.680056', 'False', 'None', 'SELECT theater_name FROM Theaters', '5', '1');
INSERT INTO "QueryColumnAccess" ("queryId", "columnId")
    VALUES ('230', '2');
INSERT INTO "QueryTableAccess" ("queryId", "tableId")
    VALUES ('230', '4');
SELECT 'theater_id' FROM Screenings;
INSERT INTO "SqlQuery" ("queryId", "userId", "issuedAt", "finishedAt", "hasError", "errorMessage", "statement", "projectId", "queryTypeId")
    VALUES ('231', '8', '2023-06-26 22:05:19.680062', '2023-06-26 22:05:20.680062', 'False', 'None', 'SELECT theater_id FROM Screenings', '5', '1');
INSERT INTO "QueryColumnAccess" ("queryId", "columnId")
    VALUES ('231', '3');
INSERT INTO "QueryTableAccess" ("queryId", "tableId")
    VALUES ('231', '5');
SELECT 'phone_number' FROM Theaters;
INSERT INTO "SqlQuery" ("queryId", "userId", "issuedAt", "finishedAt", "hasError", "errorMessage", "statement", "projectId", "queryTypeId")
    VALUES ('232', '9', '2023-06-24 22:05:19.680069', '2023-06-24 22:05:20.680069', 'False', 'None', 'SELECT phone_number FROM Theaters', '5', '1');
INSERT INTO "QueryColumnAccess" ("queryId", "columnId")
    VALUES ('232', '5');
INSERT INTO "QueryTableAccess" ("queryId", "tableId")
    VALUES ('232', '4');
SELECT 'capacity' FROM Theaters;
INSERT INTO "SqlQuery" ("queryId", "userId", "issuedAt", "finishedAt", "hasError", "errorMessage", "statement", "projectId", "queryTypeId")
    VALUES ('233', '15', '2023-05-26 22:05:19.680075', '2023-05-26 22:05:23.680075', 'False', 'None', 'SELECT capacity FROM Theaters', '5', '1');
INSERT INTO "QueryColumnAccess" ("queryId", "columnId")
    VALUES ('233', '4');
INSERT INTO "QueryTableAccess" ("queryId", "tableId")
    VALUES ('233', '4');
SELECT 'review_id' FROM Reviews;
INSERT INTO "SqlQuery" ("queryId", "userId", "issuedAt", "finishedAt", "hasError", "errorMessage", "statement", "projectId", "queryTypeId")
    VALUES ('234', '15', '2023-06-06 22:05:19.680082', '2023-06-06 22:05:22.680082', 'False', 'None', 'SELECT review_id FROM Reviews', '5', '1');
INSERT INTO "QueryColumnAccess" ("queryId", "columnId")
    VALUES ('234', '1');
INSERT INTO "QueryTableAccess" ("queryId", "tableId")
    VALUES ('234', '3');
SELECT 'phone_number' FROM Theaters;
INSERT INTO "SqlQuery" ("queryId", "userId", "issuedAt", "finishedAt", "hasError", "errorMessage", "statement", "projectId", "queryTypeId")
    VALUES ('235', '13', '2023-05-23 22:05:19.680088', '2023-05-23 22:05:21.680088', 'False', 'None', 'SELECT phone_number FROM Theaters', '5', '1');
INSERT INTO "QueryColumnAccess" ("queryId", "columnId")
    VALUES ('235', '5');
INSERT INTO "QueryTableAccess" ("queryId", "tableId")
    VALUES ('235', '4');
SELECT 'gender' FROM Actors;
INSERT INTO "SqlQuery" ("queryId", "userId", "issuedAt", "finishedAt", "hasError", "errorMessage", "statement", "projectId", "queryTypeId")
    VALUES ('236', '2', '2023-04-23 22:05:19.680094', '2023-04-23 22:05:21.680094', 'False', 'None', 'SELECT gender FROM Actors', '5', '1');
INSERT INTO "QueryColumnAccess" ("queryId", "columnId")
    VALUES ('236', '5');
INSERT INTO "QueryTableAccess" ("queryId", "tableId")
    VALUES ('236', '2');
SELECT 'user_id' FROM Reviews;
INSERT INTO "SqlQuery" ("queryId", "userId", "issuedAt", "finishedAt", "hasError", "errorMessage", "statement", "projectId", "queryTypeId")
    VALUES ('237', '8', '2023-04-18 22:05:19.680100', '2023-04-18 22:05:21.680100', 'False', 'None', 'SELECT user_id FROM Reviews', '5', '1');
INSERT INTO "QueryColumnAccess" ("queryId", "columnId")
    VALUES ('237', '3');
INSERT INTO "QueryTableAccess" ("queryId", "tableId")
    VALUES ('237', '3');
SELECT 'actor_id' FROM Actors;
INSERT INTO "SqlQuery" ("queryId", "userId", "issuedAt", "finishedAt", "hasError", "errorMessage", "statement", "projectId", "queryTypeId")
    VALUES ('238', '11', '2023-06-12 22:05:19.680107', '2023-06-12 22:05:21.680107', 'False', 'None', 'SELECT actor_id FROM Actors', '5', '1');
INSERT INTO "QueryColumnAccess" ("queryId", "columnId")
    VALUES ('238', '1');
INSERT INTO "QueryTableAccess" ("queryId", "tableId")
    VALUES ('238', '2');
SELECT 'duration' FROM Movies;
INSERT INTO "SqlQuery" ("queryId", "userId", "issuedAt", "finishedAt", "hasError", "errorMessage", "statement", "projectId", "queryTypeId")
    VALUES ('239', '3', '2023-05-01 22:05:19.680113', '2023-05-01 22:05:21.680113', 'False', 'None', 'SELECT duration FROM Movies', '5', '1');
INSERT INTO "QueryColumnAccess" ("queryId", "columnId")
    VALUES ('239', '6');
INSERT INTO "QueryTableAccess" ("queryId", "tableId")
    VALUES ('239', '1');
SELECT 'duration' FROM Movies;
INSERT INTO "SqlQuery" ("queryId", "userId", "issuedAt", "finishedAt", "hasError", "errorMessage", "statement", "projectId", "queryTypeId")
    VALUES ('240', '3', '2023-04-25 22:05:19.680126', '2023-04-25 22:05:22.680126', 'False', 'None', 'SELECT duration FROM Movies', '5', '1');
INSERT INTO "QueryColumnAccess" ("queryId", "columnId")
    VALUES ('240', '6');
INSERT INTO "QueryTableAccess" ("queryId", "tableId")
    VALUES ('240', '1');
SELECT 'capacity' FROM Theaters;
INSERT INTO "SqlQuery" ("queryId", "userId", "issuedAt", "finishedAt", "hasError", "errorMessage", "statement", "projectId", "queryTypeId")
    VALUES ('241', '13', '2023-06-26 22:05:19.680133', '2023-06-26 22:05:23.680133', 'False', 'None', 'SELECT capacity FROM Theaters', '5', '1');
INSERT INTO "QueryColumnAccess" ("queryId", "columnId")
    VALUES ('241', '4');
INSERT INTO "QueryTableAccess" ("queryId", "tableId")
    VALUES ('241', '4');
SELECT 'actor_id' FROM Actors;
INSERT INTO "SqlQuery" ("queryId", "userId", "issuedAt", "finishedAt", "hasError", "errorMessage", "statement", "projectId", "queryTypeId")
    VALUES ('242', '3', '2023-05-03 22:05:19.680139', '2023-05-03 22:05:22.680139', 'False', 'None', 'SELECT actor_id FROM Actors', '5', '1');
INSERT INTO "QueryColumnAccess" ("queryId", "columnId")
    VALUES ('242', '1');
INSERT INTO "QueryTableAccess" ("queryId", "tableId")
    VALUES ('242', '2');
SELECT 'movie_id' FROM Reviews;
INSERT INTO "SqlQuery" ("queryId", "userId", "issuedAt", "finishedAt", "hasError", "errorMessage", "statement", "projectId", "queryTypeId")
    VALUES ('243', '12', '2023-05-13 22:05:19.680145', '2023-05-13 22:05:23.680145', 'False', 'None', 'SELECT movie_id FROM Reviews', '5', '1');
INSERT INTO "QueryColumnAccess" ("queryId", "columnId")
    VALUES ('243', '2');
INSERT INTO "QueryTableAccess" ("queryId", "tableId")
    VALUES ('243', '3');
SELECT 'theater_id' FROM Screenings;
INSERT INTO "SqlQuery" ("queryId", "userId", "issuedAt", "finishedAt", "hasError", "errorMessage", "statement", "projectId", "queryTypeId")
    VALUES ('244', '8', '2023-05-11 22:05:19.680152', '2023-05-11 22:05:21.680152', 'False', 'None', 'SELECT theater_id FROM Screenings', '5', '1');
INSERT INTO "QueryColumnAccess" ("queryId", "columnId")
    VALUES ('244', '3');
INSERT INTO "QueryTableAccess" ("queryId", "tableId")
    VALUES ('244', '5');
SELECT 'user_id' FROM Reviews;
INSERT INTO "SqlQuery" ("queryId", "userId", "issuedAt", "finishedAt", "hasError", "errorMessage", "statement", "projectId", "queryTypeId")
    VALUES ('245', '12', '2023-06-15 22:05:19.680158', '2023-06-15 22:05:20.680158', 'False', 'None', 'SELECT user_id FROM Reviews', '5', '1');
INSERT INTO "QueryColumnAccess" ("queryId", "columnId")
    VALUES ('245', '3');
INSERT INTO "QueryTableAccess" ("queryId", "tableId")
    VALUES ('245', '3');
SELECT 'review_id' FROM Reviews;
INSERT INTO "SqlQuery" ("queryId", "userId", "issuedAt", "finishedAt", "hasError", "errorMessage", "statement", "projectId", "queryTypeId")
    VALUES ('246', '7', '2023-07-01 22:05:19.680164', '2023-07-01 22:05:20.680164', 'False', 'None', 'SELECT review_id FROM Reviews', '5', '1');
INSERT INTO "QueryColumnAccess" ("queryId", "columnId")
    VALUES ('246', '1');
INSERT INTO "QueryTableAccess" ("queryId", "tableId")
    VALUES ('246', '3');
SELECT 'location' FROM Theaters;
INSERT INTO "SqlQuery" ("queryId", "userId", "issuedAt", "finishedAt", "hasError", "errorMessage", "statement", "projectId", "queryTypeId")
    VALUES ('247', '3', '2023-04-18 22:05:19.680170', '2023-04-18 22:05:22.680170', 'False', 'None', 'SELECT location FROM Theaters', '5', '1');
INSERT INTO "QueryColumnAccess" ("queryId", "columnId")
    VALUES ('247', '3');
INSERT INTO "QueryTableAccess" ("queryId", "tableId")
    VALUES ('247', '4');
SELECT 'location' FROM Theaters;
INSERT INTO "SqlQuery" ("queryId", "userId", "issuedAt", "finishedAt", "hasError", "errorMessage", "statement", "projectId", "queryTypeId")
    VALUES ('248', '13', '2023-06-16 22:05:19.680177', '2023-06-16 22:05:21.680177', 'False', 'None', 'SELECT location FROM Theaters', '5', '1');
INSERT INTO "QueryColumnAccess" ("queryId", "columnId")
    VALUES ('248', '3');
INSERT INTO "QueryTableAccess" ("queryId", "tableId")
    VALUES ('248', '4');
SELECT 'theater_id' FROM Theaters;
INSERT INTO "SqlQuery" ("queryId", "userId", "issuedAt", "finishedAt", "hasError", "errorMessage", "statement", "projectId", "queryTypeId")
    VALUES ('249', '4', '2023-05-06 22:05:19.680183', '2023-05-06 22:05:22.680183', 'False', 'None', 'SELECT theater_id FROM Theaters', '5', '1');
INSERT INTO "QueryColumnAccess" ("queryId", "columnId")
    VALUES ('249', '1');
INSERT INTO "QueryTableAccess" ("queryId", "tableId")
    VALUES ('249', '4');
SELECT 'first_name' FROM Actors;
INSERT INTO "SqlQuery" ("queryId", "userId", "issuedAt", "finishedAt", "hasError", "errorMessage", "statement", "projectId", "queryTypeId")
    VALUES ('250', '3', '2023-04-21 22:05:19.680189', '2023-04-21 22:05:20.680189', 'False', 'None', 'SELECT first_name FROM Actors', '5', '1');
INSERT INTO "QueryColumnAccess" ("queryId", "columnId")
    VALUES ('250', '2');
INSERT INTO "QueryTableAccess" ("queryId", "tableId")
    VALUES ('250', '2');
SELECT 'rating' FROM Movies;
INSERT INTO "SqlQuery" ("queryId", "userId", "issuedAt", "finishedAt", "hasError", "errorMessage", "statement", "projectId", "queryTypeId")
    VALUES ('251', '10', '2023-05-13 22:05:19.680196', '2023-05-13 22:05:20.680196', 'False', 'None', 'SELECT rating FROM Movies', '5', '1');
INSERT INTO "QueryColumnAccess" ("queryId", "columnId")
    VALUES ('251', '7');
INSERT INTO "QueryTableAccess" ("queryId", "tableId")
    VALUES ('251', '1');
SELECT 'movie_id' FROM Reviews;
INSERT INTO "SqlQuery" ("queryId", "userId", "issuedAt", "finishedAt", "hasError", "errorMessage", "statement", "projectId", "queryTypeId")
    VALUES ('252', '15', '2023-07-03 22:05:19.680202', '2023-07-03 22:05:22.680202', 'False', 'None', 'SELECT movie_id FROM Reviews', '5', '1');
INSERT INTO "QueryColumnAccess" ("queryId", "columnId")
    VALUES ('252', '2');
INSERT INTO "QueryTableAccess" ("queryId", "tableId")
    VALUES ('252', '3');
SELECT 'date_of_birth' FROM Actors;
INSERT INTO "SqlQuery" ("queryId", "userId", "issuedAt", "finishedAt", "hasError", "errorMessage", "statement", "projectId", "queryTypeId")
    VALUES ('253', '13', '2023-05-12 22:05:19.680208', '2023-05-12 22:05:22.680208', 'False', 'None', 'SELECT date_of_birth FROM Actors', '5', '1');
INSERT INTO "QueryColumnAccess" ("queryId", "columnId")
    VALUES ('253', '4');
INSERT INTO "QueryTableAccess" ("queryId", "tableId")
    VALUES ('253', '2');
SELECT 'ticket_price' FROM Screenings;
INSERT INTO "SqlQuery" ("queryId", "userId", "issuedAt", "finishedAt", "hasError", "errorMessage", "statement", "projectId", "queryTypeId")
    VALUES ('254', '2', '2023-06-04 22:05:19.680214', '2023-06-04 22:05:22.680214', 'False', 'None', 'SELECT ticket_price FROM Screenings', '5', '1');
INSERT INTO "QueryColumnAccess" ("queryId", "columnId")
    VALUES ('254', '6');
INSERT INTO "QueryTableAccess" ("queryId", "tableId")
    VALUES ('254', '5');
SELECT 'movie_id' FROM Screenings;
INSERT INTO "SqlQuery" ("queryId", "userId", "issuedAt", "finishedAt", "hasError", "errorMessage", "statement", "projectId", "queryTypeId")
    VALUES ('255', '11', '2023-06-16 22:05:19.680221', '2023-06-16 22:05:21.680221', 'False', 'None', 'SELECT movie_id FROM Screenings', '5', '1');
INSERT INTO "QueryColumnAccess" ("queryId", "columnId")
    VALUES ('255', '2');
INSERT INTO "QueryTableAccess" ("queryId", "tableId")
    VALUES ('255', '5');
SELECT 'start_time' FROM Screenings;
INSERT INTO "SqlQuery" ("queryId", "userId", "issuedAt", "finishedAt", "hasError", "errorMessage", "statement", "projectId", "queryTypeId")
    VALUES ('256', '9', '2023-04-27 22:05:19.680227', '2023-04-27 22:05:23.680227', 'False', 'None', 'SELECT start_time FROM Screenings', '5', '1');
INSERT INTO "QueryColumnAccess" ("queryId", "columnId")
    VALUES ('256', '4');
INSERT INTO "QueryTableAccess" ("queryId", "tableId")
    VALUES ('256', '5');
SELECT 'ticket_price' FROM Screenings;
INSERT INTO "SqlQuery" ("queryId", "userId", "issuedAt", "finishedAt", "hasError", "errorMessage", "statement", "projectId", "queryTypeId")
    VALUES ('257', '3', '2023-04-18 22:05:19.680239', '2023-04-18 22:05:23.680239', 'False', 'None', 'SELECT ticket_price FROM Screenings', '5', '1');
INSERT INTO "QueryColumnAccess" ("queryId", "columnId")
    VALUES ('257', '6');
INSERT INTO "QueryTableAccess" ("queryId", "tableId")
    VALUES ('257', '5');
SELECT 'genre' FROM Movies;
INSERT INTO "SqlQuery" ("queryId", "userId", "issuedAt", "finishedAt", "hasError", "errorMessage", "statement", "projectId", "queryTypeId")
    VALUES ('258', '13', '2023-04-13 22:05:19.680246', '2023-04-13 22:05:21.680246', 'False', 'None', 'SELECT genre FROM Movies', '5', '1');
INSERT INTO "QueryColumnAccess" ("queryId", "columnId")
    VALUES ('258', '4');
INSERT INTO "QueryTableAccess" ("queryId", "tableId")
    VALUES ('258', '1');
SELECT 'first_name' FROM Actors;
INSERT INTO "SqlQuery" ("queryId", "userId", "issuedAt", "finishedAt", "hasError", "errorMessage", "statement", "projectId", "queryTypeId")
    VALUES ('259', '4', '2023-06-21 22:05:19.680252', '2023-06-21 22:05:22.680252', 'False', 'None', 'SELECT first_name FROM Actors', '5', '1');
INSERT INTO "QueryColumnAccess" ("queryId", "columnId")
    VALUES ('259', '2');
INSERT INTO "QueryTableAccess" ("queryId", "tableId")
    VALUES ('259', '2');
SELECT 'theater_id' FROM Theaters;
INSERT INTO "SqlQuery" ("queryId", "userId", "issuedAt", "finishedAt", "hasError", "errorMessage", "statement", "projectId", "queryTypeId")
    VALUES ('260', '10', '2023-06-23 22:05:19.680258', '2023-06-23 22:05:21.680258', 'False', 'None', 'SELECT theater_id FROM Theaters', '5', '1');
INSERT INTO "QueryColumnAccess" ("queryId", "columnId")
    VALUES ('260', '1');
INSERT INTO "QueryTableAccess" ("queryId", "tableId")
    VALUES ('260', '4');
SELECT 'actor_id' FROM Actors;
INSERT INTO "SqlQuery" ("queryId", "userId", "issuedAt", "finishedAt", "hasError", "errorMessage", "statement", "projectId", "queryTypeId")
    VALUES ('261', '10', '2023-05-23 22:05:19.680265', '2023-05-23 22:05:20.680265', 'False', 'None', 'SELECT actor_id FROM Actors', '5', '1');
INSERT INTO "QueryColumnAccess" ("queryId", "columnId")
    VALUES ('261', '1');
INSERT INTO "QueryTableAccess" ("queryId", "tableId")
    VALUES ('261', '2');
SELECT 'comment' FROM Reviews;
INSERT INTO "SqlQuery" ("queryId", "userId", "issuedAt", "finishedAt", "hasError", "errorMessage", "statement", "projectId", "queryTypeId")
    VALUES ('262', '14', '2023-07-06 22:05:19.680271', '2023-07-06 22:05:20.680271', 'False', 'None', 'SELECT comment FROM Reviews', '5', '1');
INSERT INTO "QueryColumnAccess" ("queryId", "columnId")
    VALUES ('262', '5');
INSERT INTO "QueryTableAccess" ("queryId", "tableId")
    VALUES ('262', '3');
SELECT 'movie_id' FROM Movies;
INSERT INTO "SqlQuery" ("queryId", "userId", "issuedAt", "finishedAt", "hasError", "errorMessage", "statement", "projectId", "queryTypeId")
    VALUES ('263', '11', '2023-06-17 22:05:19.680278', '2023-06-17 22:05:23.680278', 'False', 'None', 'SELECT movie_id FROM Movies', '5', '1');
INSERT INTO "QueryColumnAccess" ("queryId", "columnId")
    VALUES ('263', '1');
INSERT INTO "QueryTableAccess" ("queryId", "tableId")
    VALUES ('263', '1');
SELECT 'genre' FROM Movies;
INSERT INTO "SqlQuery" ("queryId", "userId", "issuedAt", "finishedAt", "hasError", "errorMessage", "statement", "projectId", "queryTypeId")
    VALUES ('264', '6', '2023-05-28 22:05:19.680284', '2023-05-28 22:05:21.680284', 'False', 'None', 'SELECT genre FROM Movies', '5', '1');
INSERT INTO "QueryColumnAccess" ("queryId", "columnId")
    VALUES ('264', '4');
INSERT INTO "QueryTableAccess" ("queryId", "tableId")
    VALUES ('264', '1');
SELECT 'actor_id' FROM Actors;
INSERT INTO "SqlQuery" ("queryId", "userId", "issuedAt", "finishedAt", "hasError", "errorMessage", "statement", "projectId", "queryTypeId")
    VALUES ('265', '12', '2023-07-09 22:05:19.680290', '2023-07-09 22:05:21.680290', 'False', 'None', 'SELECT actor_id FROM Actors', '5', '1');
INSERT INTO "QueryColumnAccess" ("queryId", "columnId")
    VALUES ('265', '1');
INSERT INTO "QueryTableAccess" ("queryId", "tableId")
    VALUES ('265', '2');
SELECT 'movie_id' FROM Screenings;
INSERT INTO "SqlQuery" ("queryId", "userId", "issuedAt", "finishedAt", "hasError", "errorMessage", "statement", "projectId", "queryTypeId")
    VALUES ('266', '7', '2023-05-10 22:05:19.680297', '2023-05-10 22:05:21.680297', 'False', 'None', 'SELECT movie_id FROM Screenings', '5', '1');
INSERT INTO "QueryColumnAccess" ("queryId", "columnId")
    VALUES ('266', '2');
INSERT INTO "QueryTableAccess" ("queryId", "tableId")
    VALUES ('266', '5');
SELECT 'gender' FROM Actors;
INSERT INTO "SqlQuery" ("queryId", "userId", "issuedAt", "finishedAt", "hasError", "errorMessage", "statement", "projectId", "queryTypeId")
    VALUES ('267', '3', '2023-05-29 22:05:19.680303', '2023-05-29 22:05:23.680303', 'False', 'None', 'SELECT gender FROM Actors', '5', '1');
INSERT INTO "QueryColumnAccess" ("queryId", "columnId")
    VALUES ('267', '5');
INSERT INTO "QueryTableAccess" ("queryId", "tableId")
    VALUES ('267', '2');
SELECT 'gender' FROM Actors;
INSERT INTO "SqlQuery" ("queryId", "userId", "issuedAt", "finishedAt", "hasError", "errorMessage", "statement", "projectId", "queryTypeId")
    VALUES ('268', '14', '2023-05-05 22:05:19.680309', '2023-05-05 22:05:22.680309', 'False', 'None', 'SELECT gender FROM Actors', '5', '1');
INSERT INTO "QueryColumnAccess" ("queryId", "columnId")
    VALUES ('268', '5');
INSERT INTO "QueryTableAccess" ("queryId", "tableId")
    VALUES ('268', '2');
SELECT 'rating' FROM Reviews;
INSERT INTO "SqlQuery" ("queryId", "userId", "issuedAt", "finishedAt", "hasError", "errorMessage", "statement", "projectId", "queryTypeId")
    VALUES ('269', '4', '2023-06-16 22:05:19.680316', '2023-06-16 22:05:21.680316', 'False', 'None', 'SELECT rating FROM Reviews', '5', '1');
INSERT INTO "QueryColumnAccess" ("queryId", "columnId")
    VALUES ('269', '4');
INSERT INTO "QueryTableAccess" ("queryId", "tableId")
    VALUES ('269', '3');
SELECT 'phone_number' FROM Theaters;
INSERT INTO "SqlQuery" ("queryId", "userId", "issuedAt", "finishedAt", "hasError", "errorMessage", "statement", "projectId", "queryTypeId")
    VALUES ('270', '14', '2023-06-10 22:05:19.680322', '2023-06-10 22:05:22.680322', 'False', 'None', 'SELECT phone_number FROM Theaters', '5', '1');
INSERT INTO "QueryColumnAccess" ("queryId", "columnId")
    VALUES ('270', '5');
INSERT INTO "QueryTableAccess" ("queryId", "tableId")
    VALUES ('270', '4');
SELECT 'gender' FROM Actors;
INSERT INTO "SqlQuery" ("queryId", "userId", "issuedAt", "finishedAt", "hasError", "errorMessage", "statement", "projectId", "queryTypeId")
    VALUES ('271', '7', '2023-07-04 22:05:19.680328', '2023-07-04 22:05:22.680328', 'False', 'None', 'SELECT gender FROM Actors', '5', '1');
INSERT INTO "QueryColumnAccess" ("queryId", "columnId")
    VALUES ('271', '5');
INSERT INTO "QueryTableAccess" ("queryId", "tableId")
    VALUES ('271', '2');
SELECT 'screening_id' FROM Screenings;
INSERT INTO "SqlQuery" ("queryId", "userId", "issuedAt", "finishedAt", "hasError", "errorMessage", "statement", "projectId", "queryTypeId")
    VALUES ('272', '11', '2023-07-10 22:05:19.680335', '2023-07-10 22:05:22.680335', 'False', 'None', 'SELECT screening_id FROM Screenings', '5', '1');
INSERT INTO "QueryColumnAccess" ("queryId", "columnId")
    VALUES ('272', '1');
INSERT INTO "QueryTableAccess" ("queryId", "tableId")
    VALUES ('272', '5');
SELECT 'phone_number' FROM Theaters;
INSERT INTO "SqlQuery" ("queryId", "userId", "issuedAt", "finishedAt", "hasError", "errorMessage", "statement", "projectId", "queryTypeId")
    VALUES ('273', '10', '2023-06-21 22:05:19.680341', '2023-06-21 22:05:23.680341', 'False', 'None', 'SELECT phone_number FROM Theaters', '5', '1');
INSERT INTO "QueryColumnAccess" ("queryId", "columnId")
    VALUES ('273', '5');
INSERT INTO "QueryTableAccess" ("queryId", "tableId")
    VALUES ('273', '4');
SELECT 'start_time' FROM Screenings;
INSERT INTO "SqlQuery" ("queryId", "userId", "issuedAt", "finishedAt", "hasError", "errorMessage", "statement", "projectId", "queryTypeId")
    VALUES ('274', '4', '2023-04-12 22:05:19.680354', '2023-04-12 22:05:23.680354', 'False', 'None', 'SELECT start_time FROM Screenings', '5', '1');
INSERT INTO "QueryColumnAccess" ("queryId", "columnId")
    VALUES ('274', '4');
INSERT INTO "QueryTableAccess" ("queryId", "tableId")
    VALUES ('274', '5');
SELECT 'capacity' FROM Theaters;
INSERT INTO "SqlQuery" ("queryId", "userId", "issuedAt", "finishedAt", "hasError", "errorMessage", "statement", "projectId", "queryTypeId")
    VALUES ('275', '7', '2023-06-16 22:05:19.680361', '2023-06-16 22:05:21.680361', 'False', 'None', 'SELECT capacity FROM Theaters', '5', '1');
INSERT INTO "QueryColumnAccess" ("queryId", "columnId")
    VALUES ('275', '4');
INSERT INTO "QueryTableAccess" ("queryId", "tableId")
    VALUES ('275', '4');
SELECT 'end_time' FROM Screenings;
INSERT INTO "SqlQuery" ("queryId", "userId", "issuedAt", "finishedAt", "hasError", "errorMessage", "statement", "projectId", "queryTypeId")
    VALUES ('276', '11', '2023-05-08 22:05:19.680367', '2023-05-08 22:05:21.680367', 'False', 'None', 'SELECT end_time FROM Screenings', '5', '1');
INSERT INTO "QueryColumnAccess" ("queryId", "columnId")
    VALUES ('276', '5');
INSERT INTO "QueryTableAccess" ("queryId", "tableId")
    VALUES ('276', '5');
SELECT 'last_name' FROM Actors;
INSERT INTO "SqlQuery" ("queryId", "userId", "issuedAt", "finishedAt", "hasError", "errorMessage", "statement", "projectId", "queryTypeId")
    VALUES ('277', '10', '2023-06-20 22:05:19.680373', '2023-06-20 22:05:21.680373', 'False', 'None', 'SELECT last_name FROM Actors', '5', '1');
INSERT INTO "QueryColumnAccess" ("queryId", "columnId")
    VALUES ('277', '3');
INSERT INTO "QueryTableAccess" ("queryId", "tableId")
    VALUES ('277', '2');
SELECT 'capacity' FROM Theaters;
INSERT INTO "SqlQuery" ("queryId", "userId", "issuedAt", "finishedAt", "hasError", "errorMessage", "statement", "projectId", "queryTypeId")
    VALUES ('278', '14', '2023-05-19 22:05:19.680380', '2023-05-19 22:05:20.680380', 'False', 'None', 'SELECT capacity FROM Theaters', '5', '1');
INSERT INTO "QueryColumnAccess" ("queryId", "columnId")
    VALUES ('278', '4');
INSERT INTO "QueryTableAccess" ("queryId", "tableId")
    VALUES ('278', '4');
SELECT 'location' FROM Theaters;
INSERT INTO "SqlQuery" ("queryId", "userId", "issuedAt", "finishedAt", "hasError", "errorMessage", "statement", "projectId", "queryTypeId")
    VALUES ('279', '9', '2023-04-13 22:05:19.680386', '2023-04-13 22:05:23.680386', 'False', 'None', 'SELECT location FROM Theaters', '5', '1');
INSERT INTO "QueryColumnAccess" ("queryId", "columnId")
    VALUES ('279', '3');
INSERT INTO "QueryTableAccess" ("queryId", "tableId")
    VALUES ('279', '4');
SELECT 'genre' FROM Movies;
INSERT INTO "SqlQuery" ("queryId", "userId", "issuedAt", "finishedAt", "hasError", "errorMessage", "statement", "projectId", "queryTypeId")
    VALUES ('280', '5', '2023-07-10 22:05:19.680393', '2023-07-10 22:05:23.680393', 'False', 'None', 'SELECT genre FROM Movies', '5', '1');
INSERT INTO "QueryColumnAccess" ("queryId", "columnId")
    VALUES ('280', '4');
INSERT INTO "QueryTableAccess" ("queryId", "tableId")
    VALUES ('280', '1');
SELECT 'theater_id' FROM Screenings;
INSERT INTO "SqlQuery" ("queryId", "userId", "issuedAt", "finishedAt", "hasError", "errorMessage", "statement", "projectId", "queryTypeId")
    VALUES ('281', '5', '2023-07-09 22:05:19.680399', '2023-07-09 22:05:22.680399', 'False', 'None', 'SELECT theater_id FROM Screenings', '5', '1');
INSERT INTO "QueryColumnAccess" ("queryId", "columnId")
    VALUES ('281', '3');
INSERT INTO "QueryTableAccess" ("queryId", "tableId")
    VALUES ('281', '5');
SELECT 'theater_id' FROM Theaters;
INSERT INTO "SqlQuery" ("queryId", "userId", "issuedAt", "finishedAt", "hasError", "errorMessage", "statement", "projectId", "queryTypeId")
    VALUES ('282', '2', '2023-05-02 22:05:19.680405', '2023-05-02 22:05:23.680405', 'False', 'None', 'SELECT theater_id FROM Theaters', '5', '1');
INSERT INTO "QueryColumnAccess" ("queryId", "columnId")
    VALUES ('282', '1');
INSERT INTO "QueryTableAccess" ("queryId", "tableId")
    VALUES ('282', '4');
SELECT 'comment' FROM Reviews;
INSERT INTO "SqlQuery" ("queryId", "userId", "issuedAt", "finishedAt", "hasError", "errorMessage", "statement", "projectId", "queryTypeId")
    VALUES ('283', '14', '2023-04-23 22:05:19.680412', '2023-04-23 22:05:22.680412', 'False', 'None', 'SELECT comment FROM Reviews', '5', '1');
INSERT INTO "QueryColumnAccess" ("queryId", "columnId")
    VALUES ('283', '5');
INSERT INTO "QueryTableAccess" ("queryId", "tableId")
    VALUES ('283', '3');
SELECT 'rating' FROM Movies;
INSERT INTO "SqlQuery" ("queryId", "userId", "issuedAt", "finishedAt", "hasError", "errorMessage", "statement", "projectId", "queryTypeId")
    VALUES ('284', '5', '2023-05-27 22:05:19.680418', '2023-05-27 22:05:20.680418', 'False', 'None', 'SELECT rating FROM Movies', '5', '1');
INSERT INTO "QueryColumnAccess" ("queryId", "columnId")
    VALUES ('284', '7');
INSERT INTO "QueryTableAccess" ("queryId", "tableId")
    VALUES ('284', '1');
SELECT 'nationality' FROM Actors;
INSERT INTO "SqlQuery" ("queryId", "userId", "issuedAt", "finishedAt", "hasError", "errorMessage", "statement", "projectId", "queryTypeId")
    VALUES ('285', '10', '2023-05-03 22:05:19.680424', '2023-05-03 22:05:23.680424', 'False', 'None', 'SELECT nationality FROM Actors', '5', '1');
INSERT INTO "QueryColumnAccess" ("queryId", "columnId")
    VALUES ('285', '6');
INSERT INTO "QueryTableAccess" ("queryId", "tableId")
    VALUES ('285', '2');
SELECT 'gender' FROM Actors;
INSERT INTO "SqlQuery" ("queryId", "userId", "issuedAt", "finishedAt", "hasError", "errorMessage", "statement", "projectId", "queryTypeId")
    VALUES ('286', '6', '2023-05-04 22:05:19.680431', '2023-05-04 22:05:21.680431', 'False', 'None', 'SELECT gender FROM Actors', '5', '1');
INSERT INTO "QueryColumnAccess" ("queryId", "columnId")
    VALUES ('286', '5');
INSERT INTO "QueryTableAccess" ("queryId", "tableId")
    VALUES ('286', '2');
SELECT 'user_id' FROM Reviews;
INSERT INTO "SqlQuery" ("queryId", "userId", "issuedAt", "finishedAt", "hasError", "errorMessage", "statement", "projectId", "queryTypeId")
    VALUES ('287', '8', '2023-05-25 22:05:19.680437', '2023-05-25 22:05:21.680437', 'False', 'None', 'SELECT user_id FROM Reviews', '5', '1');
INSERT INTO "QueryColumnAccess" ("queryId", "columnId")
    VALUES ('287', '3');
INSERT INTO "QueryTableAccess" ("queryId", "tableId")
    VALUES ('287', '3');
SELECT 'rating' FROM Reviews;
INSERT INTO "SqlQuery" ("queryId", "userId", "issuedAt", "finishedAt", "hasError", "errorMessage", "statement", "projectId", "queryTypeId")
    VALUES ('288', '10', '2023-04-18 22:05:19.680443', '2023-04-18 22:05:21.680443', 'False', 'None', 'SELECT rating FROM Reviews', '5', '1');
INSERT INTO "QueryColumnAccess" ("queryId", "columnId")
    VALUES ('288', '4');
INSERT INTO "QueryTableAccess" ("queryId", "tableId")
    VALUES ('288', '3');
SELECT 'review_id' FROM Reviews;
INSERT INTO "SqlQuery" ("queryId", "userId", "issuedAt", "finishedAt", "hasError", "errorMessage", "statement", "projectId", "queryTypeId")
    VALUES ('289', '6', '2023-06-08 22:05:19.680449', '2023-06-08 22:05:21.680449', 'False', 'None', 'SELECT review_id FROM Reviews', '5', '1');
INSERT INTO "QueryColumnAccess" ("queryId", "columnId")
    VALUES ('289', '1');
INSERT INTO "QueryTableAccess" ("queryId", "tableId")
    VALUES ('289', '3');
SELECT 'ticket_price' FROM Screenings;
INSERT INTO "SqlQuery" ("queryId", "userId", "issuedAt", "finishedAt", "hasError", "errorMessage", "statement", "projectId", "queryTypeId")
    VALUES ('290', '7', '2023-05-04 22:05:19.680456', '2023-05-04 22:05:23.680456', 'False', 'None', 'SELECT ticket_price FROM Screenings', '5', '1');
INSERT INTO "QueryColumnAccess" ("queryId", "columnId")
    VALUES ('290', '6');
INSERT INTO "QueryTableAccess" ("queryId", "tableId")
    VALUES ('290', '5');
SELECT 'ticket_price' FROM Screenings;
INSERT INTO "SqlQuery" ("queryId", "userId", "issuedAt", "finishedAt", "hasError", "errorMessage", "statement", "projectId", "queryTypeId")
    VALUES ('291', '11', '2023-05-15 22:05:19.680467', '2023-05-15 22:05:20.680467', 'False', 'None', 'SELECT ticket_price FROM Screenings', '5', '1');
INSERT INTO "QueryColumnAccess" ("queryId", "columnId")
    VALUES ('291', '6');
INSERT INTO "QueryTableAccess" ("queryId", "tableId")
    VALUES ('291', '5');
SELECT 'phone_number' FROM Theaters;
INSERT INTO "SqlQuery" ("queryId", "userId", "issuedAt", "finishedAt", "hasError", "errorMessage", "statement", "projectId", "queryTypeId")
    VALUES ('292', '3', '2023-06-26 22:05:19.680474', '2023-06-26 22:05:20.680474', 'False', 'None', 'SELECT phone_number FROM Theaters', '5', '1');
INSERT INTO "QueryColumnAccess" ("queryId", "columnId")
    VALUES ('292', '5');
INSERT INTO "QueryTableAccess" ("queryId", "tableId")
    VALUES ('292', '4');
SELECT 'phone_number' FROM Theaters;
INSERT INTO "SqlQuery" ("queryId", "userId", "issuedAt", "finishedAt", "hasError", "errorMessage", "statement", "projectId", "queryTypeId")
    VALUES ('293', '7', '2023-05-16 22:05:19.680480', '2023-05-16 22:05:21.680480', 'False', 'None', 'SELECT phone_number FROM Theaters', '5', '1');
INSERT INTO "QueryColumnAccess" ("queryId", "columnId")
    VALUES ('293', '5');
INSERT INTO "QueryTableAccess" ("queryId", "tableId")
    VALUES ('293', '4');
SELECT 'last_name' FROM Actors;
INSERT INTO "SqlQuery" ("queryId", "userId", "issuedAt", "finishedAt", "hasError", "errorMessage", "statement", "projectId", "queryTypeId")
    VALUES ('294', '11', '2023-04-26 22:05:19.680486', '2023-04-26 22:05:23.680486', 'False', 'None', 'SELECT last_name FROM Actors', '5', '1');
INSERT INTO "QueryColumnAccess" ("queryId", "columnId")
    VALUES ('294', '3');
INSERT INTO "QueryTableAccess" ("queryId", "tableId")
    VALUES ('294', '2');
SELECT 'theater_name' FROM Theaters;
INSERT INTO "SqlQuery" ("queryId", "userId", "issuedAt", "finishedAt", "hasError", "errorMessage", "statement", "projectId", "queryTypeId")
    VALUES ('295', '6', '2023-05-25 22:05:19.680492', '2023-05-25 22:05:22.680492', 'False', 'None', 'SELECT theater_name FROM Theaters', '5', '1');
INSERT INTO "QueryColumnAccess" ("queryId", "columnId")
    VALUES ('295', '2');
INSERT INTO "QueryTableAccess" ("queryId", "tableId")
    VALUES ('295', '4');
SELECT 'review_id' FROM Reviews;
INSERT INTO "SqlQuery" ("queryId", "userId", "issuedAt", "finishedAt", "hasError", "errorMessage", "statement", "projectId", "queryTypeId")
    VALUES ('296', '5', '2023-04-19 22:05:19.680499', '2023-04-19 22:05:20.680499', 'False', 'None', 'SELECT review_id FROM Reviews', '5', '1');
INSERT INTO "QueryColumnAccess" ("queryId", "columnId")
    VALUES ('296', '1');
INSERT INTO "QueryTableAccess" ("queryId", "tableId")
    VALUES ('296', '3');
SELECT 'review_date' FROM Reviews;
INSERT INTO "SqlQuery" ("queryId", "userId", "issuedAt", "finishedAt", "hasError", "errorMessage", "statement", "projectId", "queryTypeId")
    VALUES ('297', '1', '2023-07-04 22:05:19.680505', '2023-07-04 22:05:20.680505', 'False', 'None', 'SELECT review_date FROM Reviews', '5', '1');
INSERT INTO "QueryColumnAccess" ("queryId", "columnId")
    VALUES ('297', '6');
INSERT INTO "QueryTableAccess" ("queryId", "tableId")
    VALUES ('297', '3');
SELECT 'capacity' FROM Theaters;
INSERT INTO "SqlQuery" ("queryId", "userId", "issuedAt", "finishedAt", "hasError", "errorMessage", "statement", "projectId", "queryTypeId")
    VALUES ('298', '12', '2023-07-05 22:05:19.680511', '2023-07-05 22:05:22.680511', 'False', 'None', 'SELECT capacity FROM Theaters', '5', '1');
INSERT INTO "QueryColumnAccess" ("queryId", "columnId")
    VALUES ('298', '4');
INSERT INTO "QueryTableAccess" ("queryId", "tableId")
    VALUES ('298', '4');
SELECT 'capacity' FROM Theaters;
INSERT INTO "SqlQuery" ("queryId", "userId", "issuedAt", "finishedAt", "hasError", "errorMessage", "statement", "projectId", "queryTypeId")
    VALUES ('299', '10', '2023-06-05 22:05:19.680518', '2023-06-05 22:05:23.680518', 'False', 'None', 'SELECT capacity FROM Theaters', '5', '1');
INSERT INTO "QueryColumnAccess" ("queryId", "columnId")
    VALUES ('299', '4');
INSERT INTO "QueryTableAccess" ("queryId", "tableId")
    VALUES ('299', '4');
SELECT 'user_id' FROM Reviews;
INSERT INTO "SqlQuery" ("queryId", "userId", "issuedAt", "finishedAt", "hasError", "errorMessage", "statement", "projectId", "queryTypeId")
    VALUES ('300', '7', '2023-04-12 22:05:19.680524', '2023-04-12 22:05:21.680524', 'False', 'None', 'SELECT user_id FROM Reviews', '5', '1');
INSERT INTO "QueryColumnAccess" ("queryId", "columnId")
    VALUES ('300', '3');
INSERT INTO "QueryTableAccess" ("queryId", "tableId")
    VALUES ('300', '3');
SELECT 'nationality' FROM Actors;
INSERT INTO "SqlQuery" ("queryId", "userId", "issuedAt", "finishedAt", "hasError", "errorMessage", "statement", "projectId", "queryTypeId")
    VALUES ('301', '12', '2023-04-17 22:05:19.680531', '2023-04-17 22:05:22.680531', 'False', 'None', 'SELECT nationality FROM Actors', '5', '1');
INSERT INTO "QueryColumnAccess" ("queryId", "columnId")
    VALUES ('301', '6');
INSERT INTO "QueryTableAccess" ("queryId", "tableId")
    VALUES ('301', '2');
SELECT 'rating' FROM Reviews;
INSERT INTO "SqlQuery" ("queryId", "userId", "issuedAt", "finishedAt", "hasError", "errorMessage", "statement", "projectId", "queryTypeId")
    VALUES ('302', '13', '2023-06-12 22:05:19.680537', '2023-06-12 22:05:22.680537', 'False', 'None', 'SELECT rating FROM Reviews', '5', '1');
INSERT INTO "QueryColumnAccess" ("queryId", "columnId")
    VALUES ('302', '4');
INSERT INTO "QueryTableAccess" ("queryId", "tableId")
    VALUES ('302', '3');
SELECT 'location' FROM Theaters;
INSERT INTO "SqlQuery" ("queryId", "userId", "issuedAt", "finishedAt", "hasError", "errorMessage", "statement", "projectId", "queryTypeId")
    VALUES ('303', '2', '2023-06-21 22:05:19.680543', '2023-06-21 22:05:21.680543', 'False', 'None', 'SELECT location FROM Theaters', '5', '1');
INSERT INTO "QueryColumnAccess" ("queryId", "columnId")
    VALUES ('303', '3');
INSERT INTO "QueryTableAccess" ("queryId", "tableId")
    VALUES ('303', '4');
SELECT 'gender' FROM Actors;
INSERT INTO "SqlQuery" ("queryId", "userId", "issuedAt", "finishedAt", "hasError", "errorMessage", "statement", "projectId", "queryTypeId")
    VALUES ('304', '15', '2023-04-23 22:05:19.680550', '2023-04-23 22:05:23.680550', 'False', 'None', 'SELECT gender FROM Actors', '5', '1');
INSERT INTO "QueryColumnAccess" ("queryId", "columnId")
    VALUES ('304', '5');
INSERT INTO "QueryTableAccess" ("queryId", "tableId")
    VALUES ('304', '2');
SELECT 'gender' FROM Actors;
INSERT INTO "SqlQuery" ("queryId", "userId", "issuedAt", "finishedAt", "hasError", "errorMessage", "statement", "projectId", "queryTypeId")
    VALUES ('305', '13', '2023-06-19 22:05:19.680556', '2023-06-19 22:05:20.680556', 'False', 'None', 'SELECT gender FROM Actors', '5', '1');
INSERT INTO "QueryColumnAccess" ("queryId", "columnId")
    VALUES ('305', '5');
INSERT INTO "QueryTableAccess" ("queryId", "tableId")
    VALUES ('305', '2');
SELECT 'actor_id' FROM Actors;
INSERT INTO "SqlQuery" ("queryId", "userId", "issuedAt", "finishedAt", "hasError", "errorMessage", "statement", "projectId", "queryTypeId")
    VALUES ('306', '14', '2023-05-24 22:05:19.680562', '2023-05-24 22:05:21.680562', 'False', 'None', 'SELECT actor_id FROM Actors', '5', '1');
INSERT INTO "QueryColumnAccess" ("queryId", "columnId")
    VALUES ('306', '1');
INSERT INTO "QueryTableAccess" ("queryId", "tableId")
    VALUES ('306', '2');
SELECT 'ticket_price' FROM Screenings;
INSERT INTO "SqlQuery" ("queryId", "userId", "issuedAt", "finishedAt", "hasError", "errorMessage", "statement", "projectId", "queryTypeId")
    VALUES ('307', '12', '2023-07-02 22:05:19.680568', '2023-07-02 22:05:21.680568', 'False', 'None', 'SELECT ticket_price FROM Screenings', '5', '1');
INSERT INTO "QueryColumnAccess" ("queryId", "columnId")
    VALUES ('307', '6');
INSERT INTO "QueryTableAccess" ("queryId", "tableId")
    VALUES ('307', '5');
SELECT 'duration' FROM Movies;
INSERT INTO "SqlQuery" ("queryId", "userId", "issuedAt", "finishedAt", "hasError", "errorMessage", "statement", "projectId", "queryTypeId")
    VALUES ('308', '6', '2023-04-24 22:05:19.680586', '2023-04-24 22:05:23.680586', 'False', 'None', 'SELECT duration FROM Movies', '5', '1');
INSERT INTO "QueryColumnAccess" ("queryId", "columnId")
    VALUES ('308', '6');
INSERT INTO "QueryTableAccess" ("queryId", "tableId")
    VALUES ('308', '1');
SELECT 'comment' FROM Reviews;
INSERT INTO "SqlQuery" ("queryId", "userId", "issuedAt", "finishedAt", "hasError", "errorMessage", "statement", "projectId", "queryTypeId")
    VALUES ('309', '7', '2023-06-21 22:05:19.680593', '2023-06-21 22:05:21.680593', 'False', 'None', 'SELECT comment FROM Reviews', '5', '1');
INSERT INTO "QueryColumnAccess" ("queryId", "columnId")
    VALUES ('309', '5');
INSERT INTO "QueryTableAccess" ("queryId", "tableId")
    VALUES ('309', '3');
SELECT 'date_of_birth' FROM Actors;
INSERT INTO "SqlQuery" ("queryId", "userId", "issuedAt", "finishedAt", "hasError", "errorMessage", "statement", "projectId", "queryTypeId")
    VALUES ('310', '7', '2023-04-14 22:05:19.680599', '2023-04-14 22:05:23.680599', 'False', 'None', 'SELECT date_of_birth FROM Actors', '5', '1');
INSERT INTO "QueryColumnAccess" ("queryId", "columnId")
    VALUES ('310', '4');
INSERT INTO "QueryTableAccess" ("queryId", "tableId")
    VALUES ('310', '2');
SELECT 'movie_id' FROM Reviews;
INSERT INTO "SqlQuery" ("queryId", "userId", "issuedAt", "finishedAt", "hasError", "errorMessage", "statement", "projectId", "queryTypeId")
    VALUES ('311', '14', '2023-06-25 22:05:19.680606', '2023-06-25 22:05:22.680606', 'False', 'None', 'SELECT movie_id FROM Reviews', '5', '1');
INSERT INTO "QueryColumnAccess" ("queryId", "columnId")
    VALUES ('311', '2');
INSERT INTO "QueryTableAccess" ("queryId", "tableId")
    VALUES ('311', '3');
SELECT 'movie_id' FROM Reviews;
INSERT INTO "SqlQuery" ("queryId", "userId", "issuedAt", "finishedAt", "hasError", "errorMessage", "statement", "projectId", "queryTypeId")
    VALUES ('312', '7', '2023-06-02 22:05:19.680612', '2023-06-02 22:05:23.680612', 'False', 'None', 'SELECT movie_id FROM Reviews', '5', '1');
INSERT INTO "QueryColumnAccess" ("queryId", "columnId")
    VALUES ('312', '2');
INSERT INTO "QueryTableAccess" ("queryId", "tableId")
    VALUES ('312', '3');
SELECT 'ticket_price' FROM Screenings;
INSERT INTO "SqlQuery" ("queryId", "userId", "issuedAt", "finishedAt", "hasError", "errorMessage", "statement", "projectId", "queryTypeId")
    VALUES ('313', '4', '2023-05-06 22:05:19.680618', '2023-05-06 22:05:22.680618', 'False', 'None', 'SELECT ticket_price FROM Screenings', '5', '1');
INSERT INTO "QueryColumnAccess" ("queryId", "columnId")
    VALUES ('313', '6');
INSERT INTO "QueryTableAccess" ("queryId", "tableId")
    VALUES ('313', '5');
SELECT 'phone_number' FROM Theaters;
INSERT INTO "SqlQuery" ("queryId", "userId", "issuedAt", "finishedAt", "hasError", "errorMessage", "statement", "projectId", "queryTypeId")
    VALUES ('314', '8', '2023-04-13 22:05:19.680625', '2023-04-13 22:05:22.680625', 'False', 'None', 'SELECT phone_number FROM Theaters', '5', '1');
INSERT INTO "QueryColumnAccess" ("queryId", "columnId")
    VALUES ('314', '5');
INSERT INTO "QueryTableAccess" ("queryId", "tableId")
    VALUES ('314', '4');
SELECT 'actor_id' FROM Actors;
INSERT INTO "SqlQuery" ("queryId", "userId", "issuedAt", "finishedAt", "hasError", "errorMessage", "statement", "projectId", "queryTypeId")
    VALUES ('315', '1', '2023-06-12 22:05:19.680632', '2023-06-12 22:05:23.680632', 'False', 'None', 'SELECT actor_id FROM Actors', '5', '1');
INSERT INTO "QueryColumnAccess" ("queryId", "columnId")
    VALUES ('315', '1');
INSERT INTO "QueryTableAccess" ("queryId", "tableId")
    VALUES ('315', '2');
SELECT 'last_name' FROM Actors;
INSERT INTO "SqlQuery" ("queryId", "userId", "issuedAt", "finishedAt", "hasError", "errorMessage", "statement", "projectId", "queryTypeId")
    VALUES ('316', '4', '2023-04-28 22:05:19.680638', '2023-04-28 22:05:22.680638', 'False', 'None', 'SELECT last_name FROM Actors', '5', '1');
INSERT INTO "QueryColumnAccess" ("queryId", "columnId")
    VALUES ('316', '3');
INSERT INTO "QueryTableAccess" ("queryId", "tableId")
    VALUES ('316', '2');
SELECT 'capacity' FROM Theaters;
INSERT INTO "SqlQuery" ("queryId", "userId", "issuedAt", "finishedAt", "hasError", "errorMessage", "statement", "projectId", "queryTypeId")
    VALUES ('317', '7', '2023-05-05 22:05:19.680644', '2023-05-05 22:05:22.680644', 'False', 'None', 'SELECT capacity FROM Theaters', '5', '1');
INSERT INTO "QueryColumnAccess" ("queryId", "columnId")
    VALUES ('317', '4');
INSERT INTO "QueryTableAccess" ("queryId", "tableId")
    VALUES ('317', '4');
SELECT 'last_name' FROM Actors;
INSERT INTO "SqlQuery" ("queryId", "userId", "issuedAt", "finishedAt", "hasError", "errorMessage", "statement", "projectId", "queryTypeId")
    VALUES ('318', '12', '2023-05-07 22:05:19.680650', '2023-05-07 22:05:23.680650', 'False', 'None', 'SELECT last_name FROM Actors', '5', '1');
INSERT INTO "QueryColumnAccess" ("queryId", "columnId")
    VALUES ('318', '3');
INSERT INTO "QueryTableAccess" ("queryId", "tableId")
    VALUES ('318', '2');
SELECT 'movie_id' FROM Reviews;
INSERT INTO "SqlQuery" ("queryId", "userId", "issuedAt", "finishedAt", "hasError", "errorMessage", "statement", "projectId", "queryTypeId")
    VALUES ('319', '13', '2023-04-12 22:05:19.680657', '2023-04-12 22:05:22.680657', 'False', 'None', 'SELECT movie_id FROM Reviews', '5', '1');
INSERT INTO "QueryColumnAccess" ("queryId", "columnId")
    VALUES ('319', '2');
INSERT INTO "QueryTableAccess" ("queryId", "tableId")
    VALUES ('319', '3');
SELECT 'duration' FROM Movies;
INSERT INTO "SqlQuery" ("queryId", "userId", "issuedAt", "finishedAt", "hasError", "errorMessage", "statement", "projectId", "queryTypeId")
    VALUES ('320', '14', '2023-06-09 22:05:19.680663', '2023-06-09 22:05:22.680663', 'False', 'None', 'SELECT duration FROM Movies', '5', '1');
INSERT INTO "QueryColumnAccess" ("queryId", "columnId")
    VALUES ('320', '6');
INSERT INTO "QueryTableAccess" ("queryId", "tableId")
    VALUES ('320', '1');
SELECT 'comment' FROM Reviews;
INSERT INTO "SqlQuery" ("queryId", "userId", "issuedAt", "finishedAt", "hasError", "errorMessage", "statement", "projectId", "queryTypeId")
    VALUES ('321', '14', '2023-06-14 22:05:19.680669', '2023-06-14 22:05:21.680669', 'False', 'None', 'SELECT comment FROM Reviews', '5', '1');
INSERT INTO "QueryColumnAccess" ("queryId", "columnId")
    VALUES ('321', '5');
INSERT INTO "QueryTableAccess" ("queryId", "tableId")
    VALUES ('321', '3');
SELECT 'duration' FROM Movies;
INSERT INTO "SqlQuery" ("queryId", "userId", "issuedAt", "finishedAt", "hasError", "errorMessage", "statement", "projectId", "queryTypeId")
    VALUES ('322', '4', '2023-04-20 22:05:19.680675', '2023-04-20 22:05:20.680675', 'False', 'None', 'SELECT duration FROM Movies', '5', '1');
INSERT INTO "QueryColumnAccess" ("queryId", "columnId")
    VALUES ('322', '6');
INSERT INTO "QueryTableAccess" ("queryId", "tableId")
    VALUES ('322', '1');
SELECT 'date_of_birth' FROM Actors;
INSERT INTO "SqlQuery" ("queryId", "userId", "issuedAt", "finishedAt", "hasError", "errorMessage", "statement", "projectId", "queryTypeId")
    VALUES ('323', '4', '2023-07-04 22:05:19.680682', '2023-07-04 22:05:21.680682', 'False', 'None', 'SELECT date_of_birth FROM Actors', '5', '1');
INSERT INTO "QueryColumnAccess" ("queryId", "columnId")
    VALUES ('323', '4');
INSERT INTO "QueryTableAccess" ("queryId", "tableId")
    VALUES ('323', '2');
SELECT 'start_time' FROM Screenings;
INSERT INTO "SqlQuery" ("queryId", "userId", "issuedAt", "finishedAt", "hasError", "errorMessage", "statement", "projectId", "queryTypeId")
    VALUES ('324', '14', '2023-06-08 22:05:19.680688', '2023-06-08 22:05:23.680688', 'False', 'None', 'SELECT start_time FROM Screenings', '5', '1');
INSERT INTO "QueryColumnAccess" ("queryId", "columnId")
    VALUES ('324', '4');
INSERT INTO "QueryTableAccess" ("queryId", "tableId")
    VALUES ('324', '5');
SELECT 'gender' FROM Actors;
INSERT INTO "SqlQuery" ("queryId", "userId", "issuedAt", "finishedAt", "hasError", "errorMessage", "statement", "projectId", "queryTypeId")
    VALUES ('325', '8', '2023-05-25 22:05:19.680702', '2023-05-25 22:05:22.680702', 'False', 'None', 'SELECT gender FROM Actors', '5', '1');
INSERT INTO "QueryColumnAccess" ("queryId", "columnId")
    VALUES ('325', '5');
INSERT INTO "QueryTableAccess" ("queryId", "tableId")
    VALUES ('325', '2');
SELECT 'start_time' FROM Screenings;
INSERT INTO "SqlQuery" ("queryId", "userId", "issuedAt", "finishedAt", "hasError", "errorMessage", "statement", "projectId", "queryTypeId")
    VALUES ('326', '11', '2023-07-09 22:05:19.680708', '2023-07-09 22:05:23.680708', 'False', 'None', 'SELECT start_time FROM Screenings', '5', '1');
INSERT INTO "QueryColumnAccess" ("queryId", "columnId")
    VALUES ('326', '4');
INSERT INTO "QueryTableAccess" ("queryId", "tableId")
    VALUES ('326', '5');
SELECT 'rating' FROM Movies;
INSERT INTO "SqlQuery" ("queryId", "userId", "issuedAt", "finishedAt", "hasError", "errorMessage", "statement", "projectId", "queryTypeId")
    VALUES ('327', '15', '2023-04-20 22:05:19.680715', '2023-04-20 22:05:21.680715', 'False', 'None', 'SELECT rating FROM Movies', '5', '1');
INSERT INTO "QueryColumnAccess" ("queryId", "columnId")
    VALUES ('327', '7');
INSERT INTO "QueryTableAccess" ("queryId", "tableId")
    VALUES ('327', '1');
SELECT 'movie_id' FROM Reviews;
INSERT INTO "SqlQuery" ("queryId", "userId", "issuedAt", "finishedAt", "hasError", "errorMessage", "statement", "projectId", "queryTypeId")
    VALUES ('328', '2', '2023-05-13 22:05:19.680721', '2023-05-13 22:05:23.680721', 'False', 'None', 'SELECT movie_id FROM Reviews', '5', '1');
INSERT INTO "QueryColumnAccess" ("queryId", "columnId")
    VALUES ('328', '2');
INSERT INTO "QueryTableAccess" ("queryId", "tableId")
    VALUES ('328', '3');
SELECT 'duration' FROM Movies;
INSERT INTO "SqlQuery" ("queryId", "userId", "issuedAt", "finishedAt", "hasError", "errorMessage", "statement", "projectId", "queryTypeId")
    VALUES ('329', '3', '2023-06-03 22:05:19.680727', '2023-06-03 22:05:20.680727', 'False', 'None', 'SELECT duration FROM Movies', '5', '1');
INSERT INTO "QueryColumnAccess" ("queryId", "columnId")
    VALUES ('329', '6');
INSERT INTO "QueryTableAccess" ("queryId", "tableId")
    VALUES ('329', '1');
SELECT 'start_time' FROM Screenings;
INSERT INTO "SqlQuery" ("queryId", "userId", "issuedAt", "finishedAt", "hasError", "errorMessage", "statement", "projectId", "queryTypeId")
    VALUES ('330', '15', '2023-04-22 22:05:19.680734', '2023-04-22 22:05:21.680734', 'False', 'None', 'SELECT start_time FROM Screenings', '5', '1');
INSERT INTO "QueryColumnAccess" ("queryId", "columnId")
    VALUES ('330', '4');
INSERT INTO "QueryTableAccess" ("queryId", "tableId")
    VALUES ('330', '5');
SELECT 'comment' FROM Reviews;
INSERT INTO "SqlQuery" ("queryId", "userId", "issuedAt", "finishedAt", "hasError", "errorMessage", "statement", "projectId", "queryTypeId")
    VALUES ('331', '9', '2023-06-04 22:05:19.680740', '2023-06-04 22:05:21.680740', 'False', 'None', 'SELECT comment FROM Reviews', '5', '1');
INSERT INTO "QueryColumnAccess" ("queryId", "columnId")
    VALUES ('331', '5');
INSERT INTO "QueryTableAccess" ("queryId", "tableId")
    VALUES ('331', '3');
SELECT 'movie_id' FROM Reviews;
INSERT INTO "SqlQuery" ("queryId", "userId", "issuedAt", "finishedAt", "hasError", "errorMessage", "statement", "projectId", "queryTypeId")
    VALUES ('332', '6', '2023-05-15 22:05:19.680747', '2023-05-15 22:05:23.680747', 'False', 'None', 'SELECT movie_id FROM Reviews', '5', '1');
INSERT INTO "QueryColumnAccess" ("queryId", "columnId")
    VALUES ('332', '2');
INSERT INTO "QueryTableAccess" ("queryId", "tableId")
    VALUES ('332', '3');
SELECT 'theater_name' FROM Theaters;
INSERT INTO "SqlQuery" ("queryId", "userId", "issuedAt", "finishedAt", "hasError", "errorMessage", "statement", "projectId", "queryTypeId")
    VALUES ('333', '10', '2023-05-30 22:05:19.680753', '2023-05-30 22:05:20.680753', 'False', 'None', 'SELECT theater_name FROM Theaters', '5', '1');
INSERT INTO "QueryColumnAccess" ("queryId", "columnId")
    VALUES ('333', '2');
INSERT INTO "QueryTableAccess" ("queryId", "tableId")
    VALUES ('333', '4');
SELECT 'end_time' FROM Screenings;
INSERT INTO "SqlQuery" ("queryId", "userId", "issuedAt", "finishedAt", "hasError", "errorMessage", "statement", "projectId", "queryTypeId")
    VALUES ('334', '1', '2023-05-19 22:05:19.680759', '2023-05-19 22:05:20.680759', 'False', 'None', 'SELECT end_time FROM Screenings', '5', '1');
INSERT INTO "QueryColumnAccess" ("queryId", "columnId")
    VALUES ('334', '5');
INSERT INTO "QueryTableAccess" ("queryId", "tableId")
    VALUES ('334', '5');
SELECT 'theater_name' FROM Theaters;
INSERT INTO "SqlQuery" ("queryId", "userId", "issuedAt", "finishedAt", "hasError", "errorMessage", "statement", "projectId", "queryTypeId")
    VALUES ('335', '12', '2023-04-30 22:05:19.680765', '2023-04-30 22:05:20.680765', 'False', 'None', 'SELECT theater_name FROM Theaters', '5', '1');
INSERT INTO "QueryColumnAccess" ("queryId", "columnId")
    VALUES ('335', '2');
INSERT INTO "QueryTableAccess" ("queryId", "tableId")
    VALUES ('335', '4');
SELECT 'release_date' FROM Movies;
INSERT INTO "SqlQuery" ("queryId", "userId", "issuedAt", "finishedAt", "hasError", "errorMessage", "statement", "projectId", "queryTypeId")
    VALUES ('336', '6', '2023-06-25 22:05:19.680772', '2023-06-25 22:05:20.680772', 'False', 'None', 'SELECT release_date FROM Movies', '5', '1');
INSERT INTO "QueryColumnAccess" ("queryId", "columnId")
    VALUES ('336', '3');
INSERT INTO "QueryTableAccess" ("queryId", "tableId")
    VALUES ('336', '1');
SELECT 'screening_id' FROM Screenings;
INSERT INTO "SqlQuery" ("queryId", "userId", "issuedAt", "finishedAt", "hasError", "errorMessage", "statement", "projectId", "queryTypeId")
    VALUES ('337', '3', '2023-05-05 22:05:19.680778', '2023-05-05 22:05:20.680778', 'False', 'None', 'SELECT screening_id FROM Screenings', '5', '1');
INSERT INTO "QueryColumnAccess" ("queryId", "columnId")
    VALUES ('337', '1');
INSERT INTO "QueryTableAccess" ("queryId", "tableId")
    VALUES ('337', '5');
SELECT 'duration' FROM Movies;
INSERT INTO "SqlQuery" ("queryId", "userId", "issuedAt", "finishedAt", "hasError", "errorMessage", "statement", "projectId", "queryTypeId")
    VALUES ('338', '4', '2023-05-05 22:05:19.680784', '2023-05-05 22:05:23.680784', 'False', 'None', 'SELECT duration FROM Movies', '5', '1');
INSERT INTO "QueryColumnAccess" ("queryId", "columnId")
    VALUES ('338', '6');
INSERT INTO "QueryTableAccess" ("queryId", "tableId")
    VALUES ('338', '1');
SELECT 'ticket_price' FROM Screenings;
INSERT INTO "SqlQuery" ("queryId", "userId", "issuedAt", "finishedAt", "hasError", "errorMessage", "statement", "projectId", "queryTypeId")
    VALUES ('339', '15', '2023-04-19 22:05:19.680791', '2023-04-19 22:05:21.680791', 'False', 'None', 'SELECT ticket_price FROM Screenings', '5', '1');
INSERT INTO "QueryColumnAccess" ("queryId", "columnId")
    VALUES ('339', '6');
INSERT INTO "QueryTableAccess" ("queryId", "tableId")
    VALUES ('339', '5');
SELECT 'movie_id' FROM Movies;
INSERT INTO "SqlQuery" ("queryId", "userId", "issuedAt", "finishedAt", "hasError", "errorMessage", "statement", "projectId", "queryTypeId")
    VALUES ('340', '10', '2023-06-04 22:05:19.680797', '2023-06-04 22:05:21.680797', 'False', 'None', 'SELECT movie_id FROM Movies', '5', '1');
INSERT INTO "QueryColumnAccess" ("queryId", "columnId")
    VALUES ('340', '1');
INSERT INTO "QueryTableAccess" ("queryId", "tableId")
    VALUES ('340', '1');
SELECT 'start_time' FROM Screenings;
INSERT INTO "SqlQuery" ("queryId", "userId", "issuedAt", "finishedAt", "hasError", "errorMessage", "statement", "projectId", "queryTypeId")
    VALUES ('341', '4', '2023-06-08 22:05:19.680803', '2023-06-08 22:05:23.680803', 'False', 'None', 'SELECT start_time FROM Screenings', '5', '1');
INSERT INTO "QueryColumnAccess" ("queryId", "columnId")
    VALUES ('341', '4');
INSERT INTO "QueryTableAccess" ("queryId", "tableId")
    VALUES ('341', '5');
SELECT 'movie_id' FROM Movies;
INSERT INTO "SqlQuery" ("queryId", "userId", "issuedAt", "finishedAt", "hasError", "errorMessage", "statement", "projectId", "queryTypeId")
    VALUES ('342', '1', '2023-06-18 22:05:19.680814', '2023-06-18 22:05:21.680814', 'False', 'None', 'SELECT movie_id FROM Movies', '5', '1');
INSERT INTO "QueryColumnAccess" ("queryId", "columnId")
    VALUES ('342', '1');
INSERT INTO "QueryTableAccess" ("queryId", "tableId")
    VALUES ('342', '1');
SELECT 'screening_id' FROM Screenings;
INSERT INTO "SqlQuery" ("queryId", "userId", "issuedAt", "finishedAt", "hasError", "errorMessage", "statement", "projectId", "queryTypeId")
    VALUES ('343', '14', '2023-05-07 22:05:19.680821', '2023-05-07 22:05:21.680821', 'False', 'None', 'SELECT screening_id FROM Screenings', '5', '1');
INSERT INTO "QueryColumnAccess" ("queryId", "columnId")
    VALUES ('343', '1');
INSERT INTO "QueryTableAccess" ("queryId", "tableId")
    VALUES ('343', '5');
SELECT 'capacity' FROM Theaters;
INSERT INTO "SqlQuery" ("queryId", "userId", "issuedAt", "finishedAt", "hasError", "errorMessage", "statement", "projectId", "queryTypeId")
    VALUES ('344', '15', '2023-05-09 22:05:19.680827', '2023-05-09 22:05:20.680827', 'False', 'None', 'SELECT capacity FROM Theaters', '5', '1');
INSERT INTO "QueryColumnAccess" ("queryId", "columnId")
    VALUES ('344', '4');
INSERT INTO "QueryTableAccess" ("queryId", "tableId")
    VALUES ('344', '4');
SELECT 'movie_id' FROM Reviews;
INSERT INTO "SqlQuery" ("queryId", "userId", "issuedAt", "finishedAt", "hasError", "errorMessage", "statement", "projectId", "queryTypeId")
    VALUES ('345', '2', '2023-06-27 22:05:19.680834', '2023-06-27 22:05:23.680834', 'False', 'None', 'SELECT movie_id FROM Reviews', '5', '1');
INSERT INTO "QueryColumnAccess" ("queryId", "columnId")
    VALUES ('345', '2');
INSERT INTO "QueryTableAccess" ("queryId", "tableId")
    VALUES ('345', '3');
SELECT 'nationality' FROM Actors;
INSERT INTO "SqlQuery" ("queryId", "userId", "issuedAt", "finishedAt", "hasError", "errorMessage", "statement", "projectId", "queryTypeId")
    VALUES ('346', '14', '2023-06-23 22:05:19.680840', '2023-06-23 22:05:22.680840', 'False', 'None', 'SELECT nationality FROM Actors', '5', '1');
INSERT INTO "QueryColumnAccess" ("queryId", "columnId")
    VALUES ('346', '6');
INSERT INTO "QueryTableAccess" ("queryId", "tableId")
    VALUES ('346', '2');
SELECT 'rating' FROM Reviews;
INSERT INTO "SqlQuery" ("queryId", "userId", "issuedAt", "finishedAt", "hasError", "errorMessage", "statement", "projectId", "queryTypeId")
    VALUES ('347', '7', '2023-04-23 22:05:19.680846', '2023-04-23 22:05:23.680846', 'False', 'None', 'SELECT rating FROM Reviews', '5', '1');
INSERT INTO "QueryColumnAccess" ("queryId", "columnId")
    VALUES ('347', '4');
INSERT INTO "QueryTableAccess" ("queryId", "tableId")
    VALUES ('347', '3');
SELECT 'comment' FROM Reviews;
INSERT INTO "SqlQuery" ("queryId", "userId", "issuedAt", "finishedAt", "hasError", "errorMessage", "statement", "projectId", "queryTypeId")
    VALUES ('348', '9', '2023-04-27 22:05:19.680853', '2023-04-27 22:05:20.680853', 'False', 'None', 'SELECT comment FROM Reviews', '5', '1');
INSERT INTO "QueryColumnAccess" ("queryId", "columnId")
    VALUES ('348', '5');
INSERT INTO "QueryTableAccess" ("queryId", "tableId")
    VALUES ('348', '3');
SELECT 'phone_number' FROM Theaters;
INSERT INTO "SqlQuery" ("queryId", "userId", "issuedAt", "finishedAt", "hasError", "errorMessage", "statement", "projectId", "queryTypeId")
    VALUES ('349', '1', '2023-04-21 22:05:19.680859', '2023-04-21 22:05:21.680859', 'False', 'None', 'SELECT phone_number FROM Theaters', '5', '1');
INSERT INTO "QueryColumnAccess" ("queryId", "columnId")
    VALUES ('349', '5');
INSERT INTO "QueryTableAccess" ("queryId", "tableId")
    VALUES ('349', '4');
SELECT 'start_time' FROM Screenings;
INSERT INTO "SqlQuery" ("queryId", "userId", "issuedAt", "finishedAt", "hasError", "errorMessage", "statement", "projectId", "queryTypeId")
    VALUES ('350', '2', '2023-06-05 22:05:19.680865', '2023-06-05 22:05:23.680865', 'False', 'None', 'SELECT start_time FROM Screenings', '5', '1');
INSERT INTO "QueryColumnAccess" ("queryId", "columnId")
    VALUES ('350', '4');
INSERT INTO "QueryTableAccess" ("queryId", "tableId")
    VALUES ('350', '5');
SELECT 'review_date' FROM Reviews;
INSERT INTO "SqlQuery" ("queryId", "userId", "issuedAt", "finishedAt", "hasError", "errorMessage", "statement", "projectId", "queryTypeId")
    VALUES ('351', '4', '2023-07-05 22:05:19.680871', '2023-07-05 22:05:23.680871', 'False', 'None', 'SELECT review_date FROM Reviews', '5', '1');
INSERT INTO "QueryColumnAccess" ("queryId", "columnId")
    VALUES ('351', '6');
INSERT INTO "QueryTableAccess" ("queryId", "tableId")
    VALUES ('351', '3');
SELECT 'date_of_birth' FROM Actors;
INSERT INTO "SqlQuery" ("queryId", "userId", "issuedAt", "finishedAt", "hasError", "errorMessage", "statement", "projectId", "queryTypeId")
    VALUES ('352', '2', '2023-07-07 22:05:19.680878', '2023-07-07 22:05:22.680878', 'False', 'None', 'SELECT date_of_birth FROM Actors', '5', '1');
INSERT INTO "QueryColumnAccess" ("queryId", "columnId")
    VALUES ('352', '4');
INSERT INTO "QueryTableAccess" ("queryId", "tableId")
    VALUES ('352', '2');
SELECT 'comment' FROM Reviews;
INSERT INTO "SqlQuery" ("queryId", "userId", "issuedAt", "finishedAt", "hasError", "errorMessage", "statement", "projectId", "queryTypeId")
    VALUES ('353', '8', '2023-05-30 22:05:19.680884', '2023-05-30 22:05:23.680884', 'False', 'None', 'SELECT comment FROM Reviews', '5', '1');
INSERT INTO "QueryColumnAccess" ("queryId", "columnId")
    VALUES ('353', '5');
INSERT INTO "QueryTableAccess" ("queryId", "tableId")
    VALUES ('353', '3');
SELECT 'end_time' FROM Screenings;
INSERT INTO "SqlQuery" ("queryId", "userId", "issuedAt", "finishedAt", "hasError", "errorMessage", "statement", "projectId", "queryTypeId")
    VALUES ('354', '12', '2023-06-10 22:05:19.680890', '2023-06-10 22:05:23.680890', 'False', 'None', 'SELECT end_time FROM Screenings', '5', '1');
INSERT INTO "QueryColumnAccess" ("queryId", "columnId")
    VALUES ('354', '5');
INSERT INTO "QueryTableAccess" ("queryId", "tableId")
    VALUES ('354', '5');
SELECT 'movie_id' FROM Reviews;
INSERT INTO "SqlQuery" ("queryId", "userId", "issuedAt", "finishedAt", "hasError", "errorMessage", "statement", "projectId", "queryTypeId")
    VALUES ('355', '13', '2023-05-31 22:05:19.680896', '2023-05-31 22:05:23.680896', 'False', 'None', 'SELECT movie_id FROM Reviews', '5', '1');
INSERT INTO "QueryColumnAccess" ("queryId", "columnId")
    VALUES ('355', '2');
INSERT INTO "QueryTableAccess" ("queryId", "tableId")
    VALUES ('355', '3');
SELECT 'capacity' FROM Theaters;
INSERT INTO "SqlQuery" ("queryId", "userId", "issuedAt", "finishedAt", "hasError", "errorMessage", "statement", "projectId", "queryTypeId")
    VALUES ('356', '4', '2023-05-28 22:05:19.680903', '2023-05-28 22:05:20.680903', 'False', 'None', 'SELECT capacity FROM Theaters', '5', '1');
INSERT INTO "QueryColumnAccess" ("queryId", "columnId")
    VALUES ('356', '4');
INSERT INTO "QueryTableAccess" ("queryId", "tableId")
    VALUES ('356', '4');
SELECT 'gender' FROM Actors;
INSERT INTO "SqlQuery" ("queryId", "userId", "issuedAt", "finishedAt", "hasError", "errorMessage", "statement", "projectId", "queryTypeId")
    VALUES ('357', '14', '2023-06-02 22:05:19.680909', '2023-06-02 22:05:20.680909', 'False', 'None', 'SELECT gender FROM Actors', '5', '1');
INSERT INTO "QueryColumnAccess" ("queryId", "columnId")
    VALUES ('357', '5');
INSERT INTO "QueryTableAccess" ("queryId", "tableId")
    VALUES ('357', '2');
SELECT 'nationality' FROM Actors;
INSERT INTO "SqlQuery" ("queryId", "userId", "issuedAt", "finishedAt", "hasError", "errorMessage", "statement", "projectId", "queryTypeId")
    VALUES ('358', '11', '2023-04-18 22:05:19.680915', '2023-04-18 22:05:20.680915', 'False', 'None', 'SELECT nationality FROM Actors', '5', '1');
INSERT INTO "QueryColumnAccess" ("queryId", "columnId")
    VALUES ('358', '6');
INSERT INTO "QueryTableAccess" ("queryId", "tableId")
    VALUES ('358', '2');
SELECT 'date_of_birth' FROM Actors;
INSERT INTO "SqlQuery" ("queryId", "userId", "issuedAt", "finishedAt", "hasError", "errorMessage", "statement", "projectId", "queryTypeId")
    VALUES ('359', '11', '2023-05-23 22:05:19.680926', '2023-05-23 22:05:21.680926', 'False', 'None', 'SELECT date_of_birth FROM Actors', '5', '1');
INSERT INTO "QueryColumnAccess" ("queryId", "columnId")
    VALUES ('359', '4');
INSERT INTO "QueryTableAccess" ("queryId", "tableId")
    VALUES ('359', '2');
SELECT 'gender' FROM Actors;
INSERT INTO "SqlQuery" ("queryId", "userId", "issuedAt", "finishedAt", "hasError", "errorMessage", "statement", "projectId", "queryTypeId")
    VALUES ('360', '6', '2023-06-13 22:05:19.680933', '2023-06-13 22:05:23.680933', 'False', 'None', 'SELECT gender FROM Actors', '5', '1');
INSERT INTO "QueryColumnAccess" ("queryId", "columnId")
    VALUES ('360', '5');
INSERT INTO "QueryTableAccess" ("queryId", "tableId")
    VALUES ('360', '2');
SELECT 'theater_id' FROM Screenings;
INSERT INTO "SqlQuery" ("queryId", "userId", "issuedAt", "finishedAt", "hasError", "errorMessage", "statement", "projectId", "queryTypeId")
    VALUES ('361', '5', '2023-04-27 22:05:19.680939', '2023-04-27 22:05:20.680939', 'False', 'None', 'SELECT theater_id FROM Screenings', '5', '1');
INSERT INTO "QueryColumnAccess" ("queryId", "columnId")
    VALUES ('361', '3');
INSERT INTO "QueryTableAccess" ("queryId", "tableId")
    VALUES ('361', '5');
SELECT 'actor_id' FROM Actors;
INSERT INTO "SqlQuery" ("queryId", "userId", "issuedAt", "finishedAt", "hasError", "errorMessage", "statement", "projectId", "queryTypeId")
    VALUES ('362', '13', '2023-05-31 22:05:19.680945', '2023-05-31 22:05:20.680945', 'False', 'None', 'SELECT actor_id FROM Actors', '5', '1');
INSERT INTO "QueryColumnAccess" ("queryId", "columnId")
    VALUES ('362', '1');
INSERT INTO "QueryTableAccess" ("queryId", "tableId")
    VALUES ('362', '2');
SELECT 'date_of_birth' FROM Actors;
INSERT INTO "SqlQuery" ("queryId", "userId", "issuedAt", "finishedAt", "hasError", "errorMessage", "statement", "projectId", "queryTypeId")
    VALUES ('363', '11', '2023-06-15 22:05:19.680952', '2023-06-15 22:05:20.680952', 'False', 'None', 'SELECT date_of_birth FROM Actors', '5', '1');
INSERT INTO "QueryColumnAccess" ("queryId", "columnId")
    VALUES ('363', '4');
INSERT INTO "QueryTableAccess" ("queryId", "tableId")
    VALUES ('363', '2');
SELECT 'screening_id' FROM Screenings;
INSERT INTO "SqlQuery" ("queryId", "userId", "issuedAt", "finishedAt", "hasError", "errorMessage", "statement", "projectId", "queryTypeId")
    VALUES ('364', '1', '2023-05-17 22:05:19.680958', '2023-05-17 22:05:21.680958', 'False', 'None', 'SELECT screening_id FROM Screenings', '5', '1');
INSERT INTO "QueryColumnAccess" ("queryId", "columnId")
    VALUES ('364', '1');
INSERT INTO "QueryTableAccess" ("queryId", "tableId")
    VALUES ('364', '5');
SELECT 'theater_name' FROM Theaters;
INSERT INTO "SqlQuery" ("queryId", "userId", "issuedAt", "finishedAt", "hasError", "errorMessage", "statement", "projectId", "queryTypeId")
    VALUES ('365', '13', '2023-06-12 22:05:19.680964', '2023-06-12 22:05:21.680964', 'False', 'None', 'SELECT theater_name FROM Theaters', '5', '1');
INSERT INTO "QueryColumnAccess" ("queryId", "columnId")
    VALUES ('365', '2');
INSERT INTO "QueryTableAccess" ("queryId", "tableId")
    VALUES ('365', '4');
SELECT 'last_name' FROM Actors;
INSERT INTO "SqlQuery" ("queryId", "userId", "issuedAt", "finishedAt", "hasError", "errorMessage", "statement", "projectId", "queryTypeId")
    VALUES ('366', '13', '2023-06-04 22:05:19.680971', '2023-06-04 22:05:20.680971', 'False', 'None', 'SELECT last_name FROM Actors', '5', '1');
INSERT INTO "QueryColumnAccess" ("queryId", "columnId")
    VALUES ('366', '3');
INSERT INTO "QueryTableAccess" ("queryId", "tableId")
    VALUES ('366', '2');
SELECT 'duration' FROM Movies;
INSERT INTO "SqlQuery" ("queryId", "userId", "issuedAt", "finishedAt", "hasError", "errorMessage", "statement", "projectId", "queryTypeId")
    VALUES ('367', '13', '2023-05-31 22:05:19.680977', '2023-05-31 22:05:22.680977', 'False', 'None', 'SELECT duration FROM Movies', '5', '1');
INSERT INTO "QueryColumnAccess" ("queryId", "columnId")
    VALUES ('367', '6');
INSERT INTO "QueryTableAccess" ("queryId", "tableId")
    VALUES ('367', '1');
SELECT 'phone_number' FROM Theaters;
INSERT INTO "SqlQuery" ("queryId", "userId", "issuedAt", "finishedAt", "hasError", "errorMessage", "statement", "projectId", "queryTypeId")
    VALUES ('368', '11', '2023-05-17 22:05:19.680984', '2023-05-17 22:05:23.680984', 'False', 'None', 'SELECT phone_number FROM Theaters', '5', '1');
INSERT INTO "QueryColumnAccess" ("queryId", "columnId")
    VALUES ('368', '5');
INSERT INTO "QueryTableAccess" ("queryId", "tableId")
    VALUES ('368', '4');
SELECT 'date_of_birth' FROM Actors;
INSERT INTO "SqlQuery" ("queryId", "userId", "issuedAt", "finishedAt", "hasError", "errorMessage", "statement", "projectId", "queryTypeId")
    VALUES ('369', '14', '2023-05-07 22:05:19.680990', '2023-05-07 22:05:23.680990', 'False', 'None', 'SELECT date_of_birth FROM Actors', '5', '1');
INSERT INTO "QueryColumnAccess" ("queryId", "columnId")
    VALUES ('369', '4');
INSERT INTO "QueryTableAccess" ("queryId", "tableId")
    VALUES ('369', '2');
SELECT 'review_id' FROM Reviews;
INSERT INTO "SqlQuery" ("queryId", "userId", "issuedAt", "finishedAt", "hasError", "errorMessage", "statement", "projectId", "queryTypeId")
    VALUES ('370', '7', '2023-05-29 22:05:19.680996', '2023-05-29 22:05:20.680996', 'False', 'None', 'SELECT review_id FROM Reviews', '5', '1');
INSERT INTO "QueryColumnAccess" ("queryId", "columnId")
    VALUES ('370', '1');
INSERT INTO "QueryTableAccess" ("queryId", "tableId")
    VALUES ('370', '3');
SELECT 'review_id' FROM Reviews;
INSERT INTO "SqlQuery" ("queryId", "userId", "issuedAt", "finishedAt", "hasError", "errorMessage", "statement", "projectId", "queryTypeId")
    VALUES ('371', '13', '2023-07-02 22:05:19.681002', '2023-07-02 22:05:21.681002', 'False', 'None', 'SELECT review_id FROM Reviews', '5', '1');
INSERT INTO "QueryColumnAccess" ("queryId", "columnId")
    VALUES ('371', '1');
INSERT INTO "QueryTableAccess" ("queryId", "tableId")
    VALUES ('371', '3');
SELECT 'ticket_price' FROM Screenings;
INSERT INTO "SqlQuery" ("queryId", "userId", "issuedAt", "finishedAt", "hasError", "errorMessage", "statement", "projectId", "queryTypeId")
    VALUES ('372', '9', '2023-06-26 22:05:19.681009', '2023-06-26 22:05:20.681009', 'False', 'None', 'SELECT ticket_price FROM Screenings', '5', '1');
INSERT INTO "QueryColumnAccess" ("queryId", "columnId")
    VALUES ('372', '6');
INSERT INTO "QueryTableAccess" ("queryId", "tableId")
    VALUES ('372', '5');
SELECT 'nationality' FROM Actors;
INSERT INTO "SqlQuery" ("queryId", "userId", "issuedAt", "finishedAt", "hasError", "errorMessage", "statement", "projectId", "queryTypeId")
    VALUES ('373', '11', '2023-04-22 22:05:19.681015', '2023-04-22 22:05:22.681015', 'False', 'None', 'SELECT nationality FROM Actors', '5', '1');
INSERT INTO "QueryColumnAccess" ("queryId", "columnId")
    VALUES ('373', '6');
INSERT INTO "QueryTableAccess" ("queryId", "tableId")
    VALUES ('373', '2');
SELECT 'start_time' FROM Screenings;
INSERT INTO "SqlQuery" ("queryId", "userId", "issuedAt", "finishedAt", "hasError", "errorMessage", "statement", "projectId", "queryTypeId")
    VALUES ('374', '7', '2023-05-05 22:05:19.681022', '2023-05-05 22:05:20.681022', 'False', 'None', 'SELECT start_time FROM Screenings', '5', '1');
INSERT INTO "QueryColumnAccess" ("queryId", "columnId")
    VALUES ('374', '4');
INSERT INTO "QueryTableAccess" ("queryId", "tableId")
    VALUES ('374', '5');
SELECT 'duration' FROM Movies;
INSERT INTO "SqlQuery" ("queryId", "userId", "issuedAt", "finishedAt", "hasError", "errorMessage", "statement", "projectId", "queryTypeId")
    VALUES ('375', '14', '2023-05-29 22:05:19.681028', '2023-05-29 22:05:21.681028', 'False', 'None', 'SELECT duration FROM Movies', '5', '1');
INSERT INTO "QueryColumnAccess" ("queryId", "columnId")
    VALUES ('375', '6');
INSERT INTO "QueryTableAccess" ("queryId", "tableId")
    VALUES ('375', '1');
SELECT 'end_time' FROM Screenings;
INSERT INTO "SqlQuery" ("queryId", "userId", "issuedAt", "finishedAt", "hasError", "errorMessage", "statement", "projectId", "queryTypeId")
    VALUES ('376', '4', '2023-04-26 22:05:19.681038', '2023-04-26 22:05:22.681038', 'False', 'None', 'SELECT end_time FROM Screenings', '5', '1');
INSERT INTO "QueryColumnAccess" ("queryId", "columnId")
    VALUES ('376', '5');
INSERT INTO "QueryTableAccess" ("queryId", "tableId")
    VALUES ('376', '5');
SELECT 'theater_id' FROM Screenings;
INSERT INTO "SqlQuery" ("queryId", "userId", "issuedAt", "finishedAt", "hasError", "errorMessage", "statement", "projectId", "queryTypeId")
    VALUES ('377', '4', '2023-06-21 22:05:19.681044', '2023-06-21 22:05:23.681044', 'False', 'None', 'SELECT theater_id FROM Screenings', '5', '1');
INSERT INTO "QueryColumnAccess" ("queryId", "columnId")
    VALUES ('377', '3');
INSERT INTO "QueryTableAccess" ("queryId", "tableId")
    VALUES ('377', '5');
SELECT 'rating' FROM Reviews;
INSERT INTO "SqlQuery" ("queryId", "userId", "issuedAt", "finishedAt", "hasError", "errorMessage", "statement", "projectId", "queryTypeId")
    VALUES ('378', '5', '2023-05-07 22:05:19.681051', '2023-05-07 22:05:21.681051', 'False', 'None', 'SELECT rating FROM Reviews', '5', '1');
INSERT INTO "QueryColumnAccess" ("queryId", "columnId")
    VALUES ('378', '4');
INSERT INTO "QueryTableAccess" ("queryId", "tableId")
    VALUES ('378', '3');
SELECT 'review_date' FROM Reviews;
INSERT INTO "SqlQuery" ("queryId", "userId", "issuedAt", "finishedAt", "hasError", "errorMessage", "statement", "projectId", "queryTypeId")
    VALUES ('379', '2', '2023-04-23 22:05:19.681057', '2023-04-23 22:05:22.681057', 'False', 'None', 'SELECT review_date FROM Reviews', '5', '1');
INSERT INTO "QueryColumnAccess" ("queryId", "columnId")
    VALUES ('379', '6');
INSERT INTO "QueryTableAccess" ("queryId", "tableId")
    VALUES ('379', '3');
SELECT 'nationality' FROM Actors;
INSERT INTO "SqlQuery" ("queryId", "userId", "issuedAt", "finishedAt", "hasError", "errorMessage", "statement", "projectId", "queryTypeId")
    VALUES ('380', '6', '2023-06-21 22:05:19.681063', '2023-06-21 22:05:23.681063', 'False', 'None', 'SELECT nationality FROM Actors', '5', '1');
INSERT INTO "QueryColumnAccess" ("queryId", "columnId")
    VALUES ('380', '6');
INSERT INTO "QueryTableAccess" ("queryId", "tableId")
    VALUES ('380', '2');
SELECT 'first_name' FROM Actors;
INSERT INTO "SqlQuery" ("queryId", "userId", "issuedAt", "finishedAt", "hasError", "errorMessage", "statement", "projectId", "queryTypeId")
    VALUES ('381', '6', '2023-07-10 22:05:19.681070', '2023-07-10 22:05:20.681070', 'False', 'None', 'SELECT first_name FROM Actors', '5', '1');
INSERT INTO "QueryColumnAccess" ("queryId", "columnId")
    VALUES ('381', '2');
INSERT INTO "QueryTableAccess" ("queryId", "tableId")
    VALUES ('381', '2');
SELECT 'start_time' FROM Screenings;
INSERT INTO "SqlQuery" ("queryId", "userId", "issuedAt", "finishedAt", "hasError", "errorMessage", "statement", "projectId", "queryTypeId")
    VALUES ('382', '5', '2023-06-08 22:05:19.681076', '2023-06-08 22:05:22.681076', 'False', 'None', 'SELECT start_time FROM Screenings', '5', '1');
INSERT INTO "QueryColumnAccess" ("queryId", "columnId")
    VALUES ('382', '4');
INSERT INTO "QueryTableAccess" ("queryId", "tableId")
    VALUES ('382', '5');
SELECT 'review_id' FROM Reviews;
INSERT INTO "SqlQuery" ("queryId", "userId", "issuedAt", "finishedAt", "hasError", "errorMessage", "statement", "projectId", "queryTypeId")
    VALUES ('383', '5', '2023-04-25 22:05:19.681083', '2023-04-25 22:05:22.681083', 'False', 'None', 'SELECT review_id FROM Reviews', '5', '1');
INSERT INTO "QueryColumnAccess" ("queryId", "columnId")
    VALUES ('383', '1');
INSERT INTO "QueryTableAccess" ("queryId", "tableId")
    VALUES ('383', '3');
SELECT 'rating' FROM Movies;
INSERT INTO "SqlQuery" ("queryId", "userId", "issuedAt", "finishedAt", "hasError", "errorMessage", "statement", "projectId", "queryTypeId")
    VALUES ('384', '8', '2023-06-29 22:05:19.681089', '2023-06-29 22:05:23.681089', 'False', 'None', 'SELECT rating FROM Movies', '5', '1');
INSERT INTO "QueryColumnAccess" ("queryId", "columnId")
    VALUES ('384', '7');
INSERT INTO "QueryTableAccess" ("queryId", "tableId")
    VALUES ('384', '1');
SELECT 'date_of_birth' FROM Actors;
INSERT INTO "SqlQuery" ("queryId", "userId", "issuedAt", "finishedAt", "hasError", "errorMessage", "statement", "projectId", "queryTypeId")
    VALUES ('385', '4', '2023-04-14 22:05:19.681095', '2023-04-14 22:05:20.681095', 'False', 'None', 'SELECT date_of_birth FROM Actors', '5', '1');
INSERT INTO "QueryColumnAccess" ("queryId", "columnId")
    VALUES ('385', '4');
INSERT INTO "QueryTableAccess" ("queryId", "tableId")
    VALUES ('385', '2');
SELECT 'rating' FROM Movies;
INSERT INTO "SqlQuery" ("queryId", "userId", "issuedAt", "finishedAt", "hasError", "errorMessage", "statement", "projectId", "queryTypeId")
    VALUES ('386', '13', '2023-06-21 22:05:19.681102', '2023-06-21 22:05:22.681102', 'False', 'None', 'SELECT rating FROM Movies', '5', '1');
INSERT INTO "QueryColumnAccess" ("queryId", "columnId")
    VALUES ('386', '7');
INSERT INTO "QueryTableAccess" ("queryId", "tableId")
    VALUES ('386', '1');
SELECT 'genre' FROM Movies;
INSERT INTO "SqlQuery" ("queryId", "userId", "issuedAt", "finishedAt", "hasError", "errorMessage", "statement", "projectId", "queryTypeId")
    VALUES ('387', '10', '2023-05-22 22:05:19.681108', '2023-05-22 22:05:21.681108', 'False', 'None', 'SELECT genre FROM Movies', '5', '1');
INSERT INTO "QueryColumnAccess" ("queryId", "columnId")
    VALUES ('387', '4');
INSERT INTO "QueryTableAccess" ("queryId", "tableId")
    VALUES ('387', '1');
SELECT 'movie_id' FROM Movies;
INSERT INTO "SqlQuery" ("queryId", "userId", "issuedAt", "finishedAt", "hasError", "errorMessage", "statement", "projectId", "queryTypeId")
    VALUES ('388', '9', '2023-04-15 22:05:19.681114', '2023-04-15 22:05:23.681114', 'False', 'None', 'SELECT movie_id FROM Movies', '5', '1');
INSERT INTO "QueryColumnAccess" ("queryId", "columnId")
    VALUES ('388', '1');
INSERT INTO "QueryTableAccess" ("queryId", "tableId")
    VALUES ('388', '1');
SELECT 'start_time' FROM Screenings;
INSERT INTO "SqlQuery" ("queryId", "userId", "issuedAt", "finishedAt", "hasError", "errorMessage", "statement", "projectId", "queryTypeId")
    VALUES ('389', '8', '2023-05-05 22:05:19.681120', '2023-05-05 22:05:22.681120', 'False', 'None', 'SELECT start_time FROM Screenings', '5', '1');
INSERT INTO "QueryColumnAccess" ("queryId", "columnId")
    VALUES ('389', '4');
INSERT INTO "QueryTableAccess" ("queryId", "tableId")
    VALUES ('389', '5');
SELECT 'review_date' FROM Reviews;
INSERT INTO "SqlQuery" ("queryId", "userId", "issuedAt", "finishedAt", "hasError", "errorMessage", "statement", "projectId", "queryTypeId")
    VALUES ('390', '5', '2023-06-03 22:05:19.681127', '2023-06-03 22:05:21.681127', 'False', 'None', 'SELECT review_date FROM Reviews', '5', '1');
INSERT INTO "QueryColumnAccess" ("queryId", "columnId")
    VALUES ('390', '6');
INSERT INTO "QueryTableAccess" ("queryId", "tableId")
    VALUES ('390', '3');
SELECT 'last_name' FROM Actors;
INSERT INTO "SqlQuery" ("queryId", "userId", "issuedAt", "finishedAt", "hasError", "errorMessage", "statement", "projectId", "queryTypeId")
    VALUES ('391', '2', '2023-06-21 22:05:19.681133', '2023-06-21 22:05:22.681133', 'False', 'None', 'SELECT last_name FROM Actors', '5', '1');
INSERT INTO "QueryColumnAccess" ("queryId", "columnId")
    VALUES ('391', '3');
INSERT INTO "QueryTableAccess" ("queryId", "tableId")
    VALUES ('391', '2');
SELECT 'nationality' FROM Actors;
INSERT INTO "SqlQuery" ("queryId", "userId", "issuedAt", "finishedAt", "hasError", "errorMessage", "statement", "projectId", "queryTypeId")
    VALUES ('392', '3', '2023-07-08 22:05:19.681139', '2023-07-08 22:05:23.681139', 'False', 'None', 'SELECT nationality FROM Actors', '5', '1');
INSERT INTO "QueryColumnAccess" ("queryId", "columnId")
    VALUES ('392', '6');
INSERT INTO "QueryTableAccess" ("queryId", "tableId")
    VALUES ('392', '2');
SELECT 'first_name' FROM Actors;
INSERT INTO "SqlQuery" ("queryId", "userId", "issuedAt", "finishedAt", "hasError", "errorMessage", "statement", "projectId", "queryTypeId")
    VALUES ('393', '14', '2023-06-02 22:05:19.681152', '2023-06-02 22:05:23.681152', 'False', 'None', 'SELECT first_name FROM Actors', '5', '1');
INSERT INTO "QueryColumnAccess" ("queryId", "columnId")
    VALUES ('393', '2');
INSERT INTO "QueryTableAccess" ("queryId", "tableId")
    VALUES ('393', '2');
SELECT 'start_time' FROM Screenings;
INSERT INTO "SqlQuery" ("queryId", "userId", "issuedAt", "finishedAt", "hasError", "errorMessage", "statement", "projectId", "queryTypeId")
    VALUES ('394', '10', '2023-05-25 22:05:19.681158', '2023-05-25 22:05:21.681158', 'False', 'None', 'SELECT start_time FROM Screenings', '5', '1');
INSERT INTO "QueryColumnAccess" ("queryId", "columnId")
    VALUES ('394', '4');
INSERT INTO "QueryTableAccess" ("queryId", "tableId")
    VALUES ('394', '5');
SELECT 'duration' FROM Movies;
INSERT INTO "SqlQuery" ("queryId", "userId", "issuedAt", "finishedAt", "hasError", "errorMessage", "statement", "projectId", "queryTypeId")
    VALUES ('395', '10', '2023-05-18 22:05:19.681164', '2023-05-18 22:05:20.681164', 'False', 'None', 'SELECT duration FROM Movies', '5', '1');
INSERT INTO "QueryColumnAccess" ("queryId", "columnId")
    VALUES ('395', '6');
INSERT INTO "QueryTableAccess" ("queryId", "tableId")
    VALUES ('395', '1');
SELECT 'comment' FROM Reviews;
INSERT INTO "SqlQuery" ("queryId", "userId", "issuedAt", "finishedAt", "hasError", "errorMessage", "statement", "projectId", "queryTypeId")
    VALUES ('396', '4', '2023-06-29 22:05:19.681171', '2023-06-29 22:05:23.681171', 'False', 'None', 'SELECT comment FROM Reviews', '5', '1');
INSERT INTO "QueryColumnAccess" ("queryId", "columnId")
    VALUES ('396', '5');
INSERT INTO "QueryTableAccess" ("queryId", "tableId")
    VALUES ('396', '3');
SELECT 'theater_name' FROM Theaters;
INSERT INTO "SqlQuery" ("queryId", "userId", "issuedAt", "finishedAt", "hasError", "errorMessage", "statement", "projectId", "queryTypeId")
    VALUES ('397', '11', '2023-06-15 22:05:19.681177', '2023-06-15 22:05:20.681177', 'False', 'None', 'SELECT theater_name FROM Theaters', '5', '1');
INSERT INTO "QueryColumnAccess" ("queryId", "columnId")
    VALUES ('397', '2');
INSERT INTO "QueryTableAccess" ("queryId", "tableId")
    VALUES ('397', '4');
SELECT 'location' FROM Theaters;
INSERT INTO "SqlQuery" ("queryId", "userId", "issuedAt", "finishedAt", "hasError", "errorMessage", "statement", "projectId", "queryTypeId")
    VALUES ('398', '1', '2023-06-10 22:05:19.681183', '2023-06-10 22:05:21.681183', 'False', 'None', 'SELECT location FROM Theaters', '5', '1');
INSERT INTO "QueryColumnAccess" ("queryId", "columnId")
    VALUES ('398', '3');
INSERT INTO "QueryTableAccess" ("queryId", "tableId")
    VALUES ('398', '4');
SELECT 'theater_id' FROM Screenings;
INSERT INTO "SqlQuery" ("queryId", "userId", "issuedAt", "finishedAt", "hasError", "errorMessage", "statement", "projectId", "queryTypeId")
    VALUES ('399', '9', '2023-05-17 22:05:19.681190', '2023-05-17 22:05:22.681190', 'False', 'None', 'SELECT theater_id FROM Screenings', '5', '1');
INSERT INTO "QueryColumnAccess" ("queryId", "columnId")
    VALUES ('399', '3');
INSERT INTO "QueryTableAccess" ("queryId", "tableId")
    VALUES ('399', '5');
SELECT 'last_name' FROM Actors;
INSERT INTO "SqlQuery" ("queryId", "userId", "issuedAt", "finishedAt", "hasError", "errorMessage", "statement", "projectId", "queryTypeId")
    VALUES ('400', '3', '2023-06-04 22:05:19.681196', '2023-06-04 22:05:23.681196', 'False', 'None', 'SELECT last_name FROM Actors', '5', '1');
INSERT INTO "QueryColumnAccess" ("queryId", "columnId")
    VALUES ('400', '3');
INSERT INTO "QueryTableAccess" ("queryId", "tableId")
    VALUES ('400', '2');
SELECT 'location' FROM Theaters;
INSERT INTO "SqlQuery" ("queryId", "userId", "issuedAt", "finishedAt", "hasError", "errorMessage", "statement", "projectId", "queryTypeId")
    VALUES ('401', '11', '2023-06-15 22:05:19.681202', '2023-06-15 22:05:23.681202', 'False', 'None', 'SELECT location FROM Theaters', '5', '1');
INSERT INTO "QueryColumnAccess" ("queryId", "columnId")
    VALUES ('401', '3');
INSERT INTO "QueryTableAccess" ("queryId", "tableId")
    VALUES ('401', '4');
SELECT 'location' FROM Theaters;
INSERT INTO "SqlQuery" ("queryId", "userId", "issuedAt", "finishedAt", "hasError", "errorMessage", "statement", "projectId", "queryTypeId")
    VALUES ('402', '6', '2023-06-20 22:05:19.681208', '2023-06-20 22:05:21.681208', 'False', 'None', 'SELECT location FROM Theaters', '5', '1');
INSERT INTO "QueryColumnAccess" ("queryId", "columnId")
    VALUES ('402', '3');
INSERT INTO "QueryTableAccess" ("queryId", "tableId")
    VALUES ('402', '4');
SELECT 'date_of_birth' FROM Actors;
INSERT INTO "SqlQuery" ("queryId", "userId", "issuedAt", "finishedAt", "hasError", "errorMessage", "statement", "projectId", "queryTypeId")
    VALUES ('403', '12', '2023-04-13 22:05:19.681215', '2023-04-13 22:05:20.681215', 'False', 'None', 'SELECT date_of_birth FROM Actors', '5', '1');
INSERT INTO "QueryColumnAccess" ("queryId", "columnId")
    VALUES ('403', '4');
INSERT INTO "QueryTableAccess" ("queryId", "tableId")
    VALUES ('403', '2');
SELECT 'first_name' FROM Actors;
INSERT INTO "SqlQuery" ("queryId", "userId", "issuedAt", "finishedAt", "hasError", "errorMessage", "statement", "projectId", "queryTypeId")
    VALUES ('404', '14', '2023-04-21 22:05:19.681221', '2023-04-21 22:05:22.681221', 'False', 'None', 'SELECT first_name FROM Actors', '5', '1');
INSERT INTO "QueryColumnAccess" ("queryId", "columnId")
    VALUES ('404', '2');
INSERT INTO "QueryTableAccess" ("queryId", "tableId")
    VALUES ('404', '2');
SELECT 'movie_id' FROM Screenings;
INSERT INTO "SqlQuery" ("queryId", "userId", "issuedAt", "finishedAt", "hasError", "errorMessage", "statement", "projectId", "queryTypeId")
    VALUES ('405', '3', '2023-06-03 22:05:19.681227', '2023-06-03 22:05:23.681227', 'False', 'None', 'SELECT movie_id FROM Screenings', '5', '1');
INSERT INTO "QueryColumnAccess" ("queryId", "columnId")
    VALUES ('405', '2');
INSERT INTO "QueryTableAccess" ("queryId", "tableId")
    VALUES ('405', '5');
SELECT 'first_name' FROM Actors;
INSERT INTO "SqlQuery" ("queryId", "userId", "issuedAt", "finishedAt", "hasError", "errorMessage", "statement", "projectId", "queryTypeId")
    VALUES ('406', '12', '2023-06-05 22:05:19.681234', '2023-06-05 22:05:22.681234', 'False', 'None', 'SELECT first_name FROM Actors', '5', '1');
INSERT INTO "QueryColumnAccess" ("queryId", "columnId")
    VALUES ('406', '2');
INSERT INTO "QueryTableAccess" ("queryId", "tableId")
    VALUES ('406', '2');
SELECT 'rating' FROM Movies;
INSERT INTO "SqlQuery" ("queryId", "userId", "issuedAt", "finishedAt", "hasError", "errorMessage", "statement", "projectId", "queryTypeId")
    VALUES ('407', '5', '2023-05-16 22:05:19.681240', '2023-05-16 22:05:22.681240', 'False', 'None', 'SELECT rating FROM Movies', '5', '1');
INSERT INTO "QueryColumnAccess" ("queryId", "columnId")
    VALUES ('407', '7');
INSERT INTO "QueryTableAccess" ("queryId", "tableId")
    VALUES ('407', '1');
SELECT 'movie_id' FROM Reviews;
INSERT INTO "SqlQuery" ("queryId", "userId", "issuedAt", "finishedAt", "hasError", "errorMessage", "statement", "projectId", "queryTypeId")
    VALUES ('408', '15', '2023-06-02 22:05:19.681246', '2023-06-02 22:05:20.681246', 'False', 'None', 'SELECT movie_id FROM Reviews', '5', '1');
INSERT INTO "QueryColumnAccess" ("queryId", "columnId")
    VALUES ('408', '2');
INSERT INTO "QueryTableAccess" ("queryId", "tableId")
    VALUES ('408', '3');
SELECT 'user_id' FROM Reviews;
INSERT INTO "SqlQuery" ("queryId", "userId", "issuedAt", "finishedAt", "hasError", "errorMessage", "statement", "projectId", "queryTypeId")
    VALUES ('409', '10', '2023-05-27 22:05:19.681252', '2023-05-27 22:05:20.681252', 'False', 'None', 'SELECT user_id FROM Reviews', '5', '1');
INSERT INTO "QueryColumnAccess" ("queryId", "columnId")
    VALUES ('409', '3');
INSERT INTO "QueryTableAccess" ("queryId", "tableId")
    VALUES ('409', '3');
SELECT 'phone_number' FROM Theaters;
INSERT INTO "SqlQuery" ("queryId", "userId", "issuedAt", "finishedAt", "hasError", "errorMessage", "statement", "projectId", "queryTypeId")
    VALUES ('410', '2', '2023-07-03 22:05:19.681262', '2023-07-03 22:05:20.681262', 'False', 'None', 'SELECT phone_number FROM Theaters', '5', '1');
INSERT INTO "QueryColumnAccess" ("queryId", "columnId")
    VALUES ('410', '5');
INSERT INTO "QueryTableAccess" ("queryId", "tableId")
    VALUES ('410', '4');
SELECT 'rating' FROM Reviews;
INSERT INTO "SqlQuery" ("queryId", "userId", "issuedAt", "finishedAt", "hasError", "errorMessage", "statement", "projectId", "queryTypeId")
    VALUES ('411', '13', '2023-06-13 22:05:19.681268', '2023-06-13 22:05:20.681268', 'False', 'None', 'SELECT rating FROM Reviews', '5', '1');
INSERT INTO "QueryColumnAccess" ("queryId", "columnId")
    VALUES ('411', '4');
INSERT INTO "QueryTableAccess" ("queryId", "tableId")
    VALUES ('411', '3');
SELECT 'theater_name' FROM Theaters;
INSERT INTO "SqlQuery" ("queryId", "userId", "issuedAt", "finishedAt", "hasError", "errorMessage", "statement", "projectId", "queryTypeId")
    VALUES ('412', '4', '2023-05-15 22:05:19.681275', '2023-05-15 22:05:22.681275', 'False', 'None', 'SELECT theater_name FROM Theaters', '5', '1');
INSERT INTO "QueryColumnAccess" ("queryId", "columnId")
    VALUES ('412', '2');
INSERT INTO "QueryTableAccess" ("queryId", "tableId")
    VALUES ('412', '4');
SELECT 'phone_number' FROM Theaters;
INSERT INTO "SqlQuery" ("queryId", "userId", "issuedAt", "finishedAt", "hasError", "errorMessage", "statement", "projectId", "queryTypeId")
    VALUES ('413', '9', '2023-04-29 22:05:19.681281', '2023-04-29 22:05:20.681281', 'False', 'None', 'SELECT phone_number FROM Theaters', '5', '1');
INSERT INTO "QueryColumnAccess" ("queryId", "columnId")
    VALUES ('413', '5');
INSERT INTO "QueryTableAccess" ("queryId", "tableId")
    VALUES ('413', '4');
SELECT 'location' FROM Theaters;
INSERT INTO "SqlQuery" ("queryId", "userId", "issuedAt", "finishedAt", "hasError", "errorMessage", "statement", "projectId", "queryTypeId")
    VALUES ('414', '15', '2023-05-14 22:05:19.681287', '2023-05-14 22:05:21.681287', 'False', 'None', 'SELECT location FROM Theaters', '5', '1');
INSERT INTO "QueryColumnAccess" ("queryId", "columnId")
    VALUES ('414', '3');
INSERT INTO "QueryTableAccess" ("queryId", "tableId")
    VALUES ('414', '4');
SELECT 'director' FROM Movies;
INSERT INTO "SqlQuery" ("queryId", "userId", "issuedAt", "finishedAt", "hasError", "errorMessage", "statement", "projectId", "queryTypeId")
    VALUES ('415', '14', '2023-06-20 22:05:19.681293', '2023-06-20 22:05:23.681293', 'False', 'None', 'SELECT director FROM Movies', '5', '1');
INSERT INTO "QueryColumnAccess" ("queryId", "columnId")
    VALUES ('415', '5');
INSERT INTO "QueryTableAccess" ("queryId", "tableId")
    VALUES ('415', '1');
SELECT 'theater_id' FROM Screenings;
INSERT INTO "SqlQuery" ("queryId", "userId", "issuedAt", "finishedAt", "hasError", "errorMessage", "statement", "projectId", "queryTypeId")
    VALUES ('416', '11', '2023-05-02 22:05:19.681300', '2023-05-02 22:05:22.681300', 'False', 'None', 'SELECT theater_id FROM Screenings', '5', '1');
INSERT INTO "QueryColumnAccess" ("queryId", "columnId")
    VALUES ('416', '3');
INSERT INTO "QueryTableAccess" ("queryId", "tableId")
    VALUES ('416', '5');
SELECT 'theater_name' FROM Theaters;
INSERT INTO "SqlQuery" ("queryId", "userId", "issuedAt", "finishedAt", "hasError", "errorMessage", "statement", "projectId", "queryTypeId")
    VALUES ('417', '13', '2023-06-02 22:05:19.681306', '2023-06-02 22:05:20.681306', 'False', 'None', 'SELECT theater_name FROM Theaters', '5', '1');
INSERT INTO "QueryColumnAccess" ("queryId", "columnId")
    VALUES ('417', '2');
INSERT INTO "QueryTableAccess" ("queryId", "tableId")
    VALUES ('417', '4');
SELECT 'phone_number' FROM Theaters;
INSERT INTO "SqlQuery" ("queryId", "userId", "issuedAt", "finishedAt", "hasError", "errorMessage", "statement", "projectId", "queryTypeId")
    VALUES ('418', '4', '2023-05-07 22:05:19.681312', '2023-05-07 22:05:20.681312', 'False', 'None', 'SELECT phone_number FROM Theaters', '5', '1');
INSERT INTO "QueryColumnAccess" ("queryId", "columnId")
    VALUES ('418', '5');
INSERT INTO "QueryTableAccess" ("queryId", "tableId")
    VALUES ('418', '4');
SELECT 'phone_number' FROM Theaters;
INSERT INTO "SqlQuery" ("queryId", "userId", "issuedAt", "finishedAt", "hasError", "errorMessage", "statement", "projectId", "queryTypeId")
    VALUES ('419', '3', '2023-06-07 22:05:19.681318', '2023-06-07 22:05:20.681318', 'False', 'None', 'SELECT phone_number FROM Theaters', '5', '1');
INSERT INTO "QueryColumnAccess" ("queryId", "columnId")
    VALUES ('419', '5');
INSERT INTO "QueryTableAccess" ("queryId", "tableId")
    VALUES ('419', '4');
SELECT 'ticket_price' FROM Screenings;
INSERT INTO "SqlQuery" ("queryId", "userId", "issuedAt", "finishedAt", "hasError", "errorMessage", "statement", "projectId", "queryTypeId")
    VALUES ('420', '9', '2023-05-03 22:05:19.681325', '2023-05-03 22:05:21.681325', 'False', 'None', 'SELECT ticket_price FROM Screenings', '5', '1');
INSERT INTO "QueryColumnAccess" ("queryId", "columnId")
    VALUES ('420', '6');
INSERT INTO "QueryTableAccess" ("queryId", "tableId")
    VALUES ('420', '5');
SELECT 'theater_name' FROM Theaters;
INSERT INTO "SqlQuery" ("queryId", "userId", "issuedAt", "finishedAt", "hasError", "errorMessage", "statement", "projectId", "queryTypeId")
    VALUES ('421', '1', '2023-06-18 22:05:19.681331', '2023-06-18 22:05:22.681331', 'False', 'None', 'SELECT theater_name FROM Theaters', '5', '1');
INSERT INTO "QueryColumnAccess" ("queryId", "columnId")
    VALUES ('421', '2');
INSERT INTO "QueryTableAccess" ("queryId", "tableId")
    VALUES ('421', '4');
SELECT 'last_name' FROM Actors;
INSERT INTO "SqlQuery" ("queryId", "userId", "issuedAt", "finishedAt", "hasError", "errorMessage", "statement", "projectId", "queryTypeId")
    VALUES ('422', '10', '2023-06-30 22:05:19.681337', '2023-06-30 22:05:21.681337', 'False', 'None', 'SELECT last_name FROM Actors', '5', '1');
INSERT INTO "QueryColumnAccess" ("queryId", "columnId")
    VALUES ('422', '3');
INSERT INTO "QueryTableAccess" ("queryId", "tableId")
    VALUES ('422', '2');
SELECT 'movie_id' FROM Screenings;
INSERT INTO "SqlQuery" ("queryId", "userId", "issuedAt", "finishedAt", "hasError", "errorMessage", "statement", "projectId", "queryTypeId")
    VALUES ('423', '10', '2023-06-15 22:05:19.681344', '2023-06-15 22:05:20.681344', 'False', 'None', 'SELECT movie_id FROM Screenings', '5', '1');
INSERT INTO "QueryColumnAccess" ("queryId", "columnId")
    VALUES ('423', '2');
INSERT INTO "QueryTableAccess" ("queryId", "tableId")
    VALUES ('423', '5');
SELECT 'first_name' FROM Actors;
INSERT INTO "SqlQuery" ("queryId", "userId", "issuedAt", "finishedAt", "hasError", "errorMessage", "statement", "projectId", "queryTypeId")
    VALUES ('424', '13', '2023-05-09 22:05:19.681350', '2023-05-09 22:05:23.681350', 'False', 'None', 'SELECT first_name FROM Actors', '5', '1');
INSERT INTO "QueryColumnAccess" ("queryId", "columnId")
    VALUES ('424', '2');
INSERT INTO "QueryTableAccess" ("queryId", "tableId")
    VALUES ('424', '2');
SELECT 'phone_number' FROM Theaters;
INSERT INTO "SqlQuery" ("queryId", "userId", "issuedAt", "finishedAt", "hasError", "errorMessage", "statement", "projectId", "queryTypeId")
    VALUES ('425', '10', '2023-07-03 22:05:19.681356', '2023-07-03 22:05:22.681356', 'False', 'None', 'SELECT phone_number FROM Theaters', '5', '1');
INSERT INTO "QueryColumnAccess" ("queryId", "columnId")
    VALUES ('425', '5');
INSERT INTO "QueryTableAccess" ("queryId", "tableId")
    VALUES ('425', '4');
SELECT 'user_id' FROM Reviews;
INSERT INTO "SqlQuery" ("queryId", "userId", "issuedAt", "finishedAt", "hasError", "errorMessage", "statement", "projectId", "queryTypeId")
    VALUES ('426', '14', '2023-06-30 22:05:19.681362', '2023-06-30 22:05:23.681362', 'False', 'None', 'SELECT user_id FROM Reviews', '5', '1');
INSERT INTO "QueryColumnAccess" ("queryId", "columnId")
    VALUES ('426', '3');
INSERT INTO "QueryTableAccess" ("queryId", "tableId")
    VALUES ('426', '3');
SELECT 'location' FROM Theaters;
INSERT INTO "SqlQuery" ("queryId", "userId", "issuedAt", "finishedAt", "hasError", "errorMessage", "statement", "projectId", "queryTypeId")
    VALUES ('427', '5', '2023-06-18 22:05:19.681374', '2023-06-18 22:05:22.681374', 'False', 'None', 'SELECT location FROM Theaters', '5', '1');
INSERT INTO "QueryColumnAccess" ("queryId", "columnId")
    VALUES ('427', '3');
INSERT INTO "QueryTableAccess" ("queryId", "tableId")
    VALUES ('427', '4');
SELECT 'theater_id' FROM Screenings;
INSERT INTO "SqlQuery" ("queryId", "userId", "issuedAt", "finishedAt", "hasError", "errorMessage", "statement", "projectId", "queryTypeId")
    VALUES ('428', '15', '2023-04-13 22:05:19.681381', '2023-04-13 22:05:20.681381', 'False', 'None', 'SELECT theater_id FROM Screenings', '5', '1');
INSERT INTO "QueryColumnAccess" ("queryId", "columnId")
    VALUES ('428', '3');
INSERT INTO "QueryTableAccess" ("queryId", "tableId")
    VALUES ('428', '5');
SELECT 'release_date' FROM Movies;
INSERT INTO "SqlQuery" ("queryId", "userId", "issuedAt", "finishedAt", "hasError", "errorMessage", "statement", "projectId", "queryTypeId")
    VALUES ('429', '9', '2023-04-22 22:05:19.681387', '2023-04-22 22:05:20.681387', 'False', 'None', 'SELECT release_date FROM Movies', '5', '1');
INSERT INTO "QueryColumnAccess" ("queryId", "columnId")
    VALUES ('429', '3');
INSERT INTO "QueryTableAccess" ("queryId", "tableId")
    VALUES ('429', '1');
SELECT 'first_name' FROM Actors;
INSERT INTO "SqlQuery" ("queryId", "userId", "issuedAt", "finishedAt", "hasError", "errorMessage", "statement", "projectId", "queryTypeId")
    VALUES ('430', '8', '2023-06-10 22:05:19.681394', '2023-06-10 22:05:22.681394', 'False', 'None', 'SELECT first_name FROM Actors', '5', '1');
INSERT INTO "QueryColumnAccess" ("queryId", "columnId")
    VALUES ('430', '2');
INSERT INTO "QueryTableAccess" ("queryId", "tableId")
    VALUES ('430', '2');
SELECT 'movie_id' FROM Screenings;
INSERT INTO "SqlQuery" ("queryId", "userId", "issuedAt", "finishedAt", "hasError", "errorMessage", "statement", "projectId", "queryTypeId")
    VALUES ('431', '3', '2023-04-27 22:05:19.681400', '2023-04-27 22:05:22.681400', 'False', 'None', 'SELECT movie_id FROM Screenings', '5', '1');
INSERT INTO "QueryColumnAccess" ("queryId", "columnId")
    VALUES ('431', '2');
INSERT INTO "QueryTableAccess" ("queryId", "tableId")
    VALUES ('431', '5');
SELECT 'genre' FROM Movies;
INSERT INTO "SqlQuery" ("queryId", "userId", "issuedAt", "finishedAt", "hasError", "errorMessage", "statement", "projectId", "queryTypeId")
    VALUES ('432', '12', '2023-06-21 22:05:19.681406', '2023-06-21 22:05:21.681406', 'False', 'None', 'SELECT genre FROM Movies', '5', '1');
INSERT INTO "QueryColumnAccess" ("queryId", "columnId")
    VALUES ('432', '4');
INSERT INTO "QueryTableAccess" ("queryId", "tableId")
    VALUES ('432', '1');
SELECT 'theater_id' FROM Theaters;
INSERT INTO "SqlQuery" ("queryId", "userId", "issuedAt", "finishedAt", "hasError", "errorMessage", "statement", "projectId", "queryTypeId")
    VALUES ('433', '3', '2023-05-20 22:05:19.681413', '2023-05-20 22:05:21.681413', 'False', 'None', 'SELECT theater_id FROM Theaters', '5', '1');
INSERT INTO "QueryColumnAccess" ("queryId", "columnId")
    VALUES ('433', '1');
INSERT INTO "QueryTableAccess" ("queryId", "tableId")
    VALUES ('433', '4');
SELECT 'ticket_price' FROM Screenings;
INSERT INTO "SqlQuery" ("queryId", "userId", "issuedAt", "finishedAt", "hasError", "errorMessage", "statement", "projectId", "queryTypeId")
    VALUES ('434', '1', '2023-06-13 22:05:19.681419', '2023-06-13 22:05:21.681419', 'False', 'None', 'SELECT ticket_price FROM Screenings', '5', '1');
INSERT INTO "QueryColumnAccess" ("queryId", "columnId")
    VALUES ('434', '6');
INSERT INTO "QueryTableAccess" ("queryId", "tableId")
    VALUES ('434', '5');
SELECT 'movie_id' FROM Reviews;
INSERT INTO "SqlQuery" ("queryId", "userId", "issuedAt", "finishedAt", "hasError", "errorMessage", "statement", "projectId", "queryTypeId")
    VALUES ('435', '5', '2023-04-13 22:05:19.681425', '2023-04-13 22:05:23.681425', 'False', 'None', 'SELECT movie_id FROM Reviews', '5', '1');
INSERT INTO "QueryColumnAccess" ("queryId", "columnId")
    VALUES ('435', '2');
INSERT INTO "QueryTableAccess" ("queryId", "tableId")
    VALUES ('435', '3');
SELECT 'rating' FROM Reviews;
INSERT INTO "SqlQuery" ("queryId", "userId", "issuedAt", "finishedAt", "hasError", "errorMessage", "statement", "projectId", "queryTypeId")
    VALUES ('436', '12', '2023-06-03 22:05:19.681431', '2023-06-03 22:05:20.681431', 'False', 'None', 'SELECT rating FROM Reviews', '5', '1');
INSERT INTO "QueryColumnAccess" ("queryId", "columnId")
    VALUES ('436', '4');
INSERT INTO "QueryTableAccess" ("queryId", "tableId")
    VALUES ('436', '3');
SELECT 'release_date' FROM Movies;
INSERT INTO "SqlQuery" ("queryId", "userId", "issuedAt", "finishedAt", "hasError", "errorMessage", "statement", "projectId", "queryTypeId")
    VALUES ('437', '15', '2023-05-08 22:05:19.681438', '2023-05-08 22:05:22.681438', 'False', 'None', 'SELECT release_date FROM Movies', '5', '1');
INSERT INTO "QueryColumnAccess" ("queryId", "columnId")
    VALUES ('437', '3');
INSERT INTO "QueryTableAccess" ("queryId", "tableId")
    VALUES ('437', '1');
SELECT 'phone_number' FROM Theaters;
INSERT INTO "SqlQuery" ("queryId", "userId", "issuedAt", "finishedAt", "hasError", "errorMessage", "statement", "projectId", "queryTypeId")
    VALUES ('438', '7', '2023-06-09 22:05:19.681444', '2023-06-09 22:05:23.681444', 'False', 'None', 'SELECT phone_number FROM Theaters', '5', '1');
INSERT INTO "QueryColumnAccess" ("queryId", "columnId")
    VALUES ('438', '5');
INSERT INTO "QueryTableAccess" ("queryId", "tableId")
    VALUES ('438', '4');
SELECT 'theater_id' FROM Theaters;
INSERT INTO "SqlQuery" ("queryId", "userId", "issuedAt", "finishedAt", "hasError", "errorMessage", "statement", "projectId", "queryTypeId")
    VALUES ('439', '7', '2023-05-14 22:05:19.681450', '2023-05-14 22:05:23.681450', 'False', 'None', 'SELECT theater_id FROM Theaters', '5', '1');
INSERT INTO "QueryColumnAccess" ("queryId", "columnId")
    VALUES ('439', '1');
INSERT INTO "QueryTableAccess" ("queryId", "tableId")
    VALUES ('439', '4');
SELECT 'gender' FROM Actors;
INSERT INTO "SqlQuery" ("queryId", "userId", "issuedAt", "finishedAt", "hasError", "errorMessage", "statement", "projectId", "queryTypeId")
    VALUES ('440', '5', '2023-05-02 22:05:19.681456', '2023-05-02 22:05:20.681456', 'False', 'None', 'SELECT gender FROM Actors', '5', '1');
INSERT INTO "QueryColumnAccess" ("queryId", "columnId")
    VALUES ('440', '5');
INSERT INTO "QueryTableAccess" ("queryId", "tableId")
    VALUES ('440', '2');
SELECT 'review_date' FROM Reviews;
INSERT INTO "SqlQuery" ("queryId", "userId", "issuedAt", "finishedAt", "hasError", "errorMessage", "statement", "projectId", "queryTypeId")
    VALUES ('441', '3', '2023-07-06 22:05:19.681463', '2023-07-06 22:05:21.681463', 'False', 'None', 'SELECT review_date FROM Reviews', '5', '1');
INSERT INTO "QueryColumnAccess" ("queryId", "columnId")
    VALUES ('441', '6');
INSERT INTO "QueryTableAccess" ("queryId", "tableId")
    VALUES ('441', '3');
SELECT 'release_date' FROM Movies;
INSERT INTO "SqlQuery" ("queryId", "userId", "issuedAt", "finishedAt", "hasError", "errorMessage", "statement", "projectId", "queryTypeId")
    VALUES ('442', '10', '2023-06-01 22:05:19.681469', '2023-06-01 22:05:23.681469', 'False', 'None', 'SELECT release_date FROM Movies', '5', '1');
INSERT INTO "QueryColumnAccess" ("queryId", "columnId")
    VALUES ('442', '3');
INSERT INTO "QueryTableAccess" ("queryId", "tableId")
    VALUES ('442', '1');
SELECT 'director' FROM Movies;
INSERT INTO "SqlQuery" ("queryId", "userId", "issuedAt", "finishedAt", "hasError", "errorMessage", "statement", "projectId", "queryTypeId")
    VALUES ('443', '4', '2023-04-13 22:05:19.681475', '2023-04-13 22:05:21.681475', 'False', 'None', 'SELECT director FROM Movies', '5', '1');
INSERT INTO "QueryColumnAccess" ("queryId", "columnId")
    VALUES ('443', '5');
INSERT INTO "QueryTableAccess" ("queryId", "tableId")
    VALUES ('443', '1');
SELECT 'theater_id' FROM Screenings;
INSERT INTO "SqlQuery" ("queryId", "userId", "issuedAt", "finishedAt", "hasError", "errorMessage", "statement", "projectId", "queryTypeId")
    VALUES ('444', '10', '2023-06-25 22:05:19.681492', '2023-06-25 22:05:21.681492', 'False', 'None', 'SELECT theater_id FROM Screenings', '5', '1');
INSERT INTO "QueryColumnAccess" ("queryId", "columnId")
    VALUES ('444', '3');
INSERT INTO "QueryTableAccess" ("queryId", "tableId")
    VALUES ('444', '5');
SELECT 'genre' FROM Movies;
INSERT INTO "SqlQuery" ("queryId", "userId", "issuedAt", "finishedAt", "hasError", "errorMessage", "statement", "projectId", "queryTypeId")
    VALUES ('445', '15', '2023-04-20 22:05:19.681499', '2023-04-20 22:05:23.681499', 'False', 'None', 'SELECT genre FROM Movies', '5', '1');
INSERT INTO "QueryColumnAccess" ("queryId", "columnId")
    VALUES ('445', '4');
INSERT INTO "QueryTableAccess" ("queryId", "tableId")
    VALUES ('445', '1');
SELECT 'phone_number' FROM Theaters;
INSERT INTO "SqlQuery" ("queryId", "userId", "issuedAt", "finishedAt", "hasError", "errorMessage", "statement", "projectId", "queryTypeId")
    VALUES ('446', '5', '2023-06-15 22:05:19.681505', '2023-06-15 22:05:22.681505', 'False', 'None', 'SELECT phone_number FROM Theaters', '5', '1');
INSERT INTO "QueryColumnAccess" ("queryId", "columnId")
    VALUES ('446', '5');
INSERT INTO "QueryTableAccess" ("queryId", "tableId")
    VALUES ('446', '4');
SELECT 'rating' FROM Reviews;
INSERT INTO "SqlQuery" ("queryId", "userId", "issuedAt", "finishedAt", "hasError", "errorMessage", "statement", "projectId", "queryTypeId")
    VALUES ('447', '6', '2023-06-22 22:05:19.681511', '2023-06-22 22:05:22.681511', 'False', 'None', 'SELECT rating FROM Reviews', '5', '1');
INSERT INTO "QueryColumnAccess" ("queryId", "columnId")
    VALUES ('447', '4');
INSERT INTO "QueryTableAccess" ("queryId", "tableId")
    VALUES ('447', '3');
SELECT 'start_time' FROM Screenings;
INSERT INTO "SqlQuery" ("queryId", "userId", "issuedAt", "finishedAt", "hasError", "errorMessage", "statement", "projectId", "queryTypeId")
    VALUES ('448', '3', '2023-04-17 22:05:19.681518', '2023-04-17 22:05:20.681518', 'False', 'None', 'SELECT start_time FROM Screenings', '5', '1');
INSERT INTO "QueryColumnAccess" ("queryId", "columnId")
    VALUES ('448', '4');
INSERT INTO "QueryTableAccess" ("queryId", "tableId")
    VALUES ('448', '5');
SELECT 'review_id' FROM Reviews;
INSERT INTO "SqlQuery" ("queryId", "userId", "issuedAt", "finishedAt", "hasError", "errorMessage", "statement", "projectId", "queryTypeId")
    VALUES ('449', '6', '2023-07-03 22:05:19.681524', '2023-07-03 22:05:20.681524', 'False', 'None', 'SELECT review_id FROM Reviews', '5', '1');
INSERT INTO "QueryColumnAccess" ("queryId", "columnId")
    VALUES ('449', '1');
INSERT INTO "QueryTableAccess" ("queryId", "tableId")
    VALUES ('449', '3');
SELECT 'phone_number' FROM Theaters;
INSERT INTO "SqlQuery" ("queryId", "userId", "issuedAt", "finishedAt", "hasError", "errorMessage", "statement", "projectId", "queryTypeId")
    VALUES ('450', '11', '2023-06-17 22:05:19.681530', '2023-06-17 22:05:21.681530', 'False', 'None', 'SELECT phone_number FROM Theaters', '5', '1');
INSERT INTO "QueryColumnAccess" ("queryId", "columnId")
    VALUES ('450', '5');
INSERT INTO "QueryTableAccess" ("queryId", "tableId")
    VALUES ('450', '4');
SELECT 'ticket_price' FROM Screenings;
INSERT INTO "SqlQuery" ("queryId", "userId", "issuedAt", "finishedAt", "hasError", "errorMessage", "statement", "projectId", "queryTypeId")
    VALUES ('451', '4', '2023-04-17 22:05:19.681536', '2023-04-17 22:05:21.681536', 'False', 'None', 'SELECT ticket_price FROM Screenings', '5', '1');
INSERT INTO "QueryColumnAccess" ("queryId", "columnId")
    VALUES ('451', '6');
INSERT INTO "QueryTableAccess" ("queryId", "tableId")
    VALUES ('451', '5');
SELECT 'duration' FROM Movies;
INSERT INTO "SqlQuery" ("queryId", "userId", "issuedAt", "finishedAt", "hasError", "errorMessage", "statement", "projectId", "queryTypeId")
    VALUES ('452', '11', '2023-05-31 22:05:19.681543', '2023-05-31 22:05:20.681543', 'False', 'None', 'SELECT duration FROM Movies', '5', '1');
INSERT INTO "QueryColumnAccess" ("queryId", "columnId")
    VALUES ('452', '6');
INSERT INTO "QueryTableAccess" ("queryId", "tableId")
    VALUES ('452', '1');
SELECT 'theater_name' FROM Theaters;
INSERT INTO "SqlQuery" ("queryId", "userId", "issuedAt", "finishedAt", "hasError", "errorMessage", "statement", "projectId", "queryTypeId")
    VALUES ('453', '9', '2023-04-17 22:05:19.681549', '2023-04-17 22:05:20.681549', 'False', 'None', 'SELECT theater_name FROM Theaters', '5', '1');
INSERT INTO "QueryColumnAccess" ("queryId", "columnId")
    VALUES ('453', '2');
INSERT INTO "QueryTableAccess" ("queryId", "tableId")
    VALUES ('453', '4');
SELECT 'ticket_price' FROM Screenings;
INSERT INTO "SqlQuery" ("queryId", "userId", "issuedAt", "finishedAt", "hasError", "errorMessage", "statement", "projectId", "queryTypeId")
    VALUES ('454', '6', '2023-04-20 22:05:19.681555', '2023-04-20 22:05:21.681555', 'False', 'None', 'SELECT ticket_price FROM Screenings', '5', '1');
INSERT INTO "QueryColumnAccess" ("queryId", "columnId")
    VALUES ('454', '6');
INSERT INTO "QueryTableAccess" ("queryId", "tableId")
    VALUES ('454', '5');
SELECT 'actor_id' FROM Actors;
INSERT INTO "SqlQuery" ("queryId", "userId", "issuedAt", "finishedAt", "hasError", "errorMessage", "statement", "projectId", "queryTypeId")
    VALUES ('455', '13', '2023-06-15 22:05:19.681562', '2023-06-15 22:05:22.681562', 'False', 'None', 'SELECT actor_id FROM Actors', '5', '1');
INSERT INTO "QueryColumnAccess" ("queryId", "columnId")
    VALUES ('455', '1');
INSERT INTO "QueryTableAccess" ("queryId", "tableId")
    VALUES ('455', '2');
SELECT 'theater_id' FROM Screenings;
INSERT INTO "SqlQuery" ("queryId", "userId", "issuedAt", "finishedAt", "hasError", "errorMessage", "statement", "projectId", "queryTypeId")
    VALUES ('456', '6', '2023-05-11 22:05:19.681568', '2023-05-11 22:05:20.681568', 'False', 'None', 'SELECT theater_id FROM Screenings', '5', '1');
INSERT INTO "QueryColumnAccess" ("queryId", "columnId")
    VALUES ('456', '3');
INSERT INTO "QueryTableAccess" ("queryId", "tableId")
    VALUES ('456', '5');
SELECT 'user_id' FROM Reviews;
INSERT INTO "SqlQuery" ("queryId", "userId", "issuedAt", "finishedAt", "hasError", "errorMessage", "statement", "projectId", "queryTypeId")
    VALUES ('457', '8', '2023-05-12 22:05:19.681574', '2023-05-12 22:05:22.681574', 'False', 'None', 'SELECT user_id FROM Reviews', '5', '1');
INSERT INTO "QueryColumnAccess" ("queryId", "columnId")
    VALUES ('457', '3');
INSERT INTO "QueryTableAccess" ("queryId", "tableId")
    VALUES ('457', '3');
SELECT 'end_time' FROM Screenings;
INSERT INTO "SqlQuery" ("queryId", "userId", "issuedAt", "finishedAt", "hasError", "errorMessage", "statement", "projectId", "queryTypeId")
    VALUES ('458', '12', '2023-04-20 22:05:19.681580', '2023-04-20 22:05:22.681580', 'False', 'None', 'SELECT end_time FROM Screenings', '5', '1');
INSERT INTO "QueryColumnAccess" ("queryId", "columnId")
    VALUES ('458', '5');
INSERT INTO "QueryTableAccess" ("queryId", "tableId")
    VALUES ('458', '5');
SELECT 'theater_id' FROM Screenings;
INSERT INTO "SqlQuery" ("queryId", "userId", "issuedAt", "finishedAt", "hasError", "errorMessage", "statement", "projectId", "queryTypeId")
    VALUES ('459', '12', '2023-05-19 22:05:19.681587', '2023-05-19 22:05:20.681587', 'False', 'None', 'SELECT theater_id FROM Screenings', '5', '1');
INSERT INTO "QueryColumnAccess" ("queryId", "columnId")
    VALUES ('459', '3');
INSERT INTO "QueryTableAccess" ("queryId", "tableId")
    VALUES ('459', '5');
SELECT 'review_date' FROM Reviews;
INSERT INTO "SqlQuery" ("queryId", "userId", "issuedAt", "finishedAt", "hasError", "errorMessage", "statement", "projectId", "queryTypeId")
    VALUES ('460', '9', '2023-07-04 22:05:19.681593', '2023-07-04 22:05:23.681593', 'False', 'None', 'SELECT review_date FROM Reviews', '5', '1');
INSERT INTO "QueryColumnAccess" ("queryId", "columnId")
    VALUES ('460', '6');
INSERT INTO "QueryTableAccess" ("queryId", "tableId")
    VALUES ('460', '3');
SELECT 'start_time' FROM Screenings;
INSERT INTO "SqlQuery" ("queryId", "userId", "issuedAt", "finishedAt", "hasError", "errorMessage", "statement", "projectId", "queryTypeId")
    VALUES ('461', '11', '2023-06-19 22:05:19.681604', '2023-06-19 22:05:22.681604', 'False', 'None', 'SELECT start_time FROM Screenings', '5', '1');
INSERT INTO "QueryColumnAccess" ("queryId", "columnId")
    VALUES ('461', '4');
INSERT INTO "QueryTableAccess" ("queryId", "tableId")
    VALUES ('461', '5');
SELECT 'screening_id' FROM Screenings;
INSERT INTO "SqlQuery" ("queryId", "userId", "issuedAt", "finishedAt", "hasError", "errorMessage", "statement", "projectId", "queryTypeId")
    VALUES ('462', '15', '2023-06-07 22:05:19.681611', '2023-06-07 22:05:22.681611', 'False', 'None', 'SELECT screening_id FROM Screenings', '5', '1');
INSERT INTO "QueryColumnAccess" ("queryId", "columnId")
    VALUES ('462', '1');
INSERT INTO "QueryTableAccess" ("queryId", "tableId")
    VALUES ('462', '5');
SELECT 'review_id' FROM Reviews;
INSERT INTO "SqlQuery" ("queryId", "userId", "issuedAt", "finishedAt", "hasError", "errorMessage", "statement", "projectId", "queryTypeId")
    VALUES ('463', '9', '2023-07-02 22:05:19.681617', '2023-07-02 22:05:23.681617', 'False', 'None', 'SELECT review_id FROM Reviews', '5', '1');
INSERT INTO "QueryColumnAccess" ("queryId", "columnId")
    VALUES ('463', '1');
INSERT INTO "QueryTableAccess" ("queryId", "tableId")
    VALUES ('463', '3');
SELECT 'gender' FROM Actors;
INSERT INTO "SqlQuery" ("queryId", "userId", "issuedAt", "finishedAt", "hasError", "errorMessage", "statement", "projectId", "queryTypeId")
    VALUES ('464', '13', '2023-06-10 22:05:19.681623', '2023-06-10 22:05:23.681623', 'False', 'None', 'SELECT gender FROM Actors', '5', '1');
INSERT INTO "QueryColumnAccess" ("queryId", "columnId")
    VALUES ('464', '5');
INSERT INTO "QueryTableAccess" ("queryId", "tableId")
    VALUES ('464', '2');
SELECT 'title' FROM Movies;
INSERT INTO "SqlQuery" ("queryId", "userId", "issuedAt", "finishedAt", "hasError", "errorMessage", "statement", "projectId", "queryTypeId")
    VALUES ('465', '12', '2023-07-08 22:05:19.681630', '2023-07-08 22:05:22.681630', 'False', 'None', 'SELECT title FROM Movies', '5', '1');
INSERT INTO "QueryColumnAccess" ("queryId", "columnId")
    VALUES ('465', '2');
INSERT INTO "QueryTableAccess" ("queryId", "tableId")
    VALUES ('465', '1');
SELECT 'release_date' FROM Movies;
INSERT INTO "SqlQuery" ("queryId", "userId", "issuedAt", "finishedAt", "hasError", "errorMessage", "statement", "projectId", "queryTypeId")
    VALUES ('466', '10', '2023-06-02 22:05:19.681636', '2023-06-02 22:05:23.681636', 'False', 'None', 'SELECT release_date FROM Movies', '5', '1');
INSERT INTO "QueryColumnAccess" ("queryId", "columnId")
    VALUES ('466', '3');
INSERT INTO "QueryTableAccess" ("queryId", "tableId")
    VALUES ('466', '1');
SELECT 'movie_id' FROM Screenings;
INSERT INTO "SqlQuery" ("queryId", "userId", "issuedAt", "finishedAt", "hasError", "errorMessage", "statement", "projectId", "queryTypeId")
    VALUES ('467', '13', '2023-05-28 22:05:19.681642', '2023-05-28 22:05:23.681642', 'False', 'None', 'SELECT movie_id FROM Screenings', '5', '1');
INSERT INTO "QueryColumnAccess" ("queryId", "columnId")
    VALUES ('467', '2');
INSERT INTO "QueryTableAccess" ("queryId", "tableId")
    VALUES ('467', '5');
SELECT 'start_time' FROM Screenings;
INSERT INTO "SqlQuery" ("queryId", "userId", "issuedAt", "finishedAt", "hasError", "errorMessage", "statement", "projectId", "queryTypeId")
    VALUES ('468', '10', '2023-05-01 22:05:19.681648', '2023-05-01 22:05:23.681648', 'False', 'None', 'SELECT start_time FROM Screenings', '5', '1');
INSERT INTO "QueryColumnAccess" ("queryId", "columnId")
    VALUES ('468', '4');
INSERT INTO "QueryTableAccess" ("queryId", "tableId")
    VALUES ('468', '5');
SELECT 'screening_id' FROM Screenings;
INSERT INTO "SqlQuery" ("queryId", "userId", "issuedAt", "finishedAt", "hasError", "errorMessage", "statement", "projectId", "queryTypeId")
    VALUES ('469', '4', '2023-06-19 22:05:19.681655', '2023-06-19 22:05:20.681655', 'False', 'None', 'SELECT screening_id FROM Screenings', '5', '1');
INSERT INTO "QueryColumnAccess" ("queryId", "columnId")
    VALUES ('469', '1');
INSERT INTO "QueryTableAccess" ("queryId", "tableId")
    VALUES ('469', '5');
SELECT 'duration' FROM Movies;
INSERT INTO "SqlQuery" ("queryId", "userId", "issuedAt", "finishedAt", "hasError", "errorMessage", "statement", "projectId", "queryTypeId")
    VALUES ('470', '8', '2023-04-15 22:05:19.681661', '2023-04-15 22:05:21.681661', 'False', 'None', 'SELECT duration FROM Movies', '5', '1');
INSERT INTO "QueryColumnAccess" ("queryId", "columnId")
    VALUES ('470', '6');
INSERT INTO "QueryTableAccess" ("queryId", "tableId")
    VALUES ('470', '1');
SELECT 'review_date' FROM Reviews;
INSERT INTO "SqlQuery" ("queryId", "userId", "issuedAt", "finishedAt", "hasError", "errorMessage", "statement", "projectId", "queryTypeId")
    VALUES ('471', '6', '2023-05-01 22:05:19.681667', '2023-05-01 22:05:20.681667', 'False', 'None', 'SELECT review_date FROM Reviews', '5', '1');
INSERT INTO "QueryColumnAccess" ("queryId", "columnId")
    VALUES ('471', '6');
INSERT INTO "QueryTableAccess" ("queryId", "tableId")
    VALUES ('471', '3');
SELECT 'review_id' FROM Reviews;
INSERT INTO "SqlQuery" ("queryId", "userId", "issuedAt", "finishedAt", "hasError", "errorMessage", "statement", "projectId", "queryTypeId")
    VALUES ('472', '3', '2023-04-18 22:05:19.681673', '2023-04-18 22:05:23.681673', 'False', 'None', 'SELECT review_id FROM Reviews', '5', '1');
INSERT INTO "QueryColumnAccess" ("queryId", "columnId")
    VALUES ('472', '1');
INSERT INTO "QueryTableAccess" ("queryId", "tableId")
    VALUES ('472', '3');
SELECT 'theater_id' FROM Theaters;
INSERT INTO "SqlQuery" ("queryId", "userId", "issuedAt", "finishedAt", "hasError", "errorMessage", "statement", "projectId", "queryTypeId")
    VALUES ('473', '6', '2023-06-13 22:05:19.681680', '2023-06-13 22:05:21.681680', 'False', 'None', 'SELECT theater_id FROM Theaters', '5', '1');
INSERT INTO "QueryColumnAccess" ("queryId", "columnId")
    VALUES ('473', '1');
INSERT INTO "QueryTableAccess" ("queryId", "tableId")
    VALUES ('473', '4');
SELECT 'nationality' FROM Actors;
INSERT INTO "SqlQuery" ("queryId", "userId", "issuedAt", "finishedAt", "hasError", "errorMessage", "statement", "projectId", "queryTypeId")
    VALUES ('474', '9', '2023-05-23 22:05:19.681686', '2023-05-23 22:05:20.681686', 'False', 'None', 'SELECT nationality FROM Actors', '5', '1');
INSERT INTO "QueryColumnAccess" ("queryId", "columnId")
    VALUES ('474', '6');
INSERT INTO "QueryTableAccess" ("queryId", "tableId")
    VALUES ('474', '2');
SELECT 'review_date' FROM Reviews;
INSERT INTO "SqlQuery" ("queryId", "userId", "issuedAt", "finishedAt", "hasError", "errorMessage", "statement", "projectId", "queryTypeId")
    VALUES ('475', '11', '2023-06-19 22:05:19.681692', '2023-06-19 22:05:21.681692', 'False', 'None', 'SELECT review_date FROM Reviews', '5', '1');
INSERT INTO "QueryColumnAccess" ("queryId", "columnId")
    VALUES ('475', '6');
INSERT INTO "QueryTableAccess" ("queryId", "tableId")
    VALUES ('475', '3');
SELECT 'duration' FROM Movies;
INSERT INTO "SqlQuery" ("queryId", "userId", "issuedAt", "finishedAt", "hasError", "errorMessage", "statement", "projectId", "queryTypeId")
    VALUES ('476', '4', '2023-06-15 22:05:19.681698', '2023-06-15 22:05:23.681698', 'False', 'None', 'SELECT duration FROM Movies', '5', '1');
INSERT INTO "QueryColumnAccess" ("queryId", "columnId")
    VALUES ('476', '6');
INSERT INTO "QueryTableAccess" ("queryId", "tableId")
    VALUES ('476', '1');
SELECT 'ticket_price' FROM Screenings;
INSERT INTO "SqlQuery" ("queryId", "userId", "issuedAt", "finishedAt", "hasError", "errorMessage", "statement", "projectId", "queryTypeId")
    VALUES ('477', '13', '2023-06-20 22:05:19.681705', '2023-06-20 22:05:23.681705', 'False', 'None', 'SELECT ticket_price FROM Screenings', '5', '1');
INSERT INTO "QueryColumnAccess" ("queryId", "columnId")
    VALUES ('477', '6');
INSERT INTO "QueryTableAccess" ("queryId", "tableId")
    VALUES ('477', '5');
SELECT 'nationality' FROM Actors;
INSERT INTO "SqlQuery" ("queryId", "userId", "issuedAt", "finishedAt", "hasError", "errorMessage", "statement", "projectId", "queryTypeId")
    VALUES ('478', '9', '2023-04-14 22:05:19.681714', '2023-04-14 22:05:21.681714', 'False', 'None', 'SELECT nationality FROM Actors', '5', '1');
INSERT INTO "QueryColumnAccess" ("queryId", "columnId")
    VALUES ('478', '6');
INSERT INTO "QueryTableAccess" ("queryId", "tableId")
    VALUES ('478', '2');
SELECT 'phone_number' FROM Theaters;
INSERT INTO "SqlQuery" ("queryId", "userId", "issuedAt", "finishedAt", "hasError", "errorMessage", "statement", "projectId", "queryTypeId")
    VALUES ('479', '4', '2023-04-18 22:05:19.681721', '2023-04-18 22:05:20.681721', 'False', 'None', 'SELECT phone_number FROM Theaters', '5', '1');
INSERT INTO "QueryColumnAccess" ("queryId", "columnId")
    VALUES ('479', '5');
INSERT INTO "QueryTableAccess" ("queryId", "tableId")
    VALUES ('479', '4');
SELECT 'gender' FROM Actors;
INSERT INTO "SqlQuery" ("queryId", "userId", "issuedAt", "finishedAt", "hasError", "errorMessage", "statement", "projectId", "queryTypeId")
    VALUES ('480', '3', '2023-05-08 22:05:19.681727', '2023-05-08 22:05:23.681727', 'False', 'None', 'SELECT gender FROM Actors', '5', '1');
INSERT INTO "QueryColumnAccess" ("queryId", "columnId")
    VALUES ('480', '5');
INSERT INTO "QueryTableAccess" ("queryId", "tableId")
    VALUES ('480', '2');
SELECT 'movie_id' FROM Movies;
INSERT INTO "SqlQuery" ("queryId", "userId", "issuedAt", "finishedAt", "hasError", "errorMessage", "statement", "projectId", "queryTypeId")
    VALUES ('481', '7', '2023-06-09 22:05:19.681734', '2023-06-09 22:05:23.681734', 'False', 'None', 'SELECT movie_id FROM Movies', '5', '1');
INSERT INTO "QueryColumnAccess" ("queryId", "columnId")
    VALUES ('481', '1');
INSERT INTO "QueryTableAccess" ("queryId", "tableId")
    VALUES ('481', '1');
SELECT 'first_name' FROM Actors;
INSERT INTO "SqlQuery" ("queryId", "userId", "issuedAt", "finishedAt", "hasError", "errorMessage", "statement", "projectId", "queryTypeId")
    VALUES ('482', '12', '2023-05-04 22:05:19.681740', '2023-05-04 22:05:21.681740', 'False', 'None', 'SELECT first_name FROM Actors', '5', '1');
INSERT INTO "QueryColumnAccess" ("queryId", "columnId")
    VALUES ('482', '2');
INSERT INTO "QueryTableAccess" ("queryId", "tableId")
    VALUES ('482', '2');
SELECT 'movie_id' FROM Screenings;
INSERT INTO "SqlQuery" ("queryId", "userId", "issuedAt", "finishedAt", "hasError", "errorMessage", "statement", "projectId", "queryTypeId")
    VALUES ('483', '15', '2023-07-08 22:05:19.681746', '2023-07-08 22:05:22.681746', 'False', 'None', 'SELECT movie_id FROM Screenings', '5', '1');
INSERT INTO "QueryColumnAccess" ("queryId", "columnId")
    VALUES ('483', '2');
INSERT INTO "QueryTableAccess" ("queryId", "tableId")
    VALUES ('483', '5');
SELECT 'review_id' FROM Reviews;
INSERT INTO "SqlQuery" ("queryId", "userId", "issuedAt", "finishedAt", "hasError", "errorMessage", "statement", "projectId", "queryTypeId")
    VALUES ('484', '15', '2023-06-10 22:05:19.681752', '2023-06-10 22:05:20.681752', 'False', 'None', 'SELECT review_id FROM Reviews', '5', '1');
INSERT INTO "QueryColumnAccess" ("queryId", "columnId")
    VALUES ('484', '1');
INSERT INTO "QueryTableAccess" ("queryId", "tableId")
    VALUES ('484', '3');
SELECT 'actor_id' FROM Actors;
INSERT INTO "SqlQuery" ("queryId", "userId", "issuedAt", "finishedAt", "hasError", "errorMessage", "statement", "projectId", "queryTypeId")
    VALUES ('485', '11', '2023-06-23 22:05:19.681759', '2023-06-23 22:05:20.681759', 'False', 'None', 'SELECT actor_id FROM Actors', '5', '1');
INSERT INTO "QueryColumnAccess" ("queryId", "columnId")
    VALUES ('485', '1');
INSERT INTO "QueryTableAccess" ("queryId", "tableId")
    VALUES ('485', '2');
SELECT 'movie_id' FROM Screenings;
INSERT INTO "SqlQuery" ("queryId", "userId", "issuedAt", "finishedAt", "hasError", "errorMessage", "statement", "projectId", "queryTypeId")
    VALUES ('486', '14', '2023-07-07 22:05:19.681765', '2023-07-07 22:05:20.681765', 'False', 'None', 'SELECT movie_id FROM Screenings', '5', '1');
INSERT INTO "QueryColumnAccess" ("queryId", "columnId")
    VALUES ('486', '2');
INSERT INTO "QueryTableAccess" ("queryId", "tableId")
    VALUES ('486', '5');
SELECT 'title' FROM Movies;
INSERT INTO "SqlQuery" ("queryId", "userId", "issuedAt", "finishedAt", "hasError", "errorMessage", "statement", "projectId", "queryTypeId")
    VALUES ('487', '1', '2023-05-16 22:05:19.681771', '2023-05-16 22:05:20.681771', 'False', 'None', 'SELECT title FROM Movies', '5', '1');
INSERT INTO "QueryColumnAccess" ("queryId", "columnId")
    VALUES ('487', '2');
INSERT INTO "QueryTableAccess" ("queryId", "tableId")
    VALUES ('487', '1');
SELECT 'screening_id' FROM Screenings;
INSERT INTO "SqlQuery" ("queryId", "userId", "issuedAt", "finishedAt", "hasError", "errorMessage", "statement", "projectId", "queryTypeId")
    VALUES ('488', '5', '2023-06-17 22:05:19.681777', '2023-06-17 22:05:20.681777', 'False', 'None', 'SELECT screening_id FROM Screenings', '5', '1');
INSERT INTO "QueryColumnAccess" ("queryId", "columnId")
    VALUES ('488', '1');
INSERT INTO "QueryTableAccess" ("queryId", "tableId")
    VALUES ('488', '5');
SELECT 'rating' FROM Reviews;
INSERT INTO "SqlQuery" ("queryId", "userId", "issuedAt", "finishedAt", "hasError", "errorMessage", "statement", "projectId", "queryTypeId")
    VALUES ('489', '8', '2023-05-18 22:05:19.681784', '2023-05-18 22:05:20.681784', 'False', 'None', 'SELECT rating FROM Reviews', '5', '1');
INSERT INTO "QueryColumnAccess" ("queryId", "columnId")
    VALUES ('489', '4');
INSERT INTO "QueryTableAccess" ("queryId", "tableId")
    VALUES ('489', '3');
SELECT 'phone_number' FROM Theaters;
INSERT INTO "SqlQuery" ("queryId", "userId", "issuedAt", "finishedAt", "hasError", "errorMessage", "statement", "projectId", "queryTypeId")
    VALUES ('490', '4', '2023-05-07 22:05:19.681790', '2023-05-07 22:05:22.681790', 'False', 'None', 'SELECT phone_number FROM Theaters', '5', '1');
INSERT INTO "QueryColumnAccess" ("queryId", "columnId")
    VALUES ('490', '5');
INSERT INTO "QueryTableAccess" ("queryId", "tableId")
    VALUES ('490', '4');
SELECT 'comment' FROM Reviews;
INSERT INTO "SqlQuery" ("queryId", "userId", "issuedAt", "finishedAt", "hasError", "errorMessage", "statement", "projectId", "queryTypeId")
    VALUES ('491', '13', '2023-04-12 22:05:19.681796', '2023-04-12 22:05:22.681796', 'False', 'None', 'SELECT comment FROM Reviews', '5', '1');
INSERT INTO "QueryColumnAccess" ("queryId", "columnId")
    VALUES ('491', '5');
INSERT INTO "QueryTableAccess" ("queryId", "tableId")
    VALUES ('491', '3');
SELECT 'nationality' FROM Actors;
INSERT INTO "SqlQuery" ("queryId", "userId", "issuedAt", "finishedAt", "hasError", "errorMessage", "statement", "projectId", "queryTypeId")
    VALUES ('492', '5', '2023-05-22 22:05:19.681802', '2023-05-22 22:05:21.681802', 'False', 'None', 'SELECT nationality FROM Actors', '5', '1');
INSERT INTO "QueryColumnAccess" ("queryId", "columnId")
    VALUES ('492', '6');
INSERT INTO "QueryTableAccess" ("queryId", "tableId")
    VALUES ('492', '2');
SELECT 'first_name' FROM Actors;
INSERT INTO "SqlQuery" ("queryId", "userId", "issuedAt", "finishedAt", "hasError", "errorMessage", "statement", "projectId", "queryTypeId")
    VALUES ('493', '8', '2023-06-22 22:05:19.681809', '2023-06-22 22:05:22.681809', 'False', 'None', 'SELECT first_name FROM Actors', '5', '1');
INSERT INTO "QueryColumnAccess" ("queryId", "columnId")
    VALUES ('493', '2');
INSERT INTO "QueryTableAccess" ("queryId", "tableId")
    VALUES ('493', '2');
SELECT 'title' FROM Movies;
INSERT INTO "SqlQuery" ("queryId", "userId", "issuedAt", "finishedAt", "hasError", "errorMessage", "statement", "projectId", "queryTypeId")
    VALUES ('494', '6', '2023-05-23 22:05:19.681815', '2023-05-23 22:05:20.681815', 'False', 'None', 'SELECT title FROM Movies', '5', '1');
INSERT INTO "QueryColumnAccess" ("queryId", "columnId")
    VALUES ('494', '2');
INSERT INTO "QueryTableAccess" ("queryId", "tableId")
    VALUES ('494', '1');
SELECT 'user_id' FROM Reviews;
INSERT INTO "SqlQuery" ("queryId", "userId", "issuedAt", "finishedAt", "hasError", "errorMessage", "statement", "projectId", "queryTypeId")
    VALUES ('495', '12', '2023-05-31 22:05:19.681829', '2023-05-31 22:05:20.681829', 'False', 'None', 'SELECT user_id FROM Reviews', '5', '1');
INSERT INTO "QueryColumnAccess" ("queryId", "columnId")
    VALUES ('495', '3');
INSERT INTO "QueryTableAccess" ("queryId", "tableId")
    VALUES ('495', '3');
SELECT 'movie_id' FROM Movies;
INSERT INTO "SqlQuery" ("queryId", "userId", "issuedAt", "finishedAt", "hasError", "errorMessage", "statement", "projectId", "queryTypeId")
    VALUES ('496', '1', '2023-06-07 22:05:19.681836', '2023-06-07 22:05:23.681836', 'False', 'None', 'SELECT movie_id FROM Movies', '5', '1');
INSERT INTO "QueryColumnAccess" ("queryId", "columnId")
    VALUES ('496', '1');
INSERT INTO "QueryTableAccess" ("queryId", "tableId")
    VALUES ('496', '1');
SELECT 'nationality' FROM Actors;
INSERT INTO "SqlQuery" ("queryId", "userId", "issuedAt", "finishedAt", "hasError", "errorMessage", "statement", "projectId", "queryTypeId")
    VALUES ('497', '5', '2023-06-23 22:05:19.681842', '2023-06-23 22:05:22.681842', 'False', 'None', 'SELECT nationality FROM Actors', '5', '1');
INSERT INTO "QueryColumnAccess" ("queryId", "columnId")
    VALUES ('497', '6');
INSERT INTO "QueryTableAccess" ("queryId", "tableId")
    VALUES ('497', '2');
SELECT 'actor_id' FROM Actors;
INSERT INTO "SqlQuery" ("queryId", "userId", "issuedAt", "finishedAt", "hasError", "errorMessage", "statement", "projectId", "queryTypeId")
    VALUES ('498', '12', '2023-06-27 22:05:19.681848', '2023-06-27 22:05:23.681848', 'False', 'None', 'SELECT actor_id FROM Actors', '5', '1');
INSERT INTO "QueryColumnAccess" ("queryId", "columnId")
    VALUES ('498', '1');
INSERT INTO "QueryTableAccess" ("queryId", "tableId")
    VALUES ('498', '2');
SELECT 'movie_id' FROM Reviews;
INSERT INTO "SqlQuery" ("queryId", "userId", "issuedAt", "finishedAt", "hasError", "errorMessage", "statement", "projectId", "queryTypeId")
    VALUES ('499', '3', '2023-05-13 22:05:19.681854', '2023-05-13 22:05:21.681854', 'False', 'None', 'SELECT movie_id FROM Reviews', '5', '1');
INSERT INTO "QueryColumnAccess" ("queryId", "columnId")
    VALUES ('499', '2');
INSERT INTO "QueryTableAccess" ("queryId", "tableId")
    VALUES ('499', '3');
SELECT 'review_id' FROM Reviews;
INSERT INTO "SqlQuery" ("queryId", "userId", "issuedAt", "finishedAt", "hasError", "errorMessage", "statement", "projectId", "queryTypeId")
    VALUES ('500', '6', '2023-05-05 22:05:19.681860', '2023-05-05 22:05:21.681860', 'False', 'None', 'SELECT review_id FROM Reviews', '5', '1');
INSERT INTO "QueryColumnAccess" ("queryId", "columnId")
    VALUES ('500', '1');
INSERT INTO "QueryTableAccess" ("queryId", "tableId")
    VALUES ('500', '3');
SELECT 'capacity' FROM Theaters;
INSERT INTO "SqlQuery" ("queryId", "userId", "issuedAt", "finishedAt", "hasError", "errorMessage", "statement", "projectId", "queryTypeId")
    VALUES ('501', '3', '2023-06-30 22:05:19.681867', '2023-06-30 22:05:23.681867', 'False', 'None', 'SELECT capacity FROM Theaters', '5', '1');
INSERT INTO "QueryColumnAccess" ("queryId", "columnId")
    VALUES ('501', '4');
INSERT INTO "QueryTableAccess" ("queryId", "tableId")
    VALUES ('501', '4');
SELECT 'start_time' FROM Screenings;
INSERT INTO "SqlQuery" ("queryId", "userId", "issuedAt", "finishedAt", "hasError", "errorMessage", "statement", "projectId", "queryTypeId")
    VALUES ('502', '7', '2023-06-29 22:05:19.681873', '2023-06-29 22:05:22.681873', 'False', 'None', 'SELECT start_time FROM Screenings', '5', '1');
INSERT INTO "QueryColumnAccess" ("queryId", "columnId")
    VALUES ('502', '4');
INSERT INTO "QueryTableAccess" ("queryId", "tableId")
    VALUES ('502', '5');
SELECT 'genre' FROM Movies;
INSERT INTO "SqlQuery" ("queryId", "userId", "issuedAt", "finishedAt", "hasError", "errorMessage", "statement", "projectId", "queryTypeId")
    VALUES ('503', '13', '2023-06-07 22:05:19.681879', '2023-06-07 22:05:22.681879', 'False', 'None', 'SELECT genre FROM Movies', '5', '1');
INSERT INTO "QueryColumnAccess" ("queryId", "columnId")
    VALUES ('503', '4');
INSERT INTO "QueryTableAccess" ("queryId", "tableId")
    VALUES ('503', '1');
SELECT 'capacity' FROM Theaters;
INSERT INTO "SqlQuery" ("queryId", "userId", "issuedAt", "finishedAt", "hasError", "errorMessage", "statement", "projectId", "queryTypeId")
    VALUES ('504', '14', '2023-07-06 22:05:19.681885', '2023-07-06 22:05:22.681885', 'False', 'None', 'SELECT capacity FROM Theaters', '5', '1');
INSERT INTO "QueryColumnAccess" ("queryId", "columnId")
    VALUES ('504', '4');
INSERT INTO "QueryTableAccess" ("queryId", "tableId")
    VALUES ('504', '4');
SELECT 'theater_name' FROM Theaters;
INSERT INTO "SqlQuery" ("queryId", "userId", "issuedAt", "finishedAt", "hasError", "errorMessage", "statement", "projectId", "queryTypeId")
    VALUES ('505', '1', '2023-06-24 22:05:19.681892', '2023-06-24 22:05:21.681892', 'False', 'None', 'SELECT theater_name FROM Theaters', '5', '1');
INSERT INTO "QueryColumnAccess" ("queryId", "columnId")
    VALUES ('505', '2');
INSERT INTO "QueryTableAccess" ("queryId", "tableId")
    VALUES ('505', '4');
SELECT 'review_date' FROM Reviews;
INSERT INTO "SqlQuery" ("queryId", "userId", "issuedAt", "finishedAt", "hasError", "errorMessage", "statement", "projectId", "queryTypeId")
    VALUES ('506', '15', '2023-05-04 22:05:19.681898', '2023-05-04 22:05:22.681898', 'False', 'None', 'SELECT review_date FROM Reviews', '5', '1');
INSERT INTO "QueryColumnAccess" ("queryId", "columnId")
    VALUES ('506', '6');
INSERT INTO "QueryTableAccess" ("queryId", "tableId")
    VALUES ('506', '3');
SELECT 'genre' FROM Movies;
INSERT INTO "SqlQuery" ("queryId", "userId", "issuedAt", "finishedAt", "hasError", "errorMessage", "statement", "projectId", "queryTypeId")
    VALUES ('507', '13', '2023-05-16 22:05:19.681904', '2023-05-16 22:05:21.681904', 'False', 'None', 'SELECT genre FROM Movies', '5', '1');
INSERT INTO "QueryColumnAccess" ("queryId", "columnId")
    VALUES ('507', '4');
INSERT INTO "QueryTableAccess" ("queryId", "tableId")
    VALUES ('507', '1');
SELECT 'rating' FROM Movies;
INSERT INTO "SqlQuery" ("queryId", "userId", "issuedAt", "finishedAt", "hasError", "errorMessage", "statement", "projectId", "queryTypeId")
    VALUES ('508', '3', '2023-05-18 22:05:19.681911', '2023-05-18 22:05:22.681911', 'False', 'None', 'SELECT rating FROM Movies', '5', '1');
INSERT INTO "QueryColumnAccess" ("queryId", "columnId")
    VALUES ('508', '7');
INSERT INTO "QueryTableAccess" ("queryId", "tableId")
    VALUES ('508', '1');
SELECT 'theater_id' FROM Theaters;
INSERT INTO "SqlQuery" ("queryId", "userId", "issuedAt", "finishedAt", "hasError", "errorMessage", "statement", "projectId", "queryTypeId")
    VALUES ('509', '10', '2023-05-01 22:05:19.681917', '2023-05-01 22:05:22.681917', 'False', 'None', 'SELECT theater_id FROM Theaters', '5', '1');
INSERT INTO "QueryColumnAccess" ("queryId", "columnId")
    VALUES ('509', '1');
INSERT INTO "QueryTableAccess" ("queryId", "tableId")
    VALUES ('509', '4');
SELECT 'movie_id' FROM Screenings;
INSERT INTO "SqlQuery" ("queryId", "userId", "issuedAt", "finishedAt", "hasError", "errorMessage", "statement", "projectId", "queryTypeId")
    VALUES ('510', '10', '2023-06-27 22:05:19.681923', '2023-06-27 22:05:23.681923', 'False', 'None', 'SELECT movie_id FROM Screenings', '5', '1');
INSERT INTO "QueryColumnAccess" ("queryId", "columnId")
    VALUES ('510', '2');
INSERT INTO "QueryTableAccess" ("queryId", "tableId")
    VALUES ('510', '5');
SELECT 'rating' FROM Reviews;
INSERT INTO "SqlQuery" ("queryId", "userId", "issuedAt", "finishedAt", "hasError", "errorMessage", "statement", "projectId", "queryTypeId")
    VALUES ('511', '10', '2023-05-06 22:05:19.681929', '2023-05-06 22:05:20.681929', 'False', 'None', 'SELECT rating FROM Reviews', '5', '1');
INSERT INTO "QueryColumnAccess" ("queryId", "columnId")
    VALUES ('511', '4');
INSERT INTO "QueryTableAccess" ("queryId", "tableId")
    VALUES ('511', '3');
SELECT 'capacity' FROM Theaters;
INSERT INTO "SqlQuery" ("queryId", "userId", "issuedAt", "finishedAt", "hasError", "errorMessage", "statement", "projectId", "queryTypeId")
    VALUES ('512', '7', '2023-04-30 22:05:19.681939', '2023-04-30 22:05:20.681939', 'False', 'None', 'SELECT capacity FROM Theaters', '5', '1');
INSERT INTO "QueryColumnAccess" ("queryId", "columnId")
    VALUES ('512', '4');
INSERT INTO "QueryTableAccess" ("queryId", "tableId")
    VALUES ('512', '4');
SELECT 'location' FROM Theaters;
INSERT INTO "SqlQuery" ("queryId", "userId", "issuedAt", "finishedAt", "hasError", "errorMessage", "statement", "projectId", "queryTypeId")
    VALUES ('513', '13', '2023-04-22 22:05:19.681946', '2023-04-22 22:05:22.681946', 'False', 'None', 'SELECT location FROM Theaters', '5', '1');
INSERT INTO "QueryColumnAccess" ("queryId", "columnId")
    VALUES ('513', '3');
INSERT INTO "QueryTableAccess" ("queryId", "tableId")
    VALUES ('513', '4');
SELECT 'theater_name' FROM Theaters;
INSERT INTO "SqlQuery" ("queryId", "userId", "issuedAt", "finishedAt", "hasError", "errorMessage", "statement", "projectId", "queryTypeId")
    VALUES ('514', '10', '2023-04-19 22:05:19.681953', '2023-04-19 22:05:22.681953', 'False', 'None', 'SELECT theater_name FROM Theaters', '5', '1');
INSERT INTO "QueryColumnAccess" ("queryId", "columnId")
    VALUES ('514', '2');
INSERT INTO "QueryTableAccess" ("queryId", "tableId")
    VALUES ('514', '4');
SELECT 'start_time' FROM Screenings;
INSERT INTO "SqlQuery" ("queryId", "userId", "issuedAt", "finishedAt", "hasError", "errorMessage", "statement", "projectId", "queryTypeId")
    VALUES ('515', '9', '2023-05-15 22:05:19.681959', '2023-05-15 22:05:21.681959', 'False', 'None', 'SELECT start_time FROM Screenings', '5', '1');
INSERT INTO "QueryColumnAccess" ("queryId", "columnId")
    VALUES ('515', '4');
INSERT INTO "QueryTableAccess" ("queryId", "tableId")
    VALUES ('515', '5');
SELECT 'title' FROM Movies;
INSERT INTO "SqlQuery" ("queryId", "userId", "issuedAt", "finishedAt", "hasError", "errorMessage", "statement", "projectId", "queryTypeId")
    VALUES ('516', '4', '2023-06-10 22:05:19.681966', '2023-06-10 22:05:21.681966', 'False', 'None', 'SELECT title FROM Movies', '5', '1');
INSERT INTO "QueryColumnAccess" ("queryId", "columnId")
    VALUES ('516', '2');
INSERT INTO "QueryTableAccess" ("queryId", "tableId")
    VALUES ('516', '1');
SELECT 'end_time' FROM Screenings;
INSERT INTO "SqlQuery" ("queryId", "userId", "issuedAt", "finishedAt", "hasError", "errorMessage", "statement", "projectId", "queryTypeId")
    VALUES ('517', '4', '2023-05-26 22:05:19.681972', '2023-05-26 22:05:22.681972', 'False', 'None', 'SELECT end_time FROM Screenings', '5', '1');
INSERT INTO "QueryColumnAccess" ("queryId", "columnId")
    VALUES ('517', '5');
INSERT INTO "QueryTableAccess" ("queryId", "tableId")
    VALUES ('517', '5');
SELECT 'duration' FROM Movies;
INSERT INTO "SqlQuery" ("queryId", "userId", "issuedAt", "finishedAt", "hasError", "errorMessage", "statement", "projectId", "queryTypeId")
    VALUES ('518', '4', '2023-04-27 22:05:19.681978', '2023-04-27 22:05:21.681978', 'False', 'None', 'SELECT duration FROM Movies', '5', '1');
INSERT INTO "QueryColumnAccess" ("queryId", "columnId")
    VALUES ('518', '6');
INSERT INTO "QueryTableAccess" ("queryId", "tableId")
    VALUES ('518', '1');
SELECT 'gender' FROM Actors;
INSERT INTO "SqlQuery" ("queryId", "userId", "issuedAt", "finishedAt", "hasError", "errorMessage", "statement", "projectId", "queryTypeId")
    VALUES ('519', '15', '2023-04-24 22:05:19.681985', '2023-04-24 22:05:23.681985', 'False', 'None', 'SELECT gender FROM Actors', '5', '1');
INSERT INTO "QueryColumnAccess" ("queryId", "columnId")
    VALUES ('519', '5');
INSERT INTO "QueryTableAccess" ("queryId", "tableId")
    VALUES ('519', '2');
SELECT 'rating' FROM Reviews;
INSERT INTO "SqlQuery" ("queryId", "userId", "issuedAt", "finishedAt", "hasError", "errorMessage", "statement", "projectId", "queryTypeId")
    VALUES ('520', '6', '2023-05-24 22:05:19.681991', '2023-05-24 22:05:21.681991', 'False', 'None', 'SELECT rating FROM Reviews', '5', '1');
INSERT INTO "QueryColumnAccess" ("queryId", "columnId")
    VALUES ('520', '4');
INSERT INTO "QueryTableAccess" ("queryId", "tableId")
    VALUES ('520', '3');
SELECT 'location' FROM Theaters;
INSERT INTO "SqlQuery" ("queryId", "userId", "issuedAt", "finishedAt", "hasError", "errorMessage", "statement", "projectId", "queryTypeId")
    VALUES ('521', '15', '2023-04-25 22:05:19.681997', '2023-04-25 22:05:23.681997', 'False', 'None', 'SELECT location FROM Theaters', '5', '1');
INSERT INTO "QueryColumnAccess" ("queryId", "columnId")
    VALUES ('521', '3');
INSERT INTO "QueryTableAccess" ("queryId", "tableId")
    VALUES ('521', '4');
SELECT 'review_date' FROM Reviews;
INSERT INTO "SqlQuery" ("queryId", "userId", "issuedAt", "finishedAt", "hasError", "errorMessage", "statement", "projectId", "queryTypeId")
    VALUES ('522', '15', '2023-06-06 22:05:19.682003', '2023-06-06 22:05:23.682003', 'False', 'None', 'SELECT review_date FROM Reviews', '5', '1');
INSERT INTO "QueryColumnAccess" ("queryId", "columnId")
    VALUES ('522', '6');
INSERT INTO "QueryTableAccess" ("queryId", "tableId")
    VALUES ('522', '3');
SELECT 'location' FROM Theaters;
INSERT INTO "SqlQuery" ("queryId", "userId", "issuedAt", "finishedAt", "hasError", "errorMessage", "statement", "projectId", "queryTypeId")
    VALUES ('523', '2', '2023-06-29 22:05:19.682009', '2023-06-29 22:05:21.682009', 'False', 'None', 'SELECT location FROM Theaters', '5', '1');
INSERT INTO "QueryColumnAccess" ("queryId", "columnId")
    VALUES ('523', '3');
INSERT INTO "QueryTableAccess" ("queryId", "tableId")
    VALUES ('523', '4');
SELECT 'duration' FROM Movies;
INSERT INTO "SqlQuery" ("queryId", "userId", "issuedAt", "finishedAt", "hasError", "errorMessage", "statement", "projectId", "queryTypeId")
    VALUES ('524', '6', '2023-06-24 22:05:19.682016', '2023-06-24 22:05:23.682016', 'False', 'None', 'SELECT duration FROM Movies', '5', '1');
INSERT INTO "QueryColumnAccess" ("queryId", "columnId")
    VALUES ('524', '6');
INSERT INTO "QueryTableAccess" ("queryId", "tableId")
    VALUES ('524', '1');
SELECT 'phone_number' FROM Theaters;
INSERT INTO "SqlQuery" ("queryId", "userId", "issuedAt", "finishedAt", "hasError", "errorMessage", "statement", "projectId", "queryTypeId")
    VALUES ('525', '13', '2023-06-29 22:05:19.682022', '2023-06-29 22:05:20.682022', 'False', 'None', 'SELECT phone_number FROM Theaters', '5', '1');
INSERT INTO "QueryColumnAccess" ("queryId", "columnId")
    VALUES ('525', '5');
INSERT INTO "QueryTableAccess" ("queryId", "tableId")
    VALUES ('525', '4');
SELECT 'screening_id' FROM Screenings;
INSERT INTO "SqlQuery" ("queryId", "userId", "issuedAt", "finishedAt", "hasError", "errorMessage", "statement", "projectId", "queryTypeId")
    VALUES ('526', '11', '2023-07-09 22:05:19.682028', '2023-07-09 22:05:20.682028', 'False', 'None', 'SELECT screening_id FROM Screenings', '5', '1');
INSERT INTO "QueryColumnAccess" ("queryId", "columnId")
    VALUES ('526', '1');
INSERT INTO "QueryTableAccess" ("queryId", "tableId")
    VALUES ('526', '5');
SELECT 'end_time' FROM Screenings;
INSERT INTO "SqlQuery" ("queryId", "userId", "issuedAt", "finishedAt", "hasError", "errorMessage", "statement", "projectId", "queryTypeId")
    VALUES ('527', '8', '2023-04-17 22:05:19.682034', '2023-04-17 22:05:21.682034', 'False', 'None', 'SELECT end_time FROM Screenings', '5', '1');
INSERT INTO "QueryColumnAccess" ("queryId", "columnId")
    VALUES ('527', '5');
INSERT INTO "QueryTableAccess" ("queryId", "tableId")
    VALUES ('527', '5');
SELECT 'movie_id' FROM Reviews;
INSERT INTO "SqlQuery" ("queryId", "userId", "issuedAt", "finishedAt", "hasError", "errorMessage", "statement", "projectId", "queryTypeId")
    VALUES ('528', '11', '2023-05-01 22:05:19.682040', '2023-05-01 22:05:20.682040', 'False', 'None', 'SELECT movie_id FROM Reviews', '5', '1');
INSERT INTO "QueryColumnAccess" ("queryId", "columnId")
    VALUES ('528', '2');
INSERT INTO "QueryTableAccess" ("queryId", "tableId")
    VALUES ('528', '3');
SELECT 'screening_id' FROM Screenings;
INSERT INTO "SqlQuery" ("queryId", "userId", "issuedAt", "finishedAt", "hasError", "errorMessage", "statement", "projectId", "queryTypeId")
    VALUES ('529', '12', '2023-04-23 22:05:19.682056', '2023-04-23 22:05:23.682056', 'False', 'None', 'SELECT screening_id FROM Screenings', '5', '1');
INSERT INTO "QueryColumnAccess" ("queryId", "columnId")
    VALUES ('529', '1');
INSERT INTO "QueryTableAccess" ("queryId", "tableId")
    VALUES ('529', '5');
SELECT 'actor_id' FROM Actors;
INSERT INTO "SqlQuery" ("queryId", "userId", "issuedAt", "finishedAt", "hasError", "errorMessage", "statement", "projectId", "queryTypeId")
    VALUES ('530', '14', '2023-04-25 22:05:19.682062', '2023-04-25 22:05:23.682062', 'False', 'None', 'SELECT actor_id FROM Actors', '5', '1');
INSERT INTO "QueryColumnAccess" ("queryId", "columnId")
    VALUES ('530', '1');
INSERT INTO "QueryTableAccess" ("queryId", "tableId")
    VALUES ('530', '2');
SELECT 'end_time' FROM Screenings;
INSERT INTO "SqlQuery" ("queryId", "userId", "issuedAt", "finishedAt", "hasError", "errorMessage", "statement", "projectId", "queryTypeId")
    VALUES ('531', '6', '2023-07-07 22:05:19.682068', '2023-07-07 22:05:22.682068', 'False', 'None', 'SELECT end_time FROM Screenings', '5', '1');
INSERT INTO "QueryColumnAccess" ("queryId", "columnId")
    VALUES ('531', '5');
INSERT INTO "QueryTableAccess" ("queryId", "tableId")
    VALUES ('531', '5');
SELECT 'director' FROM Movies;
INSERT INTO "SqlQuery" ("queryId", "userId", "issuedAt", "finishedAt", "hasError", "errorMessage", "statement", "projectId", "queryTypeId")
    VALUES ('532', '15', '2023-05-22 22:05:19.682074', '2023-05-22 22:05:23.682074', 'False', 'None', 'SELECT director FROM Movies', '5', '1');
INSERT INTO "QueryColumnAccess" ("queryId", "columnId")
    VALUES ('532', '5');
INSERT INTO "QueryTableAccess" ("queryId", "tableId")
    VALUES ('532', '1');
SELECT 'rating' FROM Reviews;
INSERT INTO "SqlQuery" ("queryId", "userId", "issuedAt", "finishedAt", "hasError", "errorMessage", "statement", "projectId", "queryTypeId")
    VALUES ('533', '8', '2023-04-25 22:05:19.682081', '2023-04-25 22:05:21.682081', 'False', 'None', 'SELECT rating FROM Reviews', '5', '1');
INSERT INTO "QueryColumnAccess" ("queryId", "columnId")
    VALUES ('533', '4');
INSERT INTO "QueryTableAccess" ("queryId", "tableId")
    VALUES ('533', '3');
SELECT 'user_id' FROM Reviews;
INSERT INTO "SqlQuery" ("queryId", "userId", "issuedAt", "finishedAt", "hasError", "errorMessage", "statement", "projectId", "queryTypeId")
    VALUES ('534', '9', '2023-05-14 22:05:19.682087', '2023-05-14 22:05:21.682087', 'False', 'None', 'SELECT user_id FROM Reviews', '5', '1');
INSERT INTO "QueryColumnAccess" ("queryId", "columnId")
    VALUES ('534', '3');
INSERT INTO "QueryTableAccess" ("queryId", "tableId")
    VALUES ('534', '3');
SELECT 'ticket_price' FROM Screenings;
INSERT INTO "SqlQuery" ("queryId", "userId", "issuedAt", "finishedAt", "hasError", "errorMessage", "statement", "projectId", "queryTypeId")
    VALUES ('535', '8', '2023-06-04 22:05:19.682093', '2023-06-04 22:05:21.682093', 'False', 'None', 'SELECT ticket_price FROM Screenings', '5', '1');
INSERT INTO "QueryColumnAccess" ("queryId", "columnId")
    VALUES ('535', '6');
INSERT INTO "QueryTableAccess" ("queryId", "tableId")
    VALUES ('535', '5');
SELECT 'end_time' FROM Screenings;
INSERT INTO "SqlQuery" ("queryId", "userId", "issuedAt", "finishedAt", "hasError", "errorMessage", "statement", "projectId", "queryTypeId")
    VALUES ('536', '15', '2023-06-13 22:05:19.682099', '2023-06-13 22:05:23.682099', 'False', 'None', 'SELECT end_time FROM Screenings', '5', '1');
INSERT INTO "QueryColumnAccess" ("queryId", "columnId")
    VALUES ('536', '5');
INSERT INTO "QueryTableAccess" ("queryId", "tableId")
    VALUES ('536', '5');
SELECT 'screening_id' FROM Screenings;
INSERT INTO "SqlQuery" ("queryId", "userId", "issuedAt", "finishedAt", "hasError", "errorMessage", "statement", "projectId", "queryTypeId")
    VALUES ('537', '13', '2023-07-05 22:05:19.682106', '2023-07-05 22:05:22.682106', 'False', 'None', 'SELECT screening_id FROM Screenings', '5', '1');
INSERT INTO "QueryColumnAccess" ("queryId", "columnId")
    VALUES ('537', '1');
INSERT INTO "QueryTableAccess" ("queryId", "tableId")
    VALUES ('537', '5');
SELECT 'actor_id' FROM Actors;
INSERT INTO "SqlQuery" ("queryId", "userId", "issuedAt", "finishedAt", "hasError", "errorMessage", "statement", "projectId", "queryTypeId")
    VALUES ('538', '14', '2023-06-23 22:05:19.682112', '2023-06-23 22:05:22.682112', 'False', 'None', 'SELECT actor_id FROM Actors', '5', '1');
INSERT INTO "QueryColumnAccess" ("queryId", "columnId")
    VALUES ('538', '1');
INSERT INTO "QueryTableAccess" ("queryId", "tableId")
    VALUES ('538', '2');
SELECT 'nationality' FROM Actors;
INSERT INTO "SqlQuery" ("queryId", "userId", "issuedAt", "finishedAt", "hasError", "errorMessage", "statement", "projectId", "queryTypeId")
    VALUES ('539', '8', '2023-04-11 22:05:19.682118', '2023-04-11 22:05:23.682118', 'False', 'None', 'SELECT nationality FROM Actors', '5', '1');
INSERT INTO "QueryColumnAccess" ("queryId", "columnId")
    VALUES ('539', '6');
INSERT INTO "QueryTableAccess" ("queryId", "tableId")
    VALUES ('539', '2');
SELECT 'nationality' FROM Actors;
INSERT INTO "SqlQuery" ("queryId", "userId", "issuedAt", "finishedAt", "hasError", "errorMessage", "statement", "projectId", "queryTypeId")
    VALUES ('540', '11', '2023-05-30 22:05:19.682124', '2023-05-30 22:05:23.682124', 'False', 'None', 'SELECT nationality FROM Actors', '5', '1');
INSERT INTO "QueryColumnAccess" ("queryId", "columnId")
    VALUES ('540', '6');
INSERT INTO "QueryTableAccess" ("queryId", "tableId")
    VALUES ('540', '2');
SELECT 'actor_id' FROM Actors;
INSERT INTO "SqlQuery" ("queryId", "userId", "issuedAt", "finishedAt", "hasError", "errorMessage", "statement", "projectId", "queryTypeId")
    VALUES ('541', '4', '2023-06-20 22:05:19.682131', '2023-06-20 22:05:21.682131', 'False', 'None', 'SELECT actor_id FROM Actors', '5', '1');
INSERT INTO "QueryColumnAccess" ("queryId", "columnId")
    VALUES ('541', '1');
INSERT INTO "QueryTableAccess" ("queryId", "tableId")
    VALUES ('541', '2');
SELECT 'last_name' FROM Actors;
INSERT INTO "SqlQuery" ("queryId", "userId", "issuedAt", "finishedAt", "hasError", "errorMessage", "statement", "projectId", "queryTypeId")
    VALUES ('542', '3', '2023-05-21 22:05:19.682137', '2023-05-21 22:05:21.682137', 'False', 'None', 'SELECT last_name FROM Actors', '5', '1');
INSERT INTO "QueryColumnAccess" ("queryId", "columnId")
    VALUES ('542', '3');
INSERT INTO "QueryTableAccess" ("queryId", "tableId")
    VALUES ('542', '2');
SELECT 'first_name' FROM Actors;
INSERT INTO "SqlQuery" ("queryId", "userId", "issuedAt", "finishedAt", "hasError", "errorMessage", "statement", "projectId", "queryTypeId")
    VALUES ('543', '3', '2023-06-28 22:05:19.682143', '2023-06-28 22:05:23.682143', 'False', 'None', 'SELECT first_name FROM Actors', '5', '1');
INSERT INTO "QueryColumnAccess" ("queryId", "columnId")
    VALUES ('543', '2');
INSERT INTO "QueryTableAccess" ("queryId", "tableId")
    VALUES ('543', '2');
SELECT 'review_date' FROM Reviews;
INSERT INTO "SqlQuery" ("queryId", "userId", "issuedAt", "finishedAt", "hasError", "errorMessage", "statement", "projectId", "queryTypeId")
    VALUES ('544', '15', '2023-04-26 22:05:19.682149', '2023-04-26 22:05:21.682149', 'False', 'None', 'SELECT review_date FROM Reviews', '5', '1');
INSERT INTO "QueryColumnAccess" ("queryId", "columnId")
    VALUES ('544', '6');
INSERT INTO "QueryTableAccess" ("queryId", "tableId")
    VALUES ('544', '3');
SELECT 'ticket_price' FROM Screenings;
INSERT INTO "SqlQuery" ("queryId", "userId", "issuedAt", "finishedAt", "hasError", "errorMessage", "statement", "projectId", "queryTypeId")
    VALUES ('545', '7', '2023-05-29 22:05:19.682156', '2023-05-29 22:05:21.682156', 'False', 'None', 'SELECT ticket_price FROM Screenings', '5', '1');
INSERT INTO "QueryColumnAccess" ("queryId", "columnId")
    VALUES ('545', '6');
INSERT INTO "QueryTableAccess" ("queryId", "tableId")
    VALUES ('545', '5');
SELECT 'theater_id' FROM Theaters;
INSERT INTO "SqlQuery" ("queryId", "userId", "issuedAt", "finishedAt", "hasError", "errorMessage", "statement", "projectId", "queryTypeId")
    VALUES ('546', '9', '2023-05-05 22:05:19.682165', '2023-05-05 22:05:23.682165', 'False', 'None', 'SELECT theater_id FROM Theaters', '5', '1');
INSERT INTO "QueryColumnAccess" ("queryId", "columnId")
    VALUES ('546', '1');
INSERT INTO "QueryTableAccess" ("queryId", "tableId")
    VALUES ('546', '4');
SELECT 'theater_id' FROM Screenings;
INSERT INTO "SqlQuery" ("queryId", "userId", "issuedAt", "finishedAt", "hasError", "errorMessage", "statement", "projectId", "queryTypeId")
    VALUES ('547', '10', '2023-05-21 22:05:19.682172', '2023-05-21 22:05:23.682172', 'False', 'None', 'SELECT theater_id FROM Screenings', '5', '1');
INSERT INTO "QueryColumnAccess" ("queryId", "columnId")
    VALUES ('547', '3');
INSERT INTO "QueryTableAccess" ("queryId", "tableId")
    VALUES ('547', '5');
SELECT 'capacity' FROM Theaters;
INSERT INTO "SqlQuery" ("queryId", "userId", "issuedAt", "finishedAt", "hasError", "errorMessage", "statement", "projectId", "queryTypeId")
    VALUES ('548', '10', '2023-07-09 22:05:19.682178', '2023-07-09 22:05:22.682178', 'False', 'None', 'SELECT capacity FROM Theaters', '5', '1');
INSERT INTO "QueryColumnAccess" ("queryId", "columnId")
    VALUES ('548', '4');
INSERT INTO "QueryTableAccess" ("queryId", "tableId")
    VALUES ('548', '4');
SELECT 'gender' FROM Actors;
INSERT INTO "SqlQuery" ("queryId", "userId", "issuedAt", "finishedAt", "hasError", "errorMessage", "statement", "projectId", "queryTypeId")
    VALUES ('549', '6', '2023-07-05 22:05:19.682185', '2023-07-05 22:05:22.682185', 'False', 'None', 'SELECT gender FROM Actors', '5', '1');
INSERT INTO "QueryColumnAccess" ("queryId", "columnId")
    VALUES ('549', '5');
INSERT INTO "QueryTableAccess" ("queryId", "tableId")
    VALUES ('549', '2');
SELECT 'gender' FROM Actors;
INSERT INTO "SqlQuery" ("queryId", "userId", "issuedAt", "finishedAt", "hasError", "errorMessage", "statement", "projectId", "queryTypeId")
    VALUES ('550', '1', '2023-05-28 22:05:19.682191', '2023-05-28 22:05:20.682191', 'False', 'None', 'SELECT gender FROM Actors', '5', '1');
INSERT INTO "QueryColumnAccess" ("queryId", "columnId")
    VALUES ('550', '5');
INSERT INTO "QueryTableAccess" ("queryId", "tableId")
    VALUES ('550', '2');
SELECT 'movie_id' FROM Screenings;
INSERT INTO "SqlQuery" ("queryId", "userId", "issuedAt", "finishedAt", "hasError", "errorMessage", "statement", "projectId", "queryTypeId")
    VALUES ('551', '1', '2023-06-19 22:05:19.682198', '2023-06-19 22:05:20.682198', 'False', 'None', 'SELECT movie_id FROM Screenings', '5', '1');
INSERT INTO "QueryColumnAccess" ("queryId", "columnId")
    VALUES ('551', '2');
INSERT INTO "QueryTableAccess" ("queryId", "tableId")
    VALUES ('551', '5');
SELECT 'capacity' FROM Theaters;
INSERT INTO "SqlQuery" ("queryId", "userId", "issuedAt", "finishedAt", "hasError", "errorMessage", "statement", "projectId", "queryTypeId")
    VALUES ('552', '13', '2023-06-27 22:05:19.682204', '2023-06-27 22:05:20.682204', 'False', 'None', 'SELECT capacity FROM Theaters', '5', '1');
INSERT INTO "QueryColumnAccess" ("queryId", "columnId")
    VALUES ('552', '4');
INSERT INTO "QueryTableAccess" ("queryId", "tableId")
    VALUES ('552', '4');
SELECT 'gender' FROM Actors;
INSERT INTO "SqlQuery" ("queryId", "userId", "issuedAt", "finishedAt", "hasError", "errorMessage", "statement", "projectId", "queryTypeId")
    VALUES ('553', '14', '2023-05-21 22:05:19.682210', '2023-05-21 22:05:20.682210', 'False', 'None', 'SELECT gender FROM Actors', '5', '1');
INSERT INTO "QueryColumnAccess" ("queryId", "columnId")
    VALUES ('553', '5');
INSERT INTO "QueryTableAccess" ("queryId", "tableId")
    VALUES ('553', '2');
SELECT 'movie_id' FROM Reviews;
INSERT INTO "SqlQuery" ("queryId", "userId", "issuedAt", "finishedAt", "hasError", "errorMessage", "statement", "projectId", "queryTypeId")
    VALUES ('554', '13', '2023-06-09 22:05:19.682216', '2023-06-09 22:05:20.682216', 'False', 'None', 'SELECT movie_id FROM Reviews', '5', '1');
INSERT INTO "QueryColumnAccess" ("queryId", "columnId")
    VALUES ('554', '2');
INSERT INTO "QueryTableAccess" ("queryId", "tableId")
    VALUES ('554', '3');
SELECT 'movie_id' FROM Reviews;
INSERT INTO "SqlQuery" ("queryId", "userId", "issuedAt", "finishedAt", "hasError", "errorMessage", "statement", "projectId", "queryTypeId")
    VALUES ('555', '1', '2023-05-04 22:05:19.682223', '2023-05-04 22:05:23.682223', 'False', 'None', 'SELECT movie_id FROM Reviews', '5', '1');
INSERT INTO "QueryColumnAccess" ("queryId", "columnId")
    VALUES ('555', '2');
INSERT INTO "QueryTableAccess" ("queryId", "tableId")
    VALUES ('555', '3');
SELECT 'date_of_birth' FROM Actors;
INSERT INTO "SqlQuery" ("queryId", "userId", "issuedAt", "finishedAt", "hasError", "errorMessage", "statement", "projectId", "queryTypeId")
    VALUES ('556', '15', '2023-07-05 22:05:19.682229', '2023-07-05 22:05:22.682229', 'False', 'None', 'SELECT date_of_birth FROM Actors', '5', '1');
INSERT INTO "QueryColumnAccess" ("queryId", "columnId")
    VALUES ('556', '4');
INSERT INTO "QueryTableAccess" ("queryId", "tableId")
    VALUES ('556', '2');
SELECT 'theater_id' FROM Theaters;
INSERT INTO "SqlQuery" ("queryId", "userId", "issuedAt", "finishedAt", "hasError", "errorMessage", "statement", "projectId", "queryTypeId")
    VALUES ('557', '3', '2023-06-15 22:05:19.682235', '2023-06-15 22:05:22.682235', 'False', 'None', 'SELECT theater_id FROM Theaters', '5', '1');
INSERT INTO "QueryColumnAccess" ("queryId", "columnId")
    VALUES ('557', '1');
INSERT INTO "QueryTableAccess" ("queryId", "tableId")
    VALUES ('557', '4');
SELECT 'ticket_price' FROM Screenings;
INSERT INTO "SqlQuery" ("queryId", "userId", "issuedAt", "finishedAt", "hasError", "errorMessage", "statement", "projectId", "queryTypeId")
    VALUES ('558', '1', '2023-05-31 22:05:19.682241', '2023-05-31 22:05:22.682241', 'False', 'None', 'SELECT ticket_price FROM Screenings', '5', '1');
INSERT INTO "QueryColumnAccess" ("queryId", "columnId")
    VALUES ('558', '6');
INSERT INTO "QueryTableAccess" ("queryId", "tableId")
    VALUES ('558', '5');
SELECT 'rating' FROM Reviews;
INSERT INTO "SqlQuery" ("queryId", "userId", "issuedAt", "finishedAt", "hasError", "errorMessage", "statement", "projectId", "queryTypeId")
    VALUES ('559', '9', '2023-06-21 22:05:19.682247', '2023-06-21 22:05:21.682247', 'False', 'None', 'SELECT rating FROM Reviews', '5', '1');
INSERT INTO "QueryColumnAccess" ("queryId", "columnId")
    VALUES ('559', '4');
INSERT INTO "QueryTableAccess" ("queryId", "tableId")
    VALUES ('559', '3');
SELECT 'rating' FROM Reviews;
INSERT INTO "SqlQuery" ("queryId", "userId", "issuedAt", "finishedAt", "hasError", "errorMessage", "statement", "projectId", "queryTypeId")
    VALUES ('560', '6', '2023-05-17 22:05:19.682254', '2023-05-17 22:05:23.682254', 'False', 'None', 'SELECT rating FROM Reviews', '5', '1');
INSERT INTO "QueryColumnAccess" ("queryId", "columnId")
    VALUES ('560', '4');
INSERT INTO "QueryTableAccess" ("queryId", "tableId")
    VALUES ('560', '3');
SELECT 'rating' FROM Movies;
INSERT INTO "SqlQuery" ("queryId", "userId", "issuedAt", "finishedAt", "hasError", "errorMessage", "statement", "projectId", "queryTypeId")
    VALUES ('561', '5', '2023-04-23 22:05:19.682260', '2023-04-23 22:05:23.682260', 'False', 'None', 'SELECT rating FROM Movies', '5', '1');
INSERT INTO "QueryColumnAccess" ("queryId", "columnId")
    VALUES ('561', '7');
INSERT INTO "QueryTableAccess" ("queryId", "tableId")
    VALUES ('561', '1');
SELECT 'location' FROM Theaters;
INSERT INTO "SqlQuery" ("queryId", "userId", "issuedAt", "finishedAt", "hasError", "errorMessage", "statement", "projectId", "queryTypeId")
    VALUES ('562', '13', '2023-06-16 22:05:19.682266', '2023-06-16 22:05:20.682266', 'False', 'None', 'SELECT location FROM Theaters', '5', '1');
INSERT INTO "QueryColumnAccess" ("queryId", "columnId")
    VALUES ('562', '3');
INSERT INTO "QueryTableAccess" ("queryId", "tableId")
    VALUES ('562', '4');
SELECT 'phone_number' FROM Theaters;
INSERT INTO "SqlQuery" ("queryId", "userId", "issuedAt", "finishedAt", "hasError", "errorMessage", "statement", "projectId", "queryTypeId")
    VALUES ('563', '2', '2023-04-21 22:05:19.682281', '2023-04-21 22:05:23.682281', 'False', 'None', 'SELECT phone_number FROM Theaters', '5', '1');
INSERT INTO "QueryColumnAccess" ("queryId", "columnId")
    VALUES ('563', '5');
INSERT INTO "QueryTableAccess" ("queryId", "tableId")
    VALUES ('563', '4');
SELECT 'date_of_birth' FROM Actors;
INSERT INTO "SqlQuery" ("queryId", "userId", "issuedAt", "finishedAt", "hasError", "errorMessage", "statement", "projectId", "queryTypeId")
    VALUES ('564', '7', '2023-05-23 22:05:19.682287', '2023-05-23 22:05:21.682287', 'False', 'None', 'SELECT date_of_birth FROM Actors', '5', '1');
INSERT INTO "QueryColumnAccess" ("queryId", "columnId")
    VALUES ('564', '4');
INSERT INTO "QueryTableAccess" ("queryId", "tableId")
    VALUES ('564', '2');
SELECT 'screening_id' FROM Screenings;
INSERT INTO "SqlQuery" ("queryId", "userId", "issuedAt", "finishedAt", "hasError", "errorMessage", "statement", "projectId", "queryTypeId")
    VALUES ('565', '15', '2023-06-30 22:05:19.682294', '2023-06-30 22:05:20.682294', 'False', 'None', 'SELECT screening_id FROM Screenings', '5', '1');
INSERT INTO "QueryColumnAccess" ("queryId", "columnId")
    VALUES ('565', '1');
INSERT INTO "QueryTableAccess" ("queryId", "tableId")
    VALUES ('565', '5');
SELECT 'review_date' FROM Reviews;
INSERT INTO "SqlQuery" ("queryId", "userId", "issuedAt", "finishedAt", "hasError", "errorMessage", "statement", "projectId", "queryTypeId")
    VALUES ('566', '7', '2023-07-09 22:05:19.682300', '2023-07-09 22:05:20.682300', 'False', 'None', 'SELECT review_date FROM Reviews', '5', '1');
INSERT INTO "QueryColumnAccess" ("queryId", "columnId")
    VALUES ('566', '6');
INSERT INTO "QueryTableAccess" ("queryId", "tableId")
    VALUES ('566', '3');
SELECT 'actor_id' FROM Actors;
INSERT INTO "SqlQuery" ("queryId", "userId", "issuedAt", "finishedAt", "hasError", "errorMessage", "statement", "projectId", "queryTypeId")
    VALUES ('567', '13', '2023-05-06 22:05:19.682307', '2023-05-06 22:05:22.682307', 'False', 'None', 'SELECT actor_id FROM Actors', '5', '1');
INSERT INTO "QueryColumnAccess" ("queryId", "columnId")
    VALUES ('567', '1');
INSERT INTO "QueryTableAccess" ("queryId", "tableId")
    VALUES ('567', '2');
SELECT 'theater_id' FROM Theaters;
INSERT INTO "SqlQuery" ("queryId", "userId", "issuedAt", "finishedAt", "hasError", "errorMessage", "statement", "projectId", "queryTypeId")
    VALUES ('568', '15', '2023-04-25 22:05:19.682313', '2023-04-25 22:05:20.682313', 'False', 'None', 'SELECT theater_id FROM Theaters', '5', '1');
INSERT INTO "QueryColumnAccess" ("queryId", "columnId")
    VALUES ('568', '1');
INSERT INTO "QueryTableAccess" ("queryId", "tableId")
    VALUES ('568', '4');
SELECT 'start_time' FROM Screenings;
INSERT INTO "SqlQuery" ("queryId", "userId", "issuedAt", "finishedAt", "hasError", "errorMessage", "statement", "projectId", "queryTypeId")
    VALUES ('569', '8', '2023-04-28 22:05:19.682319', '2023-04-28 22:05:22.682319', 'False', 'None', 'SELECT start_time FROM Screenings', '5', '1');
INSERT INTO "QueryColumnAccess" ("queryId", "columnId")
    VALUES ('569', '4');
INSERT INTO "QueryTableAccess" ("queryId", "tableId")
    VALUES ('569', '5');
SELECT 'start_time' FROM Screenings;
INSERT INTO "SqlQuery" ("queryId", "userId", "issuedAt", "finishedAt", "hasError", "errorMessage", "statement", "projectId", "queryTypeId")
    VALUES ('570', '10', '2023-06-06 22:05:19.682325', '2023-06-06 22:05:20.682325', 'False', 'None', 'SELECT start_time FROM Screenings', '5', '1');
INSERT INTO "QueryColumnAccess" ("queryId", "columnId")
    VALUES ('570', '4');
INSERT INTO "QueryTableAccess" ("queryId", "tableId")
    VALUES ('570', '5');
SELECT 'ticket_price' FROM Screenings;
INSERT INTO "SqlQuery" ("queryId", "userId", "issuedAt", "finishedAt", "hasError", "errorMessage", "statement", "projectId", "queryTypeId")
    VALUES ('571', '10', '2023-07-04 22:05:19.682331', '2023-07-04 22:05:20.682331', 'False', 'None', 'SELECT ticket_price FROM Screenings', '5', '1');
INSERT INTO "QueryColumnAccess" ("queryId", "columnId")
    VALUES ('571', '6');
INSERT INTO "QueryTableAccess" ("queryId", "tableId")
    VALUES ('571', '5');
SELECT 'phone_number' FROM Theaters;
INSERT INTO "SqlQuery" ("queryId", "userId", "issuedAt", "finishedAt", "hasError", "errorMessage", "statement", "projectId", "queryTypeId")
    VALUES ('572', '14', '2023-06-20 22:05:19.682338', '2023-06-20 22:05:23.682338', 'False', 'None', 'SELECT phone_number FROM Theaters', '5', '1');
INSERT INTO "QueryColumnAccess" ("queryId", "columnId")
    VALUES ('572', '5');
INSERT INTO "QueryTableAccess" ("queryId", "tableId")
    VALUES ('572', '4');
SELECT 'capacity' FROM Theaters;
INSERT INTO "SqlQuery" ("queryId", "userId", "issuedAt", "finishedAt", "hasError", "errorMessage", "statement", "projectId", "queryTypeId")
    VALUES ('573', '13', '2023-06-04 22:05:19.682344', '2023-06-04 22:05:20.682344', 'False', 'None', 'SELECT capacity FROM Theaters', '5', '1');
INSERT INTO "QueryColumnAccess" ("queryId", "columnId")
    VALUES ('573', '4');
INSERT INTO "QueryTableAccess" ("queryId", "tableId")
    VALUES ('573', '4');
SELECT 'user_id' FROM Reviews;
INSERT INTO "SqlQuery" ("queryId", "userId", "issuedAt", "finishedAt", "hasError", "errorMessage", "statement", "projectId", "queryTypeId")
    VALUES ('574', '11', '2023-05-08 22:05:19.682350', '2023-05-08 22:05:22.682350', 'False', 'None', 'SELECT user_id FROM Reviews', '5', '1');
INSERT INTO "QueryColumnAccess" ("queryId", "columnId")
    VALUES ('574', '3');
INSERT INTO "QueryTableAccess" ("queryId", "tableId")
    VALUES ('574', '3');
SELECT 'theater_id' FROM Theaters;
INSERT INTO "SqlQuery" ("queryId", "userId", "issuedAt", "finishedAt", "hasError", "errorMessage", "statement", "projectId", "queryTypeId")
    VALUES ('575', '7', '2023-04-14 22:05:19.682356', '2023-04-14 22:05:20.682356', 'False', 'None', 'SELECT theater_id FROM Theaters', '5', '1');
INSERT INTO "QueryColumnAccess" ("queryId", "columnId")
    VALUES ('575', '1');
INSERT INTO "QueryTableAccess" ("queryId", "tableId")
    VALUES ('575', '4');
SELECT 'movie_id' FROM Movies;
INSERT INTO "SqlQuery" ("queryId", "userId", "issuedAt", "finishedAt", "hasError", "errorMessage", "statement", "projectId", "queryTypeId")
    VALUES ('576', '1', '2023-05-03 22:05:19.682363', '2023-05-03 22:05:22.682363', 'False', 'None', 'SELECT movie_id FROM Movies', '5', '1');
INSERT INTO "QueryColumnAccess" ("queryId", "columnId")
    VALUES ('576', '1');
INSERT INTO "QueryTableAccess" ("queryId", "tableId")
    VALUES ('576', '1');
SELECT 'genre' FROM Movies;
INSERT INTO "SqlQuery" ("queryId", "userId", "issuedAt", "finishedAt", "hasError", "errorMessage", "statement", "projectId", "queryTypeId")
    VALUES ('577', '14', '2023-05-02 22:05:19.682369', '2023-05-02 22:05:23.682369', 'False', 'None', 'SELECT genre FROM Movies', '5', '1');
INSERT INTO "QueryColumnAccess" ("queryId", "columnId")
    VALUES ('577', '4');
INSERT INTO "QueryTableAccess" ("queryId", "tableId")
    VALUES ('577', '1');
SELECT 'movie_id' FROM Screenings;
INSERT INTO "SqlQuery" ("queryId", "userId", "issuedAt", "finishedAt", "hasError", "errorMessage", "statement", "projectId", "queryTypeId")
    VALUES ('578', '2', '2023-04-27 22:05:19.682375', '2023-04-27 22:05:21.682375', 'False', 'None', 'SELECT movie_id FROM Screenings', '5', '1');
INSERT INTO "QueryColumnAccess" ("queryId", "columnId")
    VALUES ('578', '2');
INSERT INTO "QueryTableAccess" ("queryId", "tableId")
    VALUES ('578', '5');
SELECT 'director' FROM Movies;
INSERT INTO "SqlQuery" ("queryId", "userId", "issuedAt", "finishedAt", "hasError", "errorMessage", "statement", "projectId", "queryTypeId")
    VALUES ('579', '14', '2023-07-06 22:05:19.682381', '2023-07-06 22:05:20.682381', 'False', 'None', 'SELECT director FROM Movies', '5', '1');
INSERT INTO "QueryColumnAccess" ("queryId", "columnId")
    VALUES ('579', '5');
INSERT INTO "QueryTableAccess" ("queryId", "tableId")
    VALUES ('579', '1');
SELECT 'movie_id' FROM Movies;
INSERT INTO "SqlQuery" ("queryId", "userId", "issuedAt", "finishedAt", "hasError", "errorMessage", "statement", "projectId", "queryTypeId")
    VALUES ('580', '5', '2023-06-19 22:05:19.682395', '2023-06-19 22:05:20.682395', 'False', 'None', 'SELECT movie_id FROM Movies', '5', '1');
INSERT INTO "QueryColumnAccess" ("queryId", "columnId")
    VALUES ('580', '1');
INSERT INTO "QueryTableAccess" ("queryId", "tableId")
    VALUES ('580', '1');
SELECT 'movie_id' FROM Screenings;
INSERT INTO "SqlQuery" ("queryId", "userId", "issuedAt", "finishedAt", "hasError", "errorMessage", "statement", "projectId", "queryTypeId")
    VALUES ('581', '11', '2023-05-22 22:05:19.682402', '2023-05-22 22:05:21.682402', 'False', 'None', 'SELECT movie_id FROM Screenings', '5', '1');
INSERT INTO "QueryColumnAccess" ("queryId", "columnId")
    VALUES ('581', '2');
INSERT INTO "QueryTableAccess" ("queryId", "tableId")
    VALUES ('581', '5');
SELECT 'release_date' FROM Movies;
INSERT INTO "SqlQuery" ("queryId", "userId", "issuedAt", "finishedAt", "hasError", "errorMessage", "statement", "projectId", "queryTypeId")
    VALUES ('582', '13', '2023-06-10 22:05:19.682408', '2023-06-10 22:05:22.682408', 'False', 'None', 'SELECT release_date FROM Movies', '5', '1');
INSERT INTO "QueryColumnAccess" ("queryId", "columnId")
    VALUES ('582', '3');
INSERT INTO "QueryTableAccess" ("queryId", "tableId")
    VALUES ('582', '1');
SELECT 'rating' FROM Movies;
INSERT INTO "SqlQuery" ("queryId", "userId", "issuedAt", "finishedAt", "hasError", "errorMessage", "statement", "projectId", "queryTypeId")
    VALUES ('583', '7', '2023-06-25 22:05:19.682415', '2023-06-25 22:05:22.682415', 'False', 'None', 'SELECT rating FROM Movies', '5', '1');
INSERT INTO "QueryColumnAccess" ("queryId", "columnId")
    VALUES ('583', '7');
INSERT INTO "QueryTableAccess" ("queryId", "tableId")
    VALUES ('583', '1');
SELECT 'capacity' FROM Theaters;
INSERT INTO "SqlQuery" ("queryId", "userId", "issuedAt", "finishedAt", "hasError", "errorMessage", "statement", "projectId", "queryTypeId")
    VALUES ('584', '5', '2023-06-17 22:05:19.682421', '2023-06-17 22:05:21.682421', 'False', 'None', 'SELECT capacity FROM Theaters', '5', '1');
INSERT INTO "QueryColumnAccess" ("queryId", "columnId")
    VALUES ('584', '4');
INSERT INTO "QueryTableAccess" ("queryId", "tableId")
    VALUES ('584', '4');
SELECT 'screening_id' FROM Screenings;
INSERT INTO "SqlQuery" ("queryId", "userId", "issuedAt", "finishedAt", "hasError", "errorMessage", "statement", "projectId", "queryTypeId")
    VALUES ('585', '10', '2023-06-03 22:05:19.682427', '2023-06-03 22:05:21.682427', 'False', 'None', 'SELECT screening_id FROM Screenings', '5', '1');
INSERT INTO "QueryColumnAccess" ("queryId", "columnId")
    VALUES ('585', '1');
INSERT INTO "QueryTableAccess" ("queryId", "tableId")
    VALUES ('585', '5');
SELECT 'ticket_price' FROM Screenings;
INSERT INTO "SqlQuery" ("queryId", "userId", "issuedAt", "finishedAt", "hasError", "errorMessage", "statement", "projectId", "queryTypeId")
    VALUES ('586', '4', '2023-05-17 22:05:19.682434', '2023-05-17 22:05:23.682434', 'False', 'None', 'SELECT ticket_price FROM Screenings', '5', '1');
INSERT INTO "QueryColumnAccess" ("queryId", "columnId")
    VALUES ('586', '6');
INSERT INTO "QueryTableAccess" ("queryId", "tableId")
    VALUES ('586', '5');
SELECT 'start_time' FROM Screenings;
INSERT INTO "SqlQuery" ("queryId", "userId", "issuedAt", "finishedAt", "hasError", "errorMessage", "statement", "projectId", "queryTypeId")
    VALUES ('587', '11', '2023-06-18 22:05:19.682440', '2023-06-18 22:05:20.682440', 'False', 'None', 'SELECT start_time FROM Screenings', '5', '1');
INSERT INTO "QueryColumnAccess" ("queryId", "columnId")
    VALUES ('587', '4');
INSERT INTO "QueryTableAccess" ("queryId", "tableId")
    VALUES ('587', '5');
SELECT 'date_of_birth' FROM Actors;
INSERT INTO "SqlQuery" ("queryId", "userId", "issuedAt", "finishedAt", "hasError", "errorMessage", "statement", "projectId", "queryTypeId")
    VALUES ('588', '5', '2023-05-24 22:05:19.682447', '2023-05-24 22:05:20.682447', 'False', 'None', 'SELECT date_of_birth FROM Actors', '5', '1');
INSERT INTO "QueryColumnAccess" ("queryId", "columnId")
    VALUES ('588', '4');
INSERT INTO "QueryTableAccess" ("queryId", "tableId")
    VALUES ('588', '2');
SELECT 'movie_id' FROM Reviews;
INSERT INTO "SqlQuery" ("queryId", "userId", "issuedAt", "finishedAt", "hasError", "errorMessage", "statement", "projectId", "queryTypeId")
    VALUES ('589', '5', '2023-06-30 22:05:19.682453', '2023-06-30 22:05:21.682453', 'False', 'None', 'SELECT movie_id FROM Reviews', '5', '1');
INSERT INTO "QueryColumnAccess" ("queryId", "columnId")
    VALUES ('589', '2');
INSERT INTO "QueryTableAccess" ("queryId", "tableId")
    VALUES ('589', '3');
SELECT 'director' FROM Movies;
INSERT INTO "SqlQuery" ("queryId", "userId", "issuedAt", "finishedAt", "hasError", "errorMessage", "statement", "projectId", "queryTypeId")
    VALUES ('590', '3', '2023-06-30 22:05:19.682459', '2023-06-30 22:05:23.682459', 'False', 'None', 'SELECT director FROM Movies', '5', '1');
INSERT INTO "QueryColumnAccess" ("queryId", "columnId")
    VALUES ('590', '5');
INSERT INTO "QueryTableAccess" ("queryId", "tableId")
    VALUES ('590', '1');
SELECT 'rating' FROM Reviews;
INSERT INTO "SqlQuery" ("queryId", "userId", "issuedAt", "finishedAt", "hasError", "errorMessage", "statement", "projectId", "queryTypeId")
    VALUES ('591', '14', '2023-05-18 22:05:19.682465', '2023-05-18 22:05:22.682465', 'False', 'None', 'SELECT rating FROM Reviews', '5', '1');
INSERT INTO "QueryColumnAccess" ("queryId", "columnId")
    VALUES ('591', '4');
INSERT INTO "QueryTableAccess" ("queryId", "tableId")
    VALUES ('591', '3');
SELECT 'movie_id' FROM Reviews;
INSERT INTO "SqlQuery" ("queryId", "userId", "issuedAt", "finishedAt", "hasError", "errorMessage", "statement", "projectId", "queryTypeId")
    VALUES ('592', '1', '2023-04-25 22:05:19.682472', '2023-04-25 22:05:20.682472', 'False', 'None', 'SELECT movie_id FROM Reviews', '5', '1');
INSERT INTO "QueryColumnAccess" ("queryId", "columnId")
    VALUES ('592', '2');
INSERT INTO "QueryTableAccess" ("queryId", "tableId")
    VALUES ('592', '3');
SELECT 'title' FROM Movies;
INSERT INTO "SqlQuery" ("queryId", "userId", "issuedAt", "finishedAt", "hasError", "errorMessage", "statement", "projectId", "queryTypeId")
    VALUES ('593', '5', '2023-05-01 22:05:19.682478', '2023-05-01 22:05:20.682478', 'False', 'None', 'SELECT title FROM Movies', '5', '1');
INSERT INTO "QueryColumnAccess" ("queryId", "columnId")
    VALUES ('593', '2');
INSERT INTO "QueryTableAccess" ("queryId", "tableId")
    VALUES ('593', '1');
SELECT 'rating' FROM Reviews;
INSERT INTO "SqlQuery" ("queryId", "userId", "issuedAt", "finishedAt", "hasError", "errorMessage", "statement", "projectId", "queryTypeId")
    VALUES ('594', '13', '2023-05-26 22:05:19.682484', '2023-05-26 22:05:21.682484', 'False', 'None', 'SELECT rating FROM Reviews', '5', '1');
INSERT INTO "QueryColumnAccess" ("queryId", "columnId")
    VALUES ('594', '4');
INSERT INTO "QueryTableAccess" ("queryId", "tableId")
    VALUES ('594', '3');
SELECT 'user_id' FROM Reviews;
INSERT INTO "SqlQuery" ("queryId", "userId", "issuedAt", "finishedAt", "hasError", "errorMessage", "statement", "projectId", "queryTypeId")
    VALUES ('595', '7', '2023-05-29 22:05:19.682490', '2023-05-29 22:05:21.682490', 'False', 'None', 'SELECT user_id FROM Reviews', '5', '1');
INSERT INTO "QueryColumnAccess" ("queryId", "columnId")
    VALUES ('595', '3');
INSERT INTO "QueryTableAccess" ("queryId", "tableId")
    VALUES ('595', '3');
SELECT 'actor_id' FROM Actors;
INSERT INTO "SqlQuery" ("queryId", "userId", "issuedAt", "finishedAt", "hasError", "errorMessage", "statement", "projectId", "queryTypeId")
    VALUES ('596', '2', '2023-05-04 22:05:19.682497', '2023-05-04 22:05:20.682497', 'False', 'None', 'SELECT actor_id FROM Actors', '5', '1');
INSERT INTO "QueryColumnAccess" ("queryId", "columnId")
    VALUES ('596', '1');
INSERT INTO "QueryTableAccess" ("queryId", "tableId")
    VALUES ('596', '2');
SELECT 'first_name' FROM Actors;
INSERT INTO "SqlQuery" ("queryId", "userId", "issuedAt", "finishedAt", "hasError", "errorMessage", "statement", "projectId", "queryTypeId")
    VALUES ('597', '2', '2023-06-16 22:05:19.682510', '2023-06-16 22:05:23.682510', 'False', 'None', 'SELECT first_name FROM Actors', '5', '1');
INSERT INTO "QueryColumnAccess" ("queryId", "columnId")
    VALUES ('597', '2');
INSERT INTO "QueryTableAccess" ("queryId", "tableId")
    VALUES ('597', '2');
SELECT 'end_time' FROM Screenings;
INSERT INTO "SqlQuery" ("queryId", "userId", "issuedAt", "finishedAt", "hasError", "errorMessage", "statement", "projectId", "queryTypeId")
    VALUES ('598', '6', '2023-06-25 22:05:19.682517', '2023-06-25 22:05:22.682517', 'False', 'None', 'SELECT end_time FROM Screenings', '5', '1');
INSERT INTO "QueryColumnAccess" ("queryId", "columnId")
    VALUES ('598', '5');
INSERT INTO "QueryTableAccess" ("queryId", "tableId")
    VALUES ('598', '5');
SELECT 'end_time' FROM Screenings;
INSERT INTO "SqlQuery" ("queryId", "userId", "issuedAt", "finishedAt", "hasError", "errorMessage", "statement", "projectId", "queryTypeId")
    VALUES ('599', '5', '2023-06-02 22:05:19.682523', '2023-06-02 22:05:22.682523', 'False', 'None', 'SELECT end_time FROM Screenings', '5', '1');
INSERT INTO "QueryColumnAccess" ("queryId", "columnId")
    VALUES ('599', '5');
INSERT INTO "QueryTableAccess" ("queryId", "tableId")
    VALUES ('599', '5');
SELECT 'location' FROM Theaters;
INSERT INTO "SqlQuery" ("queryId", "userId", "issuedAt", "finishedAt", "hasError", "errorMessage", "statement", "projectId", "queryTypeId")
    VALUES ('600', '15', '2023-06-24 22:05:19.682530', '2023-06-24 22:05:21.682530', 'False', 'None', 'SELECT location FROM Theaters', '5', '1');
INSERT INTO "QueryColumnAccess" ("queryId", "columnId")
    VALUES ('600', '3');
INSERT INTO "QueryTableAccess" ("queryId", "tableId")
    VALUES ('600', '4');
SELECT 'title' FROM Movies;
INSERT INTO "SqlQuery" ("queryId", "userId", "issuedAt", "finishedAt", "hasError", "errorMessage", "statement", "projectId", "queryTypeId")
    VALUES ('601', '3', '2023-07-07 22:05:19.682536', '2023-07-07 22:05:23.682536', 'False', 'None', 'SELECT title FROM Movies', '5', '1');
INSERT INTO "QueryColumnAccess" ("queryId", "columnId")
    VALUES ('601', '2');
INSERT INTO "QueryTableAccess" ("queryId", "tableId")
    VALUES ('601', '1');
SELECT 'last_name' FROM Actors;
INSERT INTO "SqlQuery" ("queryId", "userId", "issuedAt", "finishedAt", "hasError", "errorMessage", "statement", "projectId", "queryTypeId")
    VALUES ('602', '1', '2023-04-13 22:05:19.682542', '2023-04-13 22:05:21.682542', 'False', 'None', 'SELECT last_name FROM Actors', '5', '1');
INSERT INTO "QueryColumnAccess" ("queryId", "columnId")
    VALUES ('602', '3');
INSERT INTO "QueryTableAccess" ("queryId", "tableId")
    VALUES ('602', '2');
SELECT 'movie_id' FROM Screenings;
INSERT INTO "SqlQuery" ("queryId", "userId", "issuedAt", "finishedAt", "hasError", "errorMessage", "statement", "projectId", "queryTypeId")
    VALUES ('603', '14', '2023-06-10 22:05:19.682549', '2023-06-10 22:05:21.682549', 'False', 'None', 'SELECT movie_id FROM Screenings', '5', '1');
INSERT INTO "QueryColumnAccess" ("queryId", "columnId")
    VALUES ('603', '2');
INSERT INTO "QueryTableAccess" ("queryId", "tableId")
    VALUES ('603', '5');
SELECT 'movie_id' FROM Movies;
INSERT INTO "SqlQuery" ("queryId", "userId", "issuedAt", "finishedAt", "hasError", "errorMessage", "statement", "projectId", "queryTypeId")
    VALUES ('604', '5', '2023-05-10 22:05:19.682555', '2023-05-10 22:05:23.682555', 'False', 'None', 'SELECT movie_id FROM Movies', '5', '1');
INSERT INTO "QueryColumnAccess" ("queryId", "columnId")
    VALUES ('604', '1');
INSERT INTO "QueryTableAccess" ("queryId", "tableId")
    VALUES ('604', '1');
SELECT 'director' FROM Movies;
INSERT INTO "SqlQuery" ("queryId", "userId", "issuedAt", "finishedAt", "hasError", "errorMessage", "statement", "projectId", "queryTypeId")
    VALUES ('605', '11', '2023-05-11 22:05:19.682561', '2023-05-11 22:05:23.682561', 'False', 'None', 'SELECT director FROM Movies', '5', '1');
INSERT INTO "QueryColumnAccess" ("queryId", "columnId")
    VALUES ('605', '5');
INSERT INTO "QueryTableAccess" ("queryId", "tableId")
    VALUES ('605', '1');
SELECT 'date_of_birth' FROM Actors;
INSERT INTO "SqlQuery" ("queryId", "userId", "issuedAt", "finishedAt", "hasError", "errorMessage", "statement", "projectId", "queryTypeId")
    VALUES ('606', '11', '2023-05-24 22:05:19.682567', '2023-05-24 22:05:22.682567', 'False', 'None', 'SELECT date_of_birth FROM Actors', '5', '1');
INSERT INTO "QueryColumnAccess" ("queryId", "columnId")
    VALUES ('606', '4');
INSERT INTO "QueryTableAccess" ("queryId", "tableId")
    VALUES ('606', '2');
SELECT 'screening_id' FROM Screenings;
INSERT INTO "SqlQuery" ("queryId", "userId", "issuedAt", "finishedAt", "hasError", "errorMessage", "statement", "projectId", "queryTypeId")
    VALUES ('607', '5', '2023-06-04 22:05:19.682574', '2023-06-04 22:05:23.682574', 'False', 'None', 'SELECT screening_id FROM Screenings', '5', '1');
INSERT INTO "QueryColumnAccess" ("queryId", "columnId")
    VALUES ('607', '1');
INSERT INTO "QueryTableAccess" ("queryId", "tableId")
    VALUES ('607', '5');
SELECT 'title' FROM Movies;
INSERT INTO "SqlQuery" ("queryId", "userId", "issuedAt", "finishedAt", "hasError", "errorMessage", "statement", "projectId", "queryTypeId")
    VALUES ('608', '10', '2023-04-20 22:05:19.682580', '2023-04-20 22:05:20.682580', 'False', 'None', 'SELECT title FROM Movies', '5', '1');
INSERT INTO "QueryColumnAccess" ("queryId", "columnId")
    VALUES ('608', '2');
INSERT INTO "QueryTableAccess" ("queryId", "tableId")
    VALUES ('608', '1');
SELECT 'title' FROM Movies;
INSERT INTO "SqlQuery" ("queryId", "userId", "issuedAt", "finishedAt", "hasError", "errorMessage", "statement", "projectId", "queryTypeId")
    VALUES ('609', '9', '2023-04-16 22:05:19.682586', '2023-04-16 22:05:20.682586', 'False', 'None', 'SELECT title FROM Movies', '5', '1');
INSERT INTO "QueryColumnAccess" ("queryId", "columnId")
    VALUES ('609', '2');
INSERT INTO "QueryTableAccess" ("queryId", "tableId")
    VALUES ('609', '1');
SELECT 'end_time' FROM Screenings;
INSERT INTO "SqlQuery" ("queryId", "userId", "issuedAt", "finishedAt", "hasError", "errorMessage", "statement", "projectId", "queryTypeId")
    VALUES ('610', '6', '2023-07-05 22:05:19.682593', '2023-07-05 22:05:21.682593', 'False', 'None', 'SELECT end_time FROM Screenings', '5', '1');
INSERT INTO "QueryColumnAccess" ("queryId", "columnId")
    VALUES ('610', '5');
INSERT INTO "QueryTableAccess" ("queryId", "tableId")
    VALUES ('610', '5');
SELECT 'theater_name' FROM Theaters;
INSERT INTO "SqlQuery" ("queryId", "userId", "issuedAt", "finishedAt", "hasError", "errorMessage", "statement", "projectId", "queryTypeId")
    VALUES ('611', '13', '2023-06-17 22:05:19.682599', '2023-06-17 22:05:23.682599', 'False', 'None', 'SELECT theater_name FROM Theaters', '5', '1');
INSERT INTO "QueryColumnAccess" ("queryId", "columnId")
    VALUES ('611', '2');
INSERT INTO "QueryTableAccess" ("queryId", "tableId")
    VALUES ('611', '4');
SELECT 'director' FROM Movies;
INSERT INTO "SqlQuery" ("queryId", "userId", "issuedAt", "finishedAt", "hasError", "errorMessage", "statement", "projectId", "queryTypeId")
    VALUES ('612', '5', '2023-05-03 22:05:19.682605', '2023-05-03 22:05:21.682605', 'False', 'None', 'SELECT director FROM Movies', '5', '1');
INSERT INTO "QueryColumnAccess" ("queryId", "columnId")
    VALUES ('612', '5');
INSERT INTO "QueryTableAccess" ("queryId", "tableId")
    VALUES ('612', '1');
SELECT 'theater_id' FROM Theaters;
INSERT INTO "SqlQuery" ("queryId", "userId", "issuedAt", "finishedAt", "hasError", "errorMessage", "statement", "projectId", "queryTypeId")
    VALUES ('613', '11', '2023-04-11 22:05:19.682612', '2023-04-11 22:05:22.682612', 'False', 'None', 'SELECT theater_id FROM Theaters', '5', '1');
INSERT INTO "QueryColumnAccess" ("queryId", "columnId")
    VALUES ('613', '1');
INSERT INTO "QueryTableAccess" ("queryId", "tableId")
    VALUES ('613', '4');
SELECT 'capacity' FROM Theaters;
INSERT INTO "SqlQuery" ("queryId", "userId", "issuedAt", "finishedAt", "hasError", "errorMessage", "statement", "projectId", "queryTypeId")
    VALUES ('614', '2', '2023-05-01 22:05:19.682621', '2023-05-01 22:05:23.682621', 'False', 'None', 'SELECT capacity FROM Theaters', '5', '1');
INSERT INTO "QueryColumnAccess" ("queryId", "columnId")
    VALUES ('614', '4');
INSERT INTO "QueryTableAccess" ("queryId", "tableId")
    VALUES ('614', '4');
SELECT 'review_id' FROM Reviews;
INSERT INTO "SqlQuery" ("queryId", "userId", "issuedAt", "finishedAt", "hasError", "errorMessage", "statement", "projectId", "queryTypeId")
    VALUES ('615', '14', '2023-04-30 22:05:19.682628', '2023-04-30 22:05:21.682628', 'False', 'None', 'SELECT review_id FROM Reviews', '5', '1');
INSERT INTO "QueryColumnAccess" ("queryId", "columnId")
    VALUES ('615', '1');
INSERT INTO "QueryTableAccess" ("queryId", "tableId")
    VALUES ('615', '3');
SELECT 'location' FROM Theaters;
INSERT INTO "SqlQuery" ("queryId", "userId", "issuedAt", "finishedAt", "hasError", "errorMessage", "statement", "projectId", "queryTypeId")
    VALUES ('616', '4', '2023-06-29 22:05:19.682634', '2023-06-29 22:05:23.682634', 'False', 'None', 'SELECT location FROM Theaters', '5', '1');
INSERT INTO "QueryColumnAccess" ("queryId", "columnId")
    VALUES ('616', '3');
INSERT INTO "QueryTableAccess" ("queryId", "tableId")
    VALUES ('616', '4');
SELECT 'actor_id' FROM Actors;
INSERT INTO "SqlQuery" ("queryId", "userId", "issuedAt", "finishedAt", "hasError", "errorMessage", "statement", "projectId", "queryTypeId")
    VALUES ('617', '15', '2023-06-19 22:05:19.682641', '2023-06-19 22:05:23.682641', 'False', 'None', 'SELECT actor_id FROM Actors', '5', '1');
INSERT INTO "QueryColumnAccess" ("queryId", "columnId")
    VALUES ('617', '1');
INSERT INTO "QueryTableAccess" ("queryId", "tableId")
    VALUES ('617', '2');
SELECT 'last_name' FROM Actors;
INSERT INTO "SqlQuery" ("queryId", "userId", "issuedAt", "finishedAt", "hasError", "errorMessage", "statement", "projectId", "queryTypeId")
    VALUES ('618', '11', '2023-05-05 22:05:19.682647', '2023-05-05 22:05:20.682647', 'False', 'None', 'SELECT last_name FROM Actors', '5', '1');
INSERT INTO "QueryColumnAccess" ("queryId", "columnId")
    VALUES ('618', '3');
INSERT INTO "QueryTableAccess" ("queryId", "tableId")
    VALUES ('618', '2');
SELECT 'theater_name' FROM Theaters;
INSERT INTO "SqlQuery" ("queryId", "userId", "issuedAt", "finishedAt", "hasError", "errorMessage", "statement", "projectId", "queryTypeId")
    VALUES ('619', '9', '2023-04-27 22:05:19.682653', '2023-04-27 22:05:21.682653', 'False', 'None', 'SELECT theater_name FROM Theaters', '5', '1');
INSERT INTO "QueryColumnAccess" ("queryId", "columnId")
    VALUES ('619', '2');
INSERT INTO "QueryTableAccess" ("queryId", "tableId")
    VALUES ('619', '4');
SELECT 'theater_id' FROM Theaters;
INSERT INTO "SqlQuery" ("queryId", "userId", "issuedAt", "finishedAt", "hasError", "errorMessage", "statement", "projectId", "queryTypeId")
    VALUES ('620', '11', '2023-05-14 22:05:19.682659', '2023-05-14 22:05:22.682659', 'False', 'None', 'SELECT theater_id FROM Theaters', '5', '1');
INSERT INTO "QueryColumnAccess" ("queryId", "columnId")
    VALUES ('620', '1');
INSERT INTO "QueryTableAccess" ("queryId", "tableId")
    VALUES ('620', '4');
SELECT 'genre' FROM Movies;
INSERT INTO "SqlQuery" ("queryId", "userId", "issuedAt", "finishedAt", "hasError", "errorMessage", "statement", "projectId", "queryTypeId")
    VALUES ('621', '15', '2023-06-27 22:05:19.682665', '2023-06-27 22:05:22.682665', 'False', 'None', 'SELECT genre FROM Movies', '5', '1');
INSERT INTO "QueryColumnAccess" ("queryId", "columnId")
    VALUES ('621', '4');
INSERT INTO "QueryTableAccess" ("queryId", "tableId")
    VALUES ('621', '1');
SELECT 'rating' FROM Reviews;
INSERT INTO "SqlQuery" ("queryId", "userId", "issuedAt", "finishedAt", "hasError", "errorMessage", "statement", "projectId", "queryTypeId")
    VALUES ('622', '3', '2023-06-10 22:05:19.682672', '2023-06-10 22:05:20.682672', 'False', 'None', 'SELECT rating FROM Reviews', '5', '1');
INSERT INTO "QueryColumnAccess" ("queryId", "columnId")
    VALUES ('622', '4');
INSERT INTO "QueryTableAccess" ("queryId", "tableId")
    VALUES ('622', '3');
SELECT 'rating' FROM Reviews;
INSERT INTO "SqlQuery" ("queryId", "userId", "issuedAt", "finishedAt", "hasError", "errorMessage", "statement", "projectId", "queryTypeId")
    VALUES ('623', '5', '2023-07-06 22:05:19.682678', '2023-07-06 22:05:22.682678', 'False', 'None', 'SELECT rating FROM Reviews', '5', '1');
INSERT INTO "QueryColumnAccess" ("queryId", "columnId")
    VALUES ('623', '4');
INSERT INTO "QueryTableAccess" ("queryId", "tableId")
    VALUES ('623', '3');
SELECT 'actor_id' FROM Actors;
INSERT INTO "SqlQuery" ("queryId", "userId", "issuedAt", "finishedAt", "hasError", "errorMessage", "statement", "projectId", "queryTypeId")
    VALUES ('624', '12', '2023-06-05 22:05:19.682684', '2023-06-05 22:05:22.682684', 'False', 'None', 'SELECT actor_id FROM Actors', '5', '1');
INSERT INTO "QueryColumnAccess" ("queryId", "columnId")
    VALUES ('624', '1');
INSERT INTO "QueryTableAccess" ("queryId", "tableId")
    VALUES ('624', '2');
SELECT 'last_name' FROM Actors;
INSERT INTO "SqlQuery" ("queryId", "userId", "issuedAt", "finishedAt", "hasError", "errorMessage", "statement", "projectId", "queryTypeId")
    VALUES ('625', '7', '2023-06-26 22:05:19.682691', '2023-06-26 22:05:20.682691', 'False', 'None', 'SELECT last_name FROM Actors', '5', '1');
INSERT INTO "QueryColumnAccess" ("queryId", "columnId")
    VALUES ('625', '3');
INSERT INTO "QueryTableAccess" ("queryId", "tableId")
    VALUES ('625', '2');
SELECT 'movie_id' FROM Movies;
INSERT INTO "SqlQuery" ("queryId", "userId", "issuedAt", "finishedAt", "hasError", "errorMessage", "statement", "projectId", "queryTypeId")
    VALUES ('626', '13', '2023-04-22 22:05:19.682697', '2023-04-22 22:05:21.682697', 'False', 'None', 'SELECT movie_id FROM Movies', '5', '1');
INSERT INTO "QueryColumnAccess" ("queryId", "columnId")
    VALUES ('626', '1');
INSERT INTO "QueryTableAccess" ("queryId", "tableId")
    VALUES ('626', '1');
SELECT 'actor_id' FROM Actors;
INSERT INTO "SqlQuery" ("queryId", "userId", "issuedAt", "finishedAt", "hasError", "errorMessage", "statement", "projectId", "queryTypeId")
    VALUES ('627', '5', '2023-04-12 22:05:19.682703', '2023-04-12 22:05:21.682703', 'False', 'None', 'SELECT actor_id FROM Actors', '5', '1');
INSERT INTO "QueryColumnAccess" ("queryId", "columnId")
    VALUES ('627', '1');
INSERT INTO "QueryTableAccess" ("queryId", "tableId")
    VALUES ('627', '2');
SELECT 'capacity' FROM Theaters;
INSERT INTO "SqlQuery" ("queryId", "userId", "issuedAt", "finishedAt", "hasError", "errorMessage", "statement", "projectId", "queryTypeId")
    VALUES ('628', '5', '2023-05-28 22:05:19.682709', '2023-05-28 22:05:22.682709', 'False', 'None', 'SELECT capacity FROM Theaters', '5', '1');
INSERT INTO "QueryColumnAccess" ("queryId", "columnId")
    VALUES ('628', '4');
INSERT INTO "QueryTableAccess" ("queryId", "tableId")
    VALUES ('628', '4');
SELECT 'capacity' FROM Theaters;
INSERT INTO "SqlQuery" ("queryId", "userId", "issuedAt", "finishedAt", "hasError", "errorMessage", "statement", "projectId", "queryTypeId")
    VALUES ('629', '14', '2023-05-16 22:05:19.682716', '2023-05-16 22:05:21.682716', 'False', 'None', 'SELECT capacity FROM Theaters', '5', '1');
INSERT INTO "QueryColumnAccess" ("queryId", "columnId")
    VALUES ('629', '4');
INSERT INTO "QueryTableAccess" ("queryId", "tableId")
    VALUES ('629', '4');
SELECT 'genre' FROM Movies;
INSERT INTO "SqlQuery" ("queryId", "userId", "issuedAt", "finishedAt", "hasError", "errorMessage", "statement", "projectId", "queryTypeId")
    VALUES ('630', '8', '2023-05-12 22:05:19.682722', '2023-05-12 22:05:21.682722', 'False', 'None', 'SELECT genre FROM Movies', '5', '1');
INSERT INTO "QueryColumnAccess" ("queryId", "columnId")
    VALUES ('630', '4');
INSERT INTO "QueryTableAccess" ("queryId", "tableId")
    VALUES ('630', '1');
SELECT 'comment' FROM Reviews;
INSERT INTO "SqlQuery" ("queryId", "userId", "issuedAt", "finishedAt", "hasError", "errorMessage", "statement", "projectId", "queryTypeId")
    VALUES ('631', '3', '2023-06-29 22:05:19.682735', '2023-06-29 22:05:22.682735', 'False', 'None', 'SELECT comment FROM Reviews', '5', '1');
INSERT INTO "QueryColumnAccess" ("queryId", "columnId")
    VALUES ('631', '5');
INSERT INTO "QueryTableAccess" ("queryId", "tableId")
    VALUES ('631', '3');
SELECT 'comment' FROM Reviews;
INSERT INTO "SqlQuery" ("queryId", "userId", "issuedAt", "finishedAt", "hasError", "errorMessage", "statement", "projectId", "queryTypeId")
    VALUES ('632', '11', '2023-05-03 22:05:19.682742', '2023-05-03 22:05:22.682742', 'False', 'None', 'SELECT comment FROM Reviews', '5', '1');
INSERT INTO "QueryColumnAccess" ("queryId", "columnId")
    VALUES ('632', '5');
INSERT INTO "QueryTableAccess" ("queryId", "tableId")
    VALUES ('632', '3');
SELECT 'end_time' FROM Screenings;
INSERT INTO "SqlQuery" ("queryId", "userId", "issuedAt", "finishedAt", "hasError", "errorMessage", "statement", "projectId", "queryTypeId")
    VALUES ('633', '15', '2023-05-10 22:05:19.682749', '2023-05-10 22:05:21.682749', 'False', 'None', 'SELECT end_time FROM Screenings', '5', '1');
INSERT INTO "QueryColumnAccess" ("queryId", "columnId")
    VALUES ('633', '5');
INSERT INTO "QueryTableAccess" ("queryId", "tableId")
    VALUES ('633', '5');
SELECT 'movie_id' FROM Reviews;
INSERT INTO "SqlQuery" ("queryId", "userId", "issuedAt", "finishedAt", "hasError", "errorMessage", "statement", "projectId", "queryTypeId")
    VALUES ('634', '9', '2023-06-23 22:05:19.682755', '2023-06-23 22:05:21.682755', 'False', 'None', 'SELECT movie_id FROM Reviews', '5', '1');
INSERT INTO "QueryColumnAccess" ("queryId", "columnId")
    VALUES ('634', '2');
INSERT INTO "QueryTableAccess" ("queryId", "tableId")
    VALUES ('634', '3');
SELECT 'actor_id' FROM Actors;
INSERT INTO "SqlQuery" ("queryId", "userId", "issuedAt", "finishedAt", "hasError", "errorMessage", "statement", "projectId", "queryTypeId")
    VALUES ('635', '9', '2023-07-06 22:05:19.682761', '2023-07-06 22:05:20.682761', 'False', 'None', 'SELECT actor_id FROM Actors', '5', '1');
INSERT INTO "QueryColumnAccess" ("queryId", "columnId")
    VALUES ('635', '1');
INSERT INTO "QueryTableAccess" ("queryId", "tableId")
    VALUES ('635', '2');
SELECT 'theater_id' FROM Theaters;
INSERT INTO "SqlQuery" ("queryId", "userId", "issuedAt", "finishedAt", "hasError", "errorMessage", "statement", "projectId", "queryTypeId")
    VALUES ('636', '14', '2023-05-01 22:05:19.682768', '2023-05-01 22:05:20.682768', 'False', 'None', 'SELECT theater_id FROM Theaters', '5', '1');
INSERT INTO "QueryColumnAccess" ("queryId", "columnId")
    VALUES ('636', '1');
INSERT INTO "QueryTableAccess" ("queryId", "tableId")
    VALUES ('636', '4');
SELECT 'first_name' FROM Actors;
INSERT INTO "SqlQuery" ("queryId", "userId", "issuedAt", "finishedAt", "hasError", "errorMessage", "statement", "projectId", "queryTypeId")
    VALUES ('637', '8', '2023-06-04 22:05:19.682774', '2023-06-04 22:05:23.682774', 'False', 'None', 'SELECT first_name FROM Actors', '5', '1');
INSERT INTO "QueryColumnAccess" ("queryId", "columnId")
    VALUES ('637', '2');
INSERT INTO "QueryTableAccess" ("queryId", "tableId")
    VALUES ('637', '2');
SELECT 'user_id' FROM Reviews;
INSERT INTO "SqlQuery" ("queryId", "userId", "issuedAt", "finishedAt", "hasError", "errorMessage", "statement", "projectId", "queryTypeId")
    VALUES ('638', '12', '2023-06-28 22:05:19.682780', '2023-06-28 22:05:22.682780', 'False', 'None', 'SELECT user_id FROM Reviews', '5', '1');
INSERT INTO "QueryColumnAccess" ("queryId", "columnId")
    VALUES ('638', '3');
INSERT INTO "QueryTableAccess" ("queryId", "tableId")
    VALUES ('638', '3');
SELECT 'review_date' FROM Reviews;
INSERT INTO "SqlQuery" ("queryId", "userId", "issuedAt", "finishedAt", "hasError", "errorMessage", "statement", "projectId", "queryTypeId")
    VALUES ('639', '14', '2023-07-02 22:05:19.682787', '2023-07-02 22:05:21.682787', 'False', 'None', 'SELECT review_date FROM Reviews', '5', '1');
INSERT INTO "QueryColumnAccess" ("queryId", "columnId")
    VALUES ('639', '6');
INSERT INTO "QueryTableAccess" ("queryId", "tableId")
    VALUES ('639', '3');
SELECT 'user_id' FROM Reviews;
INSERT INTO "SqlQuery" ("queryId", "userId", "issuedAt", "finishedAt", "hasError", "errorMessage", "statement", "projectId", "queryTypeId")
    VALUES ('640', '11', '2023-06-03 22:05:19.682793', '2023-06-03 22:05:22.682793', 'False', 'None', 'SELECT user_id FROM Reviews', '5', '1');
INSERT INTO "QueryColumnAccess" ("queryId", "columnId")
    VALUES ('640', '3');
INSERT INTO "QueryTableAccess" ("queryId", "tableId")
    VALUES ('640', '3');
SELECT 'phone_number' FROM Theaters;
INSERT INTO "SqlQuery" ("queryId", "userId", "issuedAt", "finishedAt", "hasError", "errorMessage", "statement", "projectId", "queryTypeId")
    VALUES ('641', '13', '2023-06-17 22:05:19.682799', '2023-06-17 22:05:23.682799', 'False', 'None', 'SELECT phone_number FROM Theaters', '5', '1');
INSERT INTO "QueryColumnAccess" ("queryId", "columnId")
    VALUES ('641', '5');
INSERT INTO "QueryTableAccess" ("queryId", "tableId")
    VALUES ('641', '4');
SELECT 'movie_id' FROM Screenings;
INSERT INTO "SqlQuery" ("queryId", "userId", "issuedAt", "finishedAt", "hasError", "errorMessage", "statement", "projectId", "queryTypeId")
    VALUES ('642', '8', '2023-05-04 22:05:19.682805', '2023-05-04 22:05:22.682805', 'False', 'None', 'SELECT movie_id FROM Screenings', '5', '1');
INSERT INTO "QueryColumnAccess" ("queryId", "columnId")
    VALUES ('642', '2');
INSERT INTO "QueryTableAccess" ("queryId", "tableId")
    VALUES ('642', '5');
SELECT 'review_date' FROM Reviews;
INSERT INTO "SqlQuery" ("queryId", "userId", "issuedAt", "finishedAt", "hasError", "errorMessage", "statement", "projectId", "queryTypeId")
    VALUES ('643', '14', '2023-05-24 22:05:19.682811', '2023-05-24 22:05:21.682811', 'False', 'None', 'SELECT review_date FROM Reviews', '5', '1');
INSERT INTO "QueryColumnAccess" ("queryId", "columnId")
    VALUES ('643', '6');
INSERT INTO "QueryTableAccess" ("queryId", "tableId")
    VALUES ('643', '3');
SELECT 'theater_name' FROM Theaters;
INSERT INTO "SqlQuery" ("queryId", "userId", "issuedAt", "finishedAt", "hasError", "errorMessage", "statement", "projectId", "queryTypeId")
    VALUES ('644', '6', '2023-05-22 22:05:19.682818', '2023-05-22 22:05:23.682818', 'False', 'None', 'SELECT theater_name FROM Theaters', '5', '1');
INSERT INTO "QueryColumnAccess" ("queryId", "columnId")
    VALUES ('644', '2');
INSERT INTO "QueryTableAccess" ("queryId", "tableId")
    VALUES ('644', '4');
SELECT 'gender' FROM Actors;
INSERT INTO "SqlQuery" ("queryId", "userId", "issuedAt", "finishedAt", "hasError", "errorMessage", "statement", "projectId", "queryTypeId")
    VALUES ('645', '14', '2023-04-19 22:05:19.682824', '2023-04-19 22:05:21.682824', 'False', 'None', 'SELECT gender FROM Actors', '5', '1');
INSERT INTO "QueryColumnAccess" ("queryId", "columnId")
    VALUES ('645', '5');
INSERT INTO "QueryTableAccess" ("queryId", "tableId")
    VALUES ('645', '2');
SELECT 'screening_id' FROM Screenings;
INSERT INTO "SqlQuery" ("queryId", "userId", "issuedAt", "finishedAt", "hasError", "errorMessage", "statement", "projectId", "queryTypeId")
    VALUES ('646', '9', '2023-04-15 22:05:19.682830', '2023-04-15 22:05:23.682830', 'False', 'None', 'SELECT screening_id FROM Screenings', '5', '1');
INSERT INTO "QueryColumnAccess" ("queryId", "columnId")
    VALUES ('646', '1');
INSERT INTO "QueryTableAccess" ("queryId", "tableId")
    VALUES ('646', '5');
SELECT 'nationality' FROM Actors;
INSERT INTO "SqlQuery" ("queryId", "userId", "issuedAt", "finishedAt", "hasError", "errorMessage", "statement", "projectId", "queryTypeId")
    VALUES ('647', '8', '2023-05-08 22:05:19.682836', '2023-05-08 22:05:22.682836', 'False', 'None', 'SELECT nationality FROM Actors', '5', '1');
INSERT INTO "QueryColumnAccess" ("queryId", "columnId")
    VALUES ('647', '6');
INSERT INTO "QueryTableAccess" ("queryId", "tableId")
    VALUES ('647', '2');
SELECT 'rating' FROM Movies;
INSERT INTO "SqlQuery" ("queryId", "userId", "issuedAt", "finishedAt", "hasError", "errorMessage", "statement", "projectId", "queryTypeId")
    VALUES ('648', '4', '2023-05-01 22:05:19.682845', '2023-05-01 22:05:22.682845', 'False', 'None', 'SELECT rating FROM Movies', '5', '1');
INSERT INTO "QueryColumnAccess" ("queryId", "columnId")
    VALUES ('648', '7');
INSERT INTO "QueryTableAccess" ("queryId", "tableId")
    VALUES ('648', '1');
SELECT 'last_name' FROM Actors;
INSERT INTO "SqlQuery" ("queryId", "userId", "issuedAt", "finishedAt", "hasError", "errorMessage", "statement", "projectId", "queryTypeId")
    VALUES ('649', '9', '2023-05-09 22:05:19.682852', '2023-05-09 22:05:23.682852', 'False', 'None', 'SELECT last_name FROM Actors', '5', '1');
INSERT INTO "QueryColumnAccess" ("queryId", "columnId")
    VALUES ('649', '3');
INSERT INTO "QueryTableAccess" ("queryId", "tableId")
    VALUES ('649', '2');
SELECT 'capacity' FROM Theaters;
INSERT INTO "SqlQuery" ("queryId", "userId", "issuedAt", "finishedAt", "hasError", "errorMessage", "statement", "projectId", "queryTypeId")
    VALUES ('650', '1', '2023-05-21 22:05:19.682858', '2023-05-21 22:05:22.682858', 'False', 'None', 'SELECT capacity FROM Theaters', '5', '1');
INSERT INTO "QueryColumnAccess" ("queryId", "columnId")
    VALUES ('650', '4');
INSERT INTO "QueryTableAccess" ("queryId", "tableId")
    VALUES ('650', '4');
SELECT 'theater_id' FROM Screenings;
INSERT INTO "SqlQuery" ("queryId", "userId", "issuedAt", "finishedAt", "hasError", "errorMessage", "statement", "projectId", "queryTypeId")
    VALUES ('651', '4', '2023-06-28 22:05:19.682864', '2023-06-28 22:05:21.682864', 'False', 'None', 'SELECT theater_id FROM Screenings', '5', '1');
INSERT INTO "QueryColumnAccess" ("queryId", "columnId")
    VALUES ('651', '3');
INSERT INTO "QueryTableAccess" ("queryId", "tableId")
    VALUES ('651', '5');
SELECT 'first_name' FROM Actors;
INSERT INTO "SqlQuery" ("queryId", "userId", "issuedAt", "finishedAt", "hasError", "errorMessage", "statement", "projectId", "queryTypeId")
    VALUES ('652', '5', '2023-06-21 22:05:19.682871', '2023-06-21 22:05:22.682871', 'False', 'None', 'SELECT first_name FROM Actors', '5', '1');
INSERT INTO "QueryColumnAccess" ("queryId", "columnId")
    VALUES ('652', '2');
INSERT INTO "QueryTableAccess" ("queryId", "tableId")
    VALUES ('652', '2');
SELECT 'user_id' FROM Reviews;
INSERT INTO "SqlQuery" ("queryId", "userId", "issuedAt", "finishedAt", "hasError", "errorMessage", "statement", "projectId", "queryTypeId")
    VALUES ('653', '1', '2023-06-21 22:05:19.682877', '2023-06-21 22:05:21.682877', 'False', 'None', 'SELECT user_id FROM Reviews', '5', '1');
INSERT INTO "QueryColumnAccess" ("queryId", "columnId")
    VALUES ('653', '3');
INSERT INTO "QueryTableAccess" ("queryId", "tableId")
    VALUES ('653', '3');
SELECT 'theater_id' FROM Screenings;
INSERT INTO "SqlQuery" ("queryId", "userId", "issuedAt", "finishedAt", "hasError", "errorMessage", "statement", "projectId", "queryTypeId")
    VALUES ('654', '4', '2023-05-11 22:05:19.682883', '2023-05-11 22:05:23.682883', 'False', 'None', 'SELECT theater_id FROM Screenings', '5', '1');
INSERT INTO "QueryColumnAccess" ("queryId", "columnId")
    VALUES ('654', '3');
INSERT INTO "QueryTableAccess" ("queryId", "tableId")
    VALUES ('654', '5');
SELECT 'review_id' FROM Reviews;
INSERT INTO "SqlQuery" ("queryId", "userId", "issuedAt", "finishedAt", "hasError", "errorMessage", "statement", "projectId", "queryTypeId")
    VALUES ('655', '2', '2023-06-30 22:05:19.682889', '2023-06-30 22:05:20.682889', 'False', 'None', 'SELECT review_id FROM Reviews', '5', '1');
INSERT INTO "QueryColumnAccess" ("queryId", "columnId")
    VALUES ('655', '1');
INSERT INTO "QueryTableAccess" ("queryId", "tableId")
    VALUES ('655', '3');
SELECT 'theater_id' FROM Screenings;
INSERT INTO "SqlQuery" ("queryId", "userId", "issuedAt", "finishedAt", "hasError", "errorMessage", "statement", "projectId", "queryTypeId")
    VALUES ('656', '5', '2023-05-12 22:05:19.682896', '2023-05-12 22:05:22.682896', 'False', 'None', 'SELECT theater_id FROM Screenings', '5', '1');
INSERT INTO "QueryColumnAccess" ("queryId", "columnId")
    VALUES ('656', '3');
INSERT INTO "QueryTableAccess" ("queryId", "tableId")
    VALUES ('656', '5');
SELECT 'movie_id' FROM Screenings;
INSERT INTO "SqlQuery" ("queryId", "userId", "issuedAt", "finishedAt", "hasError", "errorMessage", "statement", "projectId", "queryTypeId")
    VALUES ('657', '3', '2023-06-11 22:05:19.682902', '2023-06-11 22:05:22.682902', 'False', 'None', 'SELECT movie_id FROM Screenings', '5', '1');
INSERT INTO "QueryColumnAccess" ("queryId", "columnId")
    VALUES ('657', '2');
INSERT INTO "QueryTableAccess" ("queryId", "tableId")
    VALUES ('657', '5');
SELECT 'theater_name' FROM Theaters;
INSERT INTO "SqlQuery" ("queryId", "userId", "issuedAt", "finishedAt", "hasError", "errorMessage", "statement", "projectId", "queryTypeId")
    VALUES ('658', '13', '2023-04-28 22:05:19.682908', '2023-04-28 22:05:22.682908', 'False', 'None', 'SELECT theater_name FROM Theaters', '5', '1');
INSERT INTO "QueryColumnAccess" ("queryId", "columnId")
    VALUES ('658', '2');
INSERT INTO "QueryTableAccess" ("queryId", "tableId")
    VALUES ('658', '4');
SELECT 'rating' FROM Reviews;
INSERT INTO "SqlQuery" ("queryId", "userId", "issuedAt", "finishedAt", "hasError", "errorMessage", "statement", "projectId", "queryTypeId")
    VALUES ('659', '15', '2023-05-14 22:05:19.682914', '2023-05-14 22:05:20.682914', 'False', 'None', 'SELECT rating FROM Reviews', '5', '1');
INSERT INTO "QueryColumnAccess" ("queryId", "columnId")
    VALUES ('659', '4');
INSERT INTO "QueryTableAccess" ("queryId", "tableId")
    VALUES ('659', '3');
SELECT 'review_id' FROM Reviews;
INSERT INTO "SqlQuery" ("queryId", "userId", "issuedAt", "finishedAt", "hasError", "errorMessage", "statement", "projectId", "queryTypeId")
    VALUES ('660', '1', '2023-05-14 22:05:19.682921', '2023-05-14 22:05:21.682921', 'False', 'None', 'SELECT review_id FROM Reviews', '5', '1');
INSERT INTO "QueryColumnAccess" ("queryId", "columnId")
    VALUES ('660', '1');
INSERT INTO "QueryTableAccess" ("queryId", "tableId")
    VALUES ('660', '3');
SELECT 'capacity' FROM Theaters;
INSERT INTO "SqlQuery" ("queryId", "userId", "issuedAt", "finishedAt", "hasError", "errorMessage", "statement", "projectId", "queryTypeId")
    VALUES ('661', '10', '2023-05-29 22:05:19.682927', '2023-05-29 22:05:21.682927', 'False', 'None', 'SELECT capacity FROM Theaters', '5', '1');
INSERT INTO "QueryColumnAccess" ("queryId", "columnId")
    VALUES ('661', '4');
INSERT INTO "QueryTableAccess" ("queryId", "tableId")
    VALUES ('661', '4');
SELECT 'review_id' FROM Reviews;
INSERT INTO "SqlQuery" ("queryId", "userId", "issuedAt", "finishedAt", "hasError", "errorMessage", "statement", "projectId", "queryTypeId")
    VALUES ('662', '14', '2023-04-24 22:05:19.682933', '2023-04-24 22:05:20.682933', 'False', 'None', 'SELECT review_id FROM Reviews', '5', '1');
INSERT INTO "QueryColumnAccess" ("queryId", "columnId")
    VALUES ('662', '1');
INSERT INTO "QueryTableAccess" ("queryId", "tableId")
    VALUES ('662', '3');
SELECT 'review_date' FROM Reviews;
INSERT INTO "SqlQuery" ("queryId", "userId", "issuedAt", "finishedAt", "hasError", "errorMessage", "statement", "projectId", "queryTypeId")
    VALUES ('663', '6', '2023-05-22 22:05:19.682939', '2023-05-22 22:05:22.682939', 'False', 'None', 'SELECT review_date FROM Reviews', '5', '1');
INSERT INTO "QueryColumnAccess" ("queryId", "columnId")
    VALUES ('663', '6');
INSERT INTO "QueryTableAccess" ("queryId", "tableId")
    VALUES ('663', '3');
SELECT 'phone_number' FROM Theaters;
INSERT INTO "SqlQuery" ("queryId", "userId", "issuedAt", "finishedAt", "hasError", "errorMessage", "statement", "projectId", "queryTypeId")
    VALUES ('664', '13', '2023-06-23 22:05:19.682946', '2023-06-23 22:05:20.682946', 'False', 'None', 'SELECT phone_number FROM Theaters', '5', '1');
INSERT INTO "QueryColumnAccess" ("queryId", "columnId")
    VALUES ('664', '5');
INSERT INTO "QueryTableAccess" ("queryId", "tableId")
    VALUES ('664', '4');
SELECT 'gender' FROM Actors;
INSERT INTO "SqlQuery" ("queryId", "userId", "issuedAt", "finishedAt", "hasError", "errorMessage", "statement", "projectId", "queryTypeId")
    VALUES ('665', '10', '2023-04-27 22:05:19.682960', '2023-04-27 22:05:20.682960', 'False', 'None', 'SELECT gender FROM Actors', '5', '1');
INSERT INTO "QueryColumnAccess" ("queryId", "columnId")
    VALUES ('665', '5');
INSERT INTO "QueryTableAccess" ("queryId", "tableId")
    VALUES ('665', '2');
SELECT 'phone_number' FROM Theaters;
INSERT INTO "SqlQuery" ("queryId", "userId", "issuedAt", "finishedAt", "hasError", "errorMessage", "statement", "projectId", "queryTypeId")
    VALUES ('666', '5', '2023-04-14 22:05:19.682967', '2023-04-14 22:05:21.682967', 'False', 'None', 'SELECT phone_number FROM Theaters', '5', '1');
INSERT INTO "QueryColumnAccess" ("queryId", "columnId")
    VALUES ('666', '5');
INSERT INTO "QueryTableAccess" ("queryId", "tableId")
    VALUES ('666', '4');
SELECT 'movie_id' FROM Movies;
INSERT INTO "SqlQuery" ("queryId", "userId", "issuedAt", "finishedAt", "hasError", "errorMessage", "statement", "projectId", "queryTypeId")
    VALUES ('667', '9', '2023-06-01 22:05:19.682973', '2023-06-01 22:05:20.682973', 'False', 'None', 'SELECT movie_id FROM Movies', '5', '1');
INSERT INTO "QueryColumnAccess" ("queryId", "columnId")
    VALUES ('667', '1');
INSERT INTO "QueryTableAccess" ("queryId", "tableId")
    VALUES ('667', '1');
SELECT 'phone_number' FROM Theaters;
INSERT INTO "SqlQuery" ("queryId", "userId", "issuedAt", "finishedAt", "hasError", "errorMessage", "statement", "projectId", "queryTypeId")
    VALUES ('668', '2', '2023-05-24 22:05:19.682979', '2023-05-24 22:05:21.682979', 'False', 'None', 'SELECT phone_number FROM Theaters', '5', '1');
INSERT INTO "QueryColumnAccess" ("queryId", "columnId")
    VALUES ('668', '5');
INSERT INTO "QueryTableAccess" ("queryId", "tableId")
    VALUES ('668', '4');
SELECT 'theater_id' FROM Screenings;
INSERT INTO "SqlQuery" ("queryId", "userId", "issuedAt", "finishedAt", "hasError", "errorMessage", "statement", "projectId", "queryTypeId")
    VALUES ('669', '13', '2023-07-07 22:05:19.682986', '2023-07-07 22:05:21.682986', 'False', 'None', 'SELECT theater_id FROM Screenings', '5', '1');
INSERT INTO "QueryColumnAccess" ("queryId", "columnId")
    VALUES ('669', '3');
INSERT INTO "QueryTableAccess" ("queryId", "tableId")
    VALUES ('669', '5');
SELECT 'last_name' FROM Actors;
INSERT INTO "SqlQuery" ("queryId", "userId", "issuedAt", "finishedAt", "hasError", "errorMessage", "statement", "projectId", "queryTypeId")
    VALUES ('670', '9', '2023-06-08 22:05:19.682992', '2023-06-08 22:05:21.682992', 'False', 'None', 'SELECT last_name FROM Actors', '5', '1');
INSERT INTO "QueryColumnAccess" ("queryId", "columnId")
    VALUES ('670', '3');
INSERT INTO "QueryTableAccess" ("queryId", "tableId")
    VALUES ('670', '2');
SELECT 'movie_id' FROM Movies;
INSERT INTO "SqlQuery" ("queryId", "userId", "issuedAt", "finishedAt", "hasError", "errorMessage", "statement", "projectId", "queryTypeId")
    VALUES ('671', '7', '2023-07-01 22:05:19.682998', '2023-07-01 22:05:21.682998', 'False', 'None', 'SELECT movie_id FROM Movies', '5', '1');
INSERT INTO "QueryColumnAccess" ("queryId", "columnId")
    VALUES ('671', '1');
INSERT INTO "QueryTableAccess" ("queryId", "tableId")
    VALUES ('671', '1');
SELECT 'theater_id' FROM Screenings;
INSERT INTO "SqlQuery" ("queryId", "userId", "issuedAt", "finishedAt", "hasError", "errorMessage", "statement", "projectId", "queryTypeId")
    VALUES ('672', '14', '2023-04-20 22:05:19.683005', '2023-04-20 22:05:22.683005', 'False', 'None', 'SELECT theater_id FROM Screenings', '5', '1');
INSERT INTO "QueryColumnAccess" ("queryId", "columnId")
    VALUES ('672', '3');
INSERT INTO "QueryTableAccess" ("queryId", "tableId")
    VALUES ('672', '5');
SELECT 'review_id' FROM Reviews;
INSERT INTO "SqlQuery" ("queryId", "userId", "issuedAt", "finishedAt", "hasError", "errorMessage", "statement", "projectId", "queryTypeId")
    VALUES ('673', '10', '2023-06-08 22:05:19.683011', '2023-06-08 22:05:20.683011', 'False', 'None', 'SELECT review_id FROM Reviews', '5', '1');
INSERT INTO "QueryColumnAccess" ("queryId", "columnId")
    VALUES ('673', '1');
INSERT INTO "QueryTableAccess" ("queryId", "tableId")
    VALUES ('673', '3');
SELECT 'theater_id' FROM Screenings;
INSERT INTO "SqlQuery" ("queryId", "userId", "issuedAt", "finishedAt", "hasError", "errorMessage", "statement", "projectId", "queryTypeId")
    VALUES ('674', '1', '2023-05-04 22:05:19.683017', '2023-05-04 22:05:20.683017', 'False', 'None', 'SELECT theater_id FROM Screenings', '5', '1');
INSERT INTO "QueryColumnAccess" ("queryId", "columnId")
    VALUES ('674', '3');
INSERT INTO "QueryTableAccess" ("queryId", "tableId")
    VALUES ('674', '5');
SELECT 'theater_id' FROM Screenings;
INSERT INTO "SqlQuery" ("queryId", "userId", "issuedAt", "finishedAt", "hasError", "errorMessage", "statement", "projectId", "queryTypeId")
    VALUES ('675', '8', '2023-06-06 22:05:19.683024', '2023-06-06 22:05:23.683024', 'False', 'None', 'SELECT theater_id FROM Screenings', '5', '1');
INSERT INTO "QueryColumnAccess" ("queryId", "columnId")
    VALUES ('675', '3');
INSERT INTO "QueryTableAccess" ("queryId", "tableId")
    VALUES ('675', '5');
SELECT 'review_date' FROM Reviews;
INSERT INTO "SqlQuery" ("queryId", "userId", "issuedAt", "finishedAt", "hasError", "errorMessage", "statement", "projectId", "queryTypeId")
    VALUES ('676', '2', '2023-06-27 22:05:19.683030', '2023-06-27 22:05:23.683030', 'False', 'None', 'SELECT review_date FROM Reviews', '5', '1');
INSERT INTO "QueryColumnAccess" ("queryId", "columnId")
    VALUES ('676', '6');
INSERT INTO "QueryTableAccess" ("queryId", "tableId")
    VALUES ('676', '3');
SELECT 'actor_id' FROM Actors;
INSERT INTO "SqlQuery" ("queryId", "userId", "issuedAt", "finishedAt", "hasError", "errorMessage", "statement", "projectId", "queryTypeId")
    VALUES ('677', '2', '2023-06-04 22:05:19.683036', '2023-06-04 22:05:23.683036', 'False', 'None', 'SELECT actor_id FROM Actors', '5', '1');
INSERT INTO "QueryColumnAccess" ("queryId", "columnId")
    VALUES ('677', '1');
INSERT INTO "QueryTableAccess" ("queryId", "tableId")
    VALUES ('677', '2');
SELECT 'director' FROM Movies;
INSERT INTO "SqlQuery" ("queryId", "userId", "issuedAt", "finishedAt", "hasError", "errorMessage", "statement", "projectId", "queryTypeId")
    VALUES ('678', '14', '2023-06-18 22:05:19.683042', '2023-06-18 22:05:22.683042', 'False', 'None', 'SELECT director FROM Movies', '5', '1');
INSERT INTO "QueryColumnAccess" ("queryId", "columnId")
    VALUES ('678', '5');
INSERT INTO "QueryTableAccess" ("queryId", "tableId")
    VALUES ('678', '1');
SELECT 'nationality' FROM Actors;
INSERT INTO "SqlQuery" ("queryId", "userId", "issuedAt", "finishedAt", "hasError", "errorMessage", "statement", "projectId", "queryTypeId")
    VALUES ('679', '5', '2023-06-29 22:05:19.683049', '2023-06-29 22:05:20.683049', 'False', 'None', 'SELECT nationality FROM Actors', '5', '1');
INSERT INTO "QueryColumnAccess" ("queryId", "columnId")
    VALUES ('679', '6');
INSERT INTO "QueryTableAccess" ("queryId", "tableId")
    VALUES ('679', '2');
SELECT 'genre' FROM Movies;
INSERT INTO "SqlQuery" ("queryId", "userId", "issuedAt", "finishedAt", "hasError", "errorMessage", "statement", "projectId", "queryTypeId")
    VALUES ('680', '3', '2023-05-25 22:05:19.683055', '2023-05-25 22:05:23.683055', 'False', 'None', 'SELECT genre FROM Movies', '5', '1');
INSERT INTO "QueryColumnAccess" ("queryId", "columnId")
    VALUES ('680', '4');
INSERT INTO "QueryTableAccess" ("queryId", "tableId")
    VALUES ('680', '1');
SELECT 'release_date' FROM Movies;
INSERT INTO "SqlQuery" ("queryId", "userId", "issuedAt", "finishedAt", "hasError", "errorMessage", "statement", "projectId", "queryTypeId")
    VALUES ('681', '7', '2023-05-20 22:05:19.683061', '2023-05-20 22:05:21.683061', 'False', 'None', 'SELECT release_date FROM Movies', '5', '1');
INSERT INTO "QueryColumnAccess" ("queryId", "columnId")
    VALUES ('681', '3');
INSERT INTO "QueryTableAccess" ("queryId", "tableId")
    VALUES ('681', '1');
SELECT 'first_name' FROM Actors;
INSERT INTO "SqlQuery" ("queryId", "userId", "issuedAt", "finishedAt", "hasError", "errorMessage", "statement", "projectId", "queryTypeId")
    VALUES ('682', '14', '2023-05-15 22:05:19.683071', '2023-05-15 22:05:21.683071', 'False', 'None', 'SELECT first_name FROM Actors', '5', '1');
INSERT INTO "QueryColumnAccess" ("queryId", "columnId")
    VALUES ('682', '2');
INSERT INTO "QueryTableAccess" ("queryId", "tableId")
    VALUES ('682', '2');
SELECT 'review_date' FROM Reviews;
INSERT INTO "SqlQuery" ("queryId", "userId", "issuedAt", "finishedAt", "hasError", "errorMessage", "statement", "projectId", "queryTypeId")
    VALUES ('683', '3', '2023-05-01 22:05:19.683078', '2023-05-01 22:05:21.683078', 'False', 'None', 'SELECT review_date FROM Reviews', '5', '1');
INSERT INTO "QueryColumnAccess" ("queryId", "columnId")
    VALUES ('683', '6');
INSERT INTO "QueryTableAccess" ("queryId", "tableId")
    VALUES ('683', '3');
SELECT 'theater_id' FROM Screenings;
INSERT INTO "SqlQuery" ("queryId", "userId", "issuedAt", "finishedAt", "hasError", "errorMessage", "statement", "projectId", "queryTypeId")
    VALUES ('684', '2', '2023-05-10 22:05:19.683084', '2023-05-10 22:05:23.683084', 'False', 'None', 'SELECT theater_id FROM Screenings', '5', '1');
INSERT INTO "QueryColumnAccess" ("queryId", "columnId")
    VALUES ('684', '3');
INSERT INTO "QueryTableAccess" ("queryId", "tableId")
    VALUES ('684', '5');
SELECT 'movie_id' FROM Screenings;
INSERT INTO "SqlQuery" ("queryId", "userId", "issuedAt", "finishedAt", "hasError", "errorMessage", "statement", "projectId", "queryTypeId")
    VALUES ('685', '6', '2023-07-08 22:05:19.683090', '2023-07-08 22:05:21.683090', 'False', 'None', 'SELECT movie_id FROM Screenings', '5', '1');
INSERT INTO "QueryColumnAccess" ("queryId", "columnId")
    VALUES ('685', '2');
INSERT INTO "QueryTableAccess" ("queryId", "tableId")
    VALUES ('685', '5');
SELECT 'last_name' FROM Actors;
INSERT INTO "SqlQuery" ("queryId", "userId", "issuedAt", "finishedAt", "hasError", "errorMessage", "statement", "projectId", "queryTypeId")
    VALUES ('686', '5', '2023-04-17 22:05:19.683096', '2023-04-17 22:05:20.683096', 'False', 'None', 'SELECT last_name FROM Actors', '5', '1');
INSERT INTO "QueryColumnAccess" ("queryId", "columnId")
    VALUES ('686', '3');
INSERT INTO "QueryTableAccess" ("queryId", "tableId")
    VALUES ('686', '2');
SELECT 'ticket_price' FROM Screenings;
INSERT INTO "SqlQuery" ("queryId", "userId", "issuedAt", "finishedAt", "hasError", "errorMessage", "statement", "projectId", "queryTypeId")
    VALUES ('687', '8', '2023-05-13 22:05:19.683103', '2023-05-13 22:05:20.683103', 'False', 'None', 'SELECT ticket_price FROM Screenings', '5', '1');
INSERT INTO "QueryColumnAccess" ("queryId", "columnId")
    VALUES ('687', '6');
INSERT INTO "QueryTableAccess" ("queryId", "tableId")
    VALUES ('687', '5');
SELECT 'theater_name' FROM Theaters;
INSERT INTO "SqlQuery" ("queryId", "userId", "issuedAt", "finishedAt", "hasError", "errorMessage", "statement", "projectId", "queryTypeId")
    VALUES ('688', '11', '2023-04-12 22:05:19.683109', '2023-04-12 22:05:23.683109', 'False', 'None', 'SELECT theater_name FROM Theaters', '5', '1');
INSERT INTO "QueryColumnAccess" ("queryId", "columnId")
    VALUES ('688', '2');
INSERT INTO "QueryTableAccess" ("queryId", "tableId")
    VALUES ('688', '4');
SELECT 'theater_id' FROM Theaters;
INSERT INTO "SqlQuery" ("queryId", "userId", "issuedAt", "finishedAt", "hasError", "errorMessage", "statement", "projectId", "queryTypeId")
    VALUES ('689', '4', '2023-04-19 22:05:19.683115', '2023-04-19 22:05:20.683115', 'False', 'None', 'SELECT theater_id FROM Theaters', '5', '1');
INSERT INTO "QueryColumnAccess" ("queryId", "columnId")
    VALUES ('689', '1');
INSERT INTO "QueryTableAccess" ("queryId", "tableId")
    VALUES ('689', '4');
SELECT 'movie_id' FROM Screenings;
INSERT INTO "SqlQuery" ("queryId", "userId", "issuedAt", "finishedAt", "hasError", "errorMessage", "statement", "projectId", "queryTypeId")
    VALUES ('690', '9', '2023-05-23 22:05:19.683122', '2023-05-23 22:05:23.683122', 'False', 'None', 'SELECT movie_id FROM Screenings', '5', '1');
INSERT INTO "QueryColumnAccess" ("queryId", "columnId")
    VALUES ('690', '2');
INSERT INTO "QueryTableAccess" ("queryId", "tableId")
    VALUES ('690', '5');
SELECT 'duration' FROM Movies;
INSERT INTO "SqlQuery" ("queryId", "userId", "issuedAt", "finishedAt", "hasError", "errorMessage", "statement", "projectId", "queryTypeId")
    VALUES ('691', '6', '2023-07-10 22:05:19.683128', '2023-07-10 22:05:23.683128', 'False', 'None', 'SELECT duration FROM Movies', '5', '1');
INSERT INTO "QueryColumnAccess" ("queryId", "columnId")
    VALUES ('691', '6');
INSERT INTO "QueryTableAccess" ("queryId", "tableId")
    VALUES ('691', '1');
SELECT 'screening_id' FROM Screenings;
INSERT INTO "SqlQuery" ("queryId", "userId", "issuedAt", "finishedAt", "hasError", "errorMessage", "statement", "projectId", "queryTypeId")
    VALUES ('692', '9', '2023-06-07 22:05:19.683134', '2023-06-07 22:05:22.683134', 'False', 'None', 'SELECT screening_id FROM Screenings', '5', '1');
INSERT INTO "QueryColumnAccess" ("queryId", "columnId")
    VALUES ('692', '1');
INSERT INTO "QueryTableAccess" ("queryId", "tableId")
    VALUES ('692', '5');
SELECT 'rating' FROM Reviews;
INSERT INTO "SqlQuery" ("queryId", "userId", "issuedAt", "finishedAt", "hasError", "errorMessage", "statement", "projectId", "queryTypeId")
    VALUES ('693', '11', '2023-04-15 22:05:19.683141', '2023-04-15 22:05:23.683141', 'False', 'None', 'SELECT rating FROM Reviews', '5', '1');
INSERT INTO "QueryColumnAccess" ("queryId", "columnId")
    VALUES ('693', '4');
INSERT INTO "QueryTableAccess" ("queryId", "tableId")
    VALUES ('693', '3');
SELECT 'review_date' FROM Reviews;
INSERT INTO "SqlQuery" ("queryId", "userId", "issuedAt", "finishedAt", "hasError", "errorMessage", "statement", "projectId", "queryTypeId")
    VALUES ('694', '12', '2023-06-13 22:05:19.683147', '2023-06-13 22:05:23.683147', 'False', 'None', 'SELECT review_date FROM Reviews', '5', '1');
INSERT INTO "QueryColumnAccess" ("queryId", "columnId")
    VALUES ('694', '6');
INSERT INTO "QueryTableAccess" ("queryId", "tableId")
    VALUES ('694', '3');
SELECT 'title' FROM Movies;
INSERT INTO "SqlQuery" ("queryId", "userId", "issuedAt", "finishedAt", "hasError", "errorMessage", "statement", "projectId", "queryTypeId")
    VALUES ('695', '3', '2023-06-18 22:05:19.683154', '2023-06-18 22:05:20.683154', 'False', 'None', 'SELECT title FROM Movies', '5', '1');
INSERT INTO "QueryColumnAccess" ("queryId", "columnId")
    VALUES ('695', '2');
INSERT INTO "QueryTableAccess" ("queryId", "tableId")
    VALUES ('695', '1');
SELECT 'location' FROM Theaters;
INSERT INTO "SqlQuery" ("queryId", "userId", "issuedAt", "finishedAt", "hasError", "errorMessage", "statement", "projectId", "queryTypeId")
    VALUES ('696', '11', '2023-06-13 22:05:19.683160', '2023-06-13 22:05:23.683160', 'False', 'None', 'SELECT location FROM Theaters', '5', '1');
INSERT INTO "QueryColumnAccess" ("queryId", "columnId")
    VALUES ('696', '3');
INSERT INTO "QueryTableAccess" ("queryId", "tableId")
    VALUES ('696', '4');
SELECT 'date_of_birth' FROM Actors;
INSERT INTO "SqlQuery" ("queryId", "userId", "issuedAt", "finishedAt", "hasError", "errorMessage", "statement", "projectId", "queryTypeId")
    VALUES ('697', '8', '2023-05-27 22:05:19.683166', '2023-05-27 22:05:22.683166', 'False', 'None', 'SELECT date_of_birth FROM Actors', '5', '1');
INSERT INTO "QueryColumnAccess" ("queryId", "columnId")
    VALUES ('697', '4');
INSERT INTO "QueryTableAccess" ("queryId", "tableId")
    VALUES ('697', '2');
SELECT 'last_name' FROM Actors;
INSERT INTO "SqlQuery" ("queryId", "userId", "issuedAt", "finishedAt", "hasError", "errorMessage", "statement", "projectId", "queryTypeId")
    VALUES ('698', '13', '2023-04-25 22:05:19.683172', '2023-04-25 22:05:21.683172', 'False', 'None', 'SELECT last_name FROM Actors', '5', '1');
INSERT INTO "QueryColumnAccess" ("queryId", "columnId")
    VALUES ('698', '3');
INSERT INTO "QueryTableAccess" ("queryId", "tableId")
    VALUES ('698', '2');
SELECT 'screening_id' FROM Screenings;
INSERT INTO "SqlQuery" ("queryId", "userId", "issuedAt", "finishedAt", "hasError", "errorMessage", "statement", "projectId", "queryTypeId")
    VALUES ('699', '15', '2023-04-13 22:05:19.683186', '2023-04-13 22:05:22.683186', 'False', 'None', 'SELECT screening_id FROM Screenings', '5', '1');
INSERT INTO "QueryColumnAccess" ("queryId", "columnId")
    VALUES ('699', '1');
INSERT INTO "QueryTableAccess" ("queryId", "tableId")
    VALUES ('699', '5');
SELECT 'theater_id' FROM Screenings;
INSERT INTO "SqlQuery" ("queryId", "userId", "issuedAt", "finishedAt", "hasError", "errorMessage", "statement", "projectId", "queryTypeId")
    VALUES ('700', '10', '2023-06-17 22:05:19.683193', '2023-06-17 22:05:21.683193', 'False', 'None', 'SELECT theater_id FROM Screenings', '5', '1');
INSERT INTO "QueryColumnAccess" ("queryId", "columnId")
    VALUES ('700', '3');
INSERT INTO "QueryTableAccess" ("queryId", "tableId")
    VALUES ('700', '5');
SELECT 'review_date' FROM Reviews;
INSERT INTO "SqlQuery" ("queryId", "userId", "issuedAt", "finishedAt", "hasError", "errorMessage", "statement", "projectId", "queryTypeId")
    VALUES ('701', '13', '2023-04-14 22:05:19.683199', '2023-04-14 22:05:23.683199', 'False', 'None', 'SELECT review_date FROM Reviews', '5', '1');
INSERT INTO "QueryColumnAccess" ("queryId", "columnId")
    VALUES ('701', '6');
INSERT INTO "QueryTableAccess" ("queryId", "tableId")
    VALUES ('701', '3');
SELECT 'duration' FROM Movies;
INSERT INTO "SqlQuery" ("queryId", "userId", "issuedAt", "finishedAt", "hasError", "errorMessage", "statement", "projectId", "queryTypeId")
    VALUES ('702', '5', '2023-06-16 22:05:19.683206', '2023-06-16 22:05:23.683206', 'False', 'None', 'SELECT duration FROM Movies', '5', '1');
INSERT INTO "QueryColumnAccess" ("queryId", "columnId")
    VALUES ('702', '6');
INSERT INTO "QueryTableAccess" ("queryId", "tableId")
    VALUES ('702', '1');
SELECT 'theater_id' FROM Screenings;
INSERT INTO "SqlQuery" ("queryId", "userId", "issuedAt", "finishedAt", "hasError", "errorMessage", "statement", "projectId", "queryTypeId")
    VALUES ('703', '7', '2023-06-04 22:05:19.683212', '2023-06-04 22:05:23.683212', 'False', 'None', 'SELECT theater_id FROM Screenings', '5', '1');
INSERT INTO "QueryColumnAccess" ("queryId", "columnId")
    VALUES ('703', '3');
INSERT INTO "QueryTableAccess" ("queryId", "tableId")
    VALUES ('703', '5');
SELECT 'end_time' FROM Screenings;
INSERT INTO "SqlQuery" ("queryId", "userId", "issuedAt", "finishedAt", "hasError", "errorMessage", "statement", "projectId", "queryTypeId")
    VALUES ('704', '14', '2023-05-29 22:05:19.683218', '2023-05-29 22:05:21.683218', 'False', 'None', 'SELECT end_time FROM Screenings', '5', '1');
INSERT INTO "QueryColumnAccess" ("queryId", "columnId")
    VALUES ('704', '5');
INSERT INTO "QueryTableAccess" ("queryId", "tableId")
    VALUES ('704', '5');
SELECT 'screening_id' FROM Screenings;
INSERT INTO "SqlQuery" ("queryId", "userId", "issuedAt", "finishedAt", "hasError", "errorMessage", "statement", "projectId", "queryTypeId")
    VALUES ('705', '12', '2023-07-05 22:05:19.683224', '2023-07-05 22:05:21.683224', 'False', 'None', 'SELECT screening_id FROM Screenings', '5', '1');
INSERT INTO "QueryColumnAccess" ("queryId", "columnId")
    VALUES ('705', '1');
INSERT INTO "QueryTableAccess" ("queryId", "tableId")
    VALUES ('705', '5');
SELECT 'movie_id' FROM Reviews;
INSERT INTO "SqlQuery" ("queryId", "userId", "issuedAt", "finishedAt", "hasError", "errorMessage", "statement", "projectId", "queryTypeId")
    VALUES ('706', '11', '2023-05-03 22:05:19.683230', '2023-05-03 22:05:20.683230', 'False', 'None', 'SELECT movie_id FROM Reviews', '5', '1');
INSERT INTO "QueryColumnAccess" ("queryId", "columnId")
    VALUES ('706', '2');
INSERT INTO "QueryTableAccess" ("queryId", "tableId")
    VALUES ('706', '3');
SELECT 'first_name' FROM Actors;
INSERT INTO "SqlQuery" ("queryId", "userId", "issuedAt", "finishedAt", "hasError", "errorMessage", "statement", "projectId", "queryTypeId")
    VALUES ('707', '7', '2023-04-17 22:05:19.683237', '2023-04-17 22:05:23.683237', 'False', 'None', 'SELECT first_name FROM Actors', '5', '1');
INSERT INTO "QueryColumnAccess" ("queryId", "columnId")
    VALUES ('707', '2');
INSERT INTO "QueryTableAccess" ("queryId", "tableId")
    VALUES ('707', '2');
SELECT 'rating' FROM Reviews;
INSERT INTO "SqlQuery" ("queryId", "userId", "issuedAt", "finishedAt", "hasError", "errorMessage", "statement", "projectId", "queryTypeId")
    VALUES ('708', '13', '2023-05-29 22:05:19.683243', '2023-05-29 22:05:22.683243', 'False', 'None', 'SELECT rating FROM Reviews', '5', '1');
INSERT INTO "QueryColumnAccess" ("queryId", "columnId")
    VALUES ('708', '4');
INSERT INTO "QueryTableAccess" ("queryId", "tableId")
    VALUES ('708', '3');
SELECT 'duration' FROM Movies;
INSERT INTO "SqlQuery" ("queryId", "userId", "issuedAt", "finishedAt", "hasError", "errorMessage", "statement", "projectId", "queryTypeId")
    VALUES ('709', '5', '2023-06-27 22:05:19.683249', '2023-06-27 22:05:21.683249', 'False', 'None', 'SELECT duration FROM Movies', '5', '1');
INSERT INTO "QueryColumnAccess" ("queryId", "columnId")
    VALUES ('709', '6');
INSERT INTO "QueryTableAccess" ("queryId", "tableId")
    VALUES ('709', '1');
SELECT 'first_name' FROM Actors;
INSERT INTO "SqlQuery" ("queryId", "userId", "issuedAt", "finishedAt", "hasError", "errorMessage", "statement", "projectId", "queryTypeId")
    VALUES ('710', '4', '2023-06-16 22:05:19.683255', '2023-06-16 22:05:20.683255', 'False', 'None', 'SELECT first_name FROM Actors', '5', '1');
INSERT INTO "QueryColumnAccess" ("queryId", "columnId")
    VALUES ('710', '2');
INSERT INTO "QueryTableAccess" ("queryId", "tableId")
    VALUES ('710', '2');
SELECT 'movie_id' FROM Reviews;
INSERT INTO "SqlQuery" ("queryId", "userId", "issuedAt", "finishedAt", "hasError", "errorMessage", "statement", "projectId", "queryTypeId")
    VALUES ('711', '13', '2023-06-01 22:05:19.683262', '2023-06-01 22:05:23.683262', 'False', 'None', 'SELECT movie_id FROM Reviews', '5', '1');
INSERT INTO "QueryColumnAccess" ("queryId", "columnId")
    VALUES ('711', '2');
INSERT INTO "QueryTableAccess" ("queryId", "tableId")
    VALUES ('711', '3');
SELECT 'genre' FROM Movies;
INSERT INTO "SqlQuery" ("queryId", "userId", "issuedAt", "finishedAt", "hasError", "errorMessage", "statement", "projectId", "queryTypeId")
    VALUES ('712', '11', '2023-06-21 22:05:19.683268', '2023-06-21 22:05:22.683268', 'False', 'None', 'SELECT genre FROM Movies', '5', '1');
INSERT INTO "QueryColumnAccess" ("queryId", "columnId")
    VALUES ('712', '4');
INSERT INTO "QueryTableAccess" ("queryId", "tableId")
    VALUES ('712', '1');
SELECT 'theater_name' FROM Theaters;
INSERT INTO "SqlQuery" ("queryId", "userId", "issuedAt", "finishedAt", "hasError", "errorMessage", "statement", "projectId", "queryTypeId")
    VALUES ('713', '5', '2023-07-03 22:05:19.683274', '2023-07-03 22:05:23.683274', 'False', 'None', 'SELECT theater_name FROM Theaters', '5', '1');
INSERT INTO "QueryColumnAccess" ("queryId", "columnId")
    VALUES ('713', '2');
INSERT INTO "QueryTableAccess" ("queryId", "tableId")
    VALUES ('713', '4');
SELECT 'comment' FROM Reviews;
INSERT INTO "SqlQuery" ("queryId", "userId", "issuedAt", "finishedAt", "hasError", "errorMessage", "statement", "projectId", "queryTypeId")
    VALUES ('714', '11', '2023-06-10 22:05:19.683280', '2023-06-10 22:05:22.683280', 'False', 'None', 'SELECT comment FROM Reviews', '5', '1');
INSERT INTO "QueryColumnAccess" ("queryId", "columnId")
    VALUES ('714', '5');
INSERT INTO "QueryTableAccess" ("queryId", "tableId")
    VALUES ('714', '3');
SELECT 'ticket_price' FROM Screenings;
INSERT INTO "SqlQuery" ("queryId", "userId", "issuedAt", "finishedAt", "hasError", "errorMessage", "statement", "projectId", "queryTypeId")
    VALUES ('715', '9', '2023-05-22 22:05:19.683286', '2023-05-22 22:05:22.683286', 'False', 'None', 'SELECT ticket_price FROM Screenings', '5', '1');
INSERT INTO "QueryColumnAccess" ("queryId", "columnId")
    VALUES ('715', '6');
INSERT INTO "QueryTableAccess" ("queryId", "tableId")
    VALUES ('715', '5');
SELECT 'screening_id' FROM Screenings;
INSERT INTO "SqlQuery" ("queryId", "userId", "issuedAt", "finishedAt", "hasError", "errorMessage", "statement", "projectId", "queryTypeId")
    VALUES ('716', '2', '2023-06-27 22:05:19.683300', '2023-06-27 22:05:20.683300', 'False', 'None', 'SELECT screening_id FROM Screenings', '5', '1');
INSERT INTO "QueryColumnAccess" ("queryId", "columnId")
    VALUES ('716', '1');
INSERT INTO "QueryTableAccess" ("queryId", "tableId")
    VALUES ('716', '5');
SELECT 'actor_id' FROM Actors;
INSERT INTO "SqlQuery" ("queryId", "userId", "issuedAt", "finishedAt", "hasError", "errorMessage", "statement", "projectId", "queryTypeId")
    VALUES ('717', '8', '2023-05-11 22:05:19.683307', '2023-05-11 22:05:22.683307', 'False', 'None', 'SELECT actor_id FROM Actors', '5', '1');
INSERT INTO "QueryColumnAccess" ("queryId", "columnId")
    VALUES ('717', '1');
INSERT INTO "QueryTableAccess" ("queryId", "tableId")
    VALUES ('717', '2');
SELECT 'theater_name' FROM Theaters;
INSERT INTO "SqlQuery" ("queryId", "userId", "issuedAt", "finishedAt", "hasError", "errorMessage", "statement", "projectId", "queryTypeId")
    VALUES ('718', '3', '2023-05-05 22:05:19.683313', '2023-05-05 22:05:22.683313', 'False', 'None', 'SELECT theater_name FROM Theaters', '5', '1');
INSERT INTO "QueryColumnAccess" ("queryId", "columnId")
    VALUES ('718', '2');
INSERT INTO "QueryTableAccess" ("queryId", "tableId")
    VALUES ('718', '4');
SELECT 'movie_id' FROM Screenings;
INSERT INTO "SqlQuery" ("queryId", "userId", "issuedAt", "finishedAt", "hasError", "errorMessage", "statement", "projectId", "queryTypeId")
    VALUES ('719', '10', '2023-05-23 22:05:19.683320', '2023-05-23 22:05:23.683320', 'False', 'None', 'SELECT movie_id FROM Screenings', '5', '1');
INSERT INTO "QueryColumnAccess" ("queryId", "columnId")
    VALUES ('719', '2');
INSERT INTO "QueryTableAccess" ("queryId", "tableId")
    VALUES ('719', '5');
SELECT 'end_time' FROM Screenings;
INSERT INTO "SqlQuery" ("queryId", "userId", "issuedAt", "finishedAt", "hasError", "errorMessage", "statement", "projectId", "queryTypeId")
    VALUES ('720', '8', '2023-06-23 22:05:19.683326', '2023-06-23 22:05:23.683326', 'False', 'None', 'SELECT end_time FROM Screenings', '5', '1');
INSERT INTO "QueryColumnAccess" ("queryId", "columnId")
    VALUES ('720', '5');
INSERT INTO "QueryTableAccess" ("queryId", "tableId")
    VALUES ('720', '5');
SELECT 'movie_id' FROM Reviews;
INSERT INTO "SqlQuery" ("queryId", "userId", "issuedAt", "finishedAt", "hasError", "errorMessage", "statement", "projectId", "queryTypeId")
    VALUES ('721', '2', '2023-05-04 22:05:19.683332', '2023-05-04 22:05:22.683332', 'False', 'None', 'SELECT movie_id FROM Reviews', '5', '1');
INSERT INTO "QueryColumnAccess" ("queryId", "columnId")
    VALUES ('721', '2');
INSERT INTO "QueryTableAccess" ("queryId", "tableId")
    VALUES ('721', '3');
SELECT 'nationality' FROM Actors;
INSERT INTO "SqlQuery" ("queryId", "userId", "issuedAt", "finishedAt", "hasError", "errorMessage", "statement", "projectId", "queryTypeId")
    VALUES ('722', '8', '2023-07-06 22:05:19.683339', '2023-07-06 22:05:21.683339', 'False', 'None', 'SELECT nationality FROM Actors', '5', '1');
INSERT INTO "QueryColumnAccess" ("queryId", "columnId")
    VALUES ('722', '6');
INSERT INTO "QueryTableAccess" ("queryId", "tableId")
    VALUES ('722', '2');
SELECT 'genre' FROM Movies;
INSERT INTO "SqlQuery" ("queryId", "userId", "issuedAt", "finishedAt", "hasError", "errorMessage", "statement", "projectId", "queryTypeId")
    VALUES ('723', '6', '2023-06-06 22:05:19.683345', '2023-06-06 22:05:20.683345', 'False', 'None', 'SELECT genre FROM Movies', '5', '1');
INSERT INTO "QueryColumnAccess" ("queryId", "columnId")
    VALUES ('723', '4');
INSERT INTO "QueryTableAccess" ("queryId", "tableId")
    VALUES ('723', '1');
SELECT 'theater_name' FROM Theaters;
INSERT INTO "SqlQuery" ("queryId", "userId", "issuedAt", "finishedAt", "hasError", "errorMessage", "statement", "projectId", "queryTypeId")
    VALUES ('724', '9', '2023-06-29 22:05:19.683351', '2023-06-29 22:05:21.683351', 'False', 'None', 'SELECT theater_name FROM Theaters', '5', '1');
INSERT INTO "QueryColumnAccess" ("queryId", "columnId")
    VALUES ('724', '2');
INSERT INTO "QueryTableAccess" ("queryId", "tableId")
    VALUES ('724', '4');
SELECT 'capacity' FROM Theaters;
INSERT INTO "SqlQuery" ("queryId", "userId", "issuedAt", "finishedAt", "hasError", "errorMessage", "statement", "projectId", "queryTypeId")
    VALUES ('725', '12', '2023-06-28 22:05:19.683357', '2023-06-28 22:05:21.683357', 'False', 'None', 'SELECT capacity FROM Theaters', '5', '1');
INSERT INTO "QueryColumnAccess" ("queryId", "columnId")
    VALUES ('725', '4');
INSERT INTO "QueryTableAccess" ("queryId", "tableId")
    VALUES ('725', '4');
SELECT 'movie_id' FROM Movies;
INSERT INTO "SqlQuery" ("queryId", "userId", "issuedAt", "finishedAt", "hasError", "errorMessage", "statement", "projectId", "queryTypeId")
    VALUES ('726', '3', '2023-05-07 22:05:19.683363', '2023-05-07 22:05:20.683363', 'False', 'None', 'SELECT movie_id FROM Movies', '5', '1');
INSERT INTO "QueryColumnAccess" ("queryId", "columnId")
    VALUES ('726', '1');
INSERT INTO "QueryTableAccess" ("queryId", "tableId")
    VALUES ('726', '1');
SELECT 'user_id' FROM Reviews;
INSERT INTO "SqlQuery" ("queryId", "userId", "issuedAt", "finishedAt", "hasError", "errorMessage", "statement", "projectId", "queryTypeId")
    VALUES ('727', '12', '2023-07-05 22:05:19.683370', '2023-07-05 22:05:20.683370', 'False', 'None', 'SELECT user_id FROM Reviews', '5', '1');
INSERT INTO "QueryColumnAccess" ("queryId", "columnId")
    VALUES ('727', '3');
INSERT INTO "QueryTableAccess" ("queryId", "tableId")
    VALUES ('727', '3');
SELECT 'review_id' FROM Reviews;
INSERT INTO "SqlQuery" ("queryId", "userId", "issuedAt", "finishedAt", "hasError", "errorMessage", "statement", "projectId", "queryTypeId")
    VALUES ('728', '13', '2023-05-13 22:05:19.683376', '2023-05-13 22:05:23.683376', 'False', 'None', 'SELECT review_id FROM Reviews', '5', '1');
INSERT INTO "QueryColumnAccess" ("queryId", "columnId")
    VALUES ('728', '1');
INSERT INTO "QueryTableAccess" ("queryId", "tableId")
    VALUES ('728', '3');
SELECT 'movie_id' FROM Screenings;
INSERT INTO "SqlQuery" ("queryId", "userId", "issuedAt", "finishedAt", "hasError", "errorMessage", "statement", "projectId", "queryTypeId")
    VALUES ('729', '14', '2023-05-29 22:05:19.683382', '2023-05-29 22:05:20.683382', 'False', 'None', 'SELECT movie_id FROM Screenings', '5', '1');
INSERT INTO "QueryColumnAccess" ("queryId", "columnId")
    VALUES ('729', '2');
INSERT INTO "QueryTableAccess" ("queryId", "tableId")
    VALUES ('729', '5');
SELECT 'actor_id' FROM Actors;
INSERT INTO "SqlQuery" ("queryId", "userId", "issuedAt", "finishedAt", "hasError", "errorMessage", "statement", "projectId", "queryTypeId")
    VALUES ('730', '7', '2023-05-03 22:05:19.683389', '2023-05-03 22:05:23.683389', 'False', 'None', 'SELECT actor_id FROM Actors', '5', '1');
INSERT INTO "QueryColumnAccess" ("queryId", "columnId")
    VALUES ('730', '1');
INSERT INTO "QueryTableAccess" ("queryId", "tableId")
    VALUES ('730', '2');
SELECT 'end_time' FROM Screenings;
INSERT INTO "SqlQuery" ("queryId", "userId", "issuedAt", "finishedAt", "hasError", "errorMessage", "statement", "projectId", "queryTypeId")
    VALUES ('731', '3', '2023-06-02 22:05:19.683395', '2023-06-02 22:05:22.683395', 'False', 'None', 'SELECT end_time FROM Screenings', '5', '1');
INSERT INTO "QueryColumnAccess" ("queryId", "columnId")
    VALUES ('731', '5');
INSERT INTO "QueryTableAccess" ("queryId", "tableId")
    VALUES ('731', '5');
SELECT 'review_date' FROM Reviews;
INSERT INTO "SqlQuery" ("queryId", "userId", "issuedAt", "finishedAt", "hasError", "errorMessage", "statement", "projectId", "queryTypeId")
    VALUES ('732', '8', '2023-07-09 22:05:19.683401', '2023-07-09 22:05:21.683401', 'False', 'None', 'SELECT review_date FROM Reviews', '5', '1');
INSERT INTO "QueryColumnAccess" ("queryId", "columnId")
    VALUES ('732', '6');
INSERT INTO "QueryTableAccess" ("queryId", "tableId")
    VALUES ('732', '3');
SELECT 'rating' FROM Reviews;
INSERT INTO "SqlQuery" ("queryId", "userId", "issuedAt", "finishedAt", "hasError", "errorMessage", "statement", "projectId", "queryTypeId")
    VALUES ('733', '2', '2023-05-21 22:05:19.683415', '2023-05-21 22:05:20.683415', 'False', 'None', 'SELECT rating FROM Reviews', '5', '1');
INSERT INTO "QueryColumnAccess" ("queryId", "columnId")
    VALUES ('733', '4');
INSERT INTO "QueryTableAccess" ("queryId", "tableId")
    VALUES ('733', '3');
SELECT 'theater_id' FROM Theaters;
INSERT INTO "SqlQuery" ("queryId", "userId", "issuedAt", "finishedAt", "hasError", "errorMessage", "statement", "projectId", "queryTypeId")
    VALUES ('734', '13', '2023-06-10 22:05:19.683422', '2023-06-10 22:05:20.683422', 'False', 'None', 'SELECT theater_id FROM Theaters', '5', '1');
INSERT INTO "QueryColumnAccess" ("queryId", "columnId")
    VALUES ('734', '1');
INSERT INTO "QueryTableAccess" ("queryId", "tableId")
    VALUES ('734', '4');
SELECT 'rating' FROM Reviews;
INSERT INTO "SqlQuery" ("queryId", "userId", "issuedAt", "finishedAt", "hasError", "errorMessage", "statement", "projectId", "queryTypeId")
    VALUES ('735', '13', '2023-06-28 22:05:19.683428', '2023-06-28 22:05:23.683428', 'False', 'None', 'SELECT rating FROM Reviews', '5', '1');
INSERT INTO "QueryColumnAccess" ("queryId", "columnId")
    VALUES ('735', '4');
INSERT INTO "QueryTableAccess" ("queryId", "tableId")
    VALUES ('735', '3');
SELECT 'comment' FROM Reviews;
INSERT INTO "SqlQuery" ("queryId", "userId", "issuedAt", "finishedAt", "hasError", "errorMessage", "statement", "projectId", "queryTypeId")
    VALUES ('736', '12', '2023-06-20 22:05:19.683434', '2023-06-20 22:05:21.683434', 'False', 'None', 'SELECT comment FROM Reviews', '5', '1');
INSERT INTO "QueryColumnAccess" ("queryId", "columnId")
    VALUES ('736', '5');
INSERT INTO "QueryTableAccess" ("queryId", "tableId")
    VALUES ('736', '3');
SELECT 'start_time' FROM Screenings;
INSERT INTO "SqlQuery" ("queryId", "userId", "issuedAt", "finishedAt", "hasError", "errorMessage", "statement", "projectId", "queryTypeId")
    VALUES ('737', '9', '2023-04-22 22:05:19.683441', '2023-04-22 22:05:21.683441', 'False', 'None', 'SELECT start_time FROM Screenings', '5', '1');
INSERT INTO "QueryColumnAccess" ("queryId", "columnId")
    VALUES ('737', '4');
INSERT INTO "QueryTableAccess" ("queryId", "tableId")
    VALUES ('737', '5');
SELECT 'actor_id' FROM Actors;
INSERT INTO "SqlQuery" ("queryId", "userId", "issuedAt", "finishedAt", "hasError", "errorMessage", "statement", "projectId", "queryTypeId")
    VALUES ('738', '15', '2023-05-13 22:05:19.683447', '2023-05-13 22:05:20.683447', 'False', 'None', 'SELECT actor_id FROM Actors', '5', '1');
INSERT INTO "QueryColumnAccess" ("queryId", "columnId")
    VALUES ('738', '1');
INSERT INTO "QueryTableAccess" ("queryId", "tableId")
    VALUES ('738', '2');
SELECT 'rating' FROM Reviews;
INSERT INTO "SqlQuery" ("queryId", "userId", "issuedAt", "finishedAt", "hasError", "errorMessage", "statement", "projectId", "queryTypeId")
    VALUES ('739', '7', '2023-04-16 22:05:19.683453', '2023-04-16 22:05:23.683453', 'False', 'None', 'SELECT rating FROM Reviews', '5', '1');
INSERT INTO "QueryColumnAccess" ("queryId", "columnId")
    VALUES ('739', '4');
INSERT INTO "QueryTableAccess" ("queryId", "tableId")
    VALUES ('739', '3');
SELECT 'actor_id' FROM Actors;
INSERT INTO "SqlQuery" ("queryId", "userId", "issuedAt", "finishedAt", "hasError", "errorMessage", "statement", "projectId", "queryTypeId")
    VALUES ('740', '13', '2023-04-19 22:05:19.683460', '2023-04-19 22:05:22.683460', 'False', 'None', 'SELECT actor_id FROM Actors', '5', '1');
INSERT INTO "QueryColumnAccess" ("queryId", "columnId")
    VALUES ('740', '1');
INSERT INTO "QueryTableAccess" ("queryId", "tableId")
    VALUES ('740', '2');
SELECT 'title' FROM Movies;
INSERT INTO "SqlQuery" ("queryId", "userId", "issuedAt", "finishedAt", "hasError", "errorMessage", "statement", "projectId", "queryTypeId")
    VALUES ('741', '12', '2023-05-27 22:05:19.683466', '2023-05-27 22:05:21.683466', 'False', 'None', 'SELECT title FROM Movies', '5', '1');
INSERT INTO "QueryColumnAccess" ("queryId", "columnId")
    VALUES ('741', '2');
INSERT INTO "QueryTableAccess" ("queryId", "tableId")
    VALUES ('741', '1');
SELECT 'theater_id' FROM Theaters;
INSERT INTO "SqlQuery" ("queryId", "userId", "issuedAt", "finishedAt", "hasError", "errorMessage", "statement", "projectId", "queryTypeId")
    VALUES ('742', '6', '2023-06-01 22:05:19.683472', '2023-06-01 22:05:21.683472', 'False', 'None', 'SELECT theater_id FROM Theaters', '5', '1');
INSERT INTO "QueryColumnAccess" ("queryId", "columnId")
    VALUES ('742', '1');
INSERT INTO "QueryTableAccess" ("queryId", "tableId")
    VALUES ('742', '4');
SELECT 'duration' FROM Movies;
INSERT INTO "SqlQuery" ("queryId", "userId", "issuedAt", "finishedAt", "hasError", "errorMessage", "statement", "projectId", "queryTypeId")
    VALUES ('743', '11', '2023-06-23 22:05:19.683478', '2023-06-23 22:05:22.683478', 'False', 'None', 'SELECT duration FROM Movies', '5', '1');
INSERT INTO "QueryColumnAccess" ("queryId", "columnId")
    VALUES ('743', '6');
INSERT INTO "QueryTableAccess" ("queryId", "tableId")
    VALUES ('743', '1');
SELECT 'genre' FROM Movies;
INSERT INTO "SqlQuery" ("queryId", "userId", "issuedAt", "finishedAt", "hasError", "errorMessage", "statement", "projectId", "queryTypeId")
    VALUES ('744', '6', '2023-05-02 22:05:19.683485', '2023-05-02 22:05:20.683485', 'False', 'None', 'SELECT genre FROM Movies', '5', '1');
INSERT INTO "QueryColumnAccess" ("queryId", "columnId")
    VALUES ('744', '4');
INSERT INTO "QueryTableAccess" ("queryId", "tableId")
    VALUES ('744', '1');
SELECT 'title' FROM Movies;
INSERT INTO "SqlQuery" ("queryId", "userId", "issuedAt", "finishedAt", "hasError", "errorMessage", "statement", "projectId", "queryTypeId")
    VALUES ('745', '15', '2023-07-05 22:05:19.683491', '2023-07-05 22:05:20.683491', 'False', 'None', 'SELECT title FROM Movies', '5', '1');
INSERT INTO "QueryColumnAccess" ("queryId", "columnId")
    VALUES ('745', '2');
INSERT INTO "QueryTableAccess" ("queryId", "tableId")
    VALUES ('745', '1');
SELECT 'screening_id' FROM Screenings;
INSERT INTO "SqlQuery" ("queryId", "userId", "issuedAt", "finishedAt", "hasError", "errorMessage", "statement", "projectId", "queryTypeId")
    VALUES ('746', '10', '2023-07-04 22:05:19.683497', '2023-07-04 22:05:20.683497', 'False', 'None', 'SELECT screening_id FROM Screenings', '5', '1');
INSERT INTO "QueryColumnAccess" ("queryId", "columnId")
    VALUES ('746', '1');
INSERT INTO "QueryTableAccess" ("queryId", "tableId")
    VALUES ('746', '5');
SELECT 'theater_name' FROM Theaters;
INSERT INTO "SqlQuery" ("queryId", "userId", "issuedAt", "finishedAt", "hasError", "errorMessage", "statement", "projectId", "queryTypeId")
    VALUES ('747', '2', '2023-04-30 22:05:19.683504', '2023-04-30 22:05:21.683504', 'False', 'None', 'SELECT theater_name FROM Theaters', '5', '1');
INSERT INTO "QueryColumnAccess" ("queryId", "columnId")
    VALUES ('747', '2');
INSERT INTO "QueryTableAccess" ("queryId", "tableId")
    VALUES ('747', '4');
SELECT 'genre' FROM Movies;
INSERT INTO "SqlQuery" ("queryId", "userId", "issuedAt", "finishedAt", "hasError", "errorMessage", "statement", "projectId", "queryTypeId")
    VALUES ('748', '12', '2023-06-10 22:05:19.683510', '2023-06-10 22:05:22.683510', 'False', 'None', 'SELECT genre FROM Movies', '5', '1');
INSERT INTO "QueryColumnAccess" ("queryId", "columnId")
    VALUES ('748', '4');
INSERT INTO "QueryTableAccess" ("queryId", "tableId")
    VALUES ('748', '1');
SELECT 'movie_id' FROM Reviews;
INSERT INTO "SqlQuery" ("queryId", "userId", "issuedAt", "finishedAt", "hasError", "errorMessage", "statement", "projectId", "queryTypeId")
    VALUES ('749', '7', '2023-07-05 22:05:19.683516', '2023-07-05 22:05:23.683516', 'False', 'None', 'SELECT movie_id FROM Reviews', '5', '1');
INSERT INTO "QueryColumnAccess" ("queryId", "columnId")
    VALUES ('749', '2');
INSERT INTO "QueryTableAccess" ("queryId", "tableId")
    VALUES ('749', '3');
SELECT 'movie_id' FROM Movies;
INSERT INTO "SqlQuery" ("queryId", "userId", "issuedAt", "finishedAt", "hasError", "errorMessage", "statement", "projectId", "queryTypeId")
    VALUES ('750', '9', '2023-06-22 22:05:19.683526', '2023-06-22 22:05:22.683526', 'False', 'None', 'SELECT movie_id FROM Movies', '5', '1');
INSERT INTO "QueryColumnAccess" ("queryId", "columnId")
    VALUES ('750', '1');
INSERT INTO "QueryTableAccess" ("queryId", "tableId")
    VALUES ('750', '1');
SELECT 'capacity' FROM Theaters;
INSERT INTO "SqlQuery" ("queryId", "userId", "issuedAt", "finishedAt", "hasError", "errorMessage", "statement", "projectId", "queryTypeId")
    VALUES ('751', '9', '2023-06-09 22:05:19.683532', '2023-06-09 22:05:22.683532', 'False', 'None', 'SELECT capacity FROM Theaters', '5', '1');
INSERT INTO "QueryColumnAccess" ("queryId", "columnId")
    VALUES ('751', '4');
INSERT INTO "QueryTableAccess" ("queryId", "tableId")
    VALUES ('751', '4');
SELECT 'gender' FROM Actors;
INSERT INTO "SqlQuery" ("queryId", "userId", "issuedAt", "finishedAt", "hasError", "errorMessage", "statement", "projectId", "queryTypeId")
    VALUES ('752', '8', '2023-06-18 22:05:19.683538', '2023-06-18 22:05:23.683538', 'False', 'None', 'SELECT gender FROM Actors', '5', '1');
INSERT INTO "QueryColumnAccess" ("queryId", "columnId")
    VALUES ('752', '5');
INSERT INTO "QueryTableAccess" ("queryId", "tableId")
    VALUES ('752', '2');
SELECT 'theater_id' FROM Screenings;
INSERT INTO "SqlQuery" ("queryId", "userId", "issuedAt", "finishedAt", "hasError", "errorMessage", "statement", "projectId", "queryTypeId")
    VALUES ('753', '6', '2023-06-30 22:05:19.683545', '2023-06-30 22:05:21.683545', 'False', 'None', 'SELECT theater_id FROM Screenings', '5', '1');
INSERT INTO "QueryColumnAccess" ("queryId", "columnId")
    VALUES ('753', '3');
INSERT INTO "QueryTableAccess" ("queryId", "tableId")
    VALUES ('753', '5');
SELECT 'phone_number' FROM Theaters;
INSERT INTO "SqlQuery" ("queryId", "userId", "issuedAt", "finishedAt", "hasError", "errorMessage", "statement", "projectId", "queryTypeId")
    VALUES ('754', '6', '2023-07-08 22:05:19.683551', '2023-07-08 22:05:20.683551', 'False', 'None', 'SELECT phone_number FROM Theaters', '5', '1');
INSERT INTO "QueryColumnAccess" ("queryId", "columnId")
    VALUES ('754', '5');
INSERT INTO "QueryTableAccess" ("queryId", "tableId")
    VALUES ('754', '4');
SELECT 'theater_id' FROM Theaters;
INSERT INTO "SqlQuery" ("queryId", "userId", "issuedAt", "finishedAt", "hasError", "errorMessage", "statement", "projectId", "queryTypeId")
    VALUES ('755', '13', '2023-04-29 22:05:19.683557', '2023-04-29 22:05:22.683557', 'False', 'None', 'SELECT theater_id FROM Theaters', '5', '1');
INSERT INTO "QueryColumnAccess" ("queryId", "columnId")
    VALUES ('755', '1');
INSERT INTO "QueryTableAccess" ("queryId", "tableId")
    VALUES ('755', '4');
SELECT 'gender' FROM Actors;
INSERT INTO "SqlQuery" ("queryId", "userId", "issuedAt", "finishedAt", "hasError", "errorMessage", "statement", "projectId", "queryTypeId")
    VALUES ('756', '4', '2023-06-29 22:05:19.683563', '2023-06-29 22:05:23.683563', 'False', 'None', 'SELECT gender FROM Actors', '5', '1');
INSERT INTO "QueryColumnAccess" ("queryId", "columnId")
    VALUES ('756', '5');
INSERT INTO "QueryTableAccess" ("queryId", "tableId")
    VALUES ('756', '2');
SELECT 'movie_id' FROM Reviews;
INSERT INTO "SqlQuery" ("queryId", "userId", "issuedAt", "finishedAt", "hasError", "errorMessage", "statement", "projectId", "queryTypeId")
    VALUES ('757', '7', '2023-06-14 22:05:19.683570', '2023-06-14 22:05:20.683570', 'False', 'None', 'SELECT movie_id FROM Reviews', '5', '1');
INSERT INTO "QueryColumnAccess" ("queryId", "columnId")
    VALUES ('757', '2');
INSERT INTO "QueryTableAccess" ("queryId", "tableId")
    VALUES ('757', '3');
SELECT 'genre' FROM Movies;
INSERT INTO "SqlQuery" ("queryId", "userId", "issuedAt", "finishedAt", "hasError", "errorMessage", "statement", "projectId", "queryTypeId")
    VALUES ('758', '2', '2023-04-18 22:05:19.683576', '2023-04-18 22:05:22.683576', 'False', 'None', 'SELECT genre FROM Movies', '5', '1');
INSERT INTO "QueryColumnAccess" ("queryId", "columnId")
    VALUES ('758', '4');
INSERT INTO "QueryTableAccess" ("queryId", "tableId")
    VALUES ('758', '1');
SELECT 'duration' FROM Movies;
INSERT INTO "SqlQuery" ("queryId", "userId", "issuedAt", "finishedAt", "hasError", "errorMessage", "statement", "projectId", "queryTypeId")
    VALUES ('759', '13', '2023-07-08 22:05:19.683582', '2023-07-08 22:05:20.683582', 'False', 'None', 'SELECT duration FROM Movies', '5', '1');
INSERT INTO "QueryColumnAccess" ("queryId", "columnId")
    VALUES ('759', '6');
INSERT INTO "QueryTableAccess" ("queryId", "tableId")
    VALUES ('759', '1');
SELECT 'user_id' FROM Reviews;
INSERT INTO "SqlQuery" ("queryId", "userId", "issuedAt", "finishedAt", "hasError", "errorMessage", "statement", "projectId", "queryTypeId")
    VALUES ('760', '11', '2023-07-07 22:05:19.683588', '2023-07-07 22:05:23.683588', 'False', 'None', 'SELECT user_id FROM Reviews', '5', '1');
INSERT INTO "QueryColumnAccess" ("queryId", "columnId")
    VALUES ('760', '3');
INSERT INTO "QueryTableAccess" ("queryId", "tableId")
    VALUES ('760', '3');
SELECT 'actor_id' FROM Actors;
INSERT INTO "SqlQuery" ("queryId", "userId", "issuedAt", "finishedAt", "hasError", "errorMessage", "statement", "projectId", "queryTypeId")
    VALUES ('761', '5', '2023-05-13 22:05:19.683595', '2023-05-13 22:05:23.683595', 'False', 'None', 'SELECT actor_id FROM Actors', '5', '1');
INSERT INTO "QueryColumnAccess" ("queryId", "columnId")
    VALUES ('761', '1');
INSERT INTO "QueryTableAccess" ("queryId", "tableId")
    VALUES ('761', '2');
SELECT 'rating' FROM Reviews;
INSERT INTO "SqlQuery" ("queryId", "userId", "issuedAt", "finishedAt", "hasError", "errorMessage", "statement", "projectId", "queryTypeId")
    VALUES ('762', '9', '2023-05-29 22:05:19.683601', '2023-05-29 22:05:22.683601', 'False', 'None', 'SELECT rating FROM Reviews', '5', '1');
INSERT INTO "QueryColumnAccess" ("queryId", "columnId")
    VALUES ('762', '4');
INSERT INTO "QueryTableAccess" ("queryId", "tableId")
    VALUES ('762', '3');
SELECT 'user_id' FROM Reviews;
INSERT INTO "SqlQuery" ("queryId", "userId", "issuedAt", "finishedAt", "hasError", "errorMessage", "statement", "projectId", "queryTypeId")
    VALUES ('763', '1', '2023-05-27 22:05:19.683607', '2023-05-27 22:05:21.683607', 'False', 'None', 'SELECT user_id FROM Reviews', '5', '1');
INSERT INTO "QueryColumnAccess" ("queryId", "columnId")
    VALUES ('763', '3');
INSERT INTO "QueryTableAccess" ("queryId", "tableId")
    VALUES ('763', '3');
SELECT 'actor_id' FROM Actors;
INSERT INTO "SqlQuery" ("queryId", "userId", "issuedAt", "finishedAt", "hasError", "errorMessage", "statement", "projectId", "queryTypeId")
    VALUES ('764', '14', '2023-04-15 22:05:19.683613', '2023-04-15 22:05:21.683613', 'False', 'None', 'SELECT actor_id FROM Actors', '5', '1');
INSERT INTO "QueryColumnAccess" ("queryId", "columnId")
    VALUES ('764', '1');
INSERT INTO "QueryTableAccess" ("queryId", "tableId")
    VALUES ('764', '2');
SELECT 'capacity' FROM Theaters;
INSERT INTO "SqlQuery" ("queryId", "userId", "issuedAt", "finishedAt", "hasError", "errorMessage", "statement", "projectId", "queryTypeId")
    VALUES ('765', '2', '2023-05-19 22:05:19.683619', '2023-05-19 22:05:21.683619', 'False', 'None', 'SELECT capacity FROM Theaters', '5', '1');
INSERT INTO "QueryColumnAccess" ("queryId", "columnId")
    VALUES ('765', '4');
INSERT INTO "QueryTableAccess" ("queryId", "tableId")
    VALUES ('765', '4');
SELECT 'screening_id' FROM Screenings;
INSERT INTO "SqlQuery" ("queryId", "userId", "issuedAt", "finishedAt", "hasError", "errorMessage", "statement", "projectId", "queryTypeId")
    VALUES ('766', '10', '2023-05-15 22:05:19.683626', '2023-05-15 22:05:21.683626', 'False', 'None', 'SELECT screening_id FROM Screenings', '5', '1');
INSERT INTO "QueryColumnAccess" ("queryId", "columnId")
    VALUES ('766', '1');
INSERT INTO "QueryTableAccess" ("queryId", "tableId")
    VALUES ('766', '5');
SELECT 'movie_id' FROM Screenings;
INSERT INTO "SqlQuery" ("queryId", "userId", "issuedAt", "finishedAt", "hasError", "errorMessage", "statement", "projectId", "queryTypeId")
    VALUES ('767', '2', '2023-06-06 22:05:19.683639', '2023-06-06 22:05:23.683639', 'False', 'None', 'SELECT movie_id FROM Screenings', '5', '1');
INSERT INTO "QueryColumnAccess" ("queryId", "columnId")
    VALUES ('767', '2');
INSERT INTO "QueryTableAccess" ("queryId", "tableId")
    VALUES ('767', '5');
SELECT 'duration' FROM Movies;
INSERT INTO "SqlQuery" ("queryId", "userId", "issuedAt", "finishedAt", "hasError", "errorMessage", "statement", "projectId", "queryTypeId")
    VALUES ('768', '2', '2023-06-09 22:05:19.683646', '2023-06-09 22:05:20.683646', 'False', 'None', 'SELECT duration FROM Movies', '5', '1');
INSERT INTO "QueryColumnAccess" ("queryId", "columnId")
    VALUES ('768', '6');
INSERT INTO "QueryTableAccess" ("queryId", "tableId")
    VALUES ('768', '1');
SELECT 'movie_id' FROM Screenings;
INSERT INTO "SqlQuery" ("queryId", "userId", "issuedAt", "finishedAt", "hasError", "errorMessage", "statement", "projectId", "queryTypeId")
    VALUES ('769', '4', '2023-06-13 22:05:19.683652', '2023-06-13 22:05:23.683652', 'False', 'None', 'SELECT movie_id FROM Screenings', '5', '1');
INSERT INTO "QueryColumnAccess" ("queryId", "columnId")
    VALUES ('769', '2');
INSERT INTO "QueryTableAccess" ("queryId", "tableId")
    VALUES ('769', '5');
SELECT 'last_name' FROM Actors;
INSERT INTO "SqlQuery" ("queryId", "userId", "issuedAt", "finishedAt", "hasError", "errorMessage", "statement", "projectId", "queryTypeId")
    VALUES ('770', '8', '2023-07-07 22:05:19.683658', '2023-07-07 22:05:23.683658', 'False', 'None', 'SELECT last_name FROM Actors', '5', '1');
INSERT INTO "QueryColumnAccess" ("queryId", "columnId")
    VALUES ('770', '3');
INSERT INTO "QueryTableAccess" ("queryId", "tableId")
    VALUES ('770', '2');
SELECT 'review_id' FROM Reviews;
INSERT INTO "SqlQuery" ("queryId", "userId", "issuedAt", "finishedAt", "hasError", "errorMessage", "statement", "projectId", "queryTypeId")
    VALUES ('771', '11', '2023-06-18 22:05:19.683665', '2023-06-18 22:05:21.683665', 'False', 'None', 'SELECT review_id FROM Reviews', '5', '1');
INSERT INTO "QueryColumnAccess" ("queryId", "columnId")
    VALUES ('771', '1');
INSERT INTO "QueryTableAccess" ("queryId", "tableId")
    VALUES ('771', '3');
SELECT 'review_date' FROM Reviews;
INSERT INTO "SqlQuery" ("queryId", "userId", "issuedAt", "finishedAt", "hasError", "errorMessage", "statement", "projectId", "queryTypeId")
    VALUES ('772', '3', '2023-07-09 22:05:19.683671', '2023-07-09 22:05:22.683671', 'False', 'None', 'SELECT review_date FROM Reviews', '5', '1');
INSERT INTO "QueryColumnAccess" ("queryId", "columnId")
    VALUES ('772', '6');
INSERT INTO "QueryTableAccess" ("queryId", "tableId")
    VALUES ('772', '3');
SELECT 'theater_id' FROM Theaters;
INSERT INTO "SqlQuery" ("queryId", "userId", "issuedAt", "finishedAt", "hasError", "errorMessage", "statement", "projectId", "queryTypeId")
    VALUES ('773', '5', '2023-05-03 22:05:19.683677', '2023-05-03 22:05:23.683677', 'False', 'None', 'SELECT theater_id FROM Theaters', '5', '1');
INSERT INTO "QueryColumnAccess" ("queryId", "columnId")
    VALUES ('773', '1');
INSERT INTO "QueryTableAccess" ("queryId", "tableId")
    VALUES ('773', '4');
SELECT 'movie_id' FROM Reviews;
INSERT INTO "SqlQuery" ("queryId", "userId", "issuedAt", "finishedAt", "hasError", "errorMessage", "statement", "projectId", "queryTypeId")
    VALUES ('774', '6', '2023-07-02 22:05:19.683684', '2023-07-02 22:05:23.683684', 'False', 'None', 'SELECT movie_id FROM Reviews', '5', '1');
INSERT INTO "QueryColumnAccess" ("queryId", "columnId")
    VALUES ('774', '2');
INSERT INTO "QueryTableAccess" ("queryId", "tableId")
    VALUES ('774', '3');
SELECT 'start_time' FROM Screenings;
INSERT INTO "SqlQuery" ("queryId", "userId", "issuedAt", "finishedAt", "hasError", "errorMessage", "statement", "projectId", "queryTypeId")
    VALUES ('775', '10', '2023-04-20 22:05:19.683690', '2023-04-20 22:05:20.683690', 'False', 'None', 'SELECT start_time FROM Screenings', '5', '1');
INSERT INTO "QueryColumnAccess" ("queryId", "columnId")
    VALUES ('775', '4');
INSERT INTO "QueryTableAccess" ("queryId", "tableId")
    VALUES ('775', '5');
SELECT 'duration' FROM Movies;
INSERT INTO "SqlQuery" ("queryId", "userId", "issuedAt", "finishedAt", "hasError", "errorMessage", "statement", "projectId", "queryTypeId")
    VALUES ('776', '13', '2023-07-04 22:05:19.683696', '2023-07-04 22:05:21.683696', 'False', 'None', 'SELECT duration FROM Movies', '5', '1');
INSERT INTO "QueryColumnAccess" ("queryId", "columnId")
    VALUES ('776', '6');
INSERT INTO "QueryTableAccess" ("queryId", "tableId")
    VALUES ('776', '1');
SELECT 'director' FROM Movies;
INSERT INTO "SqlQuery" ("queryId", "userId", "issuedAt", "finishedAt", "hasError", "errorMessage", "statement", "projectId", "queryTypeId")
    VALUES ('777', '2', '2023-06-05 22:05:19.683702', '2023-06-05 22:05:22.683702', 'False', 'None', 'SELECT director FROM Movies', '5', '1');
INSERT INTO "QueryColumnAccess" ("queryId", "columnId")
    VALUES ('777', '5');
INSERT INTO "QueryTableAccess" ("queryId", "tableId")
    VALUES ('777', '1');
SELECT 'comment' FROM Reviews;
INSERT INTO "SqlQuery" ("queryId", "userId", "issuedAt", "finishedAt", "hasError", "errorMessage", "statement", "projectId", "queryTypeId")
    VALUES ('778', '8', '2023-04-16 22:05:19.683709', '2023-04-16 22:05:21.683709', 'False', 'None', 'SELECT comment FROM Reviews', '5', '1');
INSERT INTO "QueryColumnAccess" ("queryId", "columnId")
    VALUES ('778', '5');
INSERT INTO "QueryTableAccess" ("queryId", "tableId")
    VALUES ('778', '3');
SELECT 'theater_name' FROM Theaters;
INSERT INTO "SqlQuery" ("queryId", "userId", "issuedAt", "finishedAt", "hasError", "errorMessage", "statement", "projectId", "queryTypeId")
    VALUES ('779', '3', '2023-05-06 22:05:19.683715', '2023-05-06 22:05:21.683715', 'False', 'None', 'SELECT theater_name FROM Theaters', '5', '1');
INSERT INTO "QueryColumnAccess" ("queryId", "columnId")
    VALUES ('779', '2');
INSERT INTO "QueryTableAccess" ("queryId", "tableId")
    VALUES ('779', '4');
SELECT 'capacity' FROM Theaters;
INSERT INTO "SqlQuery" ("queryId", "userId", "issuedAt", "finishedAt", "hasError", "errorMessage", "statement", "projectId", "queryTypeId")
    VALUES ('780', '2', '2023-05-22 22:05:19.683721', '2023-05-22 22:05:21.683721', 'False', 'None', 'SELECT capacity FROM Theaters', '5', '1');
INSERT INTO "QueryColumnAccess" ("queryId", "columnId")
    VALUES ('780', '4');
INSERT INTO "QueryTableAccess" ("queryId", "tableId")
    VALUES ('780', '4');
SELECT 'capacity' FROM Theaters;
INSERT INTO "SqlQuery" ("queryId", "userId", "issuedAt", "finishedAt", "hasError", "errorMessage", "statement", "projectId", "queryTypeId")
    VALUES ('781', '15', '2023-05-12 22:05:19.683727', '2023-05-12 22:05:20.683727', 'False', 'None', 'SELECT capacity FROM Theaters', '5', '1');
INSERT INTO "QueryColumnAccess" ("queryId", "columnId")
    VALUES ('781', '4');
INSERT INTO "QueryTableAccess" ("queryId", "tableId")
    VALUES ('781', '4');
SELECT 'last_name' FROM Actors;
INSERT INTO "SqlQuery" ("queryId", "userId", "issuedAt", "finishedAt", "hasError", "errorMessage", "statement", "projectId", "queryTypeId")
    VALUES ('782', '8', '2023-04-20 22:05:19.683733', '2023-04-20 22:05:20.683733', 'False', 'None', 'SELECT last_name FROM Actors', '5', '1');
INSERT INTO "QueryColumnAccess" ("queryId", "columnId")
    VALUES ('782', '3');
INSERT INTO "QueryTableAccess" ("queryId", "tableId")
    VALUES ('782', '2');
SELECT 'theater_id' FROM Theaters;
INSERT INTO "SqlQuery" ("queryId", "userId", "issuedAt", "finishedAt", "hasError", "errorMessage", "statement", "projectId", "queryTypeId")
    VALUES ('783', '11', '2023-05-11 22:05:19.683739', '2023-05-11 22:05:22.683739', 'False', 'None', 'SELECT theater_id FROM Theaters', '5', '1');
INSERT INTO "QueryColumnAccess" ("queryId", "columnId")
    VALUES ('783', '1');
INSERT INTO "QueryTableAccess" ("queryId", "tableId")
    VALUES ('783', '4');
SELECT 'location' FROM Theaters;
INSERT INTO "SqlQuery" ("queryId", "userId", "issuedAt", "finishedAt", "hasError", "errorMessage", "statement", "projectId", "queryTypeId")
    VALUES ('784', '14', '2023-07-04 22:05:19.683749', '2023-07-04 22:05:23.683749', 'False', 'None', 'SELECT location FROM Theaters', '5', '1');
INSERT INTO "QueryColumnAccess" ("queryId", "columnId")
    VALUES ('784', '3');
INSERT INTO "QueryTableAccess" ("queryId", "tableId")
    VALUES ('784', '4');
SELECT 'movie_id' FROM Movies;
INSERT INTO "SqlQuery" ("queryId", "userId", "issuedAt", "finishedAt", "hasError", "errorMessage", "statement", "projectId", "queryTypeId")
    VALUES ('785', '8', '2023-04-12 22:05:19.683755', '2023-04-12 22:05:23.683755', 'False', 'None', 'SELECT movie_id FROM Movies', '5', '1');
INSERT INTO "QueryColumnAccess" ("queryId", "columnId")
    VALUES ('785', '1');
INSERT INTO "QueryTableAccess" ("queryId", "tableId")
    VALUES ('785', '1');
SELECT 'last_name' FROM Actors;
INSERT INTO "SqlQuery" ("queryId", "userId", "issuedAt", "finishedAt", "hasError", "errorMessage", "statement", "projectId", "queryTypeId")
    VALUES ('786', '15', '2023-05-14 22:05:19.683762', '2023-05-14 22:05:22.683762', 'False', 'None', 'SELECT last_name FROM Actors', '5', '1');
INSERT INTO "QueryColumnAccess" ("queryId", "columnId")
    VALUES ('786', '3');
INSERT INTO "QueryTableAccess" ("queryId", "tableId")
    VALUES ('786', '2');
SELECT 'location' FROM Theaters;
INSERT INTO "SqlQuery" ("queryId", "userId", "issuedAt", "finishedAt", "hasError", "errorMessage", "statement", "projectId", "queryTypeId")
    VALUES ('787', '13', '2023-07-01 22:05:19.683768', '2023-07-01 22:05:23.683768', 'False', 'None', 'SELECT location FROM Theaters', '5', '1');
INSERT INTO "QueryColumnAccess" ("queryId", "columnId")
    VALUES ('787', '3');
INSERT INTO "QueryTableAccess" ("queryId", "tableId")
    VALUES ('787', '4');
SELECT 'first_name' FROM Actors;
INSERT INTO "SqlQuery" ("queryId", "userId", "issuedAt", "finishedAt", "hasError", "errorMessage", "statement", "projectId", "queryTypeId")
    VALUES ('788', '2', '2023-04-21 22:05:19.683774', '2023-04-21 22:05:22.683774', 'False', 'None', 'SELECT first_name FROM Actors', '5', '1');
INSERT INTO "QueryColumnAccess" ("queryId", "columnId")
    VALUES ('788', '2');
INSERT INTO "QueryTableAccess" ("queryId", "tableId")
    VALUES ('788', '2');
SELECT 'user_id' FROM Reviews;
INSERT INTO "SqlQuery" ("queryId", "userId", "issuedAt", "finishedAt", "hasError", "errorMessage", "statement", "projectId", "queryTypeId")
    VALUES ('789', '7', '2023-06-20 22:05:19.683780', '2023-06-20 22:05:22.683780', 'False', 'None', 'SELECT user_id FROM Reviews', '5', '1');
INSERT INTO "QueryColumnAccess" ("queryId", "columnId")
    VALUES ('789', '3');
INSERT INTO "QueryTableAccess" ("queryId", "tableId")
    VALUES ('789', '3');
SELECT 'screening_id' FROM Screenings;
INSERT INTO "SqlQuery" ("queryId", "userId", "issuedAt", "finishedAt", "hasError", "errorMessage", "statement", "projectId", "queryTypeId")
    VALUES ('790', '10', '2023-07-01 22:05:19.683786', '2023-07-01 22:05:21.683786', 'False', 'None', 'SELECT screening_id FROM Screenings', '5', '1');
INSERT INTO "QueryColumnAccess" ("queryId", "columnId")
    VALUES ('790', '1');
INSERT INTO "QueryTableAccess" ("queryId", "tableId")
    VALUES ('790', '5');
SELECT 'rating' FROM Reviews;
INSERT INTO "SqlQuery" ("queryId", "userId", "issuedAt", "finishedAt", "hasError", "errorMessage", "statement", "projectId", "queryTypeId")
    VALUES ('791', '12', '2023-06-09 22:05:19.683792', '2023-06-09 22:05:23.683792', 'False', 'None', 'SELECT rating FROM Reviews', '5', '1');
INSERT INTO "QueryColumnAccess" ("queryId", "columnId")
    VALUES ('791', '4');
INSERT INTO "QueryTableAccess" ("queryId", "tableId")
    VALUES ('791', '3');
SELECT 'screening_id' FROM Screenings;
INSERT INTO "SqlQuery" ("queryId", "userId", "issuedAt", "finishedAt", "hasError", "errorMessage", "statement", "projectId", "queryTypeId")
    VALUES ('792', '3', '2023-04-29 22:05:19.683799', '2023-04-29 22:05:20.683799', 'False', 'None', 'SELECT screening_id FROM Screenings', '5', '1');
INSERT INTO "QueryColumnAccess" ("queryId", "columnId")
    VALUES ('792', '1');
INSERT INTO "QueryTableAccess" ("queryId", "tableId")
    VALUES ('792', '5');
SELECT 'actor_id' FROM Actors;
INSERT INTO "SqlQuery" ("queryId", "userId", "issuedAt", "finishedAt", "hasError", "errorMessage", "statement", "projectId", "queryTypeId")
    VALUES ('793', '10', '2023-04-18 22:05:19.683805', '2023-04-18 22:05:20.683805', 'False', 'None', 'SELECT actor_id FROM Actors', '5', '1');
INSERT INTO "QueryColumnAccess" ("queryId", "columnId")
    VALUES ('793', '1');
INSERT INTO "QueryTableAccess" ("queryId", "tableId")
    VALUES ('793', '2');
SELECT 'ticket_price' FROM Screenings;
INSERT INTO "SqlQuery" ("queryId", "userId", "issuedAt", "finishedAt", "hasError", "errorMessage", "statement", "projectId", "queryTypeId")
    VALUES ('794', '6', '2023-04-25 22:05:19.683811', '2023-04-25 22:05:22.683811', 'False', 'None', 'SELECT ticket_price FROM Screenings', '5', '1');
INSERT INTO "QueryColumnAccess" ("queryId", "columnId")
    VALUES ('794', '6');
INSERT INTO "QueryTableAccess" ("queryId", "tableId")
    VALUES ('794', '5');
SELECT 'end_time' FROM Screenings;
INSERT INTO "SqlQuery" ("queryId", "userId", "issuedAt", "finishedAt", "hasError", "errorMessage", "statement", "projectId", "queryTypeId")
    VALUES ('795', '7', '2023-06-14 22:05:19.683817', '2023-06-14 22:05:21.683817', 'False', 'None', 'SELECT end_time FROM Screenings', '5', '1');
INSERT INTO "QueryColumnAccess" ("queryId", "columnId")
    VALUES ('795', '5');
INSERT INTO "QueryTableAccess" ("queryId", "tableId")
    VALUES ('795', '5');
SELECT 'theater_id' FROM Screenings;
INSERT INTO "SqlQuery" ("queryId", "userId", "issuedAt", "finishedAt", "hasError", "errorMessage", "statement", "projectId", "queryTypeId")
    VALUES ('796', '8', '2023-06-11 22:05:19.683824', '2023-06-11 22:05:21.683824', 'False', 'None', 'SELECT theater_id FROM Screenings', '5', '1');
INSERT INTO "QueryColumnAccess" ("queryId", "columnId")
    VALUES ('796', '3');
INSERT INTO "QueryTableAccess" ("queryId", "tableId")
    VALUES ('796', '5');
SELECT 'capacity' FROM Theaters;
INSERT INTO "SqlQuery" ("queryId", "userId", "issuedAt", "finishedAt", "hasError", "errorMessage", "statement", "projectId", "queryTypeId")
    VALUES ('797', '8', '2023-06-18 22:05:19.683830', '2023-06-18 22:05:23.683830', 'False', 'None', 'SELECT capacity FROM Theaters', '5', '1');
INSERT INTO "QueryColumnAccess" ("queryId", "columnId")
    VALUES ('797', '4');
INSERT INTO "QueryTableAccess" ("queryId", "tableId")
    VALUES ('797', '4');
SELECT 'first_name' FROM Actors;
INSERT INTO "SqlQuery" ("queryId", "userId", "issuedAt", "finishedAt", "hasError", "errorMessage", "statement", "projectId", "queryTypeId")
    VALUES ('798', '1', '2023-05-31 22:05:19.683836', '2023-05-31 22:05:22.683836', 'False', 'None', 'SELECT first_name FROM Actors', '5', '1');
INSERT INTO "QueryColumnAccess" ("queryId", "columnId")
    VALUES ('798', '2');
INSERT INTO "QueryTableAccess" ("queryId", "tableId")
    VALUES ('798', '2');
SELECT 'location' FROM Theaters;
INSERT INTO "SqlQuery" ("queryId", "userId", "issuedAt", "finishedAt", "hasError", "errorMessage", "statement", "projectId", "queryTypeId")
    VALUES ('799', '2', '2023-06-01 22:05:19.683843', '2023-06-01 22:05:22.683843', 'False', 'None', 'SELECT location FROM Theaters', '5', '1');
INSERT INTO "QueryColumnAccess" ("queryId", "columnId")
    VALUES ('799', '3');
INSERT INTO "QueryTableAccess" ("queryId", "tableId")
    VALUES ('799', '4');
SELECT 'theater_name' FROM Theaters;
INSERT INTO "SqlQuery" ("queryId", "userId", "issuedAt", "finishedAt", "hasError", "errorMessage", "statement", "projectId", "queryTypeId")
    VALUES ('800', '10', '2023-04-22 22:05:19.683849', '2023-04-22 22:05:22.683849', 'False', 'None', 'SELECT theater_name FROM Theaters', '5', '1');
INSERT INTO "QueryColumnAccess" ("queryId", "columnId")
    VALUES ('800', '2');
INSERT INTO "QueryTableAccess" ("queryId", "tableId")
    VALUES ('800', '4');
SELECT 'theater_id' FROM Theaters;
INSERT INTO "SqlQuery" ("queryId", "userId", "issuedAt", "finishedAt", "hasError", "errorMessage", "statement", "projectId", "queryTypeId")
    VALUES ('801', '5', '2023-04-12 22:05:19.683860', '2023-04-12 22:05:21.683860', 'False', 'None', 'SELECT theater_id FROM Theaters', '5', '1');
INSERT INTO "QueryColumnAccess" ("queryId", "columnId")
    VALUES ('801', '1');
INSERT INTO "QueryTableAccess" ("queryId", "tableId")
    VALUES ('801', '4');
SELECT 'first_name' FROM Actors;
INSERT INTO "SqlQuery" ("queryId", "userId", "issuedAt", "finishedAt", "hasError", "errorMessage", "statement", "projectId", "queryTypeId")
    VALUES ('802', '12', '2023-05-31 22:05:19.683867', '2023-05-31 22:05:22.683867', 'False', 'None', 'SELECT first_name FROM Actors', '5', '1');
INSERT INTO "QueryColumnAccess" ("queryId", "columnId")
    VALUES ('802', '2');
INSERT INTO "QueryTableAccess" ("queryId", "tableId")
    VALUES ('802', '2');
SELECT 'release_date' FROM Movies;
INSERT INTO "SqlQuery" ("queryId", "userId", "issuedAt", "finishedAt", "hasError", "errorMessage", "statement", "projectId", "queryTypeId")
    VALUES ('803', '10', '2023-04-18 22:05:19.683873', '2023-04-18 22:05:20.683873', 'False', 'None', 'SELECT release_date FROM Movies', '5', '1');
INSERT INTO "QueryColumnAccess" ("queryId", "columnId")
    VALUES ('803', '3');
INSERT INTO "QueryTableAccess" ("queryId", "tableId")
    VALUES ('803', '1');
SELECT 'gender' FROM Actors;
INSERT INTO "SqlQuery" ("queryId", "userId", "issuedAt", "finishedAt", "hasError", "errorMessage", "statement", "projectId", "queryTypeId")
    VALUES ('804', '3', '2023-07-07 22:05:19.683880', '2023-07-07 22:05:20.683880', 'False', 'None', 'SELECT gender FROM Actors', '5', '1');
INSERT INTO "QueryColumnAccess" ("queryId", "columnId")
    VALUES ('804', '5');
INSERT INTO "QueryTableAccess" ("queryId", "tableId")
    VALUES ('804', '2');
SELECT 'phone_number' FROM Theaters;
INSERT INTO "SqlQuery" ("queryId", "userId", "issuedAt", "finishedAt", "hasError", "errorMessage", "statement", "projectId", "queryTypeId")
    VALUES ('805', '9', '2023-05-15 22:05:19.683886', '2023-05-15 22:05:20.683886', 'False', 'None', 'SELECT phone_number FROM Theaters', '5', '1');
INSERT INTO "QueryColumnAccess" ("queryId", "columnId")
    VALUES ('805', '5');
INSERT INTO "QueryTableAccess" ("queryId", "tableId")
    VALUES ('805', '4');
SELECT 'gender' FROM Actors;
INSERT INTO "SqlQuery" ("queryId", "userId", "issuedAt", "finishedAt", "hasError", "errorMessage", "statement", "projectId", "queryTypeId")
    VALUES ('806', '4', '2023-06-30 22:05:19.683892', '2023-06-30 22:05:22.683892', 'False', 'None', 'SELECT gender FROM Actors', '5', '1');
INSERT INTO "QueryColumnAccess" ("queryId", "columnId")
    VALUES ('806', '5');
INSERT INTO "QueryTableAccess" ("queryId", "tableId")
    VALUES ('806', '2');
SELECT 'theater_name' FROM Theaters;
INSERT INTO "SqlQuery" ("queryId", "userId", "issuedAt", "finishedAt", "hasError", "errorMessage", "statement", "projectId", "queryTypeId")
    VALUES ('807', '11', '2023-06-14 22:05:19.683898', '2023-06-14 22:05:22.683898', 'False', 'None', 'SELECT theater_name FROM Theaters', '5', '1');
INSERT INTO "QueryColumnAccess" ("queryId", "columnId")
    VALUES ('807', '2');
INSERT INTO "QueryTableAccess" ("queryId", "tableId")
    VALUES ('807', '4');
SELECT 'movie_id' FROM Screenings;
INSERT INTO "SqlQuery" ("queryId", "userId", "issuedAt", "finishedAt", "hasError", "errorMessage", "statement", "projectId", "queryTypeId")
    VALUES ('808', '4', '2023-04-14 22:05:19.683905', '2023-04-14 22:05:23.683905', 'False', 'None', 'SELECT movie_id FROM Screenings', '5', '1');
INSERT INTO "QueryColumnAccess" ("queryId", "columnId")
    VALUES ('808', '2');
INSERT INTO "QueryTableAccess" ("queryId", "tableId")
    VALUES ('808', '5');
SELECT 'genre' FROM Movies;
INSERT INTO "SqlQuery" ("queryId", "userId", "issuedAt", "finishedAt", "hasError", "errorMessage", "statement", "projectId", "queryTypeId")
    VALUES ('809', '9', '2023-07-04 22:05:19.683911', '2023-07-04 22:05:20.683911', 'False', 'None', 'SELECT genre FROM Movies', '5', '1');
INSERT INTO "QueryColumnAccess" ("queryId", "columnId")
    VALUES ('809', '4');
INSERT INTO "QueryTableAccess" ("queryId", "tableId")
    VALUES ('809', '1');
SELECT 'user_id' FROM Reviews;
INSERT INTO "SqlQuery" ("queryId", "userId", "issuedAt", "finishedAt", "hasError", "errorMessage", "statement", "projectId", "queryTypeId")
    VALUES ('810', '11', '2023-04-13 22:05:19.683917', '2023-04-13 22:05:23.683917', 'False', 'None', 'SELECT user_id FROM Reviews', '5', '1');
INSERT INTO "QueryColumnAccess" ("queryId", "columnId")
    VALUES ('810', '3');
INSERT INTO "QueryTableAccess" ("queryId", "tableId")
    VALUES ('810', '3');
SELECT 'genre' FROM Movies;
INSERT INTO "SqlQuery" ("queryId", "userId", "issuedAt", "finishedAt", "hasError", "errorMessage", "statement", "projectId", "queryTypeId")
    VALUES ('811', '5', '2023-05-20 22:05:19.683924', '2023-05-20 22:05:22.683924', 'False', 'None', 'SELECT genre FROM Movies', '5', '1');
INSERT INTO "QueryColumnAccess" ("queryId", "columnId")
    VALUES ('811', '4');
INSERT INTO "QueryTableAccess" ("queryId", "tableId")
    VALUES ('811', '1');
SELECT 'genre' FROM Movies;
INSERT INTO "SqlQuery" ("queryId", "userId", "issuedAt", "finishedAt", "hasError", "errorMessage", "statement", "projectId", "queryTypeId")
    VALUES ('812', '7', '2023-05-26 22:05:19.683930', '2023-05-26 22:05:22.683930', 'False', 'None', 'SELECT genre FROM Movies', '5', '1');
INSERT INTO "QueryColumnAccess" ("queryId", "columnId")
    VALUES ('812', '4');
INSERT INTO "QueryTableAccess" ("queryId", "tableId")
    VALUES ('812', '1');
SELECT 'review_id' FROM Reviews;
INSERT INTO "SqlQuery" ("queryId", "userId", "issuedAt", "finishedAt", "hasError", "errorMessage", "statement", "projectId", "queryTypeId")
    VALUES ('813', '8', '2023-07-08 22:05:19.683936', '2023-07-08 22:05:20.683936', 'False', 'None', 'SELECT review_id FROM Reviews', '5', '1');
INSERT INTO "QueryColumnAccess" ("queryId", "columnId")
    VALUES ('813', '1');
INSERT INTO "QueryTableAccess" ("queryId", "tableId")
    VALUES ('813', '3');
SELECT 'review_id' FROM Reviews;
INSERT INTO "SqlQuery" ("queryId", "userId", "issuedAt", "finishedAt", "hasError", "errorMessage", "statement", "projectId", "queryTypeId")
    VALUES ('814', '1', '2023-06-06 22:05:19.683942', '2023-06-06 22:05:21.683942', 'False', 'None', 'SELECT review_id FROM Reviews', '5', '1');
INSERT INTO "QueryColumnAccess" ("queryId", "columnId")
    VALUES ('814', '1');
INSERT INTO "QueryTableAccess" ("queryId", "tableId")
    VALUES ('814', '3');
SELECT 'screening_id' FROM Screenings;
INSERT INTO "SqlQuery" ("queryId", "userId", "issuedAt", "finishedAt", "hasError", "errorMessage", "statement", "projectId", "queryTypeId")
    VALUES ('815', '12', '2023-05-26 22:05:19.683948', '2023-05-26 22:05:23.683948', 'False', 'None', 'SELECT screening_id FROM Screenings', '5', '1');
INSERT INTO "QueryColumnAccess" ("queryId", "columnId")
    VALUES ('815', '1');
INSERT INTO "QueryTableAccess" ("queryId", "tableId")
    VALUES ('815', '5');
SELECT 'theater_name' FROM Theaters;
INSERT INTO "SqlQuery" ("queryId", "userId", "issuedAt", "finishedAt", "hasError", "errorMessage", "statement", "projectId", "queryTypeId")
    VALUES ('816', '13', '2023-04-24 22:05:19.683955', '2023-04-24 22:05:23.683955', 'False', 'None', 'SELECT theater_name FROM Theaters', '5', '1');
INSERT INTO "QueryColumnAccess" ("queryId", "columnId")
    VALUES ('816', '2');
INSERT INTO "QueryTableAccess" ("queryId", "tableId")
    VALUES ('816', '4');
SELECT 'end_time' FROM Screenings;
INSERT INTO "SqlQuery" ("queryId", "userId", "issuedAt", "finishedAt", "hasError", "errorMessage", "statement", "projectId", "queryTypeId")
    VALUES ('817', '14', '2023-05-05 22:05:19.683961', '2023-05-05 22:05:22.683961', 'False', 'None', 'SELECT end_time FROM Screenings', '5', '1');
INSERT INTO "QueryColumnAccess" ("queryId", "columnId")
    VALUES ('817', '5');
INSERT INTO "QueryTableAccess" ("queryId", "tableId")
    VALUES ('817', '5');
SELECT 'release_date' FROM Movies;
INSERT INTO "SqlQuery" ("queryId", "userId", "issuedAt", "finishedAt", "hasError", "errorMessage", "statement", "projectId", "queryTypeId")
    VALUES ('818', '6', '2023-05-17 22:05:19.683971', '2023-05-17 22:05:20.683971', 'False', 'None', 'SELECT release_date FROM Movies', '5', '1');
INSERT INTO "QueryColumnAccess" ("queryId", "columnId")
    VALUES ('818', '3');
INSERT INTO "QueryTableAccess" ("queryId", "tableId")
    VALUES ('818', '1');
SELECT 'genre' FROM Movies;
INSERT INTO "SqlQuery" ("queryId", "userId", "issuedAt", "finishedAt", "hasError", "errorMessage", "statement", "projectId", "queryTypeId")
    VALUES ('819', '10', '2023-06-09 22:05:19.683977', '2023-06-09 22:05:23.683977', 'False', 'None', 'SELECT genre FROM Movies', '5', '1');
INSERT INTO "QueryColumnAccess" ("queryId", "columnId")
    VALUES ('819', '4');
INSERT INTO "QueryTableAccess" ("queryId", "tableId")
    VALUES ('819', '1');
SELECT 'nationality' FROM Actors;
INSERT INTO "SqlQuery" ("queryId", "userId", "issuedAt", "finishedAt", "hasError", "errorMessage", "statement", "projectId", "queryTypeId")
    VALUES ('820', '12', '2023-06-16 22:05:19.683988', '2023-06-16 22:05:23.683988', 'False', 'None', 'SELECT nationality FROM Actors', '5', '1');
INSERT INTO "QueryColumnAccess" ("queryId", "columnId")
    VALUES ('820', '6');
INSERT INTO "QueryTableAccess" ("queryId", "tableId")
    VALUES ('820', '2');
SELECT 'location' FROM Theaters;
INSERT INTO "SqlQuery" ("queryId", "userId", "issuedAt", "finishedAt", "hasError", "errorMessage", "statement", "projectId", "queryTypeId")
    VALUES ('821', '13', '2023-06-22 22:05:19.683995', '2023-06-22 22:05:20.683995', 'False', 'None', 'SELECT location FROM Theaters', '5', '1');
INSERT INTO "QueryColumnAccess" ("queryId", "columnId")
    VALUES ('821', '3');
INSERT INTO "QueryTableAccess" ("queryId", "tableId")
    VALUES ('821', '4');
SELECT 'duration' FROM Movies;
INSERT INTO "SqlQuery" ("queryId", "userId", "issuedAt", "finishedAt", "hasError", "errorMessage", "statement", "projectId", "queryTypeId")
    VALUES ('822', '1', '2023-05-20 22:05:19.684001', '2023-05-20 22:05:20.684001', 'False', 'None', 'SELECT duration FROM Movies', '5', '1');
INSERT INTO "QueryColumnAccess" ("queryId", "columnId")
    VALUES ('822', '6');
INSERT INTO "QueryTableAccess" ("queryId", "tableId")
    VALUES ('822', '1');
SELECT 'nationality' FROM Actors;
INSERT INTO "SqlQuery" ("queryId", "userId", "issuedAt", "finishedAt", "hasError", "errorMessage", "statement", "projectId", "queryTypeId")
    VALUES ('823', '6', '2023-06-28 22:05:19.684007', '2023-06-28 22:05:22.684007', 'False', 'None', 'SELECT nationality FROM Actors', '5', '1');
INSERT INTO "QueryColumnAccess" ("queryId", "columnId")
    VALUES ('823', '6');
INSERT INTO "QueryTableAccess" ("queryId", "tableId")
    VALUES ('823', '2');
SELECT 'location' FROM Theaters;
INSERT INTO "SqlQuery" ("queryId", "userId", "issuedAt", "finishedAt", "hasError", "errorMessage", "statement", "projectId", "queryTypeId")
    VALUES ('824', '2', '2023-07-02 22:05:19.684013', '2023-07-02 22:05:23.684013', 'False', 'None', 'SELECT location FROM Theaters', '5', '1');
INSERT INTO "QueryColumnAccess" ("queryId", "columnId")
    VALUES ('824', '3');
INSERT INTO "QueryTableAccess" ("queryId", "tableId")
    VALUES ('824', '4');
SELECT 'duration' FROM Movies;
INSERT INTO "SqlQuery" ("queryId", "userId", "issuedAt", "finishedAt", "hasError", "errorMessage", "statement", "projectId", "queryTypeId")
    VALUES ('825', '6', '2023-04-11 22:05:19.684019', '2023-04-11 22:05:23.684019', 'False', 'None', 'SELECT duration FROM Movies', '5', '1');
INSERT INTO "QueryColumnAccess" ("queryId", "columnId")
    VALUES ('825', '6');
INSERT INTO "QueryTableAccess" ("queryId", "tableId")
    VALUES ('825', '1');
SELECT 'last_name' FROM Actors;
INSERT INTO "SqlQuery" ("queryId", "userId", "issuedAt", "finishedAt", "hasError", "errorMessage", "statement", "projectId", "queryTypeId")
    VALUES ('826', '2', '2023-04-27 22:05:19.684025', '2023-04-27 22:05:20.684025', 'False', 'None', 'SELECT last_name FROM Actors', '5', '1');
INSERT INTO "QueryColumnAccess" ("queryId", "columnId")
    VALUES ('826', '3');
INSERT INTO "QueryTableAccess" ("queryId", "tableId")
    VALUES ('826', '2');
SELECT 'release_date' FROM Movies;
INSERT INTO "SqlQuery" ("queryId", "userId", "issuedAt", "finishedAt", "hasError", "errorMessage", "statement", "projectId", "queryTypeId")
    VALUES ('827', '1', '2023-07-03 22:05:19.684031', '2023-07-03 22:05:21.684031', 'False', 'None', 'SELECT release_date FROM Movies', '5', '1');
INSERT INTO "QueryColumnAccess" ("queryId", "columnId")
    VALUES ('827', '3');
INSERT INTO "QueryTableAccess" ("queryId", "tableId")
    VALUES ('827', '1');
SELECT 'screening_id' FROM Screenings;
INSERT INTO "SqlQuery" ("queryId", "userId", "issuedAt", "finishedAt", "hasError", "errorMessage", "statement", "projectId", "queryTypeId")
    VALUES ('828', '7', '2023-05-07 22:05:19.684038', '2023-05-07 22:05:22.684038', 'False', 'None', 'SELECT screening_id FROM Screenings', '5', '1');
INSERT INTO "QueryColumnAccess" ("queryId", "columnId")
    VALUES ('828', '1');
INSERT INTO "QueryTableAccess" ("queryId", "tableId")
    VALUES ('828', '5');
SELECT 'nationality' FROM Actors;
INSERT INTO "SqlQuery" ("queryId", "userId", "issuedAt", "finishedAt", "hasError", "errorMessage", "statement", "projectId", "queryTypeId")
    VALUES ('829', '12', '2023-06-20 22:05:19.684044', '2023-06-20 22:05:20.684044', 'False', 'None', 'SELECT nationality FROM Actors', '5', '1');
INSERT INTO "QueryColumnAccess" ("queryId", "columnId")
    VALUES ('829', '6');
INSERT INTO "QueryTableAccess" ("queryId", "tableId")
    VALUES ('829', '2');
SELECT 'first_name' FROM Actors;
INSERT INTO "SqlQuery" ("queryId", "userId", "issuedAt", "finishedAt", "hasError", "errorMessage", "statement", "projectId", "queryTypeId")
    VALUES ('830', '11', '2023-04-13 22:05:19.684050', '2023-04-13 22:05:20.684050', 'False', 'None', 'SELECT first_name FROM Actors', '5', '1');
INSERT INTO "QueryColumnAccess" ("queryId", "columnId")
    VALUES ('830', '2');
INSERT INTO "QueryTableAccess" ("queryId", "tableId")
    VALUES ('830', '2');
SELECT 'screening_id' FROM Screenings;
INSERT INTO "SqlQuery" ("queryId", "userId", "issuedAt", "finishedAt", "hasError", "errorMessage", "statement", "projectId", "queryTypeId")
    VALUES ('831', '7', '2023-04-24 22:05:19.684056', '2023-04-24 22:05:23.684056', 'False', 'None', 'SELECT screening_id FROM Screenings', '5', '1');
INSERT INTO "QueryColumnAccess" ("queryId", "columnId")
    VALUES ('831', '1');
INSERT INTO "QueryTableAccess" ("queryId", "tableId")
    VALUES ('831', '5');
SELECT 'phone_number' FROM Theaters;
INSERT INTO "SqlQuery" ("queryId", "userId", "issuedAt", "finishedAt", "hasError", "errorMessage", "statement", "projectId", "queryTypeId")
    VALUES ('832', '15', '2023-05-26 22:05:19.684062', '2023-05-26 22:05:21.684062', 'False', 'None', 'SELECT phone_number FROM Theaters', '5', '1');
INSERT INTO "QueryColumnAccess" ("queryId", "columnId")
    VALUES ('832', '5');
INSERT INTO "QueryTableAccess" ("queryId", "tableId")
    VALUES ('832', '4');
SELECT 'phone_number' FROM Theaters;
INSERT INTO "SqlQuery" ("queryId", "userId", "issuedAt", "finishedAt", "hasError", "errorMessage", "statement", "projectId", "queryTypeId")
    VALUES ('833', '5', '2023-05-24 22:05:19.684068', '2023-05-24 22:05:22.684068', 'False', 'None', 'SELECT phone_number FROM Theaters', '5', '1');
INSERT INTO "QueryColumnAccess" ("queryId", "columnId")
    VALUES ('833', '5');
INSERT INTO "QueryTableAccess" ("queryId", "tableId")
    VALUES ('833', '4');
SELECT 'end_time' FROM Screenings;
INSERT INTO "SqlQuery" ("queryId", "userId", "issuedAt", "finishedAt", "hasError", "errorMessage", "statement", "projectId", "queryTypeId")
    VALUES ('834', '13', '2023-05-25 22:05:19.684074', '2023-05-25 22:05:22.684074', 'False', 'None', 'SELECT end_time FROM Screenings', '5', '1');
INSERT INTO "QueryColumnAccess" ("queryId", "columnId")
    VALUES ('834', '5');
INSERT INTO "QueryTableAccess" ("queryId", "tableId")
    VALUES ('834', '5');
SELECT 'director' FROM Movies;
INSERT INTO "SqlQuery" ("queryId", "userId", "issuedAt", "finishedAt", "hasError", "errorMessage", "statement", "projectId", "queryTypeId")
    VALUES ('835', '2', '2023-06-17 22:05:19.684086', '2023-06-17 22:05:23.684086', 'False', 'None', 'SELECT director FROM Movies', '5', '1');
INSERT INTO "QueryColumnAccess" ("queryId", "columnId")
    VALUES ('835', '5');
INSERT INTO "QueryTableAccess" ("queryId", "tableId")
    VALUES ('835', '1');
SELECT 'theater_id' FROM Theaters;
INSERT INTO "SqlQuery" ("queryId", "userId", "issuedAt", "finishedAt", "hasError", "errorMessage", "statement", "projectId", "queryTypeId")
    VALUES ('836', '3', '2023-04-21 22:05:19.684092', '2023-04-21 22:05:21.684092', 'False', 'None', 'SELECT theater_id FROM Theaters', '5', '1');
INSERT INTO "QueryColumnAccess" ("queryId", "columnId")
    VALUES ('836', '1');
INSERT INTO "QueryTableAccess" ("queryId", "tableId")
    VALUES ('836', '4');
SELECT 'capacity' FROM Theaters;
INSERT INTO "SqlQuery" ("queryId", "userId", "issuedAt", "finishedAt", "hasError", "errorMessage", "statement", "projectId", "queryTypeId")
    VALUES ('837', '15', '2023-07-04 22:05:19.684098', '2023-07-04 22:05:21.684098', 'False', 'None', 'SELECT capacity FROM Theaters', '5', '1');
INSERT INTO "QueryColumnAccess" ("queryId", "columnId")
    VALUES ('837', '4');
INSERT INTO "QueryTableAccess" ("queryId", "tableId")
    VALUES ('837', '4');
SELECT 'first_name' FROM Actors;
INSERT INTO "SqlQuery" ("queryId", "userId", "issuedAt", "finishedAt", "hasError", "errorMessage", "statement", "projectId", "queryTypeId")
    VALUES ('838', '10', '2023-06-25 22:05:19.684104', '2023-06-25 22:05:22.684104', 'False', 'None', 'SELECT first_name FROM Actors', '5', '1');
INSERT INTO "QueryColumnAccess" ("queryId", "columnId")
    VALUES ('838', '2');
INSERT INTO "QueryTableAccess" ("queryId", "tableId")
    VALUES ('838', '2');
SELECT 'title' FROM Movies;
INSERT INTO "SqlQuery" ("queryId", "userId", "issuedAt", "finishedAt", "hasError", "errorMessage", "statement", "projectId", "queryTypeId")
    VALUES ('839', '13', '2023-04-24 22:05:19.684111', '2023-04-24 22:05:21.684111', 'False', 'None', 'SELECT title FROM Movies', '5', '1');
INSERT INTO "QueryColumnAccess" ("queryId", "columnId")
    VALUES ('839', '2');
INSERT INTO "QueryTableAccess" ("queryId", "tableId")
    VALUES ('839', '1');
SELECT 'nationality' FROM Actors;
INSERT INTO "SqlQuery" ("queryId", "userId", "issuedAt", "finishedAt", "hasError", "errorMessage", "statement", "projectId", "queryTypeId")
    VALUES ('840', '1', '2023-05-09 22:05:19.684117', '2023-05-09 22:05:20.684117', 'False', 'None', 'SELECT nationality FROM Actors', '5', '1');
INSERT INTO "QueryColumnAccess" ("queryId", "columnId")
    VALUES ('840', '6');
INSERT INTO "QueryTableAccess" ("queryId", "tableId")
    VALUES ('840', '2');
SELECT 'duration' FROM Movies;
INSERT INTO "SqlQuery" ("queryId", "userId", "issuedAt", "finishedAt", "hasError", "errorMessage", "statement", "projectId", "queryTypeId")
    VALUES ('841', '7', '2023-04-11 22:05:19.684123', '2023-04-11 22:05:23.684123', 'False', 'None', 'SELECT duration FROM Movies', '5', '1');
INSERT INTO "QueryColumnAccess" ("queryId", "columnId")
    VALUES ('841', '6');
INSERT INTO "QueryTableAccess" ("queryId", "tableId")
    VALUES ('841', '1');
SELECT 'theater_name' FROM Theaters;
INSERT INTO "SqlQuery" ("queryId", "userId", "issuedAt", "finishedAt", "hasError", "errorMessage", "statement", "projectId", "queryTypeId")
    VALUES ('842', '6', '2023-06-06 22:05:19.684129', '2023-06-06 22:05:22.684129', 'False', 'None', 'SELECT theater_name FROM Theaters', '5', '1');
INSERT INTO "QueryColumnAccess" ("queryId", "columnId")
    VALUES ('842', '2');
INSERT INTO "QueryTableAccess" ("queryId", "tableId")
    VALUES ('842', '4');
SELECT 'start_time' FROM Screenings;
INSERT INTO "SqlQuery" ("queryId", "userId", "issuedAt", "finishedAt", "hasError", "errorMessage", "statement", "projectId", "queryTypeId")
    VALUES ('843', '4', '2023-04-14 22:05:19.684136', '2023-04-14 22:05:20.684136', 'False', 'None', 'SELECT start_time FROM Screenings', '5', '1');
INSERT INTO "QueryColumnAccess" ("queryId", "columnId")
    VALUES ('843', '4');
INSERT INTO "QueryTableAccess" ("queryId", "tableId")
    VALUES ('843', '5');
SELECT 'capacity' FROM Theaters;
INSERT INTO "SqlQuery" ("queryId", "userId", "issuedAt", "finishedAt", "hasError", "errorMessage", "statement", "projectId", "queryTypeId")
    VALUES ('844', '15', '2023-06-22 22:05:19.684142', '2023-06-22 22:05:23.684142', 'False', 'None', 'SELECT capacity FROM Theaters', '5', '1');
INSERT INTO "QueryColumnAccess" ("queryId", "columnId")
    VALUES ('844', '4');
INSERT INTO "QueryTableAccess" ("queryId", "tableId")
    VALUES ('844', '4');
SELECT 'capacity' FROM Theaters;
INSERT INTO "SqlQuery" ("queryId", "userId", "issuedAt", "finishedAt", "hasError", "errorMessage", "statement", "projectId", "queryTypeId")
    VALUES ('845', '3', '2023-06-24 22:05:19.684148', '2023-06-24 22:05:21.684148', 'False', 'None', 'SELECT capacity FROM Theaters', '5', '1');
INSERT INTO "QueryColumnAccess" ("queryId", "columnId")
    VALUES ('845', '4');
INSERT INTO "QueryTableAccess" ("queryId", "tableId")
    VALUES ('845', '4');
SELECT 'comment' FROM Reviews;
INSERT INTO "SqlQuery" ("queryId", "userId", "issuedAt", "finishedAt", "hasError", "errorMessage", "statement", "projectId", "queryTypeId")
    VALUES ('846', '1', '2023-06-25 22:05:19.684155', '2023-06-25 22:05:20.684155', 'False', 'None', 'SELECT comment FROM Reviews', '5', '1');
INSERT INTO "QueryColumnAccess" ("queryId", "columnId")
    VALUES ('846', '5');
INSERT INTO "QueryTableAccess" ("queryId", "tableId")
    VALUES ('846', '3');
SELECT 'title' FROM Movies;
INSERT INTO "SqlQuery" ("queryId", "userId", "issuedAt", "finishedAt", "hasError", "errorMessage", "statement", "projectId", "queryTypeId")
    VALUES ('847', '3', '2023-05-22 22:05:19.684161', '2023-05-22 22:05:23.684161', 'False', 'None', 'SELECT title FROM Movies', '5', '1');
INSERT INTO "QueryColumnAccess" ("queryId", "columnId")
    VALUES ('847', '2');
INSERT INTO "QueryTableAccess" ("queryId", "tableId")
    VALUES ('847', '1');
SELECT 'location' FROM Theaters;
INSERT INTO "SqlQuery" ("queryId", "userId", "issuedAt", "finishedAt", "hasError", "errorMessage", "statement", "projectId", "queryTypeId")
    VALUES ('848', '14', '2023-04-16 22:05:19.684167', '2023-04-16 22:05:20.684167', 'False', 'None', 'SELECT location FROM Theaters', '5', '1');
INSERT INTO "QueryColumnAccess" ("queryId", "columnId")
    VALUES ('848', '3');
INSERT INTO "QueryTableAccess" ("queryId", "tableId")
    VALUES ('848', '4');
SELECT 'theater_id' FROM Theaters;
INSERT INTO "SqlQuery" ("queryId", "userId", "issuedAt", "finishedAt", "hasError", "errorMessage", "statement", "projectId", "queryTypeId")
    VALUES ('849', '8', '2023-04-16 22:05:19.684173', '2023-04-16 22:05:23.684173', 'False', 'None', 'SELECT theater_id FROM Theaters', '5', '1');
INSERT INTO "QueryColumnAccess" ("queryId", "columnId")
    VALUES ('849', '1');
INSERT INTO "QueryTableAccess" ("queryId", "tableId")
    VALUES ('849', '4');
SELECT 'review_id' FROM Reviews;
INSERT INTO "SqlQuery" ("queryId", "userId", "issuedAt", "finishedAt", "hasError", "errorMessage", "statement", "projectId", "queryTypeId")
    VALUES ('850', '13', '2023-06-04 22:05:19.684180', '2023-06-04 22:05:20.684180', 'False', 'None', 'SELECT review_id FROM Reviews', '5', '1');
INSERT INTO "QueryColumnAccess" ("queryId", "columnId")
    VALUES ('850', '1');
INSERT INTO "QueryTableAccess" ("queryId", "tableId")
    VALUES ('850', '3');
SELECT 'date_of_birth' FROM Actors;
INSERT INTO "SqlQuery" ("queryId", "userId", "issuedAt", "finishedAt", "hasError", "errorMessage", "statement", "projectId", "queryTypeId")
    VALUES ('851', '12', '2023-07-01 22:05:19.684186', '2023-07-01 22:05:23.684186', 'False', 'None', 'SELECT date_of_birth FROM Actors', '5', '1');
INSERT INTO "QueryColumnAccess" ("queryId", "columnId")
    VALUES ('851', '4');
INSERT INTO "QueryTableAccess" ("queryId", "tableId")
    VALUES ('851', '2');
SELECT 'genre' FROM Movies;
INSERT INTO "SqlQuery" ("queryId", "userId", "issuedAt", "finishedAt", "hasError", "errorMessage", "statement", "projectId", "queryTypeId")
    VALUES ('852', '7', '2023-05-25 22:05:19.684200', '2023-05-25 22:05:21.684200', 'False', 'None', 'SELECT genre FROM Movies', '5', '1');
INSERT INTO "QueryColumnAccess" ("queryId", "columnId")
    VALUES ('852', '4');
INSERT INTO "QueryTableAccess" ("queryId", "tableId")
    VALUES ('852', '1');
SELECT 'screening_id' FROM Screenings;
INSERT INTO "SqlQuery" ("queryId", "userId", "issuedAt", "finishedAt", "hasError", "errorMessage", "statement", "projectId", "queryTypeId")
    VALUES ('853', '1', '2023-06-20 22:05:19.684207', '2023-06-20 22:05:22.684207', 'False', 'None', 'SELECT screening_id FROM Screenings', '5', '1');
INSERT INTO "QueryColumnAccess" ("queryId", "columnId")
    VALUES ('853', '1');
INSERT INTO "QueryTableAccess" ("queryId", "tableId")
    VALUES ('853', '5');
SELECT 'nationality' FROM Actors;
INSERT INTO "SqlQuery" ("queryId", "userId", "issuedAt", "finishedAt", "hasError", "errorMessage", "statement", "projectId", "queryTypeId")
    VALUES ('854', '13', '2023-05-19 22:05:19.684213', '2023-05-19 22:05:23.684213', 'False', 'None', 'SELECT nationality FROM Actors', '5', '1');
INSERT INTO "QueryColumnAccess" ("queryId", "columnId")
    VALUES ('854', '6');
INSERT INTO "QueryTableAccess" ("queryId", "tableId")
    VALUES ('854', '2');
SELECT 'review_id' FROM Reviews;
INSERT INTO "SqlQuery" ("queryId", "userId", "issuedAt", "finishedAt", "hasError", "errorMessage", "statement", "projectId", "queryTypeId")
    VALUES ('855', '15', '2023-05-30 22:05:19.684220', '2023-05-30 22:05:22.684220', 'False', 'None', 'SELECT review_id FROM Reviews', '5', '1');
INSERT INTO "QueryColumnAccess" ("queryId", "columnId")
    VALUES ('855', '1');
INSERT INTO "QueryTableAccess" ("queryId", "tableId")
    VALUES ('855', '3');
SELECT 'director' FROM Movies;
INSERT INTO "SqlQuery" ("queryId", "userId", "issuedAt", "finishedAt", "hasError", "errorMessage", "statement", "projectId", "queryTypeId")
    VALUES ('856', '1', '2023-06-27 22:05:19.684226', '2023-06-27 22:05:20.684226', 'False', 'None', 'SELECT director FROM Movies', '5', '1');
INSERT INTO "QueryColumnAccess" ("queryId", "columnId")
    VALUES ('856', '5');
INSERT INTO "QueryTableAccess" ("queryId", "tableId")
    VALUES ('856', '1');
SELECT 'director' FROM Movies;
INSERT INTO "SqlQuery" ("queryId", "userId", "issuedAt", "finishedAt", "hasError", "errorMessage", "statement", "projectId", "queryTypeId")
    VALUES ('857', '8', '2023-04-13 22:05:19.684232', '2023-04-13 22:05:21.684232', 'False', 'None', 'SELECT director FROM Movies', '5', '1');
INSERT INTO "QueryColumnAccess" ("queryId", "columnId")
    VALUES ('857', '5');
INSERT INTO "QueryTableAccess" ("queryId", "tableId")
    VALUES ('857', '1');
SELECT 'rating' FROM Reviews;
INSERT INTO "SqlQuery" ("queryId", "userId", "issuedAt", "finishedAt", "hasError", "errorMessage", "statement", "projectId", "queryTypeId")
    VALUES ('858', '3', '2023-05-12 22:05:19.684239', '2023-05-12 22:05:22.684239', 'False', 'None', 'SELECT rating FROM Reviews', '5', '1');
INSERT INTO "QueryColumnAccess" ("queryId", "columnId")
    VALUES ('858', '4');
INSERT INTO "QueryTableAccess" ("queryId", "tableId")
    VALUES ('858', '3');
SELECT 'movie_id' FROM Movies;
INSERT INTO "SqlQuery" ("queryId", "userId", "issuedAt", "finishedAt", "hasError", "errorMessage", "statement", "projectId", "queryTypeId")
    VALUES ('859', '13', '2023-04-13 22:05:19.684245', '2023-04-13 22:05:21.684245', 'False', 'None', 'SELECT movie_id FROM Movies', '5', '1');
INSERT INTO "QueryColumnAccess" ("queryId", "columnId")
    VALUES ('859', '1');
INSERT INTO "QueryTableAccess" ("queryId", "tableId")
    VALUES ('859', '1');
SELECT 'director' FROM Movies;
INSERT INTO "SqlQuery" ("queryId", "userId", "issuedAt", "finishedAt", "hasError", "errorMessage", "statement", "projectId", "queryTypeId")
    VALUES ('860', '8', '2023-05-20 22:05:19.684251', '2023-05-20 22:05:22.684251', 'False', 'None', 'SELECT director FROM Movies', '5', '1');
INSERT INTO "QueryColumnAccess" ("queryId", "columnId")
    VALUES ('860', '5');
INSERT INTO "QueryTableAccess" ("queryId", "tableId")
    VALUES ('860', '1');
SELECT 'capacity' FROM Theaters;
INSERT INTO "SqlQuery" ("queryId", "userId", "issuedAt", "finishedAt", "hasError", "errorMessage", "statement", "projectId", "queryTypeId")
    VALUES ('861', '2', '2023-05-30 22:05:19.684257', '2023-05-30 22:05:21.684257', 'False', 'None', 'SELECT capacity FROM Theaters', '5', '1');
INSERT INTO "QueryColumnAccess" ("queryId", "columnId")
    VALUES ('861', '4');
INSERT INTO "QueryTableAccess" ("queryId", "tableId")
    VALUES ('861', '4');
SELECT 'start_time' FROM Screenings;
INSERT INTO "SqlQuery" ("queryId", "userId", "issuedAt", "finishedAt", "hasError", "errorMessage", "statement", "projectId", "queryTypeId")
    VALUES ('862', '9', '2023-05-28 22:05:19.684264', '2023-05-28 22:05:22.684264', 'False', 'None', 'SELECT start_time FROM Screenings', '5', '1');
INSERT INTO "QueryColumnAccess" ("queryId", "columnId")
    VALUES ('862', '4');
INSERT INTO "QueryTableAccess" ("queryId", "tableId")
    VALUES ('862', '5');
SELECT 'duration' FROM Movies;
INSERT INTO "SqlQuery" ("queryId", "userId", "issuedAt", "finishedAt", "hasError", "errorMessage", "statement", "projectId", "queryTypeId")
    VALUES ('863', '8', '2023-04-16 22:05:19.684270', '2023-04-16 22:05:21.684270', 'False', 'None', 'SELECT duration FROM Movies', '5', '1');
INSERT INTO "QueryColumnAccess" ("queryId", "columnId")
    VALUES ('863', '6');
INSERT INTO "QueryTableAccess" ("queryId", "tableId")
    VALUES ('863', '1');
SELECT 'theater_id' FROM Theaters;
INSERT INTO "SqlQuery" ("queryId", "userId", "issuedAt", "finishedAt", "hasError", "errorMessage", "statement", "projectId", "queryTypeId")
    VALUES ('864', '15', '2023-05-28 22:05:19.684276', '2023-05-28 22:05:23.684276', 'False', 'None', 'SELECT theater_id FROM Theaters', '5', '1');
INSERT INTO "QueryColumnAccess" ("queryId", "columnId")
    VALUES ('864', '1');
INSERT INTO "QueryTableAccess" ("queryId", "tableId")
    VALUES ('864', '4');
SELECT 'comment' FROM Reviews;
INSERT INTO "SqlQuery" ("queryId", "userId", "issuedAt", "finishedAt", "hasError", "errorMessage", "statement", "projectId", "queryTypeId")
    VALUES ('865', '9', '2023-07-07 22:05:19.684282', '2023-07-07 22:05:22.684282', 'False', 'None', 'SELECT comment FROM Reviews', '5', '1');
INSERT INTO "QueryColumnAccess" ("queryId", "columnId")
    VALUES ('865', '5');
INSERT INTO "QueryTableAccess" ("queryId", "tableId")
    VALUES ('865', '3');
SELECT 'movie_id' FROM Screenings;
INSERT INTO "SqlQuery" ("queryId", "userId", "issuedAt", "finishedAt", "hasError", "errorMessage", "statement", "projectId", "queryTypeId")
    VALUES ('866', '3', '2023-06-28 22:05:19.684289', '2023-06-28 22:05:21.684289', 'False', 'None', 'SELECT movie_id FROM Screenings', '5', '1');
INSERT INTO "QueryColumnAccess" ("queryId", "columnId")
    VALUES ('866', '2');
INSERT INTO "QueryTableAccess" ("queryId", "tableId")
    VALUES ('866', '5');
SELECT 'review_id' FROM Reviews;
INSERT INTO "SqlQuery" ("queryId", "userId", "issuedAt", "finishedAt", "hasError", "errorMessage", "statement", "projectId", "queryTypeId")
    VALUES ('867', '11', '2023-07-03 22:05:19.684295', '2023-07-03 22:05:23.684295', 'False', 'None', 'SELECT review_id FROM Reviews', '5', '1');
INSERT INTO "QueryColumnAccess" ("queryId", "columnId")
    VALUES ('867', '1');
INSERT INTO "QueryTableAccess" ("queryId", "tableId")
    VALUES ('867', '3');
SELECT 'theater_name' FROM Theaters;
INSERT INTO "SqlQuery" ("queryId", "userId", "issuedAt", "finishedAt", "hasError", "errorMessage", "statement", "projectId", "queryTypeId")
    VALUES ('868', '6', '2023-05-27 22:05:19.684301', '2023-05-27 22:05:23.684301', 'False', 'None', 'SELECT theater_name FROM Theaters', '5', '1');
INSERT INTO "QueryColumnAccess" ("queryId", "columnId")
    VALUES ('868', '2');
INSERT INTO "QueryTableAccess" ("queryId", "tableId")
    VALUES ('868', '4');
SELECT 'director' FROM Movies;
INSERT INTO "SqlQuery" ("queryId", "userId", "issuedAt", "finishedAt", "hasError", "errorMessage", "statement", "projectId", "queryTypeId")
    VALUES ('869', '3', '2023-07-02 22:05:19.684312', '2023-07-02 22:05:21.684312', 'False', 'None', 'SELECT director FROM Movies', '5', '1');
INSERT INTO "QueryColumnAccess" ("queryId", "columnId")
    VALUES ('869', '5');
INSERT INTO "QueryTableAccess" ("queryId", "tableId")
    VALUES ('869', '1');
SELECT 'start_time' FROM Screenings;
INSERT INTO "SqlQuery" ("queryId", "userId", "issuedAt", "finishedAt", "hasError", "errorMessage", "statement", "projectId", "queryTypeId")
    VALUES ('870', '13', '2023-06-24 22:05:19.684319', '2023-06-24 22:05:22.684319', 'False', 'None', 'SELECT start_time FROM Screenings', '5', '1');
INSERT INTO "QueryColumnAccess" ("queryId", "columnId")
    VALUES ('870', '4');
INSERT INTO "QueryTableAccess" ("queryId", "tableId")
    VALUES ('870', '5');
SELECT 'screening_id' FROM Screenings;
INSERT INTO "SqlQuery" ("queryId", "userId", "issuedAt", "finishedAt", "hasError", "errorMessage", "statement", "projectId", "queryTypeId")
    VALUES ('871', '6', '2023-05-09 22:05:19.684325', '2023-05-09 22:05:21.684325', 'False', 'None', 'SELECT screening_id FROM Screenings', '5', '1');
INSERT INTO "QueryColumnAccess" ("queryId", "columnId")
    VALUES ('871', '1');
INSERT INTO "QueryTableAccess" ("queryId", "tableId")
    VALUES ('871', '5');
SELECT 'movie_id' FROM Movies;
INSERT INTO "SqlQuery" ("queryId", "userId", "issuedAt", "finishedAt", "hasError", "errorMessage", "statement", "projectId", "queryTypeId")
    VALUES ('872', '6', '2023-05-09 22:05:19.684331', '2023-05-09 22:05:23.684331', 'False', 'None', 'SELECT movie_id FROM Movies', '5', '1');
INSERT INTO "QueryColumnAccess" ("queryId", "columnId")
    VALUES ('872', '1');
INSERT INTO "QueryTableAccess" ("queryId", "tableId")
    VALUES ('872', '1');
SELECT 'phone_number' FROM Theaters;
INSERT INTO "SqlQuery" ("queryId", "userId", "issuedAt", "finishedAt", "hasError", "errorMessage", "statement", "projectId", "queryTypeId")
    VALUES ('873', '6', '2023-05-27 22:05:19.684338', '2023-05-27 22:05:22.684338', 'False', 'None', 'SELECT phone_number FROM Theaters', '5', '1');
INSERT INTO "QueryColumnAccess" ("queryId", "columnId")
    VALUES ('873', '5');
INSERT INTO "QueryTableAccess" ("queryId", "tableId")
    VALUES ('873', '4');
SELECT 'theater_id' FROM Theaters;
INSERT INTO "SqlQuery" ("queryId", "userId", "issuedAt", "finishedAt", "hasError", "errorMessage", "statement", "projectId", "queryTypeId")
    VALUES ('874', '10', '2023-04-28 22:05:19.684344', '2023-04-28 22:05:21.684344', 'False', 'None', 'SELECT theater_id FROM Theaters', '5', '1');
INSERT INTO "QueryColumnAccess" ("queryId", "columnId")
    VALUES ('874', '1');
INSERT INTO "QueryTableAccess" ("queryId", "tableId")
    VALUES ('874', '4');
SELECT 'release_date' FROM Movies;
INSERT INTO "SqlQuery" ("queryId", "userId", "issuedAt", "finishedAt", "hasError", "errorMessage", "statement", "projectId", "queryTypeId")
    VALUES ('875', '10', '2023-07-04 22:05:19.684350', '2023-07-04 22:05:23.684350', 'False', 'None', 'SELECT release_date FROM Movies', '5', '1');
INSERT INTO "QueryColumnAccess" ("queryId", "columnId")
    VALUES ('875', '3');
INSERT INTO "QueryTableAccess" ("queryId", "tableId")
    VALUES ('875', '1');
SELECT 'start_time' FROM Screenings;
INSERT INTO "SqlQuery" ("queryId", "userId", "issuedAt", "finishedAt", "hasError", "errorMessage", "statement", "projectId", "queryTypeId")
    VALUES ('876', '12', '2023-04-21 22:05:19.684357', '2023-04-21 22:05:23.684357', 'False', 'None', 'SELECT start_time FROM Screenings', '5', '1');
INSERT INTO "QueryColumnAccess" ("queryId", "columnId")
    VALUES ('876', '4');
INSERT INTO "QueryTableAccess" ("queryId", "tableId")
    VALUES ('876', '5');
SELECT 'movie_id' FROM Movies;
INSERT INTO "SqlQuery" ("queryId", "userId", "issuedAt", "finishedAt", "hasError", "errorMessage", "statement", "projectId", "queryTypeId")
    VALUES ('877', '4', '2023-05-23 22:05:19.684363', '2023-05-23 22:05:21.684363', 'False', 'None', 'SELECT movie_id FROM Movies', '5', '1');
INSERT INTO "QueryColumnAccess" ("queryId", "columnId")
    VALUES ('877', '1');
INSERT INTO "QueryTableAccess" ("queryId", "tableId")
    VALUES ('877', '1');
SELECT 'review_date' FROM Reviews;
INSERT INTO "SqlQuery" ("queryId", "userId", "issuedAt", "finishedAt", "hasError", "errorMessage", "statement", "projectId", "queryTypeId")
    VALUES ('878', '14', '2023-06-07 22:05:19.684369', '2023-06-07 22:05:22.684369', 'False', 'None', 'SELECT review_date FROM Reviews', '5', '1');
INSERT INTO "QueryColumnAccess" ("queryId", "columnId")
    VALUES ('878', '6');
INSERT INTO "QueryTableAccess" ("queryId", "tableId")
    VALUES ('878', '3');
SELECT 'review_id' FROM Reviews;
INSERT INTO "SqlQuery" ("queryId", "userId", "issuedAt", "finishedAt", "hasError", "errorMessage", "statement", "projectId", "queryTypeId")
    VALUES ('879', '10', '2023-04-22 22:05:19.684376', '2023-04-22 22:05:20.684376', 'False', 'None', 'SELECT review_id FROM Reviews', '5', '1');
INSERT INTO "QueryColumnAccess" ("queryId", "columnId")
    VALUES ('879', '1');
INSERT INTO "QueryTableAccess" ("queryId", "tableId")
    VALUES ('879', '3');
SELECT 'end_time' FROM Screenings;
INSERT INTO "SqlQuery" ("queryId", "userId", "issuedAt", "finishedAt", "hasError", "errorMessage", "statement", "projectId", "queryTypeId")
    VALUES ('880', '12', '2023-06-28 22:05:19.684382', '2023-06-28 22:05:23.684382', 'False', 'None', 'SELECT end_time FROM Screenings', '5', '1');
INSERT INTO "QueryColumnAccess" ("queryId", "columnId")
    VALUES ('880', '5');
INSERT INTO "QueryTableAccess" ("queryId", "tableId")
    VALUES ('880', '5');
SELECT 'screening_id' FROM Screenings;
INSERT INTO "SqlQuery" ("queryId", "userId", "issuedAt", "finishedAt", "hasError", "errorMessage", "statement", "projectId", "queryTypeId")
    VALUES ('881', '12', '2023-05-01 22:05:19.684389', '2023-05-01 22:05:22.684389', 'False', 'None', 'SELECT screening_id FROM Screenings', '5', '1');
INSERT INTO "QueryColumnAccess" ("queryId", "columnId")
    VALUES ('881', '1');
INSERT INTO "QueryTableAccess" ("queryId", "tableId")
    VALUES ('881', '5');
SELECT 'actor_id' FROM Actors;
INSERT INTO "SqlQuery" ("queryId", "userId", "issuedAt", "finishedAt", "hasError", "errorMessage", "statement", "projectId", "queryTypeId")
    VALUES ('882', '14', '2023-05-30 22:05:19.684395', '2023-05-30 22:05:20.684395', 'False', 'None', 'SELECT actor_id FROM Actors', '5', '1');
INSERT INTO "QueryColumnAccess" ("queryId", "columnId")
    VALUES ('882', '1');
INSERT INTO "QueryTableAccess" ("queryId", "tableId")
    VALUES ('882', '2');
SELECT 'rating' FROM Movies;
INSERT INTO "SqlQuery" ("queryId", "userId", "issuedAt", "finishedAt", "hasError", "errorMessage", "statement", "projectId", "queryTypeId")
    VALUES ('883', '14', '2023-05-03 22:05:19.684401', '2023-05-03 22:05:23.684401', 'False', 'None', 'SELECT rating FROM Movies', '5', '1');
INSERT INTO "QueryColumnAccess" ("queryId", "columnId")
    VALUES ('883', '7');
INSERT INTO "QueryTableAccess" ("queryId", "tableId")
    VALUES ('883', '1');
SELECT 'user_id' FROM Reviews;
INSERT INTO "SqlQuery" ("queryId", "userId", "issuedAt", "finishedAt", "hasError", "errorMessage", "statement", "projectId", "queryTypeId")
    VALUES ('884', '11', '2023-07-10 22:05:19.684408', '2023-07-10 22:05:21.684408', 'False', 'None', 'SELECT user_id FROM Reviews', '5', '1');
INSERT INTO "QueryColumnAccess" ("queryId", "columnId")
    VALUES ('884', '3');
INSERT INTO "QueryTableAccess" ("queryId", "tableId")
    VALUES ('884', '3');
SELECT 'last_name' FROM Actors;
INSERT INTO "SqlQuery" ("queryId", "userId", "issuedAt", "finishedAt", "hasError", "errorMessage", "statement", "projectId", "queryTypeId")
    VALUES ('885', '4', '2023-05-02 22:05:19.684414', '2023-05-02 22:05:23.684414', 'False', 'None', 'SELECT last_name FROM Actors', '5', '1');
INSERT INTO "QueryColumnAccess" ("queryId", "columnId")
    VALUES ('885', '3');
INSERT INTO "QueryTableAccess" ("queryId", "tableId")
    VALUES ('885', '2');
SELECT 'screening_id' FROM Screenings;
INSERT INTO "SqlQuery" ("queryId", "userId", "issuedAt", "finishedAt", "hasError", "errorMessage", "statement", "projectId", "queryTypeId")
    VALUES ('886', '11', '2023-05-12 22:05:19.684423', '2023-05-12 22:05:21.684423', 'False', 'None', 'SELECT screening_id FROM Screenings', '5', '1');
INSERT INTO "QueryColumnAccess" ("queryId", "columnId")
    VALUES ('886', '1');
INSERT INTO "QueryTableAccess" ("queryId", "tableId")
    VALUES ('886', '5');
SELECT 'review_date' FROM Reviews;
INSERT INTO "SqlQuery" ("queryId", "userId", "issuedAt", "finishedAt", "hasError", "errorMessage", "statement", "projectId", "queryTypeId")
    VALUES ('887', '3', '2023-04-11 22:05:19.684430', '2023-04-11 22:05:23.684430', 'False', 'None', 'SELECT review_date FROM Reviews', '5', '1');
INSERT INTO "QueryColumnAccess" ("queryId", "columnId")
    VALUES ('887', '6');
INSERT INTO "QueryTableAccess" ("queryId", "tableId")
    VALUES ('887', '3');
SELECT 'phone_number' FROM Theaters;
INSERT INTO "SqlQuery" ("queryId", "userId", "issuedAt", "finishedAt", "hasError", "errorMessage", "statement", "projectId", "queryTypeId")
    VALUES ('888', '10', '2023-04-22 22:05:19.684436', '2023-04-22 22:05:22.684436', 'False', 'None', 'SELECT phone_number FROM Theaters', '5', '1');
INSERT INTO "QueryColumnAccess" ("queryId", "columnId")
    VALUES ('888', '5');
INSERT INTO "QueryTableAccess" ("queryId", "tableId")
    VALUES ('888', '4');
SELECT 'actor_id' FROM Actors;
INSERT INTO "SqlQuery" ("queryId", "userId", "issuedAt", "finishedAt", "hasError", "errorMessage", "statement", "projectId", "queryTypeId")
    VALUES ('889', '3', '2023-04-24 22:05:19.684443', '2023-04-24 22:05:21.684443', 'False', 'None', 'SELECT actor_id FROM Actors', '5', '1');
INSERT INTO "QueryColumnAccess" ("queryId", "columnId")
    VALUES ('889', '1');
INSERT INTO "QueryTableAccess" ("queryId", "tableId")
    VALUES ('889', '2');
SELECT 'actor_id' FROM Actors;
INSERT INTO "SqlQuery" ("queryId", "userId", "issuedAt", "finishedAt", "hasError", "errorMessage", "statement", "projectId", "queryTypeId")
    VALUES ('890', '11', '2023-05-01 22:05:19.684449', '2023-05-01 22:05:21.684449', 'False', 'None', 'SELECT actor_id FROM Actors', '5', '1');
INSERT INTO "QueryColumnAccess" ("queryId", "columnId")
    VALUES ('890', '1');
INSERT INTO "QueryTableAccess" ("queryId", "tableId")
    VALUES ('890', '2');
SELECT 'duration' FROM Movies;
INSERT INTO "SqlQuery" ("queryId", "userId", "issuedAt", "finishedAt", "hasError", "errorMessage", "statement", "projectId", "queryTypeId")
    VALUES ('891', '3', '2023-07-06 22:05:19.684455', '2023-07-06 22:05:20.684455', 'False', 'None', 'SELECT duration FROM Movies', '5', '1');
INSERT INTO "QueryColumnAccess" ("queryId", "columnId")
    VALUES ('891', '6');
INSERT INTO "QueryTableAccess" ("queryId", "tableId")
    VALUES ('891', '1');
SELECT 'location' FROM Theaters;
INSERT INTO "SqlQuery" ("queryId", "userId", "issuedAt", "finishedAt", "hasError", "errorMessage", "statement", "projectId", "queryTypeId")
    VALUES ('892', '14', '2023-04-28 22:05:19.684461', '2023-04-28 22:05:20.684461', 'False', 'None', 'SELECT location FROM Theaters', '5', '1');
INSERT INTO "QueryColumnAccess" ("queryId", "columnId")
    VALUES ('892', '3');
INSERT INTO "QueryTableAccess" ("queryId", "tableId")
    VALUES ('892', '4');
SELECT 'capacity' FROM Theaters;
INSERT INTO "SqlQuery" ("queryId", "userId", "issuedAt", "finishedAt", "hasError", "errorMessage", "statement", "projectId", "queryTypeId")
    VALUES ('893', '8', '2023-04-13 22:05:19.684468', '2023-04-13 22:05:21.684468', 'False', 'None', 'SELECT capacity FROM Theaters', '5', '1');
INSERT INTO "QueryColumnAccess" ("queryId", "columnId")
    VALUES ('893', '4');
INSERT INTO "QueryTableAccess" ("queryId", "tableId")
    VALUES ('893', '4');
SELECT 'last_name' FROM Actors;
INSERT INTO "SqlQuery" ("queryId", "userId", "issuedAt", "finishedAt", "hasError", "errorMessage", "statement", "projectId", "queryTypeId")
    VALUES ('894', '6', '2023-05-17 22:05:19.684474', '2023-05-17 22:05:20.684474', 'False', 'None', 'SELECT last_name FROM Actors', '5', '1');
INSERT INTO "QueryColumnAccess" ("queryId", "columnId")
    VALUES ('894', '3');
INSERT INTO "QueryTableAccess" ("queryId", "tableId")
    VALUES ('894', '2');
SELECT 'start_time' FROM Screenings;
INSERT INTO "SqlQuery" ("queryId", "userId", "issuedAt", "finishedAt", "hasError", "errorMessage", "statement", "projectId", "queryTypeId")
    VALUES ('895', '5', '2023-04-18 22:05:19.684480', '2023-04-18 22:05:22.684480', 'False', 'None', 'SELECT start_time FROM Screenings', '5', '1');
INSERT INTO "QueryColumnAccess" ("queryId", "columnId")
    VALUES ('895', '4');
INSERT INTO "QueryTableAccess" ("queryId", "tableId")
    VALUES ('895', '5');
SELECT 'screening_id' FROM Screenings;
INSERT INTO "SqlQuery" ("queryId", "userId", "issuedAt", "finishedAt", "hasError", "errorMessage", "statement", "projectId", "queryTypeId")
    VALUES ('896', '15', '2023-06-23 22:05:19.684486', '2023-06-23 22:05:21.684486', 'False', 'None', 'SELECT screening_id FROM Screenings', '5', '1');
INSERT INTO "QueryColumnAccess" ("queryId", "columnId")
    VALUES ('896', '1');
INSERT INTO "QueryTableAccess" ("queryId", "tableId")
    VALUES ('896', '5');
SELECT 'genre' FROM Movies;
INSERT INTO "SqlQuery" ("queryId", "userId", "issuedAt", "finishedAt", "hasError", "errorMessage", "statement", "projectId", "queryTypeId")
    VALUES ('897', '9', '2023-06-09 22:05:19.684493', '2023-06-09 22:05:20.684493', 'False', 'None', 'SELECT genre FROM Movies', '5', '1');
INSERT INTO "QueryColumnAccess" ("queryId", "columnId")
    VALUES ('897', '4');
INSERT INTO "QueryTableAccess" ("queryId", "tableId")
    VALUES ('897', '1');
SELECT 'phone_number' FROM Theaters;
INSERT INTO "SqlQuery" ("queryId", "userId", "issuedAt", "finishedAt", "hasError", "errorMessage", "statement", "projectId", "queryTypeId")
    VALUES ('898', '6', '2023-06-28 22:05:19.684499', '2023-06-28 22:05:22.684499', 'False', 'None', 'SELECT phone_number FROM Theaters', '5', '1');
INSERT INTO "QueryColumnAccess" ("queryId", "columnId")
    VALUES ('898', '5');
INSERT INTO "QueryTableAccess" ("queryId", "tableId")
    VALUES ('898', '4');
SELECT 'last_name' FROM Actors;
INSERT INTO "SqlQuery" ("queryId", "userId", "issuedAt", "finishedAt", "hasError", "errorMessage", "statement", "projectId", "queryTypeId")
    VALUES ('899', '14', '2023-04-21 22:05:19.684505', '2023-04-21 22:05:22.684505', 'False', 'None', 'SELECT last_name FROM Actors', '5', '1');
INSERT INTO "QueryColumnAccess" ("queryId", "columnId")
    VALUES ('899', '3');
INSERT INTO "QueryTableAccess" ("queryId", "tableId")
    VALUES ('899', '2');
SELECT 'start_time' FROM Screenings;
INSERT INTO "SqlQuery" ("queryId", "userId", "issuedAt", "finishedAt", "hasError", "errorMessage", "statement", "projectId", "queryTypeId")
    VALUES ('900', '2', '2023-06-20 22:05:19.684512', '2023-06-20 22:05:23.684512', 'False', 'None', 'SELECT start_time FROM Screenings', '5', '1');
INSERT INTO "QueryColumnAccess" ("queryId", "columnId")
    VALUES ('900', '4');
INSERT INTO "QueryTableAccess" ("queryId", "tableId")
    VALUES ('900', '5');
SELECT 'capacity' FROM Theaters;
INSERT INTO "SqlQuery" ("queryId", "userId", "issuedAt", "finishedAt", "hasError", "errorMessage", "statement", "projectId", "queryTypeId")
    VALUES ('901', '10', '2023-04-23 22:05:19.684518', '2023-04-23 22:05:20.684518', 'False', 'None', 'SELECT capacity FROM Theaters', '5', '1');
INSERT INTO "QueryColumnAccess" ("queryId", "columnId")
    VALUES ('901', '4');
INSERT INTO "QueryTableAccess" ("queryId", "tableId")
    VALUES ('901', '4');
SELECT 'date_of_birth' FROM Actors;
INSERT INTO "SqlQuery" ("queryId", "userId", "issuedAt", "finishedAt", "hasError", "errorMessage", "statement", "projectId", "queryTypeId")
    VALUES ('902', '15', '2023-06-04 22:05:19.684524', '2023-06-04 22:05:22.684524', 'False', 'None', 'SELECT date_of_birth FROM Actors', '5', '1');
INSERT INTO "QueryColumnAccess" ("queryId", "columnId")
    VALUES ('902', '4');
INSERT INTO "QueryTableAccess" ("queryId", "tableId")
    VALUES ('902', '2');
SELECT 'location' FROM Theaters;
INSERT INTO "SqlQuery" ("queryId", "userId", "issuedAt", "finishedAt", "hasError", "errorMessage", "statement", "projectId", "queryTypeId")
    VALUES ('903', '6', '2023-06-14 22:05:19.684535', '2023-06-14 22:05:22.684535', 'False', 'None', 'SELECT location FROM Theaters', '5', '1');
INSERT INTO "QueryColumnAccess" ("queryId", "columnId")
    VALUES ('903', '3');
INSERT INTO "QueryTableAccess" ("queryId", "tableId")
    VALUES ('903', '4');
SELECT 'gender' FROM Actors;
INSERT INTO "SqlQuery" ("queryId", "userId", "issuedAt", "finishedAt", "hasError", "errorMessage", "statement", "projectId", "queryTypeId")
    VALUES ('904', '13', '2023-05-14 22:05:19.684542', '2023-05-14 22:05:21.684542', 'False', 'None', 'SELECT gender FROM Actors', '5', '1');
INSERT INTO "QueryColumnAccess" ("queryId", "columnId")
    VALUES ('904', '5');
INSERT INTO "QueryTableAccess" ("queryId", "tableId")
    VALUES ('904', '2');
SELECT 'capacity' FROM Theaters;
INSERT INTO "SqlQuery" ("queryId", "userId", "issuedAt", "finishedAt", "hasError", "errorMessage", "statement", "projectId", "queryTypeId")
    VALUES ('905', '5', '2023-06-14 22:05:19.684548', '2023-06-14 22:05:20.684548', 'False', 'None', 'SELECT capacity FROM Theaters', '5', '1');
INSERT INTO "QueryColumnAccess" ("queryId", "columnId")
    VALUES ('905', '4');
INSERT INTO "QueryTableAccess" ("queryId", "tableId")
    VALUES ('905', '4');
SELECT 'duration' FROM Movies;
INSERT INTO "SqlQuery" ("queryId", "userId", "issuedAt", "finishedAt", "hasError", "errorMessage", "statement", "projectId", "queryTypeId")
    VALUES ('906', '8', '2023-06-03 22:05:19.684555', '2023-06-03 22:05:22.684555', 'False', 'None', 'SELECT duration FROM Movies', '5', '1');
INSERT INTO "QueryColumnAccess" ("queryId", "columnId")
    VALUES ('906', '6');
INSERT INTO "QueryTableAccess" ("queryId", "tableId")
    VALUES ('906', '1');
SELECT 'rating' FROM Reviews;
INSERT INTO "SqlQuery" ("queryId", "userId", "issuedAt", "finishedAt", "hasError", "errorMessage", "statement", "projectId", "queryTypeId")
    VALUES ('907', '10', '2023-05-25 22:05:19.684561', '2023-05-25 22:05:21.684561', 'False', 'None', 'SELECT rating FROM Reviews', '5', '1');
INSERT INTO "QueryColumnAccess" ("queryId", "columnId")
    VALUES ('907', '4');
INSERT INTO "QueryTableAccess" ("queryId", "tableId")
    VALUES ('907', '3');
SELECT 'screening_id' FROM Screenings;
INSERT INTO "SqlQuery" ("queryId", "userId", "issuedAt", "finishedAt", "hasError", "errorMessage", "statement", "projectId", "queryTypeId")
    VALUES ('908', '7', '2023-05-25 22:05:19.684567', '2023-05-25 22:05:23.684567', 'False', 'None', 'SELECT screening_id FROM Screenings', '5', '1');
INSERT INTO "QueryColumnAccess" ("queryId", "columnId")
    VALUES ('908', '1');
INSERT INTO "QueryTableAccess" ("queryId", "tableId")
    VALUES ('908', '5');
SELECT 'movie_id' FROM Movies;
INSERT INTO "SqlQuery" ("queryId", "userId", "issuedAt", "finishedAt", "hasError", "errorMessage", "statement", "projectId", "queryTypeId")
    VALUES ('909', '4', '2023-05-14 22:05:19.684574', '2023-05-14 22:05:21.684574', 'False', 'None', 'SELECT movie_id FROM Movies', '5', '1');
INSERT INTO "QueryColumnAccess" ("queryId", "columnId")
    VALUES ('909', '1');
INSERT INTO "QueryTableAccess" ("queryId", "tableId")
    VALUES ('909', '1');
SELECT 'title' FROM Movies;
INSERT INTO "SqlQuery" ("queryId", "userId", "issuedAt", "finishedAt", "hasError", "errorMessage", "statement", "projectId", "queryTypeId")
    VALUES ('910', '12', '2023-05-11 22:05:19.684580', '2023-05-11 22:05:23.684580', 'False', 'None', 'SELECT title FROM Movies', '5', '1');
INSERT INTO "QueryColumnAccess" ("queryId", "columnId")
    VALUES ('910', '2');
INSERT INTO "QueryTableAccess" ("queryId", "tableId")
    VALUES ('910', '1');
SELECT 'start_time' FROM Screenings;
INSERT INTO "SqlQuery" ("queryId", "userId", "issuedAt", "finishedAt", "hasError", "errorMessage", "statement", "projectId", "queryTypeId")
    VALUES ('911', '9', '2023-04-11 22:05:19.684587', '2023-04-11 22:05:22.684587', 'False', 'None', 'SELECT start_time FROM Screenings', '5', '1');
INSERT INTO "QueryColumnAccess" ("queryId", "columnId")
    VALUES ('911', '4');
INSERT INTO "QueryTableAccess" ("queryId", "tableId")
    VALUES ('911', '5');
SELECT 'phone_number' FROM Theaters;
INSERT INTO "SqlQuery" ("queryId", "userId", "issuedAt", "finishedAt", "hasError", "errorMessage", "statement", "projectId", "queryTypeId")
    VALUES ('912', '11', '2023-06-15 22:05:19.684593', '2023-06-15 22:05:20.684593', 'False', 'None', 'SELECT phone_number FROM Theaters', '5', '1');
INSERT INTO "QueryColumnAccess" ("queryId", "columnId")
    VALUES ('912', '5');
INSERT INTO "QueryTableAccess" ("queryId", "tableId")
    VALUES ('912', '4');
SELECT 'comment' FROM Reviews;
INSERT INTO "SqlQuery" ("queryId", "userId", "issuedAt", "finishedAt", "hasError", "errorMessage", "statement", "projectId", "queryTypeId")
    VALUES ('913', '4', '2023-06-16 22:05:19.684599', '2023-06-16 22:05:22.684599', 'False', 'None', 'SELECT comment FROM Reviews', '5', '1');
INSERT INTO "QueryColumnAccess" ("queryId", "columnId")
    VALUES ('913', '5');
INSERT INTO "QueryTableAccess" ("queryId", "tableId")
    VALUES ('913', '3');
SELECT 'capacity' FROM Theaters;
INSERT INTO "SqlQuery" ("queryId", "userId", "issuedAt", "finishedAt", "hasError", "errorMessage", "statement", "projectId", "queryTypeId")
    VALUES ('914', '1', '2023-06-20 22:05:19.684605', '2023-06-20 22:05:22.684605', 'False', 'None', 'SELECT capacity FROM Theaters', '5', '1');
INSERT INTO "QueryColumnAccess" ("queryId", "columnId")
    VALUES ('914', '4');
INSERT INTO "QueryTableAccess" ("queryId", "tableId")
    VALUES ('914', '4');
SELECT 'theater_id' FROM Screenings;
INSERT INTO "SqlQuery" ("queryId", "userId", "issuedAt", "finishedAt", "hasError", "errorMessage", "statement", "projectId", "queryTypeId")
    VALUES ('915', '11', '2023-07-06 22:05:19.684612', '2023-07-06 22:05:20.684612', 'False', 'None', 'SELECT theater_id FROM Screenings', '5', '1');
INSERT INTO "QueryColumnAccess" ("queryId", "columnId")
    VALUES ('915', '3');
INSERT INTO "QueryTableAccess" ("queryId", "tableId")
    VALUES ('915', '5');
SELECT 'genre' FROM Movies;
INSERT INTO "SqlQuery" ("queryId", "userId", "issuedAt", "finishedAt", "hasError", "errorMessage", "statement", "projectId", "queryTypeId")
    VALUES ('916', '4', '2023-06-15 22:05:19.684618', '2023-06-15 22:05:21.684618', 'False', 'None', 'SELECT genre FROM Movies', '5', '1');
INSERT INTO "QueryColumnAccess" ("queryId", "columnId")
    VALUES ('916', '4');
INSERT INTO "QueryTableAccess" ("queryId", "tableId")
    VALUES ('916', '1');
SELECT 'movie_id' FROM Reviews;
INSERT INTO "SqlQuery" ("queryId", "userId", "issuedAt", "finishedAt", "hasError", "errorMessage", "statement", "projectId", "queryTypeId")
    VALUES ('917', '11', '2023-04-11 22:05:19.684624', '2023-04-11 22:05:22.684624', 'False', 'None', 'SELECT movie_id FROM Reviews', '5', '1');
INSERT INTO "QueryColumnAccess" ("queryId", "columnId")
    VALUES ('917', '2');
INSERT INTO "QueryTableAccess" ("queryId", "tableId")
    VALUES ('917', '3');
SELECT 'movie_id' FROM Reviews;
INSERT INTO "SqlQuery" ("queryId", "userId", "issuedAt", "finishedAt", "hasError", "errorMessage", "statement", "projectId", "queryTypeId")
    VALUES ('918', '8', '2023-07-04 22:05:19.684631', '2023-07-04 22:05:20.684631', 'False', 'None', 'SELECT movie_id FROM Reviews', '5', '1');
INSERT INTO "QueryColumnAccess" ("queryId", "columnId")
    VALUES ('918', '2');
INSERT INTO "QueryTableAccess" ("queryId", "tableId")
    VALUES ('918', '3');
SELECT 'first_name' FROM Actors;
INSERT INTO "SqlQuery" ("queryId", "userId", "issuedAt", "finishedAt", "hasError", "errorMessage", "statement", "projectId", "queryTypeId")
    VALUES ('919', '12', '2023-05-11 22:05:19.684637', '2023-05-11 22:05:22.684637', 'False', 'None', 'SELECT first_name FROM Actors', '5', '1');
INSERT INTO "QueryColumnAccess" ("queryId", "columnId")
    VALUES ('919', '2');
INSERT INTO "QueryTableAccess" ("queryId", "tableId")
    VALUES ('919', '2');
SELECT 'screening_id' FROM Screenings;
INSERT INTO "SqlQuery" ("queryId", "userId", "issuedAt", "finishedAt", "hasError", "errorMessage", "statement", "projectId", "queryTypeId")
    VALUES ('920', '8', '2023-04-14 22:05:19.684647', '2023-04-14 22:05:22.684647', 'False', 'None', 'SELECT screening_id FROM Screenings', '5', '1');
INSERT INTO "QueryColumnAccess" ("queryId", "columnId")
    VALUES ('920', '1');
INSERT INTO "QueryTableAccess" ("queryId", "tableId")
    VALUES ('920', '5');
SELECT 'movie_id' FROM Screenings;
INSERT INTO "SqlQuery" ("queryId", "userId", "issuedAt", "finishedAt", "hasError", "errorMessage", "statement", "projectId", "queryTypeId")
    VALUES ('921', '2', '2023-06-26 22:05:19.684653', '2023-06-26 22:05:22.684653', 'False', 'None', 'SELECT movie_id FROM Screenings', '5', '1');
INSERT INTO "QueryColumnAccess" ("queryId", "columnId")
    VALUES ('921', '2');
INSERT INTO "QueryTableAccess" ("queryId", "tableId")
    VALUES ('921', '5');
SELECT 'capacity' FROM Theaters;
INSERT INTO "SqlQuery" ("queryId", "userId", "issuedAt", "finishedAt", "hasError", "errorMessage", "statement", "projectId", "queryTypeId")
    VALUES ('922', '15', '2023-05-08 22:05:19.684660', '2023-05-08 22:05:23.684660', 'False', 'None', 'SELECT capacity FROM Theaters', '5', '1');
INSERT INTO "QueryColumnAccess" ("queryId", "columnId")
    VALUES ('922', '4');
INSERT INTO "QueryTableAccess" ("queryId", "tableId")
    VALUES ('922', '4');
SELECT 'actor_id' FROM Actors;
INSERT INTO "SqlQuery" ("queryId", "userId", "issuedAt", "finishedAt", "hasError", "errorMessage", "statement", "projectId", "queryTypeId")
    VALUES ('923', '2', '2023-05-06 22:05:19.684666', '2023-05-06 22:05:20.684666', 'False', 'None', 'SELECT actor_id FROM Actors', '5', '1');
INSERT INTO "QueryColumnAccess" ("queryId", "columnId")
    VALUES ('923', '1');
INSERT INTO "QueryTableAccess" ("queryId", "tableId")
    VALUES ('923', '2');
SELECT 'comment' FROM Reviews;
INSERT INTO "SqlQuery" ("queryId", "userId", "issuedAt", "finishedAt", "hasError", "errorMessage", "statement", "projectId", "queryTypeId")
    VALUES ('924', '10', '2023-05-08 22:05:19.684672', '2023-05-08 22:05:20.684672', 'False', 'None', 'SELECT comment FROM Reviews', '5', '1');
INSERT INTO "QueryColumnAccess" ("queryId", "columnId")
    VALUES ('924', '5');
INSERT INTO "QueryTableAccess" ("queryId", "tableId")
    VALUES ('924', '3');
SELECT 'genre' FROM Movies;
INSERT INTO "SqlQuery" ("queryId", "userId", "issuedAt", "finishedAt", "hasError", "errorMessage", "statement", "projectId", "queryTypeId")
    VALUES ('925', '6', '2023-04-19 22:05:19.684678', '2023-04-19 22:05:21.684678', 'False', 'None', 'SELECT genre FROM Movies', '5', '1');
INSERT INTO "QueryColumnAccess" ("queryId", "columnId")
    VALUES ('925', '4');
INSERT INTO "QueryTableAccess" ("queryId", "tableId")
    VALUES ('925', '1');
SELECT 'capacity' FROM Theaters;
INSERT INTO "SqlQuery" ("queryId", "userId", "issuedAt", "finishedAt", "hasError", "errorMessage", "statement", "projectId", "queryTypeId")
    VALUES ('926', '12', '2023-05-12 22:05:19.684684', '2023-05-12 22:05:23.684684', 'False', 'None', 'SELECT capacity FROM Theaters', '5', '1');
INSERT INTO "QueryColumnAccess" ("queryId", "columnId")
    VALUES ('926', '4');
INSERT INTO "QueryTableAccess" ("queryId", "tableId")
    VALUES ('926', '4');
SELECT 'end_time' FROM Screenings;
INSERT INTO "SqlQuery" ("queryId", "userId", "issuedAt", "finishedAt", "hasError", "errorMessage", "statement", "projectId", "queryTypeId")
    VALUES ('927', '14', '2023-05-12 22:05:19.684691', '2023-05-12 22:05:21.684691', 'False', 'None', 'SELECT end_time FROM Screenings', '5', '1');
INSERT INTO "QueryColumnAccess" ("queryId", "columnId")
    VALUES ('927', '5');
INSERT INTO "QueryTableAccess" ("queryId", "tableId")
    VALUES ('927', '5');
SELECT 'gender' FROM Actors;
INSERT INTO "SqlQuery" ("queryId", "userId", "issuedAt", "finishedAt", "hasError", "errorMessage", "statement", "projectId", "queryTypeId")
    VALUES ('928', '6', '2023-05-21 22:05:19.684697', '2023-05-21 22:05:23.684697', 'False', 'None', 'SELECT gender FROM Actors', '5', '1');
INSERT INTO "QueryColumnAccess" ("queryId", "columnId")
    VALUES ('928', '5');
INSERT INTO "QueryTableAccess" ("queryId", "tableId")
    VALUES ('928', '2');
SELECT 'review_date' FROM Reviews;
INSERT INTO "SqlQuery" ("queryId", "userId", "issuedAt", "finishedAt", "hasError", "errorMessage", "statement", "projectId", "queryTypeId")
    VALUES ('929', '1', '2023-06-18 22:05:19.684703', '2023-06-18 22:05:20.684703', 'False', 'None', 'SELECT review_date FROM Reviews', '5', '1');
INSERT INTO "QueryColumnAccess" ("queryId", "columnId")
    VALUES ('929', '6');
INSERT INTO "QueryTableAccess" ("queryId", "tableId")
    VALUES ('929', '3');
SELECT 'first_name' FROM Actors;
INSERT INTO "SqlQuery" ("queryId", "userId", "issuedAt", "finishedAt", "hasError", "errorMessage", "statement", "projectId", "queryTypeId")
    VALUES ('930', '12', '2023-04-17 22:05:19.684710', '2023-04-17 22:05:21.684710', 'False', 'None', 'SELECT first_name FROM Actors', '5', '1');
INSERT INTO "QueryColumnAccess" ("queryId", "columnId")
    VALUES ('930', '2');
INSERT INTO "QueryTableAccess" ("queryId", "tableId")
    VALUES ('930', '2');
SELECT 'theater_id' FROM Theaters;
INSERT INTO "SqlQuery" ("queryId", "userId", "issuedAt", "finishedAt", "hasError", "errorMessage", "statement", "projectId", "queryTypeId")
    VALUES ('931', '8', '2023-05-22 22:05:19.684716', '2023-05-22 22:05:20.684716', 'False', 'None', 'SELECT theater_id FROM Theaters', '5', '1');
INSERT INTO "QueryColumnAccess" ("queryId", "columnId")
    VALUES ('931', '1');
INSERT INTO "QueryTableAccess" ("queryId", "tableId")
    VALUES ('931', '4');
SELECT 'rating' FROM Reviews;
INSERT INTO "SqlQuery" ("queryId", "userId", "issuedAt", "finishedAt", "hasError", "errorMessage", "statement", "projectId", "queryTypeId")
    VALUES ('932', '1', '2023-06-26 22:05:19.684722', '2023-06-26 22:05:21.684722', 'False', 'None', 'SELECT rating FROM Reviews', '5', '1');
INSERT INTO "QueryColumnAccess" ("queryId", "columnId")
    VALUES ('932', '4');
INSERT INTO "QueryTableAccess" ("queryId", "tableId")
    VALUES ('932', '3');
SELECT 'rating' FROM Movies;
INSERT INTO "SqlQuery" ("queryId", "userId", "issuedAt", "finishedAt", "hasError", "errorMessage", "statement", "projectId", "queryTypeId")
    VALUES ('933', '14', '2023-05-11 22:05:19.684729', '2023-05-11 22:05:21.684729', 'False', 'None', 'SELECT rating FROM Movies', '5', '1');
INSERT INTO "QueryColumnAccess" ("queryId", "columnId")
    VALUES ('933', '7');
INSERT INTO "QueryTableAccess" ("queryId", "tableId")
    VALUES ('933', '1');
SELECT 'release_date' FROM Movies;
INSERT INTO "SqlQuery" ("queryId", "userId", "issuedAt", "finishedAt", "hasError", "errorMessage", "statement", "projectId", "queryTypeId")
    VALUES ('934', '4', '2023-06-03 22:05:19.684735', '2023-06-03 22:05:23.684735', 'False', 'None', 'SELECT release_date FROM Movies', '5', '1');
INSERT INTO "QueryColumnAccess" ("queryId", "columnId")
    VALUES ('934', '3');
INSERT INTO "QueryTableAccess" ("queryId", "tableId")
    VALUES ('934', '1');
SELECT 'theater_id' FROM Screenings;
INSERT INTO "SqlQuery" ("queryId", "userId", "issuedAt", "finishedAt", "hasError", "errorMessage", "statement", "projectId", "queryTypeId")
    VALUES ('935', '9', '2023-05-19 22:05:19.684742', '2023-05-19 22:05:22.684742', 'False', 'None', 'SELECT theater_id FROM Screenings', '5', '1');
INSERT INTO "QueryColumnAccess" ("queryId", "columnId")
    VALUES ('935', '3');
INSERT INTO "QueryTableAccess" ("queryId", "tableId")
    VALUES ('935', '5');
SELECT 'location' FROM Theaters;
INSERT INTO "SqlQuery" ("queryId", "userId", "issuedAt", "finishedAt", "hasError", "errorMessage", "statement", "projectId", "queryTypeId")
    VALUES ('936', '13', '2023-05-11 22:05:19.684748', '2023-05-11 22:05:21.684748', 'False', 'None', 'SELECT location FROM Theaters', '5', '1');
INSERT INTO "QueryColumnAccess" ("queryId", "columnId")
    VALUES ('936', '3');
INSERT INTO "QueryTableAccess" ("queryId", "tableId")
    VALUES ('936', '4');
SELECT 'gender' FROM Actors;
INSERT INTO "SqlQuery" ("queryId", "userId", "issuedAt", "finishedAt", "hasError", "errorMessage", "statement", "projectId", "queryTypeId")
    VALUES ('937', '4', '2023-05-06 22:05:19.684760', '2023-05-06 22:05:23.684760', 'False', 'None', 'SELECT gender FROM Actors', '5', '1');
INSERT INTO "QueryColumnAccess" ("queryId", "columnId")
    VALUES ('937', '5');
INSERT INTO "QueryTableAccess" ("queryId", "tableId")
    VALUES ('937', '2');
SELECT 'theater_id' FROM Theaters;
INSERT INTO "SqlQuery" ("queryId", "userId", "issuedAt", "finishedAt", "hasError", "errorMessage", "statement", "projectId", "queryTypeId")
    VALUES ('938', '2', '2023-04-15 22:05:19.684767', '2023-04-15 22:05:20.684767', 'False', 'None', 'SELECT theater_id FROM Theaters', '5', '1');
INSERT INTO "QueryColumnAccess" ("queryId", "columnId")
    VALUES ('938', '1');
INSERT INTO "QueryTableAccess" ("queryId", "tableId")
    VALUES ('938', '4');
SELECT 'rating' FROM Reviews;
INSERT INTO "SqlQuery" ("queryId", "userId", "issuedAt", "finishedAt", "hasError", "errorMessage", "statement", "projectId", "queryTypeId")
    VALUES ('939', '13', '2023-04-12 22:05:19.684773', '2023-04-12 22:05:22.684773', 'False', 'None', 'SELECT rating FROM Reviews', '5', '1');
INSERT INTO "QueryColumnAccess" ("queryId", "columnId")
    VALUES ('939', '4');
INSERT INTO "QueryTableAccess" ("queryId", "tableId")
    VALUES ('939', '3');
SELECT 'date_of_birth' FROM Actors;
INSERT INTO "SqlQuery" ("queryId", "userId", "issuedAt", "finishedAt", "hasError", "errorMessage", "statement", "projectId", "queryTypeId")
    VALUES ('940', '12', '2023-04-28 22:05:19.684779', '2023-04-28 22:05:22.684779', 'False', 'None', 'SELECT date_of_birth FROM Actors', '5', '1');
INSERT INTO "QueryColumnAccess" ("queryId", "columnId")
    VALUES ('940', '4');
INSERT INTO "QueryTableAccess" ("queryId", "tableId")
    VALUES ('940', '2');
SELECT 'capacity' FROM Theaters;
INSERT INTO "SqlQuery" ("queryId", "userId", "issuedAt", "finishedAt", "hasError", "errorMessage", "statement", "projectId", "queryTypeId")
    VALUES ('941', '2', '2023-05-09 22:05:19.684786', '2023-05-09 22:05:22.684786', 'False', 'None', 'SELECT capacity FROM Theaters', '5', '1');
INSERT INTO "QueryColumnAccess" ("queryId", "columnId")
    VALUES ('941', '4');
INSERT INTO "QueryTableAccess" ("queryId", "tableId")
    VALUES ('941', '4');
SELECT 'rating' FROM Movies;
INSERT INTO "SqlQuery" ("queryId", "userId", "issuedAt", "finishedAt", "hasError", "errorMessage", "statement", "projectId", "queryTypeId")
    VALUES ('942', '6', '2023-04-29 22:05:19.684792', '2023-04-29 22:05:20.684792', 'False', 'None', 'SELECT rating FROM Movies', '5', '1');
INSERT INTO "QueryColumnAccess" ("queryId", "columnId")
    VALUES ('942', '7');
INSERT INTO "QueryTableAccess" ("queryId", "tableId")
    VALUES ('942', '1');
SELECT 'director' FROM Movies;
INSERT INTO "SqlQuery" ("queryId", "userId", "issuedAt", "finishedAt", "hasError", "errorMessage", "statement", "projectId", "queryTypeId")
    VALUES ('943', '13', '2023-04-16 22:05:19.684798', '2023-04-16 22:05:21.684798', 'False', 'None', 'SELECT director FROM Movies', '5', '1');
INSERT INTO "QueryColumnAccess" ("queryId", "columnId")
    VALUES ('943', '5');
INSERT INTO "QueryTableAccess" ("queryId", "tableId")
    VALUES ('943', '1');
SELECT 'review_id' FROM Reviews;
INSERT INTO "SqlQuery" ("queryId", "userId", "issuedAt", "finishedAt", "hasError", "errorMessage", "statement", "projectId", "queryTypeId")
    VALUES ('944', '13', '2023-05-31 22:05:19.684804', '2023-05-31 22:05:21.684804', 'False', 'None', 'SELECT review_id FROM Reviews', '5', '1');
INSERT INTO "QueryColumnAccess" ("queryId", "columnId")
    VALUES ('944', '1');
INSERT INTO "QueryTableAccess" ("queryId", "tableId")
    VALUES ('944', '3');
SELECT 'ticket_price' FROM Screenings;
INSERT INTO "SqlQuery" ("queryId", "userId", "issuedAt", "finishedAt", "hasError", "errorMessage", "statement", "projectId", "queryTypeId")
    VALUES ('945', '11', '2023-06-11 22:05:19.684811', '2023-06-11 22:05:20.684811', 'False', 'None', 'SELECT ticket_price FROM Screenings', '5', '1');
INSERT INTO "QueryColumnAccess" ("queryId", "columnId")
    VALUES ('945', '6');
INSERT INTO "QueryTableAccess" ("queryId", "tableId")
    VALUES ('945', '5');
SELECT 'date_of_birth' FROM Actors;
INSERT INTO "SqlQuery" ("queryId", "userId", "issuedAt", "finishedAt", "hasError", "errorMessage", "statement", "projectId", "queryTypeId")
    VALUES ('946', '1', '2023-07-04 22:05:19.684817', '2023-07-04 22:05:20.684817', 'False', 'None', 'SELECT date_of_birth FROM Actors', '5', '1');
INSERT INTO "QueryColumnAccess" ("queryId", "columnId")
    VALUES ('946', '4');
INSERT INTO "QueryTableAccess" ("queryId", "tableId")
    VALUES ('946', '2');
SELECT 'comment' FROM Reviews;
INSERT INTO "SqlQuery" ("queryId", "userId", "issuedAt", "finishedAt", "hasError", "errorMessage", "statement", "projectId", "queryTypeId")
    VALUES ('947', '14', '2023-06-30 22:05:19.684824', '2023-06-30 22:05:22.684824', 'False', 'None', 'SELECT comment FROM Reviews', '5', '1');
INSERT INTO "QueryColumnAccess" ("queryId", "columnId")
    VALUES ('947', '5');
INSERT INTO "QueryTableAccess" ("queryId", "tableId")
    VALUES ('947', '3');
SELECT 'first_name' FROM Actors;
INSERT INTO "SqlQuery" ("queryId", "userId", "issuedAt", "finishedAt", "hasError", "errorMessage", "statement", "projectId", "queryTypeId")
    VALUES ('948', '13', '2023-04-15 22:05:19.684830', '2023-04-15 22:05:23.684830', 'False', 'None', 'SELECT first_name FROM Actors', '5', '1');
INSERT INTO "QueryColumnAccess" ("queryId", "columnId")
    VALUES ('948', '2');
INSERT INTO "QueryTableAccess" ("queryId", "tableId")
    VALUES ('948', '2');
SELECT 'capacity' FROM Theaters;
INSERT INTO "SqlQuery" ("queryId", "userId", "issuedAt", "finishedAt", "hasError", "errorMessage", "statement", "projectId", "queryTypeId")
    VALUES ('949', '8', '2023-05-04 22:05:19.684837', '2023-05-04 22:05:21.684837', 'False', 'None', 'SELECT capacity FROM Theaters', '5', '1');
INSERT INTO "QueryColumnAccess" ("queryId", "columnId")
    VALUES ('949', '4');
INSERT INTO "QueryTableAccess" ("queryId", "tableId")
    VALUES ('949', '4');
SELECT 'start_time' FROM Screenings;
INSERT INTO "SqlQuery" ("queryId", "userId", "issuedAt", "finishedAt", "hasError", "errorMessage", "statement", "projectId", "queryTypeId")
    VALUES ('950', '3', '2023-07-09 22:05:19.684843', '2023-07-09 22:05:22.684843', 'False', 'None', 'SELECT start_time FROM Screenings', '5', '1');
INSERT INTO "QueryColumnAccess" ("queryId", "columnId")
    VALUES ('950', '4');
INSERT INTO "QueryTableAccess" ("queryId", "tableId")
    VALUES ('950', '5');
SELECT 'phone_number' FROM Theaters;
INSERT INTO "SqlQuery" ("queryId", "userId", "issuedAt", "finishedAt", "hasError", "errorMessage", "statement", "projectId", "queryTypeId")
    VALUES ('951', '8', '2023-04-24 22:05:19.684849', '2023-04-24 22:05:21.684849', 'False', 'None', 'SELECT phone_number FROM Theaters', '5', '1');
INSERT INTO "QueryColumnAccess" ("queryId", "columnId")
    VALUES ('951', '5');
INSERT INTO "QueryTableAccess" ("queryId", "tableId")
    VALUES ('951', '4');
SELECT 'last_name' FROM Actors;
INSERT INTO "SqlQuery" ("queryId", "userId", "issuedAt", "finishedAt", "hasError", "errorMessage", "statement", "projectId", "queryTypeId")
    VALUES ('952', '1', '2023-06-08 22:05:19.684856', '2023-06-08 22:05:21.684856', 'False', 'None', 'SELECT last_name FROM Actors', '5', '1');
INSERT INTO "QueryColumnAccess" ("queryId", "columnId")
    VALUES ('952', '3');
INSERT INTO "QueryTableAccess" ("queryId", "tableId")
    VALUES ('952', '2');
SELECT 'duration' FROM Movies;
INSERT INTO "SqlQuery" ("queryId", "userId", "issuedAt", "finishedAt", "hasError", "errorMessage", "statement", "projectId", "queryTypeId")
    VALUES ('953', '10', '2023-06-26 22:05:19.684862', '2023-06-26 22:05:21.684862', 'False', 'None', 'SELECT duration FROM Movies', '5', '1');
INSERT INTO "QueryColumnAccess" ("queryId", "columnId")
    VALUES ('953', '6');
INSERT INTO "QueryTableAccess" ("queryId", "tableId")
    VALUES ('953', '1');
SELECT 'last_name' FROM Actors;
INSERT INTO "SqlQuery" ("queryId", "userId", "issuedAt", "finishedAt", "hasError", "errorMessage", "statement", "projectId", "queryTypeId")
    VALUES ('954', '9', '2023-05-30 22:05:19.684873', '2023-05-30 22:05:23.684873', 'False', 'None', 'SELECT last_name FROM Actors', '5', '1');
INSERT INTO "QueryColumnAccess" ("queryId", "columnId")
    VALUES ('954', '3');
INSERT INTO "QueryTableAccess" ("queryId", "tableId")
    VALUES ('954', '2');
SELECT 'ticket_price' FROM Screenings;
INSERT INTO "SqlQuery" ("queryId", "userId", "issuedAt", "finishedAt", "hasError", "errorMessage", "statement", "projectId", "queryTypeId")
    VALUES ('955', '10', '2023-05-23 22:05:19.684879', '2023-05-23 22:05:21.684879', 'False', 'None', 'SELECT ticket_price FROM Screenings', '5', '1');
INSERT INTO "QueryColumnAccess" ("queryId", "columnId")
    VALUES ('955', '6');
INSERT INTO "QueryTableAccess" ("queryId", "tableId")
    VALUES ('955', '5');
SELECT 'date_of_birth' FROM Actors;
INSERT INTO "SqlQuery" ("queryId", "userId", "issuedAt", "finishedAt", "hasError", "errorMessage", "statement", "projectId", "queryTypeId")
    VALUES ('956', '11', '2023-04-13 22:05:19.684886', '2023-04-13 22:05:20.684886', 'False', 'None', 'SELECT date_of_birth FROM Actors', '5', '1');
INSERT INTO "QueryColumnAccess" ("queryId", "columnId")
    VALUES ('956', '4');
INSERT INTO "QueryTableAccess" ("queryId", "tableId")
    VALUES ('956', '2');
SELECT 'actor_id' FROM Actors;
INSERT INTO "SqlQuery" ("queryId", "userId", "issuedAt", "finishedAt", "hasError", "errorMessage", "statement", "projectId", "queryTypeId")
    VALUES ('957', '12', '2023-06-07 22:05:19.684893', '2023-06-07 22:05:21.684893', 'False', 'None', 'SELECT actor_id FROM Actors', '5', '1');
INSERT INTO "QueryColumnAccess" ("queryId", "columnId")
    VALUES ('957', '1');
INSERT INTO "QueryTableAccess" ("queryId", "tableId")
    VALUES ('957', '2');
SELECT 'nationality' FROM Actors;
INSERT INTO "SqlQuery" ("queryId", "userId", "issuedAt", "finishedAt", "hasError", "errorMessage", "statement", "projectId", "queryTypeId")
    VALUES ('958', '6', '2023-04-25 22:05:19.684902', '2023-04-25 22:05:22.684902', 'False', 'None', 'SELECT nationality FROM Actors', '5', '1');
INSERT INTO "QueryColumnAccess" ("queryId", "columnId")
    VALUES ('958', '6');
INSERT INTO "QueryTableAccess" ("queryId", "tableId")
    VALUES ('958', '2');
SELECT 'capacity' FROM Theaters;
INSERT INTO "SqlQuery" ("queryId", "userId", "issuedAt", "finishedAt", "hasError", "errorMessage", "statement", "projectId", "queryTypeId")
    VALUES ('959', '8', '2023-07-02 22:05:19.684908', '2023-07-02 22:05:23.684908', 'False', 'None', 'SELECT capacity FROM Theaters', '5', '1');
INSERT INTO "QueryColumnAccess" ("queryId", "columnId")
    VALUES ('959', '4');
INSERT INTO "QueryTableAccess" ("queryId", "tableId")
    VALUES ('959', '4');
SELECT 'location' FROM Theaters;
INSERT INTO "SqlQuery" ("queryId", "userId", "issuedAt", "finishedAt", "hasError", "errorMessage", "statement", "projectId", "queryTypeId")
    VALUES ('960', '2', '2023-05-30 22:05:19.684915', '2023-05-30 22:05:20.684915', 'False', 'None', 'SELECT location FROM Theaters', '5', '1');
INSERT INTO "QueryColumnAccess" ("queryId", "columnId")
    VALUES ('960', '3');
INSERT INTO "QueryTableAccess" ("queryId", "tableId")
    VALUES ('960', '4');
SELECT 'movie_id' FROM Reviews;
INSERT INTO "SqlQuery" ("queryId", "userId", "issuedAt", "finishedAt", "hasError", "errorMessage", "statement", "projectId", "queryTypeId")
    VALUES ('961', '15', '2023-07-07 22:05:19.684922', '2023-07-07 22:05:20.684922', 'False', 'None', 'SELECT movie_id FROM Reviews', '5', '1');
INSERT INTO "QueryColumnAccess" ("queryId", "columnId")
    VALUES ('961', '2');
INSERT INTO "QueryTableAccess" ("queryId", "tableId")
    VALUES ('961', '3');
SELECT 'end_time' FROM Screenings;
INSERT INTO "SqlQuery" ("queryId", "userId", "issuedAt", "finishedAt", "hasError", "errorMessage", "statement", "projectId", "queryTypeId")
    VALUES ('962', '1', '2023-06-06 22:05:19.684929', '2023-06-06 22:05:23.684929', 'False', 'None', 'SELECT end_time FROM Screenings', '5', '1');
INSERT INTO "QueryColumnAccess" ("queryId", "columnId")
    VALUES ('962', '5');
INSERT INTO "QueryTableAccess" ("queryId", "tableId")
    VALUES ('962', '5');
SELECT 'capacity' FROM Theaters;
INSERT INTO "SqlQuery" ("queryId", "userId", "issuedAt", "finishedAt", "hasError", "errorMessage", "statement", "projectId", "queryTypeId")
    VALUES ('963', '3', '2023-06-21 22:05:19.684936', '2023-06-21 22:05:23.684936', 'False', 'None', 'SELECT capacity FROM Theaters', '5', '1');
INSERT INTO "QueryColumnAccess" ("queryId", "columnId")
    VALUES ('963', '4');
INSERT INTO "QueryTableAccess" ("queryId", "tableId")
    VALUES ('963', '4');
SELECT 'review_id' FROM Reviews;
INSERT INTO "SqlQuery" ("queryId", "userId", "issuedAt", "finishedAt", "hasError", "errorMessage", "statement", "projectId", "queryTypeId")
    VALUES ('964', '15', '2023-06-04 22:05:19.684943', '2023-06-04 22:05:21.684943', 'False', 'None', 'SELECT review_id FROM Reviews', '5', '1');
INSERT INTO "QueryColumnAccess" ("queryId", "columnId")
    VALUES ('964', '1');
INSERT INTO "QueryTableAccess" ("queryId", "tableId")
    VALUES ('964', '3');
SELECT 'user_id' FROM Reviews;
INSERT INTO "SqlQuery" ("queryId", "userId", "issuedAt", "finishedAt", "hasError", "errorMessage", "statement", "projectId", "queryTypeId")
    VALUES ('965', '3', '2023-07-10 22:05:19.684949', '2023-07-10 22:05:23.684949', 'False', 'None', 'SELECT user_id FROM Reviews', '5', '1');
INSERT INTO "QueryColumnAccess" ("queryId", "columnId")
    VALUES ('965', '3');
INSERT INTO "QueryTableAccess" ("queryId", "tableId")
    VALUES ('965', '3');
SELECT 'capacity' FROM Theaters;
INSERT INTO "SqlQuery" ("queryId", "userId", "issuedAt", "finishedAt", "hasError", "errorMessage", "statement", "projectId", "queryTypeId")
    VALUES ('966', '1', '2023-05-25 22:05:19.684956', '2023-05-25 22:05:20.684956', 'False', 'None', 'SELECT capacity FROM Theaters', '5', '1');
INSERT INTO "QueryColumnAccess" ("queryId", "columnId")
    VALUES ('966', '4');
INSERT INTO "QueryTableAccess" ("queryId", "tableId")
    VALUES ('966', '4');
SELECT 'gender' FROM Actors;
INSERT INTO "SqlQuery" ("queryId", "userId", "issuedAt", "finishedAt", "hasError", "errorMessage", "statement", "projectId", "queryTypeId")
    VALUES ('967', '14', '2023-06-24 22:05:19.684963', '2023-06-24 22:05:20.684963', 'False', 'None', 'SELECT gender FROM Actors', '5', '1');
INSERT INTO "QueryColumnAccess" ("queryId", "columnId")
    VALUES ('967', '5');
INSERT INTO "QueryTableAccess" ("queryId", "tableId")
    VALUES ('967', '2');
SELECT 'capacity' FROM Theaters;
INSERT INTO "SqlQuery" ("queryId", "userId", "issuedAt", "finishedAt", "hasError", "errorMessage", "statement", "projectId", "queryTypeId")
    VALUES ('968', '7', '2023-06-14 22:05:19.684969', '2023-06-14 22:05:23.684969', 'False', 'None', 'SELECT capacity FROM Theaters', '5', '1');
INSERT INTO "QueryColumnAccess" ("queryId", "columnId")
    VALUES ('968', '4');
INSERT INTO "QueryTableAccess" ("queryId", "tableId")
    VALUES ('968', '4');
SELECT 'review_id' FROM Reviews;
INSERT INTO "SqlQuery" ("queryId", "userId", "issuedAt", "finishedAt", "hasError", "errorMessage", "statement", "projectId", "queryTypeId")
    VALUES ('969', '6', '2023-04-20 22:05:19.684975', '2023-04-20 22:05:21.684975', 'False', 'None', 'SELECT review_id FROM Reviews', '5', '1');
INSERT INTO "QueryColumnAccess" ("queryId", "columnId")
    VALUES ('969', '1');
INSERT INTO "QueryTableAccess" ("queryId", "tableId")
    VALUES ('969', '3');
SELECT 'theater_id' FROM Screenings;
INSERT INTO "SqlQuery" ("queryId", "userId", "issuedAt", "finishedAt", "hasError", "errorMessage", "statement", "projectId", "queryTypeId")
    VALUES ('970', '6', '2023-04-17 22:05:19.684982', '2023-04-17 22:05:23.684982', 'False', 'None', 'SELECT theater_id FROM Screenings', '5', '1');
INSERT INTO "QueryColumnAccess" ("queryId", "columnId")
    VALUES ('970', '3');
INSERT INTO "QueryTableAccess" ("queryId", "tableId")
    VALUES ('970', '5');
SELECT 'start_time' FROM Screenings;
INSERT INTO "SqlQuery" ("queryId", "userId", "issuedAt", "finishedAt", "hasError", "errorMessage", "statement", "projectId", "queryTypeId")
    VALUES ('971', '9', '2023-04-16 22:05:19.684993', '2023-04-16 22:05:21.684993', 'False', 'None', 'SELECT start_time FROM Screenings', '5', '1');
INSERT INTO "QueryColumnAccess" ("queryId", "columnId")
    VALUES ('971', '4');
INSERT INTO "QueryTableAccess" ("queryId", "tableId")
    VALUES ('971', '5');
SELECT 'genre' FROM Movies;
INSERT INTO "SqlQuery" ("queryId", "userId", "issuedAt", "finishedAt", "hasError", "errorMessage", "statement", "projectId", "queryTypeId")
    VALUES ('972', '5', '2023-05-25 22:05:19.684999', '2023-05-25 22:05:20.684999', 'False', 'None', 'SELECT genre FROM Movies', '5', '1');
INSERT INTO "QueryColumnAccess" ("queryId", "columnId")
    VALUES ('972', '4');
INSERT INTO "QueryTableAccess" ("queryId", "tableId")
    VALUES ('972', '1');
SELECT 'rating' FROM Movies;
INSERT INTO "SqlQuery" ("queryId", "userId", "issuedAt", "finishedAt", "hasError", "errorMessage", "statement", "projectId", "queryTypeId")
    VALUES ('973', '1', '2023-04-30 22:05:19.685006', '2023-04-30 22:05:21.685006', 'False', 'None', 'SELECT rating FROM Movies', '5', '1');
INSERT INTO "QueryColumnAccess" ("queryId", "columnId")
    VALUES ('973', '7');
INSERT INTO "QueryTableAccess" ("queryId", "tableId")
    VALUES ('973', '1');
SELECT 'last_name' FROM Actors;
INSERT INTO "SqlQuery" ("queryId", "userId", "issuedAt", "finishedAt", "hasError", "errorMessage", "statement", "projectId", "queryTypeId")
    VALUES ('974', '7', '2023-06-29 22:05:19.685012', '2023-06-29 22:05:22.685012', 'False', 'None', 'SELECT last_name FROM Actors', '5', '1');
INSERT INTO "QueryColumnAccess" ("queryId", "columnId")
    VALUES ('974', '3');
INSERT INTO "QueryTableAccess" ("queryId", "tableId")
    VALUES ('974', '2');
SELECT 'comment' FROM Reviews;
INSERT INTO "SqlQuery" ("queryId", "userId", "issuedAt", "finishedAt", "hasError", "errorMessage", "statement", "projectId", "queryTypeId")
    VALUES ('975', '11', '2023-05-21 22:05:19.685018', '2023-05-21 22:05:22.685018', 'False', 'None', 'SELECT comment FROM Reviews', '5', '1');
INSERT INTO "QueryColumnAccess" ("queryId", "columnId")
    VALUES ('975', '5');
INSERT INTO "QueryTableAccess" ("queryId", "tableId")
    VALUES ('975', '3');
SELECT 'date_of_birth' FROM Actors;
INSERT INTO "SqlQuery" ("queryId", "userId", "issuedAt", "finishedAt", "hasError", "errorMessage", "statement", "projectId", "queryTypeId")
    VALUES ('976', '13', '2023-04-13 22:05:19.685024', '2023-04-13 22:05:22.685024', 'False', 'None', 'SELECT date_of_birth FROM Actors', '5', '1');
INSERT INTO "QueryColumnAccess" ("queryId", "columnId")
    VALUES ('976', '4');
INSERT INTO "QueryTableAccess" ("queryId", "tableId")
    VALUES ('976', '2');
SELECT 'screening_id' FROM Screenings;
INSERT INTO "SqlQuery" ("queryId", "userId", "issuedAt", "finishedAt", "hasError", "errorMessage", "statement", "projectId", "queryTypeId")
    VALUES ('977', '9', '2023-06-29 22:05:19.685031', '2023-06-29 22:05:21.685031', 'False', 'None', 'SELECT screening_id FROM Screenings', '5', '1');
INSERT INTO "QueryColumnAccess" ("queryId", "columnId")
    VALUES ('977', '1');
INSERT INTO "QueryTableAccess" ("queryId", "tableId")
    VALUES ('977', '5');
SELECT 'first_name' FROM Actors;
INSERT INTO "SqlQuery" ("queryId", "userId", "issuedAt", "finishedAt", "hasError", "errorMessage", "statement", "projectId", "queryTypeId")
    VALUES ('978', '6', '2023-06-29 22:05:19.685037', '2023-06-29 22:05:21.685037', 'False', 'None', 'SELECT first_name FROM Actors', '5', '1');
INSERT INTO "QueryColumnAccess" ("queryId", "columnId")
    VALUES ('978', '2');
INSERT INTO "QueryTableAccess" ("queryId", "tableId")
    VALUES ('978', '2');
SELECT 'nationality' FROM Actors;
INSERT INTO "SqlQuery" ("queryId", "userId", "issuedAt", "finishedAt", "hasError", "errorMessage", "statement", "projectId", "queryTypeId")
    VALUES ('979', '14', '2023-05-30 22:05:19.685044', '2023-05-30 22:05:21.685044', 'False', 'None', 'SELECT nationality FROM Actors', '5', '1');
INSERT INTO "QueryColumnAccess" ("queryId", "columnId")
    VALUES ('979', '6');
INSERT INTO "QueryTableAccess" ("queryId", "tableId")
    VALUES ('979', '2');
SELECT 'screening_id' FROM Screenings;
INSERT INTO "SqlQuery" ("queryId", "userId", "issuedAt", "finishedAt", "hasError", "errorMessage", "statement", "projectId", "queryTypeId")
    VALUES ('980', '14', '2023-05-11 22:05:19.685050', '2023-05-11 22:05:22.685050', 'False', 'None', 'SELECT screening_id FROM Screenings', '5', '1');
INSERT INTO "QueryColumnAccess" ("queryId", "columnId")
    VALUES ('980', '1');
INSERT INTO "QueryTableAccess" ("queryId", "tableId")
    VALUES ('980', '5');
SELECT 'theater_name' FROM Theaters;
INSERT INTO "SqlQuery" ("queryId", "userId", "issuedAt", "finishedAt", "hasError", "errorMessage", "statement", "projectId", "queryTypeId")
    VALUES ('981', '7', '2023-06-01 22:05:19.685056', '2023-06-01 22:05:21.685056', 'False', 'None', 'SELECT theater_name FROM Theaters', '5', '1');
INSERT INTO "QueryColumnAccess" ("queryId", "columnId")
    VALUES ('981', '2');
INSERT INTO "QueryTableAccess" ("queryId", "tableId")
    VALUES ('981', '4');
SELECT 'capacity' FROM Theaters;
INSERT INTO "SqlQuery" ("queryId", "userId", "issuedAt", "finishedAt", "hasError", "errorMessage", "statement", "projectId", "queryTypeId")
    VALUES ('982', '15', '2023-06-02 22:05:19.685062', '2023-06-02 22:05:21.685062', 'False', 'None', 'SELECT capacity FROM Theaters', '5', '1');
INSERT INTO "QueryColumnAccess" ("queryId", "columnId")
    VALUES ('982', '4');
INSERT INTO "QueryTableAccess" ("queryId", "tableId")
    VALUES ('982', '4');
SELECT 'start_time' FROM Screenings;
INSERT INTO "SqlQuery" ("queryId", "userId", "issuedAt", "finishedAt", "hasError", "errorMessage", "statement", "projectId", "queryTypeId")
    VALUES ('983', '15', '2023-06-08 22:05:19.685069', '2023-06-08 22:05:20.685069', 'False', 'None', 'SELECT start_time FROM Screenings', '5', '1');
INSERT INTO "QueryColumnAccess" ("queryId", "columnId")
    VALUES ('983', '4');
INSERT INTO "QueryTableAccess" ("queryId", "tableId")
    VALUES ('983', '5');
SELECT 'rating' FROM Movies;
INSERT INTO "SqlQuery" ("queryId", "userId", "issuedAt", "finishedAt", "hasError", "errorMessage", "statement", "projectId", "queryTypeId")
    VALUES ('984', '1', '2023-06-13 22:05:19.685075', '2023-06-13 22:05:21.685075', 'False', 'None', 'SELECT rating FROM Movies', '5', '1');
INSERT INTO "QueryColumnAccess" ("queryId", "columnId")
    VALUES ('984', '7');
INSERT INTO "QueryTableAccess" ("queryId", "tableId")
    VALUES ('984', '1');
SELECT 'review_date' FROM Reviews;
INSERT INTO "SqlQuery" ("queryId", "userId", "issuedAt", "finishedAt", "hasError", "errorMessage", "statement", "projectId", "queryTypeId")
    VALUES ('985', '4', '2023-06-29 22:05:19.685082', '2023-06-29 22:05:21.685082', 'False', 'None', 'SELECT review_date FROM Reviews', '5', '1');
INSERT INTO "QueryColumnAccess" ("queryId", "columnId")
    VALUES ('985', '6');
INSERT INTO "QueryTableAccess" ("queryId", "tableId")
    VALUES ('985', '3');
SELECT 'actor_id' FROM Actors;
INSERT INTO "SqlQuery" ("queryId", "userId", "issuedAt", "finishedAt", "hasError", "errorMessage", "statement", "projectId", "queryTypeId")
    VALUES ('986', '11', '2023-04-26 22:05:19.685088', '2023-04-26 22:05:22.685088', 'False', 'None', 'SELECT actor_id FROM Actors', '5', '1');
INSERT INTO "QueryColumnAccess" ("queryId", "columnId")
    VALUES ('986', '1');
INSERT INTO "QueryTableAccess" ("queryId", "tableId")
    VALUES ('986', '2');
SELECT 'first_name' FROM Actors;
INSERT INTO "SqlQuery" ("queryId", "userId", "issuedAt", "finishedAt", "hasError", "errorMessage", "statement", "projectId", "queryTypeId")
    VALUES ('987', '4', '2023-05-19 22:05:19.685095', '2023-05-19 22:05:23.685095', 'False', 'None', 'SELECT first_name FROM Actors', '5', '1');
INSERT INTO "QueryColumnAccess" ("queryId", "columnId")
    VALUES ('987', '2');
INSERT INTO "QueryTableAccess" ("queryId", "tableId")
    VALUES ('987', '2');
SELECT 'theater_id' FROM Screenings;
INSERT INTO "SqlQuery" ("queryId", "userId", "issuedAt", "finishedAt", "hasError", "errorMessage", "statement", "projectId", "queryTypeId")
    VALUES ('988', '11', '2023-06-23 22:05:19.685109', '2023-06-23 22:05:20.685109', 'False', 'None', 'SELECT theater_id FROM Screenings', '5', '1');
INSERT INTO "QueryColumnAccess" ("queryId", "columnId")
    VALUES ('988', '3');
INSERT INTO "QueryTableAccess" ("queryId", "tableId")
    VALUES ('988', '5');
SELECT 'screening_id' FROM Screenings;
INSERT INTO "SqlQuery" ("queryId", "userId", "issuedAt", "finishedAt", "hasError", "errorMessage", "statement", "projectId", "queryTypeId")
    VALUES ('989', '1', '2023-06-10 22:05:19.685116', '2023-06-10 22:05:20.685116', 'False', 'None', 'SELECT screening_id FROM Screenings', '5', '1');
INSERT INTO "QueryColumnAccess" ("queryId", "columnId")
    VALUES ('989', '1');
INSERT INTO "QueryTableAccess" ("queryId", "tableId")
    VALUES ('989', '5');
SELECT 'release_date' FROM Movies;
INSERT INTO "SqlQuery" ("queryId", "userId", "issuedAt", "finishedAt", "hasError", "errorMessage", "statement", "projectId", "queryTypeId")
    VALUES ('990', '4', '2023-06-26 22:05:19.685123', '2023-06-26 22:05:20.685123', 'False', 'None', 'SELECT release_date FROM Movies', '5', '1');
INSERT INTO "QueryColumnAccess" ("queryId", "columnId")
    VALUES ('990', '3');
INSERT INTO "QueryTableAccess" ("queryId", "tableId")
    VALUES ('990', '1');

SELECT 'Screenings.screening_id', 'Reviews.review_date' FROM Screenings RIGHT OUTER JOIN Reviews ON 'Screenings.screening_id' = 'Reviews.review_date';
INSERT INTO "SqlQuery" ("queryId", "userId", "issuedAt", "finishedAt", "hasError", "errorMessage", "statement", "projectId", "queryTypeId")
    VALUES ('991', '1', '2023-07-05 22:05:55.604185', '2023-07-05 22:05:56.604185', 'False', 'None', 'SELECT Screenings.screening_id, Reviews.review_date FROM Screenings RIGHT OUTER JOIN Reviews ON Screenings.screening_id = Reviews.review_date;', '5', '1');
INSERT INTO "QueryColumnAccess" ("queryId", "columnId")
    VALUES ('991', '1');
INSERT INTO "QueryColumnAccess" ("queryId", "columnId")
    VALUES ('991', '6');
INSERT INTO "QueryTableAccess" ("queryId", "tableId")
    VALUES ('991', '5');
INSERT INTO "QueryTableAccess" ("queryId", "tableId")
    VALUES ('991', '3');
SELECT 'Screenings.end_time', 'Reviews.review_id' FROM Screenings NATURAL JOIN Reviews ON 'Screenings.end_time' = 'Reviews.review_id';
INSERT INTO "SqlQuery" ("queryId", "userId", "issuedAt", "finishedAt", "hasError", "errorMessage", "statement", "projectId", "queryTypeId")
    VALUES ('992', '11', '2023-04-30 22:05:55.604210', '2023-04-30 22:05:59.604210', 'False', 'None', 'SELECT Screenings.end_time, Reviews.review_id FROM Screenings NATURAL JOIN Reviews ON Screenings.end_time = Reviews.review_id;', '5', '1');
INSERT INTO "QueryColumnAccess" ("queryId", "columnId")
    VALUES ('992', '5');
INSERT INTO "QueryColumnAccess" ("queryId", "columnId")
    VALUES ('992', '1');
INSERT INTO "QueryTableAccess" ("queryId", "tableId")
    VALUES ('992', '5');
INSERT INTO "QueryTableAccess" ("queryId", "tableId")
    VALUES ('992', '3');
SELECT 'Actors.nationality', 'Reviews.movie_id' FROM Actors RIGHT OUTER JOIN Reviews ON 'Actors.nationality' = 'Reviews.movie_id';
INSERT INTO "SqlQuery" ("queryId", "userId", "issuedAt", "finishedAt", "hasError", "errorMessage", "statement", "projectId", "queryTypeId")
    VALUES ('993', '4', '2023-06-04 22:05:55.604225', '2023-06-04 22:05:57.604225', 'False', 'None', 'SELECT Actors.nationality, Reviews.movie_id FROM Actors RIGHT OUTER JOIN Reviews ON Actors.nationality = Reviews.movie_id;', '5', '1');
INSERT INTO "QueryColumnAccess" ("queryId", "columnId")
    VALUES ('993', '6');
INSERT INTO "QueryColumnAccess" ("queryId", "columnId")
    VALUES ('993', '2');
INSERT INTO "QueryTableAccess" ("queryId", "tableId")
    VALUES ('993', '2');
INSERT INTO "QueryTableAccess" ("queryId", "tableId")
    VALUES ('993', '3');
SELECT 'Screenings.screening_id', 'Movies.director' FROM Screenings LEFT OUTER JOIN Movies ON 'Screenings.screening_id' = 'Movies.director';
INSERT INTO "SqlQuery" ("queryId", "userId", "issuedAt", "finishedAt", "hasError", "errorMessage", "statement", "projectId", "queryTypeId")
    VALUES ('994', '9', '2023-06-12 22:05:55.604235', '2023-06-12 22:05:58.604235', 'False', 'None', 'SELECT Screenings.screening_id, Movies.director FROM Screenings LEFT OUTER JOIN Movies ON Screenings.screening_id = Movies.director;', '5', '1');
INSERT INTO "QueryColumnAccess" ("queryId", "columnId")
    VALUES ('994', '1');
INSERT INTO "QueryColumnAccess" ("queryId", "columnId")
    VALUES ('994', '5');
INSERT INTO "QueryTableAccess" ("queryId", "tableId")
    VALUES ('994', '5');
INSERT INTO "QueryTableAccess" ("queryId", "tableId")
    VALUES ('994', '1');
SELECT 'Screenings.theater_id', 'Actors.nationality' FROM Screenings LEFT OUTER JOIN Actors ON 'Screenings.theater_id' = 'Actors.nationality';
INSERT INTO "SqlQuery" ("queryId", "userId", "issuedAt", "finishedAt", "hasError", "errorMessage", "statement", "projectId", "queryTypeId")
    VALUES ('995', '1', '2023-04-22 22:05:55.604245', '2023-04-22 22:05:57.604245', 'False', 'None', 'SELECT Screenings.theater_id, Actors.nationality FROM Screenings LEFT OUTER JOIN Actors ON Screenings.theater_id = Actors.nationality;', '5', '1');
INSERT INTO "QueryColumnAccess" ("queryId", "columnId")
    VALUES ('995', '3');
INSERT INTO "QueryColumnAccess" ("queryId", "columnId")
    VALUES ('995', '6');
INSERT INTO "QueryTableAccess" ("queryId", "tableId")
    VALUES ('995', '5');
INSERT INTO "QueryTableAccess" ("queryId", "tableId")
    VALUES ('995', '2');
SELECT 'Actors.first_name', 'Theaters.phone_number' FROM Actors RIGHT OUTER JOIN Theaters ON 'Actors.first_name' = 'Theaters.phone_number';
INSERT INTO "SqlQuery" ("queryId", "userId", "issuedAt", "finishedAt", "hasError", "errorMessage", "statement", "projectId", "queryTypeId")
    VALUES ('996', '2', '2023-06-15 22:05:55.604258', '2023-06-15 22:05:57.604258', 'False', 'None', 'SELECT Actors.first_name, Theaters.phone_number FROM Actors RIGHT OUTER JOIN Theaters ON Actors.first_name = Theaters.phone_number;', '5', '1');
INSERT INTO "QueryColumnAccess" ("queryId", "columnId")
    VALUES ('996', '2');
INSERT INTO "QueryColumnAccess" ("queryId", "columnId")
    VALUES ('996', '5');
INSERT INTO "QueryTableAccess" ("queryId", "tableId")
    VALUES ('996', '2');
INSERT INTO "QueryTableAccess" ("queryId", "tableId")
    VALUES ('996', '4');
SELECT 'Reviews.comment', 'Theaters.phone_number' FROM Reviews LEFT OUTER JOIN Theaters ON 'Reviews.comment' = 'Theaters.phone_number';
INSERT INTO "SqlQuery" ("queryId", "userId", "issuedAt", "finishedAt", "hasError", "errorMessage", "statement", "projectId", "queryTypeId")
    VALUES ('997', '5', '2023-06-17 22:05:55.604267', '2023-06-17 22:05:56.604267', 'False', 'None', 'SELECT Reviews.comment, Theaters.phone_number FROM Reviews LEFT OUTER JOIN Theaters ON Reviews.comment = Theaters.phone_number;', '5', '1');
INSERT INTO "QueryColumnAccess" ("queryId", "columnId")
    VALUES ('997', '5');
INSERT INTO "QueryColumnAccess" ("queryId", "columnId")
    VALUES ('997', '5');
INSERT INTO "QueryTableAccess" ("queryId", "tableId")
    VALUES ('997', '3');
INSERT INTO "QueryTableAccess" ("queryId", "tableId")
    VALUES ('997', '4');
SELECT 'Screenings.ticket_price', 'Actors.nationality' FROM Screenings RIGHT OUTER JOIN Actors ON 'Screenings.ticket_price' = 'Actors.nationality';
INSERT INTO "SqlQuery" ("queryId", "userId", "issuedAt", "finishedAt", "hasError", "errorMessage", "statement", "projectId", "queryTypeId")
    VALUES ('998', '2', '2023-05-10 22:05:55.604277', '2023-05-10 22:05:58.604277', 'False', 'None', 'SELECT Screenings.ticket_price, Actors.nationality FROM Screenings RIGHT OUTER JOIN Actors ON Screenings.ticket_price = Actors.nationality;', '5', '1');
INSERT INTO "QueryColumnAccess" ("queryId", "columnId")
    VALUES ('998', '6');
INSERT INTO "QueryColumnAccess" ("queryId", "columnId")
    VALUES ('998', '6');
INSERT INTO "QueryTableAccess" ("queryId", "tableId")
    VALUES ('998', '5');
INSERT INTO "QueryTableAccess" ("queryId", "tableId")
    VALUES ('998', '2');
SELECT 'Movies.genre', 'Theaters.capacity' FROM Movies RIGHT OUTER JOIN Theaters ON 'Movies.genre' = 'Theaters.capacity';
INSERT INTO "SqlQuery" ("queryId", "userId", "issuedAt", "finishedAt", "hasError", "errorMessage", "statement", "projectId", "queryTypeId")
    VALUES ('999', '10', '2023-05-08 22:05:55.604286', '2023-05-08 22:05:56.604286', 'False', 'None', 'SELECT Movies.genre, Theaters.capacity FROM Movies RIGHT OUTER JOIN Theaters ON Movies.genre = Theaters.capacity;', '5', '1');
INSERT INTO "QueryColumnAccess" ("queryId", "columnId")
    VALUES ('999', '4');
INSERT INTO "QueryColumnAccess" ("queryId", "columnId")
    VALUES ('999', '4');
INSERT INTO "QueryTableAccess" ("queryId", "tableId")
    VALUES ('999', '1');
INSERT INTO "QueryTableAccess" ("queryId", "tableId")
    VALUES ('999', '4');
SELECT 'Movies.duration', 'Actors.gender' FROM Movies NATURAL JOIN Actors ON 'Movies.duration' = 'Actors.gender';
INSERT INTO "SqlQuery" ("queryId", "userId", "issuedAt", "finishedAt", "hasError", "errorMessage", "statement", "projectId", "queryTypeId")
    VALUES ('1000', '9', '2023-04-20 22:05:55.604296', '2023-04-20 22:05:56.604296', 'False', 'None', 'SELECT Movies.duration, Actors.gender FROM Movies NATURAL JOIN Actors ON Movies.duration = Actors.gender;', '5', '1');
INSERT INTO "QueryColumnAccess" ("queryId", "columnId")
    VALUES ('1000', '6');
INSERT INTO "QueryColumnAccess" ("queryId", "columnId")
    VALUES ('1000', '5');
INSERT INTO "QueryTableAccess" ("queryId", "tableId")
    VALUES ('1000', '1');
INSERT INTO "QueryTableAccess" ("queryId", "tableId")
    VALUES ('1000', '2');
SELECT 'Actors.nationality', 'Theaters.location' FROM Actors RIGHT OUTER JOIN Theaters ON 'Actors.nationality' = 'Theaters.location';
INSERT INTO "SqlQuery" ("queryId", "userId", "issuedAt", "finishedAt", "hasError", "errorMessage", "statement", "projectId", "queryTypeId")
    VALUES ('1001', '3', '2023-05-25 22:05:55.604326', '2023-05-25 22:05:57.604326', 'False', 'None', 'SELECT Actors.nationality, Theaters.location FROM Actors RIGHT OUTER JOIN Theaters ON Actors.nationality = Theaters.location;', '5', '1');
INSERT INTO "QueryColumnAccess" ("queryId", "columnId")
    VALUES ('1001', '6');
INSERT INTO "QueryColumnAccess" ("queryId", "columnId")
    VALUES ('1001', '3');
INSERT INTO "QueryTableAccess" ("queryId", "tableId")
    VALUES ('1001', '2');
INSERT INTO "QueryTableAccess" ("queryId", "tableId")
    VALUES ('1001', '4');
SELECT 'Theaters.phone_number', 'Reviews.review_id' FROM Theaters LEFT OUTER JOIN Reviews ON 'Theaters.phone_number' = 'Reviews.review_id';
INSERT INTO "SqlQuery" ("queryId", "userId", "issuedAt", "finishedAt", "hasError", "errorMessage", "statement", "projectId", "queryTypeId")
    VALUES ('1002', '8', '2023-04-19 22:05:55.604337', '2023-04-19 22:05:58.604337', 'False', 'None', 'SELECT Theaters.phone_number, Reviews.review_id FROM Theaters LEFT OUTER JOIN Reviews ON Theaters.phone_number = Reviews.review_id;', '5', '1');
INSERT INTO "QueryColumnAccess" ("queryId", "columnId")
    VALUES ('1002', '5');
INSERT INTO "QueryColumnAccess" ("queryId", "columnId")
    VALUES ('1002', '1');
INSERT INTO "QueryTableAccess" ("queryId", "tableId")
    VALUES ('1002', '4');
INSERT INTO "QueryTableAccess" ("queryId", "tableId")
    VALUES ('1002', '3');
SELECT 'Theaters.phone_number', 'Actors.nationality' FROM Theaters LEFT OUTER JOIN Actors ON 'Theaters.phone_number' = 'Actors.nationality';
INSERT INTO "SqlQuery" ("queryId", "userId", "issuedAt", "finishedAt", "hasError", "errorMessage", "statement", "projectId", "queryTypeId")
    VALUES ('1003', '4', '2023-04-19 22:05:55.604346', '2023-04-19 22:05:56.604346', 'False', 'None', 'SELECT Theaters.phone_number, Actors.nationality FROM Theaters LEFT OUTER JOIN Actors ON Theaters.phone_number = Actors.nationality;', '5', '1');
INSERT INTO "QueryColumnAccess" ("queryId", "columnId")
    VALUES ('1003', '5');
INSERT INTO "QueryColumnAccess" ("queryId", "columnId")
    VALUES ('1003', '6');
INSERT INTO "QueryTableAccess" ("queryId", "tableId")
    VALUES ('1003', '4');
INSERT INTO "QueryTableAccess" ("queryId", "tableId")
    VALUES ('1003', '2');
SELECT 'Movies.duration', 'Screenings.start_time' FROM Movies RIGHT OUTER JOIN Screenings ON 'Movies.duration' = 'Screenings.start_time';
INSERT INTO "SqlQuery" ("queryId", "userId", "issuedAt", "finishedAt", "hasError", "errorMessage", "statement", "projectId", "queryTypeId")
    VALUES ('1004', '15', '2023-05-13 22:05:55.604355', '2023-05-13 22:05:56.604355', 'False', 'None', 'SELECT Movies.duration, Screenings.start_time FROM Movies RIGHT OUTER JOIN Screenings ON Movies.duration = Screenings.start_time;', '5', '1');
INSERT INTO "QueryColumnAccess" ("queryId", "columnId")
    VALUES ('1004', '6');
INSERT INTO "QueryColumnAccess" ("queryId", "columnId")
    VALUES ('1004', '4');
INSERT INTO "QueryTableAccess" ("queryId", "tableId")
    VALUES ('1004', '1');
INSERT INTO "QueryTableAccess" ("queryId", "tableId")
    VALUES ('1004', '5');
SELECT 'Movies.movie_id', 'Screenings.start_time' FROM Movies RIGHT OUTER JOIN Screenings ON 'Movies.movie_id' = 'Screenings.start_time';
INSERT INTO "SqlQuery" ("queryId", "userId", "issuedAt", "finishedAt", "hasError", "errorMessage", "statement", "projectId", "queryTypeId")
    VALUES ('1005', '3', '2023-04-26 22:05:55.604365', '2023-04-26 22:05:56.604365', 'False', 'None', 'SELECT Movies.movie_id, Screenings.start_time FROM Movies RIGHT OUTER JOIN Screenings ON Movies.movie_id = Screenings.start_time;', '5', '1');
INSERT INTO "QueryColumnAccess" ("queryId", "columnId")
    VALUES ('1005', '1');
INSERT INTO "QueryColumnAccess" ("queryId", "columnId")
    VALUES ('1005', '4');
INSERT INTO "QueryTableAccess" ("queryId", "tableId")
    VALUES ('1005', '1');
INSERT INTO "QueryTableAccess" ("queryId", "tableId")
    VALUES ('1005', '5');
SELECT 'Reviews.comment', 'Theaters.capacity' FROM Reviews NATURAL JOIN Theaters ON 'Reviews.comment' = 'Theaters.capacity';
INSERT INTO "SqlQuery" ("queryId", "userId", "issuedAt", "finishedAt", "hasError", "errorMessage", "statement", "projectId", "queryTypeId")
    VALUES ('1006', '12', '2023-06-23 22:05:55.604374', '2023-06-23 22:05:59.604374', 'False', 'None', 'SELECT Reviews.comment, Theaters.capacity FROM Reviews NATURAL JOIN Theaters ON Reviews.comment = Theaters.capacity;', '5', '1');
INSERT INTO "QueryColumnAccess" ("queryId", "columnId")
    VALUES ('1006', '5');
INSERT INTO "QueryColumnAccess" ("queryId", "columnId")
    VALUES ('1006', '4');
INSERT INTO "QueryTableAccess" ("queryId", "tableId")
    VALUES ('1006', '3');
INSERT INTO "QueryTableAccess" ("queryId", "tableId")
    VALUES ('1006', '4');
SELECT 'Theaters.capacity', 'Screenings.start_time' FROM Theaters RIGHT OUTER JOIN Screenings ON 'Theaters.capacity' = 'Screenings.start_time';
INSERT INTO "SqlQuery" ("queryId", "userId", "issuedAt", "finishedAt", "hasError", "errorMessage", "statement", "projectId", "queryTypeId")
    VALUES ('1007', '12', '2023-06-09 22:05:55.604384', '2023-06-09 22:05:58.604384', 'False', 'None', 'SELECT Theaters.capacity, Screenings.start_time FROM Theaters RIGHT OUTER JOIN Screenings ON Theaters.capacity = Screenings.start_time;', '5', '1');
INSERT INTO "QueryColumnAccess" ("queryId", "columnId")
    VALUES ('1007', '4');
INSERT INTO "QueryColumnAccess" ("queryId", "columnId")
    VALUES ('1007', '4');
INSERT INTO "QueryTableAccess" ("queryId", "tableId")
    VALUES ('1007', '4');
INSERT INTO "QueryTableAccess" ("queryId", "tableId")
    VALUES ('1007', '5');
SELECT 'Screenings.end_time', 'Movies.rating' FROM Screenings NATURAL JOIN Movies ON 'Screenings.end_time' = 'Movies.rating';
INSERT INTO "SqlQuery" ("queryId", "userId", "issuedAt", "finishedAt", "hasError", "errorMessage", "statement", "projectId", "queryTypeId")
    VALUES ('1008', '7', '2023-06-25 22:05:55.604393', '2023-06-25 22:05:59.604393', 'False', 'None', 'SELECT Screenings.end_time, Movies.rating FROM Screenings NATURAL JOIN Movies ON Screenings.end_time = Movies.rating;', '5', '1');
INSERT INTO "QueryColumnAccess" ("queryId", "columnId")
    VALUES ('1008', '5');
INSERT INTO "QueryColumnAccess" ("queryId", "columnId")
    VALUES ('1008', '7');
INSERT INTO "QueryTableAccess" ("queryId", "tableId")
    VALUES ('1008', '5');
INSERT INTO "QueryTableAccess" ("queryId", "tableId")
    VALUES ('1008', '1');
SELECT 'Reviews.user_id', 'Screenings.start_time' FROM Reviews RIGHT OUTER JOIN Screenings ON 'Reviews.user_id' = 'Screenings.start_time';
INSERT INTO "SqlQuery" ("queryId", "userId", "issuedAt", "finishedAt", "hasError", "errorMessage", "statement", "projectId", "queryTypeId")
    VALUES ('1009', '10', '2023-06-10 22:05:55.604402', '2023-06-10 22:05:59.604402', 'False', 'None', 'SELECT Reviews.user_id, Screenings.start_time FROM Reviews RIGHT OUTER JOIN Screenings ON Reviews.user_id = Screenings.start_time;', '5', '1');
INSERT INTO "QueryColumnAccess" ("queryId", "columnId")
    VALUES ('1009', '3');
INSERT INTO "QueryColumnAccess" ("queryId", "columnId")
    VALUES ('1009', '4');
INSERT INTO "QueryTableAccess" ("queryId", "tableId")
    VALUES ('1009', '3');
INSERT INTO "QueryTableAccess" ("queryId", "tableId")
    VALUES ('1009', '5');
SELECT 'Reviews.comment', 'Theaters.capacity' FROM Reviews NATURAL JOIN Theaters ON 'Reviews.comment' = 'Theaters.capacity';
INSERT INTO "SqlQuery" ("queryId", "userId", "issuedAt", "finishedAt", "hasError", "errorMessage", "statement", "projectId", "queryTypeId")
    VALUES ('1010', '5', '2023-05-17 22:05:55.604411', '2023-05-17 22:05:58.604411', 'False', 'None', 'SELECT Reviews.comment, Theaters.capacity FROM Reviews NATURAL JOIN Theaters ON Reviews.comment = Theaters.capacity;', '5', '1');
INSERT INTO "QueryColumnAccess" ("queryId", "columnId")
    VALUES ('1010', '5');
INSERT INTO "QueryColumnAccess" ("queryId", "columnId")
    VALUES ('1010', '4');
INSERT INTO "QueryTableAccess" ("queryId", "tableId")
    VALUES ('1010', '3');
INSERT INTO "QueryTableAccess" ("queryId", "tableId")
    VALUES ('1010', '4');
SELECT 'Theaters.theater_name', 'Actors.last_name' FROM Theaters RIGHT OUTER JOIN Actors ON 'Theaters.theater_name' = 'Actors.last_name';
INSERT INTO "SqlQuery" ("queryId", "userId", "issuedAt", "finishedAt", "hasError", "errorMessage", "statement", "projectId", "queryTypeId")
    VALUES ('1011', '12', '2023-06-09 22:05:55.604431', '2023-06-09 22:05:57.604431', 'False', 'None', 'SELECT Theaters.theater_name, Actors.last_name FROM Theaters RIGHT OUTER JOIN Actors ON Theaters.theater_name = Actors.last_name;', '5', '1');
INSERT INTO "QueryColumnAccess" ("queryId", "columnId")
    VALUES ('1011', '2');
INSERT INTO "QueryColumnAccess" ("queryId", "columnId")
    VALUES ('1011', '3');
INSERT INTO "QueryTableAccess" ("queryId", "tableId")
    VALUES ('1011', '4');
INSERT INTO "QueryTableAccess" ("queryId", "tableId")
    VALUES ('1011', '2');
SELECT 'Reviews.user_id', 'Actors.first_name' FROM Reviews NATURAL JOIN Actors ON 'Reviews.user_id' = 'Actors.first_name';
INSERT INTO "SqlQuery" ("queryId", "userId", "issuedAt", "finishedAt", "hasError", "errorMessage", "statement", "projectId", "queryTypeId")
    VALUES ('1012', '4', '2023-05-10 22:05:55.604441', '2023-05-10 22:05:56.604441', 'False', 'None', 'SELECT Reviews.user_id, Actors.first_name FROM Reviews NATURAL JOIN Actors ON Reviews.user_id = Actors.first_name;', '5', '1');
INSERT INTO "QueryColumnAccess" ("queryId", "columnId")
    VALUES ('1012', '3');
INSERT INTO "QueryColumnAccess" ("queryId", "columnId")
    VALUES ('1012', '2');
INSERT INTO "QueryTableAccess" ("queryId", "tableId")
    VALUES ('1012', '3');
INSERT INTO "QueryTableAccess" ("queryId", "tableId")
    VALUES ('1012', '2');
SELECT 'Movies.duration', 'Screenings.screening_id' FROM Movies NATURAL JOIN Screenings ON 'Movies.duration' = 'Screenings.screening_id';
INSERT INTO "SqlQuery" ("queryId", "userId", "issuedAt", "finishedAt", "hasError", "errorMessage", "statement", "projectId", "queryTypeId")
    VALUES ('1013', '5', '2023-06-18 22:05:55.604450', '2023-06-18 22:05:59.604450', 'False', 'None', 'SELECT Movies.duration, Screenings.screening_id FROM Movies NATURAL JOIN Screenings ON Movies.duration = Screenings.screening_id;', '5', '1');
INSERT INTO "QueryColumnAccess" ("queryId", "columnId")
    VALUES ('1013', '6');
INSERT INTO "QueryColumnAccess" ("queryId", "columnId")
    VALUES ('1013', '1');
INSERT INTO "QueryTableAccess" ("queryId", "tableId")
    VALUES ('1013', '1');
INSERT INTO "QueryTableAccess" ("queryId", "tableId")
    VALUES ('1013', '5');
SELECT 'Actors.gender', 'Theaters.location' FROM Actors NATURAL JOIN Theaters ON 'Actors.gender' = 'Theaters.location';
INSERT INTO "SqlQuery" ("queryId", "userId", "issuedAt", "finishedAt", "hasError", "errorMessage", "statement", "projectId", "queryTypeId")
    VALUES ('1014', '11', '2023-04-12 22:05:55.604459', '2023-04-12 22:05:59.604459', 'False', 'None', 'SELECT Actors.gender, Theaters.location FROM Actors NATURAL JOIN Theaters ON Actors.gender = Theaters.location;', '5', '1');
INSERT INTO "QueryColumnAccess" ("queryId", "columnId")
    VALUES ('1014', '5');
INSERT INTO "QueryColumnAccess" ("queryId", "columnId")
    VALUES ('1014', '3');
INSERT INTO "QueryTableAccess" ("queryId", "tableId")
    VALUES ('1014', '2');
INSERT INTO "QueryTableAccess" ("queryId", "tableId")
    VALUES ('1014', '4');
SELECT 'Screenings.start_time', 'Theaters.capacity' FROM Screenings RIGHT OUTER JOIN Theaters ON 'Screenings.start_time' = 'Theaters.capacity';
INSERT INTO "SqlQuery" ("queryId", "userId", "issuedAt", "finishedAt", "hasError", "errorMessage", "statement", "projectId", "queryTypeId")
    VALUES ('1015', '9', '2023-06-22 22:05:55.604467', '2023-06-22 22:05:59.604467', 'False', 'None', 'SELECT Screenings.start_time, Theaters.capacity FROM Screenings RIGHT OUTER JOIN Theaters ON Screenings.start_time = Theaters.capacity;', '5', '1');
INSERT INTO "QueryColumnAccess" ("queryId", "columnId")
    VALUES ('1015', '4');
INSERT INTO "QueryColumnAccess" ("queryId", "columnId")
    VALUES ('1015', '4');
INSERT INTO "QueryTableAccess" ("queryId", "tableId")
    VALUES ('1015', '5');
INSERT INTO "QueryTableAccess" ("queryId", "tableId")
    VALUES ('1015', '4');
SELECT 'Reviews.review_date', 'Screenings.screening_id' FROM Reviews RIGHT OUTER JOIN Screenings ON 'Reviews.review_date' = 'Screenings.screening_id';
INSERT INTO "SqlQuery" ("queryId", "userId", "issuedAt", "finishedAt", "hasError", "errorMessage", "statement", "projectId", "queryTypeId")
    VALUES ('1016', '11', '2023-05-19 22:05:55.604476', '2023-05-19 22:05:58.604476', 'False', 'None', 'SELECT Reviews.review_date, Screenings.screening_id FROM Reviews RIGHT OUTER JOIN Screenings ON Reviews.review_date = Screenings.screening_id;', '5', '1');
INSERT INTO "QueryColumnAccess" ("queryId", "columnId")
    VALUES ('1016', '6');
INSERT INTO "QueryColumnAccess" ("queryId", "columnId")
    VALUES ('1016', '1');
INSERT INTO "QueryTableAccess" ("queryId", "tableId")
    VALUES ('1016', '3');
INSERT INTO "QueryTableAccess" ("queryId", "tableId")
    VALUES ('1016', '5');
SELECT 'Actors.gender', 'Theaters.theater_id' FROM Actors NATURAL JOIN Theaters ON 'Actors.gender' = 'Theaters.theater_id';
INSERT INTO "SqlQuery" ("queryId", "userId", "issuedAt", "finishedAt", "hasError", "errorMessage", "statement", "projectId", "queryTypeId")
    VALUES ('1017', '13', '2023-05-26 22:05:55.604485', '2023-05-26 22:05:56.604485', 'False', 'None', 'SELECT Actors.gender, Theaters.theater_id FROM Actors NATURAL JOIN Theaters ON Actors.gender = Theaters.theater_id;', '5', '1');
INSERT INTO "QueryColumnAccess" ("queryId", "columnId")
    VALUES ('1017', '5');
INSERT INTO "QueryColumnAccess" ("queryId", "columnId")
    VALUES ('1017', '1');
INSERT INTO "QueryTableAccess" ("queryId", "tableId")
    VALUES ('1017', '2');
INSERT INTO "QueryTableAccess" ("queryId", "tableId")
    VALUES ('1017', '4');
SELECT 'Screenings.screening_id', 'Theaters.capacity' FROM Screenings LEFT OUTER JOIN Theaters ON 'Screenings.screening_id' = 'Theaters.capacity';
INSERT INTO "SqlQuery" ("queryId", "userId", "issuedAt", "finishedAt", "hasError", "errorMessage", "statement", "projectId", "queryTypeId")
    VALUES ('1018', '4', '2023-06-05 22:05:55.604495', '2023-06-05 22:05:57.604495', 'False', 'None', 'SELECT Screenings.screening_id, Theaters.capacity FROM Screenings LEFT OUTER JOIN Theaters ON Screenings.screening_id = Theaters.capacity;', '5', '1');
INSERT INTO "QueryColumnAccess" ("queryId", "columnId")
    VALUES ('1018', '1');
INSERT INTO "QueryColumnAccess" ("queryId", "columnId")
    VALUES ('1018', '4');
INSERT INTO "QueryTableAccess" ("queryId", "tableId")
    VALUES ('1018', '5');
INSERT INTO "QueryTableAccess" ("queryId", "tableId")
    VALUES ('1018', '4');
SELECT 'Movies.director', 'Actors.last_name' FROM Movies LEFT OUTER JOIN Actors ON 'Movies.director' = 'Actors.last_name';
INSERT INTO "SqlQuery" ("queryId", "userId", "issuedAt", "finishedAt", "hasError", "errorMessage", "statement", "projectId", "queryTypeId")
    VALUES ('1019', '9', '2023-06-21 22:05:55.604504', '2023-06-21 22:05:56.604504', 'False', 'None', 'SELECT Movies.director, Actors.last_name FROM Movies LEFT OUTER JOIN Actors ON Movies.director = Actors.last_name;', '5', '1');
INSERT INTO "QueryColumnAccess" ("queryId", "columnId")
    VALUES ('1019', '5');
INSERT INTO "QueryColumnAccess" ("queryId", "columnId")
    VALUES ('1019', '3');
INSERT INTO "QueryTableAccess" ("queryId", "tableId")
    VALUES ('1019', '1');
INSERT INTO "QueryTableAccess" ("queryId", "tableId")
    VALUES ('1019', '2');
SELECT 'Theaters.phone_number', 'Movies.duration' FROM Theaters LEFT OUTER JOIN Movies ON 'Theaters.phone_number' = 'Movies.duration';
INSERT INTO "SqlQuery" ("queryId", "userId", "issuedAt", "finishedAt", "hasError", "errorMessage", "statement", "projectId", "queryTypeId")
    VALUES ('1020', '5', '2023-04-23 22:05:55.604529', '2023-04-23 22:05:58.604529', 'False', 'None', 'SELECT Theaters.phone_number, Movies.duration FROM Theaters LEFT OUTER JOIN Movies ON Theaters.phone_number = Movies.duration;', '5', '1');
INSERT INTO "QueryColumnAccess" ("queryId", "columnId")
    VALUES ('1020', '5');
INSERT INTO "QueryColumnAccess" ("queryId", "columnId")
    VALUES ('1020', '6');
INSERT INTO "QueryTableAccess" ("queryId", "tableId")
    VALUES ('1020', '4');
INSERT INTO "QueryTableAccess" ("queryId", "tableId")
    VALUES ('1020', '1');
SELECT 'Reviews.rating', 'Screenings.screening_id' FROM Reviews LEFT OUTER JOIN Screenings ON 'Reviews.rating' = 'Screenings.screening_id';
INSERT INTO "SqlQuery" ("queryId", "userId", "issuedAt", "finishedAt", "hasError", "errorMessage", "statement", "projectId", "queryTypeId")
    VALUES ('1021', '2', '2023-04-20 22:05:55.604539', '2023-04-20 22:05:58.604539', 'False', 'None', 'SELECT Reviews.rating, Screenings.screening_id FROM Reviews LEFT OUTER JOIN Screenings ON Reviews.rating = Screenings.screening_id;', '5', '1');
INSERT INTO "QueryColumnAccess" ("queryId", "columnId")
    VALUES ('1021', '4');
INSERT INTO "QueryColumnAccess" ("queryId", "columnId")
    VALUES ('1021', '1');
INSERT INTO "QueryTableAccess" ("queryId", "tableId")
    VALUES ('1021', '3');
INSERT INTO "QueryTableAccess" ("queryId", "tableId")
    VALUES ('1021', '5');
SELECT 'Actors.nationality', 'Screenings.ticket_price' FROM Actors NATURAL JOIN Screenings ON 'Actors.nationality' = 'Screenings.ticket_price';
INSERT INTO "SqlQuery" ("queryId", "userId", "issuedAt", "finishedAt", "hasError", "errorMessage", "statement", "projectId", "queryTypeId")
    VALUES ('1022', '1', '2023-06-29 22:05:55.604547', '2023-06-29 22:05:59.604547', 'False', 'None', 'SELECT Actors.nationality, Screenings.ticket_price FROM Actors NATURAL JOIN Screenings ON Actors.nationality = Screenings.ticket_price;', '5', '1');
INSERT INTO "QueryColumnAccess" ("queryId", "columnId")
    VALUES ('1022', '6');
INSERT INTO "QueryColumnAccess" ("queryId", "columnId")
    VALUES ('1022', '6');
INSERT INTO "QueryTableAccess" ("queryId", "tableId")
    VALUES ('1022', '2');
INSERT INTO "QueryTableAccess" ("queryId", "tableId")
    VALUES ('1022', '5');
SELECT 'Screenings.theater_id', 'Theaters.location' FROM Screenings NATURAL JOIN Theaters ON 'Screenings.theater_id' = 'Theaters.location';
INSERT INTO "SqlQuery" ("queryId", "userId", "issuedAt", "finishedAt", "hasError", "errorMessage", "statement", "projectId", "queryTypeId")
    VALUES ('1023', '3', '2023-05-20 22:05:55.604557', '2023-05-20 22:05:56.604557', 'False', 'None', 'SELECT Screenings.theater_id, Theaters.location FROM Screenings NATURAL JOIN Theaters ON Screenings.theater_id = Theaters.location;', '5', '1');
INSERT INTO "QueryColumnAccess" ("queryId", "columnId")
    VALUES ('1023', '3');
INSERT INTO "QueryColumnAccess" ("queryId", "columnId")
    VALUES ('1023', '3');
INSERT INTO "QueryTableAccess" ("queryId", "tableId")
    VALUES ('1023', '5');
INSERT INTO "QueryTableAccess" ("queryId", "tableId")
    VALUES ('1023', '4');
SELECT 'Actors.actor_id', 'Movies.genre' FROM Actors RIGHT OUTER JOIN Movies ON 'Actors.actor_id' = 'Movies.genre';
INSERT INTO "SqlQuery" ("queryId", "userId", "issuedAt", "finishedAt", "hasError", "errorMessage", "statement", "projectId", "queryTypeId")
    VALUES ('1024', '10', '2023-06-26 22:05:55.604565', '2023-06-26 22:05:57.604565', 'False', 'None', 'SELECT Actors.actor_id, Movies.genre FROM Actors RIGHT OUTER JOIN Movies ON Actors.actor_id = Movies.genre;', '5', '1');
INSERT INTO "QueryColumnAccess" ("queryId", "columnId")
    VALUES ('1024', '1');
INSERT INTO "QueryColumnAccess" ("queryId", "columnId")
    VALUES ('1024', '4');
INSERT INTO "QueryTableAccess" ("queryId", "tableId")
    VALUES ('1024', '2');
INSERT INTO "QueryTableAccess" ("queryId", "tableId")
    VALUES ('1024', '1');
SELECT 'Reviews.review_date', 'Actors.actor_id' FROM Reviews NATURAL JOIN Actors ON 'Reviews.review_date' = 'Actors.actor_id';
INSERT INTO "SqlQuery" ("queryId", "userId", "issuedAt", "finishedAt", "hasError", "errorMessage", "statement", "projectId", "queryTypeId")
    VALUES ('1025', '3', '2023-05-07 22:05:55.604574', '2023-05-07 22:05:58.604574', 'False', 'None', 'SELECT Reviews.review_date, Actors.actor_id FROM Reviews NATURAL JOIN Actors ON Reviews.review_date = Actors.actor_id;', '5', '1');
INSERT INTO "QueryColumnAccess" ("queryId", "columnId")
    VALUES ('1025', '6');
INSERT INTO "QueryColumnAccess" ("queryId", "columnId")
    VALUES ('1025', '1');
INSERT INTO "QueryTableAccess" ("queryId", "tableId")
    VALUES ('1025', '3');
INSERT INTO "QueryTableAccess" ("queryId", "tableId")
    VALUES ('1025', '2');
SELECT 'Movies.title', 'Actors.first_name' FROM Movies NATURAL JOIN Actors ON 'Movies.title' = 'Actors.first_name';
INSERT INTO "SqlQuery" ("queryId", "userId", "issuedAt", "finishedAt", "hasError", "errorMessage", "statement", "projectId", "queryTypeId")
    VALUES ('1026', '1', '2023-05-28 22:05:55.604583', '2023-05-28 22:05:59.604583', 'False', 'None', 'SELECT Movies.title, Actors.first_name FROM Movies NATURAL JOIN Actors ON Movies.title = Actors.first_name;', '5', '1');
INSERT INTO "QueryColumnAccess" ("queryId", "columnId")
    VALUES ('1026', '2');
INSERT INTO "QueryColumnAccess" ("queryId", "columnId")
    VALUES ('1026', '2');
INSERT INTO "QueryTableAccess" ("queryId", "tableId")
    VALUES ('1026', '1');
INSERT INTO "QueryTableAccess" ("queryId", "tableId")
    VALUES ('1026', '2');
SELECT 'Screenings.start_time', 'Movies.rating' FROM Screenings LEFT OUTER JOIN Movies ON 'Screenings.start_time' = 'Movies.rating';
INSERT INTO "SqlQuery" ("queryId", "userId", "issuedAt", "finishedAt", "hasError", "errorMessage", "statement", "projectId", "queryTypeId")
    VALUES ('1027', '6', '2023-06-20 22:05:55.604592', '2023-06-20 22:05:58.604592', 'False', 'None', 'SELECT Screenings.start_time, Movies.rating FROM Screenings LEFT OUTER JOIN Movies ON Screenings.start_time = Movies.rating;', '5', '1');
INSERT INTO "QueryColumnAccess" ("queryId", "columnId")
    VALUES ('1027', '4');
INSERT INTO "QueryColumnAccess" ("queryId", "columnId")
    VALUES ('1027', '7');
INSERT INTO "QueryTableAccess" ("queryId", "tableId")
    VALUES ('1027', '5');
INSERT INTO "QueryTableAccess" ("queryId", "tableId")
    VALUES ('1027', '1');
SELECT 'Reviews.review_id', 'Movies.director' FROM Reviews NATURAL JOIN Movies ON 'Reviews.review_id' = 'Movies.director';
INSERT INTO "SqlQuery" ("queryId", "userId", "issuedAt", "finishedAt", "hasError", "errorMessage", "statement", "projectId", "queryTypeId")
    VALUES ('1028', '7', '2023-06-27 22:05:55.604601', '2023-06-27 22:05:58.604601', 'False', 'None', 'SELECT Reviews.review_id, Movies.director FROM Reviews NATURAL JOIN Movies ON Reviews.review_id = Movies.director;', '5', '1');
INSERT INTO "QueryColumnAccess" ("queryId", "columnId")
    VALUES ('1028', '1');
INSERT INTO "QueryColumnAccess" ("queryId", "columnId")
    VALUES ('1028', '5');
INSERT INTO "QueryTableAccess" ("queryId", "tableId")
    VALUES ('1028', '3');
INSERT INTO "QueryTableAccess" ("queryId", "tableId")
    VALUES ('1028', '1');
SELECT 'Movies.duration', 'Theaters.theater_id' FROM Movies NATURAL JOIN Theaters ON 'Movies.duration' = 'Theaters.theater_id';
INSERT INTO "SqlQuery" ("queryId", "userId", "issuedAt", "finishedAt", "hasError", "errorMessage", "statement", "projectId", "queryTypeId")
    VALUES ('1029', '13', '2023-05-07 22:05:55.604609', '2023-05-07 22:05:56.604609', 'False', 'None', 'SELECT Movies.duration, Theaters.theater_id FROM Movies NATURAL JOIN Theaters ON Movies.duration = Theaters.theater_id;', '5', '1');
INSERT INTO "QueryColumnAccess" ("queryId", "columnId")
    VALUES ('1029', '6');
INSERT INTO "QueryColumnAccess" ("queryId", "columnId")
    VALUES ('1029', '1');
INSERT INTO "QueryTableAccess" ("queryId", "tableId")
    VALUES ('1029', '1');
INSERT INTO "QueryTableAccess" ("queryId", "tableId")
    VALUES ('1029', '4');
SELECT 'Actors.nationality', 'Movies.release_date' FROM Actors RIGHT OUTER JOIN Movies ON 'Actors.nationality' = 'Movies.release_date';
INSERT INTO "SqlQuery" ("queryId", "userId", "issuedAt", "finishedAt", "hasError", "errorMessage", "statement", "projectId", "queryTypeId")
    VALUES ('1030', '9', '2023-06-29 22:05:55.604627', '2023-06-29 22:05:57.604627', 'False', 'None', 'SELECT Actors.nationality, Movies.release_date FROM Actors RIGHT OUTER JOIN Movies ON Actors.nationality = Movies.release_date;', '5', '1');
INSERT INTO "QueryColumnAccess" ("queryId", "columnId")
    VALUES ('1030', '6');
INSERT INTO "QueryColumnAccess" ("queryId", "columnId")
    VALUES ('1030', '3');
INSERT INTO "QueryTableAccess" ("queryId", "tableId")
    VALUES ('1030', '2');
INSERT INTO "QueryTableAccess" ("queryId", "tableId")
    VALUES ('1030', '1');
SELECT 'Movies.genre', 'Screenings.movie_id' FROM Movies NATURAL JOIN Screenings ON 'Movies.genre' = 'Screenings.movie_id';
INSERT INTO "SqlQuery" ("queryId", "userId", "issuedAt", "finishedAt", "hasError", "errorMessage", "statement", "projectId", "queryTypeId")
    VALUES ('1031', '1', '2023-04-14 22:05:55.604636', '2023-04-14 22:05:57.604636', 'False', 'None', 'SELECT Movies.genre, Screenings.movie_id FROM Movies NATURAL JOIN Screenings ON Movies.genre = Screenings.movie_id;', '5', '1');
INSERT INTO "QueryColumnAccess" ("queryId", "columnId")
    VALUES ('1031', '4');
INSERT INTO "QueryColumnAccess" ("queryId", "columnId")
    VALUES ('1031', '2');
INSERT INTO "QueryTableAccess" ("queryId", "tableId")
    VALUES ('1031', '1');
INSERT INTO "QueryTableAccess" ("queryId", "tableId")
    VALUES ('1031', '5');
SELECT 'Movies.director', 'Screenings.start_time' FROM Movies RIGHT OUTER JOIN Screenings ON 'Movies.director' = 'Screenings.start_time';
INSERT INTO "SqlQuery" ("queryId", "userId", "issuedAt", "finishedAt", "hasError", "errorMessage", "statement", "projectId", "queryTypeId")
    VALUES ('1032', '14', '2023-06-22 22:05:55.604644', '2023-06-22 22:05:58.604644', 'False', 'None', 'SELECT Movies.director, Screenings.start_time FROM Movies RIGHT OUTER JOIN Screenings ON Movies.director = Screenings.start_time;', '5', '1');
INSERT INTO "QueryColumnAccess" ("queryId", "columnId")
    VALUES ('1032', '5');
INSERT INTO "QueryColumnAccess" ("queryId", "columnId")
    VALUES ('1032', '4');
INSERT INTO "QueryTableAccess" ("queryId", "tableId")
    VALUES ('1032', '1');
INSERT INTO "QueryTableAccess" ("queryId", "tableId")
    VALUES ('1032', '5');
SELECT 'Reviews.review_id', 'Actors.first_name' FROM Reviews NATURAL JOIN Actors ON 'Reviews.review_id' = 'Actors.first_name';
INSERT INTO "SqlQuery" ("queryId", "userId", "issuedAt", "finishedAt", "hasError", "errorMessage", "statement", "projectId", "queryTypeId")
    VALUES ('1033', '12', '2023-05-06 22:05:55.604654', '2023-05-06 22:05:56.604654', 'False', 'None', 'SELECT Reviews.review_id, Actors.first_name FROM Reviews NATURAL JOIN Actors ON Reviews.review_id = Actors.first_name;', '5', '1');
INSERT INTO "QueryColumnAccess" ("queryId", "columnId")
    VALUES ('1033', '1');
INSERT INTO "QueryColumnAccess" ("queryId", "columnId")
    VALUES ('1033', '2');
INSERT INTO "QueryTableAccess" ("queryId", "tableId")
    VALUES ('1033', '3');
INSERT INTO "QueryTableAccess" ("queryId", "tableId")
    VALUES ('1033', '2');
SELECT 'Screenings.screening_id', 'Actors.date_of_birth' FROM Screenings RIGHT OUTER JOIN Actors ON 'Screenings.screening_id' = 'Actors.date_of_birth';
INSERT INTO "SqlQuery" ("queryId", "userId", "issuedAt", "finishedAt", "hasError", "errorMessage", "statement", "projectId", "queryTypeId")
    VALUES ('1034', '1', '2023-05-09 22:05:55.604663', '2023-05-09 22:05:57.604663', 'False', 'None', 'SELECT Screenings.screening_id, Actors.date_of_birth FROM Screenings RIGHT OUTER JOIN Actors ON Screenings.screening_id = Actors.date_of_birth;', '5', '1');
INSERT INTO "QueryColumnAccess" ("queryId", "columnId")
    VALUES ('1034', '1');
INSERT INTO "QueryColumnAccess" ("queryId", "columnId")
    VALUES ('1034', '4');
INSERT INTO "QueryTableAccess" ("queryId", "tableId")
    VALUES ('1034', '5');
INSERT INTO "QueryTableAccess" ("queryId", "tableId")
    VALUES ('1034', '2');
SELECT 'Movies.duration', 'Reviews.review_date' FROM Movies NATURAL JOIN Reviews ON 'Movies.duration' = 'Reviews.review_date';
INSERT INTO "SqlQuery" ("queryId", "userId", "issuedAt", "finishedAt", "hasError", "errorMessage", "statement", "projectId", "queryTypeId")
    VALUES ('1035', '7', '2023-06-06 22:05:55.604672', '2023-06-06 22:05:59.604672', 'False', 'None', 'SELECT Movies.duration, Reviews.review_date FROM Movies NATURAL JOIN Reviews ON Movies.duration = Reviews.review_date;', '5', '1');
INSERT INTO "QueryColumnAccess" ("queryId", "columnId")
    VALUES ('1035', '6');
INSERT INTO "QueryColumnAccess" ("queryId", "columnId")
    VALUES ('1035', '6');
INSERT INTO "QueryTableAccess" ("queryId", "tableId")
    VALUES ('1035', '1');
INSERT INTO "QueryTableAccess" ("queryId", "tableId")
    VALUES ('1035', '3');
SELECT 'Actors.last_name', 'Movies.rating' FROM Actors LEFT OUTER JOIN Movies ON 'Actors.last_name' = 'Movies.rating';
INSERT INTO "SqlQuery" ("queryId", "userId", "issuedAt", "finishedAt", "hasError", "errorMessage", "statement", "projectId", "queryTypeId")
    VALUES ('1036', '2', '2023-06-06 22:05:55.604680', '2023-06-06 22:05:57.604680', 'False', 'None', 'SELECT Actors.last_name, Movies.rating FROM Actors LEFT OUTER JOIN Movies ON Actors.last_name = Movies.rating;', '5', '1');
INSERT INTO "QueryColumnAccess" ("queryId", "columnId")
    VALUES ('1036', '3');
INSERT INTO "QueryColumnAccess" ("queryId", "columnId")
    VALUES ('1036', '7');
INSERT INTO "QueryTableAccess" ("queryId", "tableId")
    VALUES ('1036', '2');
INSERT INTO "QueryTableAccess" ("queryId", "tableId")
    VALUES ('1036', '1');
SELECT 'Reviews.review_id', 'Actors.nationality' FROM Reviews NATURAL JOIN Actors ON 'Reviews.review_id' = 'Actors.nationality';
INSERT INTO "SqlQuery" ("queryId", "userId", "issuedAt", "finishedAt", "hasError", "errorMessage", "statement", "projectId", "queryTypeId")
    VALUES ('1037', '15', '2023-05-15 22:05:55.604689', '2023-05-15 22:05:57.604689', 'False', 'None', 'SELECT Reviews.review_id, Actors.nationality FROM Reviews NATURAL JOIN Actors ON Reviews.review_id = Actors.nationality;', '5', '1');
INSERT INTO "QueryColumnAccess" ("queryId", "columnId")
    VALUES ('1037', '1');
INSERT INTO "QueryColumnAccess" ("queryId", "columnId")
    VALUES ('1037', '6');
INSERT INTO "QueryTableAccess" ("queryId", "tableId")
    VALUES ('1037', '3');
INSERT INTO "QueryTableAccess" ("queryId", "tableId")
    VALUES ('1037', '2');
SELECT 'Screenings.start_time', 'Movies.rating' FROM Screenings NATURAL JOIN Movies ON 'Screenings.start_time' = 'Movies.rating';
INSERT INTO "SqlQuery" ("queryId", "userId", "issuedAt", "finishedAt", "hasError", "errorMessage", "statement", "projectId", "queryTypeId")
    VALUES ('1038', '3', '2023-04-27 22:05:55.604698', '2023-04-27 22:05:57.604698', 'False', 'None', 'SELECT Screenings.start_time, Movies.rating FROM Screenings NATURAL JOIN Movies ON Screenings.start_time = Movies.rating;', '5', '1');
INSERT INTO "QueryColumnAccess" ("queryId", "columnId")
    VALUES ('1038', '4');
INSERT INTO "QueryColumnAccess" ("queryId", "columnId")
    VALUES ('1038', '7');
INSERT INTO "QueryTableAccess" ("queryId", "tableId")
    VALUES ('1038', '5');
INSERT INTO "QueryTableAccess" ("queryId", "tableId")
    VALUES ('1038', '1');
SELECT 'Movies.duration', 'Screenings.ticket_price' FROM Movies NATURAL JOIN Screenings ON 'Movies.duration' = 'Screenings.ticket_price';
INSERT INTO "SqlQuery" ("queryId", "userId", "issuedAt", "finishedAt", "hasError", "errorMessage", "statement", "projectId", "queryTypeId")
    VALUES ('1039', '9', '2023-04-15 22:05:55.604707', '2023-04-15 22:05:57.604707', 'False', 'None', 'SELECT Movies.duration, Screenings.ticket_price FROM Movies NATURAL JOIN Screenings ON Movies.duration = Screenings.ticket_price;', '5', '1');
INSERT INTO "QueryColumnAccess" ("queryId", "columnId")
    VALUES ('1039', '6');
INSERT INTO "QueryColumnAccess" ("queryId", "columnId")
    VALUES ('1039', '6');
INSERT INTO "QueryTableAccess" ("queryId", "tableId")
    VALUES ('1039', '1');
INSERT INTO "QueryTableAccess" ("queryId", "tableId")
    VALUES ('1039', '5');
SELECT 'Actors.actor_id', 'Movies.genre' FROM Actors RIGHT OUTER JOIN Movies ON 'Actors.actor_id' = 'Movies.genre';
INSERT INTO "SqlQuery" ("queryId", "userId", "issuedAt", "finishedAt", "hasError", "errorMessage", "statement", "projectId", "queryTypeId")
    VALUES ('1040', '15', '2023-04-17 22:05:55.604725', '2023-04-17 22:05:56.604725', 'False', 'None', 'SELECT Actors.actor_id, Movies.genre FROM Actors RIGHT OUTER JOIN Movies ON Actors.actor_id = Movies.genre;', '5', '1');
INSERT INTO "QueryColumnAccess" ("queryId", "columnId")
    VALUES ('1040', '1');
INSERT INTO "QueryColumnAccess" ("queryId", "columnId")
    VALUES ('1040', '4');
INSERT INTO "QueryTableAccess" ("queryId", "tableId")
    VALUES ('1040', '2');
INSERT INTO "QueryTableAccess" ("queryId", "tableId")
    VALUES ('1040', '1');
SELECT 'Reviews.review_date', 'Movies.duration' FROM Reviews RIGHT OUTER JOIN Movies ON 'Reviews.review_date' = 'Movies.duration';
INSERT INTO "SqlQuery" ("queryId", "userId", "issuedAt", "finishedAt", "hasError", "errorMessage", "statement", "projectId", "queryTypeId")
    VALUES ('1041', '8', '2023-06-08 22:05:55.604734', '2023-06-08 22:05:58.604734', 'False', 'None', 'SELECT Reviews.review_date, Movies.duration FROM Reviews RIGHT OUTER JOIN Movies ON Reviews.review_date = Movies.duration;', '5', '1');
INSERT INTO "QueryColumnAccess" ("queryId", "columnId")
    VALUES ('1041', '6');
INSERT INTO "QueryColumnAccess" ("queryId", "columnId")
    VALUES ('1041', '6');
INSERT INTO "QueryTableAccess" ("queryId", "tableId")
    VALUES ('1041', '3');
INSERT INTO "QueryTableAccess" ("queryId", "tableId")
    VALUES ('1041', '1');
SELECT 'Reviews.user_id', 'Screenings.ticket_price' FROM Reviews LEFT OUTER JOIN Screenings ON 'Reviews.user_id' = 'Screenings.ticket_price';
INSERT INTO "SqlQuery" ("queryId", "userId", "issuedAt", "finishedAt", "hasError", "errorMessage", "statement", "projectId", "queryTypeId")
    VALUES ('1042', '4', '2023-05-10 22:05:55.604743', '2023-05-10 22:05:56.604743', 'False', 'None', 'SELECT Reviews.user_id, Screenings.ticket_price FROM Reviews LEFT OUTER JOIN Screenings ON Reviews.user_id = Screenings.ticket_price;', '5', '1');
INSERT INTO "QueryColumnAccess" ("queryId", "columnId")
    VALUES ('1042', '3');
INSERT INTO "QueryColumnAccess" ("queryId", "columnId")
    VALUES ('1042', '6');
INSERT INTO "QueryTableAccess" ("queryId", "tableId")
    VALUES ('1042', '3');
INSERT INTO "QueryTableAccess" ("queryId", "tableId")
    VALUES ('1042', '5');
SELECT 'Reviews.review_date', 'Movies.director' FROM Reviews NATURAL JOIN Movies ON 'Reviews.review_date' = 'Movies.director';
INSERT INTO "SqlQuery" ("queryId", "userId", "issuedAt", "finishedAt", "hasError", "errorMessage", "statement", "projectId", "queryTypeId")
    VALUES ('1043', '7', '2023-06-23 22:05:55.604752', '2023-06-23 22:05:58.604752', 'False', 'None', 'SELECT Reviews.review_date, Movies.director FROM Reviews NATURAL JOIN Movies ON Reviews.review_date = Movies.director;', '5', '1');
INSERT INTO "QueryColumnAccess" ("queryId", "columnId")
    VALUES ('1043', '6');
INSERT INTO "QueryColumnAccess" ("queryId", "columnId")
    VALUES ('1043', '5');
INSERT INTO "QueryTableAccess" ("queryId", "tableId")
    VALUES ('1043', '3');
INSERT INTO "QueryTableAccess" ("queryId", "tableId")
    VALUES ('1043', '1');
SELECT 'Theaters.capacity', 'Actors.last_name' FROM Theaters LEFT OUTER JOIN Actors ON 'Theaters.capacity' = 'Actors.last_name';
INSERT INTO "SqlQuery" ("queryId", "userId", "issuedAt", "finishedAt", "hasError", "errorMessage", "statement", "projectId", "queryTypeId")
    VALUES ('1044', '14', '2023-05-19 22:05:55.604761', '2023-05-19 22:05:58.604761', 'False', 'None', 'SELECT Theaters.capacity, Actors.last_name FROM Theaters LEFT OUTER JOIN Actors ON Theaters.capacity = Actors.last_name;', '5', '1');
INSERT INTO "QueryColumnAccess" ("queryId", "columnId")
    VALUES ('1044', '4');
INSERT INTO "QueryColumnAccess" ("queryId", "columnId")
    VALUES ('1044', '3');
INSERT INTO "QueryTableAccess" ("queryId", "tableId")
    VALUES ('1044', '4');
INSERT INTO "QueryTableAccess" ("queryId", "tableId")
    VALUES ('1044', '2');
SELECT 'Reviews.review_date', 'Screenings.ticket_price' FROM Reviews NATURAL JOIN Screenings ON 'Reviews.review_date' = 'Screenings.ticket_price';
INSERT INTO "SqlQuery" ("queryId", "userId", "issuedAt", "finishedAt", "hasError", "errorMessage", "statement", "projectId", "queryTypeId")
    VALUES ('1045', '9', '2023-04-25 22:05:55.604770', '2023-04-25 22:05:57.604770', 'False', 'None', 'SELECT Reviews.review_date, Screenings.ticket_price FROM Reviews NATURAL JOIN Screenings ON Reviews.review_date = Screenings.ticket_price;', '5', '1');
INSERT INTO "QueryColumnAccess" ("queryId", "columnId")
    VALUES ('1045', '6');
INSERT INTO "QueryColumnAccess" ("queryId", "columnId")
    VALUES ('1045', '6');
INSERT INTO "QueryTableAccess" ("queryId", "tableId")
    VALUES ('1045', '3');
INSERT INTO "QueryTableAccess" ("queryId", "tableId")
    VALUES ('1045', '5');
SELECT 'Screenings.screening_id', 'Actors.first_name' FROM Screenings NATURAL JOIN Actors ON 'Screenings.screening_id' = 'Actors.first_name';
INSERT INTO "SqlQuery" ("queryId", "userId", "issuedAt", "finishedAt", "hasError", "errorMessage", "statement", "projectId", "queryTypeId")
    VALUES ('1046', '7', '2023-04-29 22:05:55.604779', '2023-04-29 22:05:59.604779', 'False', 'None', 'SELECT Screenings.screening_id, Actors.first_name FROM Screenings NATURAL JOIN Actors ON Screenings.screening_id = Actors.first_name;', '5', '1');
INSERT INTO "QueryColumnAccess" ("queryId", "columnId")
    VALUES ('1046', '1');
INSERT INTO "QueryColumnAccess" ("queryId", "columnId")
    VALUES ('1046', '2');
INSERT INTO "QueryTableAccess" ("queryId", "tableId")
    VALUES ('1046', '5');
INSERT INTO "QueryTableAccess" ("queryId", "tableId")
    VALUES ('1046', '2');
SELECT 'Theaters.capacity', 'Actors.gender' FROM Theaters LEFT OUTER JOIN Actors ON 'Theaters.capacity' = 'Actors.gender';
INSERT INTO "SqlQuery" ("queryId", "userId", "issuedAt", "finishedAt", "hasError", "errorMessage", "statement", "projectId", "queryTypeId")
    VALUES ('1047', '8', '2023-04-22 22:05:55.604788', '2023-04-22 22:05:59.604788', 'False', 'None', 'SELECT Theaters.capacity, Actors.gender FROM Theaters LEFT OUTER JOIN Actors ON Theaters.capacity = Actors.gender;', '5', '1');
INSERT INTO "QueryColumnAccess" ("queryId", "columnId")
    VALUES ('1047', '4');
INSERT INTO "QueryColumnAccess" ("queryId", "columnId")
    VALUES ('1047', '5');
INSERT INTO "QueryTableAccess" ("queryId", "tableId")
    VALUES ('1047', '4');
INSERT INTO "QueryTableAccess" ("queryId", "tableId")
    VALUES ('1047', '2');
SELECT 'Movies.title', 'Screenings.ticket_price' FROM Movies RIGHT OUTER JOIN Screenings ON 'Movies.title' = 'Screenings.ticket_price';
INSERT INTO "SqlQuery" ("queryId", "userId", "issuedAt", "finishedAt", "hasError", "errorMessage", "statement", "projectId", "queryTypeId")
    VALUES ('1048', '3', '2023-06-25 22:05:55.604797', '2023-06-25 22:05:56.604797', 'False', 'None', 'SELECT Movies.title, Screenings.ticket_price FROM Movies RIGHT OUTER JOIN Screenings ON Movies.title = Screenings.ticket_price;', '5', '1');
INSERT INTO "QueryColumnAccess" ("queryId", "columnId")
    VALUES ('1048', '2');
INSERT INTO "QueryColumnAccess" ("queryId", "columnId")
    VALUES ('1048', '6');
INSERT INTO "QueryTableAccess" ("queryId", "tableId")
    VALUES ('1048', '1');
INSERT INTO "QueryTableAccess" ("queryId", "tableId")
    VALUES ('1048', '5');
SELECT 'Theaters.location', 'Screenings.start_time' FROM Theaters LEFT OUTER JOIN Screenings ON 'Theaters.location' = 'Screenings.start_time';
INSERT INTO "SqlQuery" ("queryId", "userId", "issuedAt", "finishedAt", "hasError", "errorMessage", "statement", "projectId", "queryTypeId")
    VALUES ('1049', '4', '2023-05-22 22:05:55.604813', '2023-05-22 22:05:56.604813', 'False', 'None', 'SELECT Theaters.location, Screenings.start_time FROM Theaters LEFT OUTER JOIN Screenings ON Theaters.location = Screenings.start_time;', '5', '1');
INSERT INTO "QueryColumnAccess" ("queryId", "columnId")
    VALUES ('1049', '3');
INSERT INTO "QueryColumnAccess" ("queryId", "columnId")
    VALUES ('1049', '4');
INSERT INTO "QueryTableAccess" ("queryId", "tableId")
    VALUES ('1049', '4');
INSERT INTO "QueryTableAccess" ("queryId", "tableId")
    VALUES ('1049', '5');
SELECT 'Screenings.start_time', 'Actors.last_name' FROM Screenings NATURAL JOIN Actors ON 'Screenings.start_time' = 'Actors.last_name';
INSERT INTO "SqlQuery" ("queryId", "userId", "issuedAt", "finishedAt", "hasError", "errorMessage", "statement", "projectId", "queryTypeId")
    VALUES ('1050', '14', '2023-06-26 22:05:55.604822', '2023-06-26 22:05:57.604822', 'False', 'None', 'SELECT Screenings.start_time, Actors.last_name FROM Screenings NATURAL JOIN Actors ON Screenings.start_time = Actors.last_name;', '5', '1');
INSERT INTO "QueryColumnAccess" ("queryId", "columnId")
    VALUES ('1050', '4');
INSERT INTO "QueryColumnAccess" ("queryId", "columnId")
    VALUES ('1050', '3');
INSERT INTO "QueryTableAccess" ("queryId", "tableId")
    VALUES ('1050', '5');
INSERT INTO "QueryTableAccess" ("queryId", "tableId")
    VALUES ('1050', '2');
SELECT 'Actors.nationality', 'Screenings.ticket_price' FROM Actors LEFT OUTER JOIN Screenings ON 'Actors.nationality' = 'Screenings.ticket_price';
INSERT INTO "SqlQuery" ("queryId", "userId", "issuedAt", "finishedAt", "hasError", "errorMessage", "statement", "projectId", "queryTypeId")
    VALUES ('1051', '1', '2023-05-07 22:05:55.604831', '2023-05-07 22:05:56.604831', 'False', 'None', 'SELECT Actors.nationality, Screenings.ticket_price FROM Actors LEFT OUTER JOIN Screenings ON Actors.nationality = Screenings.ticket_price;', '5', '1');
INSERT INTO "QueryColumnAccess" ("queryId", "columnId")
    VALUES ('1051', '6');
INSERT INTO "QueryColumnAccess" ("queryId", "columnId")
    VALUES ('1051', '6');
INSERT INTO "QueryTableAccess" ("queryId", "tableId")
    VALUES ('1051', '2');
INSERT INTO "QueryTableAccess" ("queryId", "tableId")
    VALUES ('1051', '5');
SELECT 'Reviews.comment', 'Actors.last_name' FROM Reviews RIGHT OUTER JOIN Actors ON 'Reviews.comment' = 'Actors.last_name';
INSERT INTO "SqlQuery" ("queryId", "userId", "issuedAt", "finishedAt", "hasError", "errorMessage", "statement", "projectId", "queryTypeId")
    VALUES ('1052', '11', '2023-04-23 22:05:55.604840', '2023-04-23 22:05:56.604840', 'False', 'None', 'SELECT Reviews.comment, Actors.last_name FROM Reviews RIGHT OUTER JOIN Actors ON Reviews.comment = Actors.last_name;', '5', '1');
INSERT INTO "QueryColumnAccess" ("queryId", "columnId")
    VALUES ('1052', '5');
INSERT INTO "QueryColumnAccess" ("queryId", "columnId")
    VALUES ('1052', '3');
INSERT INTO "QueryTableAccess" ("queryId", "tableId")
    VALUES ('1052', '3');
INSERT INTO "QueryTableAccess" ("queryId", "tableId")
    VALUES ('1052', '2');
SELECT 'Reviews.comment', 'Theaters.capacity' FROM Reviews LEFT OUTER JOIN Theaters ON 'Reviews.comment' = 'Theaters.capacity';
INSERT INTO "SqlQuery" ("queryId", "userId", "issuedAt", "finishedAt", "hasError", "errorMessage", "statement", "projectId", "queryTypeId")
    VALUES ('1053', '7', '2023-06-19 22:05:55.604849', '2023-06-19 22:05:57.604849', 'False', 'None', 'SELECT Reviews.comment, Theaters.capacity FROM Reviews LEFT OUTER JOIN Theaters ON Reviews.comment = Theaters.capacity;', '5', '1');
INSERT INTO "QueryColumnAccess" ("queryId", "columnId")
    VALUES ('1053', '5');
INSERT INTO "QueryColumnAccess" ("queryId", "columnId")
    VALUES ('1053', '4');
INSERT INTO "QueryTableAccess" ("queryId", "tableId")
    VALUES ('1053', '3');
INSERT INTO "QueryTableAccess" ("queryId", "tableId")
    VALUES ('1053', '4');
SELECT 'Actors.first_name', 'Movies.duration' FROM Actors RIGHT OUTER JOIN Movies ON 'Actors.first_name' = 'Movies.duration';
INSERT INTO "SqlQuery" ("queryId", "userId", "issuedAt", "finishedAt", "hasError", "errorMessage", "statement", "projectId", "queryTypeId")
    VALUES ('1054', '2', '2023-05-25 22:05:55.604858', '2023-05-25 22:05:57.604858', 'False', 'None', 'SELECT Actors.first_name, Movies.duration FROM Actors RIGHT OUTER JOIN Movies ON Actors.first_name = Movies.duration;', '5', '1');
INSERT INTO "QueryColumnAccess" ("queryId", "columnId")
    VALUES ('1054', '2');
INSERT INTO "QueryColumnAccess" ("queryId", "columnId")
    VALUES ('1054', '6');
INSERT INTO "QueryTableAccess" ("queryId", "tableId")
    VALUES ('1054', '2');
INSERT INTO "QueryTableAccess" ("queryId", "tableId")
    VALUES ('1054', '1');
SELECT 'Movies.release_date', 'Actors.date_of_birth' FROM Movies RIGHT OUTER JOIN Actors ON 'Movies.release_date' = 'Actors.date_of_birth';
INSERT INTO "SqlQuery" ("queryId", "userId", "issuedAt", "finishedAt", "hasError", "errorMessage", "statement", "projectId", "queryTypeId")
    VALUES ('1055', '9', '2023-07-06 22:05:55.604867', '2023-07-06 22:05:56.604867', 'False', 'None', 'SELECT Movies.release_date, Actors.date_of_birth FROM Movies RIGHT OUTER JOIN Actors ON Movies.release_date = Actors.date_of_birth;', '5', '1');
INSERT INTO "QueryColumnAccess" ("queryId", "columnId")
    VALUES ('1055', '3');
INSERT INTO "QueryColumnAccess" ("queryId", "columnId")
    VALUES ('1055', '4');
INSERT INTO "QueryTableAccess" ("queryId", "tableId")
    VALUES ('1055', '1');
INSERT INTO "QueryTableAccess" ("queryId", "tableId")
    VALUES ('1055', '2');
SELECT 'Reviews.review_id', 'Screenings.start_time' FROM Reviews NATURAL JOIN Screenings ON 'Reviews.review_id' = 'Screenings.start_time';
INSERT INTO "SqlQuery" ("queryId", "userId", "issuedAt", "finishedAt", "hasError", "errorMessage", "statement", "projectId", "queryTypeId")
    VALUES ('1056', '7', '2023-05-12 22:05:55.604876', '2023-05-12 22:05:58.604876', 'False', 'None', 'SELECT Reviews.review_id, Screenings.start_time FROM Reviews NATURAL JOIN Screenings ON Reviews.review_id = Screenings.start_time;', '5', '1');
INSERT INTO "QueryColumnAccess" ("queryId", "columnId")
    VALUES ('1056', '1');
INSERT INTO "QueryColumnAccess" ("queryId", "columnId")
    VALUES ('1056', '4');
INSERT INTO "QueryTableAccess" ("queryId", "tableId")
    VALUES ('1056', '3');
INSERT INTO "QueryTableAccess" ("queryId", "tableId")
    VALUES ('1056', '5');
SELECT 'Reviews.comment', 'Theaters.theater_name' FROM Reviews RIGHT OUTER JOIN Theaters ON 'Reviews.comment' = 'Theaters.theater_name';
INSERT INTO "SqlQuery" ("queryId", "userId", "issuedAt", "finishedAt", "hasError", "errorMessage", "statement", "projectId", "queryTypeId")
    VALUES ('1057', '6', '2023-07-09 22:05:55.604885', '2023-07-09 22:05:56.604885', 'False', 'None', 'SELECT Reviews.comment, Theaters.theater_name FROM Reviews RIGHT OUTER JOIN Theaters ON Reviews.comment = Theaters.theater_name;', '5', '1');
INSERT INTO "QueryColumnAccess" ("queryId", "columnId")
    VALUES ('1057', '5');
INSERT INTO "QueryColumnAccess" ("queryId", "columnId")
    VALUES ('1057', '2');
INSERT INTO "QueryTableAccess" ("queryId", "tableId")
    VALUES ('1057', '3');
INSERT INTO "QueryTableAccess" ("queryId", "tableId")
    VALUES ('1057', '4');
SELECT 'Theaters.theater_name', 'Screenings.theater_id' FROM Theaters NATURAL JOIN Screenings ON 'Theaters.theater_name' = 'Screenings.theater_id';
INSERT INTO "SqlQuery" ("queryId", "userId", "issuedAt", "finishedAt", "hasError", "errorMessage", "statement", "projectId", "queryTypeId")
    VALUES ('1058', '8', '2023-06-21 22:05:55.604893', '2023-06-21 22:05:58.604893', 'False', 'None', 'SELECT Theaters.theater_name, Screenings.theater_id FROM Theaters NATURAL JOIN Screenings ON Theaters.theater_name = Screenings.theater_id;', '5', '1');
INSERT INTO "QueryColumnAccess" ("queryId", "columnId")
    VALUES ('1058', '2');
INSERT INTO "QueryColumnAccess" ("queryId", "columnId")
    VALUES ('1058', '3');
INSERT INTO "QueryTableAccess" ("queryId", "tableId")
    VALUES ('1058', '4');
INSERT INTO "QueryTableAccess" ("queryId", "tableId")
    VALUES ('1058', '5');
SELECT 'Screenings.start_time', 'Movies.genre' FROM Screenings LEFT OUTER JOIN Movies ON 'Screenings.start_time' = 'Movies.genre';
INSERT INTO "SqlQuery" ("queryId", "userId", "issuedAt", "finishedAt", "hasError", "errorMessage", "statement", "projectId", "queryTypeId")
    VALUES ('1059', '1', '2023-06-07 22:05:55.604914', '2023-06-07 22:05:59.604914', 'False', 'None', 'SELECT Screenings.start_time, Movies.genre FROM Screenings LEFT OUTER JOIN Movies ON Screenings.start_time = Movies.genre;', '5', '1');
INSERT INTO "QueryColumnAccess" ("queryId", "columnId")
    VALUES ('1059', '4');
INSERT INTO "QueryColumnAccess" ("queryId", "columnId")
    VALUES ('1059', '4');
INSERT INTO "QueryTableAccess" ("queryId", "tableId")
    VALUES ('1059', '5');
INSERT INTO "QueryTableAccess" ("queryId", "tableId")
    VALUES ('1059', '1');
SELECT 'Reviews.comment', 'Screenings.start_time' FROM Reviews LEFT OUTER JOIN Screenings ON 'Reviews.comment' = 'Screenings.start_time';
INSERT INTO "SqlQuery" ("queryId", "userId", "issuedAt", "finishedAt", "hasError", "errorMessage", "statement", "projectId", "queryTypeId")
    VALUES ('1060', '1', '2023-04-24 22:05:55.604923', '2023-04-24 22:05:58.604923', 'False', 'None', 'SELECT Reviews.comment, Screenings.start_time FROM Reviews LEFT OUTER JOIN Screenings ON Reviews.comment = Screenings.start_time;', '5', '1');
INSERT INTO "QueryColumnAccess" ("queryId", "columnId")
    VALUES ('1060', '5');
INSERT INTO "QueryColumnAccess" ("queryId", "columnId")
    VALUES ('1060', '4');
INSERT INTO "QueryTableAccess" ("queryId", "tableId")
    VALUES ('1060', '3');
INSERT INTO "QueryTableAccess" ("queryId", "tableId")
    VALUES ('1060', '5');
SELECT 'Actors.actor_id', 'Screenings.end_time' FROM Actors NATURAL JOIN Screenings ON 'Actors.actor_id' = 'Screenings.end_time';
INSERT INTO "SqlQuery" ("queryId", "userId", "issuedAt", "finishedAt", "hasError", "errorMessage", "statement", "projectId", "queryTypeId")
    VALUES ('1061', '10', '2023-05-18 22:05:55.604932', '2023-05-18 22:05:58.604932', 'False', 'None', 'SELECT Actors.actor_id, Screenings.end_time FROM Actors NATURAL JOIN Screenings ON Actors.actor_id = Screenings.end_time;', '5', '1');
INSERT INTO "QueryColumnAccess" ("queryId", "columnId")
    VALUES ('1061', '1');
INSERT INTO "QueryColumnAccess" ("queryId", "columnId")
    VALUES ('1061', '5');
INSERT INTO "QueryTableAccess" ("queryId", "tableId")
    VALUES ('1061', '2');
INSERT INTO "QueryTableAccess" ("queryId", "tableId")
    VALUES ('1061', '5');
SELECT 'Theaters.phone_number', 'Actors.nationality' FROM Theaters NATURAL JOIN Actors ON 'Theaters.phone_number' = 'Actors.nationality';
INSERT INTO "SqlQuery" ("queryId", "userId", "issuedAt", "finishedAt", "hasError", "errorMessage", "statement", "projectId", "queryTypeId")
    VALUES ('1062', '14', '2023-06-13 22:05:55.604941', '2023-06-13 22:05:58.604941', 'False', 'None', 'SELECT Theaters.phone_number, Actors.nationality FROM Theaters NATURAL JOIN Actors ON Theaters.phone_number = Actors.nationality;', '5', '1');
INSERT INTO "QueryColumnAccess" ("queryId", "columnId")
    VALUES ('1062', '5');
INSERT INTO "QueryColumnAccess" ("queryId", "columnId")
    VALUES ('1062', '6');
INSERT INTO "QueryTableAccess" ("queryId", "tableId")
    VALUES ('1062', '4');
INSERT INTO "QueryTableAccess" ("queryId", "tableId")
    VALUES ('1062', '2');
SELECT 'Theaters.phone_number', 'Screenings.ticket_price' FROM Theaters NATURAL JOIN Screenings ON 'Theaters.phone_number' = 'Screenings.ticket_price';
INSERT INTO "SqlQuery" ("queryId", "userId", "issuedAt", "finishedAt", "hasError", "errorMessage", "statement", "projectId", "queryTypeId")
    VALUES ('1063', '4', '2023-05-15 22:05:55.604950', '2023-05-15 22:05:57.604950', 'False', 'None', 'SELECT Theaters.phone_number, Screenings.ticket_price FROM Theaters NATURAL JOIN Screenings ON Theaters.phone_number = Screenings.ticket_price;', '5', '1');
INSERT INTO "QueryColumnAccess" ("queryId", "columnId")
    VALUES ('1063', '5');
INSERT INTO "QueryColumnAccess" ("queryId", "columnId")
    VALUES ('1063', '6');
INSERT INTO "QueryTableAccess" ("queryId", "tableId")
    VALUES ('1063', '4');
INSERT INTO "QueryTableAccess" ("queryId", "tableId")
    VALUES ('1063', '5');
SELECT 'Movies.movie_id', 'Screenings.theater_id' FROM Movies NATURAL JOIN Screenings ON 'Movies.movie_id' = 'Screenings.theater_id';
INSERT INTO "SqlQuery" ("queryId", "userId", "issuedAt", "finishedAt", "hasError", "errorMessage", "statement", "projectId", "queryTypeId")
    VALUES ('1064', '1', '2023-06-29 22:05:55.604959', '2023-06-29 22:05:56.604959', 'False', 'None', 'SELECT Movies.movie_id, Screenings.theater_id FROM Movies NATURAL JOIN Screenings ON Movies.movie_id = Screenings.theater_id;', '5', '1');
INSERT INTO "QueryColumnAccess" ("queryId", "columnId")
    VALUES ('1064', '1');
INSERT INTO "QueryColumnAccess" ("queryId", "columnId")
    VALUES ('1064', '3');
INSERT INTO "QueryTableAccess" ("queryId", "tableId")
    VALUES ('1064', '1');
INSERT INTO "QueryTableAccess" ("queryId", "tableId")
    VALUES ('1064', '5');
SELECT 'Screenings.theater_id', 'Reviews.rating' FROM Screenings NATURAL JOIN Reviews ON 'Screenings.theater_id' = 'Reviews.rating';
INSERT INTO "SqlQuery" ("queryId", "userId", "issuedAt", "finishedAt", "hasError", "errorMessage", "statement", "projectId", "queryTypeId")
    VALUES ('1065', '6', '2023-04-30 22:05:55.604967', '2023-04-30 22:05:58.604967', 'False', 'None', 'SELECT Screenings.theater_id, Reviews.rating FROM Screenings NATURAL JOIN Reviews ON Screenings.theater_id = Reviews.rating;', '5', '1');
INSERT INTO "QueryColumnAccess" ("queryId", "columnId")
    VALUES ('1065', '3');
INSERT INTO "QueryColumnAccess" ("queryId", "columnId")
    VALUES ('1065', '4');
INSERT INTO "QueryTableAccess" ("queryId", "tableId")
    VALUES ('1065', '5');
INSERT INTO "QueryTableAccess" ("queryId", "tableId")
    VALUES ('1065', '3');
SELECT 'Screenings.end_time', 'Reviews.movie_id' FROM Screenings LEFT OUTER JOIN Reviews ON 'Screenings.end_time' = 'Reviews.movie_id';
INSERT INTO "SqlQuery" ("queryId", "userId", "issuedAt", "finishedAt", "hasError", "errorMessage", "statement", "projectId", "queryTypeId")
    VALUES ('1066', '7', '2023-06-28 22:05:55.604976', '2023-06-28 22:05:57.604976', 'False', 'None', 'SELECT Screenings.end_time, Reviews.movie_id FROM Screenings LEFT OUTER JOIN Reviews ON Screenings.end_time = Reviews.movie_id;', '5', '1');
INSERT INTO "QueryColumnAccess" ("queryId", "columnId")
    VALUES ('1066', '5');
INSERT INTO "QueryColumnAccess" ("queryId", "columnId")
    VALUES ('1066', '2');
INSERT INTO "QueryTableAccess" ("queryId", "tableId")
    VALUES ('1066', '5');
INSERT INTO "QueryTableAccess" ("queryId", "tableId")
    VALUES ('1066', '3');
SELECT 'Movies.duration', 'Reviews.movie_id' FROM Movies NATURAL JOIN Reviews ON 'Movies.duration' = 'Reviews.movie_id';
INSERT INTO "SqlQuery" ("queryId", "userId", "issuedAt", "finishedAt", "hasError", "errorMessage", "statement", "projectId", "queryTypeId")
    VALUES ('1067', '1', '2023-04-11 22:05:55.604985', '2023-04-11 22:05:59.604985', 'False', 'None', 'SELECT Movies.duration, Reviews.movie_id FROM Movies NATURAL JOIN Reviews ON Movies.duration = Reviews.movie_id;', '5', '1');
INSERT INTO "QueryColumnAccess" ("queryId", "columnId")
    VALUES ('1067', '6');
INSERT INTO "QueryColumnAccess" ("queryId", "columnId")
    VALUES ('1067', '2');
INSERT INTO "QueryTableAccess" ("queryId", "tableId")
    VALUES ('1067', '1');
INSERT INTO "QueryTableAccess" ("queryId", "tableId")
    VALUES ('1067', '3');
SELECT 'Actors.nationality', 'Screenings.start_time' FROM Actors NATURAL JOIN Screenings ON 'Actors.nationality' = 'Screenings.start_time';
INSERT INTO "SqlQuery" ("queryId", "userId", "issuedAt", "finishedAt", "hasError", "errorMessage", "statement", "projectId", "queryTypeId")
    VALUES ('1068', '3', '2023-05-25 22:05:55.605001', '2023-05-25 22:05:59.605001', 'False', 'None', 'SELECT Actors.nationality, Screenings.start_time FROM Actors NATURAL JOIN Screenings ON Actors.nationality = Screenings.start_time;', '5', '1');
INSERT INTO "QueryColumnAccess" ("queryId", "columnId")
    VALUES ('1068', '6');
INSERT INTO "QueryColumnAccess" ("queryId", "columnId")
    VALUES ('1068', '4');
INSERT INTO "QueryTableAccess" ("queryId", "tableId")
    VALUES ('1068', '2');
INSERT INTO "QueryTableAccess" ("queryId", "tableId")
    VALUES ('1068', '5');
SELECT 'Movies.director', 'Screenings.screening_id' FROM Movies RIGHT OUTER JOIN Screenings ON 'Movies.director' = 'Screenings.screening_id';
INSERT INTO "SqlQuery" ("queryId", "userId", "issuedAt", "finishedAt", "hasError", "errorMessage", "statement", "projectId", "queryTypeId")
    VALUES ('1069', '13', '2023-07-02 22:05:55.605010', '2023-07-02 22:05:59.605010', 'False', 'None', 'SELECT Movies.director, Screenings.screening_id FROM Movies RIGHT OUTER JOIN Screenings ON Movies.director = Screenings.screening_id;', '5', '1');
INSERT INTO "QueryColumnAccess" ("queryId", "columnId")
    VALUES ('1069', '5');
INSERT INTO "QueryColumnAccess" ("queryId", "columnId")
    VALUES ('1069', '1');
INSERT INTO "QueryTableAccess" ("queryId", "tableId")
    VALUES ('1069', '1');
INSERT INTO "QueryTableAccess" ("queryId", "tableId")
    VALUES ('1069', '5');
SELECT 'Theaters.capacity', 'Actors.nationality' FROM Theaters RIGHT OUTER JOIN Actors ON 'Theaters.capacity' = 'Actors.nationality';
INSERT INTO "SqlQuery" ("queryId", "userId", "issuedAt", "finishedAt", "hasError", "errorMessage", "statement", "projectId", "queryTypeId")
    VALUES ('1070', '5', '2023-05-18 22:05:55.605019', '2023-05-18 22:05:59.605019', 'False', 'None', 'SELECT Theaters.capacity, Actors.nationality FROM Theaters RIGHT OUTER JOIN Actors ON Theaters.capacity = Actors.nationality;', '5', '1');
INSERT INTO "QueryColumnAccess" ("queryId", "columnId")
    VALUES ('1070', '4');
INSERT INTO "QueryColumnAccess" ("queryId", "columnId")
    VALUES ('1070', '6');
INSERT INTO "QueryTableAccess" ("queryId", "tableId")
    VALUES ('1070', '4');
INSERT INTO "QueryTableAccess" ("queryId", "tableId")
    VALUES ('1070', '2');
SELECT 'Movies.release_date', 'Screenings.movie_id' FROM Movies NATURAL JOIN Screenings ON 'Movies.release_date' = 'Screenings.movie_id';
INSERT INTO "SqlQuery" ("queryId", "userId", "issuedAt", "finishedAt", "hasError", "errorMessage", "statement", "projectId", "queryTypeId")
    VALUES ('1071', '6', '2023-06-09 22:05:55.605028', '2023-06-09 22:05:56.605028', 'False', 'None', 'SELECT Movies.release_date, Screenings.movie_id FROM Movies NATURAL JOIN Screenings ON Movies.release_date = Screenings.movie_id;', '5', '1');
INSERT INTO "QueryColumnAccess" ("queryId", "columnId")
    VALUES ('1071', '3');
INSERT INTO "QueryColumnAccess" ("queryId", "columnId")
    VALUES ('1071', '2');
INSERT INTO "QueryTableAccess" ("queryId", "tableId")
    VALUES ('1071', '1');
INSERT INTO "QueryTableAccess" ("queryId", "tableId")
    VALUES ('1071', '5');
SELECT 'Screenings.ticket_price', 'Reviews.review_date' FROM Screenings LEFT OUTER JOIN Reviews ON 'Screenings.ticket_price' = 'Reviews.review_date';
INSERT INTO "SqlQuery" ("queryId", "userId", "issuedAt", "finishedAt", "hasError", "errorMessage", "statement", "projectId", "queryTypeId")
    VALUES ('1072', '2', '2023-05-16 22:05:55.605037', '2023-05-16 22:05:58.605037', 'False', 'None', 'SELECT Screenings.ticket_price, Reviews.review_date FROM Screenings LEFT OUTER JOIN Reviews ON Screenings.ticket_price = Reviews.review_date;', '5', '1');
INSERT INTO "QueryColumnAccess" ("queryId", "columnId")
    VALUES ('1072', '6');
INSERT INTO "QueryColumnAccess" ("queryId", "columnId")
    VALUES ('1072', '6');
INSERT INTO "QueryTableAccess" ("queryId", "tableId")
    VALUES ('1072', '5');
INSERT INTO "QueryTableAccess" ("queryId", "tableId")
    VALUES ('1072', '3');
SELECT 'Movies.duration', 'Actors.last_name' FROM Movies NATURAL JOIN Actors ON 'Movies.duration' = 'Actors.last_name';
INSERT INTO "SqlQuery" ("queryId", "userId", "issuedAt", "finishedAt", "hasError", "errorMessage", "statement", "projectId", "queryTypeId")
    VALUES ('1073', '1', '2023-05-13 22:05:55.605046', '2023-05-13 22:05:56.605046', 'False', 'None', 'SELECT Movies.duration, Actors.last_name FROM Movies NATURAL JOIN Actors ON Movies.duration = Actors.last_name;', '5', '1');
INSERT INTO "QueryColumnAccess" ("queryId", "columnId")
    VALUES ('1073', '6');
INSERT INTO "QueryColumnAccess" ("queryId", "columnId")
    VALUES ('1073', '3');
INSERT INTO "QueryTableAccess" ("queryId", "tableId")
    VALUES ('1073', '1');
INSERT INTO "QueryTableAccess" ("queryId", "tableId")
    VALUES ('1073', '2');
SELECT 'Theaters.theater_name', 'Reviews.user_id' FROM Theaters RIGHT OUTER JOIN Reviews ON 'Theaters.theater_name' = 'Reviews.user_id';
INSERT INTO "SqlQuery" ("queryId", "userId", "issuedAt", "finishedAt", "hasError", "errorMessage", "statement", "projectId", "queryTypeId")
    VALUES ('1074', '8', '2023-04-23 22:05:55.605055', '2023-04-23 22:05:59.605055', 'False', 'None', 'SELECT Theaters.theater_name, Reviews.user_id FROM Theaters RIGHT OUTER JOIN Reviews ON Theaters.theater_name = Reviews.user_id;', '5', '1');
INSERT INTO "QueryColumnAccess" ("queryId", "columnId")
    VALUES ('1074', '2');
INSERT INTO "QueryColumnAccess" ("queryId", "columnId")
    VALUES ('1074', '3');
INSERT INTO "QueryTableAccess" ("queryId", "tableId")
    VALUES ('1074', '4');
INSERT INTO "QueryTableAccess" ("queryId", "tableId")
    VALUES ('1074', '3');
SELECT 'Screenings.start_time', 'Movies.duration' FROM Screenings NATURAL JOIN Movies ON 'Screenings.start_time' = 'Movies.duration';
INSERT INTO "SqlQuery" ("queryId", "userId", "issuedAt", "finishedAt", "hasError", "errorMessage", "statement", "projectId", "queryTypeId")
    VALUES ('1075', '1', '2023-06-14 22:05:55.605064', '2023-06-14 22:05:56.605064', 'False', 'None', 'SELECT Screenings.start_time, Movies.duration FROM Screenings NATURAL JOIN Movies ON Screenings.start_time = Movies.duration;', '5', '1');
INSERT INTO "QueryColumnAccess" ("queryId", "columnId")
    VALUES ('1075', '4');
INSERT INTO "QueryColumnAccess" ("queryId", "columnId")
    VALUES ('1075', '6');
INSERT INTO "QueryTableAccess" ("queryId", "tableId")
    VALUES ('1075', '5');
INSERT INTO "QueryTableAccess" ("queryId", "tableId")
    VALUES ('1075', '1');
SELECT 'Theaters.theater_id', 'Reviews.user_id' FROM Theaters LEFT OUTER JOIN Reviews ON 'Theaters.theater_id' = 'Reviews.user_id';
INSERT INTO "SqlQuery" ("queryId", "userId", "issuedAt", "finishedAt", "hasError", "errorMessage", "statement", "projectId", "queryTypeId")
    VALUES ('1076', '1', '2023-06-03 22:05:55.605072', '2023-06-03 22:05:58.605072', 'False', 'None', 'SELECT Theaters.theater_id, Reviews.user_id FROM Theaters LEFT OUTER JOIN Reviews ON Theaters.theater_id = Reviews.user_id;', '5', '1');
INSERT INTO "QueryColumnAccess" ("queryId", "columnId")
    VALUES ('1076', '1');
INSERT INTO "QueryColumnAccess" ("queryId", "columnId")
    VALUES ('1076', '3');
INSERT INTO "QueryTableAccess" ("queryId", "tableId")
    VALUES ('1076', '4');
INSERT INTO "QueryTableAccess" ("queryId", "tableId")
    VALUES ('1076', '3');
SELECT 'Movies.director', 'Actors.actor_id' FROM Movies NATURAL JOIN Actors ON 'Movies.director' = 'Actors.actor_id';
INSERT INTO "SqlQuery" ("queryId", "userId", "issuedAt", "finishedAt", "hasError", "errorMessage", "statement", "projectId", "queryTypeId")
    VALUES ('1077', '4', '2023-06-14 22:05:55.605081', '2023-06-14 22:05:59.605081', 'False', 'None', 'SELECT Movies.director, Actors.actor_id FROM Movies NATURAL JOIN Actors ON Movies.director = Actors.actor_id;', '5', '1');
INSERT INTO "QueryColumnAccess" ("queryId", "columnId")
    VALUES ('1077', '5');
INSERT INTO "QueryColumnAccess" ("queryId", "columnId")
    VALUES ('1077', '1');
INSERT INTO "QueryTableAccess" ("queryId", "tableId")
    VALUES ('1077', '1');
INSERT INTO "QueryTableAccess" ("queryId", "tableId")
    VALUES ('1077', '2');
SELECT 'Movies.title', 'Theaters.theater_name' FROM Movies NATURAL JOIN Theaters ON 'Movies.title' = 'Theaters.theater_name';
INSERT INTO "SqlQuery" ("queryId", "userId", "issuedAt", "finishedAt", "hasError", "errorMessage", "statement", "projectId", "queryTypeId")
    VALUES ('1078', '10', '2023-05-09 22:05:55.605098', '2023-05-09 22:05:58.605098', 'False', 'None', 'SELECT Movies.title, Theaters.theater_name FROM Movies NATURAL JOIN Theaters ON Movies.title = Theaters.theater_name;', '5', '1');
INSERT INTO "QueryColumnAccess" ("queryId", "columnId")
    VALUES ('1078', '2');
INSERT INTO "QueryColumnAccess" ("queryId", "columnId")
    VALUES ('1078', '2');
INSERT INTO "QueryTableAccess" ("queryId", "tableId")
    VALUES ('1078', '1');
INSERT INTO "QueryTableAccess" ("queryId", "tableId")
    VALUES ('1078', '4');
SELECT 'Reviews.comment', 'Screenings.screening_id' FROM Reviews LEFT OUTER JOIN Screenings ON 'Reviews.comment' = 'Screenings.screening_id';
INSERT INTO "SqlQuery" ("queryId", "userId", "issuedAt", "finishedAt", "hasError", "errorMessage", "statement", "projectId", "queryTypeId")
    VALUES ('1079', '10', '2023-06-02 22:05:55.605108', '2023-06-02 22:05:57.605108', 'False', 'None', 'SELECT Reviews.comment, Screenings.screening_id FROM Reviews LEFT OUTER JOIN Screenings ON Reviews.comment = Screenings.screening_id;', '5', '1');
INSERT INTO "QueryColumnAccess" ("queryId", "columnId")
    VALUES ('1079', '5');
INSERT INTO "QueryColumnAccess" ("queryId", "columnId")
    VALUES ('1079', '1');
INSERT INTO "QueryTableAccess" ("queryId", "tableId")
    VALUES ('1079', '3');
INSERT INTO "QueryTableAccess" ("queryId", "tableId")
    VALUES ('1079', '5');
SELECT 'Reviews.rating', 'Actors.date_of_birth' FROM Reviews RIGHT OUTER JOIN Actors ON 'Reviews.rating' = 'Actors.date_of_birth';
INSERT INTO "SqlQuery" ("queryId", "userId", "issuedAt", "finishedAt", "hasError", "errorMessage", "statement", "projectId", "queryTypeId")
    VALUES ('1080', '6', '2023-04-20 22:05:55.605117', '2023-04-20 22:05:56.605117', 'False', 'None', 'SELECT Reviews.rating, Actors.date_of_birth FROM Reviews RIGHT OUTER JOIN Actors ON Reviews.rating = Actors.date_of_birth;', '5', '1');
INSERT INTO "QueryColumnAccess" ("queryId", "columnId")
    VALUES ('1080', '4');
INSERT INTO "QueryColumnAccess" ("queryId", "columnId")
    VALUES ('1080', '4');
INSERT INTO "QueryTableAccess" ("queryId", "tableId")
    VALUES ('1080', '3');
INSERT INTO "QueryTableAccess" ("queryId", "tableId")
    VALUES ('1080', '2');
SELECT 'Screenings.start_time', 'Theaters.capacity' FROM Screenings RIGHT OUTER JOIN Theaters ON 'Screenings.start_time' = 'Theaters.capacity';
INSERT INTO "SqlQuery" ("queryId", "userId", "issuedAt", "finishedAt", "hasError", "errorMessage", "statement", "projectId", "queryTypeId")
    VALUES ('1081', '3', '2023-06-20 22:05:55.605126', '2023-06-20 22:05:56.605126', 'False', 'None', 'SELECT Screenings.start_time, Theaters.capacity FROM Screenings RIGHT OUTER JOIN Theaters ON Screenings.start_time = Theaters.capacity;', '5', '1');
INSERT INTO "QueryColumnAccess" ("queryId", "columnId")
    VALUES ('1081', '4');
INSERT INTO "QueryColumnAccess" ("queryId", "columnId")
    VALUES ('1081', '4');
INSERT INTO "QueryTableAccess" ("queryId", "tableId")
    VALUES ('1081', '5');
INSERT INTO "QueryTableAccess" ("queryId", "tableId")
    VALUES ('1081', '4');
SELECT 'Theaters.phone_number', 'Movies.duration' FROM Theaters NATURAL JOIN Movies ON 'Theaters.phone_number' = 'Movies.duration';
INSERT INTO "SqlQuery" ("queryId", "userId", "issuedAt", "finishedAt", "hasError", "errorMessage", "statement", "projectId", "queryTypeId")
    VALUES ('1082', '7', '2023-05-09 22:05:55.605134', '2023-05-09 22:05:59.605134', 'False', 'None', 'SELECT Theaters.phone_number, Movies.duration FROM Theaters NATURAL JOIN Movies ON Theaters.phone_number = Movies.duration;', '5', '1');
INSERT INTO "QueryColumnAccess" ("queryId", "columnId")
    VALUES ('1082', '5');
INSERT INTO "QueryColumnAccess" ("queryId", "columnId")
    VALUES ('1082', '6');
INSERT INTO "QueryTableAccess" ("queryId", "tableId")
    VALUES ('1082', '4');
INSERT INTO "QueryTableAccess" ("queryId", "tableId")
    VALUES ('1082', '1');
SELECT 'Movies.movie_id', 'Theaters.location' FROM Movies RIGHT OUTER JOIN Theaters ON 'Movies.movie_id' = 'Theaters.location';
INSERT INTO "SqlQuery" ("queryId", "userId", "issuedAt", "finishedAt", "hasError", "errorMessage", "statement", "projectId", "queryTypeId")
    VALUES ('1083', '12', '2023-05-21 22:05:55.605144', '2023-05-21 22:05:57.605144', 'False', 'None', 'SELECT Movies.movie_id, Theaters.location FROM Movies RIGHT OUTER JOIN Theaters ON Movies.movie_id = Theaters.location;', '5', '1');
INSERT INTO "QueryColumnAccess" ("queryId", "columnId")
    VALUES ('1083', '1');
INSERT INTO "QueryColumnAccess" ("queryId", "columnId")
    VALUES ('1083', '3');
INSERT INTO "QueryTableAccess" ("queryId", "tableId")
    VALUES ('1083', '1');
INSERT INTO "QueryTableAccess" ("queryId", "tableId")
    VALUES ('1083', '4');
SELECT 'Actors.gender', 'Movies.genre' FROM Actors NATURAL JOIN Movies ON 'Actors.gender' = 'Movies.genre';
INSERT INTO "SqlQuery" ("queryId", "userId", "issuedAt", "finishedAt", "hasError", "errorMessage", "statement", "projectId", "queryTypeId")
    VALUES ('1084', '1', '2023-06-05 22:05:55.605152', '2023-06-05 22:05:58.605152', 'False', 'None', 'SELECT Actors.gender, Movies.genre FROM Actors NATURAL JOIN Movies ON Actors.gender = Movies.genre;', '5', '1');
INSERT INTO "QueryColumnAccess" ("queryId", "columnId")
    VALUES ('1084', '5');
INSERT INTO "QueryColumnAccess" ("queryId", "columnId")
    VALUES ('1084', '4');
INSERT INTO "QueryTableAccess" ("queryId", "tableId")
    VALUES ('1084', '2');
INSERT INTO "QueryTableAccess" ("queryId", "tableId")
    VALUES ('1084', '1');
SELECT 'Screenings.screening_id', 'Movies.title' FROM Screenings LEFT OUTER JOIN Movies ON 'Screenings.screening_id' = 'Movies.title';
INSERT INTO "SqlQuery" ("queryId", "userId", "issuedAt", "finishedAt", "hasError", "errorMessage", "statement", "projectId", "queryTypeId")
    VALUES ('1085', '4', '2023-07-10 22:05:55.605161', '2023-07-10 22:05:57.605161', 'False', 'None', 'SELECT Screenings.screening_id, Movies.title FROM Screenings LEFT OUTER JOIN Movies ON Screenings.screening_id = Movies.title;', '5', '1');
INSERT INTO "QueryColumnAccess" ("queryId", "columnId")
    VALUES ('1085', '1');
INSERT INTO "QueryColumnAccess" ("queryId", "columnId")
    VALUES ('1085', '2');
INSERT INTO "QueryTableAccess" ("queryId", "tableId")
    VALUES ('1085', '5');
INSERT INTO "QueryTableAccess" ("queryId", "tableId")
    VALUES ('1085', '1');
SELECT 'Actors.date_of_birth', 'Movies.title' FROM Actors RIGHT OUTER JOIN Movies ON 'Actors.date_of_birth' = 'Movies.title';
INSERT INTO "SqlQuery" ("queryId", "userId", "issuedAt", "finishedAt", "hasError", "errorMessage", "statement", "projectId", "queryTypeId")
    VALUES ('1086', '9', '2023-05-01 22:05:55.605170', '2023-05-01 22:05:56.605170', 'False', 'None', 'SELECT Actors.date_of_birth, Movies.title FROM Actors RIGHT OUTER JOIN Movies ON Actors.date_of_birth = Movies.title;', '5', '1');
INSERT INTO "QueryColumnAccess" ("queryId", "columnId")
    VALUES ('1086', '4');
INSERT INTO "QueryColumnAccess" ("queryId", "columnId")
    VALUES ('1086', '2');
INSERT INTO "QueryTableAccess" ("queryId", "tableId")
    VALUES ('1086', '2');
INSERT INTO "QueryTableAccess" ("queryId", "tableId")
    VALUES ('1086', '1');
SELECT 'Actors.last_name', 'Theaters.location' FROM Actors RIGHT OUTER JOIN Theaters ON 'Actors.last_name' = 'Theaters.location';
INSERT INTO "SqlQuery" ("queryId", "userId", "issuedAt", "finishedAt", "hasError", "errorMessage", "statement", "projectId", "queryTypeId")
    VALUES ('1087', '8', '2023-06-30 22:05:55.605178', '2023-06-30 22:05:58.605178', 'False', 'None', 'SELECT Actors.last_name, Theaters.location FROM Actors RIGHT OUTER JOIN Theaters ON Actors.last_name = Theaters.location;', '5', '1');
INSERT INTO "QueryColumnAccess" ("queryId", "columnId")
    VALUES ('1087', '3');
INSERT INTO "QueryColumnAccess" ("queryId", "columnId")
    VALUES ('1087', '3');
INSERT INTO "QueryTableAccess" ("queryId", "tableId")
    VALUES ('1087', '2');
INSERT INTO "QueryTableAccess" ("queryId", "tableId")
    VALUES ('1087', '4');
SELECT 'Screenings.theater_id', 'Theaters.capacity' FROM Screenings NATURAL JOIN Theaters ON 'Screenings.theater_id' = 'Theaters.capacity';
INSERT INTO "SqlQuery" ("queryId", "userId", "issuedAt", "finishedAt", "hasError", "errorMessage", "statement", "projectId", "queryTypeId")
    VALUES ('1088', '5', '2023-04-12 22:05:55.605195', '2023-04-12 22:05:59.605195', 'False', 'None', 'SELECT Screenings.theater_id, Theaters.capacity FROM Screenings NATURAL JOIN Theaters ON Screenings.theater_id = Theaters.capacity;', '5', '1');
INSERT INTO "QueryColumnAccess" ("queryId", "columnId")
    VALUES ('1088', '3');
INSERT INTO "QueryColumnAccess" ("queryId", "columnId")
    VALUES ('1088', '4');
INSERT INTO "QueryTableAccess" ("queryId", "tableId")
    VALUES ('1088', '5');
INSERT INTO "QueryTableAccess" ("queryId", "tableId")
    VALUES ('1088', '4');
SELECT 'Reviews.review_id', 'Movies.rating' FROM Reviews RIGHT OUTER JOIN Movies ON 'Reviews.review_id' = 'Movies.rating';
INSERT INTO "SqlQuery" ("queryId", "userId", "issuedAt", "finishedAt", "hasError", "errorMessage", "statement", "projectId", "queryTypeId")
    VALUES ('1089', '5', '2023-04-14 22:05:55.605204', '2023-04-14 22:05:57.605204', 'False', 'None', 'SELECT Reviews.review_id, Movies.rating FROM Reviews RIGHT OUTER JOIN Movies ON Reviews.review_id = Movies.rating;', '5', '1');
INSERT INTO "QueryColumnAccess" ("queryId", "columnId")
    VALUES ('1089', '1');
INSERT INTO "QueryColumnAccess" ("queryId", "columnId")
    VALUES ('1089', '7');
INSERT INTO "QueryTableAccess" ("queryId", "tableId")
    VALUES ('1089', '3');
INSERT INTO "QueryTableAccess" ("queryId", "tableId")
    VALUES ('1089', '1');
SELECT 'Reviews.rating', 'Movies.duration' FROM Reviews RIGHT OUTER JOIN Movies ON 'Reviews.rating' = 'Movies.duration';
INSERT INTO "SqlQuery" ("queryId", "userId", "issuedAt", "finishedAt", "hasError", "errorMessage", "statement", "projectId", "queryTypeId")
    VALUES ('1090', '2', '2023-05-07 22:05:55.605213', '2023-05-07 22:05:59.605213', 'False', 'None', 'SELECT Reviews.rating, Movies.duration FROM Reviews RIGHT OUTER JOIN Movies ON Reviews.rating = Movies.duration;', '5', '1');
INSERT INTO "QueryColumnAccess" ("queryId", "columnId")
    VALUES ('1090', '4');
INSERT INTO "QueryColumnAccess" ("queryId", "columnId")
    VALUES ('1090', '6');
INSERT INTO "QueryTableAccess" ("queryId", "tableId")
    VALUES ('1090', '3');
INSERT INTO "QueryTableAccess" ("queryId", "tableId")
    VALUES ('1090', '1');
SELECT 'Movies.movie_id', 'Screenings.movie_id' FROM Movies NATURAL JOIN Screenings ON 'Movies.movie_id' = 'Screenings.movie_id';
INSERT INTO "SqlQuery" ("queryId", "userId", "issuedAt", "finishedAt", "hasError", "errorMessage", "statement", "projectId", "queryTypeId")
    VALUES ('1091', '10', '2023-05-09 22:05:55.605222', '2023-05-09 22:05:59.605222', 'False', 'None', 'SELECT Movies.movie_id, Screenings.movie_id FROM Movies NATURAL JOIN Screenings ON Movies.movie_id = Screenings.movie_id;', '5', '1');
INSERT INTO "QueryColumnAccess" ("queryId", "columnId")
    VALUES ('1091', '1');
INSERT INTO "QueryColumnAccess" ("queryId", "columnId")
    VALUES ('1091', '2');
INSERT INTO "QueryTableAccess" ("queryId", "tableId")
    VALUES ('1091', '1');
INSERT INTO "QueryTableAccess" ("queryId", "tableId")
    VALUES ('1091', '5');
SELECT 'Screenings.start_time', 'Movies.duration' FROM Screenings RIGHT OUTER JOIN Movies ON 'Screenings.start_time' = 'Movies.duration';
INSERT INTO "SqlQuery" ("queryId", "userId", "issuedAt", "finishedAt", "hasError", "errorMessage", "statement", "projectId", "queryTypeId")
    VALUES ('1092', '12', '2023-04-27 22:05:55.605230', '2023-04-27 22:05:58.605230', 'False', 'None', 'SELECT Screenings.start_time, Movies.duration FROM Screenings RIGHT OUTER JOIN Movies ON Screenings.start_time = Movies.duration;', '5', '1');
INSERT INTO "QueryColumnAccess" ("queryId", "columnId")
    VALUES ('1092', '4');
INSERT INTO "QueryColumnAccess" ("queryId", "columnId")
    VALUES ('1092', '6');
INSERT INTO "QueryTableAccess" ("queryId", "tableId")
    VALUES ('1092', '5');
INSERT INTO "QueryTableAccess" ("queryId", "tableId")
    VALUES ('1092', '1');
SELECT 'Screenings.theater_id', 'Reviews.rating' FROM Screenings RIGHT OUTER JOIN Reviews ON 'Screenings.theater_id' = 'Reviews.rating';
INSERT INTO "SqlQuery" ("queryId", "userId", "issuedAt", "finishedAt", "hasError", "errorMessage", "statement", "projectId", "queryTypeId")
    VALUES ('1093', '5', '2023-06-17 22:05:55.605239', '2023-06-17 22:05:57.605239', 'False', 'None', 'SELECT Screenings.theater_id, Reviews.rating FROM Screenings RIGHT OUTER JOIN Reviews ON Screenings.theater_id = Reviews.rating;', '5', '1');
INSERT INTO "QueryColumnAccess" ("queryId", "columnId")
    VALUES ('1093', '3');
INSERT INTO "QueryColumnAccess" ("queryId", "columnId")
    VALUES ('1093', '4');
INSERT INTO "QueryTableAccess" ("queryId", "tableId")
    VALUES ('1093', '5');
INSERT INTO "QueryTableAccess" ("queryId", "tableId")
    VALUES ('1093', '3');
SELECT 'Theaters.phone_number', 'Actors.first_name' FROM Theaters RIGHT OUTER JOIN Actors ON 'Theaters.phone_number' = 'Actors.first_name';
INSERT INTO "SqlQuery" ("queryId", "userId", "issuedAt", "finishedAt", "hasError", "errorMessage", "statement", "projectId", "queryTypeId")
    VALUES ('1094', '15', '2023-07-02 22:05:55.605248', '2023-07-02 22:05:56.605248', 'False', 'None', 'SELECT Theaters.phone_number, Actors.first_name FROM Theaters RIGHT OUTER JOIN Actors ON Theaters.phone_number = Actors.first_name;', '5', '1');
INSERT INTO "QueryColumnAccess" ("queryId", "columnId")
    VALUES ('1094', '5');
INSERT INTO "QueryColumnAccess" ("queryId", "columnId")
    VALUES ('1094', '2');
INSERT INTO "QueryTableAccess" ("queryId", "tableId")
    VALUES ('1094', '4');
INSERT INTO "QueryTableAccess" ("queryId", "tableId")
    VALUES ('1094', '2');
SELECT 'Actors.actor_id', 'Movies.release_date' FROM Actors RIGHT OUTER JOIN Movies ON 'Actors.actor_id' = 'Movies.release_date';
INSERT INTO "SqlQuery" ("queryId", "userId", "issuedAt", "finishedAt", "hasError", "errorMessage", "statement", "projectId", "queryTypeId")
    VALUES ('1095', '7', '2023-05-09 22:05:55.605257', '2023-05-09 22:05:56.605257', 'False', 'None', 'SELECT Actors.actor_id, Movies.release_date FROM Actors RIGHT OUTER JOIN Movies ON Actors.actor_id = Movies.release_date;', '5', '1');
INSERT INTO "QueryColumnAccess" ("queryId", "columnId")
    VALUES ('1095', '1');
INSERT INTO "QueryColumnAccess" ("queryId", "columnId")
    VALUES ('1095', '3');
INSERT INTO "QueryTableAccess" ("queryId", "tableId")
    VALUES ('1095', '2');
INSERT INTO "QueryTableAccess" ("queryId", "tableId")
    VALUES ('1095', '1');
SELECT 'Theaters.location', 'Reviews.movie_id' FROM Theaters RIGHT OUTER JOIN Reviews ON 'Theaters.location' = 'Reviews.movie_id';
INSERT INTO "SqlQuery" ("queryId", "userId", "issuedAt", "finishedAt", "hasError", "errorMessage", "statement", "projectId", "queryTypeId")
    VALUES ('1096', '3', '2023-06-28 22:05:55.605266', '2023-06-28 22:05:56.605266', 'False', 'None', 'SELECT Theaters.location, Reviews.movie_id FROM Theaters RIGHT OUTER JOIN Reviews ON Theaters.location = Reviews.movie_id;', '5', '1');
INSERT INTO "QueryColumnAccess" ("queryId", "columnId")
    VALUES ('1096', '3');
INSERT INTO "QueryColumnAccess" ("queryId", "columnId")
    VALUES ('1096', '2');
INSERT INTO "QueryTableAccess" ("queryId", "tableId")
    VALUES ('1096', '4');
INSERT INTO "QueryTableAccess" ("queryId", "tableId")
    VALUES ('1096', '3');
SELECT 'Theaters.theater_id', 'Screenings.start_time' FROM Theaters RIGHT OUTER JOIN Screenings ON 'Theaters.theater_id' = 'Screenings.start_time';
INSERT INTO "SqlQuery" ("queryId", "userId", "issuedAt", "finishedAt", "hasError", "errorMessage", "statement", "projectId", "queryTypeId")
    VALUES ('1097', '3', '2023-04-23 22:05:55.605284', '2023-04-23 22:05:59.605284', 'False', 'None', 'SELECT Theaters.theater_id, Screenings.start_time FROM Theaters RIGHT OUTER JOIN Screenings ON Theaters.theater_id = Screenings.start_time;', '5', '1');
INSERT INTO "QueryColumnAccess" ("queryId", "columnId")
    VALUES ('1097', '1');
INSERT INTO "QueryColumnAccess" ("queryId", "columnId")
    VALUES ('1097', '4');
INSERT INTO "QueryTableAccess" ("queryId", "tableId")
    VALUES ('1097', '4');
INSERT INTO "QueryTableAccess" ("queryId", "tableId")
    VALUES ('1097', '5');
SELECT 'Actors.nationality', 'Movies.director' FROM Actors LEFT OUTER JOIN Movies ON 'Actors.nationality' = 'Movies.director';
INSERT INTO "SqlQuery" ("queryId", "userId", "issuedAt", "finishedAt", "hasError", "errorMessage", "statement", "projectId", "queryTypeId")
    VALUES ('1098', '7', '2023-04-26 22:05:55.605294', '2023-04-26 22:05:56.605294', 'False', 'None', 'SELECT Actors.nationality, Movies.director FROM Actors LEFT OUTER JOIN Movies ON Actors.nationality = Movies.director;', '5', '1');
INSERT INTO "QueryColumnAccess" ("queryId", "columnId")
    VALUES ('1098', '6');
INSERT INTO "QueryColumnAccess" ("queryId", "columnId")
    VALUES ('1098', '5');
INSERT INTO "QueryTableAccess" ("queryId", "tableId")
    VALUES ('1098', '2');
INSERT INTO "QueryTableAccess" ("queryId", "tableId")
    VALUES ('1098', '1');
SELECT 'Theaters.capacity', 'Movies.genre' FROM Theaters RIGHT OUTER JOIN Movies ON 'Theaters.capacity' = 'Movies.genre';
INSERT INTO "SqlQuery" ("queryId", "userId", "issuedAt", "finishedAt", "hasError", "errorMessage", "statement", "projectId", "queryTypeId")
    VALUES ('1099', '12', '2023-06-02 22:05:55.605302', '2023-06-02 22:05:58.605302', 'False', 'None', 'SELECT Theaters.capacity, Movies.genre FROM Theaters RIGHT OUTER JOIN Movies ON Theaters.capacity = Movies.genre;', '5', '1');
INSERT INTO "QueryColumnAccess" ("queryId", "columnId")
    VALUES ('1099', '4');
INSERT INTO "QueryColumnAccess" ("queryId", "columnId")
    VALUES ('1099', '4');
INSERT INTO "QueryTableAccess" ("queryId", "tableId")
    VALUES ('1099', '4');
INSERT INTO "QueryTableAccess" ("queryId", "tableId")
    VALUES ('1099', '1');
SELECT 'Screenings.start_time', 'Theaters.phone_number' FROM Screenings LEFT OUTER JOIN Theaters ON 'Screenings.start_time' = 'Theaters.phone_number';
INSERT INTO "SqlQuery" ("queryId", "userId", "issuedAt", "finishedAt", "hasError", "errorMessage", "statement", "projectId", "queryTypeId")
    VALUES ('1100', '13', '2023-07-03 22:05:55.605311', '2023-07-03 22:05:58.605311', 'False', 'None', 'SELECT Screenings.start_time, Theaters.phone_number FROM Screenings LEFT OUTER JOIN Theaters ON Screenings.start_time = Theaters.phone_number;', '5', '1');
INSERT INTO "QueryColumnAccess" ("queryId", "columnId")
    VALUES ('1100', '4');
INSERT INTO "QueryColumnAccess" ("queryId", "columnId")
    VALUES ('1100', '5');
INSERT INTO "QueryTableAccess" ("queryId", "tableId")
    VALUES ('1100', '5');
INSERT INTO "QueryTableAccess" ("queryId", "tableId")
    VALUES ('1100', '4');
SELECT 'Actors.nationality', 'Screenings.screening_id' FROM Actors NATURAL JOIN Screenings ON 'Actors.nationality' = 'Screenings.screening_id';
INSERT INTO "SqlQuery" ("queryId", "userId", "issuedAt", "finishedAt", "hasError", "errorMessage", "statement", "projectId", "queryTypeId")
    VALUES ('1101', '9', '2023-07-09 22:05:55.605320', '2023-07-09 22:05:56.605320', 'False', 'None', 'SELECT Actors.nationality, Screenings.screening_id FROM Actors NATURAL JOIN Screenings ON Actors.nationality = Screenings.screening_id;', '5', '1');
INSERT INTO "QueryColumnAccess" ("queryId", "columnId")
    VALUES ('1101', '6');
INSERT INTO "QueryColumnAccess" ("queryId", "columnId")
    VALUES ('1101', '1');
INSERT INTO "QueryTableAccess" ("queryId", "tableId")
    VALUES ('1101', '2');
INSERT INTO "QueryTableAccess" ("queryId", "tableId")
    VALUES ('1101', '5');
SELECT 'Reviews.comment', 'Actors.last_name' FROM Reviews NATURAL JOIN Actors ON 'Reviews.comment' = 'Actors.last_name';
INSERT INTO "SqlQuery" ("queryId", "userId", "issuedAt", "finishedAt", "hasError", "errorMessage", "statement", "projectId", "queryTypeId")
    VALUES ('1102', '2', '2023-05-22 22:05:55.605329', '2023-05-22 22:05:56.605329', 'False', 'None', 'SELECT Reviews.comment, Actors.last_name FROM Reviews NATURAL JOIN Actors ON Reviews.comment = Actors.last_name;', '5', '1');
INSERT INTO "QueryColumnAccess" ("queryId", "columnId")
    VALUES ('1102', '5');
INSERT INTO "QueryColumnAccess" ("queryId", "columnId")
    VALUES ('1102', '3');
INSERT INTO "QueryTableAccess" ("queryId", "tableId")
    VALUES ('1102', '3');
INSERT INTO "QueryTableAccess" ("queryId", "tableId")
    VALUES ('1102', '2');
SELECT 'Actors.gender', 'Movies.director' FROM Actors NATURAL JOIN Movies ON 'Actors.gender' = 'Movies.director';
INSERT INTO "SqlQuery" ("queryId", "userId", "issuedAt", "finishedAt", "hasError", "errorMessage", "statement", "projectId", "queryTypeId")
    VALUES ('1103', '2', '2023-06-25 22:05:55.605338', '2023-06-25 22:05:56.605338', 'False', 'None', 'SELECT Actors.gender, Movies.director FROM Actors NATURAL JOIN Movies ON Actors.gender = Movies.director;', '5', '1');
INSERT INTO "QueryColumnAccess" ("queryId", "columnId")
    VALUES ('1103', '5');
INSERT INTO "QueryColumnAccess" ("queryId", "columnId")
    VALUES ('1103', '5');
INSERT INTO "QueryTableAccess" ("queryId", "tableId")
    VALUES ('1103', '2');
INSERT INTO "QueryTableAccess" ("queryId", "tableId")
    VALUES ('1103', '1');
SELECT 'Screenings.start_time', 'Movies.release_date' FROM Screenings RIGHT OUTER JOIN Movies ON 'Screenings.start_time' = 'Movies.release_date';
INSERT INTO "SqlQuery" ("queryId", "userId", "issuedAt", "finishedAt", "hasError", "errorMessage", "statement", "projectId", "queryTypeId")
    VALUES ('1104', '9', '2023-04-16 22:05:55.605346', '2023-04-16 22:05:58.605346', 'False', 'None', 'SELECT Screenings.start_time, Movies.release_date FROM Screenings RIGHT OUTER JOIN Movies ON Screenings.start_time = Movies.release_date;', '5', '1');
INSERT INTO "QueryColumnAccess" ("queryId", "columnId")
    VALUES ('1104', '4');
INSERT INTO "QueryColumnAccess" ("queryId", "columnId")
    VALUES ('1104', '3');
INSERT INTO "QueryTableAccess" ("queryId", "tableId")
    VALUES ('1104', '5');
INSERT INTO "QueryTableAccess" ("queryId", "tableId")
    VALUES ('1104', '1');
SELECT 'Reviews.review_id', 'Theaters.location' FROM Reviews LEFT OUTER JOIN Theaters ON 'Reviews.review_id' = 'Theaters.location';
INSERT INTO "SqlQuery" ("queryId", "userId", "issuedAt", "finishedAt", "hasError", "errorMessage", "statement", "projectId", "queryTypeId")
    VALUES ('1105', '13', '2023-07-01 22:05:55.605355', '2023-07-01 22:05:57.605355', 'False', 'None', 'SELECT Reviews.review_id, Theaters.location FROM Reviews LEFT OUTER JOIN Theaters ON Reviews.review_id = Theaters.location;', '5', '1');
INSERT INTO "QueryColumnAccess" ("queryId", "columnId")
    VALUES ('1105', '1');
INSERT INTO "QueryColumnAccess" ("queryId", "columnId")
    VALUES ('1105', '3');
INSERT INTO "QueryTableAccess" ("queryId", "tableId")
    VALUES ('1105', '3');
INSERT INTO "QueryTableAccess" ("queryId", "tableId")
    VALUES ('1105', '4');
SELECT 'Theaters.phone_number', 'Reviews.review_id' FROM Theaters RIGHT OUTER JOIN Reviews ON 'Theaters.phone_number' = 'Reviews.review_id';
INSERT INTO "SqlQuery" ("queryId", "userId", "issuedAt", "finishedAt", "hasError", "errorMessage", "statement", "projectId", "queryTypeId")
    VALUES ('1106', '10', '2023-06-05 22:05:55.605364', '2023-06-05 22:05:58.605364', 'False', 'None', 'SELECT Theaters.phone_number, Reviews.review_id FROM Theaters RIGHT OUTER JOIN Reviews ON Theaters.phone_number = Reviews.review_id;', '5', '1');
INSERT INTO "QueryColumnAccess" ("queryId", "columnId")
    VALUES ('1106', '5');
INSERT INTO "QueryColumnAccess" ("queryId", "columnId")
    VALUES ('1106', '1');
INSERT INTO "QueryTableAccess" ("queryId", "tableId")
    VALUES ('1106', '4');
INSERT INTO "QueryTableAccess" ("queryId", "tableId")
    VALUES ('1106', '3');
SELECT 'Movies.release_date', 'Actors.last_name' FROM Movies LEFT OUTER JOIN Actors ON 'Movies.release_date' = 'Actors.last_name';
INSERT INTO "SqlQuery" ("queryId", "userId", "issuedAt", "finishedAt", "hasError", "errorMessage", "statement", "projectId", "queryTypeId")
    VALUES ('1107', '9', '2023-06-21 22:05:55.605376', '2023-06-21 22:05:56.605376', 'False', 'None', 'SELECT Movies.release_date, Actors.last_name FROM Movies LEFT OUTER JOIN Actors ON Movies.release_date = Actors.last_name;', '5', '1');
INSERT INTO "QueryColumnAccess" ("queryId", "columnId")
    VALUES ('1107', '3');
INSERT INTO "QueryColumnAccess" ("queryId", "columnId")
    VALUES ('1107', '3');
INSERT INTO "QueryTableAccess" ("queryId", "tableId")
    VALUES ('1107', '1');
INSERT INTO "QueryTableAccess" ("queryId", "tableId")
    VALUES ('1107', '2');
SELECT 'Movies.rating', 'Theaters.theater_name' FROM Movies RIGHT OUTER JOIN Theaters ON 'Movies.rating' = 'Theaters.theater_name';
INSERT INTO "SqlQuery" ("queryId", "userId", "issuedAt", "finishedAt", "hasError", "errorMessage", "statement", "projectId", "queryTypeId")
    VALUES ('1108', '6', '2023-04-24 22:05:55.605385', '2023-04-24 22:05:59.605385', 'False', 'None', 'SELECT Movies.rating, Theaters.theater_name FROM Movies RIGHT OUTER JOIN Theaters ON Movies.rating = Theaters.theater_name;', '5', '1');
INSERT INTO "QueryColumnAccess" ("queryId", "columnId")
    VALUES ('1108', '7');
INSERT INTO "QueryColumnAccess" ("queryId", "columnId")
    VALUES ('1108', '2');
INSERT INTO "QueryTableAccess" ("queryId", "tableId")
    VALUES ('1108', '1');
INSERT INTO "QueryTableAccess" ("queryId", "tableId")
    VALUES ('1108', '4');
SELECT 'Screenings.end_time', 'Theaters.theater_id' FROM Screenings LEFT OUTER JOIN Theaters ON 'Screenings.end_time' = 'Theaters.theater_id';
INSERT INTO "SqlQuery" ("queryId", "userId", "issuedAt", "finishedAt", "hasError", "errorMessage", "statement", "projectId", "queryTypeId")
    VALUES ('1109', '14', '2023-07-06 22:05:55.605394', '2023-07-06 22:05:56.605394', 'False', 'None', 'SELECT Screenings.end_time, Theaters.theater_id FROM Screenings LEFT OUTER JOIN Theaters ON Screenings.end_time = Theaters.theater_id;', '5', '1');
INSERT INTO "QueryColumnAccess" ("queryId", "columnId")
    VALUES ('1109', '5');
INSERT INTO "QueryColumnAccess" ("queryId", "columnId")
    VALUES ('1109', '1');
INSERT INTO "QueryTableAccess" ("queryId", "tableId")
    VALUES ('1109', '5');
INSERT INTO "QueryTableAccess" ("queryId", "tableId")
    VALUES ('1109', '4');
SELECT 'Reviews.user_id', 'Theaters.capacity' FROM Reviews LEFT OUTER JOIN Theaters ON 'Reviews.user_id' = 'Theaters.capacity';
INSERT INTO "SqlQuery" ("queryId", "userId", "issuedAt", "finishedAt", "hasError", "errorMessage", "statement", "projectId", "queryTypeId")
    VALUES ('1110', '10', '2023-04-20 22:05:55.605403', '2023-04-20 22:05:59.605403', 'False', 'None', 'SELECT Reviews.user_id, Theaters.capacity FROM Reviews LEFT OUTER JOIN Theaters ON Reviews.user_id = Theaters.capacity;', '5', '1');
INSERT INTO "QueryColumnAccess" ("queryId", "columnId")
    VALUES ('1110', '3');
INSERT INTO "QueryColumnAccess" ("queryId", "columnId")
    VALUES ('1110', '4');
INSERT INTO "QueryTableAccess" ("queryId", "tableId")
    VALUES ('1110', '3');
INSERT INTO "QueryTableAccess" ("queryId", "tableId")
    VALUES ('1110', '4');
SELECT 'Movies.rating', 'Screenings.start_time' FROM Movies LEFT OUTER JOIN Screenings ON 'Movies.rating' = 'Screenings.start_time';
INSERT INTO "SqlQuery" ("queryId", "userId", "issuedAt", "finishedAt", "hasError", "errorMessage", "statement", "projectId", "queryTypeId")
    VALUES ('1111', '10', '2023-04-29 22:05:55.605412', '2023-04-29 22:05:58.605412', 'False', 'None', 'SELECT Movies.rating, Screenings.start_time FROM Movies LEFT OUTER JOIN Screenings ON Movies.rating = Screenings.start_time;', '5', '1');
INSERT INTO "QueryColumnAccess" ("queryId", "columnId")
    VALUES ('1111', '7');
INSERT INTO "QueryColumnAccess" ("queryId", "columnId")
    VALUES ('1111', '4');
INSERT INTO "QueryTableAccess" ("queryId", "tableId")
    VALUES ('1111', '1');
INSERT INTO "QueryTableAccess" ("queryId", "tableId")
    VALUES ('1111', '5');
SELECT 'Reviews.user_id', 'Movies.movie_id' FROM Reviews LEFT OUTER JOIN Movies ON 'Reviews.user_id' = 'Movies.movie_id';
INSERT INTO "SqlQuery" ("queryId", "userId", "issuedAt", "finishedAt", "hasError", "errorMessage", "statement", "projectId", "queryTypeId")
    VALUES ('1112', '5', '2023-06-27 22:05:55.605420', '2023-06-27 22:05:59.605420', 'False', 'None', 'SELECT Reviews.user_id, Movies.movie_id FROM Reviews LEFT OUTER JOIN Movies ON Reviews.user_id = Movies.movie_id;', '5', '1');
INSERT INTO "QueryColumnAccess" ("queryId", "columnId")
    VALUES ('1112', '3');
INSERT INTO "QueryColumnAccess" ("queryId", "columnId")
    VALUES ('1112', '1');
INSERT INTO "QueryTableAccess" ("queryId", "tableId")
    VALUES ('1112', '3');
INSERT INTO "QueryTableAccess" ("queryId", "tableId")
    VALUES ('1112', '1');
SELECT 'Screenings.start_time', 'Theaters.theater_id' FROM Screenings RIGHT OUTER JOIN Theaters ON 'Screenings.start_time' = 'Theaters.theater_id';
INSERT INTO "SqlQuery" ("queryId", "userId", "issuedAt", "finishedAt", "hasError", "errorMessage", "statement", "projectId", "queryTypeId")
    VALUES ('1113', '2', '2023-06-04 22:05:55.605429', '2023-06-04 22:05:59.605429', 'False', 'None', 'SELECT Screenings.start_time, Theaters.theater_id FROM Screenings RIGHT OUTER JOIN Theaters ON Screenings.start_time = Theaters.theater_id;', '5', '1');
INSERT INTO "QueryColumnAccess" ("queryId", "columnId")
    VALUES ('1113', '4');
INSERT INTO "QueryColumnAccess" ("queryId", "columnId")
    VALUES ('1113', '1');
INSERT INTO "QueryTableAccess" ("queryId", "tableId")
    VALUES ('1113', '5');
INSERT INTO "QueryTableAccess" ("queryId", "tableId")
    VALUES ('1113', '4');
SELECT 'Actors.first_name', 'Reviews.rating' FROM Actors RIGHT OUTER JOIN Reviews ON 'Actors.first_name' = 'Reviews.rating';
INSERT INTO "SqlQuery" ("queryId", "userId", "issuedAt", "finishedAt", "hasError", "errorMessage", "statement", "projectId", "queryTypeId")
    VALUES ('1114', '11', '2023-04-29 22:05:55.605437', '2023-04-29 22:05:56.605437', 'False', 'None', 'SELECT Actors.first_name, Reviews.rating FROM Actors RIGHT OUTER JOIN Reviews ON Actors.first_name = Reviews.rating;', '5', '1');
INSERT INTO "QueryColumnAccess" ("queryId", "columnId")
    VALUES ('1114', '2');
INSERT INTO "QueryColumnAccess" ("queryId", "columnId")
    VALUES ('1114', '4');
INSERT INTO "QueryTableAccess" ("queryId", "tableId")
    VALUES ('1114', '2');
INSERT INTO "QueryTableAccess" ("queryId", "tableId")
    VALUES ('1114', '3');
SELECT 'Screenings.movie_id', 'Movies.genre' FROM Screenings LEFT OUTER JOIN Movies ON 'Screenings.movie_id' = 'Movies.genre';
INSERT INTO "SqlQuery" ("queryId", "userId", "issuedAt", "finishedAt", "hasError", "errorMessage", "statement", "projectId", "queryTypeId")
    VALUES ('1115', '2', '2023-05-04 22:05:55.605446', '2023-05-04 22:05:56.605446', 'False', 'None', 'SELECT Screenings.movie_id, Movies.genre FROM Screenings LEFT OUTER JOIN Movies ON Screenings.movie_id = Movies.genre;', '5', '1');
INSERT INTO "QueryColumnAccess" ("queryId", "columnId")
    VALUES ('1115', '2');
INSERT INTO "QueryColumnAccess" ("queryId", "columnId")
    VALUES ('1115', '4');
INSERT INTO "QueryTableAccess" ("queryId", "tableId")
    VALUES ('1115', '5');
INSERT INTO "QueryTableAccess" ("queryId", "tableId")
    VALUES ('1115', '1');
SELECT 'Reviews.rating', 'Actors.actor_id' FROM Reviews RIGHT OUTER JOIN Actors ON 'Reviews.rating' = 'Actors.actor_id';
INSERT INTO "SqlQuery" ("queryId", "userId", "issuedAt", "finishedAt", "hasError", "errorMessage", "statement", "projectId", "queryTypeId")
    VALUES ('1116', '9', '2023-05-02 22:05:55.605461', '2023-05-02 22:05:58.605461', 'False', 'None', 'SELECT Reviews.rating, Actors.actor_id FROM Reviews RIGHT OUTER JOIN Actors ON Reviews.rating = Actors.actor_id;', '5', '1');
INSERT INTO "QueryColumnAccess" ("queryId", "columnId")
    VALUES ('1116', '4');
INSERT INTO "QueryColumnAccess" ("queryId", "columnId")
    VALUES ('1116', '1');
INSERT INTO "QueryTableAccess" ("queryId", "tableId")
    VALUES ('1116', '3');
INSERT INTO "QueryTableAccess" ("queryId", "tableId")
    VALUES ('1116', '2');
SELECT 'Movies.rating', 'Reviews.comment' FROM Movies LEFT OUTER JOIN Reviews ON 'Movies.rating' = 'Reviews.comment';
INSERT INTO "SqlQuery" ("queryId", "userId", "issuedAt", "finishedAt", "hasError", "errorMessage", "statement", "projectId", "queryTypeId")
    VALUES ('1117', '12', '2023-06-05 22:05:55.605470', '2023-06-05 22:05:56.605470', 'False', 'None', 'SELECT Movies.rating, Reviews.comment FROM Movies LEFT OUTER JOIN Reviews ON Movies.rating = Reviews.comment;', '5', '1');
INSERT INTO "QueryColumnAccess" ("queryId", "columnId")
    VALUES ('1117', '7');
INSERT INTO "QueryColumnAccess" ("queryId", "columnId")
    VALUES ('1117', '5');
INSERT INTO "QueryTableAccess" ("queryId", "tableId")
    VALUES ('1117', '1');
INSERT INTO "QueryTableAccess" ("queryId", "tableId")
    VALUES ('1117', '3');
SELECT 'Actors.first_name', 'Screenings.screening_id' FROM Actors NATURAL JOIN Screenings ON 'Actors.first_name' = 'Screenings.screening_id';
INSERT INTO "SqlQuery" ("queryId", "userId", "issuedAt", "finishedAt", "hasError", "errorMessage", "statement", "projectId", "queryTypeId")
    VALUES ('1118', '3', '2023-04-12 22:05:55.605479', '2023-04-12 22:05:56.605479', 'False', 'None', 'SELECT Actors.first_name, Screenings.screening_id FROM Actors NATURAL JOIN Screenings ON Actors.first_name = Screenings.screening_id;', '5', '1');
INSERT INTO "QueryColumnAccess" ("queryId", "columnId")
    VALUES ('1118', '2');
INSERT INTO "QueryColumnAccess" ("queryId", "columnId")
    VALUES ('1118', '1');
INSERT INTO "QueryTableAccess" ("queryId", "tableId")
    VALUES ('1118', '2');
INSERT INTO "QueryTableAccess" ("queryId", "tableId")
    VALUES ('1118', '5');
SELECT 'Actors.first_name', 'Movies.duration' FROM Actors RIGHT OUTER JOIN Movies ON 'Actors.first_name' = 'Movies.duration';
INSERT INTO "SqlQuery" ("queryId", "userId", "issuedAt", "finishedAt", "hasError", "errorMessage", "statement", "projectId", "queryTypeId")
    VALUES ('1119', '11', '2023-04-16 22:05:55.605487', '2023-04-16 22:05:57.605487', 'False', 'None', 'SELECT Actors.first_name, Movies.duration FROM Actors RIGHT OUTER JOIN Movies ON Actors.first_name = Movies.duration;', '5', '1');
INSERT INTO "QueryColumnAccess" ("queryId", "columnId")
    VALUES ('1119', '2');
INSERT INTO "QueryColumnAccess" ("queryId", "columnId")
    VALUES ('1119', '6');
INSERT INTO "QueryTableAccess" ("queryId", "tableId")
    VALUES ('1119', '2');
INSERT INTO "QueryTableAccess" ("queryId", "tableId")
    VALUES ('1119', '1');
SELECT 'Reviews.review_date', 'Movies.release_date' FROM Reviews LEFT OUTER JOIN Movies ON 'Reviews.review_date' = 'Movies.release_date';
INSERT INTO "SqlQuery" ("queryId", "userId", "issuedAt", "finishedAt", "hasError", "errorMessage", "statement", "projectId", "queryTypeId")
    VALUES ('1120', '6', '2023-05-17 22:05:55.605496', '2023-05-17 22:05:59.605496', 'False', 'None', 'SELECT Reviews.review_date, Movies.release_date FROM Reviews LEFT OUTER JOIN Movies ON Reviews.review_date = Movies.release_date;', '5', '1');
INSERT INTO "QueryColumnAccess" ("queryId", "columnId")
    VALUES ('1120', '6');
INSERT INTO "QueryColumnAccess" ("queryId", "columnId")
    VALUES ('1120', '3');
INSERT INTO "QueryTableAccess" ("queryId", "tableId")
    VALUES ('1120', '3');
INSERT INTO "QueryTableAccess" ("queryId", "tableId")
    VALUES ('1120', '1');
SELECT 'Theaters.capacity', 'Actors.first_name' FROM Theaters RIGHT OUTER JOIN Actors ON 'Theaters.capacity' = 'Actors.first_name';
INSERT INTO "SqlQuery" ("queryId", "userId", "issuedAt", "finishedAt", "hasError", "errorMessage", "statement", "projectId", "queryTypeId")
    VALUES ('1121', '8', '2023-05-11 22:05:55.605505', '2023-05-11 22:05:58.605505', 'False', 'None', 'SELECT Theaters.capacity, Actors.first_name FROM Theaters RIGHT OUTER JOIN Actors ON Theaters.capacity = Actors.first_name;', '5', '1');
INSERT INTO "QueryColumnAccess" ("queryId", "columnId")
    VALUES ('1121', '4');
INSERT INTO "QueryColumnAccess" ("queryId", "columnId")
    VALUES ('1121', '2');
INSERT INTO "QueryTableAccess" ("queryId", "tableId")
    VALUES ('1121', '4');
INSERT INTO "QueryTableAccess" ("queryId", "tableId")
    VALUES ('1121', '2');
SELECT 'Actors.last_name', 'Movies.movie_id' FROM Actors LEFT OUTER JOIN Movies ON 'Actors.last_name' = 'Movies.movie_id';
INSERT INTO "SqlQuery" ("queryId", "userId", "issuedAt", "finishedAt", "hasError", "errorMessage", "statement", "projectId", "queryTypeId")
    VALUES ('1122', '13', '2023-06-10 22:05:55.605513', '2023-06-10 22:05:57.605513', 'False', 'None', 'SELECT Actors.last_name, Movies.movie_id FROM Actors LEFT OUTER JOIN Movies ON Actors.last_name = Movies.movie_id;', '5', '1');
INSERT INTO "QueryColumnAccess" ("queryId", "columnId")
    VALUES ('1122', '3');
INSERT INTO "QueryColumnAccess" ("queryId", "columnId")
    VALUES ('1122', '1');
INSERT INTO "QueryTableAccess" ("queryId", "tableId")
    VALUES ('1122', '2');
INSERT INTO "QueryTableAccess" ("queryId", "tableId")
    VALUES ('1122', '1');
SELECT 'Screenings.theater_id', 'Reviews.user_id' FROM Screenings RIGHT OUTER JOIN Reviews ON 'Screenings.theater_id' = 'Reviews.user_id';
INSERT INTO "SqlQuery" ("queryId", "userId", "issuedAt", "finishedAt", "hasError", "errorMessage", "statement", "projectId", "queryTypeId")
    VALUES ('1123', '3', '2023-06-23 22:05:55.605522', '2023-06-23 22:05:59.605522', 'False', 'None', 'SELECT Screenings.theater_id, Reviews.user_id FROM Screenings RIGHT OUTER JOIN Reviews ON Screenings.theater_id = Reviews.user_id;', '5', '1');
INSERT INTO "QueryColumnAccess" ("queryId", "columnId")
    VALUES ('1123', '3');
INSERT INTO "QueryColumnAccess" ("queryId", "columnId")
    VALUES ('1123', '3');
INSERT INTO "QueryTableAccess" ("queryId", "tableId")
    VALUES ('1123', '5');
INSERT INTO "QueryTableAccess" ("queryId", "tableId")
    VALUES ('1123', '3');
SELECT 'Reviews.review_id', 'Theaters.theater_name' FROM Reviews LEFT OUTER JOIN Theaters ON 'Reviews.review_id' = 'Theaters.theater_name';
INSERT INTO "SqlQuery" ("queryId", "userId", "issuedAt", "finishedAt", "hasError", "errorMessage", "statement", "projectId", "queryTypeId")
    VALUES ('1124', '12', '2023-05-02 22:05:55.605531', '2023-05-02 22:05:58.605531', 'False', 'None', 'SELECT Reviews.review_id, Theaters.theater_name FROM Reviews LEFT OUTER JOIN Theaters ON Reviews.review_id = Theaters.theater_name;', '5', '1');
INSERT INTO "QueryColumnAccess" ("queryId", "columnId")
    VALUES ('1124', '1');
INSERT INTO "QueryColumnAccess" ("queryId", "columnId")
    VALUES ('1124', '2');
INSERT INTO "QueryTableAccess" ("queryId", "tableId")
    VALUES ('1124', '3');
INSERT INTO "QueryTableAccess" ("queryId", "tableId")
    VALUES ('1124', '4');
SELECT 'Screenings.theater_id', 'Theaters.theater_id' FROM Screenings NATURAL JOIN Theaters ON 'Screenings.theater_id' = 'Theaters.theater_id';
INSERT INTO "SqlQuery" ("queryId", "userId", "issuedAt", "finishedAt", "hasError", "errorMessage", "statement", "projectId", "queryTypeId")
    VALUES ('1125', '8', '2023-05-22 22:05:55.605540', '2023-05-22 22:05:59.605540', 'False', 'None', 'SELECT Screenings.theater_id, Theaters.theater_id FROM Screenings NATURAL JOIN Theaters ON Screenings.theater_id = Theaters.theater_id;', '5', '1');
INSERT INTO "QueryColumnAccess" ("queryId", "columnId")
    VALUES ('1125', '3');
INSERT INTO "QueryColumnAccess" ("queryId", "columnId")
    VALUES ('1125', '1');
INSERT INTO "QueryTableAccess" ("queryId", "tableId")
    VALUES ('1125', '5');
INSERT INTO "QueryTableAccess" ("queryId", "tableId")
    VALUES ('1125', '4');
SELECT 'Movies.release_date', 'Actors.actor_id' FROM Movies RIGHT OUTER JOIN Actors ON 'Movies.release_date' = 'Actors.actor_id';
INSERT INTO "SqlQuery" ("queryId", "userId", "issuedAt", "finishedAt", "hasError", "errorMessage", "statement", "projectId", "queryTypeId")
    VALUES ('1126', '13', '2023-04-21 22:05:55.605555', '2023-04-21 22:05:58.605555', 'False', 'None', 'SELECT Movies.release_date, Actors.actor_id FROM Movies RIGHT OUTER JOIN Actors ON Movies.release_date = Actors.actor_id;', '5', '1');
INSERT INTO "QueryColumnAccess" ("queryId", "columnId")
    VALUES ('1126', '3');
INSERT INTO "QueryColumnAccess" ("queryId", "columnId")
    VALUES ('1126', '1');
INSERT INTO "QueryTableAccess" ("queryId", "tableId")
    VALUES ('1126', '1');
INSERT INTO "QueryTableAccess" ("queryId", "tableId")
    VALUES ('1126', '2');
SELECT 'Screenings.end_time', 'Movies.release_date' FROM Screenings LEFT OUTER JOIN Movies ON 'Screenings.end_time' = 'Movies.release_date';
INSERT INTO "SqlQuery" ("queryId", "userId", "issuedAt", "finishedAt", "hasError", "errorMessage", "statement", "projectId", "queryTypeId")
    VALUES ('1127', '2', '2023-04-30 22:05:55.605565', '2023-04-30 22:05:56.605565', 'False', 'None', 'SELECT Screenings.end_time, Movies.release_date FROM Screenings LEFT OUTER JOIN Movies ON Screenings.end_time = Movies.release_date;', '5', '1');
INSERT INTO "QueryColumnAccess" ("queryId", "columnId")
    VALUES ('1127', '5');
INSERT INTO "QueryColumnAccess" ("queryId", "columnId")
    VALUES ('1127', '3');
INSERT INTO "QueryTableAccess" ("queryId", "tableId")
    VALUES ('1127', '5');
INSERT INTO "QueryTableAccess" ("queryId", "tableId")
    VALUES ('1127', '1');
SELECT 'Screenings.start_time', 'Theaters.location' FROM Screenings RIGHT OUTER JOIN Theaters ON 'Screenings.start_time' = 'Theaters.location';
INSERT INTO "SqlQuery" ("queryId", "userId", "issuedAt", "finishedAt", "hasError", "errorMessage", "statement", "projectId", "queryTypeId")
    VALUES ('1128', '8', '2023-05-03 22:05:55.605573', '2023-05-03 22:05:58.605573', 'False', 'None', 'SELECT Screenings.start_time, Theaters.location FROM Screenings RIGHT OUTER JOIN Theaters ON Screenings.start_time = Theaters.location;', '5', '1');
INSERT INTO "QueryColumnAccess" ("queryId", "columnId")
    VALUES ('1128', '4');
INSERT INTO "QueryColumnAccess" ("queryId", "columnId")
    VALUES ('1128', '3');
INSERT INTO "QueryTableAccess" ("queryId", "tableId")
    VALUES ('1128', '5');
INSERT INTO "QueryTableAccess" ("queryId", "tableId")
    VALUES ('1128', '4');
SELECT 'Reviews.rating', 'Actors.date_of_birth' FROM Reviews NATURAL JOIN Actors ON 'Reviews.rating' = 'Actors.date_of_birth';
INSERT INTO "SqlQuery" ("queryId", "userId", "issuedAt", "finishedAt", "hasError", "errorMessage", "statement", "projectId", "queryTypeId")
    VALUES ('1129', '6', '2023-06-24 22:05:55.605582', '2023-06-24 22:05:59.605582', 'False', 'None', 'SELECT Reviews.rating, Actors.date_of_birth FROM Reviews NATURAL JOIN Actors ON Reviews.rating = Actors.date_of_birth;', '5', '1');
INSERT INTO "QueryColumnAccess" ("queryId", "columnId")
    VALUES ('1129', '4');
INSERT INTO "QueryColumnAccess" ("queryId", "columnId")
    VALUES ('1129', '4');
INSERT INTO "QueryTableAccess" ("queryId", "tableId")
    VALUES ('1129', '3');
INSERT INTO "QueryTableAccess" ("queryId", "tableId")
    VALUES ('1129', '2');
SELECT 'Theaters.theater_id', 'Movies.duration' FROM Theaters LEFT OUTER JOIN Movies ON 'Theaters.theater_id' = 'Movies.duration';
INSERT INTO "SqlQuery" ("queryId", "userId", "issuedAt", "finishedAt", "hasError", "errorMessage", "statement", "projectId", "queryTypeId")
    VALUES ('1130', '14', '2023-06-26 22:05:55.605591', '2023-06-26 22:05:58.605591', 'False', 'None', 'SELECT Theaters.theater_id, Movies.duration FROM Theaters LEFT OUTER JOIN Movies ON Theaters.theater_id = Movies.duration;', '5', '1');
INSERT INTO "QueryColumnAccess" ("queryId", "columnId")
    VALUES ('1130', '1');
INSERT INTO "QueryColumnAccess" ("queryId", "columnId")
    VALUES ('1130', '6');
INSERT INTO "QueryTableAccess" ("queryId", "tableId")
    VALUES ('1130', '4');
INSERT INTO "QueryTableAccess" ("queryId", "tableId")
    VALUES ('1130', '1');
SELECT 'Screenings.screening_id', 'Theaters.location' FROM Screenings LEFT OUTER JOIN Theaters ON 'Screenings.screening_id' = 'Theaters.location';
INSERT INTO "SqlQuery" ("queryId", "userId", "issuedAt", "finishedAt", "hasError", "errorMessage", "statement", "projectId", "queryTypeId")
    VALUES ('1131', '9', '2023-04-15 22:05:55.605600', '2023-04-15 22:05:59.605600', 'False', 'None', 'SELECT Screenings.screening_id, Theaters.location FROM Screenings LEFT OUTER JOIN Theaters ON Screenings.screening_id = Theaters.location;', '5', '1');
INSERT INTO "QueryColumnAccess" ("queryId", "columnId")
    VALUES ('1131', '1');
INSERT INTO "QueryColumnAccess" ("queryId", "columnId")
    VALUES ('1131', '3');
INSERT INTO "QueryTableAccess" ("queryId", "tableId")
    VALUES ('1131', '5');
INSERT INTO "QueryTableAccess" ("queryId", "tableId")
    VALUES ('1131', '4');
SELECT 'Screenings.start_time', 'Actors.first_name' FROM Screenings NATURAL JOIN Actors ON 'Screenings.start_time' = 'Actors.first_name';
INSERT INTO "SqlQuery" ("queryId", "userId", "issuedAt", "finishedAt", "hasError", "errorMessage", "statement", "projectId", "queryTypeId")
    VALUES ('1132', '4', '2023-04-16 22:05:55.605608', '2023-04-16 22:05:58.605608', 'False', 'None', 'SELECT Screenings.start_time, Actors.first_name FROM Screenings NATURAL JOIN Actors ON Screenings.start_time = Actors.first_name;', '5', '1');
INSERT INTO "QueryColumnAccess" ("queryId", "columnId")
    VALUES ('1132', '4');
INSERT INTO "QueryColumnAccess" ("queryId", "columnId")
    VALUES ('1132', '2');
INSERT INTO "QueryTableAccess" ("queryId", "tableId")
    VALUES ('1132', '5');
INSERT INTO "QueryTableAccess" ("queryId", "tableId")
    VALUES ('1132', '2');
SELECT 'Movies.genre', 'Actors.actor_id' FROM Movies NATURAL JOIN Actors ON 'Movies.genre' = 'Actors.actor_id';
INSERT INTO "SqlQuery" ("queryId", "userId", "issuedAt", "finishedAt", "hasError", "errorMessage", "statement", "projectId", "queryTypeId")
    VALUES ('1133', '8', '2023-05-09 22:05:55.605617', '2023-05-09 22:05:59.605617', 'False', 'None', 'SELECT Movies.genre, Actors.actor_id FROM Movies NATURAL JOIN Actors ON Movies.genre = Actors.actor_id;', '5', '1');
INSERT INTO "QueryColumnAccess" ("queryId", "columnId")
    VALUES ('1133', '4');
INSERT INTO "QueryColumnAccess" ("queryId", "columnId")
    VALUES ('1133', '1');
INSERT INTO "QueryTableAccess" ("queryId", "tableId")
    VALUES ('1133', '1');
INSERT INTO "QueryTableAccess" ("queryId", "tableId")
    VALUES ('1133', '2');
SELECT 'Theaters.location', 'Screenings.theater_id' FROM Theaters LEFT OUTER JOIN Screenings ON 'Theaters.location' = 'Screenings.theater_id';
INSERT INTO "SqlQuery" ("queryId", "userId", "issuedAt", "finishedAt", "hasError", "errorMessage", "statement", "projectId", "queryTypeId")
    VALUES ('1134', '2', '2023-05-29 22:05:55.605626', '2023-05-29 22:05:59.605626', 'False', 'None', 'SELECT Theaters.location, Screenings.theater_id FROM Theaters LEFT OUTER JOIN Screenings ON Theaters.location = Screenings.theater_id;', '5', '1');
INSERT INTO "QueryColumnAccess" ("queryId", "columnId")
    VALUES ('1134', '3');
INSERT INTO "QueryColumnAccess" ("queryId", "columnId")
    VALUES ('1134', '3');
INSERT INTO "QueryTableAccess" ("queryId", "tableId")
    VALUES ('1134', '4');
INSERT INTO "QueryTableAccess" ("queryId", "tableId")
    VALUES ('1134', '5');
SELECT 'Actors.nationality', 'Theaters.theater_id' FROM Actors RIGHT OUTER JOIN Theaters ON 'Actors.nationality' = 'Theaters.theater_id';
INSERT INTO "SqlQuery" ("queryId", "userId", "issuedAt", "finishedAt", "hasError", "errorMessage", "statement", "projectId", "queryTypeId")
    VALUES ('1135', '4', '2023-05-18 22:05:55.605635', '2023-05-18 22:05:58.605635', 'False', 'None', 'SELECT Actors.nationality, Theaters.theater_id FROM Actors RIGHT OUTER JOIN Theaters ON Actors.nationality = Theaters.theater_id;', '5', '1');
INSERT INTO "QueryColumnAccess" ("queryId", "columnId")
    VALUES ('1135', '6');
INSERT INTO "QueryColumnAccess" ("queryId", "columnId")
    VALUES ('1135', '1');
INSERT INTO "QueryTableAccess" ("queryId", "tableId")
    VALUES ('1135', '2');
INSERT INTO "QueryTableAccess" ("queryId", "tableId")
    VALUES ('1135', '4');
SELECT 'Actors.last_name', 'Theaters.capacity' FROM Actors RIGHT OUTER JOIN Theaters ON 'Actors.last_name' = 'Theaters.capacity';
INSERT INTO "SqlQuery" ("queryId", "userId", "issuedAt", "finishedAt", "hasError", "errorMessage", "statement", "projectId", "queryTypeId")
    VALUES ('1136', '9', '2023-05-19 22:05:55.605652', '2023-05-19 22:05:56.605652', 'False', 'None', 'SELECT Actors.last_name, Theaters.capacity FROM Actors RIGHT OUTER JOIN Theaters ON Actors.last_name = Theaters.capacity;', '5', '1');
INSERT INTO "QueryColumnAccess" ("queryId", "columnId")
    VALUES ('1136', '3');
INSERT INTO "QueryColumnAccess" ("queryId", "columnId")
    VALUES ('1136', '4');
INSERT INTO "QueryTableAccess" ("queryId", "tableId")
    VALUES ('1136', '2');
INSERT INTO "QueryTableAccess" ("queryId", "tableId")
    VALUES ('1136', '4');
SELECT 'Screenings.movie_id', 'Movies.title' FROM Screenings RIGHT OUTER JOIN Movies ON 'Screenings.movie_id' = 'Movies.title';
INSERT INTO "SqlQuery" ("queryId", "userId", "issuedAt", "finishedAt", "hasError", "errorMessage", "statement", "projectId", "queryTypeId")
    VALUES ('1137', '4', '2023-04-26 22:05:55.605661', '2023-04-26 22:05:58.605661', 'False', 'None', 'SELECT Screenings.movie_id, Movies.title FROM Screenings RIGHT OUTER JOIN Movies ON Screenings.movie_id = Movies.title;', '5', '1');
INSERT INTO "QueryColumnAccess" ("queryId", "columnId")
    VALUES ('1137', '2');
INSERT INTO "QueryColumnAccess" ("queryId", "columnId")
    VALUES ('1137', '2');
INSERT INTO "QueryTableAccess" ("queryId", "tableId")
    VALUES ('1137', '5');
INSERT INTO "QueryTableAccess" ("queryId", "tableId")
    VALUES ('1137', '1');
SELECT 'Actors.date_of_birth', 'Movies.release_date' FROM Actors NATURAL JOIN Movies ON 'Actors.date_of_birth' = 'Movies.release_date';
INSERT INTO "SqlQuery" ("queryId", "userId", "issuedAt", "finishedAt", "hasError", "errorMessage", "statement", "projectId", "queryTypeId")
    VALUES ('1138', '8', '2023-05-18 22:05:55.605671', '2023-05-18 22:05:56.605671', 'False', 'None', 'SELECT Actors.date_of_birth, Movies.release_date FROM Actors NATURAL JOIN Movies ON Actors.date_of_birth = Movies.release_date;', '5', '1');
INSERT INTO "QueryColumnAccess" ("queryId", "columnId")
    VALUES ('1138', '4');
INSERT INTO "QueryColumnAccess" ("queryId", "columnId")
    VALUES ('1138', '3');
INSERT INTO "QueryTableAccess" ("queryId", "tableId")
    VALUES ('1138', '2');
INSERT INTO "QueryTableAccess" ("queryId", "tableId")
    VALUES ('1138', '1');
SELECT 'Reviews.user_id', 'Actors.nationality' FROM Reviews NATURAL JOIN Actors ON 'Reviews.user_id' = 'Actors.nationality';
INSERT INTO "SqlQuery" ("queryId", "userId", "issuedAt", "finishedAt", "hasError", "errorMessage", "statement", "projectId", "queryTypeId")
    VALUES ('1139', '9', '2023-05-01 22:05:55.605680', '2023-05-01 22:05:56.605680', 'False', 'None', 'SELECT Reviews.user_id, Actors.nationality FROM Reviews NATURAL JOIN Actors ON Reviews.user_id = Actors.nationality;', '5', '1');
INSERT INTO "QueryColumnAccess" ("queryId", "columnId")
    VALUES ('1139', '3');
INSERT INTO "QueryColumnAccess" ("queryId", "columnId")
    VALUES ('1139', '6');
INSERT INTO "QueryTableAccess" ("queryId", "tableId")
    VALUES ('1139', '3');
INSERT INTO "QueryTableAccess" ("queryId", "tableId")
    VALUES ('1139', '2');
SELECT 'Theaters.capacity', 'Screenings.theater_id' FROM Theaters RIGHT OUTER JOIN Screenings ON 'Theaters.capacity' = 'Screenings.theater_id';
INSERT INTO "SqlQuery" ("queryId", "userId", "issuedAt", "finishedAt", "hasError", "errorMessage", "statement", "projectId", "queryTypeId")
    VALUES ('1140', '4', '2023-05-11 22:05:55.605689', '2023-05-11 22:05:58.605689', 'False', 'None', 'SELECT Theaters.capacity, Screenings.theater_id FROM Theaters RIGHT OUTER JOIN Screenings ON Theaters.capacity = Screenings.theater_id;', '5', '1');
INSERT INTO "QueryColumnAccess" ("queryId", "columnId")
    VALUES ('1140', '4');
INSERT INTO "QueryColumnAccess" ("queryId", "columnId")
    VALUES ('1140', '3');
INSERT INTO "QueryTableAccess" ("queryId", "tableId")
    VALUES ('1140', '4');
INSERT INTO "QueryTableAccess" ("queryId", "tableId")
    VALUES ('1140', '5');
SELECT 'Screenings.screening_id', 'Theaters.location' FROM Screenings NATURAL JOIN Theaters ON 'Screenings.screening_id' = 'Theaters.location';
INSERT INTO "SqlQuery" ("queryId", "userId", "issuedAt", "finishedAt", "hasError", "errorMessage", "statement", "projectId", "queryTypeId")
    VALUES ('1141', '4', '2023-07-03 22:05:55.605697', '2023-07-03 22:05:56.605697', 'False', 'None', 'SELECT Screenings.screening_id, Theaters.location FROM Screenings NATURAL JOIN Theaters ON Screenings.screening_id = Theaters.location;', '5', '1');
INSERT INTO "QueryColumnAccess" ("queryId", "columnId")
    VALUES ('1141', '1');
INSERT INTO "QueryColumnAccess" ("queryId", "columnId")
    VALUES ('1141', '3');
INSERT INTO "QueryTableAccess" ("queryId", "tableId")
    VALUES ('1141', '5');
INSERT INTO "QueryTableAccess" ("queryId", "tableId")
    VALUES ('1141', '4');
SELECT 'Reviews.comment', 'Screenings.start_time' FROM Reviews RIGHT OUTER JOIN Screenings ON 'Reviews.comment' = 'Screenings.start_time';
INSERT INTO "SqlQuery" ("queryId", "userId", "issuedAt", "finishedAt", "hasError", "errorMessage", "statement", "projectId", "queryTypeId")
    VALUES ('1142', '14', '2023-05-03 22:05:55.605706', '2023-05-03 22:05:57.605706', 'False', 'None', 'SELECT Reviews.comment, Screenings.start_time FROM Reviews RIGHT OUTER JOIN Screenings ON Reviews.comment = Screenings.start_time;', '5', '1');
INSERT INTO "QueryColumnAccess" ("queryId", "columnId")
    VALUES ('1142', '5');
INSERT INTO "QueryColumnAccess" ("queryId", "columnId")
    VALUES ('1142', '4');
INSERT INTO "QueryTableAccess" ("queryId", "tableId")
    VALUES ('1142', '3');
INSERT INTO "QueryTableAccess" ("queryId", "tableId")
    VALUES ('1142', '5');
SELECT 'Screenings.ticket_price', 'Theaters.location' FROM Screenings RIGHT OUTER JOIN Theaters ON 'Screenings.ticket_price' = 'Theaters.location';
INSERT INTO "SqlQuery" ("queryId", "userId", "issuedAt", "finishedAt", "hasError", "errorMessage", "statement", "projectId", "queryTypeId")
    VALUES ('1143', '9', '2023-07-02 22:05:55.605715', '2023-07-02 22:05:59.605715', 'False', 'None', 'SELECT Screenings.ticket_price, Theaters.location FROM Screenings RIGHT OUTER JOIN Theaters ON Screenings.ticket_price = Theaters.location;', '5', '1');
INSERT INTO "QueryColumnAccess" ("queryId", "columnId")
    VALUES ('1143', '6');
INSERT INTO "QueryColumnAccess" ("queryId", "columnId")
    VALUES ('1143', '3');
INSERT INTO "QueryTableAccess" ("queryId", "tableId")
    VALUES ('1143', '5');
INSERT INTO "QueryTableAccess" ("queryId", "tableId")
    VALUES ('1143', '4');
SELECT 'Actors.gender', 'Reviews.review_date' FROM Actors LEFT OUTER JOIN Reviews ON 'Actors.gender' = 'Reviews.review_date';
INSERT INTO "SqlQuery" ("queryId", "userId", "issuedAt", "finishedAt", "hasError", "errorMessage", "statement", "projectId", "queryTypeId")
    VALUES ('1144', '9', '2023-04-20 22:05:55.605724', '2023-04-20 22:05:58.605724', 'False', 'None', 'SELECT Actors.gender, Reviews.review_date FROM Actors LEFT OUTER JOIN Reviews ON Actors.gender = Reviews.review_date;', '5', '1');
INSERT INTO "QueryColumnAccess" ("queryId", "columnId")
    VALUES ('1144', '5');
INSERT INTO "QueryColumnAccess" ("queryId", "columnId")
    VALUES ('1144', '6');
INSERT INTO "QueryTableAccess" ("queryId", "tableId")
    VALUES ('1144', '2');
INSERT INTO "QueryTableAccess" ("queryId", "tableId")
    VALUES ('1144', '3');
SELECT 'Screenings.screening_id', 'Movies.rating' FROM Screenings NATURAL JOIN Movies ON 'Screenings.screening_id' = 'Movies.rating';
INSERT INTO "SqlQuery" ("queryId", "userId", "issuedAt", "finishedAt", "hasError", "errorMessage", "statement", "projectId", "queryTypeId")
    VALUES ('1145', '6', '2023-04-12 22:05:55.605736', '2023-04-12 22:05:58.605736', 'False', 'None', 'SELECT Screenings.screening_id, Movies.rating FROM Screenings NATURAL JOIN Movies ON Screenings.screening_id = Movies.rating;', '5', '1');
INSERT INTO "QueryColumnAccess" ("queryId", "columnId")
    VALUES ('1145', '1');
INSERT INTO "QueryColumnAccess" ("queryId", "columnId")
    VALUES ('1145', '7');
INSERT INTO "QueryTableAccess" ("queryId", "tableId")
    VALUES ('1145', '5');
INSERT INTO "QueryTableAccess" ("queryId", "tableId")
    VALUES ('1145', '1');
SELECT 'Reviews.user_id', 'Actors.gender' FROM Reviews RIGHT OUTER JOIN Actors ON 'Reviews.user_id' = 'Actors.gender';
INSERT INTO "SqlQuery" ("queryId", "userId", "issuedAt", "finishedAt", "hasError", "errorMessage", "statement", "projectId", "queryTypeId")
    VALUES ('1146', '14', '2023-04-16 22:05:55.605745', '2023-04-16 22:05:56.605745', 'False', 'None', 'SELECT Reviews.user_id, Actors.gender FROM Reviews RIGHT OUTER JOIN Actors ON Reviews.user_id = Actors.gender;', '5', '1');
INSERT INTO "QueryColumnAccess" ("queryId", "columnId")
    VALUES ('1146', '3');
INSERT INTO "QueryColumnAccess" ("queryId", "columnId")
    VALUES ('1146', '5');
INSERT INTO "QueryTableAccess" ("queryId", "tableId")
    VALUES ('1146', '3');
INSERT INTO "QueryTableAccess" ("queryId", "tableId")
    VALUES ('1146', '2');
SELECT 'Movies.director', 'Actors.nationality' FROM Movies NATURAL JOIN Actors ON 'Movies.director' = 'Actors.nationality';
INSERT INTO "SqlQuery" ("queryId", "userId", "issuedAt", "finishedAt", "hasError", "errorMessage", "statement", "projectId", "queryTypeId")
    VALUES ('1147', '10', '2023-06-27 22:05:55.605755', '2023-06-27 22:05:57.605755', 'False', 'None', 'SELECT Movies.director, Actors.nationality FROM Movies NATURAL JOIN Actors ON Movies.director = Actors.nationality;', '5', '1');
INSERT INTO "QueryColumnAccess" ("queryId", "columnId")
    VALUES ('1147', '5');
INSERT INTO "QueryColumnAccess" ("queryId", "columnId")
    VALUES ('1147', '6');
INSERT INTO "QueryTableAccess" ("queryId", "tableId")
    VALUES ('1147', '1');
INSERT INTO "QueryTableAccess" ("queryId", "tableId")
    VALUES ('1147', '2');
SELECT 'Movies.movie_id', 'Theaters.theater_id' FROM Movies LEFT OUTER JOIN Theaters ON 'Movies.movie_id' = 'Theaters.theater_id';
INSERT INTO "SqlQuery" ("queryId", "userId", "issuedAt", "finishedAt", "hasError", "errorMessage", "statement", "projectId", "queryTypeId")
    VALUES ('1148', '9', '2023-06-16 22:05:55.605764', '2023-06-16 22:05:57.605764', 'False', 'None', 'SELECT Movies.movie_id, Theaters.theater_id FROM Movies LEFT OUTER JOIN Theaters ON Movies.movie_id = Theaters.theater_id;', '5', '1');
INSERT INTO "QueryColumnAccess" ("queryId", "columnId")
    VALUES ('1148', '1');
INSERT INTO "QueryColumnAccess" ("queryId", "columnId")
    VALUES ('1148', '1');
INSERT INTO "QueryTableAccess" ("queryId", "tableId")
    VALUES ('1148', '1');
INSERT INTO "QueryTableAccess" ("queryId", "tableId")
    VALUES ('1148', '4');
SELECT 'Actors.nationality', 'Reviews.comment' FROM Actors NATURAL JOIN Reviews ON 'Actors.nationality' = 'Reviews.comment';
INSERT INTO "SqlQuery" ("queryId", "userId", "issuedAt", "finishedAt", "hasError", "errorMessage", "statement", "projectId", "queryTypeId")
    VALUES ('1149', '6', '2023-05-14 22:05:55.605772', '2023-05-14 22:05:56.605772', 'False', 'None', 'SELECT Actors.nationality, Reviews.comment FROM Actors NATURAL JOIN Reviews ON Actors.nationality = Reviews.comment;', '5', '1');
INSERT INTO "QueryColumnAccess" ("queryId", "columnId")
    VALUES ('1149', '6');
INSERT INTO "QueryColumnAccess" ("queryId", "columnId")
    VALUES ('1149', '5');
INSERT INTO "QueryTableAccess" ("queryId", "tableId")
    VALUES ('1149', '2');
INSERT INTO "QueryTableAccess" ("queryId", "tableId")
    VALUES ('1149', '3');
SELECT 'Reviews.rating', 'Actors.nationality' FROM Reviews NATURAL JOIN Actors ON 'Reviews.rating' = 'Actors.nationality';
INSERT INTO "SqlQuery" ("queryId", "userId", "issuedAt", "finishedAt", "hasError", "errorMessage", "statement", "projectId", "queryTypeId")
    VALUES ('1150', '9', '2023-04-22 22:05:55.605781', '2023-04-22 22:05:58.605781', 'False', 'None', 'SELECT Reviews.rating, Actors.nationality FROM Reviews NATURAL JOIN Actors ON Reviews.rating = Actors.nationality;', '5', '1');
INSERT INTO "QueryColumnAccess" ("queryId", "columnId")
    VALUES ('1150', '4');
INSERT INTO "QueryColumnAccess" ("queryId", "columnId")
    VALUES ('1150', '6');
INSERT INTO "QueryTableAccess" ("queryId", "tableId")
    VALUES ('1150', '3');
INSERT INTO "QueryTableAccess" ("queryId", "tableId")
    VALUES ('1150', '2');
SELECT 'Reviews.review_id', 'Actors.last_name' FROM Reviews LEFT OUTER JOIN Actors ON 'Reviews.review_id' = 'Actors.last_name';
INSERT INTO "SqlQuery" ("queryId", "userId", "issuedAt", "finishedAt", "hasError", "errorMessage", "statement", "projectId", "queryTypeId")
    VALUES ('1151', '6', '2023-06-27 22:05:55.605790', '2023-06-27 22:05:56.605790', 'False', 'None', 'SELECT Reviews.review_id, Actors.last_name FROM Reviews LEFT OUTER JOIN Actors ON Reviews.review_id = Actors.last_name;', '5', '1');
INSERT INTO "QueryColumnAccess" ("queryId", "columnId")
    VALUES ('1151', '1');
INSERT INTO "QueryColumnAccess" ("queryId", "columnId")
    VALUES ('1151', '3');
INSERT INTO "QueryTableAccess" ("queryId", "tableId")
    VALUES ('1151', '3');
INSERT INTO "QueryTableAccess" ("queryId", "tableId")
    VALUES ('1151', '2');
SELECT 'Screenings.end_time', 'Reviews.user_id' FROM Screenings LEFT OUTER JOIN Reviews ON 'Screenings.end_time' = 'Reviews.user_id';
INSERT INTO "SqlQuery" ("queryId", "userId", "issuedAt", "finishedAt", "hasError", "errorMessage", "statement", "projectId", "queryTypeId")
    VALUES ('1152', '5', '2023-06-13 22:05:55.605798', '2023-06-13 22:05:56.605798', 'False', 'None', 'SELECT Screenings.end_time, Reviews.user_id FROM Screenings LEFT OUTER JOIN Reviews ON Screenings.end_time = Reviews.user_id;', '5', '1');
INSERT INTO "QueryColumnAccess" ("queryId", "columnId")
    VALUES ('1152', '5');
INSERT INTO "QueryColumnAccess" ("queryId", "columnId")
    VALUES ('1152', '3');
INSERT INTO "QueryTableAccess" ("queryId", "tableId")
    VALUES ('1152', '5');
INSERT INTO "QueryTableAccess" ("queryId", "tableId")
    VALUES ('1152', '3');
SELECT 'Screenings.end_time', 'Reviews.review_id' FROM Screenings RIGHT OUTER JOIN Reviews ON 'Screenings.end_time' = 'Reviews.review_id';
INSERT INTO "SqlQuery" ("queryId", "userId", "issuedAt", "finishedAt", "hasError", "errorMessage", "statement", "projectId", "queryTypeId")
    VALUES ('1153', '13', '2023-06-07 22:05:55.605807', '2023-06-07 22:05:58.605807', 'False', 'None', 'SELECT Screenings.end_time, Reviews.review_id FROM Screenings RIGHT OUTER JOIN Reviews ON Screenings.end_time = Reviews.review_id;', '5', '1');
INSERT INTO "QueryColumnAccess" ("queryId", "columnId")
    VALUES ('1153', '5');
INSERT INTO "QueryColumnAccess" ("queryId", "columnId")
    VALUES ('1153', '1');
INSERT INTO "QueryTableAccess" ("queryId", "tableId")
    VALUES ('1153', '5');
INSERT INTO "QueryTableAccess" ("queryId", "tableId")
    VALUES ('1153', '3');
SELECT 'Theaters.location', 'Actors.gender' FROM Theaters NATURAL JOIN Actors ON 'Theaters.location' = 'Actors.gender';
INSERT INTO "SqlQuery" ("queryId", "userId", "issuedAt", "finishedAt", "hasError", "errorMessage", "statement", "projectId", "queryTypeId")
    VALUES ('1154', '13', '2023-05-26 22:05:55.605816', '2023-05-26 22:05:56.605816', 'False', 'None', 'SELECT Theaters.location, Actors.gender FROM Theaters NATURAL JOIN Actors ON Theaters.location = Actors.gender;', '5', '1');
INSERT INTO "QueryColumnAccess" ("queryId", "columnId")
    VALUES ('1154', '3');
INSERT INTO "QueryColumnAccess" ("queryId", "columnId")
    VALUES ('1154', '5');
INSERT INTO "QueryTableAccess" ("queryId", "tableId")
    VALUES ('1154', '4');
INSERT INTO "QueryTableAccess" ("queryId", "tableId")
    VALUES ('1154', '2');
SELECT 'Movies.rating', 'Reviews.review_date' FROM Movies RIGHT OUTER JOIN Reviews ON 'Movies.rating' = 'Reviews.review_date';
INSERT INTO "SqlQuery" ("queryId", "userId", "issuedAt", "finishedAt", "hasError", "errorMessage", "statement", "projectId", "queryTypeId")
    VALUES ('1155', '8', '2023-06-27 22:05:55.605833', '2023-06-27 22:05:57.605833', 'False', 'None', 'SELECT Movies.rating, Reviews.review_date FROM Movies RIGHT OUTER JOIN Reviews ON Movies.rating = Reviews.review_date;', '5', '1');
INSERT INTO "QueryColumnAccess" ("queryId", "columnId")
    VALUES ('1155', '7');
INSERT INTO "QueryColumnAccess" ("queryId", "columnId")
    VALUES ('1155', '6');
INSERT INTO "QueryTableAccess" ("queryId", "tableId")
    VALUES ('1155', '1');
INSERT INTO "QueryTableAccess" ("queryId", "tableId")
    VALUES ('1155', '3');
SELECT 'Actors.date_of_birth', 'Screenings.theater_id' FROM Actors LEFT OUTER JOIN Screenings ON 'Actors.date_of_birth' = 'Screenings.theater_id';
INSERT INTO "SqlQuery" ("queryId", "userId", "issuedAt", "finishedAt", "hasError", "errorMessage", "statement", "projectId", "queryTypeId")
    VALUES ('1156', '6', '2023-05-18 22:05:55.605842', '2023-05-18 22:05:59.605842', 'False', 'None', 'SELECT Actors.date_of_birth, Screenings.theater_id FROM Actors LEFT OUTER JOIN Screenings ON Actors.date_of_birth = Screenings.theater_id;', '5', '1');
INSERT INTO "QueryColumnAccess" ("queryId", "columnId")
    VALUES ('1156', '4');
INSERT INTO "QueryColumnAccess" ("queryId", "columnId")
    VALUES ('1156', '3');
INSERT INTO "QueryTableAccess" ("queryId", "tableId")
    VALUES ('1156', '2');
INSERT INTO "QueryTableAccess" ("queryId", "tableId")
    VALUES ('1156', '5');
SELECT 'Movies.genre', 'Theaters.theater_name' FROM Movies NATURAL JOIN Theaters ON 'Movies.genre' = 'Theaters.theater_name';
INSERT INTO "SqlQuery" ("queryId", "userId", "issuedAt", "finishedAt", "hasError", "errorMessage", "statement", "projectId", "queryTypeId")
    VALUES ('1157', '13', '2023-05-29 22:05:55.605850', '2023-05-29 22:05:58.605850', 'False', 'None', 'SELECT Movies.genre, Theaters.theater_name FROM Movies NATURAL JOIN Theaters ON Movies.genre = Theaters.theater_name;', '5', '1');
INSERT INTO "QueryColumnAccess" ("queryId", "columnId")
    VALUES ('1157', '4');
INSERT INTO "QueryColumnAccess" ("queryId", "columnId")
    VALUES ('1157', '2');
INSERT INTO "QueryTableAccess" ("queryId", "tableId")
    VALUES ('1157', '1');
INSERT INTO "QueryTableAccess" ("queryId", "tableId")
    VALUES ('1157', '4');
SELECT 'Movies.rating', 'Screenings.theater_id' FROM Movies LEFT OUTER JOIN Screenings ON 'Movies.rating' = 'Screenings.theater_id';
INSERT INTO "SqlQuery" ("queryId", "userId", "issuedAt", "finishedAt", "hasError", "errorMessage", "statement", "projectId", "queryTypeId")
    VALUES ('1158', '7', '2023-05-08 22:05:55.605859', '2023-05-08 22:05:59.605859', 'False', 'None', 'SELECT Movies.rating, Screenings.theater_id FROM Movies LEFT OUTER JOIN Screenings ON Movies.rating = Screenings.theater_id;', '5', '1');
INSERT INTO "QueryColumnAccess" ("queryId", "columnId")
    VALUES ('1158', '7');
INSERT INTO "QueryColumnAccess" ("queryId", "columnId")
    VALUES ('1158', '3');
INSERT INTO "QueryTableAccess" ("queryId", "tableId")
    VALUES ('1158', '1');
INSERT INTO "QueryTableAccess" ("queryId", "tableId")
    VALUES ('1158', '5');
SELECT 'Movies.rating', 'Reviews.rating' FROM Movies RIGHT OUTER JOIN Reviews ON 'Movies.rating' = 'Reviews.rating';
INSERT INTO "SqlQuery" ("queryId", "userId", "issuedAt", "finishedAt", "hasError", "errorMessage", "statement", "projectId", "queryTypeId")
    VALUES ('1159', '15', '2023-04-18 22:05:55.605868', '2023-04-18 22:05:58.605868', 'False', 'None', 'SELECT Movies.rating, Reviews.rating FROM Movies RIGHT OUTER JOIN Reviews ON Movies.rating = Reviews.rating;', '5', '1');
INSERT INTO "QueryColumnAccess" ("queryId", "columnId")
    VALUES ('1159', '7');
INSERT INTO "QueryColumnAccess" ("queryId", "columnId")
    VALUES ('1159', '4');
INSERT INTO "QueryTableAccess" ("queryId", "tableId")
    VALUES ('1159', '1');
INSERT INTO "QueryTableAccess" ("queryId", "tableId")
    VALUES ('1159', '3');
SELECT 'Screenings.end_time', 'Actors.last_name' FROM Screenings RIGHT OUTER JOIN Actors ON 'Screenings.end_time' = 'Actors.last_name';
INSERT INTO "SqlQuery" ("queryId", "userId", "issuedAt", "finishedAt", "hasError", "errorMessage", "statement", "projectId", "queryTypeId")
    VALUES ('1160', '3', '2023-06-08 22:05:55.605877', '2023-06-08 22:05:57.605877', 'False', 'None', 'SELECT Screenings.end_time, Actors.last_name FROM Screenings RIGHT OUTER JOIN Actors ON Screenings.end_time = Actors.last_name;', '5', '1');
INSERT INTO "QueryColumnAccess" ("queryId", "columnId")
    VALUES ('1160', '5');
INSERT INTO "QueryColumnAccess" ("queryId", "columnId")
    VALUES ('1160', '3');
INSERT INTO "QueryTableAccess" ("queryId", "tableId")
    VALUES ('1160', '5');
INSERT INTO "QueryTableAccess" ("queryId", "tableId")
    VALUES ('1160', '2');
SELECT 'Screenings.screening_id', 'Actors.nationality' FROM Screenings RIGHT OUTER JOIN Actors ON 'Screenings.screening_id' = 'Actors.nationality';
INSERT INTO "SqlQuery" ("queryId", "userId", "issuedAt", "finishedAt", "hasError", "errorMessage", "statement", "projectId", "queryTypeId")
    VALUES ('1161', '10', '2023-06-24 22:05:55.605886', '2023-06-24 22:05:59.605886', 'False', 'None', 'SELECT Screenings.screening_id, Actors.nationality FROM Screenings RIGHT OUTER JOIN Actors ON Screenings.screening_id = Actors.nationality;', '5', '1');
INSERT INTO "QueryColumnAccess" ("queryId", "columnId")
    VALUES ('1161', '1');
INSERT INTO "QueryColumnAccess" ("queryId", "columnId")
    VALUES ('1161', '6');
INSERT INTO "QueryTableAccess" ("queryId", "tableId")
    VALUES ('1161', '5');
INSERT INTO "QueryTableAccess" ("queryId", "tableId")
    VALUES ('1161', '2');
SELECT 'Screenings.end_time', 'Movies.movie_id' FROM Screenings RIGHT OUTER JOIN Movies ON 'Screenings.end_time' = 'Movies.movie_id';
INSERT INTO "SqlQuery" ("queryId", "userId", "issuedAt", "finishedAt", "hasError", "errorMessage", "statement", "projectId", "queryTypeId")
    VALUES ('1162', '12', '2023-04-18 22:05:55.605894', '2023-04-18 22:05:57.605894', 'False', 'None', 'SELECT Screenings.end_time, Movies.movie_id FROM Screenings RIGHT OUTER JOIN Movies ON Screenings.end_time = Movies.movie_id;', '5', '1');
INSERT INTO "QueryColumnAccess" ("queryId", "columnId")
    VALUES ('1162', '5');
INSERT INTO "QueryColumnAccess" ("queryId", "columnId")
    VALUES ('1162', '1');
INSERT INTO "QueryTableAccess" ("queryId", "tableId")
    VALUES ('1162', '5');
INSERT INTO "QueryTableAccess" ("queryId", "tableId")
    VALUES ('1162', '1');
SELECT 'Screenings.movie_id', 'Theaters.theater_name' FROM Screenings LEFT OUTER JOIN Theaters ON 'Screenings.movie_id' = 'Theaters.theater_name';
INSERT INTO "SqlQuery" ("queryId", "userId", "issuedAt", "finishedAt", "hasError", "errorMessage", "statement", "projectId", "queryTypeId")
    VALUES ('1163', '2', '2023-06-26 22:05:55.605903', '2023-06-26 22:05:59.605903', 'False', 'None', 'SELECT Screenings.movie_id, Theaters.theater_name FROM Screenings LEFT OUTER JOIN Theaters ON Screenings.movie_id = Theaters.theater_name;', '5', '1');
INSERT INTO "QueryColumnAccess" ("queryId", "columnId")
    VALUES ('1163', '2');
INSERT INTO "QueryColumnAccess" ("queryId", "columnId")
    VALUES ('1163', '2');
INSERT INTO "QueryTableAccess" ("queryId", "tableId")
    VALUES ('1163', '5');
INSERT INTO "QueryTableAccess" ("queryId", "tableId")
    VALUES ('1163', '4');
SELECT 'Actors.actor_id', 'Movies.genre' FROM Actors NATURAL JOIN Movies ON 'Actors.actor_id' = 'Movies.genre';
INSERT INTO "SqlQuery" ("queryId", "userId", "issuedAt", "finishedAt", "hasError", "errorMessage", "statement", "projectId", "queryTypeId")
    VALUES ('1164', '10', '2023-06-19 22:05:55.605912', '2023-06-19 22:05:56.605912', 'False', 'None', 'SELECT Actors.actor_id, Movies.genre FROM Actors NATURAL JOIN Movies ON Actors.actor_id = Movies.genre;', '5', '1');
INSERT INTO "QueryColumnAccess" ("queryId", "columnId")
    VALUES ('1164', '1');
INSERT INTO "QueryColumnAccess" ("queryId", "columnId")
    VALUES ('1164', '4');
INSERT INTO "QueryTableAccess" ("queryId", "tableId")
    VALUES ('1164', '2');
INSERT INTO "QueryTableAccess" ("queryId", "tableId")
    VALUES ('1164', '1');
SELECT 'Movies.title', 'Theaters.theater_id' FROM Movies NATURAL JOIN Theaters ON 'Movies.title' = 'Theaters.theater_id';
INSERT INTO "SqlQuery" ("queryId", "userId", "issuedAt", "finishedAt", "hasError", "errorMessage", "statement", "projectId", "queryTypeId")
    VALUES ('1165', '13', '2023-05-13 22:05:55.605930', '2023-05-13 22:05:56.605930', 'False', 'None', 'SELECT Movies.title, Theaters.theater_id FROM Movies NATURAL JOIN Theaters ON Movies.title = Theaters.theater_id;', '5', '1');
INSERT INTO "QueryColumnAccess" ("queryId", "columnId")
    VALUES ('1165', '2');
INSERT INTO "QueryColumnAccess" ("queryId", "columnId")
    VALUES ('1165', '1');
INSERT INTO "QueryTableAccess" ("queryId", "tableId")
    VALUES ('1165', '1');
INSERT INTO "QueryTableAccess" ("queryId", "tableId")
    VALUES ('1165', '4');
SELECT 'Theaters.theater_name', 'Screenings.end_time' FROM Theaters NATURAL JOIN Screenings ON 'Theaters.theater_name' = 'Screenings.end_time';
INSERT INTO "SqlQuery" ("queryId", "userId", "issuedAt", "finishedAt", "hasError", "errorMessage", "statement", "projectId", "queryTypeId")
    VALUES ('1166', '13', '2023-06-08 22:05:55.605940', '2023-06-08 22:05:59.605940', 'False', 'None', 'SELECT Theaters.theater_name, Screenings.end_time FROM Theaters NATURAL JOIN Screenings ON Theaters.theater_name = Screenings.end_time;', '5', '1');
INSERT INTO "QueryColumnAccess" ("queryId", "columnId")
    VALUES ('1166', '2');
INSERT INTO "QueryColumnAccess" ("queryId", "columnId")
    VALUES ('1166', '5');
INSERT INTO "QueryTableAccess" ("queryId", "tableId")
    VALUES ('1166', '4');
INSERT INTO "QueryTableAccess" ("queryId", "tableId")
    VALUES ('1166', '5');
SELECT 'Actors.nationality', 'Screenings.start_time' FROM Actors LEFT OUTER JOIN Screenings ON 'Actors.nationality' = 'Screenings.start_time';
INSERT INTO "SqlQuery" ("queryId", "userId", "issuedAt", "finishedAt", "hasError", "errorMessage", "statement", "projectId", "queryTypeId")
    VALUES ('1167', '13', '2023-06-28 22:05:55.605949', '2023-06-28 22:05:59.605949', 'False', 'None', 'SELECT Actors.nationality, Screenings.start_time FROM Actors LEFT OUTER JOIN Screenings ON Actors.nationality = Screenings.start_time;', '5', '1');
INSERT INTO "QueryColumnAccess" ("queryId", "columnId")
    VALUES ('1167', '6');
INSERT INTO "QueryColumnAccess" ("queryId", "columnId")
    VALUES ('1167', '4');
INSERT INTO "QueryTableAccess" ("queryId", "tableId")
    VALUES ('1167', '2');
INSERT INTO "QueryTableAccess" ("queryId", "tableId")
    VALUES ('1167', '5');
SELECT 'Screenings.theater_id', 'Theaters.theater_id' FROM Screenings RIGHT OUTER JOIN Theaters ON 'Screenings.theater_id' = 'Theaters.theater_id';
INSERT INTO "SqlQuery" ("queryId", "userId", "issuedAt", "finishedAt", "hasError", "errorMessage", "statement", "projectId", "queryTypeId")
    VALUES ('1168', '9', '2023-04-13 22:05:55.605957', '2023-04-13 22:05:56.605957', 'False', 'None', 'SELECT Screenings.theater_id, Theaters.theater_id FROM Screenings RIGHT OUTER JOIN Theaters ON Screenings.theater_id = Theaters.theater_id;', '5', '1');
INSERT INTO "QueryColumnAccess" ("queryId", "columnId")
    VALUES ('1168', '3');
INSERT INTO "QueryColumnAccess" ("queryId", "columnId")
    VALUES ('1168', '1');
INSERT INTO "QueryTableAccess" ("queryId", "tableId")
    VALUES ('1168', '5');
INSERT INTO "QueryTableAccess" ("queryId", "tableId")
    VALUES ('1168', '4');
SELECT 'Reviews.rating', 'Screenings.theater_id' FROM Reviews NATURAL JOIN Screenings ON 'Reviews.rating' = 'Screenings.theater_id';
INSERT INTO "SqlQuery" ("queryId", "userId", "issuedAt", "finishedAt", "hasError", "errorMessage", "statement", "projectId", "queryTypeId")
    VALUES ('1169', '4', '2023-04-25 22:05:55.605966', '2023-04-25 22:05:57.605966', 'False', 'None', 'SELECT Reviews.rating, Screenings.theater_id FROM Reviews NATURAL JOIN Screenings ON Reviews.rating = Screenings.theater_id;', '5', '1');
INSERT INTO "QueryColumnAccess" ("queryId", "columnId")
    VALUES ('1169', '4');
INSERT INTO "QueryColumnAccess" ("queryId", "columnId")
    VALUES ('1169', '3');
INSERT INTO "QueryTableAccess" ("queryId", "tableId")
    VALUES ('1169', '3');
INSERT INTO "QueryTableAccess" ("queryId", "tableId")
    VALUES ('1169', '5');
SELECT 'Actors.actor_id', 'Movies.director' FROM Actors RIGHT OUTER JOIN Movies ON 'Actors.actor_id' = 'Movies.director';
INSERT INTO "SqlQuery" ("queryId", "userId", "issuedAt", "finishedAt", "hasError", "errorMessage", "statement", "projectId", "queryTypeId")
    VALUES ('1170', '10', '2023-06-25 22:05:55.605975', '2023-06-25 22:05:59.605975', 'False', 'None', 'SELECT Actors.actor_id, Movies.director FROM Actors RIGHT OUTER JOIN Movies ON Actors.actor_id = Movies.director;', '5', '1');
INSERT INTO "QueryColumnAccess" ("queryId", "columnId")
    VALUES ('1170', '1');
INSERT INTO "QueryColumnAccess" ("queryId", "columnId")
    VALUES ('1170', '5');
INSERT INTO "QueryTableAccess" ("queryId", "tableId")
    VALUES ('1170', '2');
INSERT INTO "QueryTableAccess" ("queryId", "tableId")
    VALUES ('1170', '1');
SELECT 'Screenings.movie_id', 'Theaters.phone_number' FROM Screenings NATURAL JOIN Theaters ON 'Screenings.movie_id' = 'Theaters.phone_number';
INSERT INTO "SqlQuery" ("queryId", "userId", "issuedAt", "finishedAt", "hasError", "errorMessage", "statement", "projectId", "queryTypeId")
    VALUES ('1171', '14', '2023-06-23 22:05:55.605984', '2023-06-23 22:05:59.605984', 'False', 'None', 'SELECT Screenings.movie_id, Theaters.phone_number FROM Screenings NATURAL JOIN Theaters ON Screenings.movie_id = Theaters.phone_number;', '5', '1');
INSERT INTO "QueryColumnAccess" ("queryId", "columnId")
    VALUES ('1171', '2');
INSERT INTO "QueryColumnAccess" ("queryId", "columnId")
    VALUES ('1171', '5');
INSERT INTO "QueryTableAccess" ("queryId", "tableId")
    VALUES ('1171', '5');
INSERT INTO "QueryTableAccess" ("queryId", "tableId")
    VALUES ('1171', '4');
SELECT 'Movies.title', 'Screenings.screening_id' FROM Movies NATURAL JOIN Screenings ON 'Movies.title' = 'Screenings.screening_id';
INSERT INTO "SqlQuery" ("queryId", "userId", "issuedAt", "finishedAt", "hasError", "errorMessage", "statement", "projectId", "queryTypeId")
    VALUES ('1172', '2', '2023-05-21 22:05:55.605992', '2023-05-21 22:05:58.605992', 'False', 'None', 'SELECT Movies.title, Screenings.screening_id FROM Movies NATURAL JOIN Screenings ON Movies.title = Screenings.screening_id;', '5', '1');
INSERT INTO "QueryColumnAccess" ("queryId", "columnId")
    VALUES ('1172', '2');
INSERT INTO "QueryColumnAccess" ("queryId", "columnId")
    VALUES ('1172', '1');
INSERT INTO "QueryTableAccess" ("queryId", "tableId")
    VALUES ('1172', '1');
INSERT INTO "QueryTableAccess" ("queryId", "tableId")
    VALUES ('1172', '5');
SELECT 'Actors.actor_id', 'Movies.movie_id' FROM Actors RIGHT OUTER JOIN Movies ON 'Actors.actor_id' = 'Movies.movie_id';
INSERT INTO "SqlQuery" ("queryId", "userId", "issuedAt", "finishedAt", "hasError", "errorMessage", "statement", "projectId", "queryTypeId")
    VALUES ('1173', '3', '2023-07-01 22:05:55.606001', '2023-07-01 22:05:59.606001', 'False', 'None', 'SELECT Actors.actor_id, Movies.movie_id FROM Actors RIGHT OUTER JOIN Movies ON Actors.actor_id = Movies.movie_id;', '5', '1');
INSERT INTO "QueryColumnAccess" ("queryId", "columnId")
    VALUES ('1173', '1');
INSERT INTO "QueryColumnAccess" ("queryId", "columnId")
    VALUES ('1173', '1');
INSERT INTO "QueryTableAccess" ("queryId", "tableId")
    VALUES ('1173', '2');
INSERT INTO "QueryTableAccess" ("queryId", "tableId")
    VALUES ('1173', '1');
SELECT 'Actors.date_of_birth', 'Screenings.ticket_price' FROM Actors LEFT OUTER JOIN Screenings ON 'Actors.date_of_birth' = 'Screenings.ticket_price';
INSERT INTO "SqlQuery" ("queryId", "userId", "issuedAt", "finishedAt", "hasError", "errorMessage", "statement", "projectId", "queryTypeId")
    VALUES ('1174', '7', '2023-06-17 22:05:55.606015', '2023-06-17 22:05:59.606015', 'False', 'None', 'SELECT Actors.date_of_birth, Screenings.ticket_price FROM Actors LEFT OUTER JOIN Screenings ON Actors.date_of_birth = Screenings.ticket_price;', '5', '1');
INSERT INTO "QueryColumnAccess" ("queryId", "columnId")
    VALUES ('1174', '4');
INSERT INTO "QueryColumnAccess" ("queryId", "columnId")
    VALUES ('1174', '6');
INSERT INTO "QueryTableAccess" ("queryId", "tableId")
    VALUES ('1174', '2');
INSERT INTO "QueryTableAccess" ("queryId", "tableId")
    VALUES ('1174', '5');
SELECT 'Screenings.end_time', 'Theaters.phone_number' FROM Screenings RIGHT OUTER JOIN Theaters ON 'Screenings.end_time' = 'Theaters.phone_number';
INSERT INTO "SqlQuery" ("queryId", "userId", "issuedAt", "finishedAt", "hasError", "errorMessage", "statement", "projectId", "queryTypeId")
    VALUES ('1175', '10', '2023-04-20 22:05:55.606024', '2023-04-20 22:05:59.606024', 'False', 'None', 'SELECT Screenings.end_time, Theaters.phone_number FROM Screenings RIGHT OUTER JOIN Theaters ON Screenings.end_time = Theaters.phone_number;', '5', '1');
INSERT INTO "QueryColumnAccess" ("queryId", "columnId")
    VALUES ('1175', '5');
INSERT INTO "QueryColumnAccess" ("queryId", "columnId")
    VALUES ('1175', '5');
INSERT INTO "QueryTableAccess" ("queryId", "tableId")
    VALUES ('1175', '5');
INSERT INTO "QueryTableAccess" ("queryId", "tableId")
    VALUES ('1175', '4');
SELECT 'Actors.first_name', 'Screenings.theater_id' FROM Actors LEFT OUTER JOIN Screenings ON 'Actors.first_name' = 'Screenings.theater_id';
INSERT INTO "SqlQuery" ("queryId", "userId", "issuedAt", "finishedAt", "hasError", "errorMessage", "statement", "projectId", "queryTypeId")
    VALUES ('1176', '11', '2023-07-09 22:05:55.606033', '2023-07-09 22:05:57.606033', 'False', 'None', 'SELECT Actors.first_name, Screenings.theater_id FROM Actors LEFT OUTER JOIN Screenings ON Actors.first_name = Screenings.theater_id;', '5', '1');
INSERT INTO "QueryColumnAccess" ("queryId", "columnId")
    VALUES ('1176', '2');
INSERT INTO "QueryColumnAccess" ("queryId", "columnId")
    VALUES ('1176', '3');
INSERT INTO "QueryTableAccess" ("queryId", "tableId")
    VALUES ('1176', '2');
INSERT INTO "QueryTableAccess" ("queryId", "tableId")
    VALUES ('1176', '5');
SELECT 'Movies.movie_id', 'Theaters.capacity' FROM Movies NATURAL JOIN Theaters ON 'Movies.movie_id' = 'Theaters.capacity';
INSERT INTO "SqlQuery" ("queryId", "userId", "issuedAt", "finishedAt", "hasError", "errorMessage", "statement", "projectId", "queryTypeId")
    VALUES ('1177', '15', '2023-04-23 22:05:55.606042', '2023-04-23 22:05:58.606042', 'False', 'None', 'SELECT Movies.movie_id, Theaters.capacity FROM Movies NATURAL JOIN Theaters ON Movies.movie_id = Theaters.capacity;', '5', '1');
INSERT INTO "QueryColumnAccess" ("queryId", "columnId")
    VALUES ('1177', '1');
INSERT INTO "QueryColumnAccess" ("queryId", "columnId")
    VALUES ('1177', '4');
INSERT INTO "QueryTableAccess" ("queryId", "tableId")
    VALUES ('1177', '1');
INSERT INTO "QueryTableAccess" ("queryId", "tableId")
    VALUES ('1177', '4');
SELECT 'Reviews.review_id', 'Theaters.phone_number' FROM Reviews RIGHT OUTER JOIN Theaters ON 'Reviews.review_id' = 'Theaters.phone_number';
INSERT INTO "SqlQuery" ("queryId", "userId", "issuedAt", "finishedAt", "hasError", "errorMessage", "statement", "projectId", "queryTypeId")
    VALUES ('1178', '14', '2023-07-01 22:05:55.606051', '2023-07-01 22:05:57.606051', 'False', 'None', 'SELECT Reviews.review_id, Theaters.phone_number FROM Reviews RIGHT OUTER JOIN Theaters ON Reviews.review_id = Theaters.phone_number;', '5', '1');
INSERT INTO "QueryColumnAccess" ("queryId", "columnId")
    VALUES ('1178', '1');
INSERT INTO "QueryColumnAccess" ("queryId", "columnId")
    VALUES ('1178', '5');
INSERT INTO "QueryTableAccess" ("queryId", "tableId")
    VALUES ('1178', '3');
INSERT INTO "QueryTableAccess" ("queryId", "tableId")
    VALUES ('1178', '4');
SELECT 'Theaters.location', 'Movies.release_date' FROM Theaters RIGHT OUTER JOIN Movies ON 'Theaters.location' = 'Movies.release_date';
INSERT INTO "SqlQuery" ("queryId", "userId", "issuedAt", "finishedAt", "hasError", "errorMessage", "statement", "projectId", "queryTypeId")
    VALUES ('1179', '7', '2023-05-15 22:05:55.606060', '2023-05-15 22:05:59.606060', 'False', 'None', 'SELECT Theaters.location, Movies.release_date FROM Theaters RIGHT OUTER JOIN Movies ON Theaters.location = Movies.release_date;', '5', '1');
INSERT INTO "QueryColumnAccess" ("queryId", "columnId")
    VALUES ('1179', '3');
INSERT INTO "QueryColumnAccess" ("queryId", "columnId")
    VALUES ('1179', '3');
INSERT INTO "QueryTableAccess" ("queryId", "tableId")
    VALUES ('1179', '4');
INSERT INTO "QueryTableAccess" ("queryId", "tableId")
    VALUES ('1179', '1');
SELECT 'Movies.movie_id', 'Reviews.review_id' FROM Movies LEFT OUTER JOIN Reviews ON 'Movies.movie_id' = 'Reviews.review_id';
INSERT INTO "SqlQuery" ("queryId", "userId", "issuedAt", "finishedAt", "hasError", "errorMessage", "statement", "projectId", "queryTypeId")
    VALUES ('1180', '13', '2023-04-23 22:05:55.606070', '2023-04-23 22:05:57.606070', 'False', 'None', 'SELECT Movies.movie_id, Reviews.review_id FROM Movies LEFT OUTER JOIN Reviews ON Movies.movie_id = Reviews.review_id;', '5', '1');
INSERT INTO "QueryColumnAccess" ("queryId", "columnId")
    VALUES ('1180', '1');
INSERT INTO "QueryColumnAccess" ("queryId", "columnId")
    VALUES ('1180', '1');
INSERT INTO "QueryTableAccess" ("queryId", "tableId")
    VALUES ('1180', '1');
INSERT INTO "QueryTableAccess" ("queryId", "tableId")
    VALUES ('1180', '3');
SELECT 'Reviews.review_date', 'Theaters.theater_name' FROM Reviews RIGHT OUTER JOIN Theaters ON 'Reviews.review_date' = 'Theaters.theater_name';
INSERT INTO "SqlQuery" ("queryId", "userId", "issuedAt", "finishedAt", "hasError", "errorMessage", "statement", "projectId", "queryTypeId")
    VALUES ('1181', '8', '2023-05-05 22:05:55.606079', '2023-05-05 22:05:58.606079', 'False', 'None', 'SELECT Reviews.review_date, Theaters.theater_name FROM Reviews RIGHT OUTER JOIN Theaters ON Reviews.review_date = Theaters.theater_name;', '5', '1');
INSERT INTO "QueryColumnAccess" ("queryId", "columnId")
    VALUES ('1181', '6');
INSERT INTO "QueryColumnAccess" ("queryId", "columnId")
    VALUES ('1181', '2');
INSERT INTO "QueryTableAccess" ("queryId", "tableId")
    VALUES ('1181', '3');
INSERT INTO "QueryTableAccess" ("queryId", "tableId")
    VALUES ('1181', '4');
SELECT 'Theaters.capacity', 'Movies.rating' FROM Theaters NATURAL JOIN Movies ON 'Theaters.capacity' = 'Movies.rating';
INSERT INTO "SqlQuery" ("queryId", "userId", "issuedAt", "finishedAt", "hasError", "errorMessage", "statement", "projectId", "queryTypeId")
    VALUES ('1182', '4', '2023-05-15 22:05:55.606088', '2023-05-15 22:05:57.606088', 'False', 'None', 'SELECT Theaters.capacity, Movies.rating FROM Theaters NATURAL JOIN Movies ON Theaters.capacity = Movies.rating;', '5', '1');
INSERT INTO "QueryColumnAccess" ("queryId", "columnId")
    VALUES ('1182', '4');
INSERT INTO "QueryColumnAccess" ("queryId", "columnId")
    VALUES ('1182', '7');
INSERT INTO "QueryTableAccess" ("queryId", "tableId")
    VALUES ('1182', '4');
INSERT INTO "QueryTableAccess" ("queryId", "tableId")
    VALUES ('1182', '1');
SELECT 'Reviews.movie_id', 'Theaters.location' FROM Reviews LEFT OUTER JOIN Theaters ON 'Reviews.movie_id' = 'Theaters.location';
INSERT INTO "SqlQuery" ("queryId", "userId", "issuedAt", "finishedAt", "hasError", "errorMessage", "statement", "projectId", "queryTypeId")
    VALUES ('1183', '15', '2023-04-29 22:05:55.606097', '2023-04-29 22:05:58.606097', 'False', 'None', 'SELECT Reviews.movie_id, Theaters.location FROM Reviews LEFT OUTER JOIN Theaters ON Reviews.movie_id = Theaters.location;', '5', '1');
INSERT INTO "QueryColumnAccess" ("queryId", "columnId")
    VALUES ('1183', '2');
INSERT INTO "QueryColumnAccess" ("queryId", "columnId")
    VALUES ('1183', '3');
INSERT INTO "QueryTableAccess" ("queryId", "tableId")
    VALUES ('1183', '3');
INSERT INTO "QueryTableAccess" ("queryId", "tableId")
    VALUES ('1183', '4');
SELECT 'Movies.rating', 'Theaters.location' FROM Movies LEFT OUTER JOIN Theaters ON 'Movies.rating' = 'Theaters.location';
INSERT INTO "SqlQuery" ("queryId", "userId", "issuedAt", "finishedAt", "hasError", "errorMessage", "statement", "projectId", "queryTypeId")
    VALUES ('1184', '4', '2023-05-18 22:05:55.606108', '2023-05-18 22:05:59.606108', 'False', 'None', 'SELECT Movies.rating, Theaters.location FROM Movies LEFT OUTER JOIN Theaters ON Movies.rating = Theaters.location;', '5', '1');
INSERT INTO "QueryColumnAccess" ("queryId", "columnId")
    VALUES ('1184', '7');
INSERT INTO "QueryColumnAccess" ("queryId", "columnId")
    VALUES ('1184', '3');
INSERT INTO "QueryTableAccess" ("queryId", "tableId")
    VALUES ('1184', '1');
INSERT INTO "QueryTableAccess" ("queryId", "tableId")
    VALUES ('1184', '4');
SELECT 'Reviews.comment', 'Actors.gender' FROM Reviews LEFT OUTER JOIN Actors ON 'Reviews.comment' = 'Actors.gender';
INSERT INTO "SqlQuery" ("queryId", "userId", "issuedAt", "finishedAt", "hasError", "errorMessage", "statement", "projectId", "queryTypeId")
    VALUES ('1185', '8', '2023-05-15 22:05:55.606118', '2023-05-15 22:05:56.606118', 'False', 'None', 'SELECT Reviews.comment, Actors.gender FROM Reviews LEFT OUTER JOIN Actors ON Reviews.comment = Actors.gender;', '5', '1');
INSERT INTO "QueryColumnAccess" ("queryId", "columnId")
    VALUES ('1185', '5');
INSERT INTO "QueryColumnAccess" ("queryId", "columnId")
    VALUES ('1185', '5');
INSERT INTO "QueryTableAccess" ("queryId", "tableId")
    VALUES ('1185', '3');
INSERT INTO "QueryTableAccess" ("queryId", "tableId")
    VALUES ('1185', '2');
SELECT 'Theaters.theater_id', 'Movies.movie_id' FROM Theaters LEFT OUTER JOIN Movies ON 'Theaters.theater_id' = 'Movies.movie_id';
INSERT INTO "SqlQuery" ("queryId", "userId", "issuedAt", "finishedAt", "hasError", "errorMessage", "statement", "projectId", "queryTypeId")
    VALUES ('1186', '3', '2023-05-09 22:05:55.606127', '2023-05-09 22:05:59.606127', 'False', 'None', 'SELECT Theaters.theater_id, Movies.movie_id FROM Theaters LEFT OUTER JOIN Movies ON Theaters.theater_id = Movies.movie_id;', '5', '1');
INSERT INTO "QueryColumnAccess" ("queryId", "columnId")
    VALUES ('1186', '1');
INSERT INTO "QueryColumnAccess" ("queryId", "columnId")
    VALUES ('1186', '1');
INSERT INTO "QueryTableAccess" ("queryId", "tableId")
    VALUES ('1186', '4');
INSERT INTO "QueryTableAccess" ("queryId", "tableId")
    VALUES ('1186', '1');
SELECT 'Movies.genre', 'Reviews.comment' FROM Movies NATURAL JOIN Reviews ON 'Movies.genre' = 'Reviews.comment';
INSERT INTO "SqlQuery" ("queryId", "userId", "issuedAt", "finishedAt", "hasError", "errorMessage", "statement", "projectId", "queryTypeId")
    VALUES ('1187', '6', '2023-06-25 22:05:55.606136', '2023-06-25 22:05:57.606136', 'False', 'None', 'SELECT Movies.genre, Reviews.comment FROM Movies NATURAL JOIN Reviews ON Movies.genre = Reviews.comment;', '5', '1');
INSERT INTO "QueryColumnAccess" ("queryId", "columnId")
    VALUES ('1187', '4');
INSERT INTO "QueryColumnAccess" ("queryId", "columnId")
    VALUES ('1187', '5');
INSERT INTO "QueryTableAccess" ("queryId", "tableId")
    VALUES ('1187', '1');
INSERT INTO "QueryTableAccess" ("queryId", "tableId")
    VALUES ('1187', '3');
SELECT 'Screenings.start_time', 'Reviews.user_id' FROM Screenings LEFT OUTER JOIN Reviews ON 'Screenings.start_time' = 'Reviews.user_id';
INSERT INTO "SqlQuery" ("queryId", "userId", "issuedAt", "finishedAt", "hasError", "errorMessage", "statement", "projectId", "queryTypeId")
    VALUES ('1188', '1', '2023-04-29 22:05:55.606144', '2023-04-29 22:05:56.606144', 'False', 'None', 'SELECT Screenings.start_time, Reviews.user_id FROM Screenings LEFT OUTER JOIN Reviews ON Screenings.start_time = Reviews.user_id;', '5', '1');
INSERT INTO "QueryColumnAccess" ("queryId", "columnId")
    VALUES ('1188', '4');
INSERT INTO "QueryColumnAccess" ("queryId", "columnId")
    VALUES ('1188', '3');
INSERT INTO "QueryTableAccess" ("queryId", "tableId")
    VALUES ('1188', '5');
INSERT INTO "QueryTableAccess" ("queryId", "tableId")
    VALUES ('1188', '3');
SELECT 'Screenings.movie_id', 'Actors.nationality' FROM Screenings LEFT OUTER JOIN Actors ON 'Screenings.movie_id' = 'Actors.nationality';
INSERT INTO "SqlQuery" ("queryId", "userId", "issuedAt", "finishedAt", "hasError", "errorMessage", "statement", "projectId", "queryTypeId")
    VALUES ('1189', '5', '2023-06-12 22:05:55.606153', '2023-06-12 22:05:57.606153', 'False', 'None', 'SELECT Screenings.movie_id, Actors.nationality FROM Screenings LEFT OUTER JOIN Actors ON Screenings.movie_id = Actors.nationality;', '5', '1');
INSERT INTO "QueryColumnAccess" ("queryId", "columnId")
    VALUES ('1189', '2');
INSERT INTO "QueryColumnAccess" ("queryId", "columnId")
    VALUES ('1189', '6');
INSERT INTO "QueryTableAccess" ("queryId", "tableId")
    VALUES ('1189', '5');
INSERT INTO "QueryTableAccess" ("queryId", "tableId")
    VALUES ('1189', '2');
SELECT 'Actors.gender', 'Reviews.comment' FROM Actors LEFT OUTER JOIN Reviews ON 'Actors.gender' = 'Reviews.comment';
INSERT INTO "SqlQuery" ("queryId", "userId", "issuedAt", "finishedAt", "hasError", "errorMessage", "statement", "projectId", "queryTypeId")
    VALUES ('1190', '3', '2023-04-30 22:05:55.606162', '2023-04-30 22:05:59.606162', 'False', 'None', 'SELECT Actors.gender, Reviews.comment FROM Actors LEFT OUTER JOIN Reviews ON Actors.gender = Reviews.comment;', '5', '1');
INSERT INTO "QueryColumnAccess" ("queryId", "columnId")
    VALUES ('1190', '5');
INSERT INTO "QueryColumnAccess" ("queryId", "columnId")
    VALUES ('1190', '5');
INSERT INTO "QueryTableAccess" ("queryId", "tableId")
    VALUES ('1190', '2');
INSERT INTO "QueryTableAccess" ("queryId", "tableId")
    VALUES ('1190', '3');
SELECT 'Actors.first_name', 'Screenings.theater_id' FROM Actors LEFT OUTER JOIN Screenings ON 'Actors.first_name' = 'Screenings.theater_id';
INSERT INTO "SqlQuery" ("queryId", "userId", "issuedAt", "finishedAt", "hasError", "errorMessage", "statement", "projectId", "queryTypeId")
    VALUES ('1191', '7', '2023-04-23 22:05:55.606171', '2023-04-23 22:05:58.606171', 'False', 'None', 'SELECT Actors.first_name, Screenings.theater_id FROM Actors LEFT OUTER JOIN Screenings ON Actors.first_name = Screenings.theater_id;', '5', '1');
INSERT INTO "QueryColumnAccess" ("queryId", "columnId")
    VALUES ('1191', '2');
INSERT INTO "QueryColumnAccess" ("queryId", "columnId")
    VALUES ('1191', '3');
INSERT INTO "QueryTableAccess" ("queryId", "tableId")
    VALUES ('1191', '2');
INSERT INTO "QueryTableAccess" ("queryId", "tableId")
    VALUES ('1191', '5');
SELECT 'Screenings.ticket_price', 'Theaters.phone_number' FROM Screenings RIGHT OUTER JOIN Theaters ON 'Screenings.ticket_price' = 'Theaters.phone_number';
INSERT INTO "SqlQuery" ("queryId", "userId", "issuedAt", "finishedAt", "hasError", "errorMessage", "statement", "projectId", "queryTypeId")
    VALUES ('1192', '2', '2023-04-14 22:05:55.606179', '2023-04-14 22:05:59.606179', 'False', 'None', 'SELECT Screenings.ticket_price, Theaters.phone_number FROM Screenings RIGHT OUTER JOIN Theaters ON Screenings.ticket_price = Theaters.phone_number;', '5', '1');
INSERT INTO "QueryColumnAccess" ("queryId", "columnId")
    VALUES ('1192', '6');
INSERT INTO "QueryColumnAccess" ("queryId", "columnId")
    VALUES ('1192', '5');
INSERT INTO "QueryTableAccess" ("queryId", "tableId")
    VALUES ('1192', '5');
INSERT INTO "QueryTableAccess" ("queryId", "tableId")
    VALUES ('1192', '4');
SELECT 'Movies.movie_id', 'Reviews.review_date' FROM Movies NATURAL JOIN Reviews ON 'Movies.movie_id' = 'Reviews.review_date';
INSERT INTO "SqlQuery" ("queryId", "userId", "issuedAt", "finishedAt", "hasError", "errorMessage", "statement", "projectId", "queryTypeId")
    VALUES ('1193', '5', '2023-04-11 22:05:55.606196', '2023-04-11 22:05:56.606196', 'False', 'None', 'SELECT Movies.movie_id, Reviews.review_date FROM Movies NATURAL JOIN Reviews ON Movies.movie_id = Reviews.review_date;', '5', '1');
INSERT INTO "QueryColumnAccess" ("queryId", "columnId")
    VALUES ('1193', '1');
INSERT INTO "QueryColumnAccess" ("queryId", "columnId")
    VALUES ('1193', '6');
INSERT INTO "QueryTableAccess" ("queryId", "tableId")
    VALUES ('1193', '1');
INSERT INTO "QueryTableAccess" ("queryId", "tableId")
    VALUES ('1193', '3');
SELECT 'Movies.duration', 'Theaters.theater_name' FROM Movies LEFT OUTER JOIN Theaters ON 'Movies.duration' = 'Theaters.theater_name';
INSERT INTO "SqlQuery" ("queryId", "userId", "issuedAt", "finishedAt", "hasError", "errorMessage", "statement", "projectId", "queryTypeId")
    VALUES ('1194', '8', '2023-07-03 22:05:55.606205', '2023-07-03 22:05:56.606205', 'False', 'None', 'SELECT Movies.duration, Theaters.theater_name FROM Movies LEFT OUTER JOIN Theaters ON Movies.duration = Theaters.theater_name;', '5', '1');
INSERT INTO "QueryColumnAccess" ("queryId", "columnId")
    VALUES ('1194', '6');
INSERT INTO "QueryColumnAccess" ("queryId", "columnId")
    VALUES ('1194', '2');
INSERT INTO "QueryTableAccess" ("queryId", "tableId")
    VALUES ('1194', '1');
INSERT INTO "QueryTableAccess" ("queryId", "tableId")
    VALUES ('1194', '4');
SELECT 'Actors.nationality', 'Theaters.phone_number' FROM Actors LEFT OUTER JOIN Theaters ON 'Actors.nationality' = 'Theaters.phone_number';
INSERT INTO "SqlQuery" ("queryId", "userId", "issuedAt", "finishedAt", "hasError", "errorMessage", "statement", "projectId", "queryTypeId")
    VALUES ('1195', '3', '2023-05-01 22:05:55.606214', '2023-05-01 22:05:59.606214', 'False', 'None', 'SELECT Actors.nationality, Theaters.phone_number FROM Actors LEFT OUTER JOIN Theaters ON Actors.nationality = Theaters.phone_number;', '5', '1');
INSERT INTO "QueryColumnAccess" ("queryId", "columnId")
    VALUES ('1195', '6');
INSERT INTO "QueryColumnAccess" ("queryId", "columnId")
    VALUES ('1195', '5');
INSERT INTO "QueryTableAccess" ("queryId", "tableId")
    VALUES ('1195', '2');
INSERT INTO "QueryTableAccess" ("queryId", "tableId")
    VALUES ('1195', '4');
SELECT 'Theaters.theater_name', 'Actors.last_name' FROM Theaters LEFT OUTER JOIN Actors ON 'Theaters.theater_name' = 'Actors.last_name';
INSERT INTO "SqlQuery" ("queryId", "userId", "issuedAt", "finishedAt", "hasError", "errorMessage", "statement", "projectId", "queryTypeId")
    VALUES ('1196', '8', '2023-07-04 22:05:55.606222', '2023-07-04 22:05:57.606222', 'False', 'None', 'SELECT Theaters.theater_name, Actors.last_name FROM Theaters LEFT OUTER JOIN Actors ON Theaters.theater_name = Actors.last_name;', '5', '1');
INSERT INTO "QueryColumnAccess" ("queryId", "columnId")
    VALUES ('1196', '2');
INSERT INTO "QueryColumnAccess" ("queryId", "columnId")
    VALUES ('1196', '3');
INSERT INTO "QueryTableAccess" ("queryId", "tableId")
    VALUES ('1196', '4');
INSERT INTO "QueryTableAccess" ("queryId", "tableId")
    VALUES ('1196', '2');
SELECT 'Movies.duration', 'Actors.first_name' FROM Movies NATURAL JOIN Actors ON 'Movies.duration' = 'Actors.first_name';
INSERT INTO "SqlQuery" ("queryId", "userId", "issuedAt", "finishedAt", "hasError", "errorMessage", "statement", "projectId", "queryTypeId")
    VALUES ('1197', '9', '2023-07-02 22:05:55.606231', '2023-07-02 22:05:59.606231', 'False', 'None', 'SELECT Movies.duration, Actors.first_name FROM Movies NATURAL JOIN Actors ON Movies.duration = Actors.first_name;', '5', '1');
INSERT INTO "QueryColumnAccess" ("queryId", "columnId")
    VALUES ('1197', '6');
INSERT INTO "QueryColumnAccess" ("queryId", "columnId")
    VALUES ('1197', '2');
INSERT INTO "QueryTableAccess" ("queryId", "tableId")
    VALUES ('1197', '1');
INSERT INTO "QueryTableAccess" ("queryId", "tableId")
    VALUES ('1197', '2');
SELECT 'Theaters.theater_id', 'Screenings.end_time' FROM Theaters RIGHT OUTER JOIN Screenings ON 'Theaters.theater_id' = 'Screenings.end_time';
INSERT INTO "SqlQuery" ("queryId", "userId", "issuedAt", "finishedAt", "hasError", "errorMessage", "statement", "projectId", "queryTypeId")
    VALUES ('1198', '11', '2023-05-26 22:05:55.606240', '2023-05-26 22:05:59.606240', 'False', 'None', 'SELECT Theaters.theater_id, Screenings.end_time FROM Theaters RIGHT OUTER JOIN Screenings ON Theaters.theater_id = Screenings.end_time;', '5', '1');
INSERT INTO "QueryColumnAccess" ("queryId", "columnId")
    VALUES ('1198', '1');
INSERT INTO "QueryColumnAccess" ("queryId", "columnId")
    VALUES ('1198', '5');
INSERT INTO "QueryTableAccess" ("queryId", "tableId")
    VALUES ('1198', '4');
INSERT INTO "QueryTableAccess" ("queryId", "tableId")
    VALUES ('1198', '5');
SELECT 'Movies.director', 'Reviews.comment' FROM Movies RIGHT OUTER JOIN Reviews ON 'Movies.director' = 'Reviews.comment';
INSERT INTO "SqlQuery" ("queryId", "userId", "issuedAt", "finishedAt", "hasError", "errorMessage", "statement", "projectId", "queryTypeId")
    VALUES ('1199', '4', '2023-06-13 22:05:55.606249', '2023-06-13 22:05:58.606249', 'False', 'None', 'SELECT Movies.director, Reviews.comment FROM Movies RIGHT OUTER JOIN Reviews ON Movies.director = Reviews.comment;', '5', '1');
INSERT INTO "QueryColumnAccess" ("queryId", "columnId")
    VALUES ('1199', '5');
INSERT INTO "QueryColumnAccess" ("queryId", "columnId")
    VALUES ('1199', '5');
INSERT INTO "QueryTableAccess" ("queryId", "tableId")
    VALUES ('1199', '1');
INSERT INTO "QueryTableAccess" ("queryId", "tableId")
    VALUES ('1199', '3');
SELECT 'Theaters.location', 'Movies.genre' FROM Theaters LEFT OUTER JOIN Movies ON 'Theaters.location' = 'Movies.genre';
INSERT INTO "SqlQuery" ("queryId", "userId", "issuedAt", "finishedAt", "hasError", "errorMessage", "statement", "projectId", "queryTypeId")
    VALUES ('1200', '6', '2023-05-22 22:05:55.606258', '2023-05-22 22:05:58.606258', 'False', 'None', 'SELECT Theaters.location, Movies.genre FROM Theaters LEFT OUTER JOIN Movies ON Theaters.location = Movies.genre;', '5', '1');
INSERT INTO "QueryColumnAccess" ("queryId", "columnId")
    VALUES ('1200', '3');
INSERT INTO "QueryColumnAccess" ("queryId", "columnId")
    VALUES ('1200', '4');
INSERT INTO "QueryTableAccess" ("queryId", "tableId")
    VALUES ('1200', '4');
INSERT INTO "QueryTableAccess" ("queryId", "tableId")
    VALUES ('1200', '1');
SELECT 'Movies.genre', 'Theaters.theater_id' FROM Movies NATURAL JOIN Theaters ON 'Movies.genre' = 'Theaters.theater_id';
INSERT INTO "SqlQuery" ("queryId", "userId", "issuedAt", "finishedAt", "hasError", "errorMessage", "statement", "projectId", "queryTypeId")
    VALUES ('1201', '14', '2023-05-24 22:05:55.606267', '2023-05-24 22:05:57.606267', 'False', 'None', 'SELECT Movies.genre, Theaters.theater_id FROM Movies NATURAL JOIN Theaters ON Movies.genre = Theaters.theater_id;', '5', '1');
INSERT INTO "QueryColumnAccess" ("queryId", "columnId")
    VALUES ('1201', '4');
INSERT INTO "QueryColumnAccess" ("queryId", "columnId")
    VALUES ('1201', '1');
INSERT INTO "QueryTableAccess" ("queryId", "tableId")
    VALUES ('1201', '1');
INSERT INTO "QueryTableAccess" ("queryId", "tableId")
    VALUES ('1201', '4');
SELECT 'Theaters.phone_number', 'Screenings.screening_id' FROM Theaters RIGHT OUTER JOIN Screenings ON 'Theaters.phone_number' = 'Screenings.screening_id';
INSERT INTO "SqlQuery" ("queryId", "userId", "issuedAt", "finishedAt", "hasError", "errorMessage", "statement", "projectId", "queryTypeId")
    VALUES ('1202', '9', '2023-05-27 22:05:55.606275', '2023-05-27 22:05:59.606275', 'False', 'None', 'SELECT Theaters.phone_number, Screenings.screening_id FROM Theaters RIGHT OUTER JOIN Screenings ON Theaters.phone_number = Screenings.screening_id;', '5', '1');
INSERT INTO "QueryColumnAccess" ("queryId", "columnId")
    VALUES ('1202', '5');
INSERT INTO "QueryColumnAccess" ("queryId", "columnId")
    VALUES ('1202', '1');
INSERT INTO "QueryTableAccess" ("queryId", "tableId")
    VALUES ('1202', '4');
INSERT INTO "QueryTableAccess" ("queryId", "tableId")
    VALUES ('1202', '5');
SELECT 'Theaters.phone_number', 'Screenings.ticket_price' FROM Theaters RIGHT OUTER JOIN Screenings ON 'Theaters.phone_number' = 'Screenings.ticket_price';
INSERT INTO "SqlQuery" ("queryId", "userId", "issuedAt", "finishedAt", "hasError", "errorMessage", "statement", "projectId", "queryTypeId")
    VALUES ('1203', '10', '2023-04-18 22:05:55.606287', '2023-04-18 22:05:56.606287', 'False', 'None', 'SELECT Theaters.phone_number, Screenings.ticket_price FROM Theaters RIGHT OUTER JOIN Screenings ON Theaters.phone_number = Screenings.ticket_price;', '5', '1');
INSERT INTO "QueryColumnAccess" ("queryId", "columnId")
    VALUES ('1203', '5');
INSERT INTO "QueryColumnAccess" ("queryId", "columnId")
    VALUES ('1203', '6');
INSERT INTO "QueryTableAccess" ("queryId", "tableId")
    VALUES ('1203', '4');
INSERT INTO "QueryTableAccess" ("queryId", "tableId")
    VALUES ('1203', '5');
SELECT 'Reviews.movie_id', 'Screenings.screening_id' FROM Reviews NATURAL JOIN Screenings ON 'Reviews.movie_id' = 'Screenings.screening_id';
INSERT INTO "SqlQuery" ("queryId", "userId", "issuedAt", "finishedAt", "hasError", "errorMessage", "statement", "projectId", "queryTypeId")
    VALUES ('1204', '4', '2023-06-24 22:05:55.606297', '2023-06-24 22:05:56.606297', 'False', 'None', 'SELECT Reviews.movie_id, Screenings.screening_id FROM Reviews NATURAL JOIN Screenings ON Reviews.movie_id = Screenings.screening_id;', '5', '1');
INSERT INTO "QueryColumnAccess" ("queryId", "columnId")
    VALUES ('1204', '2');
INSERT INTO "QueryColumnAccess" ("queryId", "columnId")
    VALUES ('1204', '1');
INSERT INTO "QueryTableAccess" ("queryId", "tableId")
    VALUES ('1204', '3');
INSERT INTO "QueryTableAccess" ("queryId", "tableId")
    VALUES ('1204', '5');
SELECT 'Theaters.location', 'Screenings.end_time' FROM Theaters NATURAL JOIN Screenings ON 'Theaters.location' = 'Screenings.end_time';
INSERT INTO "SqlQuery" ("queryId", "userId", "issuedAt", "finishedAt", "hasError", "errorMessage", "statement", "projectId", "queryTypeId")
    VALUES ('1205', '15', '2023-06-08 22:05:55.606306', '2023-06-08 22:05:57.606306', 'False', 'None', 'SELECT Theaters.location, Screenings.end_time FROM Theaters NATURAL JOIN Screenings ON Theaters.location = Screenings.end_time;', '5', '1');
INSERT INTO "QueryColumnAccess" ("queryId", "columnId")
    VALUES ('1205', '3');
INSERT INTO "QueryColumnAccess" ("queryId", "columnId")
    VALUES ('1205', '5');
INSERT INTO "QueryTableAccess" ("queryId", "tableId")
    VALUES ('1205', '4');
INSERT INTO "QueryTableAccess" ("queryId", "tableId")
    VALUES ('1205', '5');
SELECT 'Screenings.start_time', 'Theaters.location' FROM Screenings RIGHT OUTER JOIN Theaters ON 'Screenings.start_time' = 'Theaters.location';
INSERT INTO "SqlQuery" ("queryId", "userId", "issuedAt", "finishedAt", "hasError", "errorMessage", "statement", "projectId", "queryTypeId")
    VALUES ('1206', '3', '2023-04-14 22:05:55.606315', '2023-04-14 22:05:58.606315', 'False', 'None', 'SELECT Screenings.start_time, Theaters.location FROM Screenings RIGHT OUTER JOIN Theaters ON Screenings.start_time = Theaters.location;', '5', '1');
INSERT INTO "QueryColumnAccess" ("queryId", "columnId")
    VALUES ('1206', '4');
INSERT INTO "QueryColumnAccess" ("queryId", "columnId")
    VALUES ('1206', '3');
INSERT INTO "QueryTableAccess" ("queryId", "tableId")
    VALUES ('1206', '5');
INSERT INTO "QueryTableAccess" ("queryId", "tableId")
    VALUES ('1206', '4');
SELECT 'Reviews.rating', 'Actors.first_name' FROM Reviews LEFT OUTER JOIN Actors ON 'Reviews.rating' = 'Actors.first_name';
INSERT INTO "SqlQuery" ("queryId", "userId", "issuedAt", "finishedAt", "hasError", "errorMessage", "statement", "projectId", "queryTypeId")
    VALUES ('1207', '6', '2023-05-22 22:05:55.606324', '2023-05-22 22:05:58.606324', 'False', 'None', 'SELECT Reviews.rating, Actors.first_name FROM Reviews LEFT OUTER JOIN Actors ON Reviews.rating = Actors.first_name;', '5', '1');
INSERT INTO "QueryColumnAccess" ("queryId", "columnId")
    VALUES ('1207', '4');
INSERT INTO "QueryColumnAccess" ("queryId", "columnId")
    VALUES ('1207', '2');
INSERT INTO "QueryTableAccess" ("queryId", "tableId")
    VALUES ('1207', '3');
INSERT INTO "QueryTableAccess" ("queryId", "tableId")
    VALUES ('1207', '2');
SELECT 'Movies.title', 'Reviews.comment' FROM Movies RIGHT OUTER JOIN Reviews ON 'Movies.title' = 'Reviews.comment';
INSERT INTO "SqlQuery" ("queryId", "userId", "issuedAt", "finishedAt", "hasError", "errorMessage", "statement", "projectId", "queryTypeId")
    VALUES ('1208', '8', '2023-05-23 22:05:55.606333', '2023-05-23 22:05:59.606333', 'False', 'None', 'SELECT Movies.title, Reviews.comment FROM Movies RIGHT OUTER JOIN Reviews ON Movies.title = Reviews.comment;', '5', '1');
INSERT INTO "QueryColumnAccess" ("queryId", "columnId")
    VALUES ('1208', '2');
INSERT INTO "QueryColumnAccess" ("queryId", "columnId")
    VALUES ('1208', '5');
INSERT INTO "QueryTableAccess" ("queryId", "tableId")
    VALUES ('1208', '1');
INSERT INTO "QueryTableAccess" ("queryId", "tableId")
    VALUES ('1208', '3');
SELECT 'Reviews.review_id', 'Actors.first_name' FROM Reviews NATURAL JOIN Actors ON 'Reviews.review_id' = 'Actors.first_name';
INSERT INTO "SqlQuery" ("queryId", "userId", "issuedAt", "finishedAt", "hasError", "errorMessage", "statement", "projectId", "queryTypeId")
    VALUES ('1209', '4', '2023-05-04 22:05:55.606341', '2023-05-04 22:05:59.606341', 'False', 'None', 'SELECT Reviews.review_id, Actors.first_name FROM Reviews NATURAL JOIN Actors ON Reviews.review_id = Actors.first_name;', '5', '1');
INSERT INTO "QueryColumnAccess" ("queryId", "columnId")
    VALUES ('1209', '1');
INSERT INTO "QueryColumnAccess" ("queryId", "columnId")
    VALUES ('1209', '2');
INSERT INTO "QueryTableAccess" ("queryId", "tableId")
    VALUES ('1209', '3');
INSERT INTO "QueryTableAccess" ("queryId", "tableId")
    VALUES ('1209', '2');
SELECT 'Screenings.movie_id', 'Reviews.movie_id' FROM Screenings RIGHT OUTER JOIN Reviews ON 'Screenings.movie_id' = 'Reviews.movie_id';
INSERT INTO "SqlQuery" ("queryId", "userId", "issuedAt", "finishedAt", "hasError", "errorMessage", "statement", "projectId", "queryTypeId")
    VALUES ('1210', '13', '2023-06-03 22:05:55.606350', '2023-06-03 22:05:57.606350', 'False', 'None', 'SELECT Screenings.movie_id, Reviews.movie_id FROM Screenings RIGHT OUTER JOIN Reviews ON Screenings.movie_id = Reviews.movie_id;', '5', '1');
INSERT INTO "QueryColumnAccess" ("queryId", "columnId")
    VALUES ('1210', '2');
INSERT INTO "QueryColumnAccess" ("queryId", "columnId")
    VALUES ('1210', '2');
INSERT INTO "QueryTableAccess" ("queryId", "tableId")
    VALUES ('1210', '5');
INSERT INTO "QueryTableAccess" ("queryId", "tableId")
    VALUES ('1210', '3');
SELECT 'Theaters.phone_number', 'Movies.movie_id' FROM Theaters NATURAL JOIN Movies ON 'Theaters.phone_number' = 'Movies.movie_id';
INSERT INTO "SqlQuery" ("queryId", "userId", "issuedAt", "finishedAt", "hasError", "errorMessage", "statement", "projectId", "queryTypeId")
    VALUES ('1211', '2', '2023-07-04 22:05:55.606359', '2023-07-04 22:05:56.606359', 'False', 'None', 'SELECT Theaters.phone_number, Movies.movie_id FROM Theaters NATURAL JOIN Movies ON Theaters.phone_number = Movies.movie_id;', '5', '1');
INSERT INTO "QueryColumnAccess" ("queryId", "columnId")
    VALUES ('1211', '5');
INSERT INTO "QueryColumnAccess" ("queryId", "columnId")
    VALUES ('1211', '1');
INSERT INTO "QueryTableAccess" ("queryId", "tableId")
    VALUES ('1211', '4');
INSERT INTO "QueryTableAccess" ("queryId", "tableId")
    VALUES ('1211', '1');
SELECT 'Reviews.review_id', 'Theaters.theater_name' FROM Reviews NATURAL JOIN Theaters ON 'Reviews.review_id' = 'Theaters.theater_name';
INSERT INTO "SqlQuery" ("queryId", "userId", "issuedAt", "finishedAt", "hasError", "errorMessage", "statement", "projectId", "queryTypeId")
    VALUES ('1212', '6', '2023-05-25 22:05:55.606368', '2023-05-25 22:05:59.606368', 'False', 'None', 'SELECT Reviews.review_id, Theaters.theater_name FROM Reviews NATURAL JOIN Theaters ON Reviews.review_id = Theaters.theater_name;', '5', '1');
INSERT INTO "QueryColumnAccess" ("queryId", "columnId")
    VALUES ('1212', '1');
INSERT INTO "QueryColumnAccess" ("queryId", "columnId")
    VALUES ('1212', '2');
INSERT INTO "QueryTableAccess" ("queryId", "tableId")
    VALUES ('1212', '3');
INSERT INTO "QueryTableAccess" ("queryId", "tableId")
    VALUES ('1212', '4');
SELECT 'Movies.release_date', 'Reviews.review_date' FROM Movies LEFT OUTER JOIN Reviews ON 'Movies.release_date' = 'Reviews.review_date';
INSERT INTO "SqlQuery" ("queryId", "userId", "issuedAt", "finishedAt", "hasError", "errorMessage", "statement", "projectId", "queryTypeId")
    VALUES ('1213', '5', '2023-05-02 22:05:55.606383', '2023-05-02 22:05:59.606383', 'False', 'None', 'SELECT Movies.release_date, Reviews.review_date FROM Movies LEFT OUTER JOIN Reviews ON Movies.release_date = Reviews.review_date;', '5', '1');
INSERT INTO "QueryColumnAccess" ("queryId", "columnId")
    VALUES ('1213', '3');
INSERT INTO "QueryColumnAccess" ("queryId", "columnId")
    VALUES ('1213', '6');
INSERT INTO "QueryTableAccess" ("queryId", "tableId")
    VALUES ('1213', '1');
INSERT INTO "QueryTableAccess" ("queryId", "tableId")
    VALUES ('1213', '3');
SELECT 'Theaters.theater_id', 'Reviews.rating' FROM Theaters NATURAL JOIN Reviews ON 'Theaters.theater_id' = 'Reviews.rating';
INSERT INTO "SqlQuery" ("queryId", "userId", "issuedAt", "finishedAt", "hasError", "errorMessage", "statement", "projectId", "queryTypeId")
    VALUES ('1214', '4', '2023-07-07 22:05:55.606392', '2023-07-07 22:05:59.606392', 'False', 'None', 'SELECT Theaters.theater_id, Reviews.rating FROM Theaters NATURAL JOIN Reviews ON Theaters.theater_id = Reviews.rating;', '5', '1');
INSERT INTO "QueryColumnAccess" ("queryId", "columnId")
    VALUES ('1214', '1');
INSERT INTO "QueryColumnAccess" ("queryId", "columnId")
    VALUES ('1214', '4');
INSERT INTO "QueryTableAccess" ("queryId", "tableId")
    VALUES ('1214', '4');
INSERT INTO "QueryTableAccess" ("queryId", "tableId")
    VALUES ('1214', '3');
SELECT 'Theaters.capacity', 'Actors.nationality' FROM Theaters LEFT OUTER JOIN Actors ON 'Theaters.capacity' = 'Actors.nationality';
INSERT INTO "SqlQuery" ("queryId", "userId", "issuedAt", "finishedAt", "hasError", "errorMessage", "statement", "projectId", "queryTypeId")
    VALUES ('1215', '9', '2023-05-14 22:05:55.606401', '2023-05-14 22:05:56.606401', 'False', 'None', 'SELECT Theaters.capacity, Actors.nationality FROM Theaters LEFT OUTER JOIN Actors ON Theaters.capacity = Actors.nationality;', '5', '1');
INSERT INTO "QueryColumnAccess" ("queryId", "columnId")
    VALUES ('1215', '4');
INSERT INTO "QueryColumnAccess" ("queryId", "columnId")
    VALUES ('1215', '6');
INSERT INTO "QueryTableAccess" ("queryId", "tableId")
    VALUES ('1215', '4');
INSERT INTO "QueryTableAccess" ("queryId", "tableId")
    VALUES ('1215', '2');
SELECT 'Movies.movie_id', 'Actors.last_name' FROM Movies NATURAL JOIN Actors ON 'Movies.movie_id' = 'Actors.last_name';
INSERT INTO "SqlQuery" ("queryId", "userId", "issuedAt", "finishedAt", "hasError", "errorMessage", "statement", "projectId", "queryTypeId")
    VALUES ('1216', '12', '2023-06-24 22:05:55.606410', '2023-06-24 22:05:56.606410', 'False', 'None', 'SELECT Movies.movie_id, Actors.last_name FROM Movies NATURAL JOIN Actors ON Movies.movie_id = Actors.last_name;', '5', '1');
INSERT INTO "QueryColumnAccess" ("queryId", "columnId")
    VALUES ('1216', '1');
INSERT INTO "QueryColumnAccess" ("queryId", "columnId")
    VALUES ('1216', '3');
INSERT INTO "QueryTableAccess" ("queryId", "tableId")
    VALUES ('1216', '1');
INSERT INTO "QueryTableAccess" ("queryId", "tableId")
    VALUES ('1216', '2');
SELECT 'Movies.rating', 'Reviews.review_date' FROM Movies RIGHT OUTER JOIN Reviews ON 'Movies.rating' = 'Reviews.review_date';
INSERT INTO "SqlQuery" ("queryId", "userId", "issuedAt", "finishedAt", "hasError", "errorMessage", "statement", "projectId", "queryTypeId")
    VALUES ('1217', '6', '2023-04-30 22:05:55.606419', '2023-04-30 22:05:59.606419', 'False', 'None', 'SELECT Movies.rating, Reviews.review_date FROM Movies RIGHT OUTER JOIN Reviews ON Movies.rating = Reviews.review_date;', '5', '1');
INSERT INTO "QueryColumnAccess" ("queryId", "columnId")
    VALUES ('1217', '7');
INSERT INTO "QueryColumnAccess" ("queryId", "columnId")
    VALUES ('1217', '6');
INSERT INTO "QueryTableAccess" ("queryId", "tableId")
    VALUES ('1217', '1');
INSERT INTO "QueryTableAccess" ("queryId", "tableId")
    VALUES ('1217', '3');
SELECT 'Actors.gender', 'Theaters.capacity' FROM Actors LEFT OUTER JOIN Theaters ON 'Actors.gender' = 'Theaters.capacity';
INSERT INTO "SqlQuery" ("queryId", "userId", "issuedAt", "finishedAt", "hasError", "errorMessage", "statement", "projectId", "queryTypeId")
    VALUES ('1218', '6', '2023-06-25 22:05:55.606428', '2023-06-25 22:05:58.606428', 'False', 'None', 'SELECT Actors.gender, Theaters.capacity FROM Actors LEFT OUTER JOIN Theaters ON Actors.gender = Theaters.capacity;', '5', '1');
INSERT INTO "QueryColumnAccess" ("queryId", "columnId")
    VALUES ('1218', '5');
INSERT INTO "QueryColumnAccess" ("queryId", "columnId")
    VALUES ('1218', '4');
INSERT INTO "QueryTableAccess" ("queryId", "tableId")
    VALUES ('1218', '2');
INSERT INTO "QueryTableAccess" ("queryId", "tableId")
    VALUES ('1218', '4');
SELECT 'Movies.genre', 'Actors.gender' FROM Movies LEFT OUTER JOIN Actors ON 'Movies.genre' = 'Actors.gender';
INSERT INTO "SqlQuery" ("queryId", "userId", "issuedAt", "finishedAt", "hasError", "errorMessage", "statement", "projectId", "queryTypeId")
    VALUES ('1219', '1', '2023-07-03 22:05:55.606436', '2023-07-03 22:05:56.606436', 'False', 'None', 'SELECT Movies.genre, Actors.gender FROM Movies LEFT OUTER JOIN Actors ON Movies.genre = Actors.gender;', '5', '1');
INSERT INTO "QueryColumnAccess" ("queryId", "columnId")
    VALUES ('1219', '4');
INSERT INTO "QueryColumnAccess" ("queryId", "columnId")
    VALUES ('1219', '5');
INSERT INTO "QueryTableAccess" ("queryId", "tableId")
    VALUES ('1219', '1');
INSERT INTO "QueryTableAccess" ("queryId", "tableId")
    VALUES ('1219', '2');
SELECT 'Theaters.theater_id', 'Reviews.review_date' FROM Theaters LEFT OUTER JOIN Reviews ON 'Theaters.theater_id' = 'Reviews.review_date';
INSERT INTO "SqlQuery" ("queryId", "userId", "issuedAt", "finishedAt", "hasError", "errorMessage", "statement", "projectId", "queryTypeId")
    VALUES ('1220', '7', '2023-05-02 22:05:55.606445', '2023-05-02 22:05:56.606445', 'False', 'None', 'SELECT Theaters.theater_id, Reviews.review_date FROM Theaters LEFT OUTER JOIN Reviews ON Theaters.theater_id = Reviews.review_date;', '5', '1');
INSERT INTO "QueryColumnAccess" ("queryId", "columnId")
    VALUES ('1220', '1');
INSERT INTO "QueryColumnAccess" ("queryId", "columnId")
    VALUES ('1220', '6');
INSERT INTO "QueryTableAccess" ("queryId", "tableId")
    VALUES ('1220', '4');
INSERT INTO "QueryTableAccess" ("queryId", "tableId")
    VALUES ('1220', '3');
SELECT 'Movies.rating', 'Reviews.user_id' FROM Movies NATURAL JOIN Reviews ON 'Movies.rating' = 'Reviews.user_id';
INSERT INTO "SqlQuery" ("queryId", "userId", "issuedAt", "finishedAt", "hasError", "errorMessage", "statement", "projectId", "queryTypeId")
    VALUES ('1221', '6', '2023-05-13 22:05:55.606453', '2023-05-13 22:05:57.606453', 'False', 'None', 'SELECT Movies.rating, Reviews.user_id FROM Movies NATURAL JOIN Reviews ON Movies.rating = Reviews.user_id;', '5', '1');
INSERT INTO "QueryColumnAccess" ("queryId", "columnId")
    VALUES ('1221', '7');
INSERT INTO "QueryColumnAccess" ("queryId", "columnId")
    VALUES ('1221', '3');
INSERT INTO "QueryTableAccess" ("queryId", "tableId")
    VALUES ('1221', '1');
INSERT INTO "QueryTableAccess" ("queryId", "tableId")
    VALUES ('1221', '3');
SELECT 'Actors.actor_id', 'Movies.rating' FROM Actors RIGHT OUTER JOIN Movies ON 'Actors.actor_id' = 'Movies.rating';
INSERT INTO "SqlQuery" ("queryId", "userId", "issuedAt", "finishedAt", "hasError", "errorMessage", "statement", "projectId", "queryTypeId")
    VALUES ('1222', '14', '2023-06-20 22:05:55.606463', '2023-06-20 22:05:59.606463', 'False', 'None', 'SELECT Actors.actor_id, Movies.rating FROM Actors RIGHT OUTER JOIN Movies ON Actors.actor_id = Movies.rating;', '5', '1');
INSERT INTO "QueryColumnAccess" ("queryId", "columnId")
    VALUES ('1222', '1');
INSERT INTO "QueryColumnAccess" ("queryId", "columnId")
    VALUES ('1222', '7');
INSERT INTO "QueryTableAccess" ("queryId", "tableId")
    VALUES ('1222', '2');
INSERT INTO "QueryTableAccess" ("queryId", "tableId")
    VALUES ('1222', '1');
SELECT 'Reviews.comment', 'Movies.genre' FROM Reviews LEFT OUTER JOIN Movies ON 'Reviews.comment' = 'Movies.genre';
INSERT INTO "SqlQuery" ("queryId", "userId", "issuedAt", "finishedAt", "hasError", "errorMessage", "statement", "projectId", "queryTypeId")
    VALUES ('1223', '2', '2023-04-18 22:05:55.606474', '2023-04-18 22:05:58.606474', 'False', 'None', 'SELECT Reviews.comment, Movies.genre FROM Reviews LEFT OUTER JOIN Movies ON Reviews.comment = Movies.genre;', '5', '1');
INSERT INTO "QueryColumnAccess" ("queryId", "columnId")
    VALUES ('1223', '5');
INSERT INTO "QueryColumnAccess" ("queryId", "columnId")
    VALUES ('1223', '4');
INSERT INTO "QueryTableAccess" ("queryId", "tableId")
    VALUES ('1223', '3');
INSERT INTO "QueryTableAccess" ("queryId", "tableId")
    VALUES ('1223', '1');
SELECT 'Reviews.rating', 'Movies.duration' FROM Reviews NATURAL JOIN Movies ON 'Reviews.rating' = 'Movies.duration';
INSERT INTO "SqlQuery" ("queryId", "userId", "issuedAt", "finishedAt", "hasError", "errorMessage", "statement", "projectId", "queryTypeId")
    VALUES ('1224', '10', '2023-06-26 22:05:55.606483', '2023-06-26 22:05:58.606483', 'False', 'None', 'SELECT Reviews.rating, Movies.duration FROM Reviews NATURAL JOIN Movies ON Reviews.rating = Movies.duration;', '5', '1');
INSERT INTO "QueryColumnAccess" ("queryId", "columnId")
    VALUES ('1224', '4');
INSERT INTO "QueryColumnAccess" ("queryId", "columnId")
    VALUES ('1224', '6');
INSERT INTO "QueryTableAccess" ("queryId", "tableId")
    VALUES ('1224', '3');
INSERT INTO "QueryTableAccess" ("queryId", "tableId")
    VALUES ('1224', '1');
SELECT 'Theaters.phone_number', 'Screenings.start_time' FROM Theaters LEFT OUTER JOIN Screenings ON 'Theaters.phone_number' = 'Screenings.start_time';
INSERT INTO "SqlQuery" ("queryId", "userId", "issuedAt", "finishedAt", "hasError", "errorMessage", "statement", "projectId", "queryTypeId")
    VALUES ('1225', '13', '2023-05-18 22:05:55.606492', '2023-05-18 22:05:56.606492', 'False', 'None', 'SELECT Theaters.phone_number, Screenings.start_time FROM Theaters LEFT OUTER JOIN Screenings ON Theaters.phone_number = Screenings.start_time;', '5', '1');
INSERT INTO "QueryColumnAccess" ("queryId", "columnId")
    VALUES ('1225', '5');
INSERT INTO "QueryColumnAccess" ("queryId", "columnId")
    VALUES ('1225', '4');
INSERT INTO "QueryTableAccess" ("queryId", "tableId")
    VALUES ('1225', '4');
INSERT INTO "QueryTableAccess" ("queryId", "tableId")
    VALUES ('1225', '5');
SELECT 'Actors.gender', 'Movies.release_date' FROM Actors NATURAL JOIN Movies ON 'Actors.gender' = 'Movies.release_date';
INSERT INTO "SqlQuery" ("queryId", "userId", "issuedAt", "finishedAt", "hasError", "errorMessage", "statement", "projectId", "queryTypeId")
    VALUES ('1226', '9', '2023-05-20 22:05:55.606501', '2023-05-20 22:05:56.606501', 'False', 'None', 'SELECT Actors.gender, Movies.release_date FROM Actors NATURAL JOIN Movies ON Actors.gender = Movies.release_date;', '5', '1');
INSERT INTO "QueryColumnAccess" ("queryId", "columnId")
    VALUES ('1226', '5');
INSERT INTO "QueryColumnAccess" ("queryId", "columnId")
    VALUES ('1226', '3');
INSERT INTO "QueryTableAccess" ("queryId", "tableId")
    VALUES ('1226', '2');
INSERT INTO "QueryTableAccess" ("queryId", "tableId")
    VALUES ('1226', '1');
SELECT 'Theaters.theater_id', 'Screenings.end_time' FROM Theaters RIGHT OUTER JOIN Screenings ON 'Theaters.theater_id' = 'Screenings.end_time';
INSERT INTO "SqlQuery" ("queryId", "userId", "issuedAt", "finishedAt", "hasError", "errorMessage", "statement", "projectId", "queryTypeId")
    VALUES ('1227', '15', '2023-06-05 22:05:55.606510', '2023-06-05 22:05:57.606510', 'False', 'None', 'SELECT Theaters.theater_id, Screenings.end_time FROM Theaters RIGHT OUTER JOIN Screenings ON Theaters.theater_id = Screenings.end_time;', '5', '1');
INSERT INTO "QueryColumnAccess" ("queryId", "columnId")
    VALUES ('1227', '1');
INSERT INTO "QueryColumnAccess" ("queryId", "columnId")
    VALUES ('1227', '5');
INSERT INTO "QueryTableAccess" ("queryId", "tableId")
    VALUES ('1227', '4');
INSERT INTO "QueryTableAccess" ("queryId", "tableId")
    VALUES ('1227', '5');
SELECT 'Actors.last_name', 'Reviews.review_date' FROM Actors RIGHT OUTER JOIN Reviews ON 'Actors.last_name' = 'Reviews.review_date';
INSERT INTO "SqlQuery" ("queryId", "userId", "issuedAt", "finishedAt", "hasError", "errorMessage", "statement", "projectId", "queryTypeId")
    VALUES ('1228', '8', '2023-06-09 22:05:55.606518', '2023-06-09 22:05:58.606518', 'False', 'None', 'SELECT Actors.last_name, Reviews.review_date FROM Actors RIGHT OUTER JOIN Reviews ON Actors.last_name = Reviews.review_date;', '5', '1');
INSERT INTO "QueryColumnAccess" ("queryId", "columnId")
    VALUES ('1228', '3');
INSERT INTO "QueryColumnAccess" ("queryId", "columnId")
    VALUES ('1228', '6');
INSERT INTO "QueryTableAccess" ("queryId", "tableId")
    VALUES ('1228', '2');
INSERT INTO "QueryTableAccess" ("queryId", "tableId")
    VALUES ('1228', '3');
SELECT 'Screenings.screening_id', 'Reviews.review_date' FROM Screenings RIGHT OUTER JOIN Reviews ON 'Screenings.screening_id' = 'Reviews.review_date';
INSERT INTO "SqlQuery" ("queryId", "userId", "issuedAt", "finishedAt", "hasError", "errorMessage", "statement", "projectId", "queryTypeId")
    VALUES ('1229', '12', '2023-05-30 22:05:55.606527', '2023-05-30 22:05:59.606527', 'False', 'None', 'SELECT Screenings.screening_id, Reviews.review_date FROM Screenings RIGHT OUTER JOIN Reviews ON Screenings.screening_id = Reviews.review_date;', '5', '1');
INSERT INTO "QueryColumnAccess" ("queryId", "columnId")
    VALUES ('1229', '1');
INSERT INTO "QueryColumnAccess" ("queryId", "columnId")
    VALUES ('1229', '6');
INSERT INTO "QueryTableAccess" ("queryId", "tableId")
    VALUES ('1229', '5');
INSERT INTO "QueryTableAccess" ("queryId", "tableId")
    VALUES ('1229', '3');
SELECT 'Screenings.ticket_price', 'Movies.director' FROM Screenings LEFT OUTER JOIN Movies ON 'Screenings.ticket_price' = 'Movies.director';
INSERT INTO "SqlQuery" ("queryId", "userId", "issuedAt", "finishedAt", "hasError", "errorMessage", "statement", "projectId", "queryTypeId")
    VALUES ('1230', '11', '2023-06-18 22:05:55.606536', '2023-06-18 22:05:59.606536', 'False', 'None', 'SELECT Screenings.ticket_price, Movies.director FROM Screenings LEFT OUTER JOIN Movies ON Screenings.ticket_price = Movies.director;', '5', '1');
INSERT INTO "QueryColumnAccess" ("queryId", "columnId")
    VALUES ('1230', '6');
INSERT INTO "QueryColumnAccess" ("queryId", "columnId")
    VALUES ('1230', '5');
INSERT INTO "QueryTableAccess" ("queryId", "tableId")
    VALUES ('1230', '5');
INSERT INTO "QueryTableAccess" ("queryId", "tableId")
    VALUES ('1230', '1');
SELECT 'Movies.movie_id', 'Screenings.movie_id' FROM Movies NATURAL JOIN Screenings ON 'Movies.movie_id' = 'Screenings.movie_id';
INSERT INTO "SqlQuery" ("queryId", "userId", "issuedAt", "finishedAt", "hasError", "errorMessage", "statement", "projectId", "queryTypeId")
    VALUES ('1231', '4', '2023-06-27 22:05:55.606545', '2023-06-27 22:05:59.606545', 'False', 'None', 'SELECT Movies.movie_id, Screenings.movie_id FROM Movies NATURAL JOIN Screenings ON Movies.movie_id = Screenings.movie_id;', '5', '1');
INSERT INTO "QueryColumnAccess" ("queryId", "columnId")
    VALUES ('1231', '1');
INSERT INTO "QueryColumnAccess" ("queryId", "columnId")
    VALUES ('1231', '2');
INSERT INTO "QueryTableAccess" ("queryId", "tableId")
    VALUES ('1231', '1');
INSERT INTO "QueryTableAccess" ("queryId", "tableId")
    VALUES ('1231', '5');
SELECT 'Theaters.theater_name', 'Actors.gender' FROM Theaters NATURAL JOIN Actors ON 'Theaters.theater_name' = 'Actors.gender';
INSERT INTO "SqlQuery" ("queryId", "userId", "issuedAt", "finishedAt", "hasError", "errorMessage", "statement", "projectId", "queryTypeId")
    VALUES ('1232', '5', '2023-06-04 22:05:55.606558', '2023-06-04 22:05:59.606558', 'False', 'None', 'SELECT Theaters.theater_name, Actors.gender FROM Theaters NATURAL JOIN Actors ON Theaters.theater_name = Actors.gender;', '5', '1');
INSERT INTO "QueryColumnAccess" ("queryId", "columnId")
    VALUES ('1232', '2');
INSERT INTO "QueryColumnAccess" ("queryId", "columnId")
    VALUES ('1232', '5');
INSERT INTO "QueryTableAccess" ("queryId", "tableId")
    VALUES ('1232', '4');
INSERT INTO "QueryTableAccess" ("queryId", "tableId")
    VALUES ('1232', '2');
SELECT 'Reviews.rating', 'Screenings.start_time' FROM Reviews RIGHT OUTER JOIN Screenings ON 'Reviews.rating' = 'Screenings.start_time';
INSERT INTO "SqlQuery" ("queryId", "userId", "issuedAt", "finishedAt", "hasError", "errorMessage", "statement", "projectId", "queryTypeId")
    VALUES ('1233', '15', '2023-06-10 22:05:55.606567', '2023-06-10 22:05:58.606567', 'False', 'None', 'SELECT Reviews.rating, Screenings.start_time FROM Reviews RIGHT OUTER JOIN Screenings ON Reviews.rating = Screenings.start_time;', '5', '1');
INSERT INTO "QueryColumnAccess" ("queryId", "columnId")
    VALUES ('1233', '4');
INSERT INTO "QueryColumnAccess" ("queryId", "columnId")
    VALUES ('1233', '4');
INSERT INTO "QueryTableAccess" ("queryId", "tableId")
    VALUES ('1233', '3');
INSERT INTO "QueryTableAccess" ("queryId", "tableId")
    VALUES ('1233', '5');
SELECT 'Screenings.theater_id', 'Theaters.theater_name' FROM Screenings NATURAL JOIN Theaters ON 'Screenings.theater_id' = 'Theaters.theater_name';
INSERT INTO "SqlQuery" ("queryId", "userId", "issuedAt", "finishedAt", "hasError", "errorMessage", "statement", "projectId", "queryTypeId")
    VALUES ('1234', '9', '2023-06-25 22:05:55.606576', '2023-06-25 22:05:58.606576', 'False', 'None', 'SELECT Screenings.theater_id, Theaters.theater_name FROM Screenings NATURAL JOIN Theaters ON Screenings.theater_id = Theaters.theater_name;', '5', '1');
INSERT INTO "QueryColumnAccess" ("queryId", "columnId")
    VALUES ('1234', '3');
INSERT INTO "QueryColumnAccess" ("queryId", "columnId")
    VALUES ('1234', '2');
INSERT INTO "QueryTableAccess" ("queryId", "tableId")
    VALUES ('1234', '5');
INSERT INTO "QueryTableAccess" ("queryId", "tableId")
    VALUES ('1234', '4');
SELECT 'Movies.release_date', 'Actors.actor_id' FROM Movies NATURAL JOIN Actors ON 'Movies.release_date' = 'Actors.actor_id';
INSERT INTO "SqlQuery" ("queryId", "userId", "issuedAt", "finishedAt", "hasError", "errorMessage", "statement", "projectId", "queryTypeId")
    VALUES ('1235', '15', '2023-05-09 22:05:55.606585', '2023-05-09 22:05:59.606585', 'False', 'None', 'SELECT Movies.release_date, Actors.actor_id FROM Movies NATURAL JOIN Actors ON Movies.release_date = Actors.actor_id;', '5', '1');
INSERT INTO "QueryColumnAccess" ("queryId", "columnId")
    VALUES ('1235', '3');
INSERT INTO "QueryColumnAccess" ("queryId", "columnId")
    VALUES ('1235', '1');
INSERT INTO "QueryTableAccess" ("queryId", "tableId")
    VALUES ('1235', '1');
INSERT INTO "QueryTableAccess" ("queryId", "tableId")
    VALUES ('1235', '2');
SELECT 'Screenings.screening_id', 'Reviews.rating' FROM Screenings LEFT OUTER JOIN Reviews ON 'Screenings.screening_id' = 'Reviews.rating';
INSERT INTO "SqlQuery" ("queryId", "userId", "issuedAt", "finishedAt", "hasError", "errorMessage", "statement", "projectId", "queryTypeId")
    VALUES ('1236', '2', '2023-05-24 22:05:55.606594', '2023-05-24 22:05:59.606594', 'False', 'None', 'SELECT Screenings.screening_id, Reviews.rating FROM Screenings LEFT OUTER JOIN Reviews ON Screenings.screening_id = Reviews.rating;', '5', '1');
INSERT INTO "QueryColumnAccess" ("queryId", "columnId")
    VALUES ('1236', '1');
INSERT INTO "QueryColumnAccess" ("queryId", "columnId")
    VALUES ('1236', '4');
INSERT INTO "QueryTableAccess" ("queryId", "tableId")
    VALUES ('1236', '5');
INSERT INTO "QueryTableAccess" ("queryId", "tableId")
    VALUES ('1236', '3');
SELECT 'Movies.rating', 'Actors.last_name' FROM Movies RIGHT OUTER JOIN Actors ON 'Movies.rating' = 'Actors.last_name';
INSERT INTO "SqlQuery" ("queryId", "userId", "issuedAt", "finishedAt", "hasError", "errorMessage", "statement", "projectId", "queryTypeId")
    VALUES ('1237', '3', '2023-05-18 22:05:55.606603', '2023-05-18 22:05:57.606603', 'False', 'None', 'SELECT Movies.rating, Actors.last_name FROM Movies RIGHT OUTER JOIN Actors ON Movies.rating = Actors.last_name;', '5', '1');
INSERT INTO "QueryColumnAccess" ("queryId", "columnId")
    VALUES ('1237', '7');
INSERT INTO "QueryColumnAccess" ("queryId", "columnId")
    VALUES ('1237', '3');
INSERT INTO "QueryTableAccess" ("queryId", "tableId")
    VALUES ('1237', '1');
INSERT INTO "QueryTableAccess" ("queryId", "tableId")
    VALUES ('1237', '2');
SELECT 'Screenings.end_time', 'Theaters.phone_number' FROM Screenings LEFT OUTER JOIN Theaters ON 'Screenings.end_time' = 'Theaters.phone_number';
INSERT INTO "SqlQuery" ("queryId", "userId", "issuedAt", "finishedAt", "hasError", "errorMessage", "statement", "projectId", "queryTypeId")
    VALUES ('1238', '6', '2023-05-25 22:05:55.606612', '2023-05-25 22:05:59.606612', 'False', 'None', 'SELECT Screenings.end_time, Theaters.phone_number FROM Screenings LEFT OUTER JOIN Theaters ON Screenings.end_time = Theaters.phone_number;', '5', '1');
INSERT INTO "QueryColumnAccess" ("queryId", "columnId")
    VALUES ('1238', '5');
INSERT INTO "QueryColumnAccess" ("queryId", "columnId")
    VALUES ('1238', '5');
INSERT INTO "QueryTableAccess" ("queryId", "tableId")
    VALUES ('1238', '5');
INSERT INTO "QueryTableAccess" ("queryId", "tableId")
    VALUES ('1238', '4');
SELECT 'Theaters.location', 'Actors.date_of_birth' FROM Theaters LEFT OUTER JOIN Actors ON 'Theaters.location' = 'Actors.date_of_birth';
INSERT INTO "SqlQuery" ("queryId", "userId", "issuedAt", "finishedAt", "hasError", "errorMessage", "statement", "projectId", "queryTypeId")
    VALUES ('1239', '8', '2023-07-02 22:05:55.606621', '2023-07-02 22:05:56.606621', 'False', 'None', 'SELECT Theaters.location, Actors.date_of_birth FROM Theaters LEFT OUTER JOIN Actors ON Theaters.location = Actors.date_of_birth;', '5', '1');
INSERT INTO "QueryColumnAccess" ("queryId", "columnId")
    VALUES ('1239', '3');
INSERT INTO "QueryColumnAccess" ("queryId", "columnId")
    VALUES ('1239', '4');
INSERT INTO "QueryTableAccess" ("queryId", "tableId")
    VALUES ('1239', '4');
INSERT INTO "QueryTableAccess" ("queryId", "tableId")
    VALUES ('1239', '2');
SELECT 'Theaters.capacity', 'Reviews.comment' FROM Theaters RIGHT OUTER JOIN Reviews ON 'Theaters.capacity' = 'Reviews.comment';
INSERT INTO "SqlQuery" ("queryId", "userId", "issuedAt", "finishedAt", "hasError", "errorMessage", "statement", "projectId", "queryTypeId")
    VALUES ('1240', '14', '2023-05-28 22:05:55.606630', '2023-05-28 22:05:57.606630', 'False', 'None', 'SELECT Theaters.capacity, Reviews.comment FROM Theaters RIGHT OUTER JOIN Reviews ON Theaters.capacity = Reviews.comment;', '5', '1');
INSERT INTO "QueryColumnAccess" ("queryId", "columnId")
    VALUES ('1240', '4');
INSERT INTO "QueryColumnAccess" ("queryId", "columnId")
    VALUES ('1240', '5');
INSERT INTO "QueryTableAccess" ("queryId", "tableId")
    VALUES ('1240', '4');
INSERT INTO "QueryTableAccess" ("queryId", "tableId")
    VALUES ('1240', '3');
SELECT 'Actors.nationality', 'Movies.movie_id' FROM Actors NATURAL JOIN Movies ON 'Actors.nationality' = 'Movies.movie_id';
INSERT INTO "SqlQuery" ("queryId", "userId", "issuedAt", "finishedAt", "hasError", "errorMessage", "statement", "projectId", "queryTypeId")
    VALUES ('1241', '3', '2023-05-26 22:05:55.606639', '2023-05-26 22:05:59.606639', 'False', 'None', 'SELECT Actors.nationality, Movies.movie_id FROM Actors NATURAL JOIN Movies ON Actors.nationality = Movies.movie_id;', '5', '1');
INSERT INTO "QueryColumnAccess" ("queryId", "columnId")
    VALUES ('1241', '6');
INSERT INTO "QueryColumnAccess" ("queryId", "columnId")
    VALUES ('1241', '1');
INSERT INTO "QueryTableAccess" ("queryId", "tableId")
    VALUES ('1241', '2');
INSERT INTO "QueryTableAccess" ("queryId", "tableId")
    VALUES ('1241', '1');
SELECT 'Actors.gender', 'Movies.director' FROM Actors LEFT OUTER JOIN Movies ON 'Actors.gender' = 'Movies.director';
INSERT INTO "SqlQuery" ("queryId", "userId", "issuedAt", "finishedAt", "hasError", "errorMessage", "statement", "projectId", "queryTypeId")
    VALUES ('1242', '3', '2023-05-21 22:05:55.606655', '2023-05-21 22:05:58.606655', 'False', 'None', 'SELECT Actors.gender, Movies.director FROM Actors LEFT OUTER JOIN Movies ON Actors.gender = Movies.director;', '5', '1');
INSERT INTO "QueryColumnAccess" ("queryId", "columnId")
    VALUES ('1242', '5');
INSERT INTO "QueryColumnAccess" ("queryId", "columnId")
    VALUES ('1242', '5');
INSERT INTO "QueryTableAccess" ("queryId", "tableId")
    VALUES ('1242', '2');
INSERT INTO "QueryTableAccess" ("queryId", "tableId")
    VALUES ('1242', '1');
SELECT 'Actors.gender', 'Movies.director' FROM Actors NATURAL JOIN Movies ON 'Actors.gender' = 'Movies.director';
INSERT INTO "SqlQuery" ("queryId", "userId", "issuedAt", "finishedAt", "hasError", "errorMessage", "statement", "projectId", "queryTypeId")
    VALUES ('1243', '2', '2023-05-12 22:05:55.606665', '2023-05-12 22:05:59.606665', 'False', 'None', 'SELECT Actors.gender, Movies.director FROM Actors NATURAL JOIN Movies ON Actors.gender = Movies.director;', '5', '1');
INSERT INTO "QueryColumnAccess" ("queryId", "columnId")
    VALUES ('1243', '5');
INSERT INTO "QueryColumnAccess" ("queryId", "columnId")
    VALUES ('1243', '5');
INSERT INTO "QueryTableAccess" ("queryId", "tableId")
    VALUES ('1243', '2');
INSERT INTO "QueryTableAccess" ("queryId", "tableId")
    VALUES ('1243', '1');
SELECT 'Screenings.screening_id', 'Reviews.review_date' FROM Screenings LEFT OUTER JOIN Reviews ON 'Screenings.screening_id' = 'Reviews.review_date';
INSERT INTO "SqlQuery" ("queryId", "userId", "issuedAt", "finishedAt", "hasError", "errorMessage", "statement", "projectId", "queryTypeId")
    VALUES ('1244', '4', '2023-04-17 22:05:55.606673', '2023-04-17 22:05:59.606673', 'False', 'None', 'SELECT Screenings.screening_id, Reviews.review_date FROM Screenings LEFT OUTER JOIN Reviews ON Screenings.screening_id = Reviews.review_date;', '5', '1');
INSERT INTO "QueryColumnAccess" ("queryId", "columnId")
    VALUES ('1244', '1');
INSERT INTO "QueryColumnAccess" ("queryId", "columnId")
    VALUES ('1244', '6');
INSERT INTO "QueryTableAccess" ("queryId", "tableId")
    VALUES ('1244', '5');
INSERT INTO "QueryTableAccess" ("queryId", "tableId")
    VALUES ('1244', '3');
SELECT 'Theaters.theater_id', 'Movies.duration' FROM Theaters RIGHT OUTER JOIN Movies ON 'Theaters.theater_id' = 'Movies.duration';
INSERT INTO "SqlQuery" ("queryId", "userId", "issuedAt", "finishedAt", "hasError", "errorMessage", "statement", "projectId", "queryTypeId")
    VALUES ('1245', '1', '2023-04-26 22:05:55.606682', '2023-04-26 22:05:59.606682', 'False', 'None', 'SELECT Theaters.theater_id, Movies.duration FROM Theaters RIGHT OUTER JOIN Movies ON Theaters.theater_id = Movies.duration;', '5', '1');
INSERT INTO "QueryColumnAccess" ("queryId", "columnId")
    VALUES ('1245', '1');
INSERT INTO "QueryColumnAccess" ("queryId", "columnId")
    VALUES ('1245', '6');
INSERT INTO "QueryTableAccess" ("queryId", "tableId")
    VALUES ('1245', '4');
INSERT INTO "QueryTableAccess" ("queryId", "tableId")
    VALUES ('1245', '1');
SELECT 'Reviews.rating', 'Movies.genre' FROM Reviews LEFT OUTER JOIN Movies ON 'Reviews.rating' = 'Movies.genre';
INSERT INTO "SqlQuery" ("queryId", "userId", "issuedAt", "finishedAt", "hasError", "errorMessage", "statement", "projectId", "queryTypeId")
    VALUES ('1246', '11', '2023-05-02 22:05:55.606691', '2023-05-02 22:05:57.606691', 'False', 'None', 'SELECT Reviews.rating, Movies.genre FROM Reviews LEFT OUTER JOIN Movies ON Reviews.rating = Movies.genre;', '5', '1');
INSERT INTO "QueryColumnAccess" ("queryId", "columnId")
    VALUES ('1246', '4');
INSERT INTO "QueryColumnAccess" ("queryId", "columnId")
    VALUES ('1246', '4');
INSERT INTO "QueryTableAccess" ("queryId", "tableId")
    VALUES ('1246', '3');
INSERT INTO "QueryTableAccess" ("queryId", "tableId")
    VALUES ('1246', '1');
SELECT 'Movies.rating', 'Reviews.review_id' FROM Movies LEFT OUTER JOIN Reviews ON 'Movies.rating' = 'Reviews.review_id';
INSERT INTO "SqlQuery" ("queryId", "userId", "issuedAt", "finishedAt", "hasError", "errorMessage", "statement", "projectId", "queryTypeId")
    VALUES ('1247', '2', '2023-06-04 22:05:55.606700', '2023-06-04 22:05:56.606700', 'False', 'None', 'SELECT Movies.rating, Reviews.review_id FROM Movies LEFT OUTER JOIN Reviews ON Movies.rating = Reviews.review_id;', '5', '1');
INSERT INTO "QueryColumnAccess" ("queryId", "columnId")
    VALUES ('1247', '7');
INSERT INTO "QueryColumnAccess" ("queryId", "columnId")
    VALUES ('1247', '1');
INSERT INTO "QueryTableAccess" ("queryId", "tableId")
    VALUES ('1247', '1');
INSERT INTO "QueryTableAccess" ("queryId", "tableId")
    VALUES ('1247', '3');
SELECT 'Movies.duration', 'Theaters.capacity' FROM Movies LEFT OUTER JOIN Theaters ON 'Movies.duration' = 'Theaters.capacity';
INSERT INTO "SqlQuery" ("queryId", "userId", "issuedAt", "finishedAt", "hasError", "errorMessage", "statement", "projectId", "queryTypeId")
    VALUES ('1248', '11', '2023-07-04 22:05:55.606708', '2023-07-04 22:05:57.606708', 'False', 'None', 'SELECT Movies.duration, Theaters.capacity FROM Movies LEFT OUTER JOIN Theaters ON Movies.duration = Theaters.capacity;', '5', '1');
INSERT INTO "QueryColumnAccess" ("queryId", "columnId")
    VALUES ('1248', '6');
INSERT INTO "QueryColumnAccess" ("queryId", "columnId")
    VALUES ('1248', '4');
INSERT INTO "QueryTableAccess" ("queryId", "tableId")
    VALUES ('1248', '1');
INSERT INTO "QueryTableAccess" ("queryId", "tableId")
    VALUES ('1248', '4');
SELECT 'Actors.date_of_birth', 'Theaters.theater_id' FROM Actors NATURAL JOIN Theaters ON 'Actors.date_of_birth' = 'Theaters.theater_id';
INSERT INTO "SqlQuery" ("queryId", "userId", "issuedAt", "finishedAt", "hasError", "errorMessage", "statement", "projectId", "queryTypeId")
    VALUES ('1249', '1', '2023-05-01 22:05:55.606717', '2023-05-01 22:05:59.606717', 'False', 'None', 'SELECT Actors.date_of_birth, Theaters.theater_id FROM Actors NATURAL JOIN Theaters ON Actors.date_of_birth = Theaters.theater_id;', '5', '1');
INSERT INTO "QueryColumnAccess" ("queryId", "columnId")
    VALUES ('1249', '4');
INSERT INTO "QueryColumnAccess" ("queryId", "columnId")
    VALUES ('1249', '1');
INSERT INTO "QueryTableAccess" ("queryId", "tableId")
    VALUES ('1249', '2');
INSERT INTO "QueryTableAccess" ("queryId", "tableId")
    VALUES ('1249', '4');
SELECT 'Actors.date_of_birth', 'Movies.movie_id' FROM Actors LEFT OUTER JOIN Movies ON 'Actors.date_of_birth' = 'Movies.movie_id';
INSERT INTO "SqlQuery" ("queryId", "userId", "issuedAt", "finishedAt", "hasError", "errorMessage", "statement", "projectId", "queryTypeId")
    VALUES ('1250', '10', '2023-06-25 22:05:55.606726', '2023-06-25 22:05:58.606726', 'False', 'None', 'SELECT Actors.date_of_birth, Movies.movie_id FROM Actors LEFT OUTER JOIN Movies ON Actors.date_of_birth = Movies.movie_id;', '5', '1');
INSERT INTO "QueryColumnAccess" ("queryId", "columnId")
    VALUES ('1250', '4');
INSERT INTO "QueryColumnAccess" ("queryId", "columnId")
    VALUES ('1250', '1');
INSERT INTO "QueryTableAccess" ("queryId", "tableId")
    VALUES ('1250', '2');
INSERT INTO "QueryTableAccess" ("queryId", "tableId")
    VALUES ('1250', '1');
SELECT 'Reviews.movie_id', 'Movies.duration' FROM Reviews RIGHT OUTER JOIN Movies ON 'Reviews.movie_id' = 'Movies.duration';
INSERT INTO "SqlQuery" ("queryId", "userId", "issuedAt", "finishedAt", "hasError", "errorMessage", "statement", "projectId", "queryTypeId")
    VALUES ('1251', '14', '2023-04-26 22:05:55.606736', '2023-04-26 22:05:59.606736', 'False', 'None', 'SELECT Reviews.movie_id, Movies.duration FROM Reviews RIGHT OUTER JOIN Movies ON Reviews.movie_id = Movies.duration;', '5', '1');
INSERT INTO "QueryColumnAccess" ("queryId", "columnId")
    VALUES ('1251', '2');
INSERT INTO "QueryColumnAccess" ("queryId", "columnId")
    VALUES ('1251', '6');
INSERT INTO "QueryTableAccess" ("queryId", "tableId")
    VALUES ('1251', '3');
INSERT INTO "QueryTableAccess" ("queryId", "tableId")
    VALUES ('1251', '1');
SELECT 'Screenings.movie_id', 'Actors.gender' FROM Screenings LEFT OUTER JOIN Actors ON 'Screenings.movie_id' = 'Actors.gender';
INSERT INTO "SqlQuery" ("queryId", "userId", "issuedAt", "finishedAt", "hasError", "errorMessage", "statement", "projectId", "queryTypeId")
    VALUES ('1252', '3', '2023-05-11 22:05:55.606750', '2023-05-11 22:05:58.606750', 'False', 'None', 'SELECT Screenings.movie_id, Actors.gender FROM Screenings LEFT OUTER JOIN Actors ON Screenings.movie_id = Actors.gender;', '5', '1');
INSERT INTO "QueryColumnAccess" ("queryId", "columnId")
    VALUES ('1252', '2');
INSERT INTO "QueryColumnAccess" ("queryId", "columnId")
    VALUES ('1252', '5');
INSERT INTO "QueryTableAccess" ("queryId", "tableId")
    VALUES ('1252', '5');
INSERT INTO "QueryTableAccess" ("queryId", "tableId")
    VALUES ('1252', '2');
SELECT 'Actors.last_name', 'Screenings.theater_id' FROM Actors NATURAL JOIN Screenings ON 'Actors.last_name' = 'Screenings.theater_id';
INSERT INTO "SqlQuery" ("queryId", "userId", "issuedAt", "finishedAt", "hasError", "errorMessage", "statement", "projectId", "queryTypeId")
    VALUES ('1253', '13', '2023-06-16 22:05:55.606759', '2023-06-16 22:05:56.606759', 'False', 'None', 'SELECT Actors.last_name, Screenings.theater_id FROM Actors NATURAL JOIN Screenings ON Actors.last_name = Screenings.theater_id;', '5', '1');
INSERT INTO "QueryColumnAccess" ("queryId", "columnId")
    VALUES ('1253', '3');
INSERT INTO "QueryColumnAccess" ("queryId", "columnId")
    VALUES ('1253', '3');
INSERT INTO "QueryTableAccess" ("queryId", "tableId")
    VALUES ('1253', '2');
INSERT INTO "QueryTableAccess" ("queryId", "tableId")
    VALUES ('1253', '5');
SELECT 'Reviews.comment', 'Actors.first_name' FROM Reviews LEFT OUTER JOIN Actors ON 'Reviews.comment' = 'Actors.first_name';
INSERT INTO "SqlQuery" ("queryId", "userId", "issuedAt", "finishedAt", "hasError", "errorMessage", "statement", "projectId", "queryTypeId")
    VALUES ('1254', '3', '2023-07-09 22:05:55.606768', '2023-07-09 22:05:56.606768', 'False', 'None', 'SELECT Reviews.comment, Actors.first_name FROM Reviews LEFT OUTER JOIN Actors ON Reviews.comment = Actors.first_name;', '5', '1');
INSERT INTO "QueryColumnAccess" ("queryId", "columnId")
    VALUES ('1254', '5');
INSERT INTO "QueryColumnAccess" ("queryId", "columnId")
    VALUES ('1254', '2');
INSERT INTO "QueryTableAccess" ("queryId", "tableId")
    VALUES ('1254', '3');
INSERT INTO "QueryTableAccess" ("queryId", "tableId")
    VALUES ('1254', '2');
SELECT 'Theaters.theater_id', 'Movies.genre' FROM Theaters LEFT OUTER JOIN Movies ON 'Theaters.theater_id' = 'Movies.genre';
INSERT INTO "SqlQuery" ("queryId", "userId", "issuedAt", "finishedAt", "hasError", "errorMessage", "statement", "projectId", "queryTypeId")
    VALUES ('1255', '15', '2023-05-29 22:05:55.606776', '2023-05-29 22:05:56.606776', 'False', 'None', 'SELECT Theaters.theater_id, Movies.genre FROM Theaters LEFT OUTER JOIN Movies ON Theaters.theater_id = Movies.genre;', '5', '1');
INSERT INTO "QueryColumnAccess" ("queryId", "columnId")
    VALUES ('1255', '1');
INSERT INTO "QueryColumnAccess" ("queryId", "columnId")
    VALUES ('1255', '4');
INSERT INTO "QueryTableAccess" ("queryId", "tableId")
    VALUES ('1255', '4');
INSERT INTO "QueryTableAccess" ("queryId", "tableId")
    VALUES ('1255', '1');
SELECT 'Movies.genre', 'Screenings.ticket_price' FROM Movies RIGHT OUTER JOIN Screenings ON 'Movies.genre' = 'Screenings.ticket_price';
INSERT INTO "SqlQuery" ("queryId", "userId", "issuedAt", "finishedAt", "hasError", "errorMessage", "statement", "projectId", "queryTypeId")
    VALUES ('1256', '4', '2023-05-16 22:05:55.606785', '2023-05-16 22:05:56.606785', 'False', 'None', 'SELECT Movies.genre, Screenings.ticket_price FROM Movies RIGHT OUTER JOIN Screenings ON Movies.genre = Screenings.ticket_price;', '5', '1');
INSERT INTO "QueryColumnAccess" ("queryId", "columnId")
    VALUES ('1256', '4');
INSERT INTO "QueryColumnAccess" ("queryId", "columnId")
    VALUES ('1256', '6');
INSERT INTO "QueryTableAccess" ("queryId", "tableId")
    VALUES ('1256', '1');
INSERT INTO "QueryTableAccess" ("queryId", "tableId")
    VALUES ('1256', '5');
SELECT 'Actors.nationality', 'Screenings.start_time' FROM Actors NATURAL JOIN Screenings ON 'Actors.nationality' = 'Screenings.start_time';
INSERT INTO "SqlQuery" ("queryId", "userId", "issuedAt", "finishedAt", "hasError", "errorMessage", "statement", "projectId", "queryTypeId")
    VALUES ('1257', '12', '2023-06-26 22:05:55.606794', '2023-06-26 22:05:57.606794', 'False', 'None', 'SELECT Actors.nationality, Screenings.start_time FROM Actors NATURAL JOIN Screenings ON Actors.nationality = Screenings.start_time;', '5', '1');
INSERT INTO "QueryColumnAccess" ("queryId", "columnId")
    VALUES ('1257', '6');
INSERT INTO "QueryColumnAccess" ("queryId", "columnId")
    VALUES ('1257', '4');
INSERT INTO "QueryTableAccess" ("queryId", "tableId")
    VALUES ('1257', '2');
INSERT INTO "QueryTableAccess" ("queryId", "tableId")
    VALUES ('1257', '5');
SELECT 'Movies.director', 'Actors.actor_id' FROM Movies NATURAL JOIN Actors ON 'Movies.director' = 'Actors.actor_id';
INSERT INTO "SqlQuery" ("queryId", "userId", "issuedAt", "finishedAt", "hasError", "errorMessage", "statement", "projectId", "queryTypeId")
    VALUES ('1258', '4', '2023-05-07 22:05:55.606802', '2023-05-07 22:05:59.606802', 'False', 'None', 'SELECT Movies.director, Actors.actor_id FROM Movies NATURAL JOIN Actors ON Movies.director = Actors.actor_id;', '5', '1');
INSERT INTO "QueryColumnAccess" ("queryId", "columnId")
    VALUES ('1258', '5');
INSERT INTO "QueryColumnAccess" ("queryId", "columnId")
    VALUES ('1258', '1');
INSERT INTO "QueryTableAccess" ("queryId", "tableId")
    VALUES ('1258', '1');
INSERT INTO "QueryTableAccess" ("queryId", "tableId")
    VALUES ('1258', '2');
SELECT 'Actors.date_of_birth', 'Theaters.capacity' FROM Actors LEFT OUTER JOIN Theaters ON 'Actors.date_of_birth' = 'Theaters.capacity';
INSERT INTO "SqlQuery" ("queryId", "userId", "issuedAt", "finishedAt", "hasError", "errorMessage", "statement", "projectId", "queryTypeId")
    VALUES ('1259', '5', '2023-06-15 22:05:55.606811', '2023-06-15 22:05:59.606811', 'False', 'None', 'SELECT Actors.date_of_birth, Theaters.capacity FROM Actors LEFT OUTER JOIN Theaters ON Actors.date_of_birth = Theaters.capacity;', '5', '1');
INSERT INTO "QueryColumnAccess" ("queryId", "columnId")
    VALUES ('1259', '4');
INSERT INTO "QueryColumnAccess" ("queryId", "columnId")
    VALUES ('1259', '4');
INSERT INTO "QueryTableAccess" ("queryId", "tableId")
    VALUES ('1259', '2');
INSERT INTO "QueryTableAccess" ("queryId", "tableId")
    VALUES ('1259', '4');
SELECT 'Screenings.end_time', 'Movies.genre' FROM Screenings NATURAL JOIN Movies ON 'Screenings.end_time' = 'Movies.genre';
INSERT INTO "SqlQuery" ("queryId", "userId", "issuedAt", "finishedAt", "hasError", "errorMessage", "statement", "projectId", "queryTypeId")
    VALUES ('1260', '1', '2023-06-04 22:05:55.606820', '2023-06-04 22:05:58.606820', 'False', 'None', 'SELECT Screenings.end_time, Movies.genre FROM Screenings NATURAL JOIN Movies ON Screenings.end_time = Movies.genre;', '5', '1');
INSERT INTO "QueryColumnAccess" ("queryId", "columnId")
    VALUES ('1260', '5');
INSERT INTO "QueryColumnAccess" ("queryId", "columnId")
    VALUES ('1260', '4');
INSERT INTO "QueryTableAccess" ("queryId", "tableId")
    VALUES ('1260', '5');
INSERT INTO "QueryTableAccess" ("queryId", "tableId")
    VALUES ('1260', '1');
SELECT 'Screenings.start_time', 'Theaters.theater_name' FROM Screenings NATURAL JOIN Theaters ON 'Screenings.start_time' = 'Theaters.theater_name';
INSERT INTO "SqlQuery" ("queryId", "userId", "issuedAt", "finishedAt", "hasError", "errorMessage", "statement", "projectId", "queryTypeId")
    VALUES ('1261', '1', '2023-06-28 22:05:55.606832', '2023-06-28 22:05:58.606832', 'False', 'None', 'SELECT Screenings.start_time, Theaters.theater_name FROM Screenings NATURAL JOIN Theaters ON Screenings.start_time = Theaters.theater_name;', '5', '1');
INSERT INTO "QueryColumnAccess" ("queryId", "columnId")
    VALUES ('1261', '4');
INSERT INTO "QueryColumnAccess" ("queryId", "columnId")
    VALUES ('1261', '2');
INSERT INTO "QueryTableAccess" ("queryId", "tableId")
    VALUES ('1261', '5');
INSERT INTO "QueryTableAccess" ("queryId", "tableId")
    VALUES ('1261', '4');
SELECT 'Reviews.review_date', 'Screenings.screening_id' FROM Reviews LEFT OUTER JOIN Screenings ON 'Reviews.review_date' = 'Screenings.screening_id';
INSERT INTO "SqlQuery" ("queryId", "userId", "issuedAt", "finishedAt", "hasError", "errorMessage", "statement", "projectId", "queryTypeId")
    VALUES ('1262', '9', '2023-06-04 22:05:55.606841', '2023-06-04 22:05:59.606841', 'False', 'None', 'SELECT Reviews.review_date, Screenings.screening_id FROM Reviews LEFT OUTER JOIN Screenings ON Reviews.review_date = Screenings.screening_id;', '5', '1');
INSERT INTO "QueryColumnAccess" ("queryId", "columnId")
    VALUES ('1262', '6');
INSERT INTO "QueryColumnAccess" ("queryId", "columnId")
    VALUES ('1262', '1');
INSERT INTO "QueryTableAccess" ("queryId", "tableId")
    VALUES ('1262', '3');
INSERT INTO "QueryTableAccess" ("queryId", "tableId")
    VALUES ('1262', '5');
SELECT 'Screenings.ticket_price', 'Theaters.theater_id' FROM Screenings RIGHT OUTER JOIN Theaters ON 'Screenings.ticket_price' = 'Theaters.theater_id';
INSERT INTO "SqlQuery" ("queryId", "userId", "issuedAt", "finishedAt", "hasError", "errorMessage", "statement", "projectId", "queryTypeId")
    VALUES ('1263', '4', '2023-07-05 22:05:55.606850', '2023-07-05 22:05:56.606850', 'False', 'None', 'SELECT Screenings.ticket_price, Theaters.theater_id FROM Screenings RIGHT OUTER JOIN Theaters ON Screenings.ticket_price = Theaters.theater_id;', '5', '1');
INSERT INTO "QueryColumnAccess" ("queryId", "columnId")
    VALUES ('1263', '6');
INSERT INTO "QueryColumnAccess" ("queryId", "columnId")
    VALUES ('1263', '1');
INSERT INTO "QueryTableAccess" ("queryId", "tableId")
    VALUES ('1263', '5');
INSERT INTO "QueryTableAccess" ("queryId", "tableId")
    VALUES ('1263', '4');
SELECT 'Theaters.theater_name', 'Movies.release_date' FROM Theaters NATURAL JOIN Movies ON 'Theaters.theater_name' = 'Movies.release_date';
INSERT INTO "SqlQuery" ("queryId", "userId", "issuedAt", "finishedAt", "hasError", "errorMessage", "statement", "projectId", "queryTypeId")
    VALUES ('1264', '13', '2023-05-12 22:05:55.606859', '2023-05-12 22:05:58.606859', 'False', 'None', 'SELECT Theaters.theater_name, Movies.release_date FROM Theaters NATURAL JOIN Movies ON Theaters.theater_name = Movies.release_date;', '5', '1');
INSERT INTO "QueryColumnAccess" ("queryId", "columnId")
    VALUES ('1264', '2');
INSERT INTO "QueryColumnAccess" ("queryId", "columnId")
    VALUES ('1264', '3');
INSERT INTO "QueryTableAccess" ("queryId", "tableId")
    VALUES ('1264', '4');
INSERT INTO "QueryTableAccess" ("queryId", "tableId")
    VALUES ('1264', '1');
SELECT 'Theaters.location', 'Reviews.rating' FROM Theaters RIGHT OUTER JOIN Reviews ON 'Theaters.location' = 'Reviews.rating';
INSERT INTO "SqlQuery" ("queryId", "userId", "issuedAt", "finishedAt", "hasError", "errorMessage", "statement", "projectId", "queryTypeId")
    VALUES ('1265', '15', '2023-05-16 22:05:55.606868', '2023-05-16 22:05:57.606868', 'False', 'None', 'SELECT Theaters.location, Reviews.rating FROM Theaters RIGHT OUTER JOIN Reviews ON Theaters.location = Reviews.rating;', '5', '1');
INSERT INTO "QueryColumnAccess" ("queryId", "columnId")
    VALUES ('1265', '3');
INSERT INTO "QueryColumnAccess" ("queryId", "columnId")
    VALUES ('1265', '4');
INSERT INTO "QueryTableAccess" ("queryId", "tableId")
    VALUES ('1265', '4');
INSERT INTO "QueryTableAccess" ("queryId", "tableId")
    VALUES ('1265', '3');
SELECT 'Screenings.movie_id', 'Theaters.capacity' FROM Screenings LEFT OUTER JOIN Theaters ON 'Screenings.movie_id' = 'Theaters.capacity';
INSERT INTO "SqlQuery" ("queryId", "userId", "issuedAt", "finishedAt", "hasError", "errorMessage", "statement", "projectId", "queryTypeId")
    VALUES ('1266', '11', '2023-07-03 22:05:55.606877', '2023-07-03 22:05:58.606877', 'False', 'None', 'SELECT Screenings.movie_id, Theaters.capacity FROM Screenings LEFT OUTER JOIN Theaters ON Screenings.movie_id = Theaters.capacity;', '5', '1');
INSERT INTO "QueryColumnAccess" ("queryId", "columnId")
    VALUES ('1266', '2');
INSERT INTO "QueryColumnAccess" ("queryId", "columnId")
    VALUES ('1266', '4');
INSERT INTO "QueryTableAccess" ("queryId", "tableId")
    VALUES ('1266', '5');
INSERT INTO "QueryTableAccess" ("queryId", "tableId")
    VALUES ('1266', '4');
SELECT 'Reviews.user_id', 'Theaters.location' FROM Reviews RIGHT OUTER JOIN Theaters ON 'Reviews.user_id' = 'Theaters.location';
INSERT INTO "SqlQuery" ("queryId", "userId", "issuedAt", "finishedAt", "hasError", "errorMessage", "statement", "projectId", "queryTypeId")
    VALUES ('1267', '1', '2023-06-20 22:05:55.606886', '2023-06-20 22:05:57.606886', 'False', 'None', 'SELECT Reviews.user_id, Theaters.location FROM Reviews RIGHT OUTER JOIN Theaters ON Reviews.user_id = Theaters.location;', '5', '1');
INSERT INTO "QueryColumnAccess" ("queryId", "columnId")
    VALUES ('1267', '3');
INSERT INTO "QueryColumnAccess" ("queryId", "columnId")
    VALUES ('1267', '3');
INSERT INTO "QueryTableAccess" ("queryId", "tableId")
    VALUES ('1267', '3');
INSERT INTO "QueryTableAccess" ("queryId", "tableId")
    VALUES ('1267', '4');
SELECT 'Screenings.screening_id', 'Actors.date_of_birth' FROM Screenings LEFT OUTER JOIN Actors ON 'Screenings.screening_id' = 'Actors.date_of_birth';
INSERT INTO "SqlQuery" ("queryId", "userId", "issuedAt", "finishedAt", "hasError", "errorMessage", "statement", "projectId", "queryTypeId")
    VALUES ('1268', '1', '2023-05-29 22:05:55.606894', '2023-05-29 22:05:59.606894', 'False', 'None', 'SELECT Screenings.screening_id, Actors.date_of_birth FROM Screenings LEFT OUTER JOIN Actors ON Screenings.screening_id = Actors.date_of_birth;', '5', '1');
INSERT INTO "QueryColumnAccess" ("queryId", "columnId")
    VALUES ('1268', '1');
INSERT INTO "QueryColumnAccess" ("queryId", "columnId")
    VALUES ('1268', '4');
INSERT INTO "QueryTableAccess" ("queryId", "tableId")
    VALUES ('1268', '5');
INSERT INTO "QueryTableAccess" ("queryId", "tableId")
    VALUES ('1268', '2');
SELECT 'Theaters.theater_id', 'Screenings.screening_id' FROM Theaters RIGHT OUTER JOIN Screenings ON 'Theaters.theater_id' = 'Screenings.screening_id';
INSERT INTO "SqlQuery" ("queryId", "userId", "issuedAt", "finishedAt", "hasError", "errorMessage", "statement", "projectId", "queryTypeId")
    VALUES ('1269', '3', '2023-06-16 22:05:55.606903', '2023-06-16 22:05:56.606903', 'False', 'None', 'SELECT Theaters.theater_id, Screenings.screening_id FROM Theaters RIGHT OUTER JOIN Screenings ON Theaters.theater_id = Screenings.screening_id;', '5', '1');
INSERT INTO "QueryColumnAccess" ("queryId", "columnId")
    VALUES ('1269', '1');
INSERT INTO "QueryColumnAccess" ("queryId", "columnId")
    VALUES ('1269', '1');
INSERT INTO "QueryTableAccess" ("queryId", "tableId")
    VALUES ('1269', '4');
INSERT INTO "QueryTableAccess" ("queryId", "tableId")
    VALUES ('1269', '5');
SELECT 'Actors.last_name', 'Screenings.movie_id' FROM Actors RIGHT OUTER JOIN Screenings ON 'Actors.last_name' = 'Screenings.movie_id';
INSERT INTO "SqlQuery" ("queryId", "userId", "issuedAt", "finishedAt", "hasError", "errorMessage", "statement", "projectId", "queryTypeId")
    VALUES ('1270', '14', '2023-04-25 22:05:55.606912', '2023-04-25 22:05:56.606912', 'False', 'None', 'SELECT Actors.last_name, Screenings.movie_id FROM Actors RIGHT OUTER JOIN Screenings ON Actors.last_name = Screenings.movie_id;', '5', '1');
INSERT INTO "QueryColumnAccess" ("queryId", "columnId")
    VALUES ('1270', '3');
INSERT INTO "QueryColumnAccess" ("queryId", "columnId")
    VALUES ('1270', '2');
INSERT INTO "QueryTableAccess" ("queryId", "tableId")
    VALUES ('1270', '2');
INSERT INTO "QueryTableAccess" ("queryId", "tableId")
    VALUES ('1270', '5');
SELECT 'Theaters.phone_number', 'Movies.rating' FROM Theaters LEFT OUTER JOIN Movies ON 'Theaters.phone_number' = 'Movies.rating';
INSERT INTO "SqlQuery" ("queryId", "userId", "issuedAt", "finishedAt", "hasError", "errorMessage", "statement", "projectId", "queryTypeId")
    VALUES ('1271', '7', '2023-07-07 22:05:55.606925', '2023-07-07 22:05:58.606925', 'False', 'None', 'SELECT Theaters.phone_number, Movies.rating FROM Theaters LEFT OUTER JOIN Movies ON Theaters.phone_number = Movies.rating;', '5', '1');
INSERT INTO "QueryColumnAccess" ("queryId", "columnId")
    VALUES ('1271', '5');
INSERT INTO "QueryColumnAccess" ("queryId", "columnId")
    VALUES ('1271', '7');
INSERT INTO "QueryTableAccess" ("queryId", "tableId")
    VALUES ('1271', '4');
INSERT INTO "QueryTableAccess" ("queryId", "tableId")
    VALUES ('1271', '1');
SELECT 'Theaters.capacity', 'Actors.last_name' FROM Theaters LEFT OUTER JOIN Actors ON 'Theaters.capacity' = 'Actors.last_name';
INSERT INTO "SqlQuery" ("queryId", "userId", "issuedAt", "finishedAt", "hasError", "errorMessage", "statement", "projectId", "queryTypeId")
    VALUES ('1272', '9', '2023-05-06 22:05:55.606934', '2023-05-06 22:05:56.606934', 'False', 'None', 'SELECT Theaters.capacity, Actors.last_name FROM Theaters LEFT OUTER JOIN Actors ON Theaters.capacity = Actors.last_name;', '5', '1');
INSERT INTO "QueryColumnAccess" ("queryId", "columnId")
    VALUES ('1272', '4');
INSERT INTO "QueryColumnAccess" ("queryId", "columnId")
    VALUES ('1272', '3');
INSERT INTO "QueryTableAccess" ("queryId", "tableId")
    VALUES ('1272', '4');
INSERT INTO "QueryTableAccess" ("queryId", "tableId")
    VALUES ('1272', '2');
SELECT 'Actors.nationality', 'Reviews.movie_id' FROM Actors RIGHT OUTER JOIN Reviews ON 'Actors.nationality' = 'Reviews.movie_id';
INSERT INTO "SqlQuery" ("queryId", "userId", "issuedAt", "finishedAt", "hasError", "errorMessage", "statement", "projectId", "queryTypeId")
    VALUES ('1273', '8', '2023-06-02 22:05:55.606942', '2023-06-02 22:05:59.606942', 'False', 'None', 'SELECT Actors.nationality, Reviews.movie_id FROM Actors RIGHT OUTER JOIN Reviews ON Actors.nationality = Reviews.movie_id;', '5', '1');
INSERT INTO "QueryColumnAccess" ("queryId", "columnId")
    VALUES ('1273', '6');
INSERT INTO "QueryColumnAccess" ("queryId", "columnId")
    VALUES ('1273', '2');
INSERT INTO "QueryTableAccess" ("queryId", "tableId")
    VALUES ('1273', '2');
INSERT INTO "QueryTableAccess" ("queryId", "tableId")
    VALUES ('1273', '3');
SELECT 'Reviews.comment', 'Screenings.screening_id' FROM Reviews NATURAL JOIN Screenings ON 'Reviews.comment' = 'Screenings.screening_id';
INSERT INTO "SqlQuery" ("queryId", "userId", "issuedAt", "finishedAt", "hasError", "errorMessage", "statement", "projectId", "queryTypeId")
    VALUES ('1274', '5', '2023-04-22 22:05:55.606951', '2023-04-22 22:05:59.606951', 'False', 'None', 'SELECT Reviews.comment, Screenings.screening_id FROM Reviews NATURAL JOIN Screenings ON Reviews.comment = Screenings.screening_id;', '5', '1');
INSERT INTO "QueryColumnAccess" ("queryId", "columnId")
    VALUES ('1274', '5');
INSERT INTO "QueryColumnAccess" ("queryId", "columnId")
    VALUES ('1274', '1');
INSERT INTO "QueryTableAccess" ("queryId", "tableId")
    VALUES ('1274', '3');
INSERT INTO "QueryTableAccess" ("queryId", "tableId")
    VALUES ('1274', '5');
SELECT 'Actors.gender', 'Theaters.capacity' FROM Actors LEFT OUTER JOIN Theaters ON 'Actors.gender' = 'Theaters.capacity';
INSERT INTO "SqlQuery" ("queryId", "userId", "issuedAt", "finishedAt", "hasError", "errorMessage", "statement", "projectId", "queryTypeId")
    VALUES ('1275', '11', '2023-05-26 22:05:55.606960', '2023-05-26 22:05:56.606960', 'False', 'None', 'SELECT Actors.gender, Theaters.capacity FROM Actors LEFT OUTER JOIN Theaters ON Actors.gender = Theaters.capacity;', '5', '1');
INSERT INTO "QueryColumnAccess" ("queryId", "columnId")
    VALUES ('1275', '5');
INSERT INTO "QueryColumnAccess" ("queryId", "columnId")
    VALUES ('1275', '4');
INSERT INTO "QueryTableAccess" ("queryId", "tableId")
    VALUES ('1275', '2');
INSERT INTO "QueryTableAccess" ("queryId", "tableId")
    VALUES ('1275', '4');
SELECT 'Screenings.end_time', 'Reviews.rating' FROM Screenings RIGHT OUTER JOIN Reviews ON 'Screenings.end_time' = 'Reviews.rating';
INSERT INTO "SqlQuery" ("queryId", "userId", "issuedAt", "finishedAt", "hasError", "errorMessage", "statement", "projectId", "queryTypeId")
    VALUES ('1276', '15', '2023-05-25 22:05:55.606968', '2023-05-25 22:05:56.606968', 'False', 'None', 'SELECT Screenings.end_time, Reviews.rating FROM Screenings RIGHT OUTER JOIN Reviews ON Screenings.end_time = Reviews.rating;', '5', '1');
INSERT INTO "QueryColumnAccess" ("queryId", "columnId")
    VALUES ('1276', '5');
INSERT INTO "QueryColumnAccess" ("queryId", "columnId")
    VALUES ('1276', '4');
INSERT INTO "QueryTableAccess" ("queryId", "tableId")
    VALUES ('1276', '5');
INSERT INTO "QueryTableAccess" ("queryId", "tableId")
    VALUES ('1276', '3');
SELECT 'Movies.title', 'Screenings.theater_id' FROM Movies NATURAL JOIN Screenings ON 'Movies.title' = 'Screenings.theater_id';
INSERT INTO "SqlQuery" ("queryId", "userId", "issuedAt", "finishedAt", "hasError", "errorMessage", "statement", "projectId", "queryTypeId")
    VALUES ('1277', '2', '2023-05-03 22:05:55.606977', '2023-05-03 22:05:56.606977', 'False', 'None', 'SELECT Movies.title, Screenings.theater_id FROM Movies NATURAL JOIN Screenings ON Movies.title = Screenings.theater_id;', '5', '1');
INSERT INTO "QueryColumnAccess" ("queryId", "columnId")
    VALUES ('1277', '2');
INSERT INTO "QueryColumnAccess" ("queryId", "columnId")
    VALUES ('1277', '3');
INSERT INTO "QueryTableAccess" ("queryId", "tableId")
    VALUES ('1277', '1');
INSERT INTO "QueryTableAccess" ("queryId", "tableId")
    VALUES ('1277', '5');
SELECT 'Reviews.review_date', 'Theaters.theater_id' FROM Reviews NATURAL JOIN Theaters ON 'Reviews.review_date' = 'Theaters.theater_id';
INSERT INTO "SqlQuery" ("queryId", "userId", "issuedAt", "finishedAt", "hasError", "errorMessage", "statement", "projectId", "queryTypeId")
    VALUES ('1278', '11', '2023-05-18 22:05:55.606986', '2023-05-18 22:05:59.606986', 'False', 'None', 'SELECT Reviews.review_date, Theaters.theater_id FROM Reviews NATURAL JOIN Theaters ON Reviews.review_date = Theaters.theater_id;', '5', '1');
INSERT INTO "QueryColumnAccess" ("queryId", "columnId")
    VALUES ('1278', '6');
INSERT INTO "QueryColumnAccess" ("queryId", "columnId")
    VALUES ('1278', '1');
INSERT INTO "QueryTableAccess" ("queryId", "tableId")
    VALUES ('1278', '3');
INSERT INTO "QueryTableAccess" ("queryId", "tableId")
    VALUES ('1278', '4');
SELECT 'Theaters.theater_name', 'Reviews.comment' FROM Theaters LEFT OUTER JOIN Reviews ON 'Theaters.theater_name' = 'Reviews.comment';
INSERT INTO "SqlQuery" ("queryId", "userId", "issuedAt", "finishedAt", "hasError", "errorMessage", "statement", "projectId", "queryTypeId")
    VALUES ('1279', '10', '2023-06-05 22:05:55.606995', '2023-06-05 22:05:56.606995', 'False', 'None', 'SELECT Theaters.theater_name, Reviews.comment FROM Theaters LEFT OUTER JOIN Reviews ON Theaters.theater_name = Reviews.comment;', '5', '1');
INSERT INTO "QueryColumnAccess" ("queryId", "columnId")
    VALUES ('1279', '2');
INSERT INTO "QueryColumnAccess" ("queryId", "columnId")
    VALUES ('1279', '5');
INSERT INTO "QueryTableAccess" ("queryId", "tableId")
    VALUES ('1279', '4');
INSERT INTO "QueryTableAccess" ("queryId", "tableId")
    VALUES ('1279', '3');
SELECT 'Movies.movie_id', 'Screenings.movie_id' FROM Movies NATURAL JOIN Screenings ON 'Movies.movie_id' = 'Screenings.movie_id';
INSERT INTO "SqlQuery" ("queryId", "userId", "issuedAt", "finishedAt", "hasError", "errorMessage", "statement", "projectId", "queryTypeId")
    VALUES ('1280', '11', '2023-05-29 22:05:55.607006', '2023-05-29 22:05:58.607006', 'False', 'None', 'SELECT Movies.movie_id, Screenings.movie_id FROM Movies NATURAL JOIN Screenings ON Movies.movie_id = Screenings.movie_id;', '5', '1');
INSERT INTO "QueryColumnAccess" ("queryId", "columnId")
    VALUES ('1280', '1');
INSERT INTO "QueryColumnAccess" ("queryId", "columnId")
    VALUES ('1280', '2');
INSERT INTO "QueryTableAccess" ("queryId", "tableId")
    VALUES ('1280', '1');
INSERT INTO "QueryTableAccess" ("queryId", "tableId")
    VALUES ('1280', '5');
SELECT 'Theaters.capacity', 'Reviews.review_id' FROM Theaters RIGHT OUTER JOIN Reviews ON 'Theaters.capacity' = 'Reviews.review_id';
INSERT INTO "SqlQuery" ("queryId", "userId", "issuedAt", "finishedAt", "hasError", "errorMessage", "statement", "projectId", "queryTypeId")
    VALUES ('1281', '12', '2023-07-09 22:05:55.607015', '2023-07-09 22:05:59.607015', 'False', 'None', 'SELECT Theaters.capacity, Reviews.review_id FROM Theaters RIGHT OUTER JOIN Reviews ON Theaters.capacity = Reviews.review_id;', '5', '1');
INSERT INTO "QueryColumnAccess" ("queryId", "columnId")
    VALUES ('1281', '4');
INSERT INTO "QueryColumnAccess" ("queryId", "columnId")
    VALUES ('1281', '1');
INSERT INTO "QueryTableAccess" ("queryId", "tableId")
    VALUES ('1281', '4');
INSERT INTO "QueryTableAccess" ("queryId", "tableId")
    VALUES ('1281', '3');
SELECT 'Theaters.location', 'Actors.last_name' FROM Theaters RIGHT OUTER JOIN Actors ON 'Theaters.location' = 'Actors.last_name';
INSERT INTO "SqlQuery" ("queryId", "userId", "issuedAt", "finishedAt", "hasError", "errorMessage", "statement", "projectId", "queryTypeId")
    VALUES ('1282', '6', '2023-05-19 22:05:55.607024', '2023-05-19 22:05:56.607024', 'False', 'None', 'SELECT Theaters.location, Actors.last_name FROM Theaters RIGHT OUTER JOIN Actors ON Theaters.location = Actors.last_name;', '5', '1');
INSERT INTO "QueryColumnAccess" ("queryId", "columnId")
    VALUES ('1282', '3');
INSERT INTO "QueryColumnAccess" ("queryId", "columnId")
    VALUES ('1282', '3');
INSERT INTO "QueryTableAccess" ("queryId", "tableId")
    VALUES ('1282', '4');
INSERT INTO "QueryTableAccess" ("queryId", "tableId")
    VALUES ('1282', '2');
SELECT 'Screenings.ticket_price', 'Reviews.rating' FROM Screenings NATURAL JOIN Reviews ON 'Screenings.ticket_price' = 'Reviews.rating';
INSERT INTO "SqlQuery" ("queryId", "userId", "issuedAt", "finishedAt", "hasError", "errorMessage", "statement", "projectId", "queryTypeId")
    VALUES ('1283', '2', '2023-05-07 22:05:55.607033', '2023-05-07 22:05:56.607033', 'False', 'None', 'SELECT Screenings.ticket_price, Reviews.rating FROM Screenings NATURAL JOIN Reviews ON Screenings.ticket_price = Reviews.rating;', '5', '1');
INSERT INTO "QueryColumnAccess" ("queryId", "columnId")
    VALUES ('1283', '6');
INSERT INTO "QueryColumnAccess" ("queryId", "columnId")
    VALUES ('1283', '4');
INSERT INTO "QueryTableAccess" ("queryId", "tableId")
    VALUES ('1283', '5');
INSERT INTO "QueryTableAccess" ("queryId", "tableId")
    VALUES ('1283', '3');
SELECT 'Screenings.ticket_price', 'Actors.actor_id' FROM Screenings RIGHT OUTER JOIN Actors ON 'Screenings.ticket_price' = 'Actors.actor_id';
INSERT INTO "SqlQuery" ("queryId", "userId", "issuedAt", "finishedAt", "hasError", "errorMessage", "statement", "projectId", "queryTypeId")
    VALUES ('1284', '9', '2023-06-28 22:05:55.607042', '2023-06-28 22:05:59.607042', 'False', 'None', 'SELECT Screenings.ticket_price, Actors.actor_id FROM Screenings RIGHT OUTER JOIN Actors ON Screenings.ticket_price = Actors.actor_id;', '5', '1');
INSERT INTO "QueryColumnAccess" ("queryId", "columnId")
    VALUES ('1284', '6');
INSERT INTO "QueryColumnAccess" ("queryId", "columnId")
    VALUES ('1284', '1');
INSERT INTO "QueryTableAccess" ("queryId", "tableId")
    VALUES ('1284', '5');
INSERT INTO "QueryTableAccess" ("queryId", "tableId")
    VALUES ('1284', '2');
SELECT 'Screenings.start_time', 'Actors.nationality' FROM Screenings RIGHT OUTER JOIN Actors ON 'Screenings.start_time' = 'Actors.nationality';
INSERT INTO "SqlQuery" ("queryId", "userId", "issuedAt", "finishedAt", "hasError", "errorMessage", "statement", "projectId", "queryTypeId")
    VALUES ('1285', '15', '2023-05-03 22:05:55.607051', '2023-05-03 22:05:58.607051', 'False', 'None', 'SELECT Screenings.start_time, Actors.nationality FROM Screenings RIGHT OUTER JOIN Actors ON Screenings.start_time = Actors.nationality;', '5', '1');
INSERT INTO "QueryColumnAccess" ("queryId", "columnId")
    VALUES ('1285', '4');
INSERT INTO "QueryColumnAccess" ("queryId", "columnId")
    VALUES ('1285', '6');
INSERT INTO "QueryTableAccess" ("queryId", "tableId")
    VALUES ('1285', '5');
INSERT INTO "QueryTableAccess" ("queryId", "tableId")
    VALUES ('1285', '2');
SELECT 'Reviews.rating', 'Theaters.capacity' FROM Reviews RIGHT OUTER JOIN Theaters ON 'Reviews.rating' = 'Theaters.capacity';
INSERT INTO "SqlQuery" ("queryId", "userId", "issuedAt", "finishedAt", "hasError", "errorMessage", "statement", "projectId", "queryTypeId")
    VALUES ('1286', '8', '2023-04-17 22:05:55.607060', '2023-04-17 22:05:57.607060', 'False', 'None', 'SELECT Reviews.rating, Theaters.capacity FROM Reviews RIGHT OUTER JOIN Theaters ON Reviews.rating = Theaters.capacity;', '5', '1');
INSERT INTO "QueryColumnAccess" ("queryId", "columnId")
    VALUES ('1286', '4');
INSERT INTO "QueryColumnAccess" ("queryId", "columnId")
    VALUES ('1286', '4');
INSERT INTO "QueryTableAccess" ("queryId", "tableId")
    VALUES ('1286', '3');
INSERT INTO "QueryTableAccess" ("queryId", "tableId")
    VALUES ('1286', '4');
SELECT 'Movies.rating', 'Reviews.rating' FROM Movies NATURAL JOIN Reviews ON 'Movies.rating' = 'Reviews.rating';
INSERT INTO "SqlQuery" ("queryId", "userId", "issuedAt", "finishedAt", "hasError", "errorMessage", "statement", "projectId", "queryTypeId")
    VALUES ('1287', '4', '2023-06-19 22:05:55.607069', '2023-06-19 22:05:56.607069', 'False', 'None', 'SELECT Movies.rating, Reviews.rating FROM Movies NATURAL JOIN Reviews ON Movies.rating = Reviews.rating;', '5', '1');
INSERT INTO "QueryColumnAccess" ("queryId", "columnId")
    VALUES ('1287', '7');
INSERT INTO "QueryColumnAccess" ("queryId", "columnId")
    VALUES ('1287', '4');
INSERT INTO "QueryTableAccess" ("queryId", "tableId")
    VALUES ('1287', '1');
INSERT INTO "QueryTableAccess" ("queryId", "tableId")
    VALUES ('1287', '3');
SELECT 'Theaters.theater_id', 'Actors.actor_id' FROM Theaters LEFT OUTER JOIN Actors ON 'Theaters.theater_id' = 'Actors.actor_id';
INSERT INTO "SqlQuery" ("queryId", "userId", "issuedAt", "finishedAt", "hasError", "errorMessage", "statement", "projectId", "queryTypeId")
    VALUES ('1288', '8', '2023-05-19 22:05:55.607078', '2023-05-19 22:05:57.607078', 'False', 'None', 'SELECT Theaters.theater_id, Actors.actor_id FROM Theaters LEFT OUTER JOIN Actors ON Theaters.theater_id = Actors.actor_id;', '5', '1');
INSERT INTO "QueryColumnAccess" ("queryId", "columnId")
    VALUES ('1288', '1');
INSERT INTO "QueryColumnAccess" ("queryId", "columnId")
    VALUES ('1288', '1');
INSERT INTO "QueryTableAccess" ("queryId", "tableId")
    VALUES ('1288', '4');
INSERT INTO "QueryTableAccess" ("queryId", "tableId")
    VALUES ('1288', '2');
SELECT 'Movies.rating', 'Actors.gender' FROM Movies LEFT OUTER JOIN Actors ON 'Movies.rating' = 'Actors.gender';
INSERT INTO "SqlQuery" ("queryId", "userId", "issuedAt", "finishedAt", "hasError", "errorMessage", "statement", "projectId", "queryTypeId")
    VALUES ('1289', '13', '2023-04-26 22:05:55.607087', '2023-04-26 22:05:57.607087', 'False', 'None', 'SELECT Movies.rating, Actors.gender FROM Movies LEFT OUTER JOIN Actors ON Movies.rating = Actors.gender;', '5', '1');
INSERT INTO "QueryColumnAccess" ("queryId", "columnId")
    VALUES ('1289', '7');
INSERT INTO "QueryColumnAccess" ("queryId", "columnId")
    VALUES ('1289', '5');
INSERT INTO "QueryTableAccess" ("queryId", "tableId")
    VALUES ('1289', '1');
INSERT INTO "QueryTableAccess" ("queryId", "tableId")
    VALUES ('1289', '2');
SELECT 'Reviews.review_id', 'Movies.director' FROM Reviews RIGHT OUTER JOIN Movies ON 'Reviews.review_id' = 'Movies.director';
INSERT INTO "SqlQuery" ("queryId", "userId", "issuedAt", "finishedAt", "hasError", "errorMessage", "statement", "projectId", "queryTypeId")
    VALUES ('1290', '1', '2023-05-13 22:05:55.607101', '2023-05-13 22:05:58.607101', 'False', 'None', 'SELECT Reviews.review_id, Movies.director FROM Reviews RIGHT OUTER JOIN Movies ON Reviews.review_id = Movies.director;', '5', '1');
INSERT INTO "QueryColumnAccess" ("queryId", "columnId")
    VALUES ('1290', '1');
INSERT INTO "QueryColumnAccess" ("queryId", "columnId")
    VALUES ('1290', '5');
INSERT INTO "QueryTableAccess" ("queryId", "tableId")
    VALUES ('1290', '3');
INSERT INTO "QueryTableAccess" ("queryId", "tableId")
    VALUES ('1290', '1');
SELECT 'Actors.actor_id', 'Screenings.screening_id' FROM Actors RIGHT OUTER JOIN Screenings ON 'Actors.actor_id' = 'Screenings.screening_id';
INSERT INTO "SqlQuery" ("queryId", "userId", "issuedAt", "finishedAt", "hasError", "errorMessage", "statement", "projectId", "queryTypeId")
    VALUES ('1291', '6', '2023-05-29 22:05:55.607110', '2023-05-29 22:05:58.607110', 'False', 'None', 'SELECT Actors.actor_id, Screenings.screening_id FROM Actors RIGHT OUTER JOIN Screenings ON Actors.actor_id = Screenings.screening_id;', '5', '1');
INSERT INTO "QueryColumnAccess" ("queryId", "columnId")
    VALUES ('1291', '1');
INSERT INTO "QueryColumnAccess" ("queryId", "columnId")
    VALUES ('1291', '1');
INSERT INTO "QueryTableAccess" ("queryId", "tableId")
    VALUES ('1291', '2');
INSERT INTO "QueryTableAccess" ("queryId", "tableId")
    VALUES ('1291', '5');
SELECT 'Reviews.user_id', 'Theaters.phone_number' FROM Reviews NATURAL JOIN Theaters ON 'Reviews.user_id' = 'Theaters.phone_number';
INSERT INTO "SqlQuery" ("queryId", "userId", "issuedAt", "finishedAt", "hasError", "errorMessage", "statement", "projectId", "queryTypeId")
    VALUES ('1292', '1', '2023-06-09 22:05:55.607118', '2023-06-09 22:05:56.607118', 'False', 'None', 'SELECT Reviews.user_id, Theaters.phone_number FROM Reviews NATURAL JOIN Theaters ON Reviews.user_id = Theaters.phone_number;', '5', '1');
INSERT INTO "QueryColumnAccess" ("queryId", "columnId")
    VALUES ('1292', '3');
INSERT INTO "QueryColumnAccess" ("queryId", "columnId")
    VALUES ('1292', '5');
INSERT INTO "QueryTableAccess" ("queryId", "tableId")
    VALUES ('1292', '3');
INSERT INTO "QueryTableAccess" ("queryId", "tableId")
    VALUES ('1292', '4');
SELECT 'Actors.first_name', 'Reviews.review_id' FROM Actors RIGHT OUTER JOIN Reviews ON 'Actors.first_name' = 'Reviews.review_id';
INSERT INTO "SqlQuery" ("queryId", "userId", "issuedAt", "finishedAt", "hasError", "errorMessage", "statement", "projectId", "queryTypeId")
    VALUES ('1293', '3', '2023-05-24 22:05:55.607127', '2023-05-24 22:05:58.607127', 'False', 'None', 'SELECT Actors.first_name, Reviews.review_id FROM Actors RIGHT OUTER JOIN Reviews ON Actors.first_name = Reviews.review_id;', '5', '1');
INSERT INTO "QueryColumnAccess" ("queryId", "columnId")
    VALUES ('1293', '2');
INSERT INTO "QueryColumnAccess" ("queryId", "columnId")
    VALUES ('1293', '1');
INSERT INTO "QueryTableAccess" ("queryId", "tableId")
    VALUES ('1293', '2');
INSERT INTO "QueryTableAccess" ("queryId", "tableId")
    VALUES ('1293', '3');
SELECT 'Screenings.end_time', 'Movies.genre' FROM Screenings NATURAL JOIN Movies ON 'Screenings.end_time' = 'Movies.genre';
INSERT INTO "SqlQuery" ("queryId", "userId", "issuedAt", "finishedAt", "hasError", "errorMessage", "statement", "projectId", "queryTypeId")
    VALUES ('1294', '3', '2023-07-08 22:05:55.607136', '2023-07-08 22:05:59.607136', 'False', 'None', 'SELECT Screenings.end_time, Movies.genre FROM Screenings NATURAL JOIN Movies ON Screenings.end_time = Movies.genre;', '5', '1');
INSERT INTO "QueryColumnAccess" ("queryId", "columnId")
    VALUES ('1294', '5');
INSERT INTO "QueryColumnAccess" ("queryId", "columnId")
    VALUES ('1294', '4');
INSERT INTO "QueryTableAccess" ("queryId", "tableId")
    VALUES ('1294', '5');
INSERT INTO "QueryTableAccess" ("queryId", "tableId")
    VALUES ('1294', '1');
SELECT 'Actors.last_name', 'Theaters.location' FROM Actors RIGHT OUTER JOIN Theaters ON 'Actors.last_name' = 'Theaters.location';
INSERT INTO "SqlQuery" ("queryId", "userId", "issuedAt", "finishedAt", "hasError", "errorMessage", "statement", "projectId", "queryTypeId")
    VALUES ('1295', '9', '2023-04-25 22:05:55.607145', '2023-04-25 22:05:58.607145', 'False', 'None', 'SELECT Actors.last_name, Theaters.location FROM Actors RIGHT OUTER JOIN Theaters ON Actors.last_name = Theaters.location;', '5', '1');
INSERT INTO "QueryColumnAccess" ("queryId", "columnId")
    VALUES ('1295', '3');
INSERT INTO "QueryColumnAccess" ("queryId", "columnId")
    VALUES ('1295', '3');
INSERT INTO "QueryTableAccess" ("queryId", "tableId")
    VALUES ('1295', '2');
INSERT INTO "QueryTableAccess" ("queryId", "tableId")
    VALUES ('1295', '4');
SELECT 'Actors.nationality', 'Movies.release_date' FROM Actors NATURAL JOIN Movies ON 'Actors.nationality' = 'Movies.release_date';
INSERT INTO "SqlQuery" ("queryId", "userId", "issuedAt", "finishedAt", "hasError", "errorMessage", "statement", "projectId", "queryTypeId")
    VALUES ('1296', '7', '2023-06-25 22:05:55.607153', '2023-06-25 22:05:56.607153', 'False', 'None', 'SELECT Actors.nationality, Movies.release_date FROM Actors NATURAL JOIN Movies ON Actors.nationality = Movies.release_date;', '5', '1');
INSERT INTO "QueryColumnAccess" ("queryId", "columnId")
    VALUES ('1296', '6');
INSERT INTO "QueryColumnAccess" ("queryId", "columnId")
    VALUES ('1296', '3');
INSERT INTO "QueryTableAccess" ("queryId", "tableId")
    VALUES ('1296', '2');
INSERT INTO "QueryTableAccess" ("queryId", "tableId")
    VALUES ('1296', '1');
SELECT 'Actors.gender', 'Reviews.user_id' FROM Actors RIGHT OUTER JOIN Reviews ON 'Actors.gender' = 'Reviews.user_id';
INSERT INTO "SqlQuery" ("queryId", "userId", "issuedAt", "finishedAt", "hasError", "errorMessage", "statement", "projectId", "queryTypeId")
    VALUES ('1297', '7', '2023-06-28 22:05:55.607162', '2023-06-28 22:05:57.607162', 'False', 'None', 'SELECT Actors.gender, Reviews.user_id FROM Actors RIGHT OUTER JOIN Reviews ON Actors.gender = Reviews.user_id;', '5', '1');
INSERT INTO "QueryColumnAccess" ("queryId", "columnId")
    VALUES ('1297', '5');
INSERT INTO "QueryColumnAccess" ("queryId", "columnId")
    VALUES ('1297', '3');
INSERT INTO "QueryTableAccess" ("queryId", "tableId")
    VALUES ('1297', '2');
INSERT INTO "QueryTableAccess" ("queryId", "tableId")
    VALUES ('1297', '3');
SELECT 'Theaters.capacity', 'Screenings.start_time' FROM Theaters LEFT OUTER JOIN Screenings ON 'Theaters.capacity' = 'Screenings.start_time';
INSERT INTO "SqlQuery" ("queryId", "userId", "issuedAt", "finishedAt", "hasError", "errorMessage", "statement", "projectId", "queryTypeId")
    VALUES ('1298', '7', '2023-05-23 22:05:55.607171', '2023-05-23 22:05:57.607171', 'False', 'None', 'SELECT Theaters.capacity, Screenings.start_time FROM Theaters LEFT OUTER JOIN Screenings ON Theaters.capacity = Screenings.start_time;', '5', '1');
INSERT INTO "QueryColumnAccess" ("queryId", "columnId")
    VALUES ('1298', '4');
INSERT INTO "QueryColumnAccess" ("queryId", "columnId")
    VALUES ('1298', '4');
INSERT INTO "QueryTableAccess" ("queryId", "tableId")
    VALUES ('1298', '4');
INSERT INTO "QueryTableAccess" ("queryId", "tableId")
    VALUES ('1298', '5');
SELECT 'Theaters.theater_id', 'Actors.date_of_birth' FROM Theaters NATURAL JOIN Actors ON 'Theaters.theater_id' = 'Actors.date_of_birth';
INSERT INTO "SqlQuery" ("queryId", "userId", "issuedAt", "finishedAt", "hasError", "errorMessage", "statement", "projectId", "queryTypeId")
    VALUES ('1299', '5', '2023-04-24 22:05:55.607180', '2023-04-24 22:05:57.607180', 'False', 'None', 'SELECT Theaters.theater_id, Actors.date_of_birth FROM Theaters NATURAL JOIN Actors ON Theaters.theater_id = Actors.date_of_birth;', '5', '1');
INSERT INTO "QueryColumnAccess" ("queryId", "columnId")
    VALUES ('1299', '1');
INSERT INTO "QueryColumnAccess" ("queryId", "columnId")
    VALUES ('1299', '4');
INSERT INTO "QueryTableAccess" ("queryId", "tableId")
    VALUES ('1299', '4');
INSERT INTO "QueryTableAccess" ("queryId", "tableId")
    VALUES ('1299', '2');
SELECT 'Screenings.start_time', 'Reviews.review_date' FROM Screenings NATURAL JOIN Reviews ON 'Screenings.start_time' = 'Reviews.review_date';
INSERT INTO "SqlQuery" ("queryId", "userId", "issuedAt", "finishedAt", "hasError", "errorMessage", "statement", "projectId", "queryTypeId")
    VALUES ('1300', '13', '2023-05-12 22:05:55.607192', '2023-05-12 22:05:56.607192', 'False', 'None', 'SELECT Screenings.start_time, Reviews.review_date FROM Screenings NATURAL JOIN Reviews ON Screenings.start_time = Reviews.review_date;', '5', '1');
INSERT INTO "QueryColumnAccess" ("queryId", "columnId")
    VALUES ('1300', '4');
INSERT INTO "QueryColumnAccess" ("queryId", "columnId")
    VALUES ('1300', '6');
INSERT INTO "QueryTableAccess" ("queryId", "tableId")
    VALUES ('1300', '5');
INSERT INTO "QueryTableAccess" ("queryId", "tableId")
    VALUES ('1300', '3');
SELECT 'Movies.rating', 'Screenings.theater_id' FROM Movies LEFT OUTER JOIN Screenings ON 'Movies.rating' = 'Screenings.theater_id';
INSERT INTO "SqlQuery" ("queryId", "userId", "issuedAt", "finishedAt", "hasError", "errorMessage", "statement", "projectId", "queryTypeId")
    VALUES ('1301', '14', '2023-06-14 22:05:55.607202', '2023-06-14 22:05:59.607202', 'False', 'None', 'SELECT Movies.rating, Screenings.theater_id FROM Movies LEFT OUTER JOIN Screenings ON Movies.rating = Screenings.theater_id;', '5', '1');
INSERT INTO "QueryColumnAccess" ("queryId", "columnId")
    VALUES ('1301', '7');
INSERT INTO "QueryColumnAccess" ("queryId", "columnId")
    VALUES ('1301', '3');
INSERT INTO "QueryTableAccess" ("queryId", "tableId")
    VALUES ('1301', '1');
INSERT INTO "QueryTableAccess" ("queryId", "tableId")
    VALUES ('1301', '5');
SELECT 'Movies.title', 'Theaters.phone_number' FROM Movies LEFT OUTER JOIN Theaters ON 'Movies.title' = 'Theaters.phone_number';
INSERT INTO "SqlQuery" ("queryId", "userId", "issuedAt", "finishedAt", "hasError", "errorMessage", "statement", "projectId", "queryTypeId")
    VALUES ('1302', '7', '2023-06-28 22:05:55.607211', '2023-06-28 22:05:58.607211', 'False', 'None', 'SELECT Movies.title, Theaters.phone_number FROM Movies LEFT OUTER JOIN Theaters ON Movies.title = Theaters.phone_number;', '5', '1');
INSERT INTO "QueryColumnAccess" ("queryId", "columnId")
    VALUES ('1302', '2');
INSERT INTO "QueryColumnAccess" ("queryId", "columnId")
    VALUES ('1302', '5');
INSERT INTO "QueryTableAccess" ("queryId", "tableId")
    VALUES ('1302', '1');
INSERT INTO "QueryTableAccess" ("queryId", "tableId")
    VALUES ('1302', '4');
SELECT 'Movies.title', 'Screenings.ticket_price' FROM Movies RIGHT OUTER JOIN Screenings ON 'Movies.title' = 'Screenings.ticket_price';
INSERT INTO "SqlQuery" ("queryId", "userId", "issuedAt", "finishedAt", "hasError", "errorMessage", "statement", "projectId", "queryTypeId")
    VALUES ('1303', '5', '2023-06-03 22:05:55.607220', '2023-06-03 22:05:59.607220', 'False', 'None', 'SELECT Movies.title, Screenings.ticket_price FROM Movies RIGHT OUTER JOIN Screenings ON Movies.title = Screenings.ticket_price;', '5', '1');
INSERT INTO "QueryColumnAccess" ("queryId", "columnId")
    VALUES ('1303', '2');
INSERT INTO "QueryColumnAccess" ("queryId", "columnId")
    VALUES ('1303', '6');
INSERT INTO "QueryTableAccess" ("queryId", "tableId")
    VALUES ('1303', '1');
INSERT INTO "QueryTableAccess" ("queryId", "tableId")
    VALUES ('1303', '5');
SELECT 'Reviews.movie_id', 'Theaters.theater_name' FROM Reviews RIGHT OUTER JOIN Theaters ON 'Reviews.movie_id' = 'Theaters.theater_name';
INSERT INTO "SqlQuery" ("queryId", "userId", "issuedAt", "finishedAt", "hasError", "errorMessage", "statement", "projectId", "queryTypeId")
    VALUES ('1304', '4', '2023-04-14 22:05:55.607228', '2023-04-14 22:05:59.607228', 'False', 'None', 'SELECT Reviews.movie_id, Theaters.theater_name FROM Reviews RIGHT OUTER JOIN Theaters ON Reviews.movie_id = Theaters.theater_name;', '5', '1');
INSERT INTO "QueryColumnAccess" ("queryId", "columnId")
    VALUES ('1304', '2');
INSERT INTO "QueryColumnAccess" ("queryId", "columnId")
    VALUES ('1304', '2');
INSERT INTO "QueryTableAccess" ("queryId", "tableId")
    VALUES ('1304', '3');
INSERT INTO "QueryTableAccess" ("queryId", "tableId")
    VALUES ('1304', '4');
SELECT 'Movies.title', 'Reviews.rating' FROM Movies NATURAL JOIN Reviews ON 'Movies.title' = 'Reviews.rating';
INSERT INTO "SqlQuery" ("queryId", "userId", "issuedAt", "finishedAt", "hasError", "errorMessage", "statement", "projectId", "queryTypeId")
    VALUES ('1305', '12', '2023-06-28 22:05:55.607237', '2023-06-28 22:05:59.607237', 'False', 'None', 'SELECT Movies.title, Reviews.rating FROM Movies NATURAL JOIN Reviews ON Movies.title = Reviews.rating;', '5', '1');
INSERT INTO "QueryColumnAccess" ("queryId", "columnId")
    VALUES ('1305', '2');
INSERT INTO "QueryColumnAccess" ("queryId", "columnId")
    VALUES ('1305', '4');
INSERT INTO "QueryTableAccess" ("queryId", "tableId")
    VALUES ('1305', '1');
INSERT INTO "QueryTableAccess" ("queryId", "tableId")
    VALUES ('1305', '3');
SELECT 'Reviews.review_date', 'Screenings.theater_id' FROM Reviews LEFT OUTER JOIN Screenings ON 'Reviews.review_date' = 'Screenings.theater_id';
INSERT INTO "SqlQuery" ("queryId", "userId", "issuedAt", "finishedAt", "hasError", "errorMessage", "statement", "projectId", "queryTypeId")
    VALUES ('1306', '10', '2023-06-14 22:05:55.607246', '2023-06-14 22:05:59.607246', 'False', 'None', 'SELECT Reviews.review_date, Screenings.theater_id FROM Reviews LEFT OUTER JOIN Screenings ON Reviews.review_date = Screenings.theater_id;', '5', '1');
INSERT INTO "QueryColumnAccess" ("queryId", "columnId")
    VALUES ('1306', '6');
INSERT INTO "QueryColumnAccess" ("queryId", "columnId")
    VALUES ('1306', '3');
INSERT INTO "QueryTableAccess" ("queryId", "tableId")
    VALUES ('1306', '3');
INSERT INTO "QueryTableAccess" ("queryId", "tableId")
    VALUES ('1306', '5');
SELECT 'Screenings.end_time', 'Movies.genre' FROM Screenings LEFT OUTER JOIN Movies ON 'Screenings.end_time' = 'Movies.genre';
INSERT INTO "SqlQuery" ("queryId", "userId", "issuedAt", "finishedAt", "hasError", "errorMessage", "statement", "projectId", "queryTypeId")
    VALUES ('1307', '7', '2023-07-07 22:05:55.607255', '2023-07-07 22:05:57.607255', 'False', 'None', 'SELECT Screenings.end_time, Movies.genre FROM Screenings LEFT OUTER JOIN Movies ON Screenings.end_time = Movies.genre;', '5', '1');
INSERT INTO "QueryColumnAccess" ("queryId", "columnId")
    VALUES ('1307', '5');
INSERT INTO "QueryColumnAccess" ("queryId", "columnId")
    VALUES ('1307', '4');
INSERT INTO "QueryTableAccess" ("queryId", "tableId")
    VALUES ('1307', '5');
INSERT INTO "QueryTableAccess" ("queryId", "tableId")
    VALUES ('1307', '1');
SELECT 'Theaters.phone_number', 'Movies.duration' FROM Theaters LEFT OUTER JOIN Movies ON 'Theaters.phone_number' = 'Movies.duration';
INSERT INTO "SqlQuery" ("queryId", "userId", "issuedAt", "finishedAt", "hasError", "errorMessage", "statement", "projectId", "queryTypeId")
    VALUES ('1308', '9', '2023-06-21 22:05:55.607264', '2023-06-21 22:05:58.607264', 'False', 'None', 'SELECT Theaters.phone_number, Movies.duration FROM Theaters LEFT OUTER JOIN Movies ON Theaters.phone_number = Movies.duration;', '5', '1');
INSERT INTO "QueryColumnAccess" ("queryId", "columnId")
    VALUES ('1308', '5');
INSERT INTO "QueryColumnAccess" ("queryId", "columnId")
    VALUES ('1308', '6');
INSERT INTO "QueryTableAccess" ("queryId", "tableId")
    VALUES ('1308', '4');
INSERT INTO "QueryTableAccess" ("queryId", "tableId")
    VALUES ('1308', '1');
SELECT 'Reviews.movie_id', 'Movies.title' FROM Reviews RIGHT OUTER JOIN Movies ON 'Reviews.movie_id' = 'Movies.title';
INSERT INTO "SqlQuery" ("queryId", "userId", "issuedAt", "finishedAt", "hasError", "errorMessage", "statement", "projectId", "queryTypeId")
    VALUES ('1309', '11', '2023-05-21 22:05:55.607277', '2023-05-21 22:05:57.607277', 'False', 'None', 'SELECT Reviews.movie_id, Movies.title FROM Reviews RIGHT OUTER JOIN Movies ON Reviews.movie_id = Movies.title;', '5', '1');
INSERT INTO "QueryColumnAccess" ("queryId", "columnId")
    VALUES ('1309', '2');
INSERT INTO "QueryColumnAccess" ("queryId", "columnId")
    VALUES ('1309', '2');
INSERT INTO "QueryTableAccess" ("queryId", "tableId")
    VALUES ('1309', '3');
INSERT INTO "QueryTableAccess" ("queryId", "tableId")
    VALUES ('1309', '1');
SELECT 'Actors.actor_id', 'Theaters.capacity' FROM Actors NATURAL JOIN Theaters ON 'Actors.actor_id' = 'Theaters.capacity';
INSERT INTO "SqlQuery" ("queryId", "userId", "issuedAt", "finishedAt", "hasError", "errorMessage", "statement", "projectId", "queryTypeId")
    VALUES ('1310', '6', '2023-06-17 22:05:55.607286', '2023-06-17 22:05:59.607286', 'False', 'None', 'SELECT Actors.actor_id, Theaters.capacity FROM Actors NATURAL JOIN Theaters ON Actors.actor_id = Theaters.capacity;', '5', '1');
INSERT INTO "QueryColumnAccess" ("queryId", "columnId")
    VALUES ('1310', '1');
INSERT INTO "QueryColumnAccess" ("queryId", "columnId")
    VALUES ('1310', '4');
INSERT INTO "QueryTableAccess" ("queryId", "tableId")
    VALUES ('1310', '2');
INSERT INTO "QueryTableAccess" ("queryId", "tableId")
    VALUES ('1310', '4');
SELECT 'Reviews.review_date', 'Screenings.theater_id' FROM Reviews NATURAL JOIN Screenings ON 'Reviews.review_date' = 'Screenings.theater_id';
INSERT INTO "SqlQuery" ("queryId", "userId", "issuedAt", "finishedAt", "hasError", "errorMessage", "statement", "projectId", "queryTypeId")
    VALUES ('1311', '6', '2023-06-06 22:05:55.607295', '2023-06-06 22:05:58.607295', 'False', 'None', 'SELECT Reviews.review_date, Screenings.theater_id FROM Reviews NATURAL JOIN Screenings ON Reviews.review_date = Screenings.theater_id;', '5', '1');
INSERT INTO "QueryColumnAccess" ("queryId", "columnId")
    VALUES ('1311', '6');
INSERT INTO "QueryColumnAccess" ("queryId", "columnId")
    VALUES ('1311', '3');
INSERT INTO "QueryTableAccess" ("queryId", "tableId")
    VALUES ('1311', '3');
INSERT INTO "QueryTableAccess" ("queryId", "tableId")
    VALUES ('1311', '5');
SELECT 'Reviews.review_date', 'Movies.title' FROM Reviews RIGHT OUTER JOIN Movies ON 'Reviews.review_date' = 'Movies.title';
INSERT INTO "SqlQuery" ("queryId", "userId", "issuedAt", "finishedAt", "hasError", "errorMessage", "statement", "projectId", "queryTypeId")
    VALUES ('1312', '6', '2023-05-14 22:05:55.607303', '2023-05-14 22:05:57.607303', 'False', 'None', 'SELECT Reviews.review_date, Movies.title FROM Reviews RIGHT OUTER JOIN Movies ON Reviews.review_date = Movies.title;', '5', '1');
INSERT INTO "QueryColumnAccess" ("queryId", "columnId")
    VALUES ('1312', '6');
INSERT INTO "QueryColumnAccess" ("queryId", "columnId")
    VALUES ('1312', '2');
INSERT INTO "QueryTableAccess" ("queryId", "tableId")
    VALUES ('1312', '3');
INSERT INTO "QueryTableAccess" ("queryId", "tableId")
    VALUES ('1312', '1');
SELECT 'Theaters.location', 'Reviews.user_id' FROM Theaters RIGHT OUTER JOIN Reviews ON 'Theaters.location' = 'Reviews.user_id';
INSERT INTO "SqlQuery" ("queryId", "userId", "issuedAt", "finishedAt", "hasError", "errorMessage", "statement", "projectId", "queryTypeId")
    VALUES ('1313', '10', '2023-07-01 22:05:55.607312', '2023-07-01 22:05:58.607312', 'False', 'None', 'SELECT Theaters.location, Reviews.user_id FROM Theaters RIGHT OUTER JOIN Reviews ON Theaters.location = Reviews.user_id;', '5', '1');
INSERT INTO "QueryColumnAccess" ("queryId", "columnId")
    VALUES ('1313', '3');
INSERT INTO "QueryColumnAccess" ("queryId", "columnId")
    VALUES ('1313', '3');
INSERT INTO "QueryTableAccess" ("queryId", "tableId")
    VALUES ('1313', '4');
INSERT INTO "QueryTableAccess" ("queryId", "tableId")
    VALUES ('1313', '3');
SELECT 'Theaters.theater_id', 'Screenings.screening_id' FROM Theaters LEFT OUTER JOIN Screenings ON 'Theaters.theater_id' = 'Screenings.screening_id';
INSERT INTO "SqlQuery" ("queryId", "userId", "issuedAt", "finishedAt", "hasError", "errorMessage", "statement", "projectId", "queryTypeId")
    VALUES ('1314', '4', '2023-07-03 22:05:55.607321', '2023-07-03 22:05:59.607321', 'False', 'None', 'SELECT Theaters.theater_id, Screenings.screening_id FROM Theaters LEFT OUTER JOIN Screenings ON Theaters.theater_id = Screenings.screening_id;', '5', '1');
INSERT INTO "QueryColumnAccess" ("queryId", "columnId")
    VALUES ('1314', '1');
INSERT INTO "QueryColumnAccess" ("queryId", "columnId")
    VALUES ('1314', '1');
INSERT INTO "QueryTableAccess" ("queryId", "tableId")
    VALUES ('1314', '4');
INSERT INTO "QueryTableAccess" ("queryId", "tableId")
    VALUES ('1314', '5');
SELECT 'Reviews.review_date', 'Movies.genre' FROM Reviews RIGHT OUTER JOIN Movies ON 'Reviews.review_date' = 'Movies.genre';
INSERT INTO "SqlQuery" ("queryId", "userId", "issuedAt", "finishedAt", "hasError", "errorMessage", "statement", "projectId", "queryTypeId")
    VALUES ('1315', '10', '2023-06-21 22:05:55.607330', '2023-06-21 22:05:57.607330', 'False', 'None', 'SELECT Reviews.review_date, Movies.genre FROM Reviews RIGHT OUTER JOIN Movies ON Reviews.review_date = Movies.genre;', '5', '1');
INSERT INTO "QueryColumnAccess" ("queryId", "columnId")
    VALUES ('1315', '6');
INSERT INTO "QueryColumnAccess" ("queryId", "columnId")
    VALUES ('1315', '4');
INSERT INTO "QueryTableAccess" ("queryId", "tableId")
    VALUES ('1315', '3');
INSERT INTO "QueryTableAccess" ("queryId", "tableId")
    VALUES ('1315', '1');
SELECT 'Theaters.theater_name', 'Screenings.start_time' FROM Theaters LEFT OUTER JOIN Screenings ON 'Theaters.theater_name' = 'Screenings.start_time';
INSERT INTO "SqlQuery" ("queryId", "userId", "issuedAt", "finishedAt", "hasError", "errorMessage", "statement", "projectId", "queryTypeId")
    VALUES ('1316', '12', '2023-06-28 22:05:55.607338', '2023-06-28 22:05:58.607338', 'False', 'None', 'SELECT Theaters.theater_name, Screenings.start_time FROM Theaters LEFT OUTER JOIN Screenings ON Theaters.theater_name = Screenings.start_time;', '5', '1');
INSERT INTO "QueryColumnAccess" ("queryId", "columnId")
    VALUES ('1316', '2');
INSERT INTO "QueryColumnAccess" ("queryId", "columnId")
    VALUES ('1316', '4');
INSERT INTO "QueryTableAccess" ("queryId", "tableId")
    VALUES ('1316', '4');
INSERT INTO "QueryTableAccess" ("queryId", "tableId")
    VALUES ('1316', '5');
SELECT 'Movies.duration', 'Actors.gender' FROM Movies NATURAL JOIN Actors ON 'Movies.duration' = 'Actors.gender';
INSERT INTO "SqlQuery" ("queryId", "userId", "issuedAt", "finishedAt", "hasError", "errorMessage", "statement", "projectId", "queryTypeId")
    VALUES ('1317', '5', '2023-07-06 22:05:55.607347', '2023-07-06 22:05:56.607347', 'False', 'None', 'SELECT Movies.duration, Actors.gender FROM Movies NATURAL JOIN Actors ON Movies.duration = Actors.gender;', '5', '1');
INSERT INTO "QueryColumnAccess" ("queryId", "columnId")
    VALUES ('1317', '6');
INSERT INTO "QueryColumnAccess" ("queryId", "columnId")
    VALUES ('1317', '5');
INSERT INTO "QueryTableAccess" ("queryId", "tableId")
    VALUES ('1317', '1');
INSERT INTO "QueryTableAccess" ("queryId", "tableId")
    VALUES ('1317', '2');
SELECT 'Theaters.theater_id', 'Movies.director' FROM Theaters NATURAL JOIN Movies ON 'Theaters.theater_id' = 'Movies.director';
INSERT INTO "SqlQuery" ("queryId", "userId", "issuedAt", "finishedAt", "hasError", "errorMessage", "statement", "projectId", "queryTypeId")
    VALUES ('1318', '3', '2023-05-14 22:05:55.607356', '2023-05-14 22:05:57.607356', 'False', 'None', 'SELECT Theaters.theater_id, Movies.director FROM Theaters NATURAL JOIN Movies ON Theaters.theater_id = Movies.director;', '5', '1');
INSERT INTO "QueryColumnAccess" ("queryId", "columnId")
    VALUES ('1318', '1');
INSERT INTO "QueryColumnAccess" ("queryId", "columnId")
    VALUES ('1318', '5');
INSERT INTO "QueryTableAccess" ("queryId", "tableId")
    VALUES ('1318', '4');
INSERT INTO "QueryTableAccess" ("queryId", "tableId")
    VALUES ('1318', '1');
SELECT 'Reviews.comment', 'Movies.title' FROM Reviews LEFT OUTER JOIN Movies ON 'Reviews.comment' = 'Movies.title';
INSERT INTO "SqlQuery" ("queryId", "userId", "issuedAt", "finishedAt", "hasError", "errorMessage", "statement", "projectId", "queryTypeId")
    VALUES ('1319', '11', '2023-04-14 22:05:55.607372', '2023-04-14 22:05:59.607372', 'False', 'None', 'SELECT Reviews.comment, Movies.title FROM Reviews LEFT OUTER JOIN Movies ON Reviews.comment = Movies.title;', '5', '1');
INSERT INTO "QueryColumnAccess" ("queryId", "columnId")
    VALUES ('1319', '5');
INSERT INTO "QueryColumnAccess" ("queryId", "columnId")
    VALUES ('1319', '2');
INSERT INTO "QueryTableAccess" ("queryId", "tableId")
    VALUES ('1319', '3');
INSERT INTO "QueryTableAccess" ("queryId", "tableId")
    VALUES ('1319', '1');
SELECT 'Screenings.movie_id', 'Movies.release_date' FROM Screenings LEFT OUTER JOIN Movies ON 'Screenings.movie_id' = 'Movies.release_date';
INSERT INTO "SqlQuery" ("queryId", "userId", "issuedAt", "finishedAt", "hasError", "errorMessage", "statement", "projectId", "queryTypeId")
    VALUES ('1320', '3', '2023-05-26 22:05:55.607381', '2023-05-26 22:05:59.607381', 'False', 'None', 'SELECT Screenings.movie_id, Movies.release_date FROM Screenings LEFT OUTER JOIN Movies ON Screenings.movie_id = Movies.release_date;', '5', '1');
INSERT INTO "QueryColumnAccess" ("queryId", "columnId")
    VALUES ('1320', '2');
INSERT INTO "QueryColumnAccess" ("queryId", "columnId")
    VALUES ('1320', '3');
INSERT INTO "QueryTableAccess" ("queryId", "tableId")
    VALUES ('1320', '5');
INSERT INTO "QueryTableAccess" ("queryId", "tableId")
    VALUES ('1320', '1');
SELECT 'Actors.first_name', 'Screenings.end_time' FROM Actors LEFT OUTER JOIN Screenings ON 'Actors.first_name' = 'Screenings.end_time';
INSERT INTO "SqlQuery" ("queryId", "userId", "issuedAt", "finishedAt", "hasError", "errorMessage", "statement", "projectId", "queryTypeId")
    VALUES ('1321', '5', '2023-05-05 22:05:55.607389', '2023-05-05 22:05:58.607389', 'False', 'None', 'SELECT Actors.first_name, Screenings.end_time FROM Actors LEFT OUTER JOIN Screenings ON Actors.first_name = Screenings.end_time;', '5', '1');
INSERT INTO "QueryColumnAccess" ("queryId", "columnId")
    VALUES ('1321', '2');
INSERT INTO "QueryColumnAccess" ("queryId", "columnId")
    VALUES ('1321', '5');
INSERT INTO "QueryTableAccess" ("queryId", "tableId")
    VALUES ('1321', '2');
INSERT INTO "QueryTableAccess" ("queryId", "tableId")
    VALUES ('1321', '5');
SELECT 'Reviews.user_id', 'Actors.gender' FROM Reviews LEFT OUTER JOIN Actors ON 'Reviews.user_id' = 'Actors.gender';
INSERT INTO "SqlQuery" ("queryId", "userId", "issuedAt", "finishedAt", "hasError", "errorMessage", "statement", "projectId", "queryTypeId")
    VALUES ('1322', '8', '2023-06-17 22:05:55.607398', '2023-06-17 22:05:59.607398', 'False', 'None', 'SELECT Reviews.user_id, Actors.gender FROM Reviews LEFT OUTER JOIN Actors ON Reviews.user_id = Actors.gender;', '5', '1');
INSERT INTO "QueryColumnAccess" ("queryId", "columnId")
    VALUES ('1322', '3');
INSERT INTO "QueryColumnAccess" ("queryId", "columnId")
    VALUES ('1322', '5');
INSERT INTO "QueryTableAccess" ("queryId", "tableId")
    VALUES ('1322', '3');
INSERT INTO "QueryTableAccess" ("queryId", "tableId")
    VALUES ('1322', '2');
SELECT 'Actors.gender', 'Movies.movie_id' FROM Actors RIGHT OUTER JOIN Movies ON 'Actors.gender' = 'Movies.movie_id';
INSERT INTO "SqlQuery" ("queryId", "userId", "issuedAt", "finishedAt", "hasError", "errorMessage", "statement", "projectId", "queryTypeId")
    VALUES ('1323', '13', '2023-05-26 22:05:55.607407', '2023-05-26 22:05:57.607407', 'False', 'None', 'SELECT Actors.gender, Movies.movie_id FROM Actors RIGHT OUTER JOIN Movies ON Actors.gender = Movies.movie_id;', '5', '1');
INSERT INTO "QueryColumnAccess" ("queryId", "columnId")
    VALUES ('1323', '5');
INSERT INTO "QueryColumnAccess" ("queryId", "columnId")
    VALUES ('1323', '1');
INSERT INTO "QueryTableAccess" ("queryId", "tableId")
    VALUES ('1323', '2');
INSERT INTO "QueryTableAccess" ("queryId", "tableId")
    VALUES ('1323', '1');
SELECT 'Screenings.movie_id', 'Reviews.comment' FROM Screenings RIGHT OUTER JOIN Reviews ON 'Screenings.movie_id' = 'Reviews.comment';
INSERT INTO "SqlQuery" ("queryId", "userId", "issuedAt", "finishedAt", "hasError", "errorMessage", "statement", "projectId", "queryTypeId")
    VALUES ('1324', '6', '2023-05-11 22:05:55.607415', '2023-05-11 22:05:58.607415', 'False', 'None', 'SELECT Screenings.movie_id, Reviews.comment FROM Screenings RIGHT OUTER JOIN Reviews ON Screenings.movie_id = Reviews.comment;', '5', '1');
INSERT INTO "QueryColumnAccess" ("queryId", "columnId")
    VALUES ('1324', '2');
INSERT INTO "QueryColumnAccess" ("queryId", "columnId")
    VALUES ('1324', '5');
INSERT INTO "QueryTableAccess" ("queryId", "tableId")
    VALUES ('1324', '5');
INSERT INTO "QueryTableAccess" ("queryId", "tableId")
    VALUES ('1324', '3');
SELECT 'Theaters.phone_number', 'Reviews.review_id' FROM Theaters RIGHT OUTER JOIN Reviews ON 'Theaters.phone_number' = 'Reviews.review_id';
INSERT INTO "SqlQuery" ("queryId", "userId", "issuedAt", "finishedAt", "hasError", "errorMessage", "statement", "projectId", "queryTypeId")
    VALUES ('1325', '9', '2023-06-18 22:05:55.607424', '2023-06-18 22:05:59.607424', 'False', 'None', 'SELECT Theaters.phone_number, Reviews.review_id FROM Theaters RIGHT OUTER JOIN Reviews ON Theaters.phone_number = Reviews.review_id;', '5', '1');
INSERT INTO "QueryColumnAccess" ("queryId", "columnId")
    VALUES ('1325', '5');
INSERT INTO "QueryColumnAccess" ("queryId", "columnId")
    VALUES ('1325', '1');
INSERT INTO "QueryTableAccess" ("queryId", "tableId")
    VALUES ('1325', '4');
INSERT INTO "QueryTableAccess" ("queryId", "tableId")
    VALUES ('1325', '3');
SELECT 'Screenings.end_time', 'Theaters.theater_name' FROM Screenings LEFT OUTER JOIN Theaters ON 'Screenings.end_time' = 'Theaters.theater_name';
INSERT INTO "SqlQuery" ("queryId", "userId", "issuedAt", "finishedAt", "hasError", "errorMessage", "statement", "projectId", "queryTypeId")
    VALUES ('1326', '8', '2023-04-19 22:05:55.607433', '2023-04-19 22:05:57.607433', 'False', 'None', 'SELECT Screenings.end_time, Theaters.theater_name FROM Screenings LEFT OUTER JOIN Theaters ON Screenings.end_time = Theaters.theater_name;', '5', '1');
INSERT INTO "QueryColumnAccess" ("queryId", "columnId")
    VALUES ('1326', '5');
INSERT INTO "QueryColumnAccess" ("queryId", "columnId")
    VALUES ('1326', '2');
INSERT INTO "QueryTableAccess" ("queryId", "tableId")
    VALUES ('1326', '5');
INSERT INTO "QueryTableAccess" ("queryId", "tableId")
    VALUES ('1326', '4');
SELECT 'Reviews.movie_id', 'Actors.actor_id' FROM Reviews LEFT OUTER JOIN Actors ON 'Reviews.movie_id' = 'Actors.actor_id';
INSERT INTO "SqlQuery" ("queryId", "userId", "issuedAt", "finishedAt", "hasError", "errorMessage", "statement", "projectId", "queryTypeId")
    VALUES ('1327', '1', '2023-05-06 22:05:55.607442', '2023-05-06 22:05:59.607442', 'False', 'None', 'SELECT Reviews.movie_id, Actors.actor_id FROM Reviews LEFT OUTER JOIN Actors ON Reviews.movie_id = Actors.actor_id;', '5', '1');
INSERT INTO "QueryColumnAccess" ("queryId", "columnId")
    VALUES ('1327', '2');
INSERT INTO "QueryColumnAccess" ("queryId", "columnId")
    VALUES ('1327', '1');
INSERT INTO "QueryTableAccess" ("queryId", "tableId")
    VALUES ('1327', '3');
INSERT INTO "QueryTableAccess" ("queryId", "tableId")
    VALUES ('1327', '2');
SELECT 'Movies.release_date', 'Actors.date_of_birth' FROM Movies RIGHT OUTER JOIN Actors ON 'Movies.release_date' = 'Actors.date_of_birth';
INSERT INTO "SqlQuery" ("queryId", "userId", "issuedAt", "finishedAt", "hasError", "errorMessage", "statement", "projectId", "queryTypeId")
    VALUES ('1328', '1', '2023-04-25 22:05:55.607450', '2023-04-25 22:05:58.607450', 'False', 'None', 'SELECT Movies.release_date, Actors.date_of_birth FROM Movies RIGHT OUTER JOIN Actors ON Movies.release_date = Actors.date_of_birth;', '5', '1');
INSERT INTO "QueryColumnAccess" ("queryId", "columnId")
    VALUES ('1328', '3');
INSERT INTO "QueryColumnAccess" ("queryId", "columnId")
    VALUES ('1328', '4');
INSERT INTO "QueryTableAccess" ("queryId", "tableId")
    VALUES ('1328', '1');
INSERT INTO "QueryTableAccess" ("queryId", "tableId")
    VALUES ('1328', '2');
SELECT 'Theaters.capacity', 'Screenings.start_time' FROM Theaters NATURAL JOIN Screenings ON 'Theaters.capacity' = 'Screenings.start_time';
INSERT INTO "SqlQuery" ("queryId", "userId", "issuedAt", "finishedAt", "hasError", "errorMessage", "statement", "projectId", "queryTypeId")
    VALUES ('1329', '9', '2023-04-13 22:05:55.607463', '2023-04-13 22:05:58.607463', 'False', 'None', 'SELECT Theaters.capacity, Screenings.start_time FROM Theaters NATURAL JOIN Screenings ON Theaters.capacity = Screenings.start_time;', '5', '1');
INSERT INTO "QueryColumnAccess" ("queryId", "columnId")
    VALUES ('1329', '4');
INSERT INTO "QueryColumnAccess" ("queryId", "columnId")
    VALUES ('1329', '4');
INSERT INTO "QueryTableAccess" ("queryId", "tableId")
    VALUES ('1329', '4');
INSERT INTO "QueryTableAccess" ("queryId", "tableId")
    VALUES ('1329', '5');
SELECT 'Actors.actor_id', 'Theaters.theater_id' FROM Actors NATURAL JOIN Theaters ON 'Actors.actor_id' = 'Theaters.theater_id';
INSERT INTO "SqlQuery" ("queryId", "userId", "issuedAt", "finishedAt", "hasError", "errorMessage", "statement", "projectId", "queryTypeId")
    VALUES ('1330', '11', '2023-07-04 22:05:55.607473', '2023-07-04 22:05:58.607473', 'False', 'None', 'SELECT Actors.actor_id, Theaters.theater_id FROM Actors NATURAL JOIN Theaters ON Actors.actor_id = Theaters.theater_id;', '5', '1');
INSERT INTO "QueryColumnAccess" ("queryId", "columnId")
    VALUES ('1330', '1');
INSERT INTO "QueryColumnAccess" ("queryId", "columnId")
    VALUES ('1330', '1');
INSERT INTO "QueryTableAccess" ("queryId", "tableId")
    VALUES ('1330', '2');
INSERT INTO "QueryTableAccess" ("queryId", "tableId")
    VALUES ('1330', '4');
SELECT 'Reviews.user_id', 'Theaters.capacity' FROM Reviews RIGHT OUTER JOIN Theaters ON 'Reviews.user_id' = 'Theaters.capacity';
INSERT INTO "SqlQuery" ("queryId", "userId", "issuedAt", "finishedAt", "hasError", "errorMessage", "statement", "projectId", "queryTypeId")
    VALUES ('1331', '7', '2023-05-11 22:05:55.607482', '2023-05-11 22:05:56.607482', 'False', 'None', 'SELECT Reviews.user_id, Theaters.capacity FROM Reviews RIGHT OUTER JOIN Theaters ON Reviews.user_id = Theaters.capacity;', '5', '1');
INSERT INTO "QueryColumnAccess" ("queryId", "columnId")
    VALUES ('1331', '3');
INSERT INTO "QueryColumnAccess" ("queryId", "columnId")
    VALUES ('1331', '4');
INSERT INTO "QueryTableAccess" ("queryId", "tableId")
    VALUES ('1331', '3');
INSERT INTO "QueryTableAccess" ("queryId", "tableId")
    VALUES ('1331', '4');
SELECT 'Screenings.start_time', 'Theaters.phone_number' FROM Screenings NATURAL JOIN Theaters ON 'Screenings.start_time' = 'Theaters.phone_number';
INSERT INTO "SqlQuery" ("queryId", "userId", "issuedAt", "finishedAt", "hasError", "errorMessage", "statement", "projectId", "queryTypeId")
    VALUES ('1332', '9', '2023-06-28 22:05:55.607491', '2023-06-28 22:05:59.607491', 'False', 'None', 'SELECT Screenings.start_time, Theaters.phone_number FROM Screenings NATURAL JOIN Theaters ON Screenings.start_time = Theaters.phone_number;', '5', '1');
INSERT INTO "QueryColumnAccess" ("queryId", "columnId")
    VALUES ('1332', '4');
INSERT INTO "QueryColumnAccess" ("queryId", "columnId")
    VALUES ('1332', '5');
INSERT INTO "QueryTableAccess" ("queryId", "tableId")
    VALUES ('1332', '5');
INSERT INTO "QueryTableAccess" ("queryId", "tableId")
    VALUES ('1332', '4');
SELECT 'Actors.first_name', 'Reviews.movie_id' FROM Actors RIGHT OUTER JOIN Reviews ON 'Actors.first_name' = 'Reviews.movie_id';
INSERT INTO "SqlQuery" ("queryId", "userId", "issuedAt", "finishedAt", "hasError", "errorMessage", "statement", "projectId", "queryTypeId")
    VALUES ('1333', '5', '2023-05-15 22:05:55.607501', '2023-05-15 22:05:57.607501', 'False', 'None', 'SELECT Actors.first_name, Reviews.movie_id FROM Actors RIGHT OUTER JOIN Reviews ON Actors.first_name = Reviews.movie_id;', '5', '1');
INSERT INTO "QueryColumnAccess" ("queryId", "columnId")
    VALUES ('1333', '2');
INSERT INTO "QueryColumnAccess" ("queryId", "columnId")
    VALUES ('1333', '2');
INSERT INTO "QueryTableAccess" ("queryId", "tableId")
    VALUES ('1333', '2');
INSERT INTO "QueryTableAccess" ("queryId", "tableId")
    VALUES ('1333', '3');
SELECT 'Reviews.movie_id', 'Actors.gender' FROM Reviews LEFT OUTER JOIN Actors ON 'Reviews.movie_id' = 'Actors.gender';
INSERT INTO "SqlQuery" ("queryId", "userId", "issuedAt", "finishedAt", "hasError", "errorMessage", "statement", "projectId", "queryTypeId")
    VALUES ('1334', '4', '2023-05-13 22:05:55.607510', '2023-05-13 22:05:59.607510', 'False', 'None', 'SELECT Reviews.movie_id, Actors.gender FROM Reviews LEFT OUTER JOIN Actors ON Reviews.movie_id = Actors.gender;', '5', '1');
INSERT INTO "QueryColumnAccess" ("queryId", "columnId")
    VALUES ('1334', '2');
INSERT INTO "QueryColumnAccess" ("queryId", "columnId")
    VALUES ('1334', '5');
INSERT INTO "QueryTableAccess" ("queryId", "tableId")
    VALUES ('1334', '3');
INSERT INTO "QueryTableAccess" ("queryId", "tableId")
    VALUES ('1334', '2');
SELECT 'Actors.nationality', 'Reviews.rating' FROM Actors LEFT OUTER JOIN Reviews ON 'Actors.nationality' = 'Reviews.rating';
INSERT INTO "SqlQuery" ("queryId", "userId", "issuedAt", "finishedAt", "hasError", "errorMessage", "statement", "projectId", "queryTypeId")
    VALUES ('1335', '3', '2023-05-06 22:05:55.607519', '2023-05-06 22:05:59.607519', 'False', 'None', 'SELECT Actors.nationality, Reviews.rating FROM Actors LEFT OUTER JOIN Reviews ON Actors.nationality = Reviews.rating;', '5', '1');
INSERT INTO "QueryColumnAccess" ("queryId", "columnId")
    VALUES ('1335', '6');
INSERT INTO "QueryColumnAccess" ("queryId", "columnId")
    VALUES ('1335', '4');
INSERT INTO "QueryTableAccess" ("queryId", "tableId")
    VALUES ('1335', '2');
INSERT INTO "QueryTableAccess" ("queryId", "tableId")
    VALUES ('1335', '3');
SELECT 'Actors.first_name', 'Movies.genre' FROM Actors NATURAL JOIN Movies ON 'Actors.first_name' = 'Movies.genre';
INSERT INTO "SqlQuery" ("queryId", "userId", "issuedAt", "finishedAt", "hasError", "errorMessage", "statement", "projectId", "queryTypeId")
    VALUES ('1336', '3', '2023-07-06 22:05:55.607527', '2023-07-06 22:05:57.607527', 'False', 'None', 'SELECT Actors.first_name, Movies.genre FROM Actors NATURAL JOIN Movies ON Actors.first_name = Movies.genre;', '5', '1');
INSERT INTO "QueryColumnAccess" ("queryId", "columnId")
    VALUES ('1336', '2');
INSERT INTO "QueryColumnAccess" ("queryId", "columnId")
    VALUES ('1336', '4');
INSERT INTO "QueryTableAccess" ("queryId", "tableId")
    VALUES ('1336', '2');
INSERT INTO "QueryTableAccess" ("queryId", "tableId")
    VALUES ('1336', '1');
SELECT 'Theaters.location', 'Actors.nationality' FROM Theaters NATURAL JOIN Actors ON 'Theaters.location' = 'Actors.nationality';
INSERT INTO "SqlQuery" ("queryId", "userId", "issuedAt", "finishedAt", "hasError", "errorMessage", "statement", "projectId", "queryTypeId")
    VALUES ('1337', '8', '2023-06-12 22:05:55.607536', '2023-06-12 22:05:56.607536', 'False', 'None', 'SELECT Theaters.location, Actors.nationality FROM Theaters NATURAL JOIN Actors ON Theaters.location = Actors.nationality;', '5', '1');
INSERT INTO "QueryColumnAccess" ("queryId", "columnId")
    VALUES ('1337', '3');
INSERT INTO "QueryColumnAccess" ("queryId", "columnId")
    VALUES ('1337', '6');
INSERT INTO "QueryTableAccess" ("queryId", "tableId")
    VALUES ('1337', '4');
INSERT INTO "QueryTableAccess" ("queryId", "tableId")
    VALUES ('1337', '2');
SELECT 'Reviews.review_date', 'Screenings.theater_id' FROM Reviews RIGHT OUTER JOIN Screenings ON 'Reviews.review_date' = 'Screenings.theater_id';
INSERT INTO "SqlQuery" ("queryId", "userId", "issuedAt", "finishedAt", "hasError", "errorMessage", "statement", "projectId", "queryTypeId")
    VALUES ('1338', '14', '2023-06-12 22:05:55.607548', '2023-06-12 22:05:58.607548', 'False', 'None', 'SELECT Reviews.review_date, Screenings.theater_id FROM Reviews RIGHT OUTER JOIN Screenings ON Reviews.review_date = Screenings.theater_id;', '5', '1');
INSERT INTO "QueryColumnAccess" ("queryId", "columnId")
    VALUES ('1338', '6');
INSERT INTO "QueryColumnAccess" ("queryId", "columnId")
    VALUES ('1338', '3');
INSERT INTO "QueryTableAccess" ("queryId", "tableId")
    VALUES ('1338', '3');
INSERT INTO "QueryTableAccess" ("queryId", "tableId")
    VALUES ('1338', '5');
SELECT 'Reviews.review_date', 'Screenings.movie_id' FROM Reviews LEFT OUTER JOIN Screenings ON 'Reviews.review_date' = 'Screenings.movie_id';
INSERT INTO "SqlQuery" ("queryId", "userId", "issuedAt", "finishedAt", "hasError", "errorMessage", "statement", "projectId", "queryTypeId")
    VALUES ('1339', '12', '2023-05-11 22:05:55.607557', '2023-05-11 22:05:57.607557', 'False', 'None', 'SELECT Reviews.review_date, Screenings.movie_id FROM Reviews LEFT OUTER JOIN Screenings ON Reviews.review_date = Screenings.movie_id;', '5', '1');
INSERT INTO "QueryColumnAccess" ("queryId", "columnId")
    VALUES ('1339', '6');
INSERT INTO "QueryColumnAccess" ("queryId", "columnId")
    VALUES ('1339', '2');
INSERT INTO "QueryTableAccess" ("queryId", "tableId")
    VALUES ('1339', '3');
INSERT INTO "QueryTableAccess" ("queryId", "tableId")
    VALUES ('1339', '5');
SELECT 'Reviews.comment', 'Theaters.theater_name' FROM Reviews NATURAL JOIN Theaters ON 'Reviews.comment' = 'Theaters.theater_name';
INSERT INTO "SqlQuery" ("queryId", "userId", "issuedAt", "finishedAt", "hasError", "errorMessage", "statement", "projectId", "queryTypeId")
    VALUES ('1340', '8', '2023-06-12 22:05:55.607566', '2023-06-12 22:05:59.607566', 'False', 'None', 'SELECT Reviews.comment, Theaters.theater_name FROM Reviews NATURAL JOIN Theaters ON Reviews.comment = Theaters.theater_name;', '5', '1');
INSERT INTO "QueryColumnAccess" ("queryId", "columnId")
    VALUES ('1340', '5');
INSERT INTO "QueryColumnAccess" ("queryId", "columnId")
    VALUES ('1340', '2');
INSERT INTO "QueryTableAccess" ("queryId", "tableId")
    VALUES ('1340', '3');
INSERT INTO "QueryTableAccess" ("queryId", "tableId")
    VALUES ('1340', '4');
SELECT 'Movies.movie_id', 'Screenings.movie_id' FROM Movies RIGHT OUTER JOIN Screenings ON 'Movies.movie_id' = 'Screenings.movie_id';
INSERT INTO "SqlQuery" ("queryId", "userId", "issuedAt", "finishedAt", "hasError", "errorMessage", "statement", "projectId", "queryTypeId")
    VALUES ('1341', '4', '2023-05-19 22:05:55.607575', '2023-05-19 22:05:57.607575', 'False', 'None', 'SELECT Movies.movie_id, Screenings.movie_id FROM Movies RIGHT OUTER JOIN Screenings ON Movies.movie_id = Screenings.movie_id;', '5', '1');
INSERT INTO "QueryColumnAccess" ("queryId", "columnId")
    VALUES ('1341', '1');
INSERT INTO "QueryColumnAccess" ("queryId", "columnId")
    VALUES ('1341', '2');
INSERT INTO "QueryTableAccess" ("queryId", "tableId")
    VALUES ('1341', '1');
INSERT INTO "QueryTableAccess" ("queryId", "tableId")
    VALUES ('1341', '5');
SELECT 'Reviews.user_id', 'Movies.director' FROM Reviews NATURAL JOIN Movies ON 'Reviews.user_id' = 'Movies.director';
INSERT INTO "SqlQuery" ("queryId", "userId", "issuedAt", "finishedAt", "hasError", "errorMessage", "statement", "projectId", "queryTypeId")
    VALUES ('1342', '6', '2023-06-29 22:05:55.607583', '2023-06-29 22:05:56.607583', 'False', 'None', 'SELECT Reviews.user_id, Movies.director FROM Reviews NATURAL JOIN Movies ON Reviews.user_id = Movies.director;', '5', '1');
INSERT INTO "QueryColumnAccess" ("queryId", "columnId")
    VALUES ('1342', '3');
INSERT INTO "QueryColumnAccess" ("queryId", "columnId")
    VALUES ('1342', '5');
INSERT INTO "QueryTableAccess" ("queryId", "tableId")
    VALUES ('1342', '3');
INSERT INTO "QueryTableAccess" ("queryId", "tableId")
    VALUES ('1342', '1');
SELECT 'Reviews.movie_id', 'Theaters.location' FROM Reviews NATURAL JOIN Theaters ON 'Reviews.movie_id' = 'Theaters.location';
INSERT INTO "SqlQuery" ("queryId", "userId", "issuedAt", "finishedAt", "hasError", "errorMessage", "statement", "projectId", "queryTypeId")
    VALUES ('1343', '7', '2023-06-01 22:05:55.607592', '2023-06-01 22:05:56.607592', 'False', 'None', 'SELECT Reviews.movie_id, Theaters.location FROM Reviews NATURAL JOIN Theaters ON Reviews.movie_id = Theaters.location;', '5', '1');
INSERT INTO "QueryColumnAccess" ("queryId", "columnId")
    VALUES ('1343', '2');
INSERT INTO "QueryColumnAccess" ("queryId", "columnId")
    VALUES ('1343', '3');
INSERT INTO "QueryTableAccess" ("queryId", "tableId")
    VALUES ('1343', '3');
INSERT INTO "QueryTableAccess" ("queryId", "tableId")
    VALUES ('1343', '4');
SELECT 'Movies.director', 'Reviews.review_id' FROM Movies RIGHT OUTER JOIN Reviews ON 'Movies.director' = 'Reviews.review_id';
INSERT INTO "SqlQuery" ("queryId", "userId", "issuedAt", "finishedAt", "hasError", "errorMessage", "statement", "projectId", "queryTypeId")
    VALUES ('1344', '5', '2023-04-25 22:05:55.607601', '2023-04-25 22:05:59.607601', 'False', 'None', 'SELECT Movies.director, Reviews.review_id FROM Movies RIGHT OUTER JOIN Reviews ON Movies.director = Reviews.review_id;', '5', '1');
INSERT INTO "QueryColumnAccess" ("queryId", "columnId")
    VALUES ('1344', '5');
INSERT INTO "QueryColumnAccess" ("queryId", "columnId")
    VALUES ('1344', '1');
INSERT INTO "QueryTableAccess" ("queryId", "tableId")
    VALUES ('1344', '1');
INSERT INTO "QueryTableAccess" ("queryId", "tableId")
    VALUES ('1344', '3');
SELECT 'Theaters.phone_number', 'Actors.date_of_birth' FROM Theaters LEFT OUTER JOIN Actors ON 'Theaters.phone_number' = 'Actors.date_of_birth';
INSERT INTO "SqlQuery" ("queryId", "userId", "issuedAt", "finishedAt", "hasError", "errorMessage", "statement", "projectId", "queryTypeId")
    VALUES ('1345', '12', '2023-06-24 22:05:55.607609', '2023-06-24 22:05:56.607609', 'False', 'None', 'SELECT Theaters.phone_number, Actors.date_of_birth FROM Theaters LEFT OUTER JOIN Actors ON Theaters.phone_number = Actors.date_of_birth;', '5', '1');
INSERT INTO "QueryColumnAccess" ("queryId", "columnId")
    VALUES ('1345', '5');
INSERT INTO "QueryColumnAccess" ("queryId", "columnId")
    VALUES ('1345', '4');
INSERT INTO "QueryTableAccess" ("queryId", "tableId")
    VALUES ('1345', '4');
INSERT INTO "QueryTableAccess" ("queryId", "tableId")
    VALUES ('1345', '2');
SELECT 'Actors.first_name', 'Screenings.movie_id' FROM Actors LEFT OUTER JOIN Screenings ON 'Actors.first_name' = 'Screenings.movie_id';
INSERT INTO "SqlQuery" ("queryId", "userId", "issuedAt", "finishedAt", "hasError", "errorMessage", "statement", "projectId", "queryTypeId")
    VALUES ('1346', '4', '2023-06-10 22:05:55.607618', '2023-06-10 22:05:59.607618', 'False', 'None', 'SELECT Actors.first_name, Screenings.movie_id FROM Actors LEFT OUTER JOIN Screenings ON Actors.first_name = Screenings.movie_id;', '5', '1');
INSERT INTO "QueryColumnAccess" ("queryId", "columnId")
    VALUES ('1346', '2');
INSERT INTO "QueryColumnAccess" ("queryId", "columnId")
    VALUES ('1346', '2');
INSERT INTO "QueryTableAccess" ("queryId", "tableId")
    VALUES ('1346', '2');
INSERT INTO "QueryTableAccess" ("queryId", "tableId")
    VALUES ('1346', '5');
SELECT 'Theaters.capacity', 'Reviews.rating' FROM Theaters NATURAL JOIN Reviews ON 'Theaters.capacity' = 'Reviews.rating';
INSERT INTO "SqlQuery" ("queryId", "userId", "issuedAt", "finishedAt", "hasError", "errorMessage", "statement", "projectId", "queryTypeId")
    VALUES ('1347', '11', '2023-06-22 22:05:55.607627', '2023-06-22 22:05:59.607627', 'False', 'None', 'SELECT Theaters.capacity, Reviews.rating FROM Theaters NATURAL JOIN Reviews ON Theaters.capacity = Reviews.rating;', '5', '1');
INSERT INTO "QueryColumnAccess" ("queryId", "columnId")
    VALUES ('1347', '4');
INSERT INTO "QueryColumnAccess" ("queryId", "columnId")
    VALUES ('1347', '4');
INSERT INTO "QueryTableAccess" ("queryId", "tableId")
    VALUES ('1347', '4');
INSERT INTO "QueryTableAccess" ("queryId", "tableId")
    VALUES ('1347', '3');
SELECT 'Screenings.end_time', 'Theaters.capacity' FROM Screenings NATURAL JOIN Theaters ON 'Screenings.end_time' = 'Theaters.capacity';
INSERT INTO "SqlQuery" ("queryId", "userId", "issuedAt", "finishedAt", "hasError", "errorMessage", "statement", "projectId", "queryTypeId")
    VALUES ('1348', '10', '2023-05-03 22:05:55.607640', '2023-05-03 22:05:59.607640', 'False', 'None', 'SELECT Screenings.end_time, Theaters.capacity FROM Screenings NATURAL JOIN Theaters ON Screenings.end_time = Theaters.capacity;', '5', '1');
INSERT INTO "QueryColumnAccess" ("queryId", "columnId")
    VALUES ('1348', '5');
INSERT INTO "QueryColumnAccess" ("queryId", "columnId")
    VALUES ('1348', '4');
INSERT INTO "QueryTableAccess" ("queryId", "tableId")
    VALUES ('1348', '5');
INSERT INTO "QueryTableAccess" ("queryId", "tableId")
    VALUES ('1348', '4');
SELECT 'Movies.rating', 'Reviews.comment' FROM Movies RIGHT OUTER JOIN Reviews ON 'Movies.rating' = 'Reviews.comment';
INSERT INTO "SqlQuery" ("queryId", "userId", "issuedAt", "finishedAt", "hasError", "errorMessage", "statement", "projectId", "queryTypeId")
    VALUES ('1349', '11', '2023-05-19 22:05:55.607649', '2023-05-19 22:05:58.607649', 'False', 'None', 'SELECT Movies.rating, Reviews.comment FROM Movies RIGHT OUTER JOIN Reviews ON Movies.rating = Reviews.comment;', '5', '1');
INSERT INTO "QueryColumnAccess" ("queryId", "columnId")
    VALUES ('1349', '7');
INSERT INTO "QueryColumnAccess" ("queryId", "columnId")
    VALUES ('1349', '5');
INSERT INTO "QueryTableAccess" ("queryId", "tableId")
    VALUES ('1349', '1');
INSERT INTO "QueryTableAccess" ("queryId", "tableId")
    VALUES ('1349', '3');
SELECT 'Movies.director', 'Theaters.theater_id' FROM Movies NATURAL JOIN Theaters ON 'Movies.director' = 'Theaters.theater_id';
INSERT INTO "SqlQuery" ("queryId", "userId", "issuedAt", "finishedAt", "hasError", "errorMessage", "statement", "projectId", "queryTypeId")
    VALUES ('1350', '4', '2023-05-30 22:05:55.607657', '2023-05-30 22:05:57.607657', 'False', 'None', 'SELECT Movies.director, Theaters.theater_id FROM Movies NATURAL JOIN Theaters ON Movies.director = Theaters.theater_id;', '5', '1');
INSERT INTO "QueryColumnAccess" ("queryId", "columnId")
    VALUES ('1350', '5');
INSERT INTO "QueryColumnAccess" ("queryId", "columnId")
    VALUES ('1350', '1');
INSERT INTO "QueryTableAccess" ("queryId", "tableId")
    VALUES ('1350', '1');
INSERT INTO "QueryTableAccess" ("queryId", "tableId")
    VALUES ('1350', '4');
SELECT 'Reviews.movie_id', 'Actors.last_name' FROM Reviews RIGHT OUTER JOIN Actors ON 'Reviews.movie_id' = 'Actors.last_name';
INSERT INTO "SqlQuery" ("queryId", "userId", "issuedAt", "finishedAt", "hasError", "errorMessage", "statement", "projectId", "queryTypeId")
    VALUES ('1351', '4', '2023-06-17 22:05:55.607666', '2023-06-17 22:05:57.607666', 'False', 'None', 'SELECT Reviews.movie_id, Actors.last_name FROM Reviews RIGHT OUTER JOIN Actors ON Reviews.movie_id = Actors.last_name;', '5', '1');
INSERT INTO "QueryColumnAccess" ("queryId", "columnId")
    VALUES ('1351', '2');
INSERT INTO "QueryColumnAccess" ("queryId", "columnId")
    VALUES ('1351', '3');
INSERT INTO "QueryTableAccess" ("queryId", "tableId")
    VALUES ('1351', '3');
INSERT INTO "QueryTableAccess" ("queryId", "tableId")
    VALUES ('1351', '2');
SELECT 'Theaters.theater_name', 'Movies.director' FROM Theaters NATURAL JOIN Movies ON 'Theaters.theater_name' = 'Movies.director';
INSERT INTO "SqlQuery" ("queryId", "userId", "issuedAt", "finishedAt", "hasError", "errorMessage", "statement", "projectId", "queryTypeId")
    VALUES ('1352', '10', '2023-04-24 22:05:55.607674', '2023-04-24 22:05:59.607674', 'False', 'None', 'SELECT Theaters.theater_name, Movies.director FROM Theaters NATURAL JOIN Movies ON Theaters.theater_name = Movies.director;', '5', '1');
INSERT INTO "QueryColumnAccess" ("queryId", "columnId")
    VALUES ('1352', '2');
INSERT INTO "QueryColumnAccess" ("queryId", "columnId")
    VALUES ('1352', '5');
INSERT INTO "QueryTableAccess" ("queryId", "tableId")
    VALUES ('1352', '4');
INSERT INTO "QueryTableAccess" ("queryId", "tableId")
    VALUES ('1352', '1');
SELECT 'Actors.actor_id', 'Theaters.theater_id' FROM Actors RIGHT OUTER JOIN Theaters ON 'Actors.actor_id' = 'Theaters.theater_id';
INSERT INTO "SqlQuery" ("queryId", "userId", "issuedAt", "finishedAt", "hasError", "errorMessage", "statement", "projectId", "queryTypeId")
    VALUES ('1353', '5', '2023-07-06 22:05:55.607683', '2023-07-06 22:05:57.607683', 'False', 'None', 'SELECT Actors.actor_id, Theaters.theater_id FROM Actors RIGHT OUTER JOIN Theaters ON Actors.actor_id = Theaters.theater_id;', '5', '1');
INSERT INTO "QueryColumnAccess" ("queryId", "columnId")
    VALUES ('1353', '1');
INSERT INTO "QueryColumnAccess" ("queryId", "columnId")
    VALUES ('1353', '1');
INSERT INTO "QueryTableAccess" ("queryId", "tableId")
    VALUES ('1353', '2');
INSERT INTO "QueryTableAccess" ("queryId", "tableId")
    VALUES ('1353', '4');
SELECT 'Reviews.review_id', 'Screenings.movie_id' FROM Reviews LEFT OUTER JOIN Screenings ON 'Reviews.review_id' = 'Screenings.movie_id';
INSERT INTO "SqlQuery" ("queryId", "userId", "issuedAt", "finishedAt", "hasError", "errorMessage", "statement", "projectId", "queryTypeId")
    VALUES ('1354', '14', '2023-06-04 22:05:55.607691', '2023-06-04 22:05:57.607691', 'False', 'None', 'SELECT Reviews.review_id, Screenings.movie_id FROM Reviews LEFT OUTER JOIN Screenings ON Reviews.review_id = Screenings.movie_id;', '5', '1');
INSERT INTO "QueryColumnAccess" ("queryId", "columnId")
    VALUES ('1354', '1');
INSERT INTO "QueryColumnAccess" ("queryId", "columnId")
    VALUES ('1354', '2');
INSERT INTO "QueryTableAccess" ("queryId", "tableId")
    VALUES ('1354', '3');
INSERT INTO "QueryTableAccess" ("queryId", "tableId")
    VALUES ('1354', '5');
SELECT 'Theaters.location', 'Screenings.theater_id' FROM Theaters RIGHT OUTER JOIN Screenings ON 'Theaters.location' = 'Screenings.theater_id';
INSERT INTO "SqlQuery" ("queryId", "userId", "issuedAt", "finishedAt", "hasError", "errorMessage", "statement", "projectId", "queryTypeId")
    VALUES ('1355', '7', '2023-05-11 22:05:55.607700', '2023-05-11 22:05:58.607700', 'False', 'None', 'SELECT Theaters.location, Screenings.theater_id FROM Theaters RIGHT OUTER JOIN Screenings ON Theaters.location = Screenings.theater_id;', '5', '1');
INSERT INTO "QueryColumnAccess" ("queryId", "columnId")
    VALUES ('1355', '3');
INSERT INTO "QueryColumnAccess" ("queryId", "columnId")
    VALUES ('1355', '3');
INSERT INTO "QueryTableAccess" ("queryId", "tableId")
    VALUES ('1355', '4');
INSERT INTO "QueryTableAccess" ("queryId", "tableId")
    VALUES ('1355', '5');
SELECT 'Movies.director', 'Actors.last_name' FROM Movies RIGHT OUTER JOIN Actors ON 'Movies.director' = 'Actors.last_name';
INSERT INTO "SqlQuery" ("queryId", "userId", "issuedAt", "finishedAt", "hasError", "errorMessage", "statement", "projectId", "queryTypeId")
    VALUES ('1356', '5', '2023-06-25 22:05:55.607710', '2023-06-25 22:05:56.607710', 'False', 'None', 'SELECT Movies.director, Actors.last_name FROM Movies RIGHT OUTER JOIN Actors ON Movies.director = Actors.last_name;', '5', '1');
INSERT INTO "QueryColumnAccess" ("queryId", "columnId")
    VALUES ('1356', '5');
INSERT INTO "QueryColumnAccess" ("queryId", "columnId")
    VALUES ('1356', '3');
INSERT INTO "QueryTableAccess" ("queryId", "tableId")
    VALUES ('1356', '1');
INSERT INTO "QueryTableAccess" ("queryId", "tableId")
    VALUES ('1356', '2');
SELECT 'Screenings.ticket_price', 'Actors.gender' FROM Screenings NATURAL JOIN Actors ON 'Screenings.ticket_price' = 'Actors.gender';
INSERT INTO "SqlQuery" ("queryId", "userId", "issuedAt", "finishedAt", "hasError", "errorMessage", "statement", "projectId", "queryTypeId")
    VALUES ('1357', '3', '2023-05-05 22:05:55.607718', '2023-05-05 22:05:57.607718', 'False', 'None', 'SELECT Screenings.ticket_price, Actors.gender FROM Screenings NATURAL JOIN Actors ON Screenings.ticket_price = Actors.gender;', '5', '1');
INSERT INTO "QueryColumnAccess" ("queryId", "columnId")
    VALUES ('1357', '6');
INSERT INTO "QueryColumnAccess" ("queryId", "columnId")
    VALUES ('1357', '5');
INSERT INTO "QueryTableAccess" ("queryId", "tableId")
    VALUES ('1357', '5');
INSERT INTO "QueryTableAccess" ("queryId", "tableId")
    VALUES ('1357', '2');
SELECT 'Movies.release_date', 'Actors.date_of_birth' FROM Movies LEFT OUTER JOIN Actors ON 'Movies.release_date' = 'Actors.date_of_birth';
INSERT INTO "SqlQuery" ("queryId", "userId", "issuedAt", "finishedAt", "hasError", "errorMessage", "statement", "projectId", "queryTypeId")
    VALUES ('1358', '8', '2023-06-16 22:05:55.607730', '2023-06-16 22:05:56.607730', 'False', 'None', 'SELECT Movies.release_date, Actors.date_of_birth FROM Movies LEFT OUTER JOIN Actors ON Movies.release_date = Actors.date_of_birth;', '5', '1');
INSERT INTO "QueryColumnAccess" ("queryId", "columnId")
    VALUES ('1358', '3');
INSERT INTO "QueryColumnAccess" ("queryId", "columnId")
    VALUES ('1358', '4');
INSERT INTO "QueryTableAccess" ("queryId", "tableId")
    VALUES ('1358', '1');
INSERT INTO "QueryTableAccess" ("queryId", "tableId")
    VALUES ('1358', '2');
SELECT 'Movies.release_date', 'Actors.first_name' FROM Movies LEFT OUTER JOIN Actors ON 'Movies.release_date' = 'Actors.first_name';
INSERT INTO "SqlQuery" ("queryId", "userId", "issuedAt", "finishedAt", "hasError", "errorMessage", "statement", "projectId", "queryTypeId")
    VALUES ('1359', '13', '2023-05-26 22:05:55.607739', '2023-05-26 22:05:57.607739', 'False', 'None', 'SELECT Movies.release_date, Actors.first_name FROM Movies LEFT OUTER JOIN Actors ON Movies.release_date = Actors.first_name;', '5', '1');
INSERT INTO "QueryColumnAccess" ("queryId", "columnId")
    VALUES ('1359', '3');
INSERT INTO "QueryColumnAccess" ("queryId", "columnId")
    VALUES ('1359', '2');
INSERT INTO "QueryTableAccess" ("queryId", "tableId")
    VALUES ('1359', '1');
INSERT INTO "QueryTableAccess" ("queryId", "tableId")
    VALUES ('1359', '2');
SELECT 'Theaters.phone_number', 'Screenings.ticket_price' FROM Theaters RIGHT OUTER JOIN Screenings ON 'Theaters.phone_number' = 'Screenings.ticket_price';
INSERT INTO "SqlQuery" ("queryId", "userId", "issuedAt", "finishedAt", "hasError", "errorMessage", "statement", "projectId", "queryTypeId")
    VALUES ('1360', '14', '2023-05-21 22:05:55.607748', '2023-05-21 22:05:57.607748', 'False', 'None', 'SELECT Theaters.phone_number, Screenings.ticket_price FROM Theaters RIGHT OUTER JOIN Screenings ON Theaters.phone_number = Screenings.ticket_price;', '5', '1');
INSERT INTO "QueryColumnAccess" ("queryId", "columnId")
    VALUES ('1360', '5');
INSERT INTO "QueryColumnAccess" ("queryId", "columnId")
    VALUES ('1360', '6');
INSERT INTO "QueryTableAccess" ("queryId", "tableId")
    VALUES ('1360', '4');
INSERT INTO "QueryTableAccess" ("queryId", "tableId")
    VALUES ('1360', '5');
SELECT 'Actors.nationality', 'Movies.genre' FROM Actors RIGHT OUTER JOIN Movies ON 'Actors.nationality' = 'Movies.genre';
INSERT INTO "SqlQuery" ("queryId", "userId", "issuedAt", "finishedAt", "hasError", "errorMessage", "statement", "projectId", "queryTypeId")
    VALUES ('1361', '4', '2023-06-19 22:05:55.607757', '2023-06-19 22:05:56.607757', 'False', 'None', 'SELECT Actors.nationality, Movies.genre FROM Actors RIGHT OUTER JOIN Movies ON Actors.nationality = Movies.genre;', '5', '1');
INSERT INTO "QueryColumnAccess" ("queryId", "columnId")
    VALUES ('1361', '6');
INSERT INTO "QueryColumnAccess" ("queryId", "columnId")
    VALUES ('1361', '4');
INSERT INTO "QueryTableAccess" ("queryId", "tableId")
    VALUES ('1361', '2');
INSERT INTO "QueryTableAccess" ("queryId", "tableId")
    VALUES ('1361', '1');
SELECT 'Screenings.start_time', 'Reviews.review_id' FROM Screenings RIGHT OUTER JOIN Reviews ON 'Screenings.start_time' = 'Reviews.review_id';
INSERT INTO "SqlQuery" ("queryId", "userId", "issuedAt", "finishedAt", "hasError", "errorMessage", "statement", "projectId", "queryTypeId")
    VALUES ('1362', '4', '2023-07-09 22:05:55.607768', '2023-07-09 22:05:59.607768', 'False', 'None', 'SELECT Screenings.start_time, Reviews.review_id FROM Screenings RIGHT OUTER JOIN Reviews ON Screenings.start_time = Reviews.review_id;', '5', '1');
INSERT INTO "QueryColumnAccess" ("queryId", "columnId")
    VALUES ('1362', '4');
INSERT INTO "QueryColumnAccess" ("queryId", "columnId")
    VALUES ('1362', '1');
INSERT INTO "QueryTableAccess" ("queryId", "tableId")
    VALUES ('1362', '5');
INSERT INTO "QueryTableAccess" ("queryId", "tableId")
    VALUES ('1362', '3');
SELECT 'Theaters.phone_number', 'Movies.genre' FROM Theaters LEFT OUTER JOIN Movies ON 'Theaters.phone_number' = 'Movies.genre';
INSERT INTO "SqlQuery" ("queryId", "userId", "issuedAt", "finishedAt", "hasError", "errorMessage", "statement", "projectId", "queryTypeId")
    VALUES ('1363', '2', '2023-06-28 22:05:55.607776', '2023-06-28 22:05:58.607776', 'False', 'None', 'SELECT Theaters.phone_number, Movies.genre FROM Theaters LEFT OUTER JOIN Movies ON Theaters.phone_number = Movies.genre;', '5', '1');
INSERT INTO "QueryColumnAccess" ("queryId", "columnId")
    VALUES ('1363', '5');
INSERT INTO "QueryColumnAccess" ("queryId", "columnId")
    VALUES ('1363', '4');
INSERT INTO "QueryTableAccess" ("queryId", "tableId")
    VALUES ('1363', '4');
INSERT INTO "QueryTableAccess" ("queryId", "tableId")
    VALUES ('1363', '1');
SELECT 'Reviews.movie_id', 'Movies.rating' FROM Reviews NATURAL JOIN Movies ON 'Reviews.movie_id' = 'Movies.rating';
INSERT INTO "SqlQuery" ("queryId", "userId", "issuedAt", "finishedAt", "hasError", "errorMessage", "statement", "projectId", "queryTypeId")
    VALUES ('1364', '4', '2023-04-14 22:05:55.607785', '2023-04-14 22:05:59.607785', 'False', 'None', 'SELECT Reviews.movie_id, Movies.rating FROM Reviews NATURAL JOIN Movies ON Reviews.movie_id = Movies.rating;', '5', '1');
INSERT INTO "QueryColumnAccess" ("queryId", "columnId")
    VALUES ('1364', '2');
INSERT INTO "QueryColumnAccess" ("queryId", "columnId")
    VALUES ('1364', '7');
INSERT INTO "QueryTableAccess" ("queryId", "tableId")
    VALUES ('1364', '3');
INSERT INTO "QueryTableAccess" ("queryId", "tableId")
    VALUES ('1364', '1');
SELECT 'Actors.gender', 'Screenings.ticket_price' FROM Actors RIGHT OUTER JOIN Screenings ON 'Actors.gender' = 'Screenings.ticket_price';
INSERT INTO "SqlQuery" ("queryId", "userId", "issuedAt", "finishedAt", "hasError", "errorMessage", "statement", "projectId", "queryTypeId")
    VALUES ('1365', '3', '2023-07-09 22:05:55.607794', '2023-07-09 22:05:58.607794', 'False', 'None', 'SELECT Actors.gender, Screenings.ticket_price FROM Actors RIGHT OUTER JOIN Screenings ON Actors.gender = Screenings.ticket_price;', '5', '1');
INSERT INTO "QueryColumnAccess" ("queryId", "columnId")
    VALUES ('1365', '5');
INSERT INTO "QueryColumnAccess" ("queryId", "columnId")
    VALUES ('1365', '6');
INSERT INTO "QueryTableAccess" ("queryId", "tableId")
    VALUES ('1365', '2');
INSERT INTO "QueryTableAccess" ("queryId", "tableId")
    VALUES ('1365', '5');
SELECT 'Movies.release_date', 'Actors.nationality' FROM Movies LEFT OUTER JOIN Actors ON 'Movies.release_date' = 'Actors.nationality';
INSERT INTO "SqlQuery" ("queryId", "userId", "issuedAt", "finishedAt", "hasError", "errorMessage", "statement", "projectId", "queryTypeId")
    VALUES ('1366', '2', '2023-07-04 22:05:55.607802', '2023-07-04 22:05:59.607802', 'False', 'None', 'SELECT Movies.release_date, Actors.nationality FROM Movies LEFT OUTER JOIN Actors ON Movies.release_date = Actors.nationality;', '5', '1');
INSERT INTO "QueryColumnAccess" ("queryId", "columnId")
    VALUES ('1366', '3');
INSERT INTO "QueryColumnAccess" ("queryId", "columnId")
    VALUES ('1366', '6');
INSERT INTO "QueryTableAccess" ("queryId", "tableId")
    VALUES ('1366', '1');
INSERT INTO "QueryTableAccess" ("queryId", "tableId")
    VALUES ('1366', '2');
SELECT 'Movies.release_date', 'Screenings.movie_id' FROM Movies LEFT OUTER JOIN Screenings ON 'Movies.release_date' = 'Screenings.movie_id';
INSERT INTO "SqlQuery" ("queryId", "userId", "issuedAt", "finishedAt", "hasError", "errorMessage", "statement", "projectId", "queryTypeId")
    VALUES ('1367', '3', '2023-05-14 22:05:55.607850', '2023-05-14 22:05:57.607850', 'False', 'None', 'SELECT Movies.release_date, Screenings.movie_id FROM Movies LEFT OUTER JOIN Screenings ON Movies.release_date = Screenings.movie_id;', '5', '1');
INSERT INTO "QueryColumnAccess" ("queryId", "columnId")
    VALUES ('1367', '3');
INSERT INTO "QueryColumnAccess" ("queryId", "columnId")
    VALUES ('1367', '2');
INSERT INTO "QueryTableAccess" ("queryId", "tableId")
    VALUES ('1367', '1');
INSERT INTO "QueryTableAccess" ("queryId", "tableId")
    VALUES ('1367', '5');
SELECT 'Actors.actor_id', 'Movies.movie_id' FROM Actors RIGHT OUTER JOIN Movies ON 'Actors.actor_id' = 'Movies.movie_id';
INSERT INTO "SqlQuery" ("queryId", "userId", "issuedAt", "finishedAt", "hasError", "errorMessage", "statement", "projectId", "queryTypeId")
    VALUES ('1368', '10', '2023-05-29 22:05:55.607880', '2023-05-29 22:05:57.607880', 'False', 'None', 'SELECT Actors.actor_id, Movies.movie_id FROM Actors RIGHT OUTER JOIN Movies ON Actors.actor_id = Movies.movie_id;', '5', '1');
INSERT INTO "QueryColumnAccess" ("queryId", "columnId")
    VALUES ('1368', '1');
INSERT INTO "QueryColumnAccess" ("queryId", "columnId")
    VALUES ('1368', '1');
INSERT INTO "QueryTableAccess" ("queryId", "tableId")
    VALUES ('1368', '2');
INSERT INTO "QueryTableAccess" ("queryId", "tableId")
    VALUES ('1368', '1');
SELECT 'Theaters.theater_id', 'Movies.release_date' FROM Theaters RIGHT OUTER JOIN Movies ON 'Theaters.theater_id' = 'Movies.release_date';
INSERT INTO "SqlQuery" ("queryId", "userId", "issuedAt", "finishedAt", "hasError", "errorMessage", "statement", "projectId", "queryTypeId")
    VALUES ('1369', '7', '2023-06-16 22:05:55.607896', '2023-06-16 22:05:56.607896', 'False', 'None', 'SELECT Theaters.theater_id, Movies.release_date FROM Theaters RIGHT OUTER JOIN Movies ON Theaters.theater_id = Movies.release_date;', '5', '1');
INSERT INTO "QueryColumnAccess" ("queryId", "columnId")
    VALUES ('1369', '1');
INSERT INTO "QueryColumnAccess" ("queryId", "columnId")
    VALUES ('1369', '3');
INSERT INTO "QueryTableAccess" ("queryId", "tableId")
    VALUES ('1369', '4');
INSERT INTO "QueryTableAccess" ("queryId", "tableId")
    VALUES ('1369', '1');
SELECT 'Actors.gender', 'Movies.movie_id' FROM Actors RIGHT OUTER JOIN Movies ON 'Actors.gender' = 'Movies.movie_id';
INSERT INTO "SqlQuery" ("queryId", "userId", "issuedAt", "finishedAt", "hasError", "errorMessage", "statement", "projectId", "queryTypeId")
    VALUES ('1370', '9', '2023-06-15 22:05:55.607905', '2023-06-15 22:05:57.607905', 'False', 'None', 'SELECT Actors.gender, Movies.movie_id FROM Actors RIGHT OUTER JOIN Movies ON Actors.gender = Movies.movie_id;', '5', '1');
INSERT INTO "QueryColumnAccess" ("queryId", "columnId")
    VALUES ('1370', '5');
INSERT INTO "QueryColumnAccess" ("queryId", "columnId")
    VALUES ('1370', '1');
INSERT INTO "QueryTableAccess" ("queryId", "tableId")
    VALUES ('1370', '2');
INSERT INTO "QueryTableAccess" ("queryId", "tableId")
    VALUES ('1370', '1');
SELECT 'Actors.last_name', 'Reviews.review_id' FROM Actors LEFT OUTER JOIN Reviews ON 'Actors.last_name' = 'Reviews.review_id';
INSERT INTO "SqlQuery" ("queryId", "userId", "issuedAt", "finishedAt", "hasError", "errorMessage", "statement", "projectId", "queryTypeId")
    VALUES ('1371', '14', '2023-04-23 22:05:55.607915', '2023-04-23 22:05:57.607915', 'False', 'None', 'SELECT Actors.last_name, Reviews.review_id FROM Actors LEFT OUTER JOIN Reviews ON Actors.last_name = Reviews.review_id;', '5', '1');
INSERT INTO "QueryColumnAccess" ("queryId", "columnId")
    VALUES ('1371', '3');
INSERT INTO "QueryColumnAccess" ("queryId", "columnId")
    VALUES ('1371', '1');
INSERT INTO "QueryTableAccess" ("queryId", "tableId")
    VALUES ('1371', '2');
INSERT INTO "QueryTableAccess" ("queryId", "tableId")
    VALUES ('1371', '3');
SELECT 'Reviews.user_id', 'Screenings.start_time' FROM Reviews LEFT OUTER JOIN Screenings ON 'Reviews.user_id' = 'Screenings.start_time';
INSERT INTO "SqlQuery" ("queryId", "userId", "issuedAt", "finishedAt", "hasError", "errorMessage", "statement", "projectId", "queryTypeId")
    VALUES ('1372', '13', '2023-06-22 22:05:55.607929', '2023-06-22 22:05:58.607929', 'False', 'None', 'SELECT Reviews.user_id, Screenings.start_time FROM Reviews LEFT OUTER JOIN Screenings ON Reviews.user_id = Screenings.start_time;', '5', '1');
INSERT INTO "QueryColumnAccess" ("queryId", "columnId")
    VALUES ('1372', '3');
INSERT INTO "QueryColumnAccess" ("queryId", "columnId")
    VALUES ('1372', '4');
INSERT INTO "QueryTableAccess" ("queryId", "tableId")
    VALUES ('1372', '3');
INSERT INTO "QueryTableAccess" ("queryId", "tableId")
    VALUES ('1372', '5');
SELECT 'Actors.first_name', 'Theaters.capacity' FROM Actors RIGHT OUTER JOIN Theaters ON 'Actors.first_name' = 'Theaters.capacity';
INSERT INTO "SqlQuery" ("queryId", "userId", "issuedAt", "finishedAt", "hasError", "errorMessage", "statement", "projectId", "queryTypeId")
    VALUES ('1373', '1', '2023-06-14 22:05:55.607938', '2023-06-14 22:05:58.607938', 'False', 'None', 'SELECT Actors.first_name, Theaters.capacity FROM Actors RIGHT OUTER JOIN Theaters ON Actors.first_name = Theaters.capacity;', '5', '1');
INSERT INTO "QueryColumnAccess" ("queryId", "columnId")
    VALUES ('1373', '2');
INSERT INTO "QueryColumnAccess" ("queryId", "columnId")
    VALUES ('1373', '4');
INSERT INTO "QueryTableAccess" ("queryId", "tableId")
    VALUES ('1373', '2');
INSERT INTO "QueryTableAccess" ("queryId", "tableId")
    VALUES ('1373', '4');
SELECT 'Theaters.theater_id', 'Reviews.movie_id' FROM Theaters RIGHT OUTER JOIN Reviews ON 'Theaters.theater_id' = 'Reviews.movie_id';
INSERT INTO "SqlQuery" ("queryId", "userId", "issuedAt", "finishedAt", "hasError", "errorMessage", "statement", "projectId", "queryTypeId")
    VALUES ('1374', '4', '2023-04-15 22:05:55.607947', '2023-04-15 22:05:56.607947', 'False', 'None', 'SELECT Theaters.theater_id, Reviews.movie_id FROM Theaters RIGHT OUTER JOIN Reviews ON Theaters.theater_id = Reviews.movie_id;', '5', '1');
INSERT INTO "QueryColumnAccess" ("queryId", "columnId")
    VALUES ('1374', '1');
INSERT INTO "QueryColumnAccess" ("queryId", "columnId")
    VALUES ('1374', '2');
INSERT INTO "QueryTableAccess" ("queryId", "tableId")
    VALUES ('1374', '4');
INSERT INTO "QueryTableAccess" ("queryId", "tableId")
    VALUES ('1374', '3');
SELECT 'Theaters.location', 'Screenings.movie_id' FROM Theaters NATURAL JOIN Screenings ON 'Theaters.location' = 'Screenings.movie_id';
INSERT INTO "SqlQuery" ("queryId", "userId", "issuedAt", "finishedAt", "hasError", "errorMessage", "statement", "projectId", "queryTypeId")
    VALUES ('1375', '12', '2023-06-22 22:05:55.607960', '2023-06-22 22:05:59.607960', 'False', 'None', 'SELECT Theaters.location, Screenings.movie_id FROM Theaters NATURAL JOIN Screenings ON Theaters.location = Screenings.movie_id;', '5', '1');
INSERT INTO "QueryColumnAccess" ("queryId", "columnId")
    VALUES ('1375', '3');
INSERT INTO "QueryColumnAccess" ("queryId", "columnId")
    VALUES ('1375', '2');
INSERT INTO "QueryTableAccess" ("queryId", "tableId")
    VALUES ('1375', '4');
INSERT INTO "QueryTableAccess" ("queryId", "tableId")
    VALUES ('1375', '5');
SELECT 'Theaters.capacity', 'Screenings.end_time' FROM Theaters RIGHT OUTER JOIN Screenings ON 'Theaters.capacity' = 'Screenings.end_time';
INSERT INTO "SqlQuery" ("queryId", "userId", "issuedAt", "finishedAt", "hasError", "errorMessage", "statement", "projectId", "queryTypeId")
    VALUES ('1376', '1', '2023-05-31 22:05:55.607969', '2023-05-31 22:05:57.607969', 'False', 'None', 'SELECT Theaters.capacity, Screenings.end_time FROM Theaters RIGHT OUTER JOIN Screenings ON Theaters.capacity = Screenings.end_time;', '5', '1');
INSERT INTO "QueryColumnAccess" ("queryId", "columnId")
    VALUES ('1376', '4');
INSERT INTO "QueryColumnAccess" ("queryId", "columnId")
    VALUES ('1376', '5');
INSERT INTO "QueryTableAccess" ("queryId", "tableId")
    VALUES ('1376', '4');
INSERT INTO "QueryTableAccess" ("queryId", "tableId")
    VALUES ('1376', '5');
SELECT 'Movies.movie_id', 'Theaters.theater_name' FROM Movies LEFT OUTER JOIN Theaters ON 'Movies.movie_id' = 'Theaters.theater_name';
INSERT INTO "SqlQuery" ("queryId", "userId", "issuedAt", "finishedAt", "hasError", "errorMessage", "statement", "projectId", "queryTypeId")
    VALUES ('1377', '4', '2023-04-16 22:05:55.608007', '2023-04-16 22:05:59.608007', 'False', 'None', 'SELECT Movies.movie_id, Theaters.theater_name FROM Movies LEFT OUTER JOIN Theaters ON Movies.movie_id = Theaters.theater_name;', '5', '1');
INSERT INTO "QueryColumnAccess" ("queryId", "columnId")
    VALUES ('1377', '1');
INSERT INTO "QueryColumnAccess" ("queryId", "columnId")
    VALUES ('1377', '2');
INSERT INTO "QueryTableAccess" ("queryId", "tableId")
    VALUES ('1377', '1');
INSERT INTO "QueryTableAccess" ("queryId", "tableId")
    VALUES ('1377', '4');
SELECT 'Theaters.phone_number', 'Actors.date_of_birth' FROM Theaters LEFT OUTER JOIN Actors ON 'Theaters.phone_number' = 'Actors.date_of_birth';
INSERT INTO "SqlQuery" ("queryId", "userId", "issuedAt", "finishedAt", "hasError", "errorMessage", "statement", "projectId", "queryTypeId")
    VALUES ('1378', '6', '2023-04-15 22:05:55.608018', '2023-04-15 22:05:57.608018', 'False', 'None', 'SELECT Theaters.phone_number, Actors.date_of_birth FROM Theaters LEFT OUTER JOIN Actors ON Theaters.phone_number = Actors.date_of_birth;', '5', '1');
INSERT INTO "QueryColumnAccess" ("queryId", "columnId")
    VALUES ('1378', '5');
INSERT INTO "QueryColumnAccess" ("queryId", "columnId")
    VALUES ('1378', '4');
INSERT INTO "QueryTableAccess" ("queryId", "tableId")
    VALUES ('1378', '4');
INSERT INTO "QueryTableAccess" ("queryId", "tableId")
    VALUES ('1378', '2');
SELECT 'Reviews.movie_id', 'Theaters.location' FROM Reviews LEFT OUTER JOIN Theaters ON 'Reviews.movie_id' = 'Theaters.location';
INSERT INTO "SqlQuery" ("queryId", "userId", "issuedAt", "finishedAt", "hasError", "errorMessage", "statement", "projectId", "queryTypeId")
    VALUES ('1379', '12', '2023-05-15 22:05:55.608030', '2023-05-15 22:05:56.608030', 'False', 'None', 'SELECT Reviews.movie_id, Theaters.location FROM Reviews LEFT OUTER JOIN Theaters ON Reviews.movie_id = Theaters.location;', '5', '1');
INSERT INTO "QueryColumnAccess" ("queryId", "columnId")
    VALUES ('1379', '2');
INSERT INTO "QueryColumnAccess" ("queryId", "columnId")
    VALUES ('1379', '3');
INSERT INTO "QueryTableAccess" ("queryId", "tableId")
    VALUES ('1379', '3');
INSERT INTO "QueryTableAccess" ("queryId", "tableId")
    VALUES ('1379', '4');
SELECT 'Reviews.review_date', 'Movies.release_date' FROM Reviews RIGHT OUTER JOIN Movies ON 'Reviews.review_date' = 'Movies.release_date';
INSERT INTO "SqlQuery" ("queryId", "userId", "issuedAt", "finishedAt", "hasError", "errorMessage", "statement", "projectId", "queryTypeId")
    VALUES ('1380', '1', '2023-05-29 22:05:55.608039', '2023-05-29 22:05:56.608039', 'False', 'None', 'SELECT Reviews.review_date, Movies.release_date FROM Reviews RIGHT OUTER JOIN Movies ON Reviews.review_date = Movies.release_date;', '5', '1');
INSERT INTO "QueryColumnAccess" ("queryId", "columnId")
    VALUES ('1380', '6');
INSERT INTO "QueryColumnAccess" ("queryId", "columnId")
    VALUES ('1380', '3');
INSERT INTO "QueryTableAccess" ("queryId", "tableId")
    VALUES ('1380', '3');
INSERT INTO "QueryTableAccess" ("queryId", "tableId")
    VALUES ('1380', '1');
SELECT 'Theaters.location', 'Screenings.screening_id' FROM Theaters RIGHT OUTER JOIN Screenings ON 'Theaters.location' = 'Screenings.screening_id';
INSERT INTO "SqlQuery" ("queryId", "userId", "issuedAt", "finishedAt", "hasError", "errorMessage", "statement", "projectId", "queryTypeId")
    VALUES ('1381', '15', '2023-06-02 22:05:55.608049', '2023-06-02 22:05:58.608049', 'False', 'None', 'SELECT Theaters.location, Screenings.screening_id FROM Theaters RIGHT OUTER JOIN Screenings ON Theaters.location = Screenings.screening_id;', '5', '1');
INSERT INTO "QueryColumnAccess" ("queryId", "columnId")
    VALUES ('1381', '3');
INSERT INTO "QueryColumnAccess" ("queryId", "columnId")
    VALUES ('1381', '1');
INSERT INTO "QueryTableAccess" ("queryId", "tableId")
    VALUES ('1381', '4');
INSERT INTO "QueryTableAccess" ("queryId", "tableId")
    VALUES ('1381', '5');
SELECT 'Screenings.ticket_price', 'Theaters.capacity' FROM Screenings RIGHT OUTER JOIN Theaters ON 'Screenings.ticket_price' = 'Theaters.capacity';
INSERT INTO "SqlQuery" ("queryId", "userId", "issuedAt", "finishedAt", "hasError", "errorMessage", "statement", "projectId", "queryTypeId")
    VALUES ('1382', '11', '2023-06-24 22:05:55.608061', '2023-06-24 22:05:58.608061', 'False', 'None', 'SELECT Screenings.ticket_price, Theaters.capacity FROM Screenings RIGHT OUTER JOIN Theaters ON Screenings.ticket_price = Theaters.capacity;', '5', '1');
INSERT INTO "QueryColumnAccess" ("queryId", "columnId")
    VALUES ('1382', '6');
INSERT INTO "QueryColumnAccess" ("queryId", "columnId")
    VALUES ('1382', '4');
INSERT INTO "QueryTableAccess" ("queryId", "tableId")
    VALUES ('1382', '5');
INSERT INTO "QueryTableAccess" ("queryId", "tableId")
    VALUES ('1382', '4');
SELECT 'Reviews.review_id', 'Movies.title' FROM Reviews RIGHT OUTER JOIN Movies ON 'Reviews.review_id' = 'Movies.title';
INSERT INTO "SqlQuery" ("queryId", "userId", "issuedAt", "finishedAt", "hasError", "errorMessage", "statement", "projectId", "queryTypeId")
    VALUES ('1383', '9', '2023-05-12 22:05:55.608070', '2023-05-12 22:05:58.608070', 'False', 'None', 'SELECT Reviews.review_id, Movies.title FROM Reviews RIGHT OUTER JOIN Movies ON Reviews.review_id = Movies.title;', '5', '1');
INSERT INTO "QueryColumnAccess" ("queryId", "columnId")
    VALUES ('1383', '1');
INSERT INTO "QueryColumnAccess" ("queryId", "columnId")
    VALUES ('1383', '2');
INSERT INTO "QueryTableAccess" ("queryId", "tableId")
    VALUES ('1383', '3');
INSERT INTO "QueryTableAccess" ("queryId", "tableId")
    VALUES ('1383', '1');
SELECT 'Movies.movie_id', 'Screenings.end_time' FROM Movies RIGHT OUTER JOIN Screenings ON 'Movies.movie_id' = 'Screenings.end_time';
INSERT INTO "SqlQuery" ("queryId", "userId", "issuedAt", "finishedAt", "hasError", "errorMessage", "statement", "projectId", "queryTypeId")
    VALUES ('1384', '10', '2023-04-20 22:05:55.608079', '2023-04-20 22:05:57.608079', 'False', 'None', 'SELECT Movies.movie_id, Screenings.end_time FROM Movies RIGHT OUTER JOIN Screenings ON Movies.movie_id = Screenings.end_time;', '5', '1');
INSERT INTO "QueryColumnAccess" ("queryId", "columnId")
    VALUES ('1384', '1');
INSERT INTO "QueryColumnAccess" ("queryId", "columnId")
    VALUES ('1384', '5');
INSERT INTO "QueryTableAccess" ("queryId", "tableId")
    VALUES ('1384', '1');
INSERT INTO "QueryTableAccess" ("queryId", "tableId")
    VALUES ('1384', '5');
SELECT 'Actors.first_name', 'Movies.rating' FROM Actors LEFT OUTER JOIN Movies ON 'Actors.first_name' = 'Movies.rating';
INSERT INTO "SqlQuery" ("queryId", "userId", "issuedAt", "finishedAt", "hasError", "errorMessage", "statement", "projectId", "queryTypeId")
    VALUES ('1385', '7', '2023-04-11 22:05:55.608087', '2023-04-11 22:05:58.608087', 'False', 'None', 'SELECT Actors.first_name, Movies.rating FROM Actors LEFT OUTER JOIN Movies ON Actors.first_name = Movies.rating;', '5', '1');
INSERT INTO "QueryColumnAccess" ("queryId", "columnId")
    VALUES ('1385', '2');
INSERT INTO "QueryColumnAccess" ("queryId", "columnId")
    VALUES ('1385', '7');
INSERT INTO "QueryTableAccess" ("queryId", "tableId")
    VALUES ('1385', '2');
INSERT INTO "QueryTableAccess" ("queryId", "tableId")
    VALUES ('1385', '1');
SELECT 'Screenings.ticket_price', 'Theaters.phone_number' FROM Screenings RIGHT OUTER JOIN Theaters ON 'Screenings.ticket_price' = 'Theaters.phone_number';
INSERT INTO "SqlQuery" ("queryId", "userId", "issuedAt", "finishedAt", "hasError", "errorMessage", "statement", "projectId", "queryTypeId")
    VALUES ('1386', '15', '2023-04-24 22:05:55.608111', '2023-04-24 22:05:56.608111', 'False', 'None', 'SELECT Screenings.ticket_price, Theaters.phone_number FROM Screenings RIGHT OUTER JOIN Theaters ON Screenings.ticket_price = Theaters.phone_number;', '5', '1');
INSERT INTO "QueryColumnAccess" ("queryId", "columnId")
    VALUES ('1386', '6');
INSERT INTO "QueryColumnAccess" ("queryId", "columnId")
    VALUES ('1386', '5');
INSERT INTO "QueryTableAccess" ("queryId", "tableId")
    VALUES ('1386', '5');
INSERT INTO "QueryTableAccess" ("queryId", "tableId")
    VALUES ('1386', '4');
SELECT 'Theaters.phone_number', 'Movies.duration' FROM Theaters LEFT OUTER JOIN Movies ON 'Theaters.phone_number' = 'Movies.duration';
INSERT INTO "SqlQuery" ("queryId", "userId", "issuedAt", "finishedAt", "hasError", "errorMessage", "statement", "projectId", "queryTypeId")
    VALUES ('1387', '5', '2023-06-21 22:05:55.608121', '2023-06-21 22:05:56.608121', 'False', 'None', 'SELECT Theaters.phone_number, Movies.duration FROM Theaters LEFT OUTER JOIN Movies ON Theaters.phone_number = Movies.duration;', '5', '1');
INSERT INTO "QueryColumnAccess" ("queryId", "columnId")
    VALUES ('1387', '5');
INSERT INTO "QueryColumnAccess" ("queryId", "columnId")
    VALUES ('1387', '6');
INSERT INTO "QueryTableAccess" ("queryId", "tableId")
    VALUES ('1387', '4');
INSERT INTO "QueryTableAccess" ("queryId", "tableId")
    VALUES ('1387', '1');
SELECT 'Movies.director', 'Reviews.review_date' FROM Movies RIGHT OUTER JOIN Reviews ON 'Movies.director' = 'Reviews.review_date';
INSERT INTO "SqlQuery" ("queryId", "userId", "issuedAt", "finishedAt", "hasError", "errorMessage", "statement", "projectId", "queryTypeId")
    VALUES ('1388', '12', '2023-05-15 22:05:55.608130', '2023-05-15 22:05:57.608130', 'False', 'None', 'SELECT Movies.director, Reviews.review_date FROM Movies RIGHT OUTER JOIN Reviews ON Movies.director = Reviews.review_date;', '5', '1');
INSERT INTO "QueryColumnAccess" ("queryId", "columnId")
    VALUES ('1388', '5');
INSERT INTO "QueryColumnAccess" ("queryId", "columnId")
    VALUES ('1388', '6');
INSERT INTO "QueryTableAccess" ("queryId", "tableId")
    VALUES ('1388', '1');
INSERT INTO "QueryTableAccess" ("queryId", "tableId")
    VALUES ('1388', '3');
SELECT 'Actors.actor_id', 'Movies.genre' FROM Actors RIGHT OUTER JOIN Movies ON 'Actors.actor_id' = 'Movies.genre';
INSERT INTO "SqlQuery" ("queryId", "userId", "issuedAt", "finishedAt", "hasError", "errorMessage", "statement", "projectId", "queryTypeId")
    VALUES ('1389', '7', '2023-05-06 22:05:55.608139', '2023-05-06 22:05:57.608139', 'False', 'None', 'SELECT Actors.actor_id, Movies.genre FROM Actors RIGHT OUTER JOIN Movies ON Actors.actor_id = Movies.genre;', '5', '1');
INSERT INTO "QueryColumnAccess" ("queryId", "columnId")
    VALUES ('1389', '1');
INSERT INTO "QueryColumnAccess" ("queryId", "columnId")
    VALUES ('1389', '4');
INSERT INTO "QueryTableAccess" ("queryId", "tableId")
    VALUES ('1389', '2');
INSERT INTO "QueryTableAccess" ("queryId", "tableId")
    VALUES ('1389', '1');
SELECT 'Actors.gender', 'Movies.movie_id' FROM Actors NATURAL JOIN Movies ON 'Actors.gender' = 'Movies.movie_id';
INSERT INTO "SqlQuery" ("queryId", "userId", "issuedAt", "finishedAt", "hasError", "errorMessage", "statement", "projectId", "queryTypeId")
    VALUES ('1390', '11', '2023-04-28 22:05:55.608148', '2023-04-28 22:05:56.608148', 'False', 'None', 'SELECT Actors.gender, Movies.movie_id FROM Actors NATURAL JOIN Movies ON Actors.gender = Movies.movie_id;', '5', '1');
INSERT INTO "QueryColumnAccess" ("queryId", "columnId")
    VALUES ('1390', '5');
INSERT INTO "QueryColumnAccess" ("queryId", "columnId")
    VALUES ('1390', '1');
INSERT INTO "QueryTableAccess" ("queryId", "tableId")
    VALUES ('1390', '2');
INSERT INTO "QueryTableAccess" ("queryId", "tableId")
    VALUES ('1390', '1');
SELECT 'Actors.gender', 'Theaters.capacity' FROM Actors LEFT OUTER JOIN Theaters ON 'Actors.gender' = 'Theaters.capacity';
INSERT INTO "SqlQuery" ("queryId", "userId", "issuedAt", "finishedAt", "hasError", "errorMessage", "statement", "projectId", "queryTypeId")
    VALUES ('1391', '8', '2023-04-26 22:05:55.608160', '2023-04-26 22:05:57.608160', 'False', 'None', 'SELECT Actors.gender, Theaters.capacity FROM Actors LEFT OUTER JOIN Theaters ON Actors.gender = Theaters.capacity;', '5', '1');
INSERT INTO "QueryColumnAccess" ("queryId", "columnId")
    VALUES ('1391', '5');
INSERT INTO "QueryColumnAccess" ("queryId", "columnId")
    VALUES ('1391', '4');
INSERT INTO "QueryTableAccess" ("queryId", "tableId")
    VALUES ('1391', '2');
INSERT INTO "QueryTableAccess" ("queryId", "tableId")
    VALUES ('1391', '4');
SELECT 'Theaters.phone_number', 'Movies.movie_id' FROM Theaters RIGHT OUTER JOIN Movies ON 'Theaters.phone_number' = 'Movies.movie_id';
INSERT INTO "SqlQuery" ("queryId", "userId", "issuedAt", "finishedAt", "hasError", "errorMessage", "statement", "projectId", "queryTypeId")
    VALUES ('1392', '9', '2023-05-11 22:05:55.608169', '2023-05-11 22:05:58.608169', 'False', 'None', 'SELECT Theaters.phone_number, Movies.movie_id FROM Theaters RIGHT OUTER JOIN Movies ON Theaters.phone_number = Movies.movie_id;', '5', '1');
INSERT INTO "QueryColumnAccess" ("queryId", "columnId")
    VALUES ('1392', '5');
INSERT INTO "QueryColumnAccess" ("queryId", "columnId")
    VALUES ('1392', '1');
INSERT INTO "QueryTableAccess" ("queryId", "tableId")
    VALUES ('1392', '4');
INSERT INTO "QueryTableAccess" ("queryId", "tableId")
    VALUES ('1392', '1');
SELECT 'Reviews.review_date', 'Theaters.location' FROM Reviews NATURAL JOIN Theaters ON 'Reviews.review_date' = 'Theaters.location';
INSERT INTO "SqlQuery" ("queryId", "userId", "issuedAt", "finishedAt", "hasError", "errorMessage", "statement", "projectId", "queryTypeId")
    VALUES ('1393', '7', '2023-06-26 22:05:55.608179', '2023-06-26 22:05:56.608179', 'False', 'None', 'SELECT Reviews.review_date, Theaters.location FROM Reviews NATURAL JOIN Theaters ON Reviews.review_date = Theaters.location;', '5', '1');
INSERT INTO "QueryColumnAccess" ("queryId", "columnId")
    VALUES ('1393', '6');
INSERT INTO "QueryColumnAccess" ("queryId", "columnId")
    VALUES ('1393', '3');
INSERT INTO "QueryTableAccess" ("queryId", "tableId")
    VALUES ('1393', '3');
INSERT INTO "QueryTableAccess" ("queryId", "tableId")
    VALUES ('1393', '4');
SELECT 'Theaters.theater_id', 'Actors.nationality' FROM Theaters NATURAL JOIN Actors ON 'Theaters.theater_id' = 'Actors.nationality';
INSERT INTO "SqlQuery" ("queryId", "userId", "issuedAt", "finishedAt", "hasError", "errorMessage", "statement", "projectId", "queryTypeId")
    VALUES ('1394', '13', '2023-06-11 22:05:55.608188', '2023-06-11 22:05:59.608188', 'False', 'None', 'SELECT Theaters.theater_id, Actors.nationality FROM Theaters NATURAL JOIN Actors ON Theaters.theater_id = Actors.nationality;', '5', '1');
INSERT INTO "QueryColumnAccess" ("queryId", "columnId")
    VALUES ('1394', '1');
INSERT INTO "QueryColumnAccess" ("queryId", "columnId")
    VALUES ('1394', '6');
INSERT INTO "QueryTableAccess" ("queryId", "tableId")
    VALUES ('1394', '4');
INSERT INTO "QueryTableAccess" ("queryId", "tableId")
    VALUES ('1394', '2');
SELECT 'Theaters.phone_number', 'Actors.date_of_birth' FROM Theaters LEFT OUTER JOIN Actors ON 'Theaters.phone_number' = 'Actors.date_of_birth';
INSERT INTO "SqlQuery" ("queryId", "userId", "issuedAt", "finishedAt", "hasError", "errorMessage", "statement", "projectId", "queryTypeId")
    VALUES ('1395', '13', '2023-07-09 22:05:55.608197', '2023-07-09 22:05:57.608197', 'False', 'None', 'SELECT Theaters.phone_number, Actors.date_of_birth FROM Theaters LEFT OUTER JOIN Actors ON Theaters.phone_number = Actors.date_of_birth;', '5', '1');
INSERT INTO "QueryColumnAccess" ("queryId", "columnId")
    VALUES ('1395', '5');
INSERT INTO "QueryColumnAccess" ("queryId", "columnId")
    VALUES ('1395', '4');
INSERT INTO "QueryTableAccess" ("queryId", "tableId")
    VALUES ('1395', '4');
INSERT INTO "QueryTableAccess" ("queryId", "tableId")
    VALUES ('1395', '2');
SELECT 'Movies.movie_id', 'Actors.gender' FROM Movies RIGHT OUTER JOIN Actors ON 'Movies.movie_id' = 'Actors.gender';
INSERT INTO "SqlQuery" ("queryId", "userId", "issuedAt", "finishedAt", "hasError", "errorMessage", "statement", "projectId", "queryTypeId")
    VALUES ('1396', '15', '2023-05-12 22:05:55.608232', '2023-05-12 22:05:59.608232', 'False', 'None', 'SELECT Movies.movie_id, Actors.gender FROM Movies RIGHT OUTER JOIN Actors ON Movies.movie_id = Actors.gender;', '5', '1');
INSERT INTO "QueryColumnAccess" ("queryId", "columnId")
    VALUES ('1396', '1');
INSERT INTO "QueryColumnAccess" ("queryId", "columnId")
    VALUES ('1396', '5');
INSERT INTO "QueryTableAccess" ("queryId", "tableId")
    VALUES ('1396', '1');
INSERT INTO "QueryTableAccess" ("queryId", "tableId")
    VALUES ('1396', '2');
SELECT 'Theaters.phone_number', 'Actors.gender' FROM Theaters RIGHT OUTER JOIN Actors ON 'Theaters.phone_number' = 'Actors.gender';
INSERT INTO "SqlQuery" ("queryId", "userId", "issuedAt", "finishedAt", "hasError", "errorMessage", "statement", "projectId", "queryTypeId")
    VALUES ('1397', '3', '2023-05-01 22:05:55.608245', '2023-05-01 22:05:59.608245', 'False', 'None', 'SELECT Theaters.phone_number, Actors.gender FROM Theaters RIGHT OUTER JOIN Actors ON Theaters.phone_number = Actors.gender;', '5', '1');
INSERT INTO "QueryColumnAccess" ("queryId", "columnId")
    VALUES ('1397', '5');
INSERT INTO "QueryColumnAccess" ("queryId", "columnId")
    VALUES ('1397', '5');
INSERT INTO "QueryTableAccess" ("queryId", "tableId")
    VALUES ('1397', '4');
INSERT INTO "QueryTableAccess" ("queryId", "tableId")
    VALUES ('1397', '2');
SELECT 'Screenings.movie_id', 'Movies.duration' FROM Screenings NATURAL JOIN Movies ON 'Screenings.movie_id' = 'Movies.duration';
INSERT INTO "SqlQuery" ("queryId", "userId", "issuedAt", "finishedAt", "hasError", "errorMessage", "statement", "projectId", "queryTypeId")
    VALUES ('1398', '10', '2023-05-22 22:05:55.608254', '2023-05-22 22:05:59.608254', 'False', 'None', 'SELECT Screenings.movie_id, Movies.duration FROM Screenings NATURAL JOIN Movies ON Screenings.movie_id = Movies.duration;', '5', '1');
INSERT INTO "QueryColumnAccess" ("queryId", "columnId")
    VALUES ('1398', '2');
INSERT INTO "QueryColumnAccess" ("queryId", "columnId")
    VALUES ('1398', '6');
INSERT INTO "QueryTableAccess" ("queryId", "tableId")
    VALUES ('1398', '5');
INSERT INTO "QueryTableAccess" ("queryId", "tableId")
    VALUES ('1398', '1');
SELECT 'Screenings.theater_id', 'Actors.actor_id' FROM Screenings RIGHT OUTER JOIN Actors ON 'Screenings.theater_id' = 'Actors.actor_id';
INSERT INTO "SqlQuery" ("queryId", "userId", "issuedAt", "finishedAt", "hasError", "errorMessage", "statement", "projectId", "queryTypeId")
    VALUES ('1399', '5', '2023-05-22 22:05:55.608262', '2023-05-22 22:05:57.608262', 'False', 'None', 'SELECT Screenings.theater_id, Actors.actor_id FROM Screenings RIGHT OUTER JOIN Actors ON Screenings.theater_id = Actors.actor_id;', '5', '1');
INSERT INTO "QueryColumnAccess" ("queryId", "columnId")
    VALUES ('1399', '3');
INSERT INTO "QueryColumnAccess" ("queryId", "columnId")
    VALUES ('1399', '1');
INSERT INTO "QueryTableAccess" ("queryId", "tableId")
    VALUES ('1399', '5');
INSERT INTO "QueryTableAccess" ("queryId", "tableId")
    VALUES ('1399', '2');
SELECT 'Reviews.comment', 'Movies.movie_id' FROM Reviews RIGHT OUTER JOIN Movies ON 'Reviews.comment' = 'Movies.movie_id';
INSERT INTO "SqlQuery" ("queryId", "userId", "issuedAt", "finishedAt", "hasError", "errorMessage", "statement", "projectId", "queryTypeId")
    VALUES ('1400', '6', '2023-04-11 22:05:55.608274', '2023-04-11 22:05:57.608274', 'False', 'None', 'SELECT Reviews.comment, Movies.movie_id FROM Reviews RIGHT OUTER JOIN Movies ON Reviews.comment = Movies.movie_id;', '5', '1');
INSERT INTO "QueryColumnAccess" ("queryId", "columnId")
    VALUES ('1400', '5');
INSERT INTO "QueryColumnAccess" ("queryId", "columnId")
    VALUES ('1400', '1');
INSERT INTO "QueryTableAccess" ("queryId", "tableId")
    VALUES ('1400', '3');
INSERT INTO "QueryTableAccess" ("queryId", "tableId")
    VALUES ('1400', '1');
SELECT 'Screenings.movie_id', 'Reviews.review_date' FROM Screenings RIGHT OUTER JOIN Reviews ON 'Screenings.movie_id' = 'Reviews.review_date';
INSERT INTO "SqlQuery" ("queryId", "userId", "issuedAt", "finishedAt", "hasError", "errorMessage", "statement", "projectId", "queryTypeId")
    VALUES ('1401', '8', '2023-04-11 22:05:55.608283', '2023-04-11 22:05:56.608283', 'False', 'None', 'SELECT Screenings.movie_id, Reviews.review_date FROM Screenings RIGHT OUTER JOIN Reviews ON Screenings.movie_id = Reviews.review_date;', '5', '1');
INSERT INTO "QueryColumnAccess" ("queryId", "columnId")
    VALUES ('1401', '2');
INSERT INTO "QueryColumnAccess" ("queryId", "columnId")
    VALUES ('1401', '6');
INSERT INTO "QueryTableAccess" ("queryId", "tableId")
    VALUES ('1401', '5');
INSERT INTO "QueryTableAccess" ("queryId", "tableId")
    VALUES ('1401', '3');
SELECT 'Screenings.ticket_price', 'Movies.director' FROM Screenings RIGHT OUTER JOIN Movies ON 'Screenings.ticket_price' = 'Movies.director';
INSERT INTO "SqlQuery" ("queryId", "userId", "issuedAt", "finishedAt", "hasError", "errorMessage", "statement", "projectId", "queryTypeId")
    VALUES ('1402', '2', '2023-04-11 22:05:55.608292', '2023-04-11 22:05:59.608292', 'False', 'None', 'SELECT Screenings.ticket_price, Movies.director FROM Screenings RIGHT OUTER JOIN Movies ON Screenings.ticket_price = Movies.director;', '5', '1');
INSERT INTO "QueryColumnAccess" ("queryId", "columnId")
    VALUES ('1402', '6');
INSERT INTO "QueryColumnAccess" ("queryId", "columnId")
    VALUES ('1402', '5');
INSERT INTO "QueryTableAccess" ("queryId", "tableId")
    VALUES ('1402', '5');
INSERT INTO "QueryTableAccess" ("queryId", "tableId")
    VALUES ('1402', '1');
SELECT 'Theaters.theater_name', 'Actors.first_name' FROM Theaters LEFT OUTER JOIN Actors ON 'Theaters.theater_name' = 'Actors.first_name';
INSERT INTO "SqlQuery" ("queryId", "userId", "issuedAt", "finishedAt", "hasError", "errorMessage", "statement", "projectId", "queryTypeId")
    VALUES ('1403', '11', '2023-04-23 22:05:55.608301', '2023-04-23 22:05:59.608301', 'False', 'None', 'SELECT Theaters.theater_name, Actors.first_name FROM Theaters LEFT OUTER JOIN Actors ON Theaters.theater_name = Actors.first_name;', '5', '1');
INSERT INTO "QueryColumnAccess" ("queryId", "columnId")
    VALUES ('1403', '2');
INSERT INTO "QueryColumnAccess" ("queryId", "columnId")
    VALUES ('1403', '2');
INSERT INTO "QueryTableAccess" ("queryId", "tableId")
    VALUES ('1403', '4');
INSERT INTO "QueryTableAccess" ("queryId", "tableId")
    VALUES ('1403', '2');
SELECT 'Movies.release_date', 'Theaters.theater_name' FROM Movies LEFT OUTER JOIN Theaters ON 'Movies.release_date' = 'Theaters.theater_name';
INSERT INTO "SqlQuery" ("queryId", "userId", "issuedAt", "finishedAt", "hasError", "errorMessage", "statement", "projectId", "queryTypeId")
    VALUES ('1404', '11', '2023-05-21 22:05:55.608310', '2023-05-21 22:05:59.608310', 'False', 'None', 'SELECT Movies.release_date, Theaters.theater_name FROM Movies LEFT OUTER JOIN Theaters ON Movies.release_date = Theaters.theater_name;', '5', '1');
INSERT INTO "QueryColumnAccess" ("queryId", "columnId")
    VALUES ('1404', '3');
INSERT INTO "QueryColumnAccess" ("queryId", "columnId")
    VALUES ('1404', '2');
INSERT INTO "QueryTableAccess" ("queryId", "tableId")
    VALUES ('1404', '1');
INSERT INTO "QueryTableAccess" ("queryId", "tableId")
    VALUES ('1404', '4');
SELECT 'Reviews.review_date', 'Theaters.theater_name' FROM Reviews RIGHT OUTER JOIN Theaters ON 'Reviews.review_date' = 'Theaters.theater_name';
INSERT INTO "SqlQuery" ("queryId", "userId", "issuedAt", "finishedAt", "hasError", "errorMessage", "statement", "projectId", "queryTypeId")
    VALUES ('1405', '13', '2023-05-09 22:05:55.608327', '2023-05-09 22:05:56.608327', 'False', 'None', 'SELECT Reviews.review_date, Theaters.theater_name FROM Reviews RIGHT OUTER JOIN Theaters ON Reviews.review_date = Theaters.theater_name;', '5', '1');
INSERT INTO "QueryColumnAccess" ("queryId", "columnId")
    VALUES ('1405', '6');
INSERT INTO "QueryColumnAccess" ("queryId", "columnId")
    VALUES ('1405', '2');
INSERT INTO "QueryTableAccess" ("queryId", "tableId")
    VALUES ('1405', '3');
INSERT INTO "QueryTableAccess" ("queryId", "tableId")
    VALUES ('1405', '4');
SELECT 'Reviews.comment', 'Actors.last_name' FROM Reviews NATURAL JOIN Actors ON 'Reviews.comment' = 'Actors.last_name';
INSERT INTO "SqlQuery" ("queryId", "userId", "issuedAt", "finishedAt", "hasError", "errorMessage", "statement", "projectId", "queryTypeId")
    VALUES ('1406', '11', '2023-05-19 22:05:55.608336', '2023-05-19 22:05:57.608336', 'False', 'None', 'SELECT Reviews.comment, Actors.last_name FROM Reviews NATURAL JOIN Actors ON Reviews.comment = Actors.last_name;', '5', '1');
INSERT INTO "QueryColumnAccess" ("queryId", "columnId")
    VALUES ('1406', '5');
INSERT INTO "QueryColumnAccess" ("queryId", "columnId")
    VALUES ('1406', '3');
INSERT INTO "QueryTableAccess" ("queryId", "tableId")
    VALUES ('1406', '3');
INSERT INTO "QueryTableAccess" ("queryId", "tableId")
    VALUES ('1406', '2');
SELECT 'Theaters.theater_name', 'Movies.movie_id' FROM Theaters NATURAL JOIN Movies ON 'Theaters.theater_name' = 'Movies.movie_id';
INSERT INTO "SqlQuery" ("queryId", "userId", "issuedAt", "finishedAt", "hasError", "errorMessage", "statement", "projectId", "queryTypeId")
    VALUES ('1407', '3', '2023-06-04 22:05:55.608345', '2023-06-04 22:05:58.608345', 'False', 'None', 'SELECT Theaters.theater_name, Movies.movie_id FROM Theaters NATURAL JOIN Movies ON Theaters.theater_name = Movies.movie_id;', '5', '1');
INSERT INTO "QueryColumnAccess" ("queryId", "columnId")
    VALUES ('1407', '2');
INSERT INTO "QueryColumnAccess" ("queryId", "columnId")
    VALUES ('1407', '1');
INSERT INTO "QueryTableAccess" ("queryId", "tableId")
    VALUES ('1407', '4');
INSERT INTO "QueryTableAccess" ("queryId", "tableId")
    VALUES ('1407', '1');
SELECT 'Actors.actor_id', 'Movies.rating' FROM Actors NATURAL JOIN Movies ON 'Actors.actor_id' = 'Movies.rating';
INSERT INTO "SqlQuery" ("queryId", "userId", "issuedAt", "finishedAt", "hasError", "errorMessage", "statement", "projectId", "queryTypeId")
    VALUES ('1408', '3', '2023-07-08 22:05:55.608357', '2023-07-08 22:05:57.608357', 'False', 'None', 'SELECT Actors.actor_id, Movies.rating FROM Actors NATURAL JOIN Movies ON Actors.actor_id = Movies.rating;', '5', '1');
INSERT INTO "QueryColumnAccess" ("queryId", "columnId")
    VALUES ('1408', '1');
INSERT INTO "QueryColumnAccess" ("queryId", "columnId")
    VALUES ('1408', '7');
INSERT INTO "QueryTableAccess" ("queryId", "tableId")
    VALUES ('1408', '2');
INSERT INTO "QueryTableAccess" ("queryId", "tableId")
    VALUES ('1408', '1');
SELECT 'Reviews.review_date', 'Theaters.theater_id' FROM Reviews RIGHT OUTER JOIN Theaters ON 'Reviews.review_date' = 'Theaters.theater_id';
INSERT INTO "SqlQuery" ("queryId", "userId", "issuedAt", "finishedAt", "hasError", "errorMessage", "statement", "projectId", "queryTypeId")
    VALUES ('1409', '4', '2023-07-04 22:05:55.608366', '2023-07-04 22:05:56.608366', 'False', 'None', 'SELECT Reviews.review_date, Theaters.theater_id FROM Reviews RIGHT OUTER JOIN Theaters ON Reviews.review_date = Theaters.theater_id;', '5', '1');
INSERT INTO "QueryColumnAccess" ("queryId", "columnId")
    VALUES ('1409', '6');
INSERT INTO "QueryColumnAccess" ("queryId", "columnId")
    VALUES ('1409', '1');
INSERT INTO "QueryTableAccess" ("queryId", "tableId")
    VALUES ('1409', '3');
INSERT INTO "QueryTableAccess" ("queryId", "tableId")
    VALUES ('1409', '4');
SELECT 'Reviews.comment', 'Movies.genre' FROM Reviews NATURAL JOIN Movies ON 'Reviews.comment' = 'Movies.genre';
INSERT INTO "SqlQuery" ("queryId", "userId", "issuedAt", "finishedAt", "hasError", "errorMessage", "statement", "projectId", "queryTypeId")
    VALUES ('1410', '14', '2023-04-13 22:05:55.608375', '2023-04-13 22:05:59.608375', 'False', 'None', 'SELECT Reviews.comment, Movies.genre FROM Reviews NATURAL JOIN Movies ON Reviews.comment = Movies.genre;', '5', '1');
INSERT INTO "QueryColumnAccess" ("queryId", "columnId")
    VALUES ('1410', '5');
INSERT INTO "QueryColumnAccess" ("queryId", "columnId")
    VALUES ('1410', '4');
INSERT INTO "QueryTableAccess" ("queryId", "tableId")
    VALUES ('1410', '3');
INSERT INTO "QueryTableAccess" ("queryId", "tableId")
    VALUES ('1410', '1');
SELECT 'Screenings.movie_id', 'Reviews.user_id' FROM Screenings LEFT OUTER JOIN Reviews ON 'Screenings.movie_id' = 'Reviews.user_id';
INSERT INTO "SqlQuery" ("queryId", "userId", "issuedAt", "finishedAt", "hasError", "errorMessage", "statement", "projectId", "queryTypeId")
    VALUES ('1411', '13', '2023-06-04 22:05:55.608384', '2023-06-04 22:05:59.608384', 'False', 'None', 'SELECT Screenings.movie_id, Reviews.user_id FROM Screenings LEFT OUTER JOIN Reviews ON Screenings.movie_id = Reviews.user_id;', '5', '1');
INSERT INTO "QueryColumnAccess" ("queryId", "columnId")
    VALUES ('1411', '2');
INSERT INTO "QueryColumnAccess" ("queryId", "columnId")
    VALUES ('1411', '3');
INSERT INTO "QueryTableAccess" ("queryId", "tableId")
    VALUES ('1411', '5');
INSERT INTO "QueryTableAccess" ("queryId", "tableId")
    VALUES ('1411', '3');
SELECT 'Movies.duration', 'Theaters.theater_id' FROM Movies RIGHT OUTER JOIN Theaters ON 'Movies.duration' = 'Theaters.theater_id';
INSERT INTO "SqlQuery" ("queryId", "userId", "issuedAt", "finishedAt", "hasError", "errorMessage", "statement", "projectId", "queryTypeId")
    VALUES ('1412', '2', '2023-07-01 22:05:55.608393', '2023-07-01 22:05:58.608393', 'False', 'None', 'SELECT Movies.duration, Theaters.theater_id FROM Movies RIGHT OUTER JOIN Theaters ON Movies.duration = Theaters.theater_id;', '5', '1');
INSERT INTO "QueryColumnAccess" ("queryId", "columnId")
    VALUES ('1412', '6');
INSERT INTO "QueryColumnAccess" ("queryId", "columnId")
    VALUES ('1412', '1');
INSERT INTO "QueryTableAccess" ("queryId", "tableId")
    VALUES ('1412', '1');
INSERT INTO "QueryTableAccess" ("queryId", "tableId")
    VALUES ('1412', '4');
SELECT 'Actors.last_name', 'Screenings.ticket_price' FROM Actors NATURAL JOIN Screenings ON 'Actors.last_name' = 'Screenings.ticket_price';
INSERT INTO "SqlQuery" ("queryId", "userId", "issuedAt", "finishedAt", "hasError", "errorMessage", "statement", "projectId", "queryTypeId")
    VALUES ('1413', '8', '2023-04-13 22:05:55.608402', '2023-04-13 22:05:58.608402', 'False', 'None', 'SELECT Actors.last_name, Screenings.ticket_price FROM Actors NATURAL JOIN Screenings ON Actors.last_name = Screenings.ticket_price;', '5', '1');
INSERT INTO "QueryColumnAccess" ("queryId", "columnId")
    VALUES ('1413', '3');
INSERT INTO "QueryColumnAccess" ("queryId", "columnId")
    VALUES ('1413', '6');
INSERT INTO "QueryTableAccess" ("queryId", "tableId")
    VALUES ('1413', '2');
INSERT INTO "QueryTableAccess" ("queryId", "tableId")
    VALUES ('1413', '5');
SELECT 'Screenings.end_time', 'Reviews.review_date' FROM Screenings LEFT OUTER JOIN Reviews ON 'Screenings.end_time' = 'Reviews.review_date';
INSERT INTO "SqlQuery" ("queryId", "userId", "issuedAt", "finishedAt", "hasError", "errorMessage", "statement", "projectId", "queryTypeId")
    VALUES ('1414', '12', '2023-06-19 22:05:55.608411', '2023-06-19 22:05:59.608411', 'False', 'None', 'SELECT Screenings.end_time, Reviews.review_date FROM Screenings LEFT OUTER JOIN Reviews ON Screenings.end_time = Reviews.review_date;', '5', '1');
INSERT INTO "QueryColumnAccess" ("queryId", "columnId")
    VALUES ('1414', '5');
INSERT INTO "QueryColumnAccess" ("queryId", "columnId")
    VALUES ('1414', '6');
INSERT INTO "QueryTableAccess" ("queryId", "tableId")
    VALUES ('1414', '5');
INSERT INTO "QueryTableAccess" ("queryId", "tableId")
    VALUES ('1414', '3');
SELECT 'Reviews.review_date', 'Screenings.ticket_price' FROM Reviews LEFT OUTER JOIN Screenings ON 'Reviews.review_date' = 'Screenings.ticket_price';
INSERT INTO "SqlQuery" ("queryId", "userId", "issuedAt", "finishedAt", "hasError", "errorMessage", "statement", "projectId", "queryTypeId")
    VALUES ('1415', '4', '2023-06-05 22:05:55.608427', '2023-06-05 22:05:58.608427', 'False', 'None', 'SELECT Reviews.review_date, Screenings.ticket_price FROM Reviews LEFT OUTER JOIN Screenings ON Reviews.review_date = Screenings.ticket_price;', '5', '1');
INSERT INTO "QueryColumnAccess" ("queryId", "columnId")
    VALUES ('1415', '6');
INSERT INTO "QueryColumnAccess" ("queryId", "columnId")
    VALUES ('1415', '6');
INSERT INTO "QueryTableAccess" ("queryId", "tableId")
    VALUES ('1415', '3');
INSERT INTO "QueryTableAccess" ("queryId", "tableId")
    VALUES ('1415', '5');
SELECT 'Screenings.ticket_price', 'Reviews.rating' FROM Screenings NATURAL JOIN Reviews ON 'Screenings.ticket_price' = 'Reviews.rating';
INSERT INTO "SqlQuery" ("queryId", "userId", "issuedAt", "finishedAt", "hasError", "errorMessage", "statement", "projectId", "queryTypeId")
    VALUES ('1416', '8', '2023-04-21 22:05:55.608436', '2023-04-21 22:05:58.608436', 'False', 'None', 'SELECT Screenings.ticket_price, Reviews.rating FROM Screenings NATURAL JOIN Reviews ON Screenings.ticket_price = Reviews.rating;', '5', '1');
INSERT INTO "QueryColumnAccess" ("queryId", "columnId")
    VALUES ('1416', '6');
INSERT INTO "QueryColumnAccess" ("queryId", "columnId")
    VALUES ('1416', '4');
INSERT INTO "QueryTableAccess" ("queryId", "tableId")
    VALUES ('1416', '5');
INSERT INTO "QueryTableAccess" ("queryId", "tableId")
    VALUES ('1416', '3');
SELECT 'Screenings.theater_id', 'Reviews.user_id' FROM Screenings LEFT OUTER JOIN Reviews ON 'Screenings.theater_id' = 'Reviews.user_id';
INSERT INTO "SqlQuery" ("queryId", "userId", "issuedAt", "finishedAt", "hasError", "errorMessage", "statement", "projectId", "queryTypeId")
    VALUES ('1417', '1', '2023-05-28 22:05:55.608445', '2023-05-28 22:05:56.608445', 'False', 'None', 'SELECT Screenings.theater_id, Reviews.user_id FROM Screenings LEFT OUTER JOIN Reviews ON Screenings.theater_id = Reviews.user_id;', '5', '1');
INSERT INTO "QueryColumnAccess" ("queryId", "columnId")
    VALUES ('1417', '3');
INSERT INTO "QueryColumnAccess" ("queryId", "columnId")
    VALUES ('1417', '3');
INSERT INTO "QueryTableAccess" ("queryId", "tableId")
    VALUES ('1417', '5');
INSERT INTO "QueryTableAccess" ("queryId", "tableId")
    VALUES ('1417', '3');
SELECT 'Actors.date_of_birth', 'Movies.director' FROM Actors NATURAL JOIN Movies ON 'Actors.date_of_birth' = 'Movies.director';
INSERT INTO "SqlQuery" ("queryId", "userId", "issuedAt", "finishedAt", "hasError", "errorMessage", "statement", "projectId", "queryTypeId")
    VALUES ('1418', '1', '2023-05-21 22:05:55.608454', '2023-05-21 22:05:58.608454', 'False', 'None', 'SELECT Actors.date_of_birth, Movies.director FROM Actors NATURAL JOIN Movies ON Actors.date_of_birth = Movies.director;', '5', '1');
INSERT INTO "QueryColumnAccess" ("queryId", "columnId")
    VALUES ('1418', '4');
INSERT INTO "QueryColumnAccess" ("queryId", "columnId")
    VALUES ('1418', '5');
INSERT INTO "QueryTableAccess" ("queryId", "tableId")
    VALUES ('1418', '2');
INSERT INTO "QueryTableAccess" ("queryId", "tableId")
    VALUES ('1418', '1');
SELECT 'Movies.duration', 'Reviews.comment' FROM Movies LEFT OUTER JOIN Reviews ON 'Movies.duration' = 'Reviews.comment';
INSERT INTO "SqlQuery" ("queryId", "userId", "issuedAt", "finishedAt", "hasError", "errorMessage", "statement", "projectId", "queryTypeId")
    VALUES ('1419', '10', '2023-06-19 22:05:55.608463', '2023-06-19 22:05:56.608463', 'False', 'None', 'SELECT Movies.duration, Reviews.comment FROM Movies LEFT OUTER JOIN Reviews ON Movies.duration = Reviews.comment;', '5', '1');
INSERT INTO "QueryColumnAccess" ("queryId", "columnId")
    VALUES ('1419', '6');
INSERT INTO "QueryColumnAccess" ("queryId", "columnId")
    VALUES ('1419', '5');
INSERT INTO "QueryTableAccess" ("queryId", "tableId")
    VALUES ('1419', '1');
INSERT INTO "QueryTableAccess" ("queryId", "tableId")
    VALUES ('1419', '3');
SELECT 'Theaters.capacity', 'Movies.title' FROM Theaters NATURAL JOIN Movies ON 'Theaters.capacity' = 'Movies.title';
INSERT INTO "SqlQuery" ("queryId", "userId", "issuedAt", "finishedAt", "hasError", "errorMessage", "statement", "projectId", "queryTypeId")
    VALUES ('1420', '14', '2023-06-12 22:05:55.608471', '2023-06-12 22:05:58.608471', 'False', 'None', 'SELECT Theaters.capacity, Movies.title FROM Theaters NATURAL JOIN Movies ON Theaters.capacity = Movies.title;', '5', '1');
INSERT INTO "QueryColumnAccess" ("queryId", "columnId")
    VALUES ('1420', '4');
INSERT INTO "QueryColumnAccess" ("queryId", "columnId")
    VALUES ('1420', '2');
INSERT INTO "QueryTableAccess" ("queryId", "tableId")
    VALUES ('1420', '4');
INSERT INTO "QueryTableAccess" ("queryId", "tableId")
    VALUES ('1420', '1');
SELECT 'Screenings.start_time', 'Theaters.theater_name' FROM Screenings LEFT OUTER JOIN Theaters ON 'Screenings.start_time' = 'Theaters.theater_name';
INSERT INTO "SqlQuery" ("queryId", "userId", "issuedAt", "finishedAt", "hasError", "errorMessage", "statement", "projectId", "queryTypeId")
    VALUES ('1421', '7', '2023-04-23 22:05:55.608480', '2023-04-23 22:05:57.608480', 'False', 'None', 'SELECT Screenings.start_time, Theaters.theater_name FROM Screenings LEFT OUTER JOIN Theaters ON Screenings.start_time = Theaters.theater_name;', '5', '1');
INSERT INTO "QueryColumnAccess" ("queryId", "columnId")
    VALUES ('1421', '4');
INSERT INTO "QueryColumnAccess" ("queryId", "columnId")
    VALUES ('1421', '2');
INSERT INTO "QueryTableAccess" ("queryId", "tableId")
    VALUES ('1421', '5');
INSERT INTO "QueryTableAccess" ("queryId", "tableId")
    VALUES ('1421', '4');
SELECT 'Theaters.location', 'Reviews.review_id' FROM Theaters RIGHT OUTER JOIN Reviews ON 'Theaters.location' = 'Reviews.review_id';
INSERT INTO "SqlQuery" ("queryId", "userId", "issuedAt", "finishedAt", "hasError", "errorMessage", "statement", "projectId", "queryTypeId")
    VALUES ('1422', '13', '2023-04-23 22:05:55.608489', '2023-04-23 22:05:59.608489', 'False', 'None', 'SELECT Theaters.location, Reviews.review_id FROM Theaters RIGHT OUTER JOIN Reviews ON Theaters.location = Reviews.review_id;', '5', '1');
INSERT INTO "QueryColumnAccess" ("queryId", "columnId")
    VALUES ('1422', '3');
INSERT INTO "QueryColumnAccess" ("queryId", "columnId")
    VALUES ('1422', '1');
INSERT INTO "QueryTableAccess" ("queryId", "tableId")
    VALUES ('1422', '4');
INSERT INTO "QueryTableAccess" ("queryId", "tableId")
    VALUES ('1422', '3');
SELECT 'Theaters.capacity', 'Actors.first_name' FROM Theaters NATURAL JOIN Actors ON 'Theaters.capacity' = 'Actors.first_name';
INSERT INTO "SqlQuery" ("queryId", "userId", "issuedAt", "finishedAt", "hasError", "errorMessage", "statement", "projectId", "queryTypeId")
    VALUES ('1423', '9', '2023-06-01 22:05:55.608498', '2023-06-01 22:05:56.608498', 'False', 'None', 'SELECT Theaters.capacity, Actors.first_name FROM Theaters NATURAL JOIN Actors ON Theaters.capacity = Actors.first_name;', '5', '1');
INSERT INTO "QueryColumnAccess" ("queryId", "columnId")
    VALUES ('1423', '4');
INSERT INTO "QueryColumnAccess" ("queryId", "columnId")
    VALUES ('1423', '2');
INSERT INTO "QueryTableAccess" ("queryId", "tableId")
    VALUES ('1423', '4');
INSERT INTO "QueryTableAccess" ("queryId", "tableId")
    VALUES ('1423', '2');
SELECT 'Actors.last_name', 'Reviews.user_id' FROM Actors NATURAL JOIN Reviews ON 'Actors.last_name' = 'Reviews.user_id';
INSERT INTO "SqlQuery" ("queryId", "userId", "issuedAt", "finishedAt", "hasError", "errorMessage", "statement", "projectId", "queryTypeId")
    VALUES ('1424', '13', '2023-06-09 22:05:55.608507', '2023-06-09 22:05:56.608507', 'False', 'None', 'SELECT Actors.last_name, Reviews.user_id FROM Actors NATURAL JOIN Reviews ON Actors.last_name = Reviews.user_id;', '5', '1');
INSERT INTO "QueryColumnAccess" ("queryId", "columnId")
    VALUES ('1424', '3');
INSERT INTO "QueryColumnAccess" ("queryId", "columnId")
    VALUES ('1424', '3');
INSERT INTO "QueryTableAccess" ("queryId", "tableId")
    VALUES ('1424', '2');
INSERT INTO "QueryTableAccess" ("queryId", "tableId")
    VALUES ('1424', '3');
SELECT 'Theaters.theater_id', 'Movies.genre' FROM Theaters NATURAL JOIN Movies ON 'Theaters.theater_id' = 'Movies.genre';
INSERT INTO "SqlQuery" ("queryId", "userId", "issuedAt", "finishedAt", "hasError", "errorMessage", "statement", "projectId", "queryTypeId")
    VALUES ('1425', '9', '2023-07-10 22:05:55.608522', '2023-07-10 22:05:57.608522', 'False', 'None', 'SELECT Theaters.theater_id, Movies.genre FROM Theaters NATURAL JOIN Movies ON Theaters.theater_id = Movies.genre;', '5', '1');
INSERT INTO "QueryColumnAccess" ("queryId", "columnId")
    VALUES ('1425', '1');
INSERT INTO "QueryColumnAccess" ("queryId", "columnId")
    VALUES ('1425', '4');
INSERT INTO "QueryTableAccess" ("queryId", "tableId")
    VALUES ('1425', '4');
INSERT INTO "QueryTableAccess" ("queryId", "tableId")
    VALUES ('1425', '1');
SELECT 'Actors.gender', 'Theaters.theater_id' FROM Actors RIGHT OUTER JOIN Theaters ON 'Actors.gender' = 'Theaters.theater_id';
INSERT INTO "SqlQuery" ("queryId", "userId", "issuedAt", "finishedAt", "hasError", "errorMessage", "statement", "projectId", "queryTypeId")
    VALUES ('1426', '8', '2023-07-10 22:05:55.608532', '2023-07-10 22:05:56.608532', 'False', 'None', 'SELECT Actors.gender, Theaters.theater_id FROM Actors RIGHT OUTER JOIN Theaters ON Actors.gender = Theaters.theater_id;', '5', '1');
INSERT INTO "QueryColumnAccess" ("queryId", "columnId")
    VALUES ('1426', '5');
INSERT INTO "QueryColumnAccess" ("queryId", "columnId")
    VALUES ('1426', '1');
INSERT INTO "QueryTableAccess" ("queryId", "tableId")
    VALUES ('1426', '2');
INSERT INTO "QueryTableAccess" ("queryId", "tableId")
    VALUES ('1426', '4');
SELECT 'Actors.gender', 'Movies.genre' FROM Actors RIGHT OUTER JOIN Movies ON 'Actors.gender' = 'Movies.genre';
INSERT INTO "SqlQuery" ("queryId", "userId", "issuedAt", "finishedAt", "hasError", "errorMessage", "statement", "projectId", "queryTypeId")
    VALUES ('1427', '15', '2023-05-13 22:05:55.608541', '2023-05-13 22:05:56.608541', 'False', 'None', 'SELECT Actors.gender, Movies.genre FROM Actors RIGHT OUTER JOIN Movies ON Actors.gender = Movies.genre;', '5', '1');
INSERT INTO "QueryColumnAccess" ("queryId", "columnId")
    VALUES ('1427', '5');
INSERT INTO "QueryColumnAccess" ("queryId", "columnId")
    VALUES ('1427', '4');
INSERT INTO "QueryTableAccess" ("queryId", "tableId")
    VALUES ('1427', '2');
INSERT INTO "QueryTableAccess" ("queryId", "tableId")
    VALUES ('1427', '1');
SELECT 'Actors.nationality', 'Theaters.location' FROM Actors LEFT OUTER JOIN Theaters ON 'Actors.nationality' = 'Theaters.location';
INSERT INTO "SqlQuery" ("queryId", "userId", "issuedAt", "finishedAt", "hasError", "errorMessage", "statement", "projectId", "queryTypeId")
    VALUES ('1428', '3', '2023-06-16 22:05:55.608550', '2023-06-16 22:05:56.608550', 'False', 'None', 'SELECT Actors.nationality, Theaters.location FROM Actors LEFT OUTER JOIN Theaters ON Actors.nationality = Theaters.location;', '5', '1');
INSERT INTO "QueryColumnAccess" ("queryId", "columnId")
    VALUES ('1428', '6');
INSERT INTO "QueryColumnAccess" ("queryId", "columnId")
    VALUES ('1428', '3');
INSERT INTO "QueryTableAccess" ("queryId", "tableId")
    VALUES ('1428', '2');
INSERT INTO "QueryTableAccess" ("queryId", "tableId")
    VALUES ('1428', '4');
SELECT 'Theaters.capacity', 'Movies.release_date' FROM Theaters LEFT OUTER JOIN Movies ON 'Theaters.capacity' = 'Movies.release_date';
INSERT INTO "SqlQuery" ("queryId", "userId", "issuedAt", "finishedAt", "hasError", "errorMessage", "statement", "projectId", "queryTypeId")
    VALUES ('1429', '15', '2023-05-03 22:05:55.608559', '2023-05-03 22:05:59.608559', 'False', 'None', 'SELECT Theaters.capacity, Movies.release_date FROM Theaters LEFT OUTER JOIN Movies ON Theaters.capacity = Movies.release_date;', '5', '1');
INSERT INTO "QueryColumnAccess" ("queryId", "columnId")
    VALUES ('1429', '4');
INSERT INTO "QueryColumnAccess" ("queryId", "columnId")
    VALUES ('1429', '3');
INSERT INTO "QueryTableAccess" ("queryId", "tableId")
    VALUES ('1429', '4');
INSERT INTO "QueryTableAccess" ("queryId", "tableId")
    VALUES ('1429', '1');
SELECT 'Movies.release_date', 'Screenings.movie_id' FROM Movies LEFT OUTER JOIN Screenings ON 'Movies.release_date' = 'Screenings.movie_id';
INSERT INTO "SqlQuery" ("queryId", "userId", "issuedAt", "finishedAt", "hasError", "errorMessage", "statement", "projectId", "queryTypeId")
    VALUES ('1430', '14', '2023-04-13 22:05:55.608568', '2023-04-13 22:05:59.608568', 'False', 'None', 'SELECT Movies.release_date, Screenings.movie_id FROM Movies LEFT OUTER JOIN Screenings ON Movies.release_date = Screenings.movie_id;', '5', '1');
INSERT INTO "QueryColumnAccess" ("queryId", "columnId")
    VALUES ('1430', '3');
INSERT INTO "QueryColumnAccess" ("queryId", "columnId")
    VALUES ('1430', '2');
INSERT INTO "QueryTableAccess" ("queryId", "tableId")
    VALUES ('1430', '1');
INSERT INTO "QueryTableAccess" ("queryId", "tableId")
    VALUES ('1430', '5');
SELECT 'Actors.gender', 'Theaters.phone_number' FROM Actors NATURAL JOIN Theaters ON 'Actors.gender' = 'Theaters.phone_number';
INSERT INTO "SqlQuery" ("queryId", "userId", "issuedAt", "finishedAt", "hasError", "errorMessage", "statement", "projectId", "queryTypeId")
    VALUES ('1431', '4', '2023-05-01 22:05:55.608577', '2023-05-01 22:05:58.608577', 'False', 'None', 'SELECT Actors.gender, Theaters.phone_number FROM Actors NATURAL JOIN Theaters ON Actors.gender = Theaters.phone_number;', '5', '1');
INSERT INTO "QueryColumnAccess" ("queryId", "columnId")
    VALUES ('1431', '5');
INSERT INTO "QueryColumnAccess" ("queryId", "columnId")
    VALUES ('1431', '5');
INSERT INTO "QueryTableAccess" ("queryId", "tableId")
    VALUES ('1431', '2');
INSERT INTO "QueryTableAccess" ("queryId", "tableId")
    VALUES ('1431', '4');
SELECT 'Theaters.phone_number', 'Actors.gender' FROM Theaters RIGHT OUTER JOIN Actors ON 'Theaters.phone_number' = 'Actors.gender';
INSERT INTO "SqlQuery" ("queryId", "userId", "issuedAt", "finishedAt", "hasError", "errorMessage", "statement", "projectId", "queryTypeId")
    VALUES ('1432', '10', '2023-04-27 22:05:55.608588', '2023-04-27 22:05:57.608588', 'False', 'None', 'SELECT Theaters.phone_number, Actors.gender FROM Theaters RIGHT OUTER JOIN Actors ON Theaters.phone_number = Actors.gender;', '5', '1');
INSERT INTO "QueryColumnAccess" ("queryId", "columnId")
    VALUES ('1432', '5');
INSERT INTO "QueryColumnAccess" ("queryId", "columnId")
    VALUES ('1432', '5');
INSERT INTO "QueryTableAccess" ("queryId", "tableId")
    VALUES ('1432', '4');
INSERT INTO "QueryTableAccess" ("queryId", "tableId")
    VALUES ('1432', '2');
SELECT 'Actors.last_name', 'Screenings.theater_id' FROM Actors LEFT OUTER JOIN Screenings ON 'Actors.last_name' = 'Screenings.theater_id';
INSERT INTO "SqlQuery" ("queryId", "userId", "issuedAt", "finishedAt", "hasError", "errorMessage", "statement", "projectId", "queryTypeId")
    VALUES ('1433', '1', '2023-05-24 22:05:55.608598', '2023-05-24 22:05:58.608598', 'False', 'None', 'SELECT Actors.last_name, Screenings.theater_id FROM Actors LEFT OUTER JOIN Screenings ON Actors.last_name = Screenings.theater_id;', '5', '1');
INSERT INTO "QueryColumnAccess" ("queryId", "columnId")
    VALUES ('1433', '3');
INSERT INTO "QueryColumnAccess" ("queryId", "columnId")
    VALUES ('1433', '3');
INSERT INTO "QueryTableAccess" ("queryId", "tableId")
    VALUES ('1433', '2');
INSERT INTO "QueryTableAccess" ("queryId", "tableId")
    VALUES ('1433', '5');
SELECT 'Reviews.comment', 'Screenings.movie_id' FROM Reviews RIGHT OUTER JOIN Screenings ON 'Reviews.comment' = 'Screenings.movie_id';
INSERT INTO "SqlQuery" ("queryId", "userId", "issuedAt", "finishedAt", "hasError", "errorMessage", "statement", "projectId", "queryTypeId")
    VALUES ('1434', '6', '2023-04-14 22:05:55.608607', '2023-04-14 22:05:58.608607', 'False', 'None', 'SELECT Reviews.comment, Screenings.movie_id FROM Reviews RIGHT OUTER JOIN Screenings ON Reviews.comment = Screenings.movie_id;', '5', '1');
INSERT INTO "QueryColumnAccess" ("queryId", "columnId")
    VALUES ('1434', '5');
INSERT INTO "QueryColumnAccess" ("queryId", "columnId")
    VALUES ('1434', '2');
INSERT INTO "QueryTableAccess" ("queryId", "tableId")
    VALUES ('1434', '3');
INSERT INTO "QueryTableAccess" ("queryId", "tableId")
    VALUES ('1434', '5');
SELECT 'Movies.movie_id', 'Reviews.comment' FROM Movies NATURAL JOIN Reviews ON 'Movies.movie_id' = 'Reviews.comment';
INSERT INTO "SqlQuery" ("queryId", "userId", "issuedAt", "finishedAt", "hasError", "errorMessage", "statement", "projectId", "queryTypeId")
    VALUES ('1435', '5', '2023-04-24 22:05:55.608619', '2023-04-24 22:05:58.608619', 'False', 'None', 'SELECT Movies.movie_id, Reviews.comment FROM Movies NATURAL JOIN Reviews ON Movies.movie_id = Reviews.comment;', '5', '1');
INSERT INTO "QueryColumnAccess" ("queryId", "columnId")
    VALUES ('1435', '1');
INSERT INTO "QueryColumnAccess" ("queryId", "columnId")
    VALUES ('1435', '5');
INSERT INTO "QueryTableAccess" ("queryId", "tableId")
    VALUES ('1435', '1');
INSERT INTO "QueryTableAccess" ("queryId", "tableId")
    VALUES ('1435', '3');
SELECT 'Actors.date_of_birth', 'Theaters.capacity' FROM Actors LEFT OUTER JOIN Theaters ON 'Actors.date_of_birth' = 'Theaters.capacity';
INSERT INTO "SqlQuery" ("queryId", "userId", "issuedAt", "finishedAt", "hasError", "errorMessage", "statement", "projectId", "queryTypeId")
    VALUES ('1436', '15', '2023-06-06 22:05:55.608628', '2023-06-06 22:05:58.608628', 'False', 'None', 'SELECT Actors.date_of_birth, Theaters.capacity FROM Actors LEFT OUTER JOIN Theaters ON Actors.date_of_birth = Theaters.capacity;', '5', '1');
INSERT INTO "QueryColumnAccess" ("queryId", "columnId")
    VALUES ('1436', '4');
INSERT INTO "QueryColumnAccess" ("queryId", "columnId")
    VALUES ('1436', '4');
INSERT INTO "QueryTableAccess" ("queryId", "tableId")
    VALUES ('1436', '2');
INSERT INTO "QueryTableAccess" ("queryId", "tableId")
    VALUES ('1436', '4');
SELECT 'Actors.actor_id', 'Movies.movie_id' FROM Actors RIGHT OUTER JOIN Movies ON 'Actors.actor_id' = 'Movies.movie_id';
INSERT INTO "SqlQuery" ("queryId", "userId", "issuedAt", "finishedAt", "hasError", "errorMessage", "statement", "projectId", "queryTypeId")
    VALUES ('1437', '3', '2023-06-02 22:05:55.608637', '2023-06-02 22:05:58.608637', 'False', 'None', 'SELECT Actors.actor_id, Movies.movie_id FROM Actors RIGHT OUTER JOIN Movies ON Actors.actor_id = Movies.movie_id;', '5', '1');
INSERT INTO "QueryColumnAccess" ("queryId", "columnId")
    VALUES ('1437', '1');
INSERT INTO "QueryColumnAccess" ("queryId", "columnId")
    VALUES ('1437', '1');
INSERT INTO "QueryTableAccess" ("queryId", "tableId")
    VALUES ('1437', '2');
INSERT INTO "QueryTableAccess" ("queryId", "tableId")
    VALUES ('1437', '1');
SELECT 'Reviews.movie_id', 'Movies.movie_id' FROM Reviews RIGHT OUTER JOIN Movies ON 'Reviews.movie_id' = 'Movies.movie_id';
INSERT INTO "SqlQuery" ("queryId", "userId", "issuedAt", "finishedAt", "hasError", "errorMessage", "statement", "projectId", "queryTypeId")
    VALUES ('1438', '13', '2023-05-22 22:05:55.608646', '2023-05-22 22:05:59.608646', 'False', 'None', 'SELECT Reviews.movie_id, Movies.movie_id FROM Reviews RIGHT OUTER JOIN Movies ON Reviews.movie_id = Movies.movie_id;', '5', '1');
INSERT INTO "QueryColumnAccess" ("queryId", "columnId")
    VALUES ('1438', '2');
INSERT INTO "QueryColumnAccess" ("queryId", "columnId")
    VALUES ('1438', '1');
INSERT INTO "QueryTableAccess" ("queryId", "tableId")
    VALUES ('1438', '3');
INSERT INTO "QueryTableAccess" ("queryId", "tableId")
    VALUES ('1438', '1');
SELECT 'Reviews.movie_id', 'Screenings.start_time' FROM Reviews NATURAL JOIN Screenings ON 'Reviews.movie_id' = 'Screenings.start_time';
INSERT INTO "SqlQuery" ("queryId", "userId", "issuedAt", "finishedAt", "hasError", "errorMessage", "statement", "projectId", "queryTypeId")
    VALUES ('1439', '1', '2023-06-04 22:05:55.608655', '2023-06-04 22:05:56.608655', 'False', 'None', 'SELECT Reviews.movie_id, Screenings.start_time FROM Reviews NATURAL JOIN Screenings ON Reviews.movie_id = Screenings.start_time;', '5', '1');
INSERT INTO "QueryColumnAccess" ("queryId", "columnId")
    VALUES ('1439', '2');
INSERT INTO "QueryColumnAccess" ("queryId", "columnId")
    VALUES ('1439', '4');
INSERT INTO "QueryTableAccess" ("queryId", "tableId")
    VALUES ('1439', '3');
INSERT INTO "QueryTableAccess" ("queryId", "tableId")
    VALUES ('1439', '5');
SELECT 'Screenings.ticket_price', 'Reviews.review_id' FROM Screenings LEFT OUTER JOIN Reviews ON 'Screenings.ticket_price' = 'Reviews.review_id';
INSERT INTO "SqlQuery" ("queryId", "userId", "issuedAt", "finishedAt", "hasError", "errorMessage", "statement", "projectId", "queryTypeId")
    VALUES ('1440', '13', '2023-05-03 22:05:55.608664', '2023-05-03 22:05:56.608664', 'False', 'None', 'SELECT Screenings.ticket_price, Reviews.review_id FROM Screenings LEFT OUTER JOIN Reviews ON Screenings.ticket_price = Reviews.review_id;', '5', '1');
INSERT INTO "QueryColumnAccess" ("queryId", "columnId")
    VALUES ('1440', '6');
INSERT INTO "QueryColumnAccess" ("queryId", "columnId")
    VALUES ('1440', '1');
INSERT INTO "QueryTableAccess" ("queryId", "tableId")
    VALUES ('1440', '5');
INSERT INTO "QueryTableAccess" ("queryId", "tableId")
    VALUES ('1440', '3');
SELECT 'Screenings.movie_id', 'Actors.nationality' FROM Screenings RIGHT OUTER JOIN Actors ON 'Screenings.movie_id' = 'Actors.nationality';
INSERT INTO "SqlQuery" ("queryId", "userId", "issuedAt", "finishedAt", "hasError", "errorMessage", "statement", "projectId", "queryTypeId")
    VALUES ('1441', '8', '2023-06-03 22:05:55.608672', '2023-06-03 22:05:58.608672', 'False', 'None', 'SELECT Screenings.movie_id, Actors.nationality FROM Screenings RIGHT OUTER JOIN Actors ON Screenings.movie_id = Actors.nationality;', '5', '1');
INSERT INTO "QueryColumnAccess" ("queryId", "columnId")
    VALUES ('1441', '2');
INSERT INTO "QueryColumnAccess" ("queryId", "columnId")
    VALUES ('1441', '6');
INSERT INTO "QueryTableAccess" ("queryId", "tableId")
    VALUES ('1441', '5');
INSERT INTO "QueryTableAccess" ("queryId", "tableId")
    VALUES ('1441', '2');
SELECT 'Actors.gender', 'Theaters.capacity' FROM Actors RIGHT OUTER JOIN Theaters ON 'Actors.gender' = 'Theaters.capacity';
INSERT INTO "SqlQuery" ("queryId", "userId", "issuedAt", "finishedAt", "hasError", "errorMessage", "statement", "projectId", "queryTypeId")
    VALUES ('1442', '12', '2023-05-14 22:05:55.608681', '2023-05-14 22:05:59.608681', 'False', 'None', 'SELECT Actors.gender, Theaters.capacity FROM Actors RIGHT OUTER JOIN Theaters ON Actors.gender = Theaters.capacity;', '5', '1');
INSERT INTO "QueryColumnAccess" ("queryId", "columnId")
    VALUES ('1442', '5');
INSERT INTO "QueryColumnAccess" ("queryId", "columnId")
    VALUES ('1442', '4');
INSERT INTO "QueryTableAccess" ("queryId", "tableId")
    VALUES ('1442', '2');
INSERT INTO "QueryTableAccess" ("queryId", "tableId")
    VALUES ('1442', '4');
SELECT 'Movies.genre', 'Actors.first_name' FROM Movies LEFT OUTER JOIN Actors ON 'Movies.genre' = 'Actors.first_name';
INSERT INTO "SqlQuery" ("queryId", "userId", "issuedAt", "finishedAt", "hasError", "errorMessage", "statement", "projectId", "queryTypeId")
    VALUES ('1443', '14', '2023-04-15 22:05:55.608690', '2023-04-15 22:05:59.608690', 'False', 'None', 'SELECT Movies.genre, Actors.first_name FROM Movies LEFT OUTER JOIN Actors ON Movies.genre = Actors.first_name;', '5', '1');
INSERT INTO "QueryColumnAccess" ("queryId", "columnId")
    VALUES ('1443', '4');
INSERT INTO "QueryColumnAccess" ("queryId", "columnId")
    VALUES ('1443', '2');
INSERT INTO "QueryTableAccess" ("queryId", "tableId")
    VALUES ('1443', '1');
INSERT INTO "QueryTableAccess" ("queryId", "tableId")
    VALUES ('1443', '2');
SELECT 'Screenings.movie_id', 'Actors.date_of_birth' FROM Screenings LEFT OUTER JOIN Actors ON 'Screenings.movie_id' = 'Actors.date_of_birth';
INSERT INTO "SqlQuery" ("queryId", "userId", "issuedAt", "finishedAt", "hasError", "errorMessage", "statement", "projectId", "queryTypeId")
    VALUES ('1444', '13', '2023-06-25 22:05:55.608707', '2023-06-25 22:05:59.608707', 'False', 'None', 'SELECT Screenings.movie_id, Actors.date_of_birth FROM Screenings LEFT OUTER JOIN Actors ON Screenings.movie_id = Actors.date_of_birth;', '5', '1');
INSERT INTO "QueryColumnAccess" ("queryId", "columnId")
    VALUES ('1444', '2');
INSERT INTO "QueryColumnAccess" ("queryId", "columnId")
    VALUES ('1444', '4');
INSERT INTO "QueryTableAccess" ("queryId", "tableId")
    VALUES ('1444', '5');
INSERT INTO "QueryTableAccess" ("queryId", "tableId")
    VALUES ('1444', '2');
SELECT 'Actors.date_of_birth', 'Screenings.ticket_price' FROM Actors LEFT OUTER JOIN Screenings ON 'Actors.date_of_birth' = 'Screenings.ticket_price';
INSERT INTO "SqlQuery" ("queryId", "userId", "issuedAt", "finishedAt", "hasError", "errorMessage", "statement", "projectId", "queryTypeId")
    VALUES ('1445', '8', '2023-04-17 22:05:55.608716', '2023-04-17 22:05:58.608716', 'False', 'None', 'SELECT Actors.date_of_birth, Screenings.ticket_price FROM Actors LEFT OUTER JOIN Screenings ON Actors.date_of_birth = Screenings.ticket_price;', '5', '1');
INSERT INTO "QueryColumnAccess" ("queryId", "columnId")
    VALUES ('1445', '4');
INSERT INTO "QueryColumnAccess" ("queryId", "columnId")
    VALUES ('1445', '6');
INSERT INTO "QueryTableAccess" ("queryId", "tableId")
    VALUES ('1445', '2');
INSERT INTO "QueryTableAccess" ("queryId", "tableId")
    VALUES ('1445', '5');
SELECT 'Theaters.capacity', 'Reviews.review_id' FROM Theaters RIGHT OUTER JOIN Reviews ON 'Theaters.capacity' = 'Reviews.review_id';
INSERT INTO "SqlQuery" ("queryId", "userId", "issuedAt", "finishedAt", "hasError", "errorMessage", "statement", "projectId", "queryTypeId")
    VALUES ('1446', '4', '2023-04-19 22:05:55.608725', '2023-04-19 22:05:56.608725', 'False', 'None', 'SELECT Theaters.capacity, Reviews.review_id FROM Theaters RIGHT OUTER JOIN Reviews ON Theaters.capacity = Reviews.review_id;', '5', '1');
INSERT INTO "QueryColumnAccess" ("queryId", "columnId")
    VALUES ('1446', '4');
INSERT INTO "QueryColumnAccess" ("queryId", "columnId")
    VALUES ('1446', '1');
INSERT INTO "QueryTableAccess" ("queryId", "tableId")
    VALUES ('1446', '4');
INSERT INTO "QueryTableAccess" ("queryId", "tableId")
    VALUES ('1446', '3');
SELECT 'Screenings.movie_id', 'Movies.rating' FROM Screenings NATURAL JOIN Movies ON 'Screenings.movie_id' = 'Movies.rating';
INSERT INTO "SqlQuery" ("queryId", "userId", "issuedAt", "finishedAt", "hasError", "errorMessage", "statement", "projectId", "queryTypeId")
    VALUES ('1447', '6', '2023-05-28 22:05:55.608734', '2023-05-28 22:05:57.608734', 'False', 'None', 'SELECT Screenings.movie_id, Movies.rating FROM Screenings NATURAL JOIN Movies ON Screenings.movie_id = Movies.rating;', '5', '1');
INSERT INTO "QueryColumnAccess" ("queryId", "columnId")
    VALUES ('1447', '2');
INSERT INTO "QueryColumnAccess" ("queryId", "columnId")
    VALUES ('1447', '7');
INSERT INTO "QueryTableAccess" ("queryId", "tableId")
    VALUES ('1447', '5');
INSERT INTO "QueryTableAccess" ("queryId", "tableId")
    VALUES ('1447', '1');
SELECT 'Screenings.end_time', 'Theaters.location' FROM Screenings RIGHT OUTER JOIN Theaters ON 'Screenings.end_time' = 'Theaters.location';
INSERT INTO "SqlQuery" ("queryId", "userId", "issuedAt", "finishedAt", "hasError", "errorMessage", "statement", "projectId", "queryTypeId")
    VALUES ('1448', '5', '2023-05-15 22:05:55.608743', '2023-05-15 22:05:56.608743', 'False', 'None', 'SELECT Screenings.end_time, Theaters.location FROM Screenings RIGHT OUTER JOIN Theaters ON Screenings.end_time = Theaters.location;', '5', '1');
INSERT INTO "QueryColumnAccess" ("queryId", "columnId")
    VALUES ('1448', '5');
INSERT INTO "QueryColumnAccess" ("queryId", "columnId")
    VALUES ('1448', '3');
INSERT INTO "QueryTableAccess" ("queryId", "tableId")
    VALUES ('1448', '5');
INSERT INTO "QueryTableAccess" ("queryId", "tableId")
    VALUES ('1448', '4');
SELECT 'Reviews.comment', 'Screenings.movie_id' FROM Reviews LEFT OUTER JOIN Screenings ON 'Reviews.comment' = 'Screenings.movie_id';
INSERT INTO "SqlQuery" ("queryId", "userId", "issuedAt", "finishedAt", "hasError", "errorMessage", "statement", "projectId", "queryTypeId")
    VALUES ('1449', '5', '2023-04-23 22:05:55.608752', '2023-04-23 22:05:57.608752', 'False', 'None', 'SELECT Reviews.comment, Screenings.movie_id FROM Reviews LEFT OUTER JOIN Screenings ON Reviews.comment = Screenings.movie_id;', '5', '1');
INSERT INTO "QueryColumnAccess" ("queryId", "columnId")
    VALUES ('1449', '5');
INSERT INTO "QueryColumnAccess" ("queryId", "columnId")
    VALUES ('1449', '2');
INSERT INTO "QueryTableAccess" ("queryId", "tableId")
    VALUES ('1449', '3');
INSERT INTO "QueryTableAccess" ("queryId", "tableId")
    VALUES ('1449', '5');
SELECT 'Theaters.location', 'Screenings.theater_id' FROM Theaters LEFT OUTER JOIN Screenings ON 'Theaters.location' = 'Screenings.theater_id';
INSERT INTO "SqlQuery" ("queryId", "userId", "issuedAt", "finishedAt", "hasError", "errorMessage", "statement", "projectId", "queryTypeId")
    VALUES ('1450', '6', '2023-05-13 22:05:55.608761', '2023-05-13 22:05:59.608761', 'False', 'None', 'SELECT Theaters.location, Screenings.theater_id FROM Theaters LEFT OUTER JOIN Screenings ON Theaters.location = Screenings.theater_id;', '5', '1');
INSERT INTO "QueryColumnAccess" ("queryId", "columnId")
    VALUES ('1450', '3');
INSERT INTO "QueryColumnAccess" ("queryId", "columnId")
    VALUES ('1450', '3');
INSERT INTO "QueryTableAccess" ("queryId", "tableId")
    VALUES ('1450', '4');
INSERT INTO "QueryTableAccess" ("queryId", "tableId")
    VALUES ('1450', '5');
SELECT 'Actors.nationality', 'Movies.rating' FROM Actors NATURAL JOIN Movies ON 'Actors.nationality' = 'Movies.rating';
INSERT INTO "SqlQuery" ("queryId", "userId", "issuedAt", "finishedAt", "hasError", "errorMessage", "statement", "projectId", "queryTypeId")
    VALUES ('1451', '15', '2023-05-14 22:05:55.608770', '2023-05-14 22:05:58.608770', 'False', 'None', 'SELECT Actors.nationality, Movies.rating FROM Actors NATURAL JOIN Movies ON Actors.nationality = Movies.rating;', '5', '1');
INSERT INTO "QueryColumnAccess" ("queryId", "columnId")
    VALUES ('1451', '6');
INSERT INTO "QueryColumnAccess" ("queryId", "columnId")
    VALUES ('1451', '7');
INSERT INTO "QueryTableAccess" ("queryId", "tableId")
    VALUES ('1451', '2');
INSERT INTO "QueryTableAccess" ("queryId", "tableId")
    VALUES ('1451', '1');
SELECT 'Actors.nationality', 'Movies.duration' FROM Actors RIGHT OUTER JOIN Movies ON 'Actors.nationality' = 'Movies.duration';
INSERT INTO "SqlQuery" ("queryId", "userId", "issuedAt", "finishedAt", "hasError", "errorMessage", "statement", "projectId", "queryTypeId")
    VALUES ('1452', '6', '2023-05-21 22:05:55.608779', '2023-05-21 22:05:56.608779', 'False', 'None', 'SELECT Actors.nationality, Movies.duration FROM Actors RIGHT OUTER JOIN Movies ON Actors.nationality = Movies.duration;', '5', '1');
INSERT INTO "QueryColumnAccess" ("queryId", "columnId")
    VALUES ('1452', '6');
INSERT INTO "QueryColumnAccess" ("queryId", "columnId")
    VALUES ('1452', '6');
INSERT INTO "QueryTableAccess" ("queryId", "tableId")
    VALUES ('1452', '2');
INSERT INTO "QueryTableAccess" ("queryId", "tableId")
    VALUES ('1452', '1');
SELECT 'Movies.rating', 'Theaters.phone_number' FROM Movies LEFT OUTER JOIN Theaters ON 'Movies.rating' = 'Theaters.phone_number';
INSERT INTO "SqlQuery" ("queryId", "userId", "issuedAt", "finishedAt", "hasError", "errorMessage", "statement", "projectId", "queryTypeId")
    VALUES ('1453', '12', '2023-05-30 22:05:55.608787', '2023-05-30 22:05:58.608787', 'False', 'None', 'SELECT Movies.rating, Theaters.phone_number FROM Movies LEFT OUTER JOIN Theaters ON Movies.rating = Theaters.phone_number;', '5', '1');
INSERT INTO "QueryColumnAccess" ("queryId", "columnId")
    VALUES ('1453', '7');
INSERT INTO "QueryColumnAccess" ("queryId", "columnId")
    VALUES ('1453', '5');
INSERT INTO "QueryTableAccess" ("queryId", "tableId")
    VALUES ('1453', '1');
INSERT INTO "QueryTableAccess" ("queryId", "tableId")
    VALUES ('1453', '4');
SELECT 'Actors.last_name', 'Reviews.movie_id' FROM Actors LEFT OUTER JOIN Reviews ON 'Actors.last_name' = 'Reviews.movie_id';
INSERT INTO "SqlQuery" ("queryId", "userId", "issuedAt", "finishedAt", "hasError", "errorMessage", "statement", "projectId", "queryTypeId")
    VALUES ('1454', '13', '2023-06-15 22:05:55.608800', '2023-06-15 22:05:56.608800', 'False', 'None', 'SELECT Actors.last_name, Reviews.movie_id FROM Actors LEFT OUTER JOIN Reviews ON Actors.last_name = Reviews.movie_id;', '5', '1');
INSERT INTO "QueryColumnAccess" ("queryId", "columnId")
    VALUES ('1454', '3');
INSERT INTO "QueryColumnAccess" ("queryId", "columnId")
    VALUES ('1454', '2');
INSERT INTO "QueryTableAccess" ("queryId", "tableId")
    VALUES ('1454', '2');
INSERT INTO "QueryTableAccess" ("queryId", "tableId")
    VALUES ('1454', '3');
SELECT 'Theaters.theater_name', 'Actors.gender' FROM Theaters LEFT OUTER JOIN Actors ON 'Theaters.theater_name' = 'Actors.gender';
INSERT INTO "SqlQuery" ("queryId", "userId", "issuedAt", "finishedAt", "hasError", "errorMessage", "statement", "projectId", "queryTypeId")
    VALUES ('1455', '1', '2023-06-17 22:05:55.608809', '2023-06-17 22:05:56.608809', 'False', 'None', 'SELECT Theaters.theater_name, Actors.gender FROM Theaters LEFT OUTER JOIN Actors ON Theaters.theater_name = Actors.gender;', '5', '1');
INSERT INTO "QueryColumnAccess" ("queryId", "columnId")
    VALUES ('1455', '2');
INSERT INTO "QueryColumnAccess" ("queryId", "columnId")
    VALUES ('1455', '5');
INSERT INTO "QueryTableAccess" ("queryId", "tableId")
    VALUES ('1455', '4');
INSERT INTO "QueryTableAccess" ("queryId", "tableId")
    VALUES ('1455', '2');
SELECT 'Movies.rating', 'Reviews.review_id' FROM Movies LEFT OUTER JOIN Reviews ON 'Movies.rating' = 'Reviews.review_id';
INSERT INTO "SqlQuery" ("queryId", "userId", "issuedAt", "finishedAt", "hasError", "errorMessage", "statement", "projectId", "queryTypeId")
    VALUES ('1456', '2', '2023-06-09 22:05:55.608817', '2023-06-09 22:05:57.608817', 'False', 'None', 'SELECT Movies.rating, Reviews.review_id FROM Movies LEFT OUTER JOIN Reviews ON Movies.rating = Reviews.review_id;', '5', '1');
INSERT INTO "QueryColumnAccess" ("queryId", "columnId")
    VALUES ('1456', '7');
INSERT INTO "QueryColumnAccess" ("queryId", "columnId")
    VALUES ('1456', '1');
INSERT INTO "QueryTableAccess" ("queryId", "tableId")
    VALUES ('1456', '1');
INSERT INTO "QueryTableAccess" ("queryId", "tableId")
    VALUES ('1456', '3');
SELECT 'Theaters.capacity', 'Actors.nationality' FROM Theaters RIGHT OUTER JOIN Actors ON 'Theaters.capacity' = 'Actors.nationality';
INSERT INTO "SqlQuery" ("queryId", "userId", "issuedAt", "finishedAt", "hasError", "errorMessage", "statement", "projectId", "queryTypeId")
    VALUES ('1457', '13', '2023-07-08 22:05:55.608826', '2023-07-08 22:05:59.608826', 'False', 'None', 'SELECT Theaters.capacity, Actors.nationality FROM Theaters RIGHT OUTER JOIN Actors ON Theaters.capacity = Actors.nationality;', '5', '1');
INSERT INTO "QueryColumnAccess" ("queryId", "columnId")
    VALUES ('1457', '4');
INSERT INTO "QueryColumnAccess" ("queryId", "columnId")
    VALUES ('1457', '6');
INSERT INTO "QueryTableAccess" ("queryId", "tableId")
    VALUES ('1457', '4');
INSERT INTO "QueryTableAccess" ("queryId", "tableId")
    VALUES ('1457', '2');
SELECT 'Screenings.movie_id', 'Theaters.theater_name' FROM Screenings RIGHT OUTER JOIN Theaters ON 'Screenings.movie_id' = 'Theaters.theater_name';
INSERT INTO "SqlQuery" ("queryId", "userId", "issuedAt", "finishedAt", "hasError", "errorMessage", "statement", "projectId", "queryTypeId")
    VALUES ('1458', '4', '2023-05-14 22:05:55.608835', '2023-05-14 22:05:58.608835', 'False', 'None', 'SELECT Screenings.movie_id, Theaters.theater_name FROM Screenings RIGHT OUTER JOIN Theaters ON Screenings.movie_id = Theaters.theater_name;', '5', '1');
INSERT INTO "QueryColumnAccess" ("queryId", "columnId")
    VALUES ('1458', '2');
INSERT INTO "QueryColumnAccess" ("queryId", "columnId")
    VALUES ('1458', '2');
INSERT INTO "QueryTableAccess" ("queryId", "tableId")
    VALUES ('1458', '5');
INSERT INTO "QueryTableAccess" ("queryId", "tableId")
    VALUES ('1458', '4');
SELECT 'Reviews.comment', 'Theaters.phone_number' FROM Reviews NATURAL JOIN Theaters ON 'Reviews.comment' = 'Theaters.phone_number';
INSERT INTO "SqlQuery" ("queryId", "userId", "issuedAt", "finishedAt", "hasError", "errorMessage", "statement", "projectId", "queryTypeId")
    VALUES ('1459', '3', '2023-06-27 22:05:55.608843', '2023-06-27 22:05:58.608843', 'False', 'None', 'SELECT Reviews.comment, Theaters.phone_number FROM Reviews NATURAL JOIN Theaters ON Reviews.comment = Theaters.phone_number;', '5', '1');
INSERT INTO "QueryColumnAccess" ("queryId", "columnId")
    VALUES ('1459', '5');
INSERT INTO "QueryColumnAccess" ("queryId", "columnId")
    VALUES ('1459', '5');
INSERT INTO "QueryTableAccess" ("queryId", "tableId")
    VALUES ('1459', '3');
INSERT INTO "QueryTableAccess" ("queryId", "tableId")
    VALUES ('1459', '4');
SELECT 'Reviews.review_id', 'Theaters.location' FROM Reviews LEFT OUTER JOIN Theaters ON 'Reviews.review_id' = 'Theaters.location';
INSERT INTO "SqlQuery" ("queryId", "userId", "issuedAt", "finishedAt", "hasError", "errorMessage", "statement", "projectId", "queryTypeId")
    VALUES ('1460', '14', '2023-04-12 22:05:55.608852', '2023-04-12 22:05:58.608852', 'False', 'None', 'SELECT Reviews.review_id, Theaters.location FROM Reviews LEFT OUTER JOIN Theaters ON Reviews.review_id = Theaters.location;', '5', '1');
INSERT INTO "QueryColumnAccess" ("queryId", "columnId")
    VALUES ('1460', '1');
INSERT INTO "QueryColumnAccess" ("queryId", "columnId")
    VALUES ('1460', '3');
INSERT INTO "QueryTableAccess" ("queryId", "tableId")
    VALUES ('1460', '3');
INSERT INTO "QueryTableAccess" ("queryId", "tableId")
    VALUES ('1460', '4');
SELECT 'Movies.duration', 'Actors.actor_id' FROM Movies LEFT OUTER JOIN Actors ON 'Movies.duration' = 'Actors.actor_id';
INSERT INTO "SqlQuery" ("queryId", "userId", "issuedAt", "finishedAt", "hasError", "errorMessage", "statement", "projectId", "queryTypeId")
    VALUES ('1461', '3', '2023-06-22 22:05:55.608861', '2023-06-22 22:05:58.608861', 'False', 'None', 'SELECT Movies.duration, Actors.actor_id FROM Movies LEFT OUTER JOIN Actors ON Movies.duration = Actors.actor_id;', '5', '1');
INSERT INTO "QueryColumnAccess" ("queryId", "columnId")
    VALUES ('1461', '6');
INSERT INTO "QueryColumnAccess" ("queryId", "columnId")
    VALUES ('1461', '1');
INSERT INTO "QueryTableAccess" ("queryId", "tableId")
    VALUES ('1461', '1');
INSERT INTO "QueryTableAccess" ("queryId", "tableId")
    VALUES ('1461', '2');
SELECT 'Screenings.end_time', 'Actors.gender' FROM Screenings RIGHT OUTER JOIN Actors ON 'Screenings.end_time' = 'Actors.gender';
INSERT INTO "SqlQuery" ("queryId", "userId", "issuedAt", "finishedAt", "hasError", "errorMessage", "statement", "projectId", "queryTypeId")
    VALUES ('1462', '1', '2023-05-12 22:05:55.608870', '2023-05-12 22:05:58.608870', 'False', 'None', 'SELECT Screenings.end_time, Actors.gender FROM Screenings RIGHT OUTER JOIN Actors ON Screenings.end_time = Actors.gender;', '5', '1');
INSERT INTO "QueryColumnAccess" ("queryId", "columnId")
    VALUES ('1462', '5');
INSERT INTO "QueryColumnAccess" ("queryId", "columnId")
    VALUES ('1462', '5');
INSERT INTO "QueryTableAccess" ("queryId", "tableId")
    VALUES ('1462', '5');
INSERT INTO "QueryTableAccess" ("queryId", "tableId")
    VALUES ('1462', '2');
SELECT 'Theaters.phone_number', 'Reviews.review_date' FROM Theaters NATURAL JOIN Reviews ON 'Theaters.phone_number' = 'Reviews.review_date';
INSERT INTO "SqlQuery" ("queryId", "userId", "issuedAt", "finishedAt", "hasError", "errorMessage", "statement", "projectId", "queryTypeId")
    VALUES ('1463', '2', '2023-04-20 22:05:55.608885', '2023-04-20 22:05:56.608885', 'False', 'None', 'SELECT Theaters.phone_number, Reviews.review_date FROM Theaters NATURAL JOIN Reviews ON Theaters.phone_number = Reviews.review_date;', '5', '1');
INSERT INTO "QueryColumnAccess" ("queryId", "columnId")
    VALUES ('1463', '5');
INSERT INTO "QueryColumnAccess" ("queryId", "columnId")
    VALUES ('1463', '6');
INSERT INTO "QueryTableAccess" ("queryId", "tableId")
    VALUES ('1463', '4');
INSERT INTO "QueryTableAccess" ("queryId", "tableId")
    VALUES ('1463', '3');
SELECT 'Theaters.theater_name', 'Screenings.end_time' FROM Theaters RIGHT OUTER JOIN Screenings ON 'Theaters.theater_name' = 'Screenings.end_time';
INSERT INTO "SqlQuery" ("queryId", "userId", "issuedAt", "finishedAt", "hasError", "errorMessage", "statement", "projectId", "queryTypeId")
    VALUES ('1464', '3', '2023-06-15 22:05:55.608894', '2023-06-15 22:05:59.608894', 'False', 'None', 'SELECT Theaters.theater_name, Screenings.end_time FROM Theaters RIGHT OUTER JOIN Screenings ON Theaters.theater_name = Screenings.end_time;', '5', '1');
INSERT INTO "QueryColumnAccess" ("queryId", "columnId")
    VALUES ('1464', '2');
INSERT INTO "QueryColumnAccess" ("queryId", "columnId")
    VALUES ('1464', '5');
INSERT INTO "QueryTableAccess" ("queryId", "tableId")
    VALUES ('1464', '4');
INSERT INTO "QueryTableAccess" ("queryId", "tableId")
    VALUES ('1464', '5');
SELECT 'Reviews.review_date', 'Movies.release_date' FROM Reviews NATURAL JOIN Movies ON 'Reviews.review_date' = 'Movies.release_date';
INSERT INTO "SqlQuery" ("queryId", "userId", "issuedAt", "finishedAt", "hasError", "errorMessage", "statement", "projectId", "queryTypeId")
    VALUES ('1465', '10', '2023-04-29 22:05:55.608903', '2023-04-29 22:05:56.608903', 'False', 'None', 'SELECT Reviews.review_date, Movies.release_date FROM Reviews NATURAL JOIN Movies ON Reviews.review_date = Movies.release_date;', '5', '1');
INSERT INTO "QueryColumnAccess" ("queryId", "columnId")
    VALUES ('1465', '6');
INSERT INTO "QueryColumnAccess" ("queryId", "columnId")
    VALUES ('1465', '3');
INSERT INTO "QueryTableAccess" ("queryId", "tableId")
    VALUES ('1465', '3');
INSERT INTO "QueryTableAccess" ("queryId", "tableId")
    VALUES ('1465', '1');
SELECT 'Screenings.ticket_price', 'Movies.release_date' FROM Screenings LEFT OUTER JOIN Movies ON 'Screenings.ticket_price' = 'Movies.release_date';
INSERT INTO "SqlQuery" ("queryId", "userId", "issuedAt", "finishedAt", "hasError", "errorMessage", "statement", "projectId", "queryTypeId")
    VALUES ('1466', '15', '2023-04-23 22:05:55.608912', '2023-04-23 22:05:58.608912', 'False', 'None', 'SELECT Screenings.ticket_price, Movies.release_date FROM Screenings LEFT OUTER JOIN Movies ON Screenings.ticket_price = Movies.release_date;', '5', '1');
INSERT INTO "QueryColumnAccess" ("queryId", "columnId")
    VALUES ('1466', '6');
INSERT INTO "QueryColumnAccess" ("queryId", "columnId")
    VALUES ('1466', '3');
INSERT INTO "QueryTableAccess" ("queryId", "tableId")
    VALUES ('1466', '5');
INSERT INTO "QueryTableAccess" ("queryId", "tableId")
    VALUES ('1466', '1');
SELECT 'Screenings.screening_id', 'Reviews.review_id' FROM Screenings LEFT OUTER JOIN Reviews ON 'Screenings.screening_id' = 'Reviews.review_id';
INSERT INTO "SqlQuery" ("queryId", "userId", "issuedAt", "finishedAt", "hasError", "errorMessage", "statement", "projectId", "queryTypeId")
    VALUES ('1467', '12', '2023-04-28 22:05:55.608921', '2023-04-28 22:05:57.608921', 'False', 'None', 'SELECT Screenings.screening_id, Reviews.review_id FROM Screenings LEFT OUTER JOIN Reviews ON Screenings.screening_id = Reviews.review_id;', '5', '1');
INSERT INTO "QueryColumnAccess" ("queryId", "columnId")
    VALUES ('1467', '1');
INSERT INTO "QueryColumnAccess" ("queryId", "columnId")
    VALUES ('1467', '1');
INSERT INTO "QueryTableAccess" ("queryId", "tableId")
    VALUES ('1467', '5');
INSERT INTO "QueryTableAccess" ("queryId", "tableId")
    VALUES ('1467', '3');
SELECT 'Actors.last_name', 'Screenings.screening_id' FROM Actors NATURAL JOIN Screenings ON 'Actors.last_name' = 'Screenings.screening_id';
INSERT INTO "SqlQuery" ("queryId", "userId", "issuedAt", "finishedAt", "hasError", "errorMessage", "statement", "projectId", "queryTypeId")
    VALUES ('1468', '9', '2023-06-06 22:05:55.608929', '2023-06-06 22:05:57.608929', 'False', 'None', 'SELECT Actors.last_name, Screenings.screening_id FROM Actors NATURAL JOIN Screenings ON Actors.last_name = Screenings.screening_id;', '5', '1');
INSERT INTO "QueryColumnAccess" ("queryId", "columnId")
    VALUES ('1468', '3');
INSERT INTO "QueryColumnAccess" ("queryId", "columnId")
    VALUES ('1468', '1');
INSERT INTO "QueryTableAccess" ("queryId", "tableId")
    VALUES ('1468', '2');
INSERT INTO "QueryTableAccess" ("queryId", "tableId")
    VALUES ('1468', '5');
SELECT 'Theaters.location', 'Screenings.theater_id' FROM Theaters NATURAL JOIN Screenings ON 'Theaters.location' = 'Screenings.theater_id';
INSERT INTO "SqlQuery" ("queryId", "userId", "issuedAt", "finishedAt", "hasError", "errorMessage", "statement", "projectId", "queryTypeId")
    VALUES ('1469', '8', '2023-04-16 22:05:55.608938', '2023-04-16 22:05:57.608938', 'False', 'None', 'SELECT Theaters.location, Screenings.theater_id FROM Theaters NATURAL JOIN Screenings ON Theaters.location = Screenings.theater_id;', '5', '1');
INSERT INTO "QueryColumnAccess" ("queryId", "columnId")
    VALUES ('1469', '3');
INSERT INTO "QueryColumnAccess" ("queryId", "columnId")
    VALUES ('1469', '3');
INSERT INTO "QueryTableAccess" ("queryId", "tableId")
    VALUES ('1469', '4');
INSERT INTO "QueryTableAccess" ("queryId", "tableId")
    VALUES ('1469', '5');
SELECT 'Theaters.theater_name', 'Screenings.movie_id' FROM Theaters RIGHT OUTER JOIN Screenings ON 'Theaters.theater_name' = 'Screenings.movie_id';
INSERT INTO "SqlQuery" ("queryId", "userId", "issuedAt", "finishedAt", "hasError", "errorMessage", "statement", "projectId", "queryTypeId")
    VALUES ('1470', '9', '2023-07-09 22:05:55.608947', '2023-07-09 22:05:59.608947', 'False', 'None', 'SELECT Theaters.theater_name, Screenings.movie_id FROM Theaters RIGHT OUTER JOIN Screenings ON Theaters.theater_name = Screenings.movie_id;', '5', '1');
INSERT INTO "QueryColumnAccess" ("queryId", "columnId")
    VALUES ('1470', '2');
INSERT INTO "QueryColumnAccess" ("queryId", "columnId")
    VALUES ('1470', '2');
INSERT INTO "QueryTableAccess" ("queryId", "tableId")
    VALUES ('1470', '4');
INSERT INTO "QueryTableAccess" ("queryId", "tableId")
    VALUES ('1470', '5');
SELECT 'Reviews.review_id', 'Screenings.start_time' FROM Reviews LEFT OUTER JOIN Screenings ON 'Reviews.review_id' = 'Screenings.start_time';
INSERT INTO "SqlQuery" ("queryId", "userId", "issuedAt", "finishedAt", "hasError", "errorMessage", "statement", "projectId", "queryTypeId")
    VALUES ('1471', '10', '2023-07-02 22:05:55.608958', '2023-07-02 22:05:57.608958', 'False', 'None', 'SELECT Reviews.review_id, Screenings.start_time FROM Reviews LEFT OUTER JOIN Screenings ON Reviews.review_id = Screenings.start_time;', '5', '1');
INSERT INTO "QueryColumnAccess" ("queryId", "columnId")
    VALUES ('1471', '1');
INSERT INTO "QueryColumnAccess" ("queryId", "columnId")
    VALUES ('1471', '4');
INSERT INTO "QueryTableAccess" ("queryId", "tableId")
    VALUES ('1471', '3');
INSERT INTO "QueryTableAccess" ("queryId", "tableId")
    VALUES ('1471', '5');
SELECT 'Theaters.theater_id', 'Movies.genre' FROM Theaters LEFT OUTER JOIN Movies ON 'Theaters.theater_id' = 'Movies.genre';
INSERT INTO "SqlQuery" ("queryId", "userId", "issuedAt", "finishedAt", "hasError", "errorMessage", "statement", "projectId", "queryTypeId")
    VALUES ('1472', '8', '2023-06-07 22:05:55.608967', '2023-06-07 22:05:58.608967', 'False', 'None', 'SELECT Theaters.theater_id, Movies.genre FROM Theaters LEFT OUTER JOIN Movies ON Theaters.theater_id = Movies.genre;', '5', '1');
INSERT INTO "QueryColumnAccess" ("queryId", "columnId")
    VALUES ('1472', '1');
INSERT INTO "QueryColumnAccess" ("queryId", "columnId")
    VALUES ('1472', '4');
INSERT INTO "QueryTableAccess" ("queryId", "tableId")
    VALUES ('1472', '4');
INSERT INTO "QueryTableAccess" ("queryId", "tableId")
    VALUES ('1472', '1');
SELECT 'Theaters.capacity', 'Screenings.start_time' FROM Theaters RIGHT OUTER JOIN Screenings ON 'Theaters.capacity' = 'Screenings.start_time';
INSERT INTO "SqlQuery" ("queryId", "userId", "issuedAt", "finishedAt", "hasError", "errorMessage", "statement", "projectId", "queryTypeId")
    VALUES ('1473', '14', '2023-06-23 22:05:55.608984', '2023-06-23 22:05:59.608984', 'False', 'None', 'SELECT Theaters.capacity, Screenings.start_time FROM Theaters RIGHT OUTER JOIN Screenings ON Theaters.capacity = Screenings.start_time;', '5', '1');
INSERT INTO "QueryColumnAccess" ("queryId", "columnId")
    VALUES ('1473', '4');
INSERT INTO "QueryColumnAccess" ("queryId", "columnId")
    VALUES ('1473', '4');
INSERT INTO "QueryTableAccess" ("queryId", "tableId")
    VALUES ('1473', '4');
INSERT INTO "QueryTableAccess" ("queryId", "tableId")
    VALUES ('1473', '5');
SELECT 'Movies.movie_id', 'Screenings.theater_id' FROM Movies RIGHT OUTER JOIN Screenings ON 'Movies.movie_id' = 'Screenings.theater_id';
INSERT INTO "SqlQuery" ("queryId", "userId", "issuedAt", "finishedAt", "hasError", "errorMessage", "statement", "projectId", "queryTypeId")
    VALUES ('1474', '11', '2023-07-10 22:05:55.608994', '2023-07-10 22:05:58.608994', 'False', 'None', 'SELECT Movies.movie_id, Screenings.theater_id FROM Movies RIGHT OUTER JOIN Screenings ON Movies.movie_id = Screenings.theater_id;', '5', '1');
INSERT INTO "QueryColumnAccess" ("queryId", "columnId")
    VALUES ('1474', '1');
INSERT INTO "QueryColumnAccess" ("queryId", "columnId")
    VALUES ('1474', '3');
INSERT INTO "QueryTableAccess" ("queryId", "tableId")
    VALUES ('1474', '1');
INSERT INTO "QueryTableAccess" ("queryId", "tableId")
    VALUES ('1474', '5');
SELECT 'Screenings.screening_id', 'Reviews.review_date' FROM Screenings LEFT OUTER JOIN Reviews ON 'Screenings.screening_id' = 'Reviews.review_date';
INSERT INTO "SqlQuery" ("queryId", "userId", "issuedAt", "finishedAt", "hasError", "errorMessage", "statement", "projectId", "queryTypeId")
    VALUES ('1475', '11', '2023-06-06 22:05:55.609002', '2023-06-06 22:05:57.609002', 'False', 'None', 'SELECT Screenings.screening_id, Reviews.review_date FROM Screenings LEFT OUTER JOIN Reviews ON Screenings.screening_id = Reviews.review_date;', '5', '1');
INSERT INTO "QueryColumnAccess" ("queryId", "columnId")
    VALUES ('1475', '1');
INSERT INTO "QueryColumnAccess" ("queryId", "columnId")
    VALUES ('1475', '6');
INSERT INTO "QueryTableAccess" ("queryId", "tableId")
    VALUES ('1475', '5');
INSERT INTO "QueryTableAccess" ("queryId", "tableId")
    VALUES ('1475', '3');
SELECT 'Theaters.location', 'Movies.genre' FROM Theaters RIGHT OUTER JOIN Movies ON 'Theaters.location' = 'Movies.genre';
INSERT INTO "SqlQuery" ("queryId", "userId", "issuedAt", "finishedAt", "hasError", "errorMessage", "statement", "projectId", "queryTypeId")
    VALUES ('1476', '14', '2023-06-08 22:05:55.609011', '2023-06-08 22:05:56.609011', 'False', 'None', 'SELECT Theaters.location, Movies.genre FROM Theaters RIGHT OUTER JOIN Movies ON Theaters.location = Movies.genre;', '5', '1');
INSERT INTO "QueryColumnAccess" ("queryId", "columnId")
    VALUES ('1476', '3');
INSERT INTO "QueryColumnAccess" ("queryId", "columnId")
    VALUES ('1476', '4');
INSERT INTO "QueryTableAccess" ("queryId", "tableId")
    VALUES ('1476', '4');
INSERT INTO "QueryTableAccess" ("queryId", "tableId")
    VALUES ('1476', '1');
SELECT 'Movies.title', 'Reviews.movie_id' FROM Movies RIGHT OUTER JOIN Reviews ON 'Movies.title' = 'Reviews.movie_id';
INSERT INTO "SqlQuery" ("queryId", "userId", "issuedAt", "finishedAt", "hasError", "errorMessage", "statement", "projectId", "queryTypeId")
    VALUES ('1477', '4', '2023-06-24 22:05:55.609020', '2023-06-24 22:05:59.609020', 'False', 'None', 'SELECT Movies.title, Reviews.movie_id FROM Movies RIGHT OUTER JOIN Reviews ON Movies.title = Reviews.movie_id;', '5', '1');
INSERT INTO "QueryColumnAccess" ("queryId", "columnId")
    VALUES ('1477', '2');
INSERT INTO "QueryColumnAccess" ("queryId", "columnId")
    VALUES ('1477', '2');
INSERT INTO "QueryTableAccess" ("queryId", "tableId")
    VALUES ('1477', '1');
INSERT INTO "QueryTableAccess" ("queryId", "tableId")
    VALUES ('1477', '3');
SELECT 'Screenings.ticket_price', 'Actors.last_name' FROM Screenings NATURAL JOIN Actors ON 'Screenings.ticket_price' = 'Actors.last_name';
INSERT INTO "SqlQuery" ("queryId", "userId", "issuedAt", "finishedAt", "hasError", "errorMessage", "statement", "projectId", "queryTypeId")
    VALUES ('1478', '8', '2023-05-14 22:05:55.609029', '2023-05-14 22:05:57.609029', 'False', 'None', 'SELECT Screenings.ticket_price, Actors.last_name FROM Screenings NATURAL JOIN Actors ON Screenings.ticket_price = Actors.last_name;', '5', '1');
INSERT INTO "QueryColumnAccess" ("queryId", "columnId")
    VALUES ('1478', '6');
INSERT INTO "QueryColumnAccess" ("queryId", "columnId")
    VALUES ('1478', '3');
INSERT INTO "QueryTableAccess" ("queryId", "tableId")
    VALUES ('1478', '5');
INSERT INTO "QueryTableAccess" ("queryId", "tableId")
    VALUES ('1478', '2');
SELECT 'Movies.title', 'Reviews.movie_id' FROM Movies RIGHT OUTER JOIN Reviews ON 'Movies.title' = 'Reviews.movie_id';
INSERT INTO "SqlQuery" ("queryId", "userId", "issuedAt", "finishedAt", "hasError", "errorMessage", "statement", "projectId", "queryTypeId")
    VALUES ('1479', '3', '2023-06-09 22:05:55.609038', '2023-06-09 22:05:58.609038', 'False', 'None', 'SELECT Movies.title, Reviews.movie_id FROM Movies RIGHT OUTER JOIN Reviews ON Movies.title = Reviews.movie_id;', '5', '1');
INSERT INTO "QueryColumnAccess" ("queryId", "columnId")
    VALUES ('1479', '2');
INSERT INTO "QueryColumnAccess" ("queryId", "columnId")
    VALUES ('1479', '2');
INSERT INTO "QueryTableAccess" ("queryId", "tableId")
    VALUES ('1479', '1');
INSERT INTO "QueryTableAccess" ("queryId", "tableId")
    VALUES ('1479', '3');
SELECT 'Movies.director', 'Actors.gender' FROM Movies LEFT OUTER JOIN Actors ON 'Movies.director' = 'Actors.gender';
INSERT INTO "SqlQuery" ("queryId", "userId", "issuedAt", "finishedAt", "hasError", "errorMessage", "statement", "projectId", "queryTypeId")
    VALUES ('1480', '1', '2023-05-26 22:05:55.609046', '2023-05-26 22:05:58.609046', 'False', 'None', 'SELECT Movies.director, Actors.gender FROM Movies LEFT OUTER JOIN Actors ON Movies.director = Actors.gender;', '5', '1');
INSERT INTO "QueryColumnAccess" ("queryId", "columnId")
    VALUES ('1480', '5');
INSERT INTO "QueryColumnAccess" ("queryId", "columnId")
    VALUES ('1480', '5');
INSERT INTO "QueryTableAccess" ("queryId", "tableId")
    VALUES ('1480', '1');
INSERT INTO "QueryTableAccess" ("queryId", "tableId")
    VALUES ('1480', '2');
SELECT 'Screenings.theater_id', 'Reviews.review_id' FROM Screenings RIGHT OUTER JOIN Reviews ON 'Screenings.theater_id' = 'Reviews.review_id';
INSERT INTO "SqlQuery" ("queryId", "userId", "issuedAt", "finishedAt", "hasError", "errorMessage", "statement", "projectId", "queryTypeId")
    VALUES ('1481', '11', '2023-04-28 22:05:55.609055', '2023-04-28 22:05:59.609055', 'False', 'None', 'SELECT Screenings.theater_id, Reviews.review_id FROM Screenings RIGHT OUTER JOIN Reviews ON Screenings.theater_id = Reviews.review_id;', '5', '1');
INSERT INTO "QueryColumnAccess" ("queryId", "columnId")
    VALUES ('1481', '3');
INSERT INTO "QueryColumnAccess" ("queryId", "columnId")
    VALUES ('1481', '1');
INSERT INTO "QueryTableAccess" ("queryId", "tableId")
    VALUES ('1481', '5');
INSERT INTO "QueryTableAccess" ("queryId", "tableId")
    VALUES ('1481', '3');
SELECT 'Reviews.review_date', 'Actors.actor_id' FROM Reviews NATURAL JOIN Actors ON 'Reviews.review_date' = 'Actors.actor_id';
INSERT INTO "SqlQuery" ("queryId", "userId", "issuedAt", "finishedAt", "hasError", "errorMessage", "statement", "projectId", "queryTypeId")
    VALUES ('1482', '1', '2023-04-19 22:05:55.609070', '2023-04-19 22:05:59.609070', 'False', 'None', 'SELECT Reviews.review_date, Actors.actor_id FROM Reviews NATURAL JOIN Actors ON Reviews.review_date = Actors.actor_id;', '5', '1');
INSERT INTO "QueryColumnAccess" ("queryId", "columnId")
    VALUES ('1482', '6');
INSERT INTO "QueryColumnAccess" ("queryId", "columnId")
    VALUES ('1482', '1');
INSERT INTO "QueryTableAccess" ("queryId", "tableId")
    VALUES ('1482', '3');
INSERT INTO "QueryTableAccess" ("queryId", "tableId")
    VALUES ('1482', '2');
SELECT 'Screenings.end_time', 'Theaters.theater_name' FROM Screenings RIGHT OUTER JOIN Theaters ON 'Screenings.end_time' = 'Theaters.theater_name';
INSERT INTO "SqlQuery" ("queryId", "userId", "issuedAt", "finishedAt", "hasError", "errorMessage", "statement", "projectId", "queryTypeId")
    VALUES ('1483', '14', '2023-05-29 22:05:55.609080', '2023-05-29 22:05:57.609080', 'False', 'None', 'SELECT Screenings.end_time, Theaters.theater_name FROM Screenings RIGHT OUTER JOIN Theaters ON Screenings.end_time = Theaters.theater_name;', '5', '1');
INSERT INTO "QueryColumnAccess" ("queryId", "columnId")
    VALUES ('1483', '5');
INSERT INTO "QueryColumnAccess" ("queryId", "columnId")
    VALUES ('1483', '2');
INSERT INTO "QueryTableAccess" ("queryId", "tableId")
    VALUES ('1483', '5');
INSERT INTO "QueryTableAccess" ("queryId", "tableId")
    VALUES ('1483', '4');
SELECT 'Movies.genre', 'Screenings.end_time' FROM Movies NATURAL JOIN Screenings ON 'Movies.genre' = 'Screenings.end_time';
INSERT INTO "SqlQuery" ("queryId", "userId", "issuedAt", "finishedAt", "hasError", "errorMessage", "statement", "projectId", "queryTypeId")
    VALUES ('1484', '10', '2023-04-28 22:05:55.609088', '2023-04-28 22:05:57.609088', 'False', 'None', 'SELECT Movies.genre, Screenings.end_time FROM Movies NATURAL JOIN Screenings ON Movies.genre = Screenings.end_time;', '5', '1');
INSERT INTO "QueryColumnAccess" ("queryId", "columnId")
    VALUES ('1484', '4');
INSERT INTO "QueryColumnAccess" ("queryId", "columnId")
    VALUES ('1484', '5');
INSERT INTO "QueryTableAccess" ("queryId", "tableId")
    VALUES ('1484', '1');
INSERT INTO "QueryTableAccess" ("queryId", "tableId")
    VALUES ('1484', '5');
SELECT 'Movies.duration', 'Actors.nationality' FROM Movies RIGHT OUTER JOIN Actors ON 'Movies.duration' = 'Actors.nationality';
INSERT INTO "SqlQuery" ("queryId", "userId", "issuedAt", "finishedAt", "hasError", "errorMessage", "statement", "projectId", "queryTypeId")
    VALUES ('1485', '1', '2023-04-20 22:05:55.609098', '2023-04-20 22:05:57.609098', 'False', 'None', 'SELECT Movies.duration, Actors.nationality FROM Movies RIGHT OUTER JOIN Actors ON Movies.duration = Actors.nationality;', '5', '1');
INSERT INTO "QueryColumnAccess" ("queryId", "columnId")
    VALUES ('1485', '6');
INSERT INTO "QueryColumnAccess" ("queryId", "columnId")
    VALUES ('1485', '6');
INSERT INTO "QueryTableAccess" ("queryId", "tableId")
    VALUES ('1485', '1');
INSERT INTO "QueryTableAccess" ("queryId", "tableId")
    VALUES ('1485', '2');
SELECT 'Movies.duration', 'Screenings.theater_id' FROM Movies NATURAL JOIN Screenings ON 'Movies.duration' = 'Screenings.theater_id';
INSERT INTO "SqlQuery" ("queryId", "userId", "issuedAt", "finishedAt", "hasError", "errorMessage", "statement", "projectId", "queryTypeId")
    VALUES ('1486', '14', '2023-06-24 22:05:55.609107', '2023-06-24 22:05:58.609107', 'False', 'None', 'SELECT Movies.duration, Screenings.theater_id FROM Movies NATURAL JOIN Screenings ON Movies.duration = Screenings.theater_id;', '5', '1');
INSERT INTO "QueryColumnAccess" ("queryId", "columnId")
    VALUES ('1486', '6');
INSERT INTO "QueryColumnAccess" ("queryId", "columnId")
    VALUES ('1486', '3');
INSERT INTO "QueryTableAccess" ("queryId", "tableId")
    VALUES ('1486', '1');
INSERT INTO "QueryTableAccess" ("queryId", "tableId")
    VALUES ('1486', '5');
SELECT 'Theaters.location', 'Reviews.review_date' FROM Theaters LEFT OUTER JOIN Reviews ON 'Theaters.location' = 'Reviews.review_date';
INSERT INTO "SqlQuery" ("queryId", "userId", "issuedAt", "finishedAt", "hasError", "errorMessage", "statement", "projectId", "queryTypeId")
    VALUES ('1487', '11', '2023-04-19 22:05:55.609115', '2023-04-19 22:05:59.609115', 'False', 'None', 'SELECT Theaters.location, Reviews.review_date FROM Theaters LEFT OUTER JOIN Reviews ON Theaters.location = Reviews.review_date;', '5', '1');
INSERT INTO "QueryColumnAccess" ("queryId", "columnId")
    VALUES ('1487', '3');
INSERT INTO "QueryColumnAccess" ("queryId", "columnId")
    VALUES ('1487', '6');
INSERT INTO "QueryTableAccess" ("queryId", "tableId")
    VALUES ('1487', '4');
INSERT INTO "QueryTableAccess" ("queryId", "tableId")
    VALUES ('1487', '3');
SELECT 'Theaters.capacity', 'Reviews.rating' FROM Theaters LEFT OUTER JOIN Reviews ON 'Theaters.capacity' = 'Reviews.rating';
INSERT INTO "SqlQuery" ("queryId", "userId", "issuedAt", "finishedAt", "hasError", "errorMessage", "statement", "projectId", "queryTypeId")
    VALUES ('1488', '14', '2023-04-17 22:05:55.609124', '2023-04-17 22:05:57.609124', 'False', 'None', 'SELECT Theaters.capacity, Reviews.rating FROM Theaters LEFT OUTER JOIN Reviews ON Theaters.capacity = Reviews.rating;', '5', '1');
INSERT INTO "QueryColumnAccess" ("queryId", "columnId")
    VALUES ('1488', '4');
INSERT INTO "QueryColumnAccess" ("queryId", "columnId")
    VALUES ('1488', '4');
INSERT INTO "QueryTableAccess" ("queryId", "tableId")
    VALUES ('1488', '4');
INSERT INTO "QueryTableAccess" ("queryId", "tableId")
    VALUES ('1488', '3');
SELECT 'Screenings.movie_id', 'Reviews.review_id' FROM Screenings NATURAL JOIN Reviews ON 'Screenings.movie_id' = 'Reviews.review_id';
INSERT INTO "SqlQuery" ("queryId", "userId", "issuedAt", "finishedAt", "hasError", "errorMessage", "statement", "projectId", "queryTypeId")
    VALUES ('1489', '9', '2023-06-22 22:05:55.609133', '2023-06-22 22:05:59.609133', 'False', 'None', 'SELECT Screenings.movie_id, Reviews.review_id FROM Screenings NATURAL JOIN Reviews ON Screenings.movie_id = Reviews.review_id;', '5', '1');
INSERT INTO "QueryColumnAccess" ("queryId", "columnId")
    VALUES ('1489', '2');
INSERT INTO "QueryColumnAccess" ("queryId", "columnId")
    VALUES ('1489', '1');
INSERT INTO "QueryTableAccess" ("queryId", "tableId")
    VALUES ('1489', '5');
INSERT INTO "QueryTableAccess" ("queryId", "tableId")
    VALUES ('1489', '3');
SELECT 'Theaters.capacity', 'Actors.last_name' FROM Theaters LEFT OUTER JOIN Actors ON 'Theaters.capacity' = 'Actors.last_name';
INSERT INTO "SqlQuery" ("queryId", "userId", "issuedAt", "finishedAt", "hasError", "errorMessage", "statement", "projectId", "queryTypeId")
    VALUES ('1490', '6', '2023-04-20 22:05:55.609141', '2023-04-20 22:05:57.609141', 'False', 'None', 'SELECT Theaters.capacity, Actors.last_name FROM Theaters LEFT OUTER JOIN Actors ON Theaters.capacity = Actors.last_name;', '5', '1');
INSERT INTO "QueryColumnAccess" ("queryId", "columnId")
    VALUES ('1490', '4');
INSERT INTO "QueryColumnAccess" ("queryId", "columnId")
    VALUES ('1490', '3');
INSERT INTO "QueryTableAccess" ("queryId", "tableId")
    VALUES ('1490', '4');
INSERT INTO "QueryTableAccess" ("queryId", "tableId")
    VALUES ('1490', '2');
SELECT 'Movies.release_date', 'Reviews.movie_id' FROM Movies LEFT OUTER JOIN Reviews ON 'Movies.release_date' = 'Reviews.movie_id';
INSERT INTO "SqlQuery" ("queryId", "userId", "issuedAt", "finishedAt", "hasError", "errorMessage", "statement", "projectId", "queryTypeId")
    VALUES ('1491', '13', '2023-05-13 22:05:55.609150', '2023-05-13 22:05:57.609150', 'False', 'None', 'SELECT Movies.release_date, Reviews.movie_id FROM Movies LEFT OUTER JOIN Reviews ON Movies.release_date = Reviews.movie_id;', '5', '1');
INSERT INTO "QueryColumnAccess" ("queryId", "columnId")
    VALUES ('1491', '3');
INSERT INTO "QueryColumnAccess" ("queryId", "columnId")
    VALUES ('1491', '2');
INSERT INTO "QueryTableAccess" ("queryId", "tableId")
    VALUES ('1491', '1');
INSERT INTO "QueryTableAccess" ("queryId", "tableId")
    VALUES ('1491', '3');
SELECT 'Theaters.capacity', 'Actors.actor_id' FROM Theaters NATURAL JOIN Actors ON 'Theaters.capacity' = 'Actors.actor_id';
INSERT INTO "SqlQuery" ("queryId", "userId", "issuedAt", "finishedAt", "hasError", "errorMessage", "statement", "projectId", "queryTypeId")
    VALUES ('1492', '4', '2023-05-13 22:05:55.609162', '2023-05-13 22:05:56.609162', 'False', 'None', 'SELECT Theaters.capacity, Actors.actor_id FROM Theaters NATURAL JOIN Actors ON Theaters.capacity = Actors.actor_id;', '5', '1');
INSERT INTO "QueryColumnAccess" ("queryId", "columnId")
    VALUES ('1492', '4');
INSERT INTO "QueryColumnAccess" ("queryId", "columnId")
    VALUES ('1492', '1');
INSERT INTO "QueryTableAccess" ("queryId", "tableId")
    VALUES ('1492', '4');
INSERT INTO "QueryTableAccess" ("queryId", "tableId")
    VALUES ('1492', '2');
SELECT 'Reviews.review_id', 'Screenings.movie_id' FROM Reviews LEFT OUTER JOIN Screenings ON 'Reviews.review_id' = 'Screenings.movie_id';
INSERT INTO "SqlQuery" ("queryId", "userId", "issuedAt", "finishedAt", "hasError", "errorMessage", "statement", "projectId", "queryTypeId")
    VALUES ('1493', '5', '2023-07-10 22:05:55.609171', '2023-07-10 22:05:56.609171', 'False', 'None', 'SELECT Reviews.review_id, Screenings.movie_id FROM Reviews LEFT OUTER JOIN Screenings ON Reviews.review_id = Screenings.movie_id;', '5', '1');
INSERT INTO "QueryColumnAccess" ("queryId", "columnId")
    VALUES ('1493', '1');
INSERT INTO "QueryColumnAccess" ("queryId", "columnId")
    VALUES ('1493', '2');
INSERT INTO "QueryTableAccess" ("queryId", "tableId")
    VALUES ('1493', '3');
INSERT INTO "QueryTableAccess" ("queryId", "tableId")
    VALUES ('1493', '5');
SELECT 'Screenings.movie_id', 'Theaters.capacity' FROM Screenings NATURAL JOIN Theaters ON 'Screenings.movie_id' = 'Theaters.capacity';
INSERT INTO "SqlQuery" ("queryId", "userId", "issuedAt", "finishedAt", "hasError", "errorMessage", "statement", "projectId", "queryTypeId")
    VALUES ('1494', '7', '2023-06-18 22:05:55.609180', '2023-06-18 22:05:57.609180', 'False', 'None', 'SELECT Screenings.movie_id, Theaters.capacity FROM Screenings NATURAL JOIN Theaters ON Screenings.movie_id = Theaters.capacity;', '5', '1');
INSERT INTO "QueryColumnAccess" ("queryId", "columnId")
    VALUES ('1494', '2');
INSERT INTO "QueryColumnAccess" ("queryId", "columnId")
    VALUES ('1494', '4');
INSERT INTO "QueryTableAccess" ("queryId", "tableId")
    VALUES ('1494', '5');
INSERT INTO "QueryTableAccess" ("queryId", "tableId")
    VALUES ('1494', '4');
SELECT 'Reviews.user_id', 'Theaters.capacity' FROM Reviews LEFT OUTER JOIN Theaters ON 'Reviews.user_id' = 'Theaters.capacity';
INSERT INTO "SqlQuery" ("queryId", "userId", "issuedAt", "finishedAt", "hasError", "errorMessage", "statement", "projectId", "queryTypeId")
    VALUES ('1495', '3', '2023-04-21 22:05:55.609189', '2023-04-21 22:05:56.609189', 'False', 'None', 'SELECT Reviews.user_id, Theaters.capacity FROM Reviews LEFT OUTER JOIN Theaters ON Reviews.user_id = Theaters.capacity;', '5', '1');
INSERT INTO "QueryColumnAccess" ("queryId", "columnId")
    VALUES ('1495', '3');
INSERT INTO "QueryColumnAccess" ("queryId", "columnId")
    VALUES ('1495', '4');
INSERT INTO "QueryTableAccess" ("queryId", "tableId")
    VALUES ('1495', '3');
INSERT INTO "QueryTableAccess" ("queryId", "tableId")
    VALUES ('1495', '4');
SELECT 'Theaters.location', 'Movies.movie_id' FROM Theaters LEFT OUTER JOIN Movies ON 'Theaters.location' = 'Movies.movie_id';
INSERT INTO "SqlQuery" ("queryId", "userId", "issuedAt", "finishedAt", "hasError", "errorMessage", "statement", "projectId", "queryTypeId")
    VALUES ('1496', '3', '2023-04-22 22:05:55.609198', '2023-04-22 22:05:56.609198', 'False', 'None', 'SELECT Theaters.location, Movies.movie_id FROM Theaters LEFT OUTER JOIN Movies ON Theaters.location = Movies.movie_id;', '5', '1');
INSERT INTO "QueryColumnAccess" ("queryId", "columnId")
    VALUES ('1496', '3');
INSERT INTO "QueryColumnAccess" ("queryId", "columnId")
    VALUES ('1496', '1');
INSERT INTO "QueryTableAccess" ("queryId", "tableId")
    VALUES ('1496', '4');
INSERT INTO "QueryTableAccess" ("queryId", "tableId")
    VALUES ('1496', '1');
SELECT 'Actors.date_of_birth', 'Movies.duration' FROM Actors RIGHT OUTER JOIN Movies ON 'Actors.date_of_birth' = 'Movies.duration';
INSERT INTO "SqlQuery" ("queryId", "userId", "issuedAt", "finishedAt", "hasError", "errorMessage", "statement", "projectId", "queryTypeId")
    VALUES ('1497', '10', '2023-06-12 22:05:55.609206', '2023-06-12 22:05:58.609206', 'False', 'None', 'SELECT Actors.date_of_birth, Movies.duration FROM Actors RIGHT OUTER JOIN Movies ON Actors.date_of_birth = Movies.duration;', '5', '1');
INSERT INTO "QueryColumnAccess" ("queryId", "columnId")
    VALUES ('1497', '4');
INSERT INTO "QueryColumnAccess" ("queryId", "columnId")
    VALUES ('1497', '6');
INSERT INTO "QueryTableAccess" ("queryId", "tableId")
    VALUES ('1497', '2');
INSERT INTO "QueryTableAccess" ("queryId", "tableId")
    VALUES ('1497', '1');
SELECT 'Reviews.rating', 'Actors.first_name' FROM Reviews RIGHT OUTER JOIN Actors ON 'Reviews.rating' = 'Actors.first_name';
INSERT INTO "SqlQuery" ("queryId", "userId", "issuedAt", "finishedAt", "hasError", "errorMessage", "statement", "projectId", "queryTypeId")
    VALUES ('1498', '5', '2023-06-08 22:05:55.609215', '2023-06-08 22:05:56.609215', 'False', 'None', 'SELECT Reviews.rating, Actors.first_name FROM Reviews RIGHT OUTER JOIN Actors ON Reviews.rating = Actors.first_name;', '5', '1');
INSERT INTO "QueryColumnAccess" ("queryId", "columnId")
    VALUES ('1498', '4');
INSERT INTO "QueryColumnAccess" ("queryId", "columnId")
    VALUES ('1498', '2');
INSERT INTO "QueryTableAccess" ("queryId", "tableId")
    VALUES ('1498', '3');
INSERT INTO "QueryTableAccess" ("queryId", "tableId")
    VALUES ('1498', '2');
SELECT 'Reviews.review_date', 'Theaters.capacity' FROM Reviews NATURAL JOIN Theaters ON 'Reviews.review_date' = 'Theaters.capacity';
INSERT INTO "SqlQuery" ("queryId", "userId", "issuedAt", "finishedAt", "hasError", "errorMessage", "statement", "projectId", "queryTypeId")
    VALUES ('1499', '1', '2023-06-11 22:05:55.609224', '2023-06-11 22:05:59.609224', 'False', 'None', 'SELECT Reviews.review_date, Theaters.capacity FROM Reviews NATURAL JOIN Theaters ON Reviews.review_date = Theaters.capacity;', '5', '1');
INSERT INTO "QueryColumnAccess" ("queryId", "columnId")
    VALUES ('1499', '6');
INSERT INTO "QueryColumnAccess" ("queryId", "columnId")
    VALUES ('1499', '4');
INSERT INTO "QueryTableAccess" ("queryId", "tableId")
    VALUES ('1499', '3');
INSERT INTO "QueryTableAccess" ("queryId", "tableId")
    VALUES ('1499', '4');
SELECT 'Theaters.capacity', 'Movies.release_date' FROM Theaters NATURAL JOIN Movies ON 'Theaters.capacity' = 'Movies.release_date';
INSERT INTO "SqlQuery" ("queryId", "userId", "issuedAt", "finishedAt", "hasError", "errorMessage", "statement", "projectId", "queryTypeId")
    VALUES ('1500', '8', '2023-06-20 22:05:55.609233', '2023-06-20 22:05:57.609233', 'False', 'None', 'SELECT Theaters.capacity, Movies.release_date FROM Theaters NATURAL JOIN Movies ON Theaters.capacity = Movies.release_date;', '5', '1');
INSERT INTO "QueryColumnAccess" ("queryId", "columnId")
    VALUES ('1500', '4');
INSERT INTO "QueryColumnAccess" ("queryId", "columnId")
    VALUES ('1500', '3');
INSERT INTO "QueryTableAccess" ("queryId", "tableId")
    VALUES ('1500', '4');
INSERT INTO "QueryTableAccess" ("queryId", "tableId")
    VALUES ('1500', '1');
SELECT 'Actors.nationality', 'Screenings.ticket_price' FROM Actors LEFT OUTER JOIN Screenings ON 'Actors.nationality' = 'Screenings.ticket_price';
INSERT INTO "SqlQuery" ("queryId", "userId", "issuedAt", "finishedAt", "hasError", "errorMessage", "statement", "projectId", "queryTypeId")
    VALUES ('1501', '3', '2023-06-20 22:05:55.609241', '2023-06-20 22:05:56.609241', 'False', 'None', 'SELECT Actors.nationality, Screenings.ticket_price FROM Actors LEFT OUTER JOIN Screenings ON Actors.nationality = Screenings.ticket_price;', '5', '1');
INSERT INTO "QueryColumnAccess" ("queryId", "columnId")
    VALUES ('1501', '6');
INSERT INTO "QueryColumnAccess" ("queryId", "columnId")
    VALUES ('1501', '6');
INSERT INTO "QueryTableAccess" ("queryId", "tableId")
    VALUES ('1501', '2');
INSERT INTO "QueryTableAccess" ("queryId", "tableId")
    VALUES ('1501', '5');
SELECT 'Screenings.theater_id', 'Movies.title' FROM Screenings LEFT OUTER JOIN Movies ON 'Screenings.theater_id' = 'Movies.title';
INSERT INTO "SqlQuery" ("queryId", "userId", "issuedAt", "finishedAt", "hasError", "errorMessage", "statement", "projectId", "queryTypeId")
    VALUES ('1502', '13', '2023-07-03 22:05:55.609255', '2023-07-03 22:05:58.609255', 'False', 'None', 'SELECT Screenings.theater_id, Movies.title FROM Screenings LEFT OUTER JOIN Movies ON Screenings.theater_id = Movies.title;', '5', '1');
INSERT INTO "QueryColumnAccess" ("queryId", "columnId")
    VALUES ('1502', '3');
INSERT INTO "QueryColumnAccess" ("queryId", "columnId")
    VALUES ('1502', '2');
INSERT INTO "QueryTableAccess" ("queryId", "tableId")
    VALUES ('1502', '5');
INSERT INTO "QueryTableAccess" ("queryId", "tableId")
    VALUES ('1502', '1');
SELECT 'Screenings.ticket_price', 'Reviews.rating' FROM Screenings RIGHT OUTER JOIN Reviews ON 'Screenings.ticket_price' = 'Reviews.rating';
INSERT INTO "SqlQuery" ("queryId", "userId", "issuedAt", "finishedAt", "hasError", "errorMessage", "statement", "projectId", "queryTypeId")
    VALUES ('1503', '3', '2023-06-22 22:05:55.609264', '2023-06-22 22:05:56.609264', 'False', 'None', 'SELECT Screenings.ticket_price, Reviews.rating FROM Screenings RIGHT OUTER JOIN Reviews ON Screenings.ticket_price = Reviews.rating;', '5', '1');
INSERT INTO "QueryColumnAccess" ("queryId", "columnId")
    VALUES ('1503', '6');
INSERT INTO "QueryColumnAccess" ("queryId", "columnId")
    VALUES ('1503', '4');
INSERT INTO "QueryTableAccess" ("queryId", "tableId")
    VALUES ('1503', '5');
INSERT INTO "QueryTableAccess" ("queryId", "tableId")
    VALUES ('1503', '3');
SELECT 'Reviews.comment', 'Movies.genre' FROM Reviews NATURAL JOIN Movies ON 'Reviews.comment' = 'Movies.genre';
INSERT INTO "SqlQuery" ("queryId", "userId", "issuedAt", "finishedAt", "hasError", "errorMessage", "statement", "projectId", "queryTypeId")
    VALUES ('1504', '8', '2023-04-13 22:05:55.609273', '2023-04-13 22:05:57.609273', 'False', 'None', 'SELECT Reviews.comment, Movies.genre FROM Reviews NATURAL JOIN Movies ON Reviews.comment = Movies.genre;', '5', '1');
INSERT INTO "QueryColumnAccess" ("queryId", "columnId")
    VALUES ('1504', '5');
INSERT INTO "QueryColumnAccess" ("queryId", "columnId")
    VALUES ('1504', '4');
INSERT INTO "QueryTableAccess" ("queryId", "tableId")
    VALUES ('1504', '3');
INSERT INTO "QueryTableAccess" ("queryId", "tableId")
    VALUES ('1504', '1');
SELECT 'Screenings.ticket_price', 'Reviews.comment' FROM Screenings LEFT OUTER JOIN Reviews ON 'Screenings.ticket_price' = 'Reviews.comment';
INSERT INTO "SqlQuery" ("queryId", "userId", "issuedAt", "finishedAt", "hasError", "errorMessage", "statement", "projectId", "queryTypeId")
    VALUES ('1505', '10', '2023-05-04 22:05:55.609282', '2023-05-04 22:05:56.609282', 'False', 'None', 'SELECT Screenings.ticket_price, Reviews.comment FROM Screenings LEFT OUTER JOIN Reviews ON Screenings.ticket_price = Reviews.comment;', '5', '1');
INSERT INTO "QueryColumnAccess" ("queryId", "columnId")
    VALUES ('1505', '6');
INSERT INTO "QueryColumnAccess" ("queryId", "columnId")
    VALUES ('1505', '5');
INSERT INTO "QueryTableAccess" ("queryId", "tableId")
    VALUES ('1505', '5');
INSERT INTO "QueryTableAccess" ("queryId", "tableId")
    VALUES ('1505', '3');
SELECT 'Reviews.movie_id', 'Actors.date_of_birth' FROM Reviews LEFT OUTER JOIN Actors ON 'Reviews.movie_id' = 'Actors.date_of_birth';
INSERT INTO "SqlQuery" ("queryId", "userId", "issuedAt", "finishedAt", "hasError", "errorMessage", "statement", "projectId", "queryTypeId")
    VALUES ('1506', '7', '2023-06-16 22:05:55.609291', '2023-06-16 22:05:57.609291', 'False', 'None', 'SELECT Reviews.movie_id, Actors.date_of_birth FROM Reviews LEFT OUTER JOIN Actors ON Reviews.movie_id = Actors.date_of_birth;', '5', '1');
INSERT INTO "QueryColumnAccess" ("queryId", "columnId")
    VALUES ('1506', '2');
INSERT INTO "QueryColumnAccess" ("queryId", "columnId")
    VALUES ('1506', '4');
INSERT INTO "QueryTableAccess" ("queryId", "tableId")
    VALUES ('1506', '3');
INSERT INTO "QueryTableAccess" ("queryId", "tableId")
    VALUES ('1506', '2');
SELECT 'Screenings.movie_id', 'Movies.director' FROM Screenings NATURAL JOIN Movies ON 'Screenings.movie_id' = 'Movies.director';
INSERT INTO "SqlQuery" ("queryId", "userId", "issuedAt", "finishedAt", "hasError", "errorMessage", "statement", "projectId", "queryTypeId")
    VALUES ('1507', '3', '2023-07-10 22:05:55.609300', '2023-07-10 22:05:58.609300', 'False', 'None', 'SELECT Screenings.movie_id, Movies.director FROM Screenings NATURAL JOIN Movies ON Screenings.movie_id = Movies.director;', '5', '1');
INSERT INTO "QueryColumnAccess" ("queryId", "columnId")
    VALUES ('1507', '2');
INSERT INTO "QueryColumnAccess" ("queryId", "columnId")
    VALUES ('1507', '5');
INSERT INTO "QueryTableAccess" ("queryId", "tableId")
    VALUES ('1507', '5');
INSERT INTO "QueryTableAccess" ("queryId", "tableId")
    VALUES ('1507', '1');
SELECT 'Movies.title', 'Theaters.capacity' FROM Movies LEFT OUTER JOIN Theaters ON 'Movies.title' = 'Theaters.capacity';
INSERT INTO "SqlQuery" ("queryId", "userId", "issuedAt", "finishedAt", "hasError", "errorMessage", "statement", "projectId", "queryTypeId")
    VALUES ('1508', '13', '2023-06-24 22:05:55.609308', '2023-06-24 22:05:56.609308', 'False', 'None', 'SELECT Movies.title, Theaters.capacity FROM Movies LEFT OUTER JOIN Theaters ON Movies.title = Theaters.capacity;', '5', '1');
INSERT INTO "QueryColumnAccess" ("queryId", "columnId")
    VALUES ('1508', '2');
INSERT INTO "QueryColumnAccess" ("queryId", "columnId")
    VALUES ('1508', '4');
INSERT INTO "QueryTableAccess" ("queryId", "tableId")
    VALUES ('1508', '1');
INSERT INTO "QueryTableAccess" ("queryId", "tableId")
    VALUES ('1508', '4');
SELECT 'Screenings.ticket_price', 'Movies.director' FROM Screenings NATURAL JOIN Movies ON 'Screenings.ticket_price' = 'Movies.director';
INSERT INTO "SqlQuery" ("queryId", "userId", "issuedAt", "finishedAt", "hasError", "errorMessage", "statement", "projectId", "queryTypeId")
    VALUES ('1509', '4', '2023-04-20 22:05:55.609317', '2023-04-20 22:05:58.609317', 'False', 'None', 'SELECT Screenings.ticket_price, Movies.director FROM Screenings NATURAL JOIN Movies ON Screenings.ticket_price = Movies.director;', '5', '1');
INSERT INTO "QueryColumnAccess" ("queryId", "columnId")
    VALUES ('1509', '6');
INSERT INTO "QueryColumnAccess" ("queryId", "columnId")
    VALUES ('1509', '5');
INSERT INTO "QueryTableAccess" ("queryId", "tableId")
    VALUES ('1509', '5');
INSERT INTO "QueryTableAccess" ("queryId", "tableId")
    VALUES ('1509', '1');
SELECT 'Screenings.theater_id', 'Movies.rating' FROM Screenings LEFT OUTER JOIN Movies ON 'Screenings.theater_id' = 'Movies.rating';
INSERT INTO "SqlQuery" ("queryId", "userId", "issuedAt", "finishedAt", "hasError", "errorMessage", "statement", "projectId", "queryTypeId")
    VALUES ('1510', '4', '2023-05-24 22:05:55.609326', '2023-05-24 22:05:56.609326', 'False', 'None', 'SELECT Screenings.theater_id, Movies.rating FROM Screenings LEFT OUTER JOIN Movies ON Screenings.theater_id = Movies.rating;', '5', '1');
INSERT INTO "QueryColumnAccess" ("queryId", "columnId")
    VALUES ('1510', '3');
INSERT INTO "QueryColumnAccess" ("queryId", "columnId")
    VALUES ('1510', '7');
INSERT INTO "QueryTableAccess" ("queryId", "tableId")
    VALUES ('1510', '5');
INSERT INTO "QueryTableAccess" ("queryId", "tableId")
    VALUES ('1510', '1');
SELECT 'Movies.release_date', 'Reviews.movie_id' FROM Movies NATURAL JOIN Reviews ON 'Movies.release_date' = 'Reviews.movie_id';
INSERT INTO "SqlQuery" ("queryId", "userId", "issuedAt", "finishedAt", "hasError", "errorMessage", "statement", "projectId", "queryTypeId")
    VALUES ('1511', '11', '2023-05-02 22:05:55.609338', '2023-05-02 22:05:59.609338', 'False', 'None', 'SELECT Movies.release_date, Reviews.movie_id FROM Movies NATURAL JOIN Reviews ON Movies.release_date = Reviews.movie_id;', '5', '1');
INSERT INTO "QueryColumnAccess" ("queryId", "columnId")
    VALUES ('1511', '3');
INSERT INTO "QueryColumnAccess" ("queryId", "columnId")
    VALUES ('1511', '2');
INSERT INTO "QueryTableAccess" ("queryId", "tableId")
    VALUES ('1511', '1');
INSERT INTO "QueryTableAccess" ("queryId", "tableId")
    VALUES ('1511', '3');
SELECT 'Movies.duration', 'Actors.nationality' FROM Movies LEFT OUTER JOIN Actors ON 'Movies.duration' = 'Actors.nationality';
INSERT INTO "SqlQuery" ("queryId", "userId", "issuedAt", "finishedAt", "hasError", "errorMessage", "statement", "projectId", "queryTypeId")
    VALUES ('1512', '2', '2023-06-18 22:05:55.609348', '2023-06-18 22:05:58.609348', 'False', 'None', 'SELECT Movies.duration, Actors.nationality FROM Movies LEFT OUTER JOIN Actors ON Movies.duration = Actors.nationality;', '5', '1');
INSERT INTO "QueryColumnAccess" ("queryId", "columnId")
    VALUES ('1512', '6');
INSERT INTO "QueryColumnAccess" ("queryId", "columnId")
    VALUES ('1512', '6');
INSERT INTO "QueryTableAccess" ("queryId", "tableId")
    VALUES ('1512', '1');
INSERT INTO "QueryTableAccess" ("queryId", "tableId")
    VALUES ('1512', '2');
SELECT 'Reviews.rating', 'Movies.movie_id' FROM Reviews RIGHT OUTER JOIN Movies ON 'Reviews.rating' = 'Movies.movie_id';
INSERT INTO "SqlQuery" ("queryId", "userId", "issuedAt", "finishedAt", "hasError", "errorMessage", "statement", "projectId", "queryTypeId")
    VALUES ('1513', '5', '2023-06-29 22:05:55.609356', '2023-06-29 22:05:56.609356', 'False', 'None', 'SELECT Reviews.rating, Movies.movie_id FROM Reviews RIGHT OUTER JOIN Movies ON Reviews.rating = Movies.movie_id;', '5', '1');
INSERT INTO "QueryColumnAccess" ("queryId", "columnId")
    VALUES ('1513', '4');
INSERT INTO "QueryColumnAccess" ("queryId", "columnId")
    VALUES ('1513', '1');
INSERT INTO "QueryTableAccess" ("queryId", "tableId")
    VALUES ('1513', '3');
INSERT INTO "QueryTableAccess" ("queryId", "tableId")
    VALUES ('1513', '1');
SELECT 'Theaters.theater_name', 'Screenings.screening_id' FROM Theaters LEFT OUTER JOIN Screenings ON 'Theaters.theater_name' = 'Screenings.screening_id';
INSERT INTO "SqlQuery" ("queryId", "userId", "issuedAt", "finishedAt", "hasError", "errorMessage", "statement", "projectId", "queryTypeId")
    VALUES ('1514', '11', '2023-06-24 22:05:55.609365', '2023-06-24 22:05:56.609365', 'False', 'None', 'SELECT Theaters.theater_name, Screenings.screening_id FROM Theaters LEFT OUTER JOIN Screenings ON Theaters.theater_name = Screenings.screening_id;', '5', '1');
INSERT INTO "QueryColumnAccess" ("queryId", "columnId")
    VALUES ('1514', '2');
INSERT INTO "QueryColumnAccess" ("queryId", "columnId")
    VALUES ('1514', '1');
INSERT INTO "QueryTableAccess" ("queryId", "tableId")
    VALUES ('1514', '4');
INSERT INTO "QueryTableAccess" ("queryId", "tableId")
    VALUES ('1514', '5');
SELECT 'Actors.last_name', 'Reviews.review_id' FROM Actors RIGHT OUTER JOIN Reviews ON 'Actors.last_name' = 'Reviews.review_id';
INSERT INTO "SqlQuery" ("queryId", "userId", "issuedAt", "finishedAt", "hasError", "errorMessage", "statement", "projectId", "queryTypeId")
    VALUES ('1515', '6', '2023-06-03 22:05:55.609374', '2023-06-03 22:05:58.609374', 'False', 'None', 'SELECT Actors.last_name, Reviews.review_id FROM Actors RIGHT OUTER JOIN Reviews ON Actors.last_name = Reviews.review_id;', '5', '1');
INSERT INTO "QueryColumnAccess" ("queryId", "columnId")
    VALUES ('1515', '3');
INSERT INTO "QueryColumnAccess" ("queryId", "columnId")
    VALUES ('1515', '1');
INSERT INTO "QueryTableAccess" ("queryId", "tableId")
    VALUES ('1515', '2');
INSERT INTO "QueryTableAccess" ("queryId", "tableId")
    VALUES ('1515', '3');
SELECT 'Theaters.capacity', 'Movies.release_date' FROM Theaters LEFT OUTER JOIN Movies ON 'Theaters.capacity' = 'Movies.release_date';
INSERT INTO "SqlQuery" ("queryId", "userId", "issuedAt", "finishedAt", "hasError", "errorMessage", "statement", "projectId", "queryTypeId")
    VALUES ('1516', '7', '2023-06-03 22:05:55.609382', '2023-06-03 22:05:59.609382', 'False', 'None', 'SELECT Theaters.capacity, Movies.release_date FROM Theaters LEFT OUTER JOIN Movies ON Theaters.capacity = Movies.release_date;', '5', '1');
INSERT INTO "QueryColumnAccess" ("queryId", "columnId")
    VALUES ('1516', '4');
INSERT INTO "QueryColumnAccess" ("queryId", "columnId")
    VALUES ('1516', '3');
INSERT INTO "QueryTableAccess" ("queryId", "tableId")
    VALUES ('1516', '4');
INSERT INTO "QueryTableAccess" ("queryId", "tableId")
    VALUES ('1516', '1');
SELECT 'Actors.last_name', 'Screenings.start_time' FROM Actors NATURAL JOIN Screenings ON 'Actors.last_name' = 'Screenings.start_time';
INSERT INTO "SqlQuery" ("queryId", "userId", "issuedAt", "finishedAt", "hasError", "errorMessage", "statement", "projectId", "queryTypeId")
    VALUES ('1517', '10', '2023-06-09 22:05:55.609391', '2023-06-09 22:05:56.609391', 'False', 'None', 'SELECT Actors.last_name, Screenings.start_time FROM Actors NATURAL JOIN Screenings ON Actors.last_name = Screenings.start_time;', '5', '1');
INSERT INTO "QueryColumnAccess" ("queryId", "columnId")
    VALUES ('1517', '3');
INSERT INTO "QueryColumnAccess" ("queryId", "columnId")
    VALUES ('1517', '4');
INSERT INTO "QueryTableAccess" ("queryId", "tableId")
    VALUES ('1517', '2');
INSERT INTO "QueryTableAccess" ("queryId", "tableId")
    VALUES ('1517', '5');
SELECT 'Actors.actor_id', 'Movies.title' FROM Actors RIGHT OUTER JOIN Movies ON 'Actors.actor_id' = 'Movies.title';
INSERT INTO "SqlQuery" ("queryId", "userId", "issuedAt", "finishedAt", "hasError", "errorMessage", "statement", "projectId", "queryTypeId")
    VALUES ('1518', '7', '2023-04-11 22:05:55.609400', '2023-04-11 22:05:58.609400', 'False', 'None', 'SELECT Actors.actor_id, Movies.title FROM Actors RIGHT OUTER JOIN Movies ON Actors.actor_id = Movies.title;', '5', '1');
INSERT INTO "QueryColumnAccess" ("queryId", "columnId")
    VALUES ('1518', '1');
INSERT INTO "QueryColumnAccess" ("queryId", "columnId")
    VALUES ('1518', '2');
INSERT INTO "QueryTableAccess" ("queryId", "tableId")
    VALUES ('1518', '2');
INSERT INTO "QueryTableAccess" ("queryId", "tableId")
    VALUES ('1518', '1');
SELECT 'Actors.last_name', 'Screenings.movie_id' FROM Actors LEFT OUTER JOIN Screenings ON 'Actors.last_name' = 'Screenings.movie_id';
INSERT INTO "SqlQuery" ("queryId", "userId", "issuedAt", "finishedAt", "hasError", "errorMessage", "statement", "projectId", "queryTypeId")
    VALUES ('1519', '13', '2023-06-21 22:05:55.609408', '2023-06-21 22:05:59.609408', 'False', 'None', 'SELECT Actors.last_name, Screenings.movie_id FROM Actors LEFT OUTER JOIN Screenings ON Actors.last_name = Screenings.movie_id;', '5', '1');
INSERT INTO "QueryColumnAccess" ("queryId", "columnId")
    VALUES ('1519', '3');
INSERT INTO "QueryColumnAccess" ("queryId", "columnId")
    VALUES ('1519', '2');
INSERT INTO "QueryTableAccess" ("queryId", "tableId")
    VALUES ('1519', '2');
INSERT INTO "QueryTableAccess" ("queryId", "tableId")
    VALUES ('1519', '5');
SELECT 'Reviews.review_date', 'Theaters.theater_name' FROM Reviews RIGHT OUTER JOIN Theaters ON 'Reviews.review_date' = 'Theaters.theater_name';
INSERT INTO "SqlQuery" ("queryId", "userId", "issuedAt", "finishedAt", "hasError", "errorMessage", "statement", "projectId", "queryTypeId")
    VALUES ('1520', '13', '2023-04-18 22:05:55.609417', '2023-04-18 22:05:57.609417', 'False', 'None', 'SELECT Reviews.review_date, Theaters.theater_name FROM Reviews RIGHT OUTER JOIN Theaters ON Reviews.review_date = Theaters.theater_name;', '5', '1');
INSERT INTO "QueryColumnAccess" ("queryId", "columnId")
    VALUES ('1520', '6');
INSERT INTO "QueryColumnAccess" ("queryId", "columnId")
    VALUES ('1520', '2');
INSERT INTO "QueryTableAccess" ("queryId", "tableId")
    VALUES ('1520', '3');
INSERT INTO "QueryTableAccess" ("queryId", "tableId")
    VALUES ('1520', '4');
SELECT 'Reviews.rating', 'Movies.director' FROM Reviews NATURAL JOIN Movies ON 'Reviews.rating' = 'Movies.director';
INSERT INTO "SqlQuery" ("queryId", "userId", "issuedAt", "finishedAt", "hasError", "errorMessage", "statement", "projectId", "queryTypeId")
    VALUES ('1521', '12', '2023-07-08 22:05:55.609432', '2023-07-08 22:05:57.609432', 'False', 'None', 'SELECT Reviews.rating, Movies.director FROM Reviews NATURAL JOIN Movies ON Reviews.rating = Movies.director;', '5', '1');
INSERT INTO "QueryColumnAccess" ("queryId", "columnId")
    VALUES ('1521', '4');
INSERT INTO "QueryColumnAccess" ("queryId", "columnId")
    VALUES ('1521', '5');
INSERT INTO "QueryTableAccess" ("queryId", "tableId")
    VALUES ('1521', '3');
INSERT INTO "QueryTableAccess" ("queryId", "tableId")
    VALUES ('1521', '1');
SELECT 'Actors.gender', 'Reviews.rating' FROM Actors LEFT OUTER JOIN Reviews ON 'Actors.gender' = 'Reviews.rating';
INSERT INTO "SqlQuery" ("queryId", "userId", "issuedAt", "finishedAt", "hasError", "errorMessage", "statement", "projectId", "queryTypeId")
    VALUES ('1522', '1', '2023-05-02 22:05:55.609441', '2023-05-02 22:05:56.609441', 'False', 'None', 'SELECT Actors.gender, Reviews.rating FROM Actors LEFT OUTER JOIN Reviews ON Actors.gender = Reviews.rating;', '5', '1');
INSERT INTO "QueryColumnAccess" ("queryId", "columnId")
    VALUES ('1522', '5');
INSERT INTO "QueryColumnAccess" ("queryId", "columnId")
    VALUES ('1522', '4');
INSERT INTO "QueryTableAccess" ("queryId", "tableId")
    VALUES ('1522', '2');
INSERT INTO "QueryTableAccess" ("queryId", "tableId")
    VALUES ('1522', '3');
SELECT 'Reviews.comment', 'Movies.title' FROM Reviews RIGHT OUTER JOIN Movies ON 'Reviews.comment' = 'Movies.title';
INSERT INTO "SqlQuery" ("queryId", "userId", "issuedAt", "finishedAt", "hasError", "errorMessage", "statement", "projectId", "queryTypeId")
    VALUES ('1523', '9', '2023-07-01 22:05:55.609449', '2023-07-01 22:05:56.609449', 'False', 'None', 'SELECT Reviews.comment, Movies.title FROM Reviews RIGHT OUTER JOIN Movies ON Reviews.comment = Movies.title;', '5', '1');
INSERT INTO "QueryColumnAccess" ("queryId", "columnId")
    VALUES ('1523', '5');
INSERT INTO "QueryColumnAccess" ("queryId", "columnId")
    VALUES ('1523', '2');
INSERT INTO "QueryTableAccess" ("queryId", "tableId")
    VALUES ('1523', '3');
INSERT INTO "QueryTableAccess" ("queryId", "tableId")
    VALUES ('1523', '1');
SELECT 'Screenings.theater_id', 'Actors.date_of_birth' FROM Screenings LEFT OUTER JOIN Actors ON 'Screenings.theater_id' = 'Actors.date_of_birth';
INSERT INTO "SqlQuery" ("queryId", "userId", "issuedAt", "finishedAt", "hasError", "errorMessage", "statement", "projectId", "queryTypeId")
    VALUES ('1524', '9', '2023-06-25 22:05:55.609458', '2023-06-25 22:05:58.609458', 'False', 'None', 'SELECT Screenings.theater_id, Actors.date_of_birth FROM Screenings LEFT OUTER JOIN Actors ON Screenings.theater_id = Actors.date_of_birth;', '5', '1');
INSERT INTO "QueryColumnAccess" ("queryId", "columnId")
    VALUES ('1524', '3');
INSERT INTO "QueryColumnAccess" ("queryId", "columnId")
    VALUES ('1524', '4');
INSERT INTO "QueryTableAccess" ("queryId", "tableId")
    VALUES ('1524', '5');
INSERT INTO "QueryTableAccess" ("queryId", "tableId")
    VALUES ('1524', '2');
SELECT 'Theaters.capacity', 'Reviews.review_id' FROM Theaters NATURAL JOIN Reviews ON 'Theaters.capacity' = 'Reviews.review_id';
INSERT INTO "SqlQuery" ("queryId", "userId", "issuedAt", "finishedAt", "hasError", "errorMessage", "statement", "projectId", "queryTypeId")
    VALUES ('1525', '4', '2023-06-25 22:05:55.609467', '2023-06-25 22:05:57.609467', 'False', 'None', 'SELECT Theaters.capacity, Reviews.review_id FROM Theaters NATURAL JOIN Reviews ON Theaters.capacity = Reviews.review_id;', '5', '1');
INSERT INTO "QueryColumnAccess" ("queryId", "columnId")
    VALUES ('1525', '4');
INSERT INTO "QueryColumnAccess" ("queryId", "columnId")
    VALUES ('1525', '1');
INSERT INTO "QueryTableAccess" ("queryId", "tableId")
    VALUES ('1525', '4');
INSERT INTO "QueryTableAccess" ("queryId", "tableId")
    VALUES ('1525', '3');
SELECT 'Screenings.theater_id', 'Reviews.movie_id' FROM Screenings NATURAL JOIN Reviews ON 'Screenings.theater_id' = 'Reviews.movie_id';
INSERT INTO "SqlQuery" ("queryId", "userId", "issuedAt", "finishedAt", "hasError", "errorMessage", "statement", "projectId", "queryTypeId")
    VALUES ('1526', '9', '2023-05-23 22:05:55.609476', '2023-05-23 22:05:57.609476', 'False', 'None', 'SELECT Screenings.theater_id, Reviews.movie_id FROM Screenings NATURAL JOIN Reviews ON Screenings.theater_id = Reviews.movie_id;', '5', '1');
INSERT INTO "QueryColumnAccess" ("queryId", "columnId")
    VALUES ('1526', '3');
INSERT INTO "QueryColumnAccess" ("queryId", "columnId")
    VALUES ('1526', '2');
INSERT INTO "QueryTableAccess" ("queryId", "tableId")
    VALUES ('1526', '5');
INSERT INTO "QueryTableAccess" ("queryId", "tableId")
    VALUES ('1526', '3');
SELECT 'Screenings.end_time', 'Movies.title' FROM Screenings NATURAL JOIN Movies ON 'Screenings.end_time' = 'Movies.title';
INSERT INTO "SqlQuery" ("queryId", "userId", "issuedAt", "finishedAt", "hasError", "errorMessage", "statement", "projectId", "queryTypeId")
    VALUES ('1527', '10', '2023-06-29 22:05:55.609485', '2023-06-29 22:05:59.609485', 'False', 'None', 'SELECT Screenings.end_time, Movies.title FROM Screenings NATURAL JOIN Movies ON Screenings.end_time = Movies.title;', '5', '1');
INSERT INTO "QueryColumnAccess" ("queryId", "columnId")
    VALUES ('1527', '5');
INSERT INTO "QueryColumnAccess" ("queryId", "columnId")
    VALUES ('1527', '2');
INSERT INTO "QueryTableAccess" ("queryId", "tableId")
    VALUES ('1527', '5');
INSERT INTO "QueryTableAccess" ("queryId", "tableId")
    VALUES ('1527', '1');
SELECT 'Screenings.end_time', 'Theaters.capacity' FROM Screenings RIGHT OUTER JOIN Theaters ON 'Screenings.end_time' = 'Theaters.capacity';
INSERT INTO "SqlQuery" ("queryId", "userId", "issuedAt", "finishedAt", "hasError", "errorMessage", "statement", "projectId", "queryTypeId")
    VALUES ('1528', '15', '2023-05-19 22:05:55.609493', '2023-05-19 22:05:59.609493', 'False', 'None', 'SELECT Screenings.end_time, Theaters.capacity FROM Screenings RIGHT OUTER JOIN Theaters ON Screenings.end_time = Theaters.capacity;', '5', '1');
INSERT INTO "QueryColumnAccess" ("queryId", "columnId")
    VALUES ('1528', '5');
INSERT INTO "QueryColumnAccess" ("queryId", "columnId")
    VALUES ('1528', '4');
INSERT INTO "QueryTableAccess" ("queryId", "tableId")
    VALUES ('1528', '5');
INSERT INTO "QueryTableAccess" ("queryId", "tableId")
    VALUES ('1528', '4');
SELECT 'Reviews.movie_id', 'Movies.director' FROM Reviews NATURAL JOIN Movies ON 'Reviews.movie_id' = 'Movies.director';
INSERT INTO "SqlQuery" ("queryId", "userId", "issuedAt", "finishedAt", "hasError", "errorMessage", "statement", "projectId", "queryTypeId")
    VALUES ('1529', '15', '2023-05-06 22:05:55.609502', '2023-05-06 22:05:56.609502', 'False', 'None', 'SELECT Reviews.movie_id, Movies.director FROM Reviews NATURAL JOIN Movies ON Reviews.movie_id = Movies.director;', '5', '1');
INSERT INTO "QueryColumnAccess" ("queryId", "columnId")
    VALUES ('1529', '2');
INSERT INTO "QueryColumnAccess" ("queryId", "columnId")
    VALUES ('1529', '5');
INSERT INTO "QueryTableAccess" ("queryId", "tableId")
    VALUES ('1529', '3');
INSERT INTO "QueryTableAccess" ("queryId", "tableId")
    VALUES ('1529', '1');
SELECT 'Theaters.capacity', 'Screenings.theater_id' FROM Theaters NATURAL JOIN Screenings ON 'Theaters.capacity' = 'Screenings.theater_id';
INSERT INTO "SqlQuery" ("queryId", "userId", "issuedAt", "finishedAt", "hasError", "errorMessage", "statement", "projectId", "queryTypeId")
    VALUES ('1530', '10', '2023-04-14 22:05:55.609510', '2023-04-14 22:05:57.609510', 'False', 'None', 'SELECT Theaters.capacity, Screenings.theater_id FROM Theaters NATURAL JOIN Screenings ON Theaters.capacity = Screenings.theater_id;', '5', '1');
INSERT INTO "QueryColumnAccess" ("queryId", "columnId")
    VALUES ('1530', '4');
INSERT INTO "QueryColumnAccess" ("queryId", "columnId")
    VALUES ('1530', '3');
INSERT INTO "QueryTableAccess" ("queryId", "tableId")
    VALUES ('1530', '4');
INSERT INTO "QueryTableAccess" ("queryId", "tableId")
    VALUES ('1530', '5');
SELECT 'Screenings.theater_id', 'Movies.movie_id' FROM Screenings LEFT OUTER JOIN Movies ON 'Screenings.theater_id' = 'Movies.movie_id';
INSERT INTO "SqlQuery" ("queryId", "userId", "issuedAt", "finishedAt", "hasError", "errorMessage", "statement", "projectId", "queryTypeId")
    VALUES ('1531', '11', '2023-06-08 22:05:55.609523', '2023-06-08 22:05:58.609523', 'False', 'None', 'SELECT Screenings.theater_id, Movies.movie_id FROM Screenings LEFT OUTER JOIN Movies ON Screenings.theater_id = Movies.movie_id;', '5', '1');
INSERT INTO "QueryColumnAccess" ("queryId", "columnId")
    VALUES ('1531', '3');
INSERT INTO "QueryColumnAccess" ("queryId", "columnId")
    VALUES ('1531', '1');
INSERT INTO "QueryTableAccess" ("queryId", "tableId")
    VALUES ('1531', '5');
INSERT INTO "QueryTableAccess" ("queryId", "tableId")
    VALUES ('1531', '1');
SELECT 'Theaters.location', 'Screenings.end_time' FROM Theaters LEFT OUTER JOIN Screenings ON 'Theaters.location' = 'Screenings.end_time';
INSERT INTO "SqlQuery" ("queryId", "userId", "issuedAt", "finishedAt", "hasError", "errorMessage", "statement", "projectId", "queryTypeId")
    VALUES ('1532', '4', '2023-06-16 22:05:55.609531', '2023-06-16 22:05:57.609531', 'False', 'None', 'SELECT Theaters.location, Screenings.end_time FROM Theaters LEFT OUTER JOIN Screenings ON Theaters.location = Screenings.end_time;', '5', '1');
INSERT INTO "QueryColumnAccess" ("queryId", "columnId")
    VALUES ('1532', '3');
INSERT INTO "QueryColumnAccess" ("queryId", "columnId")
    VALUES ('1532', '5');
INSERT INTO "QueryTableAccess" ("queryId", "tableId")
    VALUES ('1532', '4');
INSERT INTO "QueryTableAccess" ("queryId", "tableId")
    VALUES ('1532', '5');
SELECT 'Actors.first_name', 'Movies.duration' FROM Actors RIGHT OUTER JOIN Movies ON 'Actors.first_name' = 'Movies.duration';
INSERT INTO "SqlQuery" ("queryId", "userId", "issuedAt", "finishedAt", "hasError", "errorMessage", "statement", "projectId", "queryTypeId")
    VALUES ('1533', '6', '2023-06-05 22:05:55.609540', '2023-06-05 22:05:57.609540', 'False', 'None', 'SELECT Actors.first_name, Movies.duration FROM Actors RIGHT OUTER JOIN Movies ON Actors.first_name = Movies.duration;', '5', '1');
INSERT INTO "QueryColumnAccess" ("queryId", "columnId")
    VALUES ('1533', '2');
INSERT INTO "QueryColumnAccess" ("queryId", "columnId")
    VALUES ('1533', '6');
INSERT INTO "QueryTableAccess" ("queryId", "tableId")
    VALUES ('1533', '2');
INSERT INTO "QueryTableAccess" ("queryId", "tableId")
    VALUES ('1533', '1');
SELECT 'Movies.title', 'Actors.nationality' FROM Movies NATURAL JOIN Actors ON 'Movies.title' = 'Actors.nationality';
INSERT INTO "SqlQuery" ("queryId", "userId", "issuedAt", "finishedAt", "hasError", "errorMessage", "statement", "projectId", "queryTypeId")
    VALUES ('1534', '11', '2023-04-23 22:05:55.609549', '2023-04-23 22:05:57.609549', 'False', 'None', 'SELECT Movies.title, Actors.nationality FROM Movies NATURAL JOIN Actors ON Movies.title = Actors.nationality;', '5', '1');
INSERT INTO "QueryColumnAccess" ("queryId", "columnId")
    VALUES ('1534', '2');
INSERT INTO "QueryColumnAccess" ("queryId", "columnId")
    VALUES ('1534', '6');
INSERT INTO "QueryTableAccess" ("queryId", "tableId")
    VALUES ('1534', '1');
INSERT INTO "QueryTableAccess" ("queryId", "tableId")
    VALUES ('1534', '2');
SELECT 'Screenings.ticket_price', 'Theaters.location' FROM Screenings NATURAL JOIN Theaters ON 'Screenings.ticket_price' = 'Theaters.location';
INSERT INTO "SqlQuery" ("queryId", "userId", "issuedAt", "finishedAt", "hasError", "errorMessage", "statement", "projectId", "queryTypeId")
    VALUES ('1535', '13', '2023-06-17 22:05:55.609558', '2023-06-17 22:05:58.609558', 'False', 'None', 'SELECT Screenings.ticket_price, Theaters.location FROM Screenings NATURAL JOIN Theaters ON Screenings.ticket_price = Theaters.location;', '5', '1');
INSERT INTO "QueryColumnAccess" ("queryId", "columnId")
    VALUES ('1535', '6');
INSERT INTO "QueryColumnAccess" ("queryId", "columnId")
    VALUES ('1535', '3');
INSERT INTO "QueryTableAccess" ("queryId", "tableId")
    VALUES ('1535', '5');
INSERT INTO "QueryTableAccess" ("queryId", "tableId")
    VALUES ('1535', '4');
SELECT 'Actors.actor_id', 'Reviews.user_id' FROM Actors NATURAL JOIN Reviews ON 'Actors.actor_id' = 'Reviews.user_id';
INSERT INTO "SqlQuery" ("queryId", "userId", "issuedAt", "finishedAt", "hasError", "errorMessage", "statement", "projectId", "queryTypeId")
    VALUES ('1536', '9', '2023-04-24 22:05:55.609567', '2023-04-24 22:05:56.609567', 'False', 'None', 'SELECT Actors.actor_id, Reviews.user_id FROM Actors NATURAL JOIN Reviews ON Actors.actor_id = Reviews.user_id;', '5', '1');
INSERT INTO "QueryColumnAccess" ("queryId", "columnId")
    VALUES ('1536', '1');
INSERT INTO "QueryColumnAccess" ("queryId", "columnId")
    VALUES ('1536', '3');
INSERT INTO "QueryTableAccess" ("queryId", "tableId")
    VALUES ('1536', '2');
INSERT INTO "QueryTableAccess" ("queryId", "tableId")
    VALUES ('1536', '3');
SELECT 'Reviews.user_id', 'Theaters.theater_name' FROM Reviews NATURAL JOIN Theaters ON 'Reviews.user_id' = 'Theaters.theater_name';
INSERT INTO "SqlQuery" ("queryId", "userId", "issuedAt", "finishedAt", "hasError", "errorMessage", "statement", "projectId", "queryTypeId")
    VALUES ('1537', '14', '2023-04-27 22:05:55.609576', '2023-04-27 22:05:58.609576', 'False', 'None', 'SELECT Reviews.user_id, Theaters.theater_name FROM Reviews NATURAL JOIN Theaters ON Reviews.user_id = Theaters.theater_name;', '5', '1');
INSERT INTO "QueryColumnAccess" ("queryId", "columnId")
    VALUES ('1537', '3');
INSERT INTO "QueryColumnAccess" ("queryId", "columnId")
    VALUES ('1537', '2');
INSERT INTO "QueryTableAccess" ("queryId", "tableId")
    VALUES ('1537', '3');
INSERT INTO "QueryTableAccess" ("queryId", "tableId")
    VALUES ('1537', '4');
SELECT 'Actors.actor_id', 'Movies.director' FROM Actors RIGHT OUTER JOIN Movies ON 'Actors.actor_id' = 'Movies.director';
INSERT INTO "SqlQuery" ("queryId", "userId", "issuedAt", "finishedAt", "hasError", "errorMessage", "statement", "projectId", "queryTypeId")
    VALUES ('1538', '11', '2023-06-12 22:05:55.609584', '2023-06-12 22:05:56.609584', 'False', 'None', 'SELECT Actors.actor_id, Movies.director FROM Actors RIGHT OUTER JOIN Movies ON Actors.actor_id = Movies.director;', '5', '1');
INSERT INTO "QueryColumnAccess" ("queryId", "columnId")
    VALUES ('1538', '1');
INSERT INTO "QueryColumnAccess" ("queryId", "columnId")
    VALUES ('1538', '5');
INSERT INTO "QueryTableAccess" ("queryId", "tableId")
    VALUES ('1538', '2');
INSERT INTO "QueryTableAccess" ("queryId", "tableId")
    VALUES ('1538', '1');
SELECT 'Reviews.comment', 'Theaters.location' FROM Reviews NATURAL JOIN Theaters ON 'Reviews.comment' = 'Theaters.location';
INSERT INTO "SqlQuery" ("queryId", "userId", "issuedAt", "finishedAt", "hasError", "errorMessage", "statement", "projectId", "queryTypeId")
    VALUES ('1539', '6', '2023-04-11 22:05:55.609593', '2023-04-11 22:05:58.609593', 'False', 'None', 'SELECT Reviews.comment, Theaters.location FROM Reviews NATURAL JOIN Theaters ON Reviews.comment = Theaters.location;', '5', '1');
INSERT INTO "QueryColumnAccess" ("queryId", "columnId")
    VALUES ('1539', '5');
INSERT INTO "QueryColumnAccess" ("queryId", "columnId")
    VALUES ('1539', '3');
INSERT INTO "QueryTableAccess" ("queryId", "tableId")
    VALUES ('1539', '3');
INSERT INTO "QueryTableAccess" ("queryId", "tableId")
    VALUES ('1539', '4');
SELECT 'Theaters.location', 'Screenings.start_time' FROM Theaters NATURAL JOIN Screenings ON 'Theaters.location' = 'Screenings.start_time';
INSERT INTO "SqlQuery" ("queryId", "userId", "issuedAt", "finishedAt", "hasError", "errorMessage", "statement", "projectId", "queryTypeId")
    VALUES ('1540', '6', '2023-05-08 22:05:55.609608', '2023-05-08 22:05:57.609608', 'False', 'None', 'SELECT Theaters.location, Screenings.start_time FROM Theaters NATURAL JOIN Screenings ON Theaters.location = Screenings.start_time;', '5', '1');
INSERT INTO "QueryColumnAccess" ("queryId", "columnId")
    VALUES ('1540', '3');
INSERT INTO "QueryColumnAccess" ("queryId", "columnId")
    VALUES ('1540', '4');
INSERT INTO "QueryTableAccess" ("queryId", "tableId")
    VALUES ('1540', '4');
INSERT INTO "QueryTableAccess" ("queryId", "tableId")
    VALUES ('1540', '5');
SELECT 'Movies.title', 'Theaters.theater_name' FROM Movies LEFT OUTER JOIN Theaters ON 'Movies.title' = 'Theaters.theater_name';
INSERT INTO "SqlQuery" ("queryId", "userId", "issuedAt", "finishedAt", "hasError", "errorMessage", "statement", "projectId", "queryTypeId")
    VALUES ('1541', '6', '2023-04-15 22:05:55.609618', '2023-04-15 22:05:56.609618', 'False', 'None', 'SELECT Movies.title, Theaters.theater_name FROM Movies LEFT OUTER JOIN Theaters ON Movies.title = Theaters.theater_name;', '5', '1');
INSERT INTO "QueryColumnAccess" ("queryId", "columnId")
    VALUES ('1541', '2');
INSERT INTO "QueryColumnAccess" ("queryId", "columnId")
    VALUES ('1541', '2');
INSERT INTO "QueryTableAccess" ("queryId", "tableId")
    VALUES ('1541', '1');
INSERT INTO "QueryTableAccess" ("queryId", "tableId")
    VALUES ('1541', '4');
SELECT 'Movies.director', 'Reviews.rating' FROM Movies RIGHT OUTER JOIN Reviews ON 'Movies.director' = 'Reviews.rating';
INSERT INTO "SqlQuery" ("queryId", "userId", "issuedAt", "finishedAt", "hasError", "errorMessage", "statement", "projectId", "queryTypeId")
    VALUES ('1542', '15', '2023-04-18 22:05:55.609626', '2023-04-18 22:05:57.609626', 'False', 'None', 'SELECT Movies.director, Reviews.rating FROM Movies RIGHT OUTER JOIN Reviews ON Movies.director = Reviews.rating;', '5', '1');
INSERT INTO "QueryColumnAccess" ("queryId", "columnId")
    VALUES ('1542', '5');
INSERT INTO "QueryColumnAccess" ("queryId", "columnId")
    VALUES ('1542', '4');
INSERT INTO "QueryTableAccess" ("queryId", "tableId")
    VALUES ('1542', '1');
INSERT INTO "QueryTableAccess" ("queryId", "tableId")
    VALUES ('1542', '3');
SELECT 'Theaters.theater_id', 'Screenings.theater_id' FROM Theaters RIGHT OUTER JOIN Screenings ON 'Theaters.theater_id' = 'Screenings.theater_id';
INSERT INTO "SqlQuery" ("queryId", "userId", "issuedAt", "finishedAt", "hasError", "errorMessage", "statement", "projectId", "queryTypeId")
    VALUES ('1543', '10', '2023-06-15 22:05:55.609635', '2023-06-15 22:05:59.609635', 'False', 'None', 'SELECT Theaters.theater_id, Screenings.theater_id FROM Theaters RIGHT OUTER JOIN Screenings ON Theaters.theater_id = Screenings.theater_id;', '5', '1');
INSERT INTO "QueryColumnAccess" ("queryId", "columnId")
    VALUES ('1543', '1');
INSERT INTO "QueryColumnAccess" ("queryId", "columnId")
    VALUES ('1543', '3');
INSERT INTO "QueryTableAccess" ("queryId", "tableId")
    VALUES ('1543', '4');
INSERT INTO "QueryTableAccess" ("queryId", "tableId")
    VALUES ('1543', '5');
SELECT 'Theaters.theater_name', 'Movies.duration' FROM Theaters NATURAL JOIN Movies ON 'Theaters.theater_name' = 'Movies.duration';
INSERT INTO "SqlQuery" ("queryId", "userId", "issuedAt", "finishedAt", "hasError", "errorMessage", "statement", "projectId", "queryTypeId")
    VALUES ('1544', '14', '2023-06-23 22:05:55.609644', '2023-06-23 22:05:59.609644', 'False', 'None', 'SELECT Theaters.theater_name, Movies.duration FROM Theaters NATURAL JOIN Movies ON Theaters.theater_name = Movies.duration;', '5', '1');
INSERT INTO "QueryColumnAccess" ("queryId", "columnId")
    VALUES ('1544', '2');
INSERT INTO "QueryColumnAccess" ("queryId", "columnId")
    VALUES ('1544', '6');
INSERT INTO "QueryTableAccess" ("queryId", "tableId")
    VALUES ('1544', '4');
INSERT INTO "QueryTableAccess" ("queryId", "tableId")
    VALUES ('1544', '1');
SELECT 'Reviews.review_id', 'Actors.first_name' FROM Reviews NATURAL JOIN Actors ON 'Reviews.review_id' = 'Actors.first_name';
INSERT INTO "SqlQuery" ("queryId", "userId", "issuedAt", "finishedAt", "hasError", "errorMessage", "statement", "projectId", "queryTypeId")
    VALUES ('1545', '4', '2023-07-07 22:05:55.609653', '2023-07-07 22:05:58.609653', 'False', 'None', 'SELECT Reviews.review_id, Actors.first_name FROM Reviews NATURAL JOIN Actors ON Reviews.review_id = Actors.first_name;', '5', '1');
INSERT INTO "QueryColumnAccess" ("queryId", "columnId")
    VALUES ('1545', '1');
INSERT INTO "QueryColumnAccess" ("queryId", "columnId")
    VALUES ('1545', '2');
INSERT INTO "QueryTableAccess" ("queryId", "tableId")
    VALUES ('1545', '3');
INSERT INTO "QueryTableAccess" ("queryId", "tableId")
    VALUES ('1545', '2');
SELECT 'Movies.title', 'Theaters.theater_id' FROM Movies RIGHT OUTER JOIN Theaters ON 'Movies.title' = 'Theaters.theater_id';
INSERT INTO "SqlQuery" ("queryId", "userId", "issuedAt", "finishedAt", "hasError", "errorMessage", "statement", "projectId", "queryTypeId")
    VALUES ('1546', '3', '2023-06-19 22:05:55.609662', '2023-06-19 22:05:58.609662', 'False', 'None', 'SELECT Movies.title, Theaters.theater_id FROM Movies RIGHT OUTER JOIN Theaters ON Movies.title = Theaters.theater_id;', '5', '1');
INSERT INTO "QueryColumnAccess" ("queryId", "columnId")
    VALUES ('1546', '2');
INSERT INTO "QueryColumnAccess" ("queryId", "columnId")
    VALUES ('1546', '1');
INSERT INTO "QueryTableAccess" ("queryId", "tableId")
    VALUES ('1546', '1');
INSERT INTO "QueryTableAccess" ("queryId", "tableId")
    VALUES ('1546', '4');
SELECT 'Screenings.start_time', 'Theaters.capacity' FROM Screenings LEFT OUTER JOIN Theaters ON 'Screenings.start_time' = 'Theaters.capacity';
INSERT INTO "SqlQuery" ("queryId", "userId", "issuedAt", "finishedAt", "hasError", "errorMessage", "statement", "projectId", "queryTypeId")
    VALUES ('1547', '12', '2023-06-25 22:05:55.609670', '2023-06-25 22:05:57.609670', 'False', 'None', 'SELECT Screenings.start_time, Theaters.capacity FROM Screenings LEFT OUTER JOIN Theaters ON Screenings.start_time = Theaters.capacity;', '5', '1');
INSERT INTO "QueryColumnAccess" ("queryId", "columnId")
    VALUES ('1547', '4');
INSERT INTO "QueryColumnAccess" ("queryId", "columnId")
    VALUES ('1547', '4');
INSERT INTO "QueryTableAccess" ("queryId", "tableId")
    VALUES ('1547', '5');
INSERT INTO "QueryTableAccess" ("queryId", "tableId")
    VALUES ('1547', '4');
SELECT 'Theaters.theater_id', 'Actors.last_name' FROM Theaters LEFT OUTER JOIN Actors ON 'Theaters.theater_id' = 'Actors.last_name';
INSERT INTO "SqlQuery" ("queryId", "userId", "issuedAt", "finishedAt", "hasError", "errorMessage", "statement", "projectId", "queryTypeId")
    VALUES ('1548', '5', '2023-04-19 22:05:55.609679', '2023-04-19 22:05:56.609679', 'False', 'None', 'SELECT Theaters.theater_id, Actors.last_name FROM Theaters LEFT OUTER JOIN Actors ON Theaters.theater_id = Actors.last_name;', '5', '1');
INSERT INTO "QueryColumnAccess" ("queryId", "columnId")
    VALUES ('1548', '1');
INSERT INTO "QueryColumnAccess" ("queryId", "columnId")
    VALUES ('1548', '3');
INSERT INTO "QueryTableAccess" ("queryId", "tableId")
    VALUES ('1548', '4');
INSERT INTO "QueryTableAccess" ("queryId", "tableId")
    VALUES ('1548', '2');
SELECT 'Screenings.movie_id', 'Theaters.location' FROM Screenings RIGHT OUTER JOIN Theaters ON 'Screenings.movie_id' = 'Theaters.location';
INSERT INTO "SqlQuery" ("queryId", "userId", "issuedAt", "finishedAt", "hasError", "errorMessage", "statement", "projectId", "queryTypeId")
    VALUES ('1549', '2', '2023-06-14 22:05:55.609688', '2023-06-14 22:05:56.609688', 'False', 'None', 'SELECT Screenings.movie_id, Theaters.location FROM Screenings RIGHT OUTER JOIN Theaters ON Screenings.movie_id = Theaters.location;', '5', '1');
INSERT INTO "QueryColumnAccess" ("queryId", "columnId")
    VALUES ('1549', '2');
INSERT INTO "QueryColumnAccess" ("queryId", "columnId")
    VALUES ('1549', '3');
INSERT INTO "QueryTableAccess" ("queryId", "tableId")
    VALUES ('1549', '5');
INSERT INTO "QueryTableAccess" ("queryId", "tableId")
    VALUES ('1549', '4');
SELECT 'Theaters.theater_id', 'Reviews.comment' FROM Theaters NATURAL JOIN Reviews ON 'Theaters.theater_id' = 'Reviews.comment';
INSERT INTO "SqlQuery" ("queryId", "userId", "issuedAt", "finishedAt", "hasError", "errorMessage", "statement", "projectId", "queryTypeId")
    VALUES ('1550', '5', '2023-05-05 22:05:55.609704', '2023-05-05 22:05:57.609704', 'False', 'None', 'SELECT Theaters.theater_id, Reviews.comment FROM Theaters NATURAL JOIN Reviews ON Theaters.theater_id = Reviews.comment;', '5', '1');
INSERT INTO "QueryColumnAccess" ("queryId", "columnId")
    VALUES ('1550', '1');
INSERT INTO "QueryColumnAccess" ("queryId", "columnId")
    VALUES ('1550', '5');
INSERT INTO "QueryTableAccess" ("queryId", "tableId")
    VALUES ('1550', '4');
INSERT INTO "QueryTableAccess" ("queryId", "tableId")
    VALUES ('1550', '3');
SELECT 'Screenings.ticket_price', 'Movies.movie_id' FROM Screenings RIGHT OUTER JOIN Movies ON 'Screenings.ticket_price' = 'Movies.movie_id';
INSERT INTO "SqlQuery" ("queryId", "userId", "issuedAt", "finishedAt", "hasError", "errorMessage", "statement", "projectId", "queryTypeId")
    VALUES ('1551', '11', '2023-07-01 22:05:55.609713', '2023-07-01 22:05:59.609713', 'False', 'None', 'SELECT Screenings.ticket_price, Movies.movie_id FROM Screenings RIGHT OUTER JOIN Movies ON Screenings.ticket_price = Movies.movie_id;', '5', '1');
INSERT INTO "QueryColumnAccess" ("queryId", "columnId")
    VALUES ('1551', '6');
INSERT INTO "QueryColumnAccess" ("queryId", "columnId")
    VALUES ('1551', '1');
INSERT INTO "QueryTableAccess" ("queryId", "tableId")
    VALUES ('1551', '5');
INSERT INTO "QueryTableAccess" ("queryId", "tableId")
    VALUES ('1551', '1');
SELECT 'Movies.rating', 'Screenings.start_time' FROM Movies NATURAL JOIN Screenings ON 'Movies.rating' = 'Screenings.start_time';
INSERT INTO "SqlQuery" ("queryId", "userId", "issuedAt", "finishedAt", "hasError", "errorMessage", "statement", "projectId", "queryTypeId")
    VALUES ('1552', '10', '2023-04-18 22:05:55.609723', '2023-04-18 22:05:58.609723', 'False', 'None', 'SELECT Movies.rating, Screenings.start_time FROM Movies NATURAL JOIN Screenings ON Movies.rating = Screenings.start_time;', '5', '1');
INSERT INTO "QueryColumnAccess" ("queryId", "columnId")
    VALUES ('1552', '7');
INSERT INTO "QueryColumnAccess" ("queryId", "columnId")
    VALUES ('1552', '4');
INSERT INTO "QueryTableAccess" ("queryId", "tableId")
    VALUES ('1552', '1');
INSERT INTO "QueryTableAccess" ("queryId", "tableId")
    VALUES ('1552', '5');
SELECT 'Reviews.user_id', 'Actors.gender' FROM Reviews RIGHT OUTER JOIN Actors ON 'Reviews.user_id' = 'Actors.gender';
INSERT INTO "SqlQuery" ("queryId", "userId", "issuedAt", "finishedAt", "hasError", "errorMessage", "statement", "projectId", "queryTypeId")
    VALUES ('1553', '15', '2023-04-29 22:05:55.609731', '2023-04-29 22:05:58.609731', 'False', 'None', 'SELECT Reviews.user_id, Actors.gender FROM Reviews RIGHT OUTER JOIN Actors ON Reviews.user_id = Actors.gender;', '5', '1');
INSERT INTO "QueryColumnAccess" ("queryId", "columnId")
    VALUES ('1553', '3');
INSERT INTO "QueryColumnAccess" ("queryId", "columnId")
    VALUES ('1553', '5');
INSERT INTO "QueryTableAccess" ("queryId", "tableId")
    VALUES ('1553', '3');
INSERT INTO "QueryTableAccess" ("queryId", "tableId")
    VALUES ('1553', '2');
SELECT 'Reviews.review_date', 'Screenings.theater_id' FROM Reviews RIGHT OUTER JOIN Screenings ON 'Reviews.review_date' = 'Screenings.theater_id';
INSERT INTO "SqlQuery" ("queryId", "userId", "issuedAt", "finishedAt", "hasError", "errorMessage", "statement", "projectId", "queryTypeId")
    VALUES ('1554', '14', '2023-07-10 22:05:55.609740', '2023-07-10 22:05:56.609740', 'False', 'None', 'SELECT Reviews.review_date, Screenings.theater_id FROM Reviews RIGHT OUTER JOIN Screenings ON Reviews.review_date = Screenings.theater_id;', '5', '1');
INSERT INTO "QueryColumnAccess" ("queryId", "columnId")
    VALUES ('1554', '6');
INSERT INTO "QueryColumnAccess" ("queryId", "columnId")
    VALUES ('1554', '3');
INSERT INTO "QueryTableAccess" ("queryId", "tableId")
    VALUES ('1554', '3');
INSERT INTO "QueryTableAccess" ("queryId", "tableId")
    VALUES ('1554', '5');
SELECT 'Screenings.ticket_price', 'Actors.date_of_birth' FROM Screenings LEFT OUTER JOIN Actors ON 'Screenings.ticket_price' = 'Actors.date_of_birth';
INSERT INTO "SqlQuery" ("queryId", "userId", "issuedAt", "finishedAt", "hasError", "errorMessage", "statement", "projectId", "queryTypeId")
    VALUES ('1555', '1', '2023-06-16 22:05:55.609749', '2023-06-16 22:05:57.609749', 'False', 'None', 'SELECT Screenings.ticket_price, Actors.date_of_birth FROM Screenings LEFT OUTER JOIN Actors ON Screenings.ticket_price = Actors.date_of_birth;', '5', '1');
INSERT INTO "QueryColumnAccess" ("queryId", "columnId")
    VALUES ('1555', '6');
INSERT INTO "QueryColumnAccess" ("queryId", "columnId")
    VALUES ('1555', '4');
INSERT INTO "QueryTableAccess" ("queryId", "tableId")
    VALUES ('1555', '5');
INSERT INTO "QueryTableAccess" ("queryId", "tableId")
    VALUES ('1555', '2');
SELECT 'Reviews.review_id', 'Screenings.ticket_price' FROM Reviews NATURAL JOIN Screenings ON 'Reviews.review_id' = 'Screenings.ticket_price';
INSERT INTO "SqlQuery" ("queryId", "userId", "issuedAt", "finishedAt", "hasError", "errorMessage", "statement", "projectId", "queryTypeId")
    VALUES ('1556', '14', '2023-05-21 22:05:55.609758', '2023-05-21 22:05:58.609758', 'False', 'None', 'SELECT Reviews.review_id, Screenings.ticket_price FROM Reviews NATURAL JOIN Screenings ON Reviews.review_id = Screenings.ticket_price;', '5', '1');
INSERT INTO "QueryColumnAccess" ("queryId", "columnId")
    VALUES ('1556', '1');
INSERT INTO "QueryColumnAccess" ("queryId", "columnId")
    VALUES ('1556', '6');
INSERT INTO "QueryTableAccess" ("queryId", "tableId")
    VALUES ('1556', '3');
INSERT INTO "QueryTableAccess" ("queryId", "tableId")
    VALUES ('1556', '5');
SELECT 'Reviews.movie_id', 'Theaters.location' FROM Reviews RIGHT OUTER JOIN Theaters ON 'Reviews.movie_id' = 'Theaters.location';
INSERT INTO "SqlQuery" ("queryId", "userId", "issuedAt", "finishedAt", "hasError", "errorMessage", "statement", "projectId", "queryTypeId")
    VALUES ('1557', '1', '2023-05-15 22:05:55.609767', '2023-05-15 22:05:59.609767', 'False', 'None', 'SELECT Reviews.movie_id, Theaters.location FROM Reviews RIGHT OUTER JOIN Theaters ON Reviews.movie_id = Theaters.location;', '5', '1');
INSERT INTO "QueryColumnAccess" ("queryId", "columnId")
    VALUES ('1557', '2');
INSERT INTO "QueryColumnAccess" ("queryId", "columnId")
    VALUES ('1557', '3');
INSERT INTO "QueryTableAccess" ("queryId", "tableId")
    VALUES ('1557', '3');
INSERT INTO "QueryTableAccess" ("queryId", "tableId")
    VALUES ('1557', '4');
SELECT 'Reviews.rating', 'Theaters.phone_number' FROM Reviews NATURAL JOIN Theaters ON 'Reviews.rating' = 'Theaters.phone_number';
INSERT INTO "SqlQuery" ("queryId", "userId", "issuedAt", "finishedAt", "hasError", "errorMessage", "statement", "projectId", "queryTypeId")
    VALUES ('1558', '2', '2023-04-19 22:05:55.609776', '2023-04-19 22:05:57.609776', 'False', 'None', 'SELECT Reviews.rating, Theaters.phone_number FROM Reviews NATURAL JOIN Theaters ON Reviews.rating = Theaters.phone_number;', '5', '1');
INSERT INTO "QueryColumnAccess" ("queryId", "columnId")
    VALUES ('1558', '4');
INSERT INTO "QueryColumnAccess" ("queryId", "columnId")
    VALUES ('1558', '5');
INSERT INTO "QueryTableAccess" ("queryId", "tableId")
    VALUES ('1558', '3');
INSERT INTO "QueryTableAccess" ("queryId", "tableId")
    VALUES ('1558', '4');
SELECT 'Movies.director', 'Screenings.theater_id' FROM Movies RIGHT OUTER JOIN Screenings ON 'Movies.director' = 'Screenings.theater_id';
INSERT INTO "SqlQuery" ("queryId", "userId", "issuedAt", "finishedAt", "hasError", "errorMessage", "statement", "projectId", "queryTypeId")
    VALUES ('1559', '4', '2023-05-07 22:05:55.609784', '2023-05-07 22:05:57.609784', 'False', 'None', 'SELECT Movies.director, Screenings.theater_id FROM Movies RIGHT OUTER JOIN Screenings ON Movies.director = Screenings.theater_id;', '5', '1');
INSERT INTO "QueryColumnAccess" ("queryId", "columnId")
    VALUES ('1559', '5');
INSERT INTO "QueryColumnAccess" ("queryId", "columnId")
    VALUES ('1559', '3');
INSERT INTO "QueryTableAccess" ("queryId", "tableId")
    VALUES ('1559', '1');
INSERT INTO "QueryTableAccess" ("queryId", "tableId")
    VALUES ('1559', '5');
SELECT 'Screenings.screening_id', 'Theaters.phone_number' FROM Screenings NATURAL JOIN Theaters ON 'Screenings.screening_id' = 'Theaters.phone_number';
INSERT INTO "SqlQuery" ("queryId", "userId", "issuedAt", "finishedAt", "hasError", "errorMessage", "statement", "projectId", "queryTypeId")
    VALUES ('1560', '4', '2023-06-21 22:05:55.609799', '2023-06-21 22:05:58.609799', 'False', 'None', 'SELECT Screenings.screening_id, Theaters.phone_number FROM Screenings NATURAL JOIN Theaters ON Screenings.screening_id = Theaters.phone_number;', '5', '1');
INSERT INTO "QueryColumnAccess" ("queryId", "columnId")
    VALUES ('1560', '1');
INSERT INTO "QueryColumnAccess" ("queryId", "columnId")
    VALUES ('1560', '5');
INSERT INTO "QueryTableAccess" ("queryId", "tableId")
    VALUES ('1560', '5');
INSERT INTO "QueryTableAccess" ("queryId", "tableId")
    VALUES ('1560', '4');
SELECT 'Actors.last_name', 'Movies.title' FROM Actors NATURAL JOIN Movies ON 'Actors.last_name' = 'Movies.title';
INSERT INTO "SqlQuery" ("queryId", "userId", "issuedAt", "finishedAt", "hasError", "errorMessage", "statement", "projectId", "queryTypeId")
    VALUES ('1561', '8', '2023-06-06 22:05:55.609808', '2023-06-06 22:05:58.609808', 'False', 'None', 'SELECT Actors.last_name, Movies.title FROM Actors NATURAL JOIN Movies ON Actors.last_name = Movies.title;', '5', '1');
INSERT INTO "QueryColumnAccess" ("queryId", "columnId")
    VALUES ('1561', '3');
INSERT INTO "QueryColumnAccess" ("queryId", "columnId")
    VALUES ('1561', '2');
INSERT INTO "QueryTableAccess" ("queryId", "tableId")
    VALUES ('1561', '2');
INSERT INTO "QueryTableAccess" ("queryId", "tableId")
    VALUES ('1561', '1');
SELECT 'Movies.duration', 'Theaters.capacity' FROM Movies RIGHT OUTER JOIN Theaters ON 'Movies.duration' = 'Theaters.capacity';
INSERT INTO "SqlQuery" ("queryId", "userId", "issuedAt", "finishedAt", "hasError", "errorMessage", "statement", "projectId", "queryTypeId")
    VALUES ('1562', '14', '2023-04-24 22:05:55.609817', '2023-04-24 22:05:57.609817', 'False', 'None', 'SELECT Movies.duration, Theaters.capacity FROM Movies RIGHT OUTER JOIN Theaters ON Movies.duration = Theaters.capacity;', '5', '1');
INSERT INTO "QueryColumnAccess" ("queryId", "columnId")
    VALUES ('1562', '6');
INSERT INTO "QueryColumnAccess" ("queryId", "columnId")
    VALUES ('1562', '4');
INSERT INTO "QueryTableAccess" ("queryId", "tableId")
    VALUES ('1562', '1');
INSERT INTO "QueryTableAccess" ("queryId", "tableId")
    VALUES ('1562', '4');
SELECT 'Screenings.ticket_price', 'Reviews.user_id' FROM Screenings RIGHT OUTER JOIN Reviews ON 'Screenings.ticket_price' = 'Reviews.user_id';
INSERT INTO "SqlQuery" ("queryId", "userId", "issuedAt", "finishedAt", "hasError", "errorMessage", "statement", "projectId", "queryTypeId")
    VALUES ('1563', '4', '2023-06-24 22:05:55.609825', '2023-06-24 22:05:57.609825', 'False', 'None', 'SELECT Screenings.ticket_price, Reviews.user_id FROM Screenings RIGHT OUTER JOIN Reviews ON Screenings.ticket_price = Reviews.user_id;', '5', '1');
INSERT INTO "QueryColumnAccess" ("queryId", "columnId")
    VALUES ('1563', '6');
INSERT INTO "QueryColumnAccess" ("queryId", "columnId")
    VALUES ('1563', '3');
INSERT INTO "QueryTableAccess" ("queryId", "tableId")
    VALUES ('1563', '5');
INSERT INTO "QueryTableAccess" ("queryId", "tableId")
    VALUES ('1563', '3');
SELECT 'Screenings.start_time', 'Actors.date_of_birth' FROM Screenings NATURAL JOIN Actors ON 'Screenings.start_time' = 'Actors.date_of_birth';
INSERT INTO "SqlQuery" ("queryId", "userId", "issuedAt", "finishedAt", "hasError", "errorMessage", "statement", "projectId", "queryTypeId")
    VALUES ('1564', '8', '2023-06-13 22:05:55.609834', '2023-06-13 22:05:59.609834', 'False', 'None', 'SELECT Screenings.start_time, Actors.date_of_birth FROM Screenings NATURAL JOIN Actors ON Screenings.start_time = Actors.date_of_birth;', '5', '1');
INSERT INTO "QueryColumnAccess" ("queryId", "columnId")
    VALUES ('1564', '4');
INSERT INTO "QueryColumnAccess" ("queryId", "columnId")
    VALUES ('1564', '4');
INSERT INTO "QueryTableAccess" ("queryId", "tableId")
    VALUES ('1564', '5');
INSERT INTO "QueryTableAccess" ("queryId", "tableId")
    VALUES ('1564', '2');
SELECT 'Screenings.theater_id', 'Movies.title' FROM Screenings NATURAL JOIN Movies ON 'Screenings.theater_id' = 'Movies.title';
INSERT INTO "SqlQuery" ("queryId", "userId", "issuedAt", "finishedAt", "hasError", "errorMessage", "statement", "projectId", "queryTypeId")
    VALUES ('1565', '7', '2023-04-25 22:05:55.609843', '2023-04-25 22:05:58.609843', 'False', 'None', 'SELECT Screenings.theater_id, Movies.title FROM Screenings NATURAL JOIN Movies ON Screenings.theater_id = Movies.title;', '5', '1');
INSERT INTO "QueryColumnAccess" ("queryId", "columnId")
    VALUES ('1565', '3');
INSERT INTO "QueryColumnAccess" ("queryId", "columnId")
    VALUES ('1565', '2');
INSERT INTO "QueryTableAccess" ("queryId", "tableId")
    VALUES ('1565', '5');
INSERT INTO "QueryTableAccess" ("queryId", "tableId")
    VALUES ('1565', '1');
SELECT 'Screenings.ticket_price', 'Theaters.phone_number' FROM Screenings RIGHT OUTER JOIN Theaters ON 'Screenings.ticket_price' = 'Theaters.phone_number';
INSERT INTO "SqlQuery" ("queryId", "userId", "issuedAt", "finishedAt", "hasError", "errorMessage", "statement", "projectId", "queryTypeId")
    VALUES ('1566', '13', '2023-04-18 22:05:55.609852', '2023-04-18 22:05:59.609852', 'False', 'None', 'SELECT Screenings.ticket_price, Theaters.phone_number FROM Screenings RIGHT OUTER JOIN Theaters ON Screenings.ticket_price = Theaters.phone_number;', '5', '1');
INSERT INTO "QueryColumnAccess" ("queryId", "columnId")
    VALUES ('1566', '6');
INSERT INTO "QueryColumnAccess" ("queryId", "columnId")
    VALUES ('1566', '5');
INSERT INTO "QueryTableAccess" ("queryId", "tableId")
    VALUES ('1566', '5');
INSERT INTO "QueryTableAccess" ("queryId", "tableId")
    VALUES ('1566', '4');
SELECT 'Reviews.review_date', 'Actors.last_name' FROM Reviews NATURAL JOIN Actors ON 'Reviews.review_date' = 'Actors.last_name';
INSERT INTO "SqlQuery" ("queryId", "userId", "issuedAt", "finishedAt", "hasError", "errorMessage", "statement", "projectId", "queryTypeId")
    VALUES ('1567', '15', '2023-06-04 22:05:55.609864', '2023-06-04 22:05:56.609864', 'False', 'None', 'SELECT Reviews.review_date, Actors.last_name FROM Reviews NATURAL JOIN Actors ON Reviews.review_date = Actors.last_name;', '5', '1');
INSERT INTO "QueryColumnAccess" ("queryId", "columnId")
    VALUES ('1567', '6');
INSERT INTO "QueryColumnAccess" ("queryId", "columnId")
    VALUES ('1567', '3');
INSERT INTO "QueryTableAccess" ("queryId", "tableId")
    VALUES ('1567', '3');
INSERT INTO "QueryTableAccess" ("queryId", "tableId")
    VALUES ('1567', '2');
SELECT 'Movies.release_date', 'Actors.date_of_birth' FROM Movies NATURAL JOIN Actors ON 'Movies.release_date' = 'Actors.date_of_birth';
INSERT INTO "SqlQuery" ("queryId", "userId", "issuedAt", "finishedAt", "hasError", "errorMessage", "statement", "projectId", "queryTypeId")
    VALUES ('1568', '1', '2023-06-23 22:05:55.609872', '2023-06-23 22:05:57.609872', 'False', 'None', 'SELECT Movies.release_date, Actors.date_of_birth FROM Movies NATURAL JOIN Actors ON Movies.release_date = Actors.date_of_birth;', '5', '1');
INSERT INTO "QueryColumnAccess" ("queryId", "columnId")
    VALUES ('1568', '3');
INSERT INTO "QueryColumnAccess" ("queryId", "columnId")
    VALUES ('1568', '4');
INSERT INTO "QueryTableAccess" ("queryId", "tableId")
    VALUES ('1568', '1');
INSERT INTO "QueryTableAccess" ("queryId", "tableId")
    VALUES ('1568', '2');
SELECT 'Reviews.rating', 'Screenings.ticket_price' FROM Reviews RIGHT OUTER JOIN Screenings ON 'Reviews.rating' = 'Screenings.ticket_price';
INSERT INTO "SqlQuery" ("queryId", "userId", "issuedAt", "finishedAt", "hasError", "errorMessage", "statement", "projectId", "queryTypeId")
    VALUES ('1569', '14', '2023-06-04 22:05:55.609884', '2023-06-04 22:05:59.609884', 'False', 'None', 'SELECT Reviews.rating, Screenings.ticket_price FROM Reviews RIGHT OUTER JOIN Screenings ON Reviews.rating = Screenings.ticket_price;', '5', '1');
INSERT INTO "QueryColumnAccess" ("queryId", "columnId")
    VALUES ('1569', '4');
INSERT INTO "QueryColumnAccess" ("queryId", "columnId")
    VALUES ('1569', '6');
INSERT INTO "QueryTableAccess" ("queryId", "tableId")
    VALUES ('1569', '3');
INSERT INTO "QueryTableAccess" ("queryId", "tableId")
    VALUES ('1569', '5');
SELECT 'Movies.genre', 'Reviews.movie_id' FROM Movies LEFT OUTER JOIN Reviews ON 'Movies.genre' = 'Reviews.movie_id';
INSERT INTO "SqlQuery" ("queryId", "userId", "issuedAt", "finishedAt", "hasError", "errorMessage", "statement", "projectId", "queryTypeId")
    VALUES ('1570', '11', '2023-06-11 22:05:55.609893', '2023-06-11 22:05:58.609893', 'False', 'None', 'SELECT Movies.genre, Reviews.movie_id FROM Movies LEFT OUTER JOIN Reviews ON Movies.genre = Reviews.movie_id;', '5', '1');
INSERT INTO "QueryColumnAccess" ("queryId", "columnId")
    VALUES ('1570', '4');
INSERT INTO "QueryColumnAccess" ("queryId", "columnId")
    VALUES ('1570', '2');
INSERT INTO "QueryTableAccess" ("queryId", "tableId")
    VALUES ('1570', '1');
INSERT INTO "QueryTableAccess" ("queryId", "tableId")
    VALUES ('1570', '3');
SELECT 'Screenings.theater_id', 'Reviews.rating' FROM Screenings RIGHT OUTER JOIN Reviews ON 'Screenings.theater_id' = 'Reviews.rating';
INSERT INTO "SqlQuery" ("queryId", "userId", "issuedAt", "finishedAt", "hasError", "errorMessage", "statement", "projectId", "queryTypeId")
    VALUES ('1571', '6', '2023-05-13 22:05:55.609902', '2023-05-13 22:05:56.609902', 'False', 'None', 'SELECT Screenings.theater_id, Reviews.rating FROM Screenings RIGHT OUTER JOIN Reviews ON Screenings.theater_id = Reviews.rating;', '5', '1');
INSERT INTO "QueryColumnAccess" ("queryId", "columnId")
    VALUES ('1571', '3');
INSERT INTO "QueryColumnAccess" ("queryId", "columnId")
    VALUES ('1571', '4');
INSERT INTO "QueryTableAccess" ("queryId", "tableId")
    VALUES ('1571', '5');
INSERT INTO "QueryTableAccess" ("queryId", "tableId")
    VALUES ('1571', '3');
SELECT 'Theaters.location', 'Screenings.end_time' FROM Theaters NATURAL JOIN Screenings ON 'Theaters.location' = 'Screenings.end_time';
INSERT INTO "SqlQuery" ("queryId", "userId", "issuedAt", "finishedAt", "hasError", "errorMessage", "statement", "projectId", "queryTypeId")
    VALUES ('1572', '8', '2023-05-07 22:05:55.609911', '2023-05-07 22:05:59.609911', 'False', 'None', 'SELECT Theaters.location, Screenings.end_time FROM Theaters NATURAL JOIN Screenings ON Theaters.location = Screenings.end_time;', '5', '1');
INSERT INTO "QueryColumnAccess" ("queryId", "columnId")
    VALUES ('1572', '3');
INSERT INTO "QueryColumnAccess" ("queryId", "columnId")
    VALUES ('1572', '5');
INSERT INTO "QueryTableAccess" ("queryId", "tableId")
    VALUES ('1572', '4');
INSERT INTO "QueryTableAccess" ("queryId", "tableId")
    VALUES ('1572', '5');
SELECT 'Reviews.rating', 'Movies.director' FROM Reviews NATURAL JOIN Movies ON 'Reviews.rating' = 'Movies.director';
INSERT INTO "SqlQuery" ("queryId", "userId", "issuedAt", "finishedAt", "hasError", "errorMessage", "statement", "projectId", "queryTypeId")
    VALUES ('1573', '14', '2023-04-27 22:05:55.609919', '2023-04-27 22:05:57.609919', 'False', 'None', 'SELECT Reviews.rating, Movies.director FROM Reviews NATURAL JOIN Movies ON Reviews.rating = Movies.director;', '5', '1');
INSERT INTO "QueryColumnAccess" ("queryId", "columnId")
    VALUES ('1573', '4');
INSERT INTO "QueryColumnAccess" ("queryId", "columnId")
    VALUES ('1573', '5');
INSERT INTO "QueryTableAccess" ("queryId", "tableId")
    VALUES ('1573', '3');
INSERT INTO "QueryTableAccess" ("queryId", "tableId")
    VALUES ('1573', '1');
SELECT 'Theaters.capacity', 'Movies.director' FROM Theaters RIGHT OUTER JOIN Movies ON 'Theaters.capacity' = 'Movies.director';
INSERT INTO "SqlQuery" ("queryId", "userId", "issuedAt", "finishedAt", "hasError", "errorMessage", "statement", "projectId", "queryTypeId")
    VALUES ('1574', '2', '2023-04-23 22:05:55.609928', '2023-04-23 22:05:56.609928', 'False', 'None', 'SELECT Theaters.capacity, Movies.director FROM Theaters RIGHT OUTER JOIN Movies ON Theaters.capacity = Movies.director;', '5', '1');
INSERT INTO "QueryColumnAccess" ("queryId", "columnId")
    VALUES ('1574', '4');
INSERT INTO "QueryColumnAccess" ("queryId", "columnId")
    VALUES ('1574', '5');
INSERT INTO "QueryTableAccess" ("queryId", "tableId")
    VALUES ('1574', '4');
INSERT INTO "QueryTableAccess" ("queryId", "tableId")
    VALUES ('1574', '1');
SELECT 'Movies.rating', 'Theaters.location' FROM Movies LEFT OUTER JOIN Theaters ON 'Movies.rating' = 'Theaters.location';
INSERT INTO "SqlQuery" ("queryId", "userId", "issuedAt", "finishedAt", "hasError", "errorMessage", "statement", "projectId", "queryTypeId")
    VALUES ('1575', '11', '2023-06-02 22:05:55.609937', '2023-06-02 22:05:57.609937', 'False', 'None', 'SELECT Movies.rating, Theaters.location FROM Movies LEFT OUTER JOIN Theaters ON Movies.rating = Theaters.location;', '5', '1');
INSERT INTO "QueryColumnAccess" ("queryId", "columnId")
    VALUES ('1575', '7');
INSERT INTO "QueryColumnAccess" ("queryId", "columnId")
    VALUES ('1575', '3');
INSERT INTO "QueryTableAccess" ("queryId", "tableId")
    VALUES ('1575', '1');
INSERT INTO "QueryTableAccess" ("queryId", "tableId")
    VALUES ('1575', '4');
SELECT 'Theaters.theater_name', 'Reviews.rating' FROM Theaters RIGHT OUTER JOIN Reviews ON 'Theaters.theater_name' = 'Reviews.rating';
INSERT INTO "SqlQuery" ("queryId", "userId", "issuedAt", "finishedAt", "hasError", "errorMessage", "statement", "projectId", "queryTypeId")
    VALUES ('1576', '3', '2023-05-05 22:05:55.609946', '2023-05-05 22:05:59.609946', 'False', 'None', 'SELECT Theaters.theater_name, Reviews.rating FROM Theaters RIGHT OUTER JOIN Reviews ON Theaters.theater_name = Reviews.rating;', '5', '1');
INSERT INTO "QueryColumnAccess" ("queryId", "columnId")
    VALUES ('1576', '2');
INSERT INTO "QueryColumnAccess" ("queryId", "columnId")
    VALUES ('1576', '4');
INSERT INTO "QueryTableAccess" ("queryId", "tableId")
    VALUES ('1576', '4');
INSERT INTO "QueryTableAccess" ("queryId", "tableId")
    VALUES ('1576', '3');
SELECT 'Theaters.location', 'Reviews.comment' FROM Theaters RIGHT OUTER JOIN Reviews ON 'Theaters.location' = 'Reviews.comment';
INSERT INTO "SqlQuery" ("queryId", "userId", "issuedAt", "finishedAt", "hasError", "errorMessage", "statement", "projectId", "queryTypeId")
    VALUES ('1577', '15', '2023-05-04 22:05:55.609954', '2023-05-04 22:05:59.609954', 'False', 'None', 'SELECT Theaters.location, Reviews.comment FROM Theaters RIGHT OUTER JOIN Reviews ON Theaters.location = Reviews.comment;', '5', '1');
INSERT INTO "QueryColumnAccess" ("queryId", "columnId")
    VALUES ('1577', '3');
INSERT INTO "QueryColumnAccess" ("queryId", "columnId")
    VALUES ('1577', '5');
INSERT INTO "QueryTableAccess" ("queryId", "tableId")
    VALUES ('1577', '4');
INSERT INTO "QueryTableAccess" ("queryId", "tableId")
    VALUES ('1577', '3');
SELECT 'Actors.last_name', 'Theaters.theater_id' FROM Actors NATURAL JOIN Theaters ON 'Actors.last_name' = 'Theaters.theater_id';
INSERT INTO "SqlQuery" ("queryId", "userId", "issuedAt", "finishedAt", "hasError", "errorMessage", "statement", "projectId", "queryTypeId")
    VALUES ('1578', '6', '2023-05-20 22:05:55.609963', '2023-05-20 22:05:59.609963', 'False', 'None', 'SELECT Actors.last_name, Theaters.theater_id FROM Actors NATURAL JOIN Theaters ON Actors.last_name = Theaters.theater_id;', '5', '1');
INSERT INTO "QueryColumnAccess" ("queryId", "columnId")
    VALUES ('1578', '3');
INSERT INTO "QueryColumnAccess" ("queryId", "columnId")
    VALUES ('1578', '1');
INSERT INTO "QueryTableAccess" ("queryId", "tableId")
    VALUES ('1578', '2');
INSERT INTO "QueryTableAccess" ("queryId", "tableId")
    VALUES ('1578', '4');
SELECT 'Reviews.comment', 'Theaters.location' FROM Reviews NATURAL JOIN Theaters ON 'Reviews.comment' = 'Theaters.location';
INSERT INTO "SqlQuery" ("queryId", "userId", "issuedAt", "finishedAt", "hasError", "errorMessage", "statement", "projectId", "queryTypeId")
    VALUES ('1579', '7', '2023-04-21 22:05:55.609977', '2023-04-21 22:05:57.609977', 'False', 'None', 'SELECT Reviews.comment, Theaters.location FROM Reviews NATURAL JOIN Theaters ON Reviews.comment = Theaters.location;', '5', '1');
INSERT INTO "QueryColumnAccess" ("queryId", "columnId")
    VALUES ('1579', '5');
INSERT INTO "QueryColumnAccess" ("queryId", "columnId")
    VALUES ('1579', '3');
INSERT INTO "QueryTableAccess" ("queryId", "tableId")
    VALUES ('1579', '3');
INSERT INTO "QueryTableAccess" ("queryId", "tableId")
    VALUES ('1579', '4');
SELECT 'Reviews.user_id', 'Theaters.location' FROM Reviews RIGHT OUTER JOIN Theaters ON 'Reviews.user_id' = 'Theaters.location';
INSERT INTO "SqlQuery" ("queryId", "userId", "issuedAt", "finishedAt", "hasError", "errorMessage", "statement", "projectId", "queryTypeId")
    VALUES ('1580', '2', '2023-05-26 22:05:55.609986', '2023-05-26 22:05:59.609986', 'False', 'None', 'SELECT Reviews.user_id, Theaters.location FROM Reviews RIGHT OUTER JOIN Theaters ON Reviews.user_id = Theaters.location;', '5', '1');
INSERT INTO "QueryColumnAccess" ("queryId", "columnId")
    VALUES ('1580', '3');
INSERT INTO "QueryColumnAccess" ("queryId", "columnId")
    VALUES ('1580', '3');
INSERT INTO "QueryTableAccess" ("queryId", "tableId")
    VALUES ('1580', '3');
INSERT INTO "QueryTableAccess" ("queryId", "tableId")
    VALUES ('1580', '4');
SELECT 'Actors.actor_id', 'Theaters.theater_id' FROM Actors NATURAL JOIN Theaters ON 'Actors.actor_id' = 'Theaters.theater_id';
INSERT INTO "SqlQuery" ("queryId", "userId", "issuedAt", "finishedAt", "hasError", "errorMessage", "statement", "projectId", "queryTypeId")
    VALUES ('1581', '13', '2023-07-06 22:05:55.609995', '2023-07-06 22:05:56.609995', 'False', 'None', 'SELECT Actors.actor_id, Theaters.theater_id FROM Actors NATURAL JOIN Theaters ON Actors.actor_id = Theaters.theater_id;', '5', '1');
INSERT INTO "QueryColumnAccess" ("queryId", "columnId")
    VALUES ('1581', '1');
INSERT INTO "QueryColumnAccess" ("queryId", "columnId")
    VALUES ('1581', '1');
INSERT INTO "QueryTableAccess" ("queryId", "tableId")
    VALUES ('1581', '2');
INSERT INTO "QueryTableAccess" ("queryId", "tableId")
    VALUES ('1581', '4');
SELECT 'Reviews.review_id', 'Movies.movie_id' FROM Reviews LEFT OUTER JOIN Movies ON 'Reviews.review_id' = 'Movies.movie_id';
INSERT INTO "SqlQuery" ("queryId", "userId", "issuedAt", "finishedAt", "hasError", "errorMessage", "statement", "projectId", "queryTypeId")
    VALUES ('1582', '15', '2023-04-13 22:05:55.610004', '2023-04-13 22:05:57.610004', 'False', 'None', 'SELECT Reviews.review_id, Movies.movie_id FROM Reviews LEFT OUTER JOIN Movies ON Reviews.review_id = Movies.movie_id;', '5', '1');
INSERT INTO "QueryColumnAccess" ("queryId", "columnId")
    VALUES ('1582', '1');
INSERT INTO "QueryColumnAccess" ("queryId", "columnId")
    VALUES ('1582', '1');
INSERT INTO "QueryTableAccess" ("queryId", "tableId")
    VALUES ('1582', '3');
INSERT INTO "QueryTableAccess" ("queryId", "tableId")
    VALUES ('1582', '1');
SELECT 'Screenings.theater_id', 'Actors.first_name' FROM Screenings RIGHT OUTER JOIN Actors ON 'Screenings.theater_id' = 'Actors.first_name';
INSERT INTO "SqlQuery" ("queryId", "userId", "issuedAt", "finishedAt", "hasError", "errorMessage", "statement", "projectId", "queryTypeId")
    VALUES ('1583', '5', '2023-05-10 22:05:55.610012', '2023-05-10 22:05:58.610012', 'False', 'None', 'SELECT Screenings.theater_id, Actors.first_name FROM Screenings RIGHT OUTER JOIN Actors ON Screenings.theater_id = Actors.first_name;', '5', '1');
INSERT INTO "QueryColumnAccess" ("queryId", "columnId")
    VALUES ('1583', '3');
INSERT INTO "QueryColumnAccess" ("queryId", "columnId")
    VALUES ('1583', '2');
INSERT INTO "QueryTableAccess" ("queryId", "tableId")
    VALUES ('1583', '5');
INSERT INTO "QueryTableAccess" ("queryId", "tableId")
    VALUES ('1583', '2');
SELECT 'Screenings.end_time', 'Movies.release_date' FROM Screenings NATURAL JOIN Movies ON 'Screenings.end_time' = 'Movies.release_date';
INSERT INTO "SqlQuery" ("queryId", "userId", "issuedAt", "finishedAt", "hasError", "errorMessage", "statement", "projectId", "queryTypeId")
    VALUES ('1584', '9', '2023-07-09 22:05:55.610021', '2023-07-09 22:05:56.610021', 'False', 'None', 'SELECT Screenings.end_time, Movies.release_date FROM Screenings NATURAL JOIN Movies ON Screenings.end_time = Movies.release_date;', '5', '1');
INSERT INTO "QueryColumnAccess" ("queryId", "columnId")
    VALUES ('1584', '5');
INSERT INTO "QueryColumnAccess" ("queryId", "columnId")
    VALUES ('1584', '3');
INSERT INTO "QueryTableAccess" ("queryId", "tableId")
    VALUES ('1584', '5');
INSERT INTO "QueryTableAccess" ("queryId", "tableId")
    VALUES ('1584', '1');
SELECT 'Reviews.review_date', 'Actors.gender' FROM Reviews NATURAL JOIN Actors ON 'Reviews.review_date' = 'Actors.gender';
INSERT INTO "SqlQuery" ("queryId", "userId", "issuedAt", "finishedAt", "hasError", "errorMessage", "statement", "projectId", "queryTypeId")
    VALUES ('1585', '15', '2023-06-25 22:05:55.610030', '2023-06-25 22:05:56.610030', 'False', 'None', 'SELECT Reviews.review_date, Actors.gender FROM Reviews NATURAL JOIN Actors ON Reviews.review_date = Actors.gender;', '5', '1');
INSERT INTO "QueryColumnAccess" ("queryId", "columnId")
    VALUES ('1585', '6');
INSERT INTO "QueryColumnAccess" ("queryId", "columnId")
    VALUES ('1585', '5');
INSERT INTO "QueryTableAccess" ("queryId", "tableId")
    VALUES ('1585', '3');
INSERT INTO "QueryTableAccess" ("queryId", "tableId")
    VALUES ('1585', '2');
SELECT 'Reviews.comment', 'Screenings.ticket_price' FROM Reviews RIGHT OUTER JOIN Screenings ON 'Reviews.comment' = 'Screenings.ticket_price';
INSERT INTO "SqlQuery" ("queryId", "userId", "issuedAt", "finishedAt", "hasError", "errorMessage", "statement", "projectId", "queryTypeId")
    VALUES ('1586', '6', '2023-04-18 22:05:55.610038', '2023-04-18 22:05:56.610038', 'False', 'None', 'SELECT Reviews.comment, Screenings.ticket_price FROM Reviews RIGHT OUTER JOIN Screenings ON Reviews.comment = Screenings.ticket_price;', '5', '1');
INSERT INTO "QueryColumnAccess" ("queryId", "columnId")
    VALUES ('1586', '5');
INSERT INTO "QueryColumnAccess" ("queryId", "columnId")
    VALUES ('1586', '6');
INSERT INTO "QueryTableAccess" ("queryId", "tableId")
    VALUES ('1586', '3');
INSERT INTO "QueryTableAccess" ("queryId", "tableId")
    VALUES ('1586', '5');
SELECT 'Actors.gender', 'Theaters.location' FROM Actors LEFT OUTER JOIN Theaters ON 'Actors.gender' = 'Theaters.location';
INSERT INTO "SqlQuery" ("queryId", "userId", "issuedAt", "finishedAt", "hasError", "errorMessage", "statement", "projectId", "queryTypeId")
    VALUES ('1587', '15', '2023-05-27 22:05:55.610047', '2023-05-27 22:05:59.610047', 'False', 'None', 'SELECT Actors.gender, Theaters.location FROM Actors LEFT OUTER JOIN Theaters ON Actors.gender = Theaters.location;', '5', '1');
INSERT INTO "QueryColumnAccess" ("queryId", "columnId")
    VALUES ('1587', '5');
INSERT INTO "QueryColumnAccess" ("queryId", "columnId")
    VALUES ('1587', '3');
INSERT INTO "QueryTableAccess" ("queryId", "tableId")
    VALUES ('1587', '2');
INSERT INTO "QueryTableAccess" ("queryId", "tableId")
    VALUES ('1587', '4');
SELECT 'Reviews.user_id', 'Screenings.movie_id' FROM Reviews LEFT OUTER JOIN Screenings ON 'Reviews.user_id' = 'Screenings.movie_id';
INSERT INTO "SqlQuery" ("queryId", "userId", "issuedAt", "finishedAt", "hasError", "errorMessage", "statement", "projectId", "queryTypeId")
    VALUES ('1588', '11', '2023-06-17 22:05:55.610056', '2023-06-17 22:05:58.610056', 'False', 'None', 'SELECT Reviews.user_id, Screenings.movie_id FROM Reviews LEFT OUTER JOIN Screenings ON Reviews.user_id = Screenings.movie_id;', '5', '1');
INSERT INTO "QueryColumnAccess" ("queryId", "columnId")
    VALUES ('1588', '3');
INSERT INTO "QueryColumnAccess" ("queryId", "columnId")
    VALUES ('1588', '2');
INSERT INTO "QueryTableAccess" ("queryId", "tableId")
    VALUES ('1588', '3');
INSERT INTO "QueryTableAccess" ("queryId", "tableId")
    VALUES ('1588', '5');
SELECT 'Actors.last_name', 'Movies.genre' FROM Actors NATURAL JOIN Movies ON 'Actors.last_name' = 'Movies.genre';
INSERT INTO "SqlQuery" ("queryId", "userId", "issuedAt", "finishedAt", "hasError", "errorMessage", "statement", "projectId", "queryTypeId")
    VALUES ('1589', '2', '2023-06-01 22:05:55.610071', '2023-06-01 22:05:59.610071', 'False', 'None', 'SELECT Actors.last_name, Movies.genre FROM Actors NATURAL JOIN Movies ON Actors.last_name = Movies.genre;', '5', '1');
INSERT INTO "QueryColumnAccess" ("queryId", "columnId")
    VALUES ('1589', '3');
INSERT INTO "QueryColumnAccess" ("queryId", "columnId")
    VALUES ('1589', '4');
INSERT INTO "QueryTableAccess" ("queryId", "tableId")
    VALUES ('1589', '2');
INSERT INTO "QueryTableAccess" ("queryId", "tableId")
    VALUES ('1589', '1');
SELECT 'Screenings.movie_id', 'Theaters.theater_id' FROM Screenings LEFT OUTER JOIN Theaters ON 'Screenings.movie_id' = 'Theaters.theater_id';
INSERT INTO "SqlQuery" ("queryId", "userId", "issuedAt", "finishedAt", "hasError", "errorMessage", "statement", "projectId", "queryTypeId")
    VALUES ('1590', '13', '2023-06-07 22:05:55.610080', '2023-06-07 22:05:56.610080', 'False', 'None', 'SELECT Screenings.movie_id, Theaters.theater_id FROM Screenings LEFT OUTER JOIN Theaters ON Screenings.movie_id = Theaters.theater_id;', '5', '1');
INSERT INTO "QueryColumnAccess" ("queryId", "columnId")
    VALUES ('1590', '2');
INSERT INTO "QueryColumnAccess" ("queryId", "columnId")
    VALUES ('1590', '1');
INSERT INTO "QueryTableAccess" ("queryId", "tableId")
    VALUES ('1590', '5');
INSERT INTO "QueryTableAccess" ("queryId", "tableId")
    VALUES ('1590', '4');
SELECT 'Actors.nationality', 'Theaters.location' FROM Actors LEFT OUTER JOIN Theaters ON 'Actors.nationality' = 'Theaters.location';
INSERT INTO "SqlQuery" ("queryId", "userId", "issuedAt", "finishedAt", "hasError", "errorMessage", "statement", "projectId", "queryTypeId")
    VALUES ('1591', '13', '2023-06-21 22:05:55.610089', '2023-06-21 22:05:59.610089', 'False', 'None', 'SELECT Actors.nationality, Theaters.location FROM Actors LEFT OUTER JOIN Theaters ON Actors.nationality = Theaters.location;', '5', '1');
INSERT INTO "QueryColumnAccess" ("queryId", "columnId")
    VALUES ('1591', '6');
INSERT INTO "QueryColumnAccess" ("queryId", "columnId")
    VALUES ('1591', '3');
INSERT INTO "QueryTableAccess" ("queryId", "tableId")
    VALUES ('1591', '2');
INSERT INTO "QueryTableAccess" ("queryId", "tableId")
    VALUES ('1591', '4');
SELECT 'Movies.genre', 'Theaters.phone_number' FROM Movies RIGHT OUTER JOIN Theaters ON 'Movies.genre' = 'Theaters.phone_number';
INSERT INTO "SqlQuery" ("queryId", "userId", "issuedAt", "finishedAt", "hasError", "errorMessage", "statement", "projectId", "queryTypeId")
    VALUES ('1592', '14', '2023-07-10 22:05:55.610098', '2023-07-10 22:05:57.610098', 'False', 'None', 'SELECT Movies.genre, Theaters.phone_number FROM Movies RIGHT OUTER JOIN Theaters ON Movies.genre = Theaters.phone_number;', '5', '1');
INSERT INTO "QueryColumnAccess" ("queryId", "columnId")
    VALUES ('1592', '4');
INSERT INTO "QueryColumnAccess" ("queryId", "columnId")
    VALUES ('1592', '5');
INSERT INTO "QueryTableAccess" ("queryId", "tableId")
    VALUES ('1592', '1');
INSERT INTO "QueryTableAccess" ("queryId", "tableId")
    VALUES ('1592', '4');
SELECT 'Screenings.screening_id', 'Movies.duration' FROM Screenings NATURAL JOIN Movies ON 'Screenings.screening_id' = 'Movies.duration';
INSERT INTO "SqlQuery" ("queryId", "userId", "issuedAt", "finishedAt", "hasError", "errorMessage", "statement", "projectId", "queryTypeId")
    VALUES ('1593', '14', '2023-05-25 22:05:55.610107', '2023-05-25 22:05:57.610107', 'False', 'None', 'SELECT Screenings.screening_id, Movies.duration FROM Screenings NATURAL JOIN Movies ON Screenings.screening_id = Movies.duration;', '5', '1');
INSERT INTO "QueryColumnAccess" ("queryId", "columnId")
    VALUES ('1593', '1');
INSERT INTO "QueryColumnAccess" ("queryId", "columnId")
    VALUES ('1593', '6');
INSERT INTO "QueryTableAccess" ("queryId", "tableId")
    VALUES ('1593', '5');
INSERT INTO "QueryTableAccess" ("queryId", "tableId")
    VALUES ('1593', '1');
SELECT 'Movies.movie_id', 'Screenings.theater_id' FROM Movies RIGHT OUTER JOIN Screenings ON 'Movies.movie_id' = 'Screenings.theater_id';
INSERT INTO "SqlQuery" ("queryId", "userId", "issuedAt", "finishedAt", "hasError", "errorMessage", "statement", "projectId", "queryTypeId")
    VALUES ('1594', '12', '2023-05-29 22:05:55.610115', '2023-05-29 22:05:59.610115', 'False', 'None', 'SELECT Movies.movie_id, Screenings.theater_id FROM Movies RIGHT OUTER JOIN Screenings ON Movies.movie_id = Screenings.theater_id;', '5', '1');
INSERT INTO "QueryColumnAccess" ("queryId", "columnId")
    VALUES ('1594', '1');
INSERT INTO "QueryColumnAccess" ("queryId", "columnId")
    VALUES ('1594', '3');
INSERT INTO "QueryTableAccess" ("queryId", "tableId")
    VALUES ('1594', '1');
INSERT INTO "QueryTableAccess" ("queryId", "tableId")
    VALUES ('1594', '5');
SELECT 'Actors.date_of_birth', 'Movies.director' FROM Actors LEFT OUTER JOIN Movies ON 'Actors.date_of_birth' = 'Movies.director';
INSERT INTO "SqlQuery" ("queryId", "userId", "issuedAt", "finishedAt", "hasError", "errorMessage", "statement", "projectId", "queryTypeId")
    VALUES ('1595', '8', '2023-04-23 22:05:55.610124', '2023-04-23 22:05:59.610124', 'False', 'None', 'SELECT Actors.date_of_birth, Movies.director FROM Actors LEFT OUTER JOIN Movies ON Actors.date_of_birth = Movies.director;', '5', '1');
INSERT INTO "QueryColumnAccess" ("queryId", "columnId")
    VALUES ('1595', '4');
INSERT INTO "QueryColumnAccess" ("queryId", "columnId")
    VALUES ('1595', '5');
INSERT INTO "QueryTableAccess" ("queryId", "tableId")
    VALUES ('1595', '2');
INSERT INTO "QueryTableAccess" ("queryId", "tableId")
    VALUES ('1595', '1');
SELECT 'Actors.nationality', 'Reviews.user_id' FROM Actors NATURAL JOIN Reviews ON 'Actors.nationality' = 'Reviews.user_id';
INSERT INTO "SqlQuery" ("queryId", "userId", "issuedAt", "finishedAt", "hasError", "errorMessage", "statement", "projectId", "queryTypeId")
    VALUES ('1596', '10', '2023-04-11 22:05:55.610133', '2023-04-11 22:05:59.610133', 'False', 'None', 'SELECT Actors.nationality, Reviews.user_id FROM Actors NATURAL JOIN Reviews ON Actors.nationality = Reviews.user_id;', '5', '1');
INSERT INTO "QueryColumnAccess" ("queryId", "columnId")
    VALUES ('1596', '6');
INSERT INTO "QueryColumnAccess" ("queryId", "columnId")
    VALUES ('1596', '3');
INSERT INTO "QueryTableAccess" ("queryId", "tableId")
    VALUES ('1596', '2');
INSERT INTO "QueryTableAccess" ("queryId", "tableId")
    VALUES ('1596', '3');
SELECT 'Reviews.rating', 'Actors.last_name' FROM Reviews NATURAL JOIN Actors ON 'Reviews.rating' = 'Actors.last_name';
INSERT INTO "SqlQuery" ("queryId", "userId", "issuedAt", "finishedAt", "hasError", "errorMessage", "statement", "projectId", "queryTypeId")
    VALUES ('1597', '1', '2023-06-18 22:05:55.610142', '2023-06-18 22:05:59.610142', 'False', 'None', 'SELECT Reviews.rating, Actors.last_name FROM Reviews NATURAL JOIN Actors ON Reviews.rating = Actors.last_name;', '5', '1');
INSERT INTO "QueryColumnAccess" ("queryId", "columnId")
    VALUES ('1597', '4');
INSERT INTO "QueryColumnAccess" ("queryId", "columnId")
    VALUES ('1597', '3');
INSERT INTO "QueryTableAccess" ("queryId", "tableId")
    VALUES ('1597', '3');
INSERT INTO "QueryTableAccess" ("queryId", "tableId")
    VALUES ('1597', '2');
SELECT 'Reviews.user_id', 'Movies.movie_id' FROM Reviews RIGHT OUTER JOIN Movies ON 'Reviews.user_id' = 'Movies.movie_id';
INSERT INTO "SqlQuery" ("queryId", "userId", "issuedAt", "finishedAt", "hasError", "errorMessage", "statement", "projectId", "queryTypeId")
    VALUES ('1598', '15', '2023-06-28 22:05:55.610156', '2023-06-28 22:05:58.610156', 'False', 'None', 'SELECT Reviews.user_id, Movies.movie_id FROM Reviews RIGHT OUTER JOIN Movies ON Reviews.user_id = Movies.movie_id;', '5', '1');
INSERT INTO "QueryColumnAccess" ("queryId", "columnId")
    VALUES ('1598', '3');
INSERT INTO "QueryColumnAccess" ("queryId", "columnId")
    VALUES ('1598', '1');
INSERT INTO "QueryTableAccess" ("queryId", "tableId")
    VALUES ('1598', '3');
INSERT INTO "QueryTableAccess" ("queryId", "tableId")
    VALUES ('1598', '1');
SELECT 'Movies.release_date', 'Actors.actor_id' FROM Movies NATURAL JOIN Actors ON 'Movies.release_date' = 'Actors.actor_id';
INSERT INTO "SqlQuery" ("queryId", "userId", "issuedAt", "finishedAt", "hasError", "errorMessage", "statement", "projectId", "queryTypeId")
    VALUES ('1599', '8', '2023-06-21 22:05:55.610165', '2023-06-21 22:05:57.610165', 'False', 'None', 'SELECT Movies.release_date, Actors.actor_id FROM Movies NATURAL JOIN Actors ON Movies.release_date = Actors.actor_id;', '5', '1');
INSERT INTO "QueryColumnAccess" ("queryId", "columnId")
    VALUES ('1599', '3');
INSERT INTO "QueryColumnAccess" ("queryId", "columnId")
    VALUES ('1599', '1');
INSERT INTO "QueryTableAccess" ("queryId", "tableId")
    VALUES ('1599', '1');
INSERT INTO "QueryTableAccess" ("queryId", "tableId")
    VALUES ('1599', '2');
SELECT 'Movies.title', 'Screenings.ticket_price' FROM Movies RIGHT OUTER JOIN Screenings ON 'Movies.title' = 'Screenings.ticket_price';
INSERT INTO "SqlQuery" ("queryId", "userId", "issuedAt", "finishedAt", "hasError", "errorMessage", "statement", "projectId", "queryTypeId")
    VALUES ('1600', '4', '2023-04-13 22:05:55.610174', '2023-04-13 22:05:58.610174', 'False', 'None', 'SELECT Movies.title, Screenings.ticket_price FROM Movies RIGHT OUTER JOIN Screenings ON Movies.title = Screenings.ticket_price;', '5', '1');
INSERT INTO "QueryColumnAccess" ("queryId", "columnId")
    VALUES ('1600', '2');
INSERT INTO "QueryColumnAccess" ("queryId", "columnId")
    VALUES ('1600', '6');
INSERT INTO "QueryTableAccess" ("queryId", "tableId")
    VALUES ('1600', '1');
INSERT INTO "QueryTableAccess" ("queryId", "tableId")
    VALUES ('1600', '5');
SELECT 'Actors.actor_id', 'Reviews.user_id' FROM Actors NATURAL JOIN Reviews ON 'Actors.actor_id' = 'Reviews.user_id';
INSERT INTO "SqlQuery" ("queryId", "userId", "issuedAt", "finishedAt", "hasError", "errorMessage", "statement", "projectId", "queryTypeId")
    VALUES ('1601', '9', '2023-07-09 22:05:55.610183', '2023-07-09 22:05:58.610183', 'False', 'None', 'SELECT Actors.actor_id, Reviews.user_id FROM Actors NATURAL JOIN Reviews ON Actors.actor_id = Reviews.user_id;', '5', '1');
INSERT INTO "QueryColumnAccess" ("queryId", "columnId")
    VALUES ('1601', '1');
INSERT INTO "QueryColumnAccess" ("queryId", "columnId")
    VALUES ('1601', '3');
INSERT INTO "QueryTableAccess" ("queryId", "tableId")
    VALUES ('1601', '2');
INSERT INTO "QueryTableAccess" ("queryId", "tableId")
    VALUES ('1601', '3');
SELECT 'Screenings.screening_id', 'Reviews.user_id' FROM Screenings LEFT OUTER JOIN Reviews ON 'Screenings.screening_id' = 'Reviews.user_id';
INSERT INTO "SqlQuery" ("queryId", "userId", "issuedAt", "finishedAt", "hasError", "errorMessage", "statement", "projectId", "queryTypeId")
    VALUES ('1602', '13', '2023-04-28 22:05:55.610191', '2023-04-28 22:05:56.610191', 'False', 'None', 'SELECT Screenings.screening_id, Reviews.user_id FROM Screenings LEFT OUTER JOIN Reviews ON Screenings.screening_id = Reviews.user_id;', '5', '1');
INSERT INTO "QueryColumnAccess" ("queryId", "columnId")
    VALUES ('1602', '1');
INSERT INTO "QueryColumnAccess" ("queryId", "columnId")
    VALUES ('1602', '3');
INSERT INTO "QueryTableAccess" ("queryId", "tableId")
    VALUES ('1602', '5');
INSERT INTO "QueryTableAccess" ("queryId", "tableId")
    VALUES ('1602', '3');
SELECT 'Movies.release_date', 'Reviews.rating' FROM Movies NATURAL JOIN Reviews ON 'Movies.release_date' = 'Reviews.rating';
INSERT INTO "SqlQuery" ("queryId", "userId", "issuedAt", "finishedAt", "hasError", "errorMessage", "statement", "projectId", "queryTypeId")
    VALUES ('1603', '11', '2023-06-02 22:05:55.610200', '2023-06-02 22:05:56.610200', 'False', 'None', 'SELECT Movies.release_date, Reviews.rating FROM Movies NATURAL JOIN Reviews ON Movies.release_date = Reviews.rating;', '5', '1');
INSERT INTO "QueryColumnAccess" ("queryId", "columnId")
    VALUES ('1603', '3');
INSERT INTO "QueryColumnAccess" ("queryId", "columnId")
    VALUES ('1603', '4');
INSERT INTO "QueryTableAccess" ("queryId", "tableId")
    VALUES ('1603', '1');
INSERT INTO "QueryTableAccess" ("queryId", "tableId")
    VALUES ('1603', '3');
SELECT 'Actors.last_name', 'Movies.movie_id' FROM Actors RIGHT OUTER JOIN Movies ON 'Actors.last_name' = 'Movies.movie_id';
INSERT INTO "SqlQuery" ("queryId", "userId", "issuedAt", "finishedAt", "hasError", "errorMessage", "statement", "projectId", "queryTypeId")
    VALUES ('1604', '11', '2023-06-30 22:05:55.610209', '2023-06-30 22:05:59.610209', 'False', 'None', 'SELECT Actors.last_name, Movies.movie_id FROM Actors RIGHT OUTER JOIN Movies ON Actors.last_name = Movies.movie_id;', '5', '1');
INSERT INTO "QueryColumnAccess" ("queryId", "columnId")
    VALUES ('1604', '3');
INSERT INTO "QueryColumnAccess" ("queryId", "columnId")
    VALUES ('1604', '1');
INSERT INTO "QueryTableAccess" ("queryId", "tableId")
    VALUES ('1604', '2');
INSERT INTO "QueryTableAccess" ("queryId", "tableId")
    VALUES ('1604', '1');
SELECT 'Movies.duration', 'Screenings.screening_id' FROM Movies LEFT OUTER JOIN Screenings ON 'Movies.duration' = 'Screenings.screening_id';
INSERT INTO "SqlQuery" ("queryId", "userId", "issuedAt", "finishedAt", "hasError", "errorMessage", "statement", "projectId", "queryTypeId")
    VALUES ('1605', '11', '2023-06-08 22:05:55.610217', '2023-06-08 22:05:57.610217', 'False', 'None', 'SELECT Movies.duration, Screenings.screening_id FROM Movies LEFT OUTER JOIN Screenings ON Movies.duration = Screenings.screening_id;', '5', '1');
INSERT INTO "QueryColumnAccess" ("queryId", "columnId")
    VALUES ('1605', '6');
INSERT INTO "QueryColumnAccess" ("queryId", "columnId")
    VALUES ('1605', '1');
INSERT INTO "QueryTableAccess" ("queryId", "tableId")
    VALUES ('1605', '1');
INSERT INTO "QueryTableAccess" ("queryId", "tableId")
    VALUES ('1605', '5');
SELECT 'Actors.nationality', 'Reviews.review_date' FROM Actors LEFT OUTER JOIN Reviews ON 'Actors.nationality' = 'Reviews.review_date';
INSERT INTO "SqlQuery" ("queryId", "userId", "issuedAt", "finishedAt", "hasError", "errorMessage", "statement", "projectId", "queryTypeId")
    VALUES ('1606', '1', '2023-04-27 22:05:55.610226', '2023-04-27 22:05:56.610226', 'False', 'None', 'SELECT Actors.nationality, Reviews.review_date FROM Actors LEFT OUTER JOIN Reviews ON Actors.nationality = Reviews.review_date;', '5', '1');
INSERT INTO "QueryColumnAccess" ("queryId", "columnId")
    VALUES ('1606', '6');
INSERT INTO "QueryColumnAccess" ("queryId", "columnId")
    VALUES ('1606', '6');
INSERT INTO "QueryTableAccess" ("queryId", "tableId")
    VALUES ('1606', '2');
INSERT INTO "QueryTableAccess" ("queryId", "tableId")
    VALUES ('1606', '3');
SELECT 'Screenings.ticket_price', 'Actors.first_name' FROM Screenings LEFT OUTER JOIN Actors ON 'Screenings.ticket_price' = 'Actors.first_name';
INSERT INTO "SqlQuery" ("queryId", "userId", "issuedAt", "finishedAt", "hasError", "errorMessage", "statement", "projectId", "queryTypeId")
    VALUES ('1607', '7', '2023-04-27 22:05:55.610235', '2023-04-27 22:05:57.610235', 'False', 'None', 'SELECT Screenings.ticket_price, Actors.first_name FROM Screenings LEFT OUTER JOIN Actors ON Screenings.ticket_price = Actors.first_name;', '5', '1');
INSERT INTO "QueryColumnAccess" ("queryId", "columnId")
    VALUES ('1607', '6');
INSERT INTO "QueryColumnAccess" ("queryId", "columnId")
    VALUES ('1607', '2');
INSERT INTO "QueryTableAccess" ("queryId", "tableId")
    VALUES ('1607', '5');
INSERT INTO "QueryTableAccess" ("queryId", "tableId")
    VALUES ('1607', '2');
SELECT 'Movies.director', 'Reviews.comment' FROM Movies NATURAL JOIN Reviews ON 'Movies.director' = 'Reviews.comment';
INSERT INTO "SqlQuery" ("queryId", "userId", "issuedAt", "finishedAt", "hasError", "errorMessage", "statement", "projectId", "queryTypeId")
    VALUES ('1608', '5', '2023-06-25 22:05:55.610246', '2023-06-25 22:05:57.610246', 'False', 'None', 'SELECT Movies.director, Reviews.comment FROM Movies NATURAL JOIN Reviews ON Movies.director = Reviews.comment;', '5', '1');
INSERT INTO "QueryColumnAccess" ("queryId", "columnId")
    VALUES ('1608', '5');
INSERT INTO "QueryColumnAccess" ("queryId", "columnId")
    VALUES ('1608', '5');
INSERT INTO "QueryTableAccess" ("queryId", "tableId")
    VALUES ('1608', '1');
INSERT INTO "QueryTableAccess" ("queryId", "tableId")
    VALUES ('1608', '3');
SELECT 'Movies.movie_id', 'Actors.first_name' FROM Movies RIGHT OUTER JOIN Actors ON 'Movies.movie_id' = 'Actors.first_name';
INSERT INTO "SqlQuery" ("queryId", "userId", "issuedAt", "finishedAt", "hasError", "errorMessage", "statement", "projectId", "queryTypeId")
    VALUES ('1609', '2', '2023-04-25 22:05:55.610255', '2023-04-25 22:05:56.610255', 'False', 'None', 'SELECT Movies.movie_id, Actors.first_name FROM Movies RIGHT OUTER JOIN Actors ON Movies.movie_id = Actors.first_name;', '5', '1');
INSERT INTO "QueryColumnAccess" ("queryId", "columnId")
    VALUES ('1609', '1');
INSERT INTO "QueryColumnAccess" ("queryId", "columnId")
    VALUES ('1609', '2');
INSERT INTO "QueryTableAccess" ("queryId", "tableId")
    VALUES ('1609', '1');
INSERT INTO "QueryTableAccess" ("queryId", "tableId")
    VALUES ('1609', '2');
SELECT 'Actors.date_of_birth', 'Reviews.movie_id' FROM Actors NATURAL JOIN Reviews ON 'Actors.date_of_birth' = 'Reviews.movie_id';
INSERT INTO "SqlQuery" ("queryId", "userId", "issuedAt", "finishedAt", "hasError", "errorMessage", "statement", "projectId", "queryTypeId")
    VALUES ('1610', '1', '2023-06-11 22:05:55.610264', '2023-06-11 22:05:57.610264', 'False', 'None', 'SELECT Actors.date_of_birth, Reviews.movie_id FROM Actors NATURAL JOIN Reviews ON Actors.date_of_birth = Reviews.movie_id;', '5', '1');
INSERT INTO "QueryColumnAccess" ("queryId", "columnId")
    VALUES ('1610', '4');
INSERT INTO "QueryColumnAccess" ("queryId", "columnId")
    VALUES ('1610', '2');
INSERT INTO "QueryTableAccess" ("queryId", "tableId")
    VALUES ('1610', '2');
INSERT INTO "QueryTableAccess" ("queryId", "tableId")
    VALUES ('1610', '3');
SELECT 'Theaters.theater_name', 'Screenings.screening_id' FROM Theaters RIGHT OUTER JOIN Screenings ON 'Theaters.theater_name' = 'Screenings.screening_id';
INSERT INTO "SqlQuery" ("queryId", "userId", "issuedAt", "finishedAt", "hasError", "errorMessage", "statement", "projectId", "queryTypeId")
    VALUES ('1611', '7', '2023-06-20 22:05:55.610273', '2023-06-20 22:05:58.610273', 'False', 'None', 'SELECT Theaters.theater_name, Screenings.screening_id FROM Theaters RIGHT OUTER JOIN Screenings ON Theaters.theater_name = Screenings.screening_id;', '5', '1');
INSERT INTO "QueryColumnAccess" ("queryId", "columnId")
    VALUES ('1611', '2');
INSERT INTO "QueryColumnAccess" ("queryId", "columnId")
    VALUES ('1611', '1');
INSERT INTO "QueryTableAccess" ("queryId", "tableId")
    VALUES ('1611', '4');
INSERT INTO "QueryTableAccess" ("queryId", "tableId")
    VALUES ('1611', '5');
SELECT 'Screenings.screening_id', 'Theaters.location' FROM Screenings RIGHT OUTER JOIN Theaters ON 'Screenings.screening_id' = 'Theaters.location';
INSERT INTO "SqlQuery" ("queryId", "userId", "issuedAt", "finishedAt", "hasError", "errorMessage", "statement", "projectId", "queryTypeId")
    VALUES ('1612', '13', '2023-07-03 22:05:55.610282', '2023-07-03 22:05:58.610282', 'False', 'None', 'SELECT Screenings.screening_id, Theaters.location FROM Screenings RIGHT OUTER JOIN Theaters ON Screenings.screening_id = Theaters.location;', '5', '1');
INSERT INTO "QueryColumnAccess" ("queryId", "columnId")
    VALUES ('1612', '1');
INSERT INTO "QueryColumnAccess" ("queryId", "columnId")
    VALUES ('1612', '3');
INSERT INTO "QueryTableAccess" ("queryId", "tableId")
    VALUES ('1612', '5');
INSERT INTO "QueryTableAccess" ("queryId", "tableId")
    VALUES ('1612', '4');
SELECT 'Movies.director', 'Theaters.location' FROM Movies NATURAL JOIN Theaters ON 'Movies.director' = 'Theaters.location';
INSERT INTO "SqlQuery" ("queryId", "userId", "issuedAt", "finishedAt", "hasError", "errorMessage", "statement", "projectId", "queryTypeId")
    VALUES ('1613', '10', '2023-04-14 22:05:55.610291', '2023-04-14 22:05:57.610291', 'False', 'None', 'SELECT Movies.director, Theaters.location FROM Movies NATURAL JOIN Theaters ON Movies.director = Theaters.location;', '5', '1');
INSERT INTO "QueryColumnAccess" ("queryId", "columnId")
    VALUES ('1613', '5');
INSERT INTO "QueryColumnAccess" ("queryId", "columnId")
    VALUES ('1613', '3');
INSERT INTO "QueryTableAccess" ("queryId", "tableId")
    VALUES ('1613', '1');
INSERT INTO "QueryTableAccess" ("queryId", "tableId")
    VALUES ('1613', '4');
SELECT 'Actors.nationality', 'Screenings.start_time' FROM Actors LEFT OUTER JOIN Screenings ON 'Actors.nationality' = 'Screenings.start_time';
INSERT INTO "SqlQuery" ("queryId", "userId", "issuedAt", "finishedAt", "hasError", "errorMessage", "statement", "projectId", "queryTypeId")
    VALUES ('1614', '8', '2023-06-17 22:05:55.610299', '2023-06-17 22:05:56.610299', 'False', 'None', 'SELECT Actors.nationality, Screenings.start_time FROM Actors LEFT OUTER JOIN Screenings ON Actors.nationality = Screenings.start_time;', '5', '1');
INSERT INTO "QueryColumnAccess" ("queryId", "columnId")
    VALUES ('1614', '6');
INSERT INTO "QueryColumnAccess" ("queryId", "columnId")
    VALUES ('1614', '4');
INSERT INTO "QueryTableAccess" ("queryId", "tableId")
    VALUES ('1614', '2');
INSERT INTO "QueryTableAccess" ("queryId", "tableId")
    VALUES ('1614', '5');
SELECT 'Screenings.end_time', 'Theaters.phone_number' FROM Screenings RIGHT OUTER JOIN Theaters ON 'Screenings.end_time' = 'Theaters.phone_number';
INSERT INTO "SqlQuery" ("queryId", "userId", "issuedAt", "finishedAt", "hasError", "errorMessage", "statement", "projectId", "queryTypeId")
    VALUES ('1615', '15', '2023-04-29 22:05:55.610308', '2023-04-29 22:05:58.610308', 'False', 'None', 'SELECT Screenings.end_time, Theaters.phone_number FROM Screenings RIGHT OUTER JOIN Theaters ON Screenings.end_time = Theaters.phone_number;', '5', '1');
INSERT INTO "QueryColumnAccess" ("queryId", "columnId")
    VALUES ('1615', '5');
INSERT INTO "QueryColumnAccess" ("queryId", "columnId")
    VALUES ('1615', '5');
INSERT INTO "QueryTableAccess" ("queryId", "tableId")
    VALUES ('1615', '5');
INSERT INTO "QueryTableAccess" ("queryId", "tableId")
    VALUES ('1615', '4');
SELECT 'Reviews.review_id', 'Screenings.movie_id' FROM Reviews RIGHT OUTER JOIN Screenings ON 'Reviews.review_id' = 'Screenings.movie_id';
INSERT INTO "SqlQuery" ("queryId", "userId", "issuedAt", "finishedAt", "hasError", "errorMessage", "statement", "projectId", "queryTypeId")
    VALUES ('1616', '6', '2023-05-28 22:05:55.610317', '2023-05-28 22:05:57.610317', 'False', 'None', 'SELECT Reviews.review_id, Screenings.movie_id FROM Reviews RIGHT OUTER JOIN Screenings ON Reviews.review_id = Screenings.movie_id;', '5', '1');
INSERT INTO "QueryColumnAccess" ("queryId", "columnId")
    VALUES ('1616', '1');
INSERT INTO "QueryColumnAccess" ("queryId", "columnId")
    VALUES ('1616', '2');
INSERT INTO "QueryTableAccess" ("queryId", "tableId")
    VALUES ('1616', '3');
INSERT INTO "QueryTableAccess" ("queryId", "tableId")
    VALUES ('1616', '5');
SELECT 'Reviews.comment', 'Screenings.ticket_price' FROM Reviews NATURAL JOIN Screenings ON 'Reviews.comment' = 'Screenings.ticket_price';
INSERT INTO "SqlQuery" ("queryId", "userId", "issuedAt", "finishedAt", "hasError", "errorMessage", "statement", "projectId", "queryTypeId")
    VALUES ('1617', '9', '2023-05-03 22:05:55.610326', '2023-05-03 22:05:57.610326', 'False', 'None', 'SELECT Reviews.comment, Screenings.ticket_price FROM Reviews NATURAL JOIN Screenings ON Reviews.comment = Screenings.ticket_price;', '5', '1');
INSERT INTO "QueryColumnAccess" ("queryId", "columnId")
    VALUES ('1617', '5');
INSERT INTO "QueryColumnAccess" ("queryId", "columnId")
    VALUES ('1617', '6');
INSERT INTO "QueryTableAccess" ("queryId", "tableId")
    VALUES ('1617', '3');
INSERT INTO "QueryTableAccess" ("queryId", "tableId")
    VALUES ('1617', '5');
SELECT 'Reviews.review_id', 'Actors.nationality' FROM Reviews NATURAL JOIN Actors ON 'Reviews.review_id' = 'Actors.nationality';
INSERT INTO "SqlQuery" ("queryId", "userId", "issuedAt", "finishedAt", "hasError", "errorMessage", "statement", "projectId", "queryTypeId")
    VALUES ('1618', '1', '2023-06-10 22:05:55.610343', '2023-06-10 22:05:58.610343', 'False', 'None', 'SELECT Reviews.review_id, Actors.nationality FROM Reviews NATURAL JOIN Actors ON Reviews.review_id = Actors.nationality;', '5', '1');
INSERT INTO "QueryColumnAccess" ("queryId", "columnId")
    VALUES ('1618', '1');
INSERT INTO "QueryColumnAccess" ("queryId", "columnId")
    VALUES ('1618', '6');
INSERT INTO "QueryTableAccess" ("queryId", "tableId")
    VALUES ('1618', '3');
INSERT INTO "QueryTableAccess" ("queryId", "tableId")
    VALUES ('1618', '2');
SELECT 'Screenings.start_time', 'Reviews.review_id' FROM Screenings RIGHT OUTER JOIN Reviews ON 'Screenings.start_time' = 'Reviews.review_id';
INSERT INTO "SqlQuery" ("queryId", "userId", "issuedAt", "finishedAt", "hasError", "errorMessage", "statement", "projectId", "queryTypeId")
    VALUES ('1619', '6', '2023-07-06 22:05:55.610351', '2023-07-06 22:05:59.610351', 'False', 'None', 'SELECT Screenings.start_time, Reviews.review_id FROM Screenings RIGHT OUTER JOIN Reviews ON Screenings.start_time = Reviews.review_id;', '5', '1');
INSERT INTO "QueryColumnAccess" ("queryId", "columnId")
    VALUES ('1619', '4');
INSERT INTO "QueryColumnAccess" ("queryId", "columnId")
    VALUES ('1619', '1');
INSERT INTO "QueryTableAccess" ("queryId", "tableId")
    VALUES ('1619', '5');
INSERT INTO "QueryTableAccess" ("queryId", "tableId")
    VALUES ('1619', '3');
SELECT 'Movies.title', 'Actors.last_name' FROM Movies NATURAL JOIN Actors ON 'Movies.title' = 'Actors.last_name';
INSERT INTO "SqlQuery" ("queryId", "userId", "issuedAt", "finishedAt", "hasError", "errorMessage", "statement", "projectId", "queryTypeId")
    VALUES ('1620', '15', '2023-04-25 22:05:55.610360', '2023-04-25 22:05:56.610360', 'False', 'None', 'SELECT Movies.title, Actors.last_name FROM Movies NATURAL JOIN Actors ON Movies.title = Actors.last_name;', '5', '1');
INSERT INTO "QueryColumnAccess" ("queryId", "columnId")
    VALUES ('1620', '2');
INSERT INTO "QueryColumnAccess" ("queryId", "columnId")
    VALUES ('1620', '3');
INSERT INTO "QueryTableAccess" ("queryId", "tableId")
    VALUES ('1620', '1');
INSERT INTO "QueryTableAccess" ("queryId", "tableId")
    VALUES ('1620', '2');
SELECT 'Theaters.location', 'Reviews.comment' FROM Theaters LEFT OUTER JOIN Reviews ON 'Theaters.location' = 'Reviews.comment';
INSERT INTO "SqlQuery" ("queryId", "userId", "issuedAt", "finishedAt", "hasError", "errorMessage", "statement", "projectId", "queryTypeId")
    VALUES ('1621', '1', '2023-04-11 22:05:55.610369', '2023-04-11 22:05:56.610369', 'False', 'None', 'SELECT Theaters.location, Reviews.comment FROM Theaters LEFT OUTER JOIN Reviews ON Theaters.location = Reviews.comment;', '5', '1');
INSERT INTO "QueryColumnAccess" ("queryId", "columnId")
    VALUES ('1621', '3');
INSERT INTO "QueryColumnAccess" ("queryId", "columnId")
    VALUES ('1621', '5');
INSERT INTO "QueryTableAccess" ("queryId", "tableId")
    VALUES ('1621', '4');
INSERT INTO "QueryTableAccess" ("queryId", "tableId")
    VALUES ('1621', '3');
SELECT 'Screenings.theater_id', 'Actors.date_of_birth' FROM Screenings NATURAL JOIN Actors ON 'Screenings.theater_id' = 'Actors.date_of_birth';
INSERT INTO "SqlQuery" ("queryId", "userId", "issuedAt", "finishedAt", "hasError", "errorMessage", "statement", "projectId", "queryTypeId")
    VALUES ('1622', '15', '2023-06-21 22:05:55.610377', '2023-06-21 22:05:58.610377', 'False', 'None', 'SELECT Screenings.theater_id, Actors.date_of_birth FROM Screenings NATURAL JOIN Actors ON Screenings.theater_id = Actors.date_of_birth;', '5', '1');
INSERT INTO "QueryColumnAccess" ("queryId", "columnId")
    VALUES ('1622', '3');
INSERT INTO "QueryColumnAccess" ("queryId", "columnId")
    VALUES ('1622', '4');
INSERT INTO "QueryTableAccess" ("queryId", "tableId")
    VALUES ('1622', '5');
INSERT INTO "QueryTableAccess" ("queryId", "tableId")
    VALUES ('1622', '2');
SELECT 'Actors.first_name', 'Movies.movie_id' FROM Actors NATURAL JOIN Movies ON 'Actors.first_name' = 'Movies.movie_id';
INSERT INTO "SqlQuery" ("queryId", "userId", "issuedAt", "finishedAt", "hasError", "errorMessage", "statement", "projectId", "queryTypeId")
    VALUES ('1623', '9', '2023-05-26 22:05:55.610386', '2023-05-26 22:05:58.610386', 'False', 'None', 'SELECT Actors.first_name, Movies.movie_id FROM Actors NATURAL JOIN Movies ON Actors.first_name = Movies.movie_id;', '5', '1');
INSERT INTO "QueryColumnAccess" ("queryId", "columnId")
    VALUES ('1623', '2');
INSERT INTO "QueryColumnAccess" ("queryId", "columnId")
    VALUES ('1623', '1');
INSERT INTO "QueryTableAccess" ("queryId", "tableId")
    VALUES ('1623', '2');
INSERT INTO "QueryTableAccess" ("queryId", "tableId")
    VALUES ('1623', '1');
SELECT 'Theaters.phone_number', 'Movies.rating' FROM Theaters RIGHT OUTER JOIN Movies ON 'Theaters.phone_number' = 'Movies.rating';
INSERT INTO "SqlQuery" ("queryId", "userId", "issuedAt", "finishedAt", "hasError", "errorMessage", "statement", "projectId", "queryTypeId")
    VALUES ('1624', '6', '2023-06-13 22:05:55.610394', '2023-06-13 22:05:57.610394', 'False', 'None', 'SELECT Theaters.phone_number, Movies.rating FROM Theaters RIGHT OUTER JOIN Movies ON Theaters.phone_number = Movies.rating;', '5', '1');
INSERT INTO "QueryColumnAccess" ("queryId", "columnId")
    VALUES ('1624', '5');
INSERT INTO "QueryColumnAccess" ("queryId", "columnId")
    VALUES ('1624', '7');
INSERT INTO "QueryTableAccess" ("queryId", "tableId")
    VALUES ('1624', '4');
INSERT INTO "QueryTableAccess" ("queryId", "tableId")
    VALUES ('1624', '1');
SELECT 'Movies.duration', 'Screenings.theater_id' FROM Movies RIGHT OUTER JOIN Screenings ON 'Movies.duration' = 'Screenings.theater_id';
INSERT INTO "SqlQuery" ("queryId", "userId", "issuedAt", "finishedAt", "hasError", "errorMessage", "statement", "projectId", "queryTypeId")
    VALUES ('1625', '4', '2023-05-13 22:05:55.610403', '2023-05-13 22:05:56.610403', 'False', 'None', 'SELECT Movies.duration, Screenings.theater_id FROM Movies RIGHT OUTER JOIN Screenings ON Movies.duration = Screenings.theater_id;', '5', '1');
INSERT INTO "QueryColumnAccess" ("queryId", "columnId")
    VALUES ('1625', '6');
INSERT INTO "QueryColumnAccess" ("queryId", "columnId")
    VALUES ('1625', '3');
INSERT INTO "QueryTableAccess" ("queryId", "tableId")
    VALUES ('1625', '1');
INSERT INTO "QueryTableAccess" ("queryId", "tableId")
    VALUES ('1625', '5');
SELECT 'Reviews.user_id', 'Actors.date_of_birth' FROM Reviews RIGHT OUTER JOIN Actors ON 'Reviews.user_id' = 'Actors.date_of_birth';
INSERT INTO "SqlQuery" ("queryId", "userId", "issuedAt", "finishedAt", "hasError", "errorMessage", "statement", "projectId", "queryTypeId")
    VALUES ('1626', '2', '2023-05-05 22:05:55.610412', '2023-05-05 22:05:59.610412', 'False', 'None', 'SELECT Reviews.user_id, Actors.date_of_birth FROM Reviews RIGHT OUTER JOIN Actors ON Reviews.user_id = Actors.date_of_birth;', '5', '1');
INSERT INTO "QueryColumnAccess" ("queryId", "columnId")
    VALUES ('1626', '3');
INSERT INTO "QueryColumnAccess" ("queryId", "columnId")
    VALUES ('1626', '4');
INSERT INTO "QueryTableAccess" ("queryId", "tableId")
    VALUES ('1626', '3');
INSERT INTO "QueryTableAccess" ("queryId", "tableId")
    VALUES ('1626', '2');
SELECT 'Theaters.location', 'Actors.actor_id' FROM Theaters NATURAL JOIN Actors ON 'Theaters.location' = 'Actors.actor_id';
INSERT INTO "SqlQuery" ("queryId", "userId", "issuedAt", "finishedAt", "hasError", "errorMessage", "statement", "projectId", "queryTypeId")
    VALUES ('1627', '3', '2023-05-03 22:05:55.610431', '2023-05-03 22:05:56.610431', 'False', 'None', 'SELECT Theaters.location, Actors.actor_id FROM Theaters NATURAL JOIN Actors ON Theaters.location = Actors.actor_id;', '5', '1');
INSERT INTO "QueryColumnAccess" ("queryId", "columnId")
    VALUES ('1627', '3');
INSERT INTO "QueryColumnAccess" ("queryId", "columnId")
    VALUES ('1627', '1');
INSERT INTO "QueryTableAccess" ("queryId", "tableId")
    VALUES ('1627', '4');
INSERT INTO "QueryTableAccess" ("queryId", "tableId")
    VALUES ('1627', '2');
SELECT 'Movies.genre', 'Reviews.user_id' FROM Movies NATURAL JOIN Reviews ON 'Movies.genre' = 'Reviews.user_id';
INSERT INTO "SqlQuery" ("queryId", "userId", "issuedAt", "finishedAt", "hasError", "errorMessage", "statement", "projectId", "queryTypeId")
    VALUES ('1628', '1', '2023-05-25 22:05:55.610441', '2023-05-25 22:05:57.610441', 'False', 'None', 'SELECT Movies.genre, Reviews.user_id FROM Movies NATURAL JOIN Reviews ON Movies.genre = Reviews.user_id;', '5', '1');
INSERT INTO "QueryColumnAccess" ("queryId", "columnId")
    VALUES ('1628', '4');
INSERT INTO "QueryColumnAccess" ("queryId", "columnId")
    VALUES ('1628', '3');
INSERT INTO "QueryTableAccess" ("queryId", "tableId")
    VALUES ('1628', '1');
INSERT INTO "QueryTableAccess" ("queryId", "tableId")
    VALUES ('1628', '3');
SELECT 'Theaters.theater_id', 'Actors.nationality' FROM Theaters LEFT OUTER JOIN Actors ON 'Theaters.theater_id' = 'Actors.nationality';
INSERT INTO "SqlQuery" ("queryId", "userId", "issuedAt", "finishedAt", "hasError", "errorMessage", "statement", "projectId", "queryTypeId")
    VALUES ('1629', '3', '2023-06-12 22:05:55.610449', '2023-06-12 22:05:58.610449', 'False', 'None', 'SELECT Theaters.theater_id, Actors.nationality FROM Theaters LEFT OUTER JOIN Actors ON Theaters.theater_id = Actors.nationality;', '5', '1');
INSERT INTO "QueryColumnAccess" ("queryId", "columnId")
    VALUES ('1629', '1');
INSERT INTO "QueryColumnAccess" ("queryId", "columnId")
    VALUES ('1629', '6');
INSERT INTO "QueryTableAccess" ("queryId", "tableId")
    VALUES ('1629', '4');
INSERT INTO "QueryTableAccess" ("queryId", "tableId")
    VALUES ('1629', '2');
SELECT 'Actors.gender', 'Movies.director' FROM Actors RIGHT OUTER JOIN Movies ON 'Actors.gender' = 'Movies.director';
INSERT INTO "SqlQuery" ("queryId", "userId", "issuedAt", "finishedAt", "hasError", "errorMessage", "statement", "projectId", "queryTypeId")
    VALUES ('1630', '7', '2023-04-14 22:05:55.610458', '2023-04-14 22:05:56.610458', 'False', 'None', 'SELECT Actors.gender, Movies.director FROM Actors RIGHT OUTER JOIN Movies ON Actors.gender = Movies.director;', '5', '1');
INSERT INTO "QueryColumnAccess" ("queryId", "columnId")
    VALUES ('1630', '5');
INSERT INTO "QueryColumnAccess" ("queryId", "columnId")
    VALUES ('1630', '5');
INSERT INTO "QueryTableAccess" ("queryId", "tableId")
    VALUES ('1630', '2');
INSERT INTO "QueryTableAccess" ("queryId", "tableId")
    VALUES ('1630', '1');
SELECT 'Theaters.theater_id', 'Screenings.end_time' FROM Theaters RIGHT OUTER JOIN Screenings ON 'Theaters.theater_id' = 'Screenings.end_time';
INSERT INTO "SqlQuery" ("queryId", "userId", "issuedAt", "finishedAt", "hasError", "errorMessage", "statement", "projectId", "queryTypeId")
    VALUES ('1631', '7', '2023-04-19 22:05:55.610466', '2023-04-19 22:05:56.610466', 'False', 'None', 'SELECT Theaters.theater_id, Screenings.end_time FROM Theaters RIGHT OUTER JOIN Screenings ON Theaters.theater_id = Screenings.end_time;', '5', '1');
INSERT INTO "QueryColumnAccess" ("queryId", "columnId")
    VALUES ('1631', '1');
INSERT INTO "QueryColumnAccess" ("queryId", "columnId")
    VALUES ('1631', '5');
INSERT INTO "QueryTableAccess" ("queryId", "tableId")
    VALUES ('1631', '4');
INSERT INTO "QueryTableAccess" ("queryId", "tableId")
    VALUES ('1631', '5');
SELECT 'Reviews.review_date', 'Actors.last_name' FROM Reviews LEFT OUTER JOIN Actors ON 'Reviews.review_date' = 'Actors.last_name';
INSERT INTO "SqlQuery" ("queryId", "userId", "issuedAt", "finishedAt", "hasError", "errorMessage", "statement", "projectId", "queryTypeId")
    VALUES ('1632', '5', '2023-05-04 22:05:55.610475', '2023-05-04 22:05:56.610475', 'False', 'None', 'SELECT Reviews.review_date, Actors.last_name FROM Reviews LEFT OUTER JOIN Actors ON Reviews.review_date = Actors.last_name;', '5', '1');
INSERT INTO "QueryColumnAccess" ("queryId", "columnId")
    VALUES ('1632', '6');
INSERT INTO "QueryColumnAccess" ("queryId", "columnId")
    VALUES ('1632', '3');
INSERT INTO "QueryTableAccess" ("queryId", "tableId")
    VALUES ('1632', '3');
INSERT INTO "QueryTableAccess" ("queryId", "tableId")
    VALUES ('1632', '2');
SELECT 'Theaters.theater_name', 'Reviews.review_id' FROM Theaters NATURAL JOIN Reviews ON 'Theaters.theater_name' = 'Reviews.review_id';
INSERT INTO "SqlQuery" ("queryId", "userId", "issuedAt", "finishedAt", "hasError", "errorMessage", "statement", "projectId", "queryTypeId")
    VALUES ('1633', '3', '2023-05-22 22:05:55.610484', '2023-05-22 22:05:58.610484', 'False', 'None', 'SELECT Theaters.theater_name, Reviews.review_id FROM Theaters NATURAL JOIN Reviews ON Theaters.theater_name = Reviews.review_id;', '5', '1');
INSERT INTO "QueryColumnAccess" ("queryId", "columnId")
    VALUES ('1633', '2');
INSERT INTO "QueryColumnAccess" ("queryId", "columnId")
    VALUES ('1633', '1');
INSERT INTO "QueryTableAccess" ("queryId", "tableId")
    VALUES ('1633', '4');
INSERT INTO "QueryTableAccess" ("queryId", "tableId")
    VALUES ('1633', '3');
SELECT 'Reviews.review_date', 'Actors.date_of_birth' FROM Reviews LEFT OUTER JOIN Actors ON 'Reviews.review_date' = 'Actors.date_of_birth';
INSERT INTO "SqlQuery" ("queryId", "userId", "issuedAt", "finishedAt", "hasError", "errorMessage", "statement", "projectId", "queryTypeId")
    VALUES ('1634', '1', '2023-04-26 22:05:55.610492', '2023-04-26 22:05:59.610492', 'False', 'None', 'SELECT Reviews.review_date, Actors.date_of_birth FROM Reviews LEFT OUTER JOIN Actors ON Reviews.review_date = Actors.date_of_birth;', '5', '1');
INSERT INTO "QueryColumnAccess" ("queryId", "columnId")
    VALUES ('1634', '6');
INSERT INTO "QueryColumnAccess" ("queryId", "columnId")
    VALUES ('1634', '4');
INSERT INTO "QueryTableAccess" ("queryId", "tableId")
    VALUES ('1634', '3');
INSERT INTO "QueryTableAccess" ("queryId", "tableId")
    VALUES ('1634', '2');
SELECT 'Movies.genre', 'Reviews.movie_id' FROM Movies NATURAL JOIN Reviews ON 'Movies.genre' = 'Reviews.movie_id';
INSERT INTO "SqlQuery" ("queryId", "userId", "issuedAt", "finishedAt", "hasError", "errorMessage", "statement", "projectId", "queryTypeId")
    VALUES ('1635', '13', '2023-07-09 22:05:55.610501', '2023-07-09 22:05:59.610501', 'False', 'None', 'SELECT Movies.genre, Reviews.movie_id FROM Movies NATURAL JOIN Reviews ON Movies.genre = Reviews.movie_id;', '5', '1');
INSERT INTO "QueryColumnAccess" ("queryId", "columnId")
    VALUES ('1635', '4');
INSERT INTO "QueryColumnAccess" ("queryId", "columnId")
    VALUES ('1635', '2');
INSERT INTO "QueryTableAccess" ("queryId", "tableId")
    VALUES ('1635', '1');
INSERT INTO "QueryTableAccess" ("queryId", "tableId")
    VALUES ('1635', '3');
SELECT 'Reviews.user_id', 'Movies.duration' FROM Reviews LEFT OUTER JOIN Movies ON 'Reviews.user_id' = 'Movies.duration';
INSERT INTO "SqlQuery" ("queryId", "userId", "issuedAt", "finishedAt", "hasError", "errorMessage", "statement", "projectId", "queryTypeId")
    VALUES ('1636', '5', '2023-07-09 22:05:55.610510', '2023-07-09 22:05:57.610510', 'False', 'None', 'SELECT Reviews.user_id, Movies.duration FROM Reviews LEFT OUTER JOIN Movies ON Reviews.user_id = Movies.duration;', '5', '1');
INSERT INTO "QueryColumnAccess" ("queryId", "columnId")
    VALUES ('1636', '3');
INSERT INTO "QueryColumnAccess" ("queryId", "columnId")
    VALUES ('1636', '6');
INSERT INTO "QueryTableAccess" ("queryId", "tableId")
    VALUES ('1636', '3');
INSERT INTO "QueryTableAccess" ("queryId", "tableId")
    VALUES ('1636', '1');
SELECT 'Reviews.review_id', 'Movies.rating' FROM Reviews NATURAL JOIN Movies ON 'Reviews.review_id' = 'Movies.rating';
INSERT INTO "SqlQuery" ("queryId", "userId", "issuedAt", "finishedAt", "hasError", "errorMessage", "statement", "projectId", "queryTypeId")
    VALUES ('1637', '10', '2023-06-11 22:05:55.610524', '2023-06-11 22:05:56.610524', 'False', 'None', 'SELECT Reviews.review_id, Movies.rating FROM Reviews NATURAL JOIN Movies ON Reviews.review_id = Movies.rating;', '5', '1');
INSERT INTO "QueryColumnAccess" ("queryId", "columnId")
    VALUES ('1637', '1');
INSERT INTO "QueryColumnAccess" ("queryId", "columnId")
    VALUES ('1637', '7');
INSERT INTO "QueryTableAccess" ("queryId", "tableId")
    VALUES ('1637', '3');
INSERT INTO "QueryTableAccess" ("queryId", "tableId")
    VALUES ('1637', '1');
SELECT 'Movies.movie_id', 'Reviews.review_date' FROM Movies LEFT OUTER JOIN Reviews ON 'Movies.movie_id' = 'Reviews.review_date';
INSERT INTO "SqlQuery" ("queryId", "userId", "issuedAt", "finishedAt", "hasError", "errorMessage", "statement", "projectId", "queryTypeId")
    VALUES ('1638', '13', '2023-05-10 22:05:55.610532', '2023-05-10 22:05:58.610532', 'False', 'None', 'SELECT Movies.movie_id, Reviews.review_date FROM Movies LEFT OUTER JOIN Reviews ON Movies.movie_id = Reviews.review_date;', '5', '1');
INSERT INTO "QueryColumnAccess" ("queryId", "columnId")
    VALUES ('1638', '1');
INSERT INTO "QueryColumnAccess" ("queryId", "columnId")
    VALUES ('1638', '6');
INSERT INTO "QueryTableAccess" ("queryId", "tableId")
    VALUES ('1638', '1');
INSERT INTO "QueryTableAccess" ("queryId", "tableId")
    VALUES ('1638', '3');
SELECT 'Reviews.user_id', 'Actors.last_name' FROM Reviews LEFT OUTER JOIN Actors ON 'Reviews.user_id' = 'Actors.last_name';
INSERT INTO "SqlQuery" ("queryId", "userId", "issuedAt", "finishedAt", "hasError", "errorMessage", "statement", "projectId", "queryTypeId")
    VALUES ('1639', '1', '2023-05-29 22:05:55.610541', '2023-05-29 22:05:58.610541', 'False', 'None', 'SELECT Reviews.user_id, Actors.last_name FROM Reviews LEFT OUTER JOIN Actors ON Reviews.user_id = Actors.last_name;', '5', '1');
INSERT INTO "QueryColumnAccess" ("queryId", "columnId")
    VALUES ('1639', '3');
INSERT INTO "QueryColumnAccess" ("queryId", "columnId")
    VALUES ('1639', '3');
INSERT INTO "QueryTableAccess" ("queryId", "tableId")
    VALUES ('1639', '3');
INSERT INTO "QueryTableAccess" ("queryId", "tableId")
    VALUES ('1639', '2');
SELECT 'Theaters.location', 'Screenings.movie_id' FROM Theaters RIGHT OUTER JOIN Screenings ON 'Theaters.location' = 'Screenings.movie_id';
INSERT INTO "SqlQuery" ("queryId", "userId", "issuedAt", "finishedAt", "hasError", "errorMessage", "statement", "projectId", "queryTypeId")
    VALUES ('1640', '3', '2023-07-03 22:05:55.610550', '2023-07-03 22:05:59.610550', 'False', 'None', 'SELECT Theaters.location, Screenings.movie_id FROM Theaters RIGHT OUTER JOIN Screenings ON Theaters.location = Screenings.movie_id;', '5', '1');
INSERT INTO "QueryColumnAccess" ("queryId", "columnId")
    VALUES ('1640', '3');
INSERT INTO "QueryColumnAccess" ("queryId", "columnId")
    VALUES ('1640', '2');
INSERT INTO "QueryTableAccess" ("queryId", "tableId")
    VALUES ('1640', '4');
INSERT INTO "QueryTableAccess" ("queryId", "tableId")
    VALUES ('1640', '5');
SELECT 'Theaters.location', 'Movies.rating' FROM Theaters LEFT OUTER JOIN Movies ON 'Theaters.location' = 'Movies.rating';
INSERT INTO "SqlQuery" ("queryId", "userId", "issuedAt", "finishedAt", "hasError", "errorMessage", "statement", "projectId", "queryTypeId")
    VALUES ('1641', '8', '2023-05-14 22:05:55.610558', '2023-05-14 22:05:58.610558', 'False', 'None', 'SELECT Theaters.location, Movies.rating FROM Theaters LEFT OUTER JOIN Movies ON Theaters.location = Movies.rating;', '5', '1');
INSERT INTO "QueryColumnAccess" ("queryId", "columnId")
    VALUES ('1641', '3');
INSERT INTO "QueryColumnAccess" ("queryId", "columnId")
    VALUES ('1641', '7');
INSERT INTO "QueryTableAccess" ("queryId", "tableId")
    VALUES ('1641', '4');
INSERT INTO "QueryTableAccess" ("queryId", "tableId")
    VALUES ('1641', '1');
SELECT 'Actors.last_name', 'Reviews.review_date' FROM Actors NATURAL JOIN Reviews ON 'Actors.last_name' = 'Reviews.review_date';
INSERT INTO "SqlQuery" ("queryId", "userId", "issuedAt", "finishedAt", "hasError", "errorMessage", "statement", "projectId", "queryTypeId")
    VALUES ('1642', '9', '2023-06-13 22:05:55.610567', '2023-06-13 22:05:57.610567', 'False', 'None', 'SELECT Actors.last_name, Reviews.review_date FROM Actors NATURAL JOIN Reviews ON Actors.last_name = Reviews.review_date;', '5', '1');
INSERT INTO "QueryColumnAccess" ("queryId", "columnId")
    VALUES ('1642', '3');
INSERT INTO "QueryColumnAccess" ("queryId", "columnId")
    VALUES ('1642', '6');
INSERT INTO "QueryTableAccess" ("queryId", "tableId")
    VALUES ('1642', '2');
INSERT INTO "QueryTableAccess" ("queryId", "tableId")
    VALUES ('1642', '3');
SELECT 'Screenings.end_time', 'Actors.nationality' FROM Screenings LEFT OUTER JOIN Actors ON 'Screenings.end_time' = 'Actors.nationality';
INSERT INTO "SqlQuery" ("queryId", "userId", "issuedAt", "finishedAt", "hasError", "errorMessage", "statement", "projectId", "queryTypeId")
    VALUES ('1643', '6', '2023-05-01 22:05:55.610576', '2023-05-01 22:05:56.610576', 'False', 'None', 'SELECT Screenings.end_time, Actors.nationality FROM Screenings LEFT OUTER JOIN Actors ON Screenings.end_time = Actors.nationality;', '5', '1');
INSERT INTO "QueryColumnAccess" ("queryId", "columnId")
    VALUES ('1643', '5');
INSERT INTO "QueryColumnAccess" ("queryId", "columnId")
    VALUES ('1643', '6');
INSERT INTO "QueryTableAccess" ("queryId", "tableId")
    VALUES ('1643', '5');
INSERT INTO "QueryTableAccess" ("queryId", "tableId")
    VALUES ('1643', '2');
SELECT 'Actors.gender', 'Theaters.theater_name' FROM Actors NATURAL JOIN Theaters ON 'Actors.gender' = 'Theaters.theater_name';
INSERT INTO "SqlQuery" ("queryId", "userId", "issuedAt", "finishedAt", "hasError", "errorMessage", "statement", "projectId", "queryTypeId")
    VALUES ('1644', '10', '2023-06-18 22:05:55.610584', '2023-06-18 22:05:57.610584', 'False', 'None', 'SELECT Actors.gender, Theaters.theater_name FROM Actors NATURAL JOIN Theaters ON Actors.gender = Theaters.theater_name;', '5', '1');
INSERT INTO "QueryColumnAccess" ("queryId", "columnId")
    VALUES ('1644', '5');
INSERT INTO "QueryColumnAccess" ("queryId", "columnId")
    VALUES ('1644', '2');
INSERT INTO "QueryTableAccess" ("queryId", "tableId")
    VALUES ('1644', '2');
INSERT INTO "QueryTableAccess" ("queryId", "tableId")
    VALUES ('1644', '4');
SELECT 'Screenings.theater_id', 'Theaters.theater_id' FROM Screenings NATURAL JOIN Theaters ON 'Screenings.theater_id' = 'Theaters.theater_id';
INSERT INTO "SqlQuery" ("queryId", "userId", "issuedAt", "finishedAt", "hasError", "errorMessage", "statement", "projectId", "queryTypeId")
    VALUES ('1645', '1', '2023-06-21 22:05:55.610593', '2023-06-21 22:05:59.610593', 'False', 'None', 'SELECT Screenings.theater_id, Theaters.theater_id FROM Screenings NATURAL JOIN Theaters ON Screenings.theater_id = Theaters.theater_id;', '5', '1');
INSERT INTO "QueryColumnAccess" ("queryId", "columnId")
    VALUES ('1645', '3');
INSERT INTO "QueryColumnAccess" ("queryId", "columnId")
    VALUES ('1645', '1');
INSERT INTO "QueryTableAccess" ("queryId", "tableId")
    VALUES ('1645', '5');
INSERT INTO "QueryTableAccess" ("queryId", "tableId")
    VALUES ('1645', '4');
SELECT 'Screenings.movie_id', 'Reviews.comment' FROM Screenings RIGHT OUTER JOIN Reviews ON 'Screenings.movie_id' = 'Reviews.comment';
INSERT INTO "SqlQuery" ("queryId", "userId", "issuedAt", "finishedAt", "hasError", "errorMessage", "statement", "projectId", "queryTypeId")
    VALUES ('1646', '11', '2023-04-16 22:05:55.610602', '2023-04-16 22:05:59.610602', 'False', 'None', 'SELECT Screenings.movie_id, Reviews.comment FROM Screenings RIGHT OUTER JOIN Reviews ON Screenings.movie_id = Reviews.comment;', '5', '1');
INSERT INTO "QueryColumnAccess" ("queryId", "columnId")
    VALUES ('1646', '2');
INSERT INTO "QueryColumnAccess" ("queryId", "columnId")
    VALUES ('1646', '5');
INSERT INTO "QueryTableAccess" ("queryId", "tableId")
    VALUES ('1646', '5');
INSERT INTO "QueryTableAccess" ("queryId", "tableId")
    VALUES ('1646', '3');
SELECT 'Screenings.theater_id', 'Movies.rating' FROM Screenings RIGHT OUTER JOIN Movies ON 'Screenings.theater_id' = 'Movies.rating';
INSERT INTO "SqlQuery" ("queryId", "userId", "issuedAt", "finishedAt", "hasError", "errorMessage", "statement", "projectId", "queryTypeId")
    VALUES ('1647', '4', '2023-04-17 22:05:55.610614', '2023-04-17 22:05:57.610614', 'False', 'None', 'SELECT Screenings.theater_id, Movies.rating FROM Screenings RIGHT OUTER JOIN Movies ON Screenings.theater_id = Movies.rating;', '5', '1');
INSERT INTO "QueryColumnAccess" ("queryId", "columnId")
    VALUES ('1647', '3');
INSERT INTO "QueryColumnAccess" ("queryId", "columnId")
    VALUES ('1647', '7');
INSERT INTO "QueryTableAccess" ("queryId", "tableId")
    VALUES ('1647', '5');
INSERT INTO "QueryTableAccess" ("queryId", "tableId")
    VALUES ('1647', '1');
SELECT 'Reviews.user_id', 'Actors.gender' FROM Reviews RIGHT OUTER JOIN Actors ON 'Reviews.user_id' = 'Actors.gender';
INSERT INTO "SqlQuery" ("queryId", "userId", "issuedAt", "finishedAt", "hasError", "errorMessage", "statement", "projectId", "queryTypeId")
    VALUES ('1648', '13', '2023-04-12 22:05:55.610623', '2023-04-12 22:05:56.610623', 'False', 'None', 'SELECT Reviews.user_id, Actors.gender FROM Reviews RIGHT OUTER JOIN Actors ON Reviews.user_id = Actors.gender;', '5', '1');
INSERT INTO "QueryColumnAccess" ("queryId", "columnId")
    VALUES ('1648', '3');
INSERT INTO "QueryColumnAccess" ("queryId", "columnId")
    VALUES ('1648', '5');
INSERT INTO "QueryTableAccess" ("queryId", "tableId")
    VALUES ('1648', '3');
INSERT INTO "QueryTableAccess" ("queryId", "tableId")
    VALUES ('1648', '2');
SELECT 'Screenings.movie_id', 'Movies.release_date' FROM Screenings RIGHT OUTER JOIN Movies ON 'Screenings.movie_id' = 'Movies.release_date';
INSERT INTO "SqlQuery" ("queryId", "userId", "issuedAt", "finishedAt", "hasError", "errorMessage", "statement", "projectId", "queryTypeId")
    VALUES ('1649', '8', '2023-04-29 22:05:55.610631', '2023-04-29 22:05:56.610631', 'False', 'None', 'SELECT Screenings.movie_id, Movies.release_date FROM Screenings RIGHT OUTER JOIN Movies ON Screenings.movie_id = Movies.release_date;', '5', '1');
INSERT INTO "QueryColumnAccess" ("queryId", "columnId")
    VALUES ('1649', '2');
INSERT INTO "QueryColumnAccess" ("queryId", "columnId")
    VALUES ('1649', '3');
INSERT INTO "QueryTableAccess" ("queryId", "tableId")
    VALUES ('1649', '5');
INSERT INTO "QueryTableAccess" ("queryId", "tableId")
    VALUES ('1649', '1');
SELECT 'Actors.date_of_birth', 'Theaters.theater_id' FROM Actors LEFT OUTER JOIN Theaters ON 'Actors.date_of_birth' = 'Theaters.theater_id';
INSERT INTO "SqlQuery" ("queryId", "userId", "issuedAt", "finishedAt", "hasError", "errorMessage", "statement", "projectId", "queryTypeId")
    VALUES ('1650', '6', '2023-05-06 22:05:55.610640', '2023-05-06 22:05:58.610640', 'False', 'None', 'SELECT Actors.date_of_birth, Theaters.theater_id FROM Actors LEFT OUTER JOIN Theaters ON Actors.date_of_birth = Theaters.theater_id;', '5', '1');
INSERT INTO "QueryColumnAccess" ("queryId", "columnId")
    VALUES ('1650', '4');
INSERT INTO "QueryColumnAccess" ("queryId", "columnId")
    VALUES ('1650', '1');
INSERT INTO "QueryTableAccess" ("queryId", "tableId")
    VALUES ('1650', '2');
INSERT INTO "QueryTableAccess" ("queryId", "tableId")
    VALUES ('1650', '4');
SELECT 'Theaters.phone_number', 'Screenings.movie_id' FROM Theaters RIGHT OUTER JOIN Screenings ON 'Theaters.phone_number' = 'Screenings.movie_id';
INSERT INTO "SqlQuery" ("queryId", "userId", "issuedAt", "finishedAt", "hasError", "errorMessage", "statement", "projectId", "queryTypeId")
    VALUES ('1651', '14', '2023-06-07 22:05:55.610648', '2023-06-07 22:05:56.610648', 'False', 'None', 'SELECT Theaters.phone_number, Screenings.movie_id FROM Theaters RIGHT OUTER JOIN Screenings ON Theaters.phone_number = Screenings.movie_id;', '5', '1');
INSERT INTO "QueryColumnAccess" ("queryId", "columnId")
    VALUES ('1651', '5');
INSERT INTO "QueryColumnAccess" ("queryId", "columnId")
    VALUES ('1651', '2');
INSERT INTO "QueryTableAccess" ("queryId", "tableId")
    VALUES ('1651', '4');
INSERT INTO "QueryTableAccess" ("queryId", "tableId")
    VALUES ('1651', '5');
SELECT 'Theaters.location', 'Movies.genre' FROM Theaters NATURAL JOIN Movies ON 'Theaters.location' = 'Movies.genre';
INSERT INTO "SqlQuery" ("queryId", "userId", "issuedAt", "finishedAt", "hasError", "errorMessage", "statement", "projectId", "queryTypeId")
    VALUES ('1652', '2', '2023-05-24 22:05:55.610657', '2023-05-24 22:05:57.610657', 'False', 'None', 'SELECT Theaters.location, Movies.genre FROM Theaters NATURAL JOIN Movies ON Theaters.location = Movies.genre;', '5', '1');
INSERT INTO "QueryColumnAccess" ("queryId", "columnId")
    VALUES ('1652', '3');
INSERT INTO "QueryColumnAccess" ("queryId", "columnId")
    VALUES ('1652', '4');
INSERT INTO "QueryTableAccess" ("queryId", "tableId")
    VALUES ('1652', '4');
INSERT INTO "QueryTableAccess" ("queryId", "tableId")
    VALUES ('1652', '1');
SELECT 'Movies.title', 'Theaters.phone_number' FROM Movies RIGHT OUTER JOIN Theaters ON 'Movies.title' = 'Theaters.phone_number';
INSERT INTO "SqlQuery" ("queryId", "userId", "issuedAt", "finishedAt", "hasError", "errorMessage", "statement", "projectId", "queryTypeId")
    VALUES ('1653', '11', '2023-06-08 22:05:55.610666', '2023-06-08 22:05:57.610666', 'False', 'None', 'SELECT Movies.title, Theaters.phone_number FROM Movies RIGHT OUTER JOIN Theaters ON Movies.title = Theaters.phone_number;', '5', '1');
INSERT INTO "QueryColumnAccess" ("queryId", "columnId")
    VALUES ('1653', '2');
INSERT INTO "QueryColumnAccess" ("queryId", "columnId")
    VALUES ('1653', '5');
INSERT INTO "QueryTableAccess" ("queryId", "tableId")
    VALUES ('1653', '1');
INSERT INTO "QueryTableAccess" ("queryId", "tableId")
    VALUES ('1653', '4');
SELECT 'Movies.genre', 'Reviews.review_date' FROM Movies LEFT OUTER JOIN Reviews ON 'Movies.genre' = 'Reviews.review_date';
INSERT INTO "SqlQuery" ("queryId", "userId", "issuedAt", "finishedAt", "hasError", "errorMessage", "statement", "projectId", "queryTypeId")
    VALUES ('1654', '11', '2023-04-17 22:05:55.610675', '2023-04-17 22:05:59.610675', 'False', 'None', 'SELECT Movies.genre, Reviews.review_date FROM Movies LEFT OUTER JOIN Reviews ON Movies.genre = Reviews.review_date;', '5', '1');
INSERT INTO "QueryColumnAccess" ("queryId", "columnId")
    VALUES ('1654', '4');
INSERT INTO "QueryColumnAccess" ("queryId", "columnId")
    VALUES ('1654', '6');
INSERT INTO "QueryTableAccess" ("queryId", "tableId")
    VALUES ('1654', '1');
INSERT INTO "QueryTableAccess" ("queryId", "tableId")
    VALUES ('1654', '3');
SELECT 'Actors.nationality', 'Theaters.theater_name' FROM Actors RIGHT OUTER JOIN Theaters ON 'Actors.nationality' = 'Theaters.theater_name';
INSERT INTO "SqlQuery" ("queryId", "userId", "issuedAt", "finishedAt", "hasError", "errorMessage", "statement", "projectId", "queryTypeId")
    VALUES ('1655', '14', '2023-05-12 22:05:55.610684', '2023-05-12 22:05:57.610684', 'False', 'None', 'SELECT Actors.nationality, Theaters.theater_name FROM Actors RIGHT OUTER JOIN Theaters ON Actors.nationality = Theaters.theater_name;', '5', '1');
INSERT INTO "QueryColumnAccess" ("queryId", "columnId")
    VALUES ('1655', '6');
INSERT INTO "QueryColumnAccess" ("queryId", "columnId")
    VALUES ('1655', '2');
INSERT INTO "QueryTableAccess" ("queryId", "tableId")
    VALUES ('1655', '2');
INSERT INTO "QueryTableAccess" ("queryId", "tableId")
    VALUES ('1655', '4');
SELECT 'Screenings.end_time', 'Reviews.review_date' FROM Screenings RIGHT OUTER JOIN Reviews ON 'Screenings.end_time' = 'Reviews.review_date';
INSERT INTO "SqlQuery" ("queryId", "userId", "issuedAt", "finishedAt", "hasError", "errorMessage", "statement", "projectId", "queryTypeId")
    VALUES ('1656', '4', '2023-05-17 22:05:55.610698', '2023-05-17 22:05:57.610698', 'False', 'None', 'SELECT Screenings.end_time, Reviews.review_date FROM Screenings RIGHT OUTER JOIN Reviews ON Screenings.end_time = Reviews.review_date;', '5', '1');
INSERT INTO "QueryColumnAccess" ("queryId", "columnId")
    VALUES ('1656', '5');
INSERT INTO "QueryColumnAccess" ("queryId", "columnId")
    VALUES ('1656', '6');
INSERT INTO "QueryTableAccess" ("queryId", "tableId")
    VALUES ('1656', '5');
INSERT INTO "QueryTableAccess" ("queryId", "tableId")
    VALUES ('1656', '3');
SELECT 'Theaters.capacity', 'Movies.duration' FROM Theaters RIGHT OUTER JOIN Movies ON 'Theaters.capacity' = 'Movies.duration';
INSERT INTO "SqlQuery" ("queryId", "userId", "issuedAt", "finishedAt", "hasError", "errorMessage", "statement", "projectId", "queryTypeId")
    VALUES ('1657', '10', '2023-04-17 22:05:55.610708', '2023-04-17 22:05:56.610708', 'False', 'None', 'SELECT Theaters.capacity, Movies.duration FROM Theaters RIGHT OUTER JOIN Movies ON Theaters.capacity = Movies.duration;', '5', '1');
INSERT INTO "QueryColumnAccess" ("queryId", "columnId")
    VALUES ('1657', '4');
INSERT INTO "QueryColumnAccess" ("queryId", "columnId")
    VALUES ('1657', '6');
INSERT INTO "QueryTableAccess" ("queryId", "tableId")
    VALUES ('1657', '4');
INSERT INTO "QueryTableAccess" ("queryId", "tableId")
    VALUES ('1657', '1');
SELECT 'Actors.first_name', 'Reviews.user_id' FROM Actors LEFT OUTER JOIN Reviews ON 'Actors.first_name' = 'Reviews.user_id';
INSERT INTO "SqlQuery" ("queryId", "userId", "issuedAt", "finishedAt", "hasError", "errorMessage", "statement", "projectId", "queryTypeId")
    VALUES ('1658', '3', '2023-05-13 22:05:55.610716', '2023-05-13 22:05:56.610716', 'False', 'None', 'SELECT Actors.first_name, Reviews.user_id FROM Actors LEFT OUTER JOIN Reviews ON Actors.first_name = Reviews.user_id;', '5', '1');
INSERT INTO "QueryColumnAccess" ("queryId", "columnId")
    VALUES ('1658', '2');
INSERT INTO "QueryColumnAccess" ("queryId", "columnId")
    VALUES ('1658', '3');
INSERT INTO "QueryTableAccess" ("queryId", "tableId")
    VALUES ('1658', '2');
INSERT INTO "QueryTableAccess" ("queryId", "tableId")
    VALUES ('1658', '3');
SELECT 'Reviews.movie_id', 'Actors.last_name' FROM Reviews NATURAL JOIN Actors ON 'Reviews.movie_id' = 'Actors.last_name';
INSERT INTO "SqlQuery" ("queryId", "userId", "issuedAt", "finishedAt", "hasError", "errorMessage", "statement", "projectId", "queryTypeId")
    VALUES ('1659', '6', '2023-07-06 22:05:55.610725', '2023-07-06 22:05:59.610725', 'False', 'None', 'SELECT Reviews.movie_id, Actors.last_name FROM Reviews NATURAL JOIN Actors ON Reviews.movie_id = Actors.last_name;', '5', '1');
INSERT INTO "QueryColumnAccess" ("queryId", "columnId")
    VALUES ('1659', '2');
INSERT INTO "QueryColumnAccess" ("queryId", "columnId")
    VALUES ('1659', '3');
INSERT INTO "QueryTableAccess" ("queryId", "tableId")
    VALUES ('1659', '3');
INSERT INTO "QueryTableAccess" ("queryId", "tableId")
    VALUES ('1659', '2');
SELECT 'Movies.release_date', 'Theaters.theater_id' FROM Movies NATURAL JOIN Theaters ON 'Movies.release_date' = 'Theaters.theater_id';
INSERT INTO "SqlQuery" ("queryId", "userId", "issuedAt", "finishedAt", "hasError", "errorMessage", "statement", "projectId", "queryTypeId")
    VALUES ('1660', '6', '2023-04-22 22:05:55.610734', '2023-04-22 22:05:56.610734', 'False', 'None', 'SELECT Movies.release_date, Theaters.theater_id FROM Movies NATURAL JOIN Theaters ON Movies.release_date = Theaters.theater_id;', '5', '1');
INSERT INTO "QueryColumnAccess" ("queryId", "columnId")
    VALUES ('1660', '3');
INSERT INTO "QueryColumnAccess" ("queryId", "columnId")
    VALUES ('1660', '1');
INSERT INTO "QueryTableAccess" ("queryId", "tableId")
    VALUES ('1660', '1');
INSERT INTO "QueryTableAccess" ("queryId", "tableId")
    VALUES ('1660', '4');
SELECT 'Theaters.theater_id', 'Actors.last_name' FROM Theaters RIGHT OUTER JOIN Actors ON 'Theaters.theater_id' = 'Actors.last_name';
INSERT INTO "SqlQuery" ("queryId", "userId", "issuedAt", "finishedAt", "hasError", "errorMessage", "statement", "projectId", "queryTypeId")
    VALUES ('1661', '1', '2023-06-02 22:05:55.610743', '2023-06-02 22:05:56.610743', 'False', 'None', 'SELECT Theaters.theater_id, Actors.last_name FROM Theaters RIGHT OUTER JOIN Actors ON Theaters.theater_id = Actors.last_name;', '5', '1');
INSERT INTO "QueryColumnAccess" ("queryId", "columnId")
    VALUES ('1661', '1');
INSERT INTO "QueryColumnAccess" ("queryId", "columnId")
    VALUES ('1661', '3');
INSERT INTO "QueryTableAccess" ("queryId", "tableId")
    VALUES ('1661', '4');
INSERT INTO "QueryTableAccess" ("queryId", "tableId")
    VALUES ('1661', '2');
SELECT 'Screenings.theater_id', 'Theaters.capacity' FROM Screenings LEFT OUTER JOIN Theaters ON 'Screenings.theater_id' = 'Theaters.capacity';
INSERT INTO "SqlQuery" ("queryId", "userId", "issuedAt", "finishedAt", "hasError", "errorMessage", "statement", "projectId", "queryTypeId")
    VALUES ('1662', '1', '2023-05-03 22:05:55.610751', '2023-05-03 22:05:57.610751', 'False', 'None', 'SELECT Screenings.theater_id, Theaters.capacity FROM Screenings LEFT OUTER JOIN Theaters ON Screenings.theater_id = Theaters.capacity;', '5', '1');
INSERT INTO "QueryColumnAccess" ("queryId", "columnId")
    VALUES ('1662', '3');
INSERT INTO "QueryColumnAccess" ("queryId", "columnId")
    VALUES ('1662', '4');
INSERT INTO "QueryTableAccess" ("queryId", "tableId")
    VALUES ('1662', '5');
INSERT INTO "QueryTableAccess" ("queryId", "tableId")
    VALUES ('1662', '4');
SELECT 'Actors.actor_id', 'Reviews.rating' FROM Actors NATURAL JOIN Reviews ON 'Actors.actor_id' = 'Reviews.rating';
INSERT INTO "SqlQuery" ("queryId", "userId", "issuedAt", "finishedAt", "hasError", "errorMessage", "statement", "projectId", "queryTypeId")
    VALUES ('1663', '15', '2023-05-03 22:05:55.610760', '2023-05-03 22:05:59.610760', 'False', 'None', 'SELECT Actors.actor_id, Reviews.rating FROM Actors NATURAL JOIN Reviews ON Actors.actor_id = Reviews.rating;', '5', '1');
INSERT INTO "QueryColumnAccess" ("queryId", "columnId")
    VALUES ('1663', '1');
INSERT INTO "QueryColumnAccess" ("queryId", "columnId")
    VALUES ('1663', '4');
INSERT INTO "QueryTableAccess" ("queryId", "tableId")
    VALUES ('1663', '2');
INSERT INTO "QueryTableAccess" ("queryId", "tableId")
    VALUES ('1663', '3');
SELECT 'Movies.director', 'Reviews.user_id' FROM Movies RIGHT OUTER JOIN Reviews ON 'Movies.director' = 'Reviews.user_id';
INSERT INTO "SqlQuery" ("queryId", "userId", "issuedAt", "finishedAt", "hasError", "errorMessage", "statement", "projectId", "queryTypeId")
    VALUES ('1664', '6', '2023-06-01 22:05:55.610769', '2023-06-01 22:05:57.610769', 'False', 'None', 'SELECT Movies.director, Reviews.user_id FROM Movies RIGHT OUTER JOIN Reviews ON Movies.director = Reviews.user_id;', '5', '1');
INSERT INTO "QueryColumnAccess" ("queryId", "columnId")
    VALUES ('1664', '5');
INSERT INTO "QueryColumnAccess" ("queryId", "columnId")
    VALUES ('1664', '3');
INSERT INTO "QueryTableAccess" ("queryId", "tableId")
    VALUES ('1664', '1');
INSERT INTO "QueryTableAccess" ("queryId", "tableId")
    VALUES ('1664', '3');
SELECT 'Actors.gender', 'Reviews.rating' FROM Actors RIGHT OUTER JOIN Reviews ON 'Actors.gender' = 'Reviews.rating';
INSERT INTO "SqlQuery" ("queryId", "userId", "issuedAt", "finishedAt", "hasError", "errorMessage", "statement", "projectId", "queryTypeId")
    VALUES ('1665', '9', '2023-05-26 22:05:55.610778', '2023-05-26 22:05:58.610778', 'False', 'None', 'SELECT Actors.gender, Reviews.rating FROM Actors RIGHT OUTER JOIN Reviews ON Actors.gender = Reviews.rating;', '5', '1');
INSERT INTO "QueryColumnAccess" ("queryId", "columnId")
    VALUES ('1665', '5');
INSERT INTO "QueryColumnAccess" ("queryId", "columnId")
    VALUES ('1665', '4');
INSERT INTO "QueryTableAccess" ("queryId", "tableId")
    VALUES ('1665', '2');
INSERT INTO "QueryTableAccess" ("queryId", "tableId")
    VALUES ('1665', '3');
SELECT 'Actors.gender', 'Screenings.movie_id' FROM Actors LEFT OUTER JOIN Screenings ON 'Actors.gender' = 'Screenings.movie_id';
INSERT INTO "SqlQuery" ("queryId", "userId", "issuedAt", "finishedAt", "hasError", "errorMessage", "statement", "projectId", "queryTypeId")
    VALUES ('1666', '12', '2023-04-13 22:05:55.610793', '2023-04-13 22:05:56.610793', 'False', 'None', 'SELECT Actors.gender, Screenings.movie_id FROM Actors LEFT OUTER JOIN Screenings ON Actors.gender = Screenings.movie_id;', '5', '1');
INSERT INTO "QueryColumnAccess" ("queryId", "columnId")
    VALUES ('1666', '5');
INSERT INTO "QueryColumnAccess" ("queryId", "columnId")
    VALUES ('1666', '2');
INSERT INTO "QueryTableAccess" ("queryId", "tableId")
    VALUES ('1666', '2');
INSERT INTO "QueryTableAccess" ("queryId", "tableId")
    VALUES ('1666', '5');
SELECT 'Theaters.theater_id', 'Reviews.review_date' FROM Theaters RIGHT OUTER JOIN Reviews ON 'Theaters.theater_id' = 'Reviews.review_date';
INSERT INTO "SqlQuery" ("queryId", "userId", "issuedAt", "finishedAt", "hasError", "errorMessage", "statement", "projectId", "queryTypeId")
    VALUES ('1667', '8', '2023-04-30 22:05:55.610802', '2023-04-30 22:05:57.610802', 'False', 'None', 'SELECT Theaters.theater_id, Reviews.review_date FROM Theaters RIGHT OUTER JOIN Reviews ON Theaters.theater_id = Reviews.review_date;', '5', '1');
INSERT INTO "QueryColumnAccess" ("queryId", "columnId")
    VALUES ('1667', '1');
INSERT INTO "QueryColumnAccess" ("queryId", "columnId")
    VALUES ('1667', '6');
INSERT INTO "QueryTableAccess" ("queryId", "tableId")
    VALUES ('1667', '4');
INSERT INTO "QueryTableAccess" ("queryId", "tableId")
    VALUES ('1667', '3');
SELECT 'Movies.title', 'Reviews.movie_id' FROM Movies RIGHT OUTER JOIN Reviews ON 'Movies.title' = 'Reviews.movie_id';
INSERT INTO "SqlQuery" ("queryId", "userId", "issuedAt", "finishedAt", "hasError", "errorMessage", "statement", "projectId", "queryTypeId")
    VALUES ('1668', '3', '2023-04-23 22:05:55.610811', '2023-04-23 22:05:59.610811', 'False', 'None', 'SELECT Movies.title, Reviews.movie_id FROM Movies RIGHT OUTER JOIN Reviews ON Movies.title = Reviews.movie_id;', '5', '1');
INSERT INTO "QueryColumnAccess" ("queryId", "columnId")
    VALUES ('1668', '2');
INSERT INTO "QueryColumnAccess" ("queryId", "columnId")
    VALUES ('1668', '2');
INSERT INTO "QueryTableAccess" ("queryId", "tableId")
    VALUES ('1668', '1');
INSERT INTO "QueryTableAccess" ("queryId", "tableId")
    VALUES ('1668', '3');
SELECT 'Theaters.theater_id', 'Screenings.ticket_price' FROM Theaters NATURAL JOIN Screenings ON 'Theaters.theater_id' = 'Screenings.ticket_price';
INSERT INTO "SqlQuery" ("queryId", "userId", "issuedAt", "finishedAt", "hasError", "errorMessage", "statement", "projectId", "queryTypeId")
    VALUES ('1669', '2', '2023-05-03 22:05:55.610820', '2023-05-03 22:05:58.610820', 'False', 'None', 'SELECT Theaters.theater_id, Screenings.ticket_price FROM Theaters NATURAL JOIN Screenings ON Theaters.theater_id = Screenings.ticket_price;', '5', '1');
INSERT INTO "QueryColumnAccess" ("queryId", "columnId")
    VALUES ('1669', '1');
INSERT INTO "QueryColumnAccess" ("queryId", "columnId")
    VALUES ('1669', '6');
INSERT INTO "QueryTableAccess" ("queryId", "tableId")
    VALUES ('1669', '4');
INSERT INTO "QueryTableAccess" ("queryId", "tableId")
    VALUES ('1669', '5');
SELECT 'Theaters.theater_id', 'Actors.date_of_birth' FROM Theaters LEFT OUTER JOIN Actors ON 'Theaters.theater_id' = 'Actors.date_of_birth';
INSERT INTO "SqlQuery" ("queryId", "userId", "issuedAt", "finishedAt", "hasError", "errorMessage", "statement", "projectId", "queryTypeId")
    VALUES ('1670', '1', '2023-06-05 22:05:55.610829', '2023-06-05 22:05:58.610829', 'False', 'None', 'SELECT Theaters.theater_id, Actors.date_of_birth FROM Theaters LEFT OUTER JOIN Actors ON Theaters.theater_id = Actors.date_of_birth;', '5', '1');
INSERT INTO "QueryColumnAccess" ("queryId", "columnId")
    VALUES ('1670', '1');
INSERT INTO "QueryColumnAccess" ("queryId", "columnId")
    VALUES ('1670', '4');
INSERT INTO "QueryTableAccess" ("queryId", "tableId")
    VALUES ('1670', '4');
INSERT INTO "QueryTableAccess" ("queryId", "tableId")
    VALUES ('1670', '2');
SELECT 'Screenings.end_time', 'Reviews.movie_id' FROM Screenings LEFT OUTER JOIN Reviews ON 'Screenings.end_time' = 'Reviews.movie_id';
INSERT INTO "SqlQuery" ("queryId", "userId", "issuedAt", "finishedAt", "hasError", "errorMessage", "statement", "projectId", "queryTypeId")
    VALUES ('1671', '3', '2023-07-07 22:05:55.610837', '2023-07-07 22:05:57.610837', 'False', 'None', 'SELECT Screenings.end_time, Reviews.movie_id FROM Screenings LEFT OUTER JOIN Reviews ON Screenings.end_time = Reviews.movie_id;', '5', '1');
INSERT INTO "QueryColumnAccess" ("queryId", "columnId")
    VALUES ('1671', '5');
INSERT INTO "QueryColumnAccess" ("queryId", "columnId")
    VALUES ('1671', '2');
INSERT INTO "QueryTableAccess" ("queryId", "tableId")
    VALUES ('1671', '5');
INSERT INTO "QueryTableAccess" ("queryId", "tableId")
    VALUES ('1671', '3');
SELECT 'Theaters.location', 'Actors.gender' FROM Theaters LEFT OUTER JOIN Actors ON 'Theaters.location' = 'Actors.gender';
INSERT INTO "SqlQuery" ("queryId", "userId", "issuedAt", "finishedAt", "hasError", "errorMessage", "statement", "projectId", "queryTypeId")
    VALUES ('1672', '15', '2023-04-15 22:05:55.610846', '2023-04-15 22:05:57.610846', 'False', 'None', 'SELECT Theaters.location, Actors.gender FROM Theaters LEFT OUTER JOIN Actors ON Theaters.location = Actors.gender;', '5', '1');
INSERT INTO "QueryColumnAccess" ("queryId", "columnId")
    VALUES ('1672', '3');
INSERT INTO "QueryColumnAccess" ("queryId", "columnId")
    VALUES ('1672', '5');
INSERT INTO "QueryTableAccess" ("queryId", "tableId")
    VALUES ('1672', '4');
INSERT INTO "QueryTableAccess" ("queryId", "tableId")
    VALUES ('1672', '2');
SELECT 'Screenings.ticket_price', 'Movies.genre' FROM Screenings LEFT OUTER JOIN Movies ON 'Screenings.ticket_price' = 'Movies.genre';
INSERT INTO "SqlQuery" ("queryId", "userId", "issuedAt", "finishedAt", "hasError", "errorMessage", "statement", "projectId", "queryTypeId")
    VALUES ('1673', '14', '2023-05-16 22:05:55.610855', '2023-05-16 22:05:57.610855', 'False', 'None', 'SELECT Screenings.ticket_price, Movies.genre FROM Screenings LEFT OUTER JOIN Movies ON Screenings.ticket_price = Movies.genre;', '5', '1');
INSERT INTO "QueryColumnAccess" ("queryId", "columnId")
    VALUES ('1673', '6');
INSERT INTO "QueryColumnAccess" ("queryId", "columnId")
    VALUES ('1673', '4');
INSERT INTO "QueryTableAccess" ("queryId", "tableId")
    VALUES ('1673', '5');
INSERT INTO "QueryTableAccess" ("queryId", "tableId")
    VALUES ('1673', '1');
SELECT 'Movies.director', 'Actors.nationality' FROM Movies NATURAL JOIN Actors ON 'Movies.director' = 'Actors.nationality';
INSERT INTO "SqlQuery" ("queryId", "userId", "issuedAt", "finishedAt", "hasError", "errorMessage", "statement", "projectId", "queryTypeId")
    VALUES ('1674', '15', '2023-05-02 22:05:55.610864', '2023-05-02 22:05:59.610864', 'False', 'None', 'SELECT Movies.director, Actors.nationality FROM Movies NATURAL JOIN Actors ON Movies.director = Actors.nationality;', '5', '1');
INSERT INTO "QueryColumnAccess" ("queryId", "columnId")
    VALUES ('1674', '5');
INSERT INTO "QueryColumnAccess" ("queryId", "columnId")
    VALUES ('1674', '6');
INSERT INTO "QueryTableAccess" ("queryId", "tableId")
    VALUES ('1674', '1');
INSERT INTO "QueryTableAccess" ("queryId", "tableId")
    VALUES ('1674', '2');
SELECT 'Reviews.user_id', 'Movies.rating' FROM Reviews RIGHT OUTER JOIN Movies ON 'Reviews.user_id' = 'Movies.rating';
INSERT INTO "SqlQuery" ("queryId", "userId", "issuedAt", "finishedAt", "hasError", "errorMessage", "statement", "projectId", "queryTypeId")
    VALUES ('1675', '15', '2023-06-05 22:05:55.610872', '2023-06-05 22:05:58.610872', 'False', 'None', 'SELECT Reviews.user_id, Movies.rating FROM Reviews RIGHT OUTER JOIN Movies ON Reviews.user_id = Movies.rating;', '5', '1');
INSERT INTO "QueryColumnAccess" ("queryId", "columnId")
    VALUES ('1675', '3');
INSERT INTO "QueryColumnAccess" ("queryId", "columnId")
    VALUES ('1675', '7');
INSERT INTO "QueryTableAccess" ("queryId", "tableId")
    VALUES ('1675', '3');
INSERT INTO "QueryTableAccess" ("queryId", "tableId")
    VALUES ('1675', '1');
SELECT 'Actors.nationality', 'Reviews.comment' FROM Actors LEFT OUTER JOIN Reviews ON 'Actors.nationality' = 'Reviews.comment';
INSERT INTO "SqlQuery" ("queryId", "userId", "issuedAt", "finishedAt", "hasError", "errorMessage", "statement", "projectId", "queryTypeId")
    VALUES ('1676', '6', '2023-06-09 22:05:55.610887', '2023-06-09 22:05:56.610887', 'False', 'None', 'SELECT Actors.nationality, Reviews.comment FROM Actors LEFT OUTER JOIN Reviews ON Actors.nationality = Reviews.comment;', '5', '1');
INSERT INTO "QueryColumnAccess" ("queryId", "columnId")
    VALUES ('1676', '6');
INSERT INTO "QueryColumnAccess" ("queryId", "columnId")
    VALUES ('1676', '5');
INSERT INTO "QueryTableAccess" ("queryId", "tableId")
    VALUES ('1676', '2');
INSERT INTO "QueryTableAccess" ("queryId", "tableId")
    VALUES ('1676', '3');
SELECT 'Actors.gender', 'Theaters.theater_id' FROM Actors NATURAL JOIN Theaters ON 'Actors.gender' = 'Theaters.theater_id';
INSERT INTO "SqlQuery" ("queryId", "userId", "issuedAt", "finishedAt", "hasError", "errorMessage", "statement", "projectId", "queryTypeId")
    VALUES ('1677', '6', '2023-06-05 22:05:55.610896', '2023-06-05 22:05:56.610896', 'False', 'None', 'SELECT Actors.gender, Theaters.theater_id FROM Actors NATURAL JOIN Theaters ON Actors.gender = Theaters.theater_id;', '5', '1');
INSERT INTO "QueryColumnAccess" ("queryId", "columnId")
    VALUES ('1677', '5');
INSERT INTO "QueryColumnAccess" ("queryId", "columnId")
    VALUES ('1677', '1');
INSERT INTO "QueryTableAccess" ("queryId", "tableId")
    VALUES ('1677', '2');
INSERT INTO "QueryTableAccess" ("queryId", "tableId")
    VALUES ('1677', '4');
SELECT 'Reviews.comment', 'Movies.rating' FROM Reviews NATURAL JOIN Movies ON 'Reviews.comment' = 'Movies.rating';
INSERT INTO "SqlQuery" ("queryId", "userId", "issuedAt", "finishedAt", "hasError", "errorMessage", "statement", "projectId", "queryTypeId")
    VALUES ('1678', '6', '2023-06-04 22:05:55.610904', '2023-06-04 22:05:57.610904', 'False', 'None', 'SELECT Reviews.comment, Movies.rating FROM Reviews NATURAL JOIN Movies ON Reviews.comment = Movies.rating;', '5', '1');
INSERT INTO "QueryColumnAccess" ("queryId", "columnId")
    VALUES ('1678', '5');
INSERT INTO "QueryColumnAccess" ("queryId", "columnId")
    VALUES ('1678', '7');
INSERT INTO "QueryTableAccess" ("queryId", "tableId")
    VALUES ('1678', '3');
INSERT INTO "QueryTableAccess" ("queryId", "tableId")
    VALUES ('1678', '1');
SELECT 'Reviews.rating', 'Movies.director' FROM Reviews RIGHT OUTER JOIN Movies ON 'Reviews.rating' = 'Movies.director';
INSERT INTO "SqlQuery" ("queryId", "userId", "issuedAt", "finishedAt", "hasError", "errorMessage", "statement", "projectId", "queryTypeId")
    VALUES ('1679', '2', '2023-06-23 22:05:55.610913', '2023-06-23 22:05:59.610913', 'False', 'None', 'SELECT Reviews.rating, Movies.director FROM Reviews RIGHT OUTER JOIN Movies ON Reviews.rating = Movies.director;', '5', '1');
INSERT INTO "QueryColumnAccess" ("queryId", "columnId")
    VALUES ('1679', '4');
INSERT INTO "QueryColumnAccess" ("queryId", "columnId")
    VALUES ('1679', '5');
INSERT INTO "QueryTableAccess" ("queryId", "tableId")
    VALUES ('1679', '3');
INSERT INTO "QueryTableAccess" ("queryId", "tableId")
    VALUES ('1679', '1');
SELECT 'Movies.genre', 'Actors.date_of_birth' FROM Movies NATURAL JOIN Actors ON 'Movies.genre' = 'Actors.date_of_birth';
INSERT INTO "SqlQuery" ("queryId", "userId", "issuedAt", "finishedAt", "hasError", "errorMessage", "statement", "projectId", "queryTypeId")
    VALUES ('1680', '6', '2023-05-09 22:05:55.610921', '2023-05-09 22:05:58.610921', 'False', 'None', 'SELECT Movies.genre, Actors.date_of_birth FROM Movies NATURAL JOIN Actors ON Movies.genre = Actors.date_of_birth;', '5', '1');
INSERT INTO "QueryColumnAccess" ("queryId", "columnId")
    VALUES ('1680', '4');
INSERT INTO "QueryColumnAccess" ("queryId", "columnId")
    VALUES ('1680', '4');
INSERT INTO "QueryTableAccess" ("queryId", "tableId")
    VALUES ('1680', '1');
INSERT INTO "QueryTableAccess" ("queryId", "tableId")
    VALUES ('1680', '2');
SELECT 'Screenings.end_time', 'Movies.release_date' FROM Screenings LEFT OUTER JOIN Movies ON 'Screenings.end_time' = 'Movies.release_date';
INSERT INTO "SqlQuery" ("queryId", "userId", "issuedAt", "finishedAt", "hasError", "errorMessage", "statement", "projectId", "queryTypeId")
    VALUES ('1681', '6', '2023-07-09 22:05:55.610930', '2023-07-09 22:05:58.610930', 'False', 'None', 'SELECT Screenings.end_time, Movies.release_date FROM Screenings LEFT OUTER JOIN Movies ON Screenings.end_time = Movies.release_date;', '5', '1');
INSERT INTO "QueryColumnAccess" ("queryId", "columnId")
    VALUES ('1681', '5');
INSERT INTO "QueryColumnAccess" ("queryId", "columnId")
    VALUES ('1681', '3');
INSERT INTO "QueryTableAccess" ("queryId", "tableId")
    VALUES ('1681', '5');
INSERT INTO "QueryTableAccess" ("queryId", "tableId")
    VALUES ('1681', '1');
SELECT 'Movies.genre', 'Actors.first_name' FROM Movies LEFT OUTER JOIN Actors ON 'Movies.genre' = 'Actors.first_name';
INSERT INTO "SqlQuery" ("queryId", "userId", "issuedAt", "finishedAt", "hasError", "errorMessage", "statement", "projectId", "queryTypeId")
    VALUES ('1682', '5', '2023-05-23 22:05:55.610938', '2023-05-23 22:05:56.610938', 'False', 'None', 'SELECT Movies.genre, Actors.first_name FROM Movies LEFT OUTER JOIN Actors ON Movies.genre = Actors.first_name;', '5', '1');
INSERT INTO "QueryColumnAccess" ("queryId", "columnId")
    VALUES ('1682', '4');
INSERT INTO "QueryColumnAccess" ("queryId", "columnId")
    VALUES ('1682', '2');
INSERT INTO "QueryTableAccess" ("queryId", "tableId")
    VALUES ('1682', '1');
INSERT INTO "QueryTableAccess" ("queryId", "tableId")
    VALUES ('1682', '2');
SELECT 'Reviews.movie_id', 'Actors.last_name' FROM Reviews RIGHT OUTER JOIN Actors ON 'Reviews.movie_id' = 'Actors.last_name';
INSERT INTO "SqlQuery" ("queryId", "userId", "issuedAt", "finishedAt", "hasError", "errorMessage", "statement", "projectId", "queryTypeId")
    VALUES ('1683', '7', '2023-04-12 22:05:55.610947', '2023-04-12 22:05:57.610947', 'False', 'None', 'SELECT Reviews.movie_id, Actors.last_name FROM Reviews RIGHT OUTER JOIN Actors ON Reviews.movie_id = Actors.last_name;', '5', '1');
INSERT INTO "QueryColumnAccess" ("queryId", "columnId")
    VALUES ('1683', '2');
INSERT INTO "QueryColumnAccess" ("queryId", "columnId")
    VALUES ('1683', '3');
INSERT INTO "QueryTableAccess" ("queryId", "tableId")
    VALUES ('1683', '3');
INSERT INTO "QueryTableAccess" ("queryId", "tableId")
    VALUES ('1683', '2');
SELECT 'Reviews.rating', 'Actors.date_of_birth' FROM Reviews LEFT OUTER JOIN Actors ON 'Reviews.rating' = 'Actors.date_of_birth';
INSERT INTO "SqlQuery" ("queryId", "userId", "issuedAt", "finishedAt", "hasError", "errorMessage", "statement", "projectId", "queryTypeId")
    VALUES ('1684', '8', '2023-06-26 22:05:55.610955', '2023-06-26 22:05:56.610955', 'False', 'None', 'SELECT Reviews.rating, Actors.date_of_birth FROM Reviews LEFT OUTER JOIN Actors ON Reviews.rating = Actors.date_of_birth;', '5', '1');
INSERT INTO "QueryColumnAccess" ("queryId", "columnId")
    VALUES ('1684', '4');
INSERT INTO "QueryColumnAccess" ("queryId", "columnId")
    VALUES ('1684', '4');
INSERT INTO "QueryTableAccess" ("queryId", "tableId")
    VALUES ('1684', '3');
INSERT INTO "QueryTableAccess" ("queryId", "tableId")
    VALUES ('1684', '2');
SELECT 'Screenings.end_time', 'Movies.director' FROM Screenings LEFT OUTER JOIN Movies ON 'Screenings.end_time' = 'Movies.director';
INSERT INTO "SqlQuery" ("queryId", "userId", "issuedAt", "finishedAt", "hasError", "errorMessage", "statement", "projectId", "queryTypeId")
    VALUES ('1685', '1', '2023-05-24 22:05:55.610964', '2023-05-24 22:05:56.610964', 'False', 'None', 'SELECT Screenings.end_time, Movies.director FROM Screenings LEFT OUTER JOIN Movies ON Screenings.end_time = Movies.director;', '5', '1');
INSERT INTO "QueryColumnAccess" ("queryId", "columnId")
    VALUES ('1685', '5');
INSERT INTO "QueryColumnAccess" ("queryId", "columnId")
    VALUES ('1685', '5');
INSERT INTO "QueryTableAccess" ("queryId", "tableId")
    VALUES ('1685', '5');
INSERT INTO "QueryTableAccess" ("queryId", "tableId")
    VALUES ('1685', '1');
SELECT 'Actors.nationality', 'Movies.director' FROM Actors NATURAL JOIN Movies ON 'Actors.nationality' = 'Movies.director';
INSERT INTO "SqlQuery" ("queryId", "userId", "issuedAt", "finishedAt", "hasError", "errorMessage", "statement", "projectId", "queryTypeId")
    VALUES ('1686', '9', '2023-07-01 22:05:55.610977', '2023-07-01 22:05:59.610977', 'False', 'None', 'SELECT Actors.nationality, Movies.director FROM Actors NATURAL JOIN Movies ON Actors.nationality = Movies.director;', '5', '1');
INSERT INTO "QueryColumnAccess" ("queryId", "columnId")
    VALUES ('1686', '6');
INSERT INTO "QueryColumnAccess" ("queryId", "columnId")
    VALUES ('1686', '5');
INSERT INTO "QueryTableAccess" ("queryId", "tableId")
    VALUES ('1686', '2');
INSERT INTO "QueryTableAccess" ("queryId", "tableId")
    VALUES ('1686', '1');
SELECT 'Actors.date_of_birth', 'Theaters.theater_name' FROM Actors LEFT OUTER JOIN Theaters ON 'Actors.date_of_birth' = 'Theaters.theater_name';
INSERT INTO "SqlQuery" ("queryId", "userId", "issuedAt", "finishedAt", "hasError", "errorMessage", "statement", "projectId", "queryTypeId")
    VALUES ('1687', '15', '2023-05-10 22:05:55.610987', '2023-05-10 22:05:58.610987', 'False', 'None', 'SELECT Actors.date_of_birth, Theaters.theater_name FROM Actors LEFT OUTER JOIN Theaters ON Actors.date_of_birth = Theaters.theater_name;', '5', '1');
INSERT INTO "QueryColumnAccess" ("queryId", "columnId")
    VALUES ('1687', '4');
INSERT INTO "QueryColumnAccess" ("queryId", "columnId")
    VALUES ('1687', '2');
INSERT INTO "QueryTableAccess" ("queryId", "tableId")
    VALUES ('1687', '2');
INSERT INTO "QueryTableAccess" ("queryId", "tableId")
    VALUES ('1687', '4');
SELECT 'Actors.actor_id', 'Reviews.user_id' FROM Actors NATURAL JOIN Reviews ON 'Actors.actor_id' = 'Reviews.user_id';
INSERT INTO "SqlQuery" ("queryId", "userId", "issuedAt", "finishedAt", "hasError", "errorMessage", "statement", "projectId", "queryTypeId")
    VALUES ('1688', '5', '2023-06-18 22:05:55.610995', '2023-06-18 22:05:59.610995', 'False', 'None', 'SELECT Actors.actor_id, Reviews.user_id FROM Actors NATURAL JOIN Reviews ON Actors.actor_id = Reviews.user_id;', '5', '1');
INSERT INTO "QueryColumnAccess" ("queryId", "columnId")
    VALUES ('1688', '1');
INSERT INTO "QueryColumnAccess" ("queryId", "columnId")
    VALUES ('1688', '3');
INSERT INTO "QueryTableAccess" ("queryId", "tableId")
    VALUES ('1688', '2');
INSERT INTO "QueryTableAccess" ("queryId", "tableId")
    VALUES ('1688', '3');
SELECT 'Screenings.ticket_price', 'Theaters.theater_id' FROM Screenings NATURAL JOIN Theaters ON 'Screenings.ticket_price' = 'Theaters.theater_id';
INSERT INTO "SqlQuery" ("queryId", "userId", "issuedAt", "finishedAt", "hasError", "errorMessage", "statement", "projectId", "queryTypeId")
    VALUES ('1689', '5', '2023-05-14 22:05:55.611004', '2023-05-14 22:05:58.611004', 'False', 'None', 'SELECT Screenings.ticket_price, Theaters.theater_id FROM Screenings NATURAL JOIN Theaters ON Screenings.ticket_price = Theaters.theater_id;', '5', '1');
INSERT INTO "QueryColumnAccess" ("queryId", "columnId")
    VALUES ('1689', '6');
INSERT INTO "QueryColumnAccess" ("queryId", "columnId")
    VALUES ('1689', '1');
INSERT INTO "QueryTableAccess" ("queryId", "tableId")
    VALUES ('1689', '5');
INSERT INTO "QueryTableAccess" ("queryId", "tableId")
    VALUES ('1689', '4');
SELECT 'Screenings.ticket_price', 'Theaters.phone_number' FROM Screenings LEFT OUTER JOIN Theaters ON 'Screenings.ticket_price' = 'Theaters.phone_number';
INSERT INTO "SqlQuery" ("queryId", "userId", "issuedAt", "finishedAt", "hasError", "errorMessage", "statement", "projectId", "queryTypeId")
    VALUES ('1690', '13', '2023-05-11 22:05:55.611013', '2023-05-11 22:05:57.611013', 'False', 'None', 'SELECT Screenings.ticket_price, Theaters.phone_number FROM Screenings LEFT OUTER JOIN Theaters ON Screenings.ticket_price = Theaters.phone_number;', '5', '1');
INSERT INTO "QueryColumnAccess" ("queryId", "columnId")
    VALUES ('1690', '6');
INSERT INTO "QueryColumnAccess" ("queryId", "columnId")
    VALUES ('1690', '5');
INSERT INTO "QueryTableAccess" ("queryId", "tableId")
    VALUES ('1690', '5');
INSERT INTO "QueryTableAccess" ("queryId", "tableId")
    VALUES ('1690', '4');
SELECT 'Reviews.user_id', 'Movies.director' FROM Reviews NATURAL JOIN Movies ON 'Reviews.user_id' = 'Movies.director';
INSERT INTO "SqlQuery" ("queryId", "userId", "issuedAt", "finishedAt", "hasError", "errorMessage", "statement", "projectId", "queryTypeId")
    VALUES ('1691', '14', '2023-06-24 22:05:55.611022', '2023-06-24 22:05:58.611022', 'False', 'None', 'SELECT Reviews.user_id, Movies.director FROM Reviews NATURAL JOIN Movies ON Reviews.user_id = Movies.director;', '5', '1');
INSERT INTO "QueryColumnAccess" ("queryId", "columnId")
    VALUES ('1691', '3');
INSERT INTO "QueryColumnAccess" ("queryId", "columnId")
    VALUES ('1691', '5');
INSERT INTO "QueryTableAccess" ("queryId", "tableId")
    VALUES ('1691', '3');
INSERT INTO "QueryTableAccess" ("queryId", "tableId")
    VALUES ('1691', '1');
SELECT 'Screenings.theater_id', 'Actors.nationality' FROM Screenings RIGHT OUTER JOIN Actors ON 'Screenings.theater_id' = 'Actors.nationality';
INSERT INTO "SqlQuery" ("queryId", "userId", "issuedAt", "finishedAt", "hasError", "errorMessage", "statement", "projectId", "queryTypeId")
    VALUES ('1692', '10', '2023-05-28 22:05:55.611030', '2023-05-28 22:05:58.611030', 'False', 'None', 'SELECT Screenings.theater_id, Actors.nationality FROM Screenings RIGHT OUTER JOIN Actors ON Screenings.theater_id = Actors.nationality;', '5', '1');
INSERT INTO "QueryColumnAccess" ("queryId", "columnId")
    VALUES ('1692', '3');
INSERT INTO "QueryColumnAccess" ("queryId", "columnId")
    VALUES ('1692', '6');
INSERT INTO "QueryTableAccess" ("queryId", "tableId")
    VALUES ('1692', '5');
INSERT INTO "QueryTableAccess" ("queryId", "tableId")
    VALUES ('1692', '2');
SELECT 'Movies.genre', 'Theaters.location' FROM Movies LEFT OUTER JOIN Theaters ON 'Movies.genre' = 'Theaters.location';
INSERT INTO "SqlQuery" ("queryId", "userId", "issuedAt", "finishedAt", "hasError", "errorMessage", "statement", "projectId", "queryTypeId")
    VALUES ('1693', '13', '2023-05-25 22:05:55.611039', '2023-05-25 22:05:57.611039', 'False', 'None', 'SELECT Movies.genre, Theaters.location FROM Movies LEFT OUTER JOIN Theaters ON Movies.genre = Theaters.location;', '5', '1');
INSERT INTO "QueryColumnAccess" ("queryId", "columnId")
    VALUES ('1693', '4');
INSERT INTO "QueryColumnAccess" ("queryId", "columnId")
    VALUES ('1693', '3');
INSERT INTO "QueryTableAccess" ("queryId", "tableId")
    VALUES ('1693', '1');
INSERT INTO "QueryTableAccess" ("queryId", "tableId")
    VALUES ('1693', '4');
SELECT 'Screenings.start_time', 'Theaters.theater_name' FROM Screenings RIGHT OUTER JOIN Theaters ON 'Screenings.start_time' = 'Theaters.theater_name';
INSERT INTO "SqlQuery" ("queryId", "userId", "issuedAt", "finishedAt", "hasError", "errorMessage", "statement", "projectId", "queryTypeId")
    VALUES ('1694', '6', '2023-06-04 22:05:55.611048', '2023-06-04 22:05:58.611048', 'False', 'None', 'SELECT Screenings.start_time, Theaters.theater_name FROM Screenings RIGHT OUTER JOIN Theaters ON Screenings.start_time = Theaters.theater_name;', '5', '1');
INSERT INTO "QueryColumnAccess" ("queryId", "columnId")
    VALUES ('1694', '4');
INSERT INTO "QueryColumnAccess" ("queryId", "columnId")
    VALUES ('1694', '2');
INSERT INTO "QueryTableAccess" ("queryId", "tableId")
    VALUES ('1694', '5');
INSERT INTO "QueryTableAccess" ("queryId", "tableId")
    VALUES ('1694', '4');
SELECT 'Actors.actor_id', 'Theaters.location' FROM Actors NATURAL JOIN Theaters ON 'Actors.actor_id' = 'Theaters.location';
INSERT INTO "SqlQuery" ("queryId", "userId", "issuedAt", "finishedAt", "hasError", "errorMessage", "statement", "projectId", "queryTypeId")
    VALUES ('1695', '15', '2023-06-10 22:05:55.611060', '2023-06-10 22:05:57.611060', 'False', 'None', 'SELECT Actors.actor_id, Theaters.location FROM Actors NATURAL JOIN Theaters ON Actors.actor_id = Theaters.location;', '5', '1');
INSERT INTO "QueryColumnAccess" ("queryId", "columnId")
    VALUES ('1695', '1');
INSERT INTO "QueryColumnAccess" ("queryId", "columnId")
    VALUES ('1695', '3');
INSERT INTO "QueryTableAccess" ("queryId", "tableId")
    VALUES ('1695', '2');
INSERT INTO "QueryTableAccess" ("queryId", "tableId")
    VALUES ('1695', '4');
SELECT 'Reviews.review_date', 'Movies.director' FROM Reviews RIGHT OUTER JOIN Movies ON 'Reviews.review_date' = 'Movies.director';
INSERT INTO "SqlQuery" ("queryId", "userId", "issuedAt", "finishedAt", "hasError", "errorMessage", "statement", "projectId", "queryTypeId")
    VALUES ('1696', '10', '2023-05-03 22:05:55.611069', '2023-05-03 22:05:56.611069', 'False', 'None', 'SELECT Reviews.review_date, Movies.director FROM Reviews RIGHT OUTER JOIN Movies ON Reviews.review_date = Movies.director;', '5', '1');
INSERT INTO "QueryColumnAccess" ("queryId", "columnId")
    VALUES ('1696', '6');
INSERT INTO "QueryColumnAccess" ("queryId", "columnId")
    VALUES ('1696', '5');
INSERT INTO "QueryTableAccess" ("queryId", "tableId")
    VALUES ('1696', '3');
INSERT INTO "QueryTableAccess" ("queryId", "tableId")
    VALUES ('1696', '1');
SELECT 'Screenings.theater_id', 'Actors.actor_id' FROM Screenings LEFT OUTER JOIN Actors ON 'Screenings.theater_id' = 'Actors.actor_id';
INSERT INTO "SqlQuery" ("queryId", "userId", "issuedAt", "finishedAt", "hasError", "errorMessage", "statement", "projectId", "queryTypeId")
    VALUES ('1697', '6', '2023-04-24 22:05:55.611077', '2023-04-24 22:05:56.611077', 'False', 'None', 'SELECT Screenings.theater_id, Actors.actor_id FROM Screenings LEFT OUTER JOIN Actors ON Screenings.theater_id = Actors.actor_id;', '5', '1');
INSERT INTO "QueryColumnAccess" ("queryId", "columnId")
    VALUES ('1697', '3');
INSERT INTO "QueryColumnAccess" ("queryId", "columnId")
    VALUES ('1697', '1');
INSERT INTO "QueryTableAccess" ("queryId", "tableId")
    VALUES ('1697', '5');
INSERT INTO "QueryTableAccess" ("queryId", "tableId")
    VALUES ('1697', '2');
SELECT 'Reviews.rating', 'Actors.nationality' FROM Reviews NATURAL JOIN Actors ON 'Reviews.rating' = 'Actors.nationality';
INSERT INTO "SqlQuery" ("queryId", "userId", "issuedAt", "finishedAt", "hasError", "errorMessage", "statement", "projectId", "queryTypeId")
    VALUES ('1698', '5', '2023-05-08 22:05:55.611086', '2023-05-08 22:05:59.611086', 'False', 'None', 'SELECT Reviews.rating, Actors.nationality FROM Reviews NATURAL JOIN Actors ON Reviews.rating = Actors.nationality;', '5', '1');
INSERT INTO "QueryColumnAccess" ("queryId", "columnId")
    VALUES ('1698', '4');
INSERT INTO "QueryColumnAccess" ("queryId", "columnId")
    VALUES ('1698', '6');
INSERT INTO "QueryTableAccess" ("queryId", "tableId")
    VALUES ('1698', '3');
INSERT INTO "QueryTableAccess" ("queryId", "tableId")
    VALUES ('1698', '2');
SELECT 'Reviews.review_date', 'Theaters.phone_number' FROM Reviews RIGHT OUTER JOIN Theaters ON 'Reviews.review_date' = 'Theaters.phone_number';
INSERT INTO "SqlQuery" ("queryId", "userId", "issuedAt", "finishedAt", "hasError", "errorMessage", "statement", "projectId", "queryTypeId")
    VALUES ('1699', '12', '2023-05-03 22:05:55.611095', '2023-05-03 22:05:58.611095', 'False', 'None', 'SELECT Reviews.review_date, Theaters.phone_number FROM Reviews RIGHT OUTER JOIN Theaters ON Reviews.review_date = Theaters.phone_number;', '5', '1');
INSERT INTO "QueryColumnAccess" ("queryId", "columnId")
    VALUES ('1699', '6');
INSERT INTO "QueryColumnAccess" ("queryId", "columnId")
    VALUES ('1699', '5');
INSERT INTO "QueryTableAccess" ("queryId", "tableId")
    VALUES ('1699', '3');
INSERT INTO "QueryTableAccess" ("queryId", "tableId")
    VALUES ('1699', '4');
SELECT 'Theaters.phone_number', 'Screenings.end_time' FROM Theaters NATURAL JOIN Screenings ON 'Theaters.phone_number' = 'Screenings.end_time';
INSERT INTO "SqlQuery" ("queryId", "userId", "issuedAt", "finishedAt", "hasError", "errorMessage", "statement", "projectId", "queryTypeId")
    VALUES ('1700', '13', '2023-06-22 22:05:55.611103', '2023-06-22 22:05:56.611103', 'False', 'None', 'SELECT Theaters.phone_number, Screenings.end_time FROM Theaters NATURAL JOIN Screenings ON Theaters.phone_number = Screenings.end_time;', '5', '1');
INSERT INTO "QueryColumnAccess" ("queryId", "columnId")
    VALUES ('1700', '5');
INSERT INTO "QueryColumnAccess" ("queryId", "columnId")
    VALUES ('1700', '5');
INSERT INTO "QueryTableAccess" ("queryId", "tableId")
    VALUES ('1700', '4');
INSERT INTO "QueryTableAccess" ("queryId", "tableId")
    VALUES ('1700', '5');
SELECT 'Screenings.end_time', 'Theaters.theater_name' FROM Screenings NATURAL JOIN Theaters ON 'Screenings.end_time' = 'Theaters.theater_name';
INSERT INTO "SqlQuery" ("queryId", "userId", "issuedAt", "finishedAt", "hasError", "errorMessage", "statement", "projectId", "queryTypeId")
    VALUES ('1701', '2', '2023-05-17 22:05:55.611112', '2023-05-17 22:05:57.611112', 'False', 'None', 'SELECT Screenings.end_time, Theaters.theater_name FROM Screenings NATURAL JOIN Theaters ON Screenings.end_time = Theaters.theater_name;', '5', '1');
INSERT INTO "QueryColumnAccess" ("queryId", "columnId")
    VALUES ('1701', '5');
INSERT INTO "QueryColumnAccess" ("queryId", "columnId")
    VALUES ('1701', '2');
INSERT INTO "QueryTableAccess" ("queryId", "tableId")
    VALUES ('1701', '5');
INSERT INTO "QueryTableAccess" ("queryId", "tableId")
    VALUES ('1701', '4');
SELECT 'Reviews.user_id', 'Theaters.theater_id' FROM Reviews NATURAL JOIN Theaters ON 'Reviews.user_id' = 'Theaters.theater_id';
INSERT INTO "SqlQuery" ("queryId", "userId", "issuedAt", "finishedAt", "hasError", "errorMessage", "statement", "projectId", "queryTypeId")
    VALUES ('1702', '10', '2023-06-27 22:05:55.611121', '2023-06-27 22:05:58.611121', 'False', 'None', 'SELECT Reviews.user_id, Theaters.theater_id FROM Reviews NATURAL JOIN Theaters ON Reviews.user_id = Theaters.theater_id;', '5', '1');
INSERT INTO "QueryColumnAccess" ("queryId", "columnId")
    VALUES ('1702', '3');
INSERT INTO "QueryColumnAccess" ("queryId", "columnId")
    VALUES ('1702', '1');
INSERT INTO "QueryTableAccess" ("queryId", "tableId")
    VALUES ('1702', '3');
INSERT INTO "QueryTableAccess" ("queryId", "tableId")
    VALUES ('1702', '4');
SELECT 'Theaters.phone_number', 'Screenings.start_time' FROM Theaters RIGHT OUTER JOIN Screenings ON 'Theaters.phone_number' = 'Screenings.start_time';
INSERT INTO "SqlQuery" ("queryId", "userId", "issuedAt", "finishedAt", "hasError", "errorMessage", "statement", "projectId", "queryTypeId")
    VALUES ('1703', '7', '2023-06-19 22:05:55.611130', '2023-06-19 22:05:56.611130', 'False', 'None', 'SELECT Theaters.phone_number, Screenings.start_time FROM Theaters RIGHT OUTER JOIN Screenings ON Theaters.phone_number = Screenings.start_time;', '5', '1');
INSERT INTO "QueryColumnAccess" ("queryId", "columnId")
    VALUES ('1703', '5');
INSERT INTO "QueryColumnAccess" ("queryId", "columnId")
    VALUES ('1703', '4');
INSERT INTO "QueryTableAccess" ("queryId", "tableId")
    VALUES ('1703', '4');
INSERT INTO "QueryTableAccess" ("queryId", "tableId")
    VALUES ('1703', '5');
SELECT 'Movies.title', 'Theaters.theater_name' FROM Movies RIGHT OUTER JOIN Theaters ON 'Movies.title' = 'Theaters.theater_name';
INSERT INTO "SqlQuery" ("queryId", "userId", "issuedAt", "finishedAt", "hasError", "errorMessage", "statement", "projectId", "queryTypeId")
    VALUES ('1704', '2', '2023-05-24 22:05:55.611139', '2023-05-24 22:05:56.611139', 'False', 'None', 'SELECT Movies.title, Theaters.theater_name FROM Movies RIGHT OUTER JOIN Theaters ON Movies.title = Theaters.theater_name;', '5', '1');
INSERT INTO "QueryColumnAccess" ("queryId", "columnId")
    VALUES ('1704', '2');
INSERT INTO "QueryColumnAccess" ("queryId", "columnId")
    VALUES ('1704', '2');
INSERT INTO "QueryTableAccess" ("queryId", "tableId")
    VALUES ('1704', '1');
INSERT INTO "QueryTableAccess" ("queryId", "tableId")
    VALUES ('1704', '4');
SELECT 'Movies.release_date', 'Actors.nationality' FROM Movies LEFT OUTER JOIN Actors ON 'Movies.release_date' = 'Actors.nationality';
INSERT INTO "SqlQuery" ("queryId", "userId", "issuedAt", "finishedAt", "hasError", "errorMessage", "statement", "projectId", "queryTypeId")
    VALUES ('1705', '4', '2023-07-01 22:05:55.611153', '2023-07-01 22:05:57.611153', 'False', 'None', 'SELECT Movies.release_date, Actors.nationality FROM Movies LEFT OUTER JOIN Actors ON Movies.release_date = Actors.nationality;', '5', '1');
INSERT INTO "QueryColumnAccess" ("queryId", "columnId")
    VALUES ('1705', '3');
INSERT INTO "QueryColumnAccess" ("queryId", "columnId")
    VALUES ('1705', '6');
INSERT INTO "QueryTableAccess" ("queryId", "tableId")
    VALUES ('1705', '1');
INSERT INTO "QueryTableAccess" ("queryId", "tableId")
    VALUES ('1705', '2');
SELECT 'Movies.title', 'Theaters.capacity' FROM Movies NATURAL JOIN Theaters ON 'Movies.title' = 'Theaters.capacity';
INSERT INTO "SqlQuery" ("queryId", "userId", "issuedAt", "finishedAt", "hasError", "errorMessage", "statement", "projectId", "queryTypeId")
    VALUES ('1706', '3', '2023-07-03 22:05:55.611162', '2023-07-03 22:05:57.611162', 'False', 'None', 'SELECT Movies.title, Theaters.capacity FROM Movies NATURAL JOIN Theaters ON Movies.title = Theaters.capacity;', '5', '1');
INSERT INTO "QueryColumnAccess" ("queryId", "columnId")
    VALUES ('1706', '2');
INSERT INTO "QueryColumnAccess" ("queryId", "columnId")
    VALUES ('1706', '4');
INSERT INTO "QueryTableAccess" ("queryId", "tableId")
    VALUES ('1706', '1');
INSERT INTO "QueryTableAccess" ("queryId", "tableId")
    VALUES ('1706', '4');
SELECT 'Reviews.movie_id', 'Screenings.start_time' FROM Reviews RIGHT OUTER JOIN Screenings ON 'Reviews.movie_id' = 'Screenings.start_time';
INSERT INTO "SqlQuery" ("queryId", "userId", "issuedAt", "finishedAt", "hasError", "errorMessage", "statement", "projectId", "queryTypeId")
    VALUES ('1707', '14', '2023-04-19 22:05:55.611170', '2023-04-19 22:05:58.611170', 'False', 'None', 'SELECT Reviews.movie_id, Screenings.start_time FROM Reviews RIGHT OUTER JOIN Screenings ON Reviews.movie_id = Screenings.start_time;', '5', '1');
INSERT INTO "QueryColumnAccess" ("queryId", "columnId")
    VALUES ('1707', '2');
INSERT INTO "QueryColumnAccess" ("queryId", "columnId")
    VALUES ('1707', '4');
INSERT INTO "QueryTableAccess" ("queryId", "tableId")
    VALUES ('1707', '3');
INSERT INTO "QueryTableAccess" ("queryId", "tableId")
    VALUES ('1707', '5');
SELECT 'Reviews.user_id', 'Screenings.movie_id' FROM Reviews LEFT OUTER JOIN Screenings ON 'Reviews.user_id' = 'Screenings.movie_id';
INSERT INTO "SqlQuery" ("queryId", "userId", "issuedAt", "finishedAt", "hasError", "errorMessage", "statement", "projectId", "queryTypeId")
    VALUES ('1708', '9', '2023-06-27 22:05:55.611179', '2023-06-27 22:05:57.611179', 'False', 'None', 'SELECT Reviews.user_id, Screenings.movie_id FROM Reviews LEFT OUTER JOIN Screenings ON Reviews.user_id = Screenings.movie_id;', '5', '1');
INSERT INTO "QueryColumnAccess" ("queryId", "columnId")
    VALUES ('1708', '3');
INSERT INTO "QueryColumnAccess" ("queryId", "columnId")
    VALUES ('1708', '2');
INSERT INTO "QueryTableAccess" ("queryId", "tableId")
    VALUES ('1708', '3');
INSERT INTO "QueryTableAccess" ("queryId", "tableId")
    VALUES ('1708', '5');
SELECT 'Actors.date_of_birth', 'Movies.movie_id' FROM Actors NATURAL JOIN Movies ON 'Actors.date_of_birth' = 'Movies.movie_id';
INSERT INTO "SqlQuery" ("queryId", "userId", "issuedAt", "finishedAt", "hasError", "errorMessage", "statement", "projectId", "queryTypeId")
    VALUES ('1709', '4', '2023-05-05 22:05:55.611187', '2023-05-05 22:05:59.611187', 'False', 'None', 'SELECT Actors.date_of_birth, Movies.movie_id FROM Actors NATURAL JOIN Movies ON Actors.date_of_birth = Movies.movie_id;', '5', '1');
INSERT INTO "QueryColumnAccess" ("queryId", "columnId")
    VALUES ('1709', '4');
INSERT INTO "QueryColumnAccess" ("queryId", "columnId")
    VALUES ('1709', '1');
INSERT INTO "QueryTableAccess" ("queryId", "tableId")
    VALUES ('1709', '2');
INSERT INTO "QueryTableAccess" ("queryId", "tableId")
    VALUES ('1709', '1');
SELECT 'Screenings.screening_id', 'Movies.rating' FROM Screenings NATURAL JOIN Movies ON 'Screenings.screening_id' = 'Movies.rating';
INSERT INTO "SqlQuery" ("queryId", "userId", "issuedAt", "finishedAt", "hasError", "errorMessage", "statement", "projectId", "queryTypeId")
    VALUES ('1710', '1', '2023-07-04 22:05:55.611196', '2023-07-04 22:05:57.611196', 'False', 'None', 'SELECT Screenings.screening_id, Movies.rating FROM Screenings NATURAL JOIN Movies ON Screenings.screening_id = Movies.rating;', '5', '1');
INSERT INTO "QueryColumnAccess" ("queryId", "columnId")
    VALUES ('1710', '1');
INSERT INTO "QueryColumnAccess" ("queryId", "columnId")
    VALUES ('1710', '7');
INSERT INTO "QueryTableAccess" ("queryId", "tableId")
    VALUES ('1710', '5');
INSERT INTO "QueryTableAccess" ("queryId", "tableId")
    VALUES ('1710', '1');
SELECT 'Actors.date_of_birth', 'Movies.director' FROM Actors NATURAL JOIN Movies ON 'Actors.date_of_birth' = 'Movies.director';
INSERT INTO "SqlQuery" ("queryId", "userId", "issuedAt", "finishedAt", "hasError", "errorMessage", "statement", "projectId", "queryTypeId")
    VALUES ('1711', '10', '2023-05-29 22:05:55.611205', '2023-05-29 22:05:59.611205', 'False', 'None', 'SELECT Actors.date_of_birth, Movies.director FROM Actors NATURAL JOIN Movies ON Actors.date_of_birth = Movies.director;', '5', '1');
INSERT INTO "QueryColumnAccess" ("queryId", "columnId")
    VALUES ('1711', '4');
INSERT INTO "QueryColumnAccess" ("queryId", "columnId")
    VALUES ('1711', '5');
INSERT INTO "QueryTableAccess" ("queryId", "tableId")
    VALUES ('1711', '2');
INSERT INTO "QueryTableAccess" ("queryId", "tableId")
    VALUES ('1711', '1');
SELECT 'Theaters.theater_name', 'Screenings.ticket_price' FROM Theaters LEFT OUTER JOIN Screenings ON 'Theaters.theater_name' = 'Screenings.ticket_price';
INSERT INTO "SqlQuery" ("queryId", "userId", "issuedAt", "finishedAt", "hasError", "errorMessage", "statement", "projectId", "queryTypeId")
    VALUES ('1712', '9', '2023-06-14 22:05:55.611213', '2023-06-14 22:05:59.611213', 'False', 'None', 'SELECT Theaters.theater_name, Screenings.ticket_price FROM Theaters LEFT OUTER JOIN Screenings ON Theaters.theater_name = Screenings.ticket_price;', '5', '1');
INSERT INTO "QueryColumnAccess" ("queryId", "columnId")
    VALUES ('1712', '2');
INSERT INTO "QueryColumnAccess" ("queryId", "columnId")
    VALUES ('1712', '6');
INSERT INTO "QueryTableAccess" ("queryId", "tableId")
    VALUES ('1712', '4');
INSERT INTO "QueryTableAccess" ("queryId", "tableId")
    VALUES ('1712', '5');
SELECT 'Actors.gender', 'Screenings.ticket_price' FROM Actors NATURAL JOIN Screenings ON 'Actors.gender' = 'Screenings.ticket_price';
INSERT INTO "SqlQuery" ("queryId", "userId", "issuedAt", "finishedAt", "hasError", "errorMessage", "statement", "projectId", "queryTypeId")
    VALUES ('1713', '12', '2023-06-28 22:05:55.611222', '2023-06-28 22:05:56.611222', 'False', 'None', 'SELECT Actors.gender, Screenings.ticket_price FROM Actors NATURAL JOIN Screenings ON Actors.gender = Screenings.ticket_price;', '5', '1');
INSERT INTO "QueryColumnAccess" ("queryId", "columnId")
    VALUES ('1713', '5');
INSERT INTO "QueryColumnAccess" ("queryId", "columnId")
    VALUES ('1713', '6');
INSERT INTO "QueryTableAccess" ("queryId", "tableId")
    VALUES ('1713', '2');
INSERT INTO "QueryTableAccess" ("queryId", "tableId")
    VALUES ('1713', '5');
SELECT 'Reviews.review_date', 'Actors.date_of_birth' FROM Reviews NATURAL JOIN Actors ON 'Reviews.review_date' = 'Actors.date_of_birth';
INSERT INTO "SqlQuery" ("queryId", "userId", "issuedAt", "finishedAt", "hasError", "errorMessage", "statement", "projectId", "queryTypeId")
    VALUES ('1714', '13', '2023-05-25 22:05:55.611238', '2023-05-25 22:05:59.611238', 'False', 'None', 'SELECT Reviews.review_date, Actors.date_of_birth FROM Reviews NATURAL JOIN Actors ON Reviews.review_date = Actors.date_of_birth;', '5', '1');
INSERT INTO "QueryColumnAccess" ("queryId", "columnId")
    VALUES ('1714', '6');
INSERT INTO "QueryColumnAccess" ("queryId", "columnId")
    VALUES ('1714', '4');
INSERT INTO "QueryTableAccess" ("queryId", "tableId")
    VALUES ('1714', '3');
INSERT INTO "QueryTableAccess" ("queryId", "tableId")
    VALUES ('1714', '2');
SELECT 'Screenings.start_time', 'Movies.release_date' FROM Screenings RIGHT OUTER JOIN Movies ON 'Screenings.start_time' = 'Movies.release_date';
INSERT INTO "SqlQuery" ("queryId", "userId", "issuedAt", "finishedAt", "hasError", "errorMessage", "statement", "projectId", "queryTypeId")
    VALUES ('1715', '9', '2023-04-12 22:05:55.611247', '2023-04-12 22:05:56.611247', 'False', 'None', 'SELECT Screenings.start_time, Movies.release_date FROM Screenings RIGHT OUTER JOIN Movies ON Screenings.start_time = Movies.release_date;', '5', '1');
INSERT INTO "QueryColumnAccess" ("queryId", "columnId")
    VALUES ('1715', '4');
INSERT INTO "QueryColumnAccess" ("queryId", "columnId")
    VALUES ('1715', '3');
INSERT INTO "QueryTableAccess" ("queryId", "tableId")
    VALUES ('1715', '5');
INSERT INTO "QueryTableAccess" ("queryId", "tableId")
    VALUES ('1715', '1');
SELECT 'Screenings.end_time', 'Theaters.location' FROM Screenings LEFT OUTER JOIN Theaters ON 'Screenings.end_time' = 'Theaters.location';
INSERT INTO "SqlQuery" ("queryId", "userId", "issuedAt", "finishedAt", "hasError", "errorMessage", "statement", "projectId", "queryTypeId")
    VALUES ('1716', '12', '2023-04-17 22:05:55.611256', '2023-04-17 22:05:58.611256', 'False', 'None', 'SELECT Screenings.end_time, Theaters.location FROM Screenings LEFT OUTER JOIN Theaters ON Screenings.end_time = Theaters.location;', '5', '1');
INSERT INTO "QueryColumnAccess" ("queryId", "columnId")
    VALUES ('1716', '5');
INSERT INTO "QueryColumnAccess" ("queryId", "columnId")
    VALUES ('1716', '3');
INSERT INTO "QueryTableAccess" ("queryId", "tableId")
    VALUES ('1716', '5');
INSERT INTO "QueryTableAccess" ("queryId", "tableId")
    VALUES ('1716', '4');
SELECT 'Theaters.capacity', 'Reviews.movie_id' FROM Theaters RIGHT OUTER JOIN Reviews ON 'Theaters.capacity' = 'Reviews.movie_id';
INSERT INTO "SqlQuery" ("queryId", "userId", "issuedAt", "finishedAt", "hasError", "errorMessage", "statement", "projectId", "queryTypeId")
    VALUES ('1717', '7', '2023-07-10 22:05:55.611265', '2023-07-10 22:05:59.611265', 'False', 'None', 'SELECT Theaters.capacity, Reviews.movie_id FROM Theaters RIGHT OUTER JOIN Reviews ON Theaters.capacity = Reviews.movie_id;', '5', '1');
INSERT INTO "QueryColumnAccess" ("queryId", "columnId")
    VALUES ('1717', '4');
INSERT INTO "QueryColumnAccess" ("queryId", "columnId")
    VALUES ('1717', '2');
INSERT INTO "QueryTableAccess" ("queryId", "tableId")
    VALUES ('1717', '4');
INSERT INTO "QueryTableAccess" ("queryId", "tableId")
    VALUES ('1717', '3');
SELECT 'Theaters.location', 'Actors.nationality' FROM Theaters RIGHT OUTER JOIN Actors ON 'Theaters.location' = 'Actors.nationality';
INSERT INTO "SqlQuery" ("queryId", "userId", "issuedAt", "finishedAt", "hasError", "errorMessage", "statement", "projectId", "queryTypeId")
    VALUES ('1718', '3', '2023-04-30 22:05:55.611274', '2023-04-30 22:05:57.611274', 'False', 'None', 'SELECT Theaters.location, Actors.nationality FROM Theaters RIGHT OUTER JOIN Actors ON Theaters.location = Actors.nationality;', '5', '1');
INSERT INTO "QueryColumnAccess" ("queryId", "columnId")
    VALUES ('1718', '3');
INSERT INTO "QueryColumnAccess" ("queryId", "columnId")
    VALUES ('1718', '6');
INSERT INTO "QueryTableAccess" ("queryId", "tableId")
    VALUES ('1718', '4');
INSERT INTO "QueryTableAccess" ("queryId", "tableId")
    VALUES ('1718', '2');
SELECT 'Theaters.phone_number', 'Actors.nationality' FROM Theaters LEFT OUTER JOIN Actors ON 'Theaters.phone_number' = 'Actors.nationality';
INSERT INTO "SqlQuery" ("queryId", "userId", "issuedAt", "finishedAt", "hasError", "errorMessage", "statement", "projectId", "queryTypeId")
    VALUES ('1719', '15', '2023-04-22 22:05:55.611282', '2023-04-22 22:05:57.611282', 'False', 'None', 'SELECT Theaters.phone_number, Actors.nationality FROM Theaters LEFT OUTER JOIN Actors ON Theaters.phone_number = Actors.nationality;', '5', '1');
INSERT INTO "QueryColumnAccess" ("queryId", "columnId")
    VALUES ('1719', '5');
INSERT INTO "QueryColumnAccess" ("queryId", "columnId")
    VALUES ('1719', '6');
INSERT INTO "QueryTableAccess" ("queryId", "tableId")
    VALUES ('1719', '4');
INSERT INTO "QueryTableAccess" ("queryId", "tableId")
    VALUES ('1719', '2');
SELECT 'Actors.first_name', 'Screenings.ticket_price' FROM Actors RIGHT OUTER JOIN Screenings ON 'Actors.first_name' = 'Screenings.ticket_price';
INSERT INTO "SqlQuery" ("queryId", "userId", "issuedAt", "finishedAt", "hasError", "errorMessage", "statement", "projectId", "queryTypeId")
    VALUES ('1720', '7', '2023-06-28 22:05:55.611291', '2023-06-28 22:05:56.611291', 'False', 'None', 'SELECT Actors.first_name, Screenings.ticket_price FROM Actors RIGHT OUTER JOIN Screenings ON Actors.first_name = Screenings.ticket_price;', '5', '1');
INSERT INTO "QueryColumnAccess" ("queryId", "columnId")
    VALUES ('1720', '2');
INSERT INTO "QueryColumnAccess" ("queryId", "columnId")
    VALUES ('1720', '6');
INSERT INTO "QueryTableAccess" ("queryId", "tableId")
    VALUES ('1720', '2');
INSERT INTO "QueryTableAccess" ("queryId", "tableId")
    VALUES ('1720', '5');
SELECT 'Reviews.user_id', 'Movies.genre' FROM Reviews RIGHT OUTER JOIN Movies ON 'Reviews.user_id' = 'Movies.genre';
INSERT INTO "SqlQuery" ("queryId", "userId", "issuedAt", "finishedAt", "hasError", "errorMessage", "statement", "projectId", "queryTypeId")
    VALUES ('1721', '3', '2023-05-19 22:05:55.611300', '2023-05-19 22:05:57.611300', 'False', 'None', 'SELECT Reviews.user_id, Movies.genre FROM Reviews RIGHT OUTER JOIN Movies ON Reviews.user_id = Movies.genre;', '5', '1');
INSERT INTO "QueryColumnAccess" ("queryId", "columnId")
    VALUES ('1721', '3');
INSERT INTO "QueryColumnAccess" ("queryId", "columnId")
    VALUES ('1721', '4');
INSERT INTO "QueryTableAccess" ("queryId", "tableId")
    VALUES ('1721', '3');
INSERT INTO "QueryTableAccess" ("queryId", "tableId")
    VALUES ('1721', '1');
SELECT 'Actors.date_of_birth', 'Screenings.ticket_price' FROM Actors LEFT OUTER JOIN Screenings ON 'Actors.date_of_birth' = 'Screenings.ticket_price';
INSERT INTO "SqlQuery" ("queryId", "userId", "issuedAt", "finishedAt", "hasError", "errorMessage", "statement", "projectId", "queryTypeId")
    VALUES ('1722', '9', '2023-05-29 22:05:55.611308', '2023-05-29 22:05:59.611308', 'False', 'None', 'SELECT Actors.date_of_birth, Screenings.ticket_price FROM Actors LEFT OUTER JOIN Screenings ON Actors.date_of_birth = Screenings.ticket_price;', '5', '1');
INSERT INTO "QueryColumnAccess" ("queryId", "columnId")
    VALUES ('1722', '4');
INSERT INTO "QueryColumnAccess" ("queryId", "columnId")
    VALUES ('1722', '6');
INSERT INTO "QueryTableAccess" ("queryId", "tableId")
    VALUES ('1722', '2');
INSERT INTO "QueryTableAccess" ("queryId", "tableId")
    VALUES ('1722', '5');
SELECT 'Theaters.theater_name', 'Actors.date_of_birth' FROM Theaters RIGHT OUTER JOIN Actors ON 'Theaters.theater_name' = 'Actors.date_of_birth';
INSERT INTO "SqlQuery" ("queryId", "userId", "issuedAt", "finishedAt", "hasError", "errorMessage", "statement", "projectId", "queryTypeId")
    VALUES ('1723', '5', '2023-05-20 22:05:55.611317', '2023-05-20 22:05:58.611317', 'False', 'None', 'SELECT Theaters.theater_name, Actors.date_of_birth FROM Theaters RIGHT OUTER JOIN Actors ON Theaters.theater_name = Actors.date_of_birth;', '5', '1');
INSERT INTO "QueryColumnAccess" ("queryId", "columnId")
    VALUES ('1723', '2');
INSERT INTO "QueryColumnAccess" ("queryId", "columnId")
    VALUES ('1723', '4');
INSERT INTO "QueryTableAccess" ("queryId", "tableId")
    VALUES ('1723', '4');
INSERT INTO "QueryTableAccess" ("queryId", "tableId")
    VALUES ('1723', '2');
SELECT 'Reviews.review_id', 'Actors.last_name' FROM Reviews LEFT OUTER JOIN Actors ON 'Reviews.review_id' = 'Actors.last_name';
INSERT INTO "SqlQuery" ("queryId", "userId", "issuedAt", "finishedAt", "hasError", "errorMessage", "statement", "projectId", "queryTypeId")
    VALUES ('1724', '11', '2023-07-02 22:05:55.611331', '2023-07-02 22:05:57.611331', 'False', 'None', 'SELECT Reviews.review_id, Actors.last_name FROM Reviews LEFT OUTER JOIN Actors ON Reviews.review_id = Actors.last_name;', '5', '1');
INSERT INTO "QueryColumnAccess" ("queryId", "columnId")
    VALUES ('1724', '1');
INSERT INTO "QueryColumnAccess" ("queryId", "columnId")
    VALUES ('1724', '3');
INSERT INTO "QueryTableAccess" ("queryId", "tableId")
    VALUES ('1724', '3');
INSERT INTO "QueryTableAccess" ("queryId", "tableId")
    VALUES ('1724', '2');
SELECT 'Theaters.theater_name', 'Actors.nationality' FROM Theaters LEFT OUTER JOIN Actors ON 'Theaters.theater_name' = 'Actors.nationality';
INSERT INTO "SqlQuery" ("queryId", "userId", "issuedAt", "finishedAt", "hasError", "errorMessage", "statement", "projectId", "queryTypeId")
    VALUES ('1725', '5', '2023-05-16 22:05:55.611340', '2023-05-16 22:05:57.611340', 'False', 'None', 'SELECT Theaters.theater_name, Actors.nationality FROM Theaters LEFT OUTER JOIN Actors ON Theaters.theater_name = Actors.nationality;', '5', '1');
INSERT INTO "QueryColumnAccess" ("queryId", "columnId")
    VALUES ('1725', '2');
INSERT INTO "QueryColumnAccess" ("queryId", "columnId")
    VALUES ('1725', '6');
INSERT INTO "QueryTableAccess" ("queryId", "tableId")
    VALUES ('1725', '4');
INSERT INTO "QueryTableAccess" ("queryId", "tableId")
    VALUES ('1725', '2');
SELECT 'Movies.title', 'Actors.first_name' FROM Movies NATURAL JOIN Actors ON 'Movies.title' = 'Actors.first_name';
INSERT INTO "SqlQuery" ("queryId", "userId", "issuedAt", "finishedAt", "hasError", "errorMessage", "statement", "projectId", "queryTypeId")
    VALUES ('1726', '11', '2023-06-05 22:05:55.611349', '2023-06-05 22:05:58.611349', 'False', 'None', 'SELECT Movies.title, Actors.first_name FROM Movies NATURAL JOIN Actors ON Movies.title = Actors.first_name;', '5', '1');
INSERT INTO "QueryColumnAccess" ("queryId", "columnId")
    VALUES ('1726', '2');
INSERT INTO "QueryColumnAccess" ("queryId", "columnId")
    VALUES ('1726', '2');
INSERT INTO "QueryTableAccess" ("queryId", "tableId")
    VALUES ('1726', '1');
INSERT INTO "QueryTableAccess" ("queryId", "tableId")
    VALUES ('1726', '2');
SELECT 'Screenings.start_time', 'Actors.gender' FROM Screenings LEFT OUTER JOIN Actors ON 'Screenings.start_time' = 'Actors.gender';
INSERT INTO "SqlQuery" ("queryId", "userId", "issuedAt", "finishedAt", "hasError", "errorMessage", "statement", "projectId", "queryTypeId")
    VALUES ('1727', '15', '2023-05-29 22:05:55.611358', '2023-05-29 22:05:57.611358', 'False', 'None', 'SELECT Screenings.start_time, Actors.gender FROM Screenings LEFT OUTER JOIN Actors ON Screenings.start_time = Actors.gender;', '5', '1');
INSERT INTO "QueryColumnAccess" ("queryId", "columnId")
    VALUES ('1727', '4');
INSERT INTO "QueryColumnAccess" ("queryId", "columnId")
    VALUES ('1727', '5');
INSERT INTO "QueryTableAccess" ("queryId", "tableId")
    VALUES ('1727', '5');
INSERT INTO "QueryTableAccess" ("queryId", "tableId")
    VALUES ('1727', '2');
SELECT 'Reviews.movie_id', 'Theaters.theater_id' FROM Reviews NATURAL JOIN Theaters ON 'Reviews.movie_id' = 'Theaters.theater_id';
INSERT INTO "SqlQuery" ("queryId", "userId", "issuedAt", "finishedAt", "hasError", "errorMessage", "statement", "projectId", "queryTypeId")
    VALUES ('1728', '7', '2023-05-04 22:05:55.611366', '2023-05-04 22:05:57.611366', 'False', 'None', 'SELECT Reviews.movie_id, Theaters.theater_id FROM Reviews NATURAL JOIN Theaters ON Reviews.movie_id = Theaters.theater_id;', '5', '1');
INSERT INTO "QueryColumnAccess" ("queryId", "columnId")
    VALUES ('1728', '2');
INSERT INTO "QueryColumnAccess" ("queryId", "columnId")
    VALUES ('1728', '1');
INSERT INTO "QueryTableAccess" ("queryId", "tableId")
    VALUES ('1728', '3');
INSERT INTO "QueryTableAccess" ("queryId", "tableId")
    VALUES ('1728', '4');
SELECT 'Actors.actor_id', 'Reviews.movie_id' FROM Actors LEFT OUTER JOIN Reviews ON 'Actors.actor_id' = 'Reviews.movie_id';
INSERT INTO "SqlQuery" ("queryId", "userId", "issuedAt", "finishedAt", "hasError", "errorMessage", "statement", "projectId", "queryTypeId")
    VALUES ('1729', '10', '2023-05-15 22:05:55.611375', '2023-05-15 22:05:59.611375', 'False', 'None', 'SELECT Actors.actor_id, Reviews.movie_id FROM Actors LEFT OUTER JOIN Reviews ON Actors.actor_id = Reviews.movie_id;', '5', '1');
INSERT INTO "QueryColumnAccess" ("queryId", "columnId")
    VALUES ('1729', '1');
INSERT INTO "QueryColumnAccess" ("queryId", "columnId")
    VALUES ('1729', '2');
INSERT INTO "QueryTableAccess" ("queryId", "tableId")
    VALUES ('1729', '2');
INSERT INTO "QueryTableAccess" ("queryId", "tableId")
    VALUES ('1729', '3');
SELECT 'Actors.first_name', 'Theaters.capacity' FROM Actors RIGHT OUTER JOIN Theaters ON 'Actors.first_name' = 'Theaters.capacity';
INSERT INTO "SqlQuery" ("queryId", "userId", "issuedAt", "finishedAt", "hasError", "errorMessage", "statement", "projectId", "queryTypeId")
    VALUES ('1730', '4', '2023-06-10 22:05:55.611384', '2023-06-10 22:05:57.611384', 'False', 'None', 'SELECT Actors.first_name, Theaters.capacity FROM Actors RIGHT OUTER JOIN Theaters ON Actors.first_name = Theaters.capacity;', '5', '1');
INSERT INTO "QueryColumnAccess" ("queryId", "columnId")
    VALUES ('1730', '2');
INSERT INTO "QueryColumnAccess" ("queryId", "columnId")
    VALUES ('1730', '4');
INSERT INTO "QueryTableAccess" ("queryId", "tableId")
    VALUES ('1730', '2');
INSERT INTO "QueryTableAccess" ("queryId", "tableId")
    VALUES ('1730', '4');
SELECT 'Screenings.screening_id', 'Reviews.review_id' FROM Screenings RIGHT OUTER JOIN Reviews ON 'Screenings.screening_id' = 'Reviews.review_id';
INSERT INTO "SqlQuery" ("queryId", "userId", "issuedAt", "finishedAt", "hasError", "errorMessage", "statement", "projectId", "queryTypeId")
    VALUES ('1731', '8', '2023-07-05 22:05:55.611392', '2023-07-05 22:05:57.611392', 'False', 'None', 'SELECT Screenings.screening_id, Reviews.review_id FROM Screenings RIGHT OUTER JOIN Reviews ON Screenings.screening_id = Reviews.review_id;', '5', '1');
INSERT INTO "QueryColumnAccess" ("queryId", "columnId")
    VALUES ('1731', '1');
INSERT INTO "QueryColumnAccess" ("queryId", "columnId")
    VALUES ('1731', '1');
INSERT INTO "QueryTableAccess" ("queryId", "tableId")
    VALUES ('1731', '5');
INSERT INTO "QueryTableAccess" ("queryId", "tableId")
    VALUES ('1731', '3');
SELECT 'Reviews.comment', 'Actors.nationality' FROM Reviews LEFT OUTER JOIN Actors ON 'Reviews.comment' = 'Actors.nationality';
INSERT INTO "SqlQuery" ("queryId", "userId", "issuedAt", "finishedAt", "hasError", "errorMessage", "statement", "projectId", "queryTypeId")
    VALUES ('1732', '15', '2023-05-04 22:05:55.611401', '2023-05-04 22:05:56.611401', 'False', 'None', 'SELECT Reviews.comment, Actors.nationality FROM Reviews LEFT OUTER JOIN Actors ON Reviews.comment = Actors.nationality;', '5', '1');
INSERT INTO "QueryColumnAccess" ("queryId", "columnId")
    VALUES ('1732', '5');
INSERT INTO "QueryColumnAccess" ("queryId", "columnId")
    VALUES ('1732', '6');
INSERT INTO "QueryTableAccess" ("queryId", "tableId")
    VALUES ('1732', '3');
INSERT INTO "QueryTableAccess" ("queryId", "tableId")
    VALUES ('1732', '2');
SELECT 'Theaters.phone_number', 'Actors.gender' FROM Theaters RIGHT OUTER JOIN Actors ON 'Theaters.phone_number' = 'Actors.gender';
INSERT INTO "SqlQuery" ("queryId", "userId", "issuedAt", "finishedAt", "hasError", "errorMessage", "statement", "projectId", "queryTypeId")
    VALUES ('1733', '1', '2023-05-18 22:05:55.611413', '2023-05-18 22:05:58.611413', 'False', 'None', 'SELECT Theaters.phone_number, Actors.gender FROM Theaters RIGHT OUTER JOIN Actors ON Theaters.phone_number = Actors.gender;', '5', '1');
INSERT INTO "QueryColumnAccess" ("queryId", "columnId")
    VALUES ('1733', '5');
INSERT INTO "QueryColumnAccess" ("queryId", "columnId")
    VALUES ('1733', '5');
INSERT INTO "QueryTableAccess" ("queryId", "tableId")
    VALUES ('1733', '4');
INSERT INTO "QueryTableAccess" ("queryId", "tableId")
    VALUES ('1733', '2');
SELECT 'Screenings.end_time', 'Reviews.user_id' FROM Screenings RIGHT OUTER JOIN Reviews ON 'Screenings.end_time' = 'Reviews.user_id';
INSERT INTO "SqlQuery" ("queryId", "userId", "issuedAt", "finishedAt", "hasError", "errorMessage", "statement", "projectId", "queryTypeId")
    VALUES ('1734', '10', '2023-04-27 22:05:55.611422', '2023-04-27 22:05:59.611422', 'False', 'None', 'SELECT Screenings.end_time, Reviews.user_id FROM Screenings RIGHT OUTER JOIN Reviews ON Screenings.end_time = Reviews.user_id;', '5', '1');
INSERT INTO "QueryColumnAccess" ("queryId", "columnId")
    VALUES ('1734', '5');
INSERT INTO "QueryColumnAccess" ("queryId", "columnId")
    VALUES ('1734', '3');
INSERT INTO "QueryTableAccess" ("queryId", "tableId")
    VALUES ('1734', '5');
INSERT INTO "QueryTableAccess" ("queryId", "tableId")
    VALUES ('1734', '3');
SELECT 'Movies.rating', 'Reviews.review_date' FROM Movies NATURAL JOIN Reviews ON 'Movies.rating' = 'Reviews.review_date';
INSERT INTO "SqlQuery" ("queryId", "userId", "issuedAt", "finishedAt", "hasError", "errorMessage", "statement", "projectId", "queryTypeId")
    VALUES ('1735', '8', '2023-05-02 22:05:55.611431', '2023-05-02 22:05:56.611431', 'False', 'None', 'SELECT Movies.rating, Reviews.review_date FROM Movies NATURAL JOIN Reviews ON Movies.rating = Reviews.review_date;', '5', '1');
INSERT INTO "QueryColumnAccess" ("queryId", "columnId")
    VALUES ('1735', '7');
INSERT INTO "QueryColumnAccess" ("queryId", "columnId")
    VALUES ('1735', '6');
INSERT INTO "QueryTableAccess" ("queryId", "tableId")
    VALUES ('1735', '1');
INSERT INTO "QueryTableAccess" ("queryId", "tableId")
    VALUES ('1735', '3');
SELECT 'Theaters.location', 'Actors.nationality' FROM Theaters RIGHT OUTER JOIN Actors ON 'Theaters.location' = 'Actors.nationality';
INSERT INTO "SqlQuery" ("queryId", "userId", "issuedAt", "finishedAt", "hasError", "errorMessage", "statement", "projectId", "queryTypeId")
    VALUES ('1736', '10', '2023-04-11 22:05:55.611439', '2023-04-11 22:05:57.611439', 'False', 'None', 'SELECT Theaters.location, Actors.nationality FROM Theaters RIGHT OUTER JOIN Actors ON Theaters.location = Actors.nationality;', '5', '1');
INSERT INTO "QueryColumnAccess" ("queryId", "columnId")
    VALUES ('1736', '3');
INSERT INTO "QueryColumnAccess" ("queryId", "columnId")
    VALUES ('1736', '6');
INSERT INTO "QueryTableAccess" ("queryId", "tableId")
    VALUES ('1736', '4');
INSERT INTO "QueryTableAccess" ("queryId", "tableId")
    VALUES ('1736', '2');
SELECT 'Screenings.theater_id', 'Reviews.review_id' FROM Screenings RIGHT OUTER JOIN Reviews ON 'Screenings.theater_id' = 'Reviews.review_id';
INSERT INTO "SqlQuery" ("queryId", "userId", "issuedAt", "finishedAt", "hasError", "errorMessage", "statement", "projectId", "queryTypeId")
    VALUES ('1737', '6', '2023-04-25 22:05:55.611448', '2023-04-25 22:05:57.611448', 'False', 'None', 'SELECT Screenings.theater_id, Reviews.review_id FROM Screenings RIGHT OUTER JOIN Reviews ON Screenings.theater_id = Reviews.review_id;', '5', '1');
INSERT INTO "QueryColumnAccess" ("queryId", "columnId")
    VALUES ('1737', '3');
INSERT INTO "QueryColumnAccess" ("queryId", "columnId")
    VALUES ('1737', '1');
INSERT INTO "QueryTableAccess" ("queryId", "tableId")
    VALUES ('1737', '5');
INSERT INTO "QueryTableAccess" ("queryId", "tableId")
    VALUES ('1737', '3');
SELECT 'Actors.first_name', 'Theaters.location' FROM Actors RIGHT OUTER JOIN Theaters ON 'Actors.first_name' = 'Theaters.location';
INSERT INTO "SqlQuery" ("queryId", "userId", "issuedAt", "finishedAt", "hasError", "errorMessage", "statement", "projectId", "queryTypeId")
    VALUES ('1738', '6', '2023-05-01 22:05:55.611456', '2023-05-01 22:05:56.611456', 'False', 'None', 'SELECT Actors.first_name, Theaters.location FROM Actors RIGHT OUTER JOIN Theaters ON Actors.first_name = Theaters.location;', '5', '1');
INSERT INTO "QueryColumnAccess" ("queryId", "columnId")
    VALUES ('1738', '2');
INSERT INTO "QueryColumnAccess" ("queryId", "columnId")
    VALUES ('1738', '3');
INSERT INTO "QueryTableAccess" ("queryId", "tableId")
    VALUES ('1738', '2');
INSERT INTO "QueryTableAccess" ("queryId", "tableId")
    VALUES ('1738', '4');
SELECT 'Actors.last_name', 'Theaters.location' FROM Actors LEFT OUTER JOIN Theaters ON 'Actors.last_name' = 'Theaters.location';
INSERT INTO "SqlQuery" ("queryId", "userId", "issuedAt", "finishedAt", "hasError", "errorMessage", "statement", "projectId", "queryTypeId")
    VALUES ('1739', '15', '2023-07-05 22:05:55.611465', '2023-07-05 22:05:58.611465', 'False', 'None', 'SELECT Actors.last_name, Theaters.location FROM Actors LEFT OUTER JOIN Theaters ON Actors.last_name = Theaters.location;', '5', '1');
INSERT INTO "QueryColumnAccess" ("queryId", "columnId")
    VALUES ('1739', '3');
INSERT INTO "QueryColumnAccess" ("queryId", "columnId")
    VALUES ('1739', '3');
INSERT INTO "QueryTableAccess" ("queryId", "tableId")
    VALUES ('1739', '2');
INSERT INTO "QueryTableAccess" ("queryId", "tableId")
    VALUES ('1739', '4');
SELECT 'Reviews.user_id', 'Theaters.theater_name' FROM Reviews RIGHT OUTER JOIN Theaters ON 'Reviews.user_id' = 'Theaters.theater_name';
INSERT INTO "SqlQuery" ("queryId", "userId", "issuedAt", "finishedAt", "hasError", "errorMessage", "statement", "projectId", "queryTypeId")
    VALUES ('1740', '13', '2023-05-20 22:05:55.611474', '2023-05-20 22:05:56.611474', 'False', 'None', 'SELECT Reviews.user_id, Theaters.theater_name FROM Reviews RIGHT OUTER JOIN Theaters ON Reviews.user_id = Theaters.theater_name;', '5', '1');
INSERT INTO "QueryColumnAccess" ("queryId", "columnId")
    VALUES ('1740', '3');
INSERT INTO "QueryColumnAccess" ("queryId", "columnId")
    VALUES ('1740', '2');
INSERT INTO "QueryTableAccess" ("queryId", "tableId")
    VALUES ('1740', '3');
INSERT INTO "QueryTableAccess" ("queryId", "tableId")
    VALUES ('1740', '4');
SELECT 'Reviews.rating', 'Screenings.end_time' FROM Reviews RIGHT OUTER JOIN Screenings ON 'Reviews.rating' = 'Screenings.end_time';
INSERT INTO "SqlQuery" ("queryId", "userId", "issuedAt", "finishedAt", "hasError", "errorMessage", "statement", "projectId", "queryTypeId")
    VALUES ('1741', '13', '2023-05-02 22:05:55.611483', '2023-05-02 22:05:59.611483', 'False', 'None', 'SELECT Reviews.rating, Screenings.end_time FROM Reviews RIGHT OUTER JOIN Screenings ON Reviews.rating = Screenings.end_time;', '5', '1');
INSERT INTO "QueryColumnAccess" ("queryId", "columnId")
    VALUES ('1741', '4');
INSERT INTO "QueryColumnAccess" ("queryId", "columnId")
    VALUES ('1741', '5');
INSERT INTO "QueryTableAccess" ("queryId", "tableId")
    VALUES ('1741', '3');
INSERT INTO "QueryTableAccess" ("queryId", "tableId")
    VALUES ('1741', '5');
SELECT 'Screenings.screening_id', 'Movies.director' FROM Screenings RIGHT OUTER JOIN Movies ON 'Screenings.screening_id' = 'Movies.director';
INSERT INTO "SqlQuery" ("queryId", "userId", "issuedAt", "finishedAt", "hasError", "errorMessage", "statement", "projectId", "queryTypeId")
    VALUES ('1742', '7', '2023-06-20 22:05:55.611492', '2023-06-20 22:05:57.611492', 'False', 'None', 'SELECT Screenings.screening_id, Movies.director FROM Screenings RIGHT OUTER JOIN Movies ON Screenings.screening_id = Movies.director;', '5', '1');
INSERT INTO "QueryColumnAccess" ("queryId", "columnId")
    VALUES ('1742', '1');
INSERT INTO "QueryColumnAccess" ("queryId", "columnId")
    VALUES ('1742', '5');
INSERT INTO "QueryTableAccess" ("queryId", "tableId")
    VALUES ('1742', '5');
INSERT INTO "QueryTableAccess" ("queryId", "tableId")
    VALUES ('1742', '1');
SELECT 'Screenings.movie_id', 'Theaters.capacity' FROM Screenings RIGHT OUTER JOIN Theaters ON 'Screenings.movie_id' = 'Theaters.capacity';
INSERT INTO "SqlQuery" ("queryId", "userId", "issuedAt", "finishedAt", "hasError", "errorMessage", "statement", "projectId", "queryTypeId")
    VALUES ('1743', '15', '2023-07-09 22:05:55.611506', '2023-07-09 22:05:59.611506', 'False', 'None', 'SELECT Screenings.movie_id, Theaters.capacity FROM Screenings RIGHT OUTER JOIN Theaters ON Screenings.movie_id = Theaters.capacity;', '5', '1');
INSERT INTO "QueryColumnAccess" ("queryId", "columnId")
    VALUES ('1743', '2');
INSERT INTO "QueryColumnAccess" ("queryId", "columnId")
    VALUES ('1743', '4');
INSERT INTO "QueryTableAccess" ("queryId", "tableId")
    VALUES ('1743', '5');
INSERT INTO "QueryTableAccess" ("queryId", "tableId")
    VALUES ('1743', '4');
SELECT 'Theaters.location', 'Screenings.start_time' FROM Theaters NATURAL JOIN Screenings ON 'Theaters.location' = 'Screenings.start_time';
INSERT INTO "SqlQuery" ("queryId", "userId", "issuedAt", "finishedAt", "hasError", "errorMessage", "statement", "projectId", "queryTypeId")
    VALUES ('1744', '4', '2023-07-10 22:05:55.611515', '2023-07-10 22:05:59.611515', 'False', 'None', 'SELECT Theaters.location, Screenings.start_time FROM Theaters NATURAL JOIN Screenings ON Theaters.location = Screenings.start_time;', '5', '1');
INSERT INTO "QueryColumnAccess" ("queryId", "columnId")
    VALUES ('1744', '3');
INSERT INTO "QueryColumnAccess" ("queryId", "columnId")
    VALUES ('1744', '4');
INSERT INTO "QueryTableAccess" ("queryId", "tableId")
    VALUES ('1744', '4');
INSERT INTO "QueryTableAccess" ("queryId", "tableId")
    VALUES ('1744', '5');
SELECT 'Actors.last_name', 'Reviews.comment' FROM Actors NATURAL JOIN Reviews ON 'Actors.last_name' = 'Reviews.comment';
INSERT INTO "SqlQuery" ("queryId", "userId", "issuedAt", "finishedAt", "hasError", "errorMessage", "statement", "projectId", "queryTypeId")
    VALUES ('1745', '6', '2023-04-22 22:05:55.611523', '2023-04-22 22:05:57.611523', 'False', 'None', 'SELECT Actors.last_name, Reviews.comment FROM Actors NATURAL JOIN Reviews ON Actors.last_name = Reviews.comment;', '5', '1');
INSERT INTO "QueryColumnAccess" ("queryId", "columnId")
    VALUES ('1745', '3');
INSERT INTO "QueryColumnAccess" ("queryId", "columnId")
    VALUES ('1745', '5');
INSERT INTO "QueryTableAccess" ("queryId", "tableId")
    VALUES ('1745', '2');
INSERT INTO "QueryTableAccess" ("queryId", "tableId")
    VALUES ('1745', '3');
SELECT 'Actors.gender', 'Theaters.theater_name' FROM Actors NATURAL JOIN Theaters ON 'Actors.gender' = 'Theaters.theater_name';
INSERT INTO "SqlQuery" ("queryId", "userId", "issuedAt", "finishedAt", "hasError", "errorMessage", "statement", "projectId", "queryTypeId")
    VALUES ('1746', '12', '2023-04-26 22:05:55.611532', '2023-04-26 22:05:57.611532', 'False', 'None', 'SELECT Actors.gender, Theaters.theater_name FROM Actors NATURAL JOIN Theaters ON Actors.gender = Theaters.theater_name;', '5', '1');
INSERT INTO "QueryColumnAccess" ("queryId", "columnId")
    VALUES ('1746', '5');
INSERT INTO "QueryColumnAccess" ("queryId", "columnId")
    VALUES ('1746', '2');
INSERT INTO "QueryTableAccess" ("queryId", "tableId")
    VALUES ('1746', '2');
INSERT INTO "QueryTableAccess" ("queryId", "tableId")
    VALUES ('1746', '4');
SELECT 'Screenings.screening_id', 'Reviews.user_id' FROM Screenings NATURAL JOIN Reviews ON 'Screenings.screening_id' = 'Reviews.user_id';
INSERT INTO "SqlQuery" ("queryId", "userId", "issuedAt", "finishedAt", "hasError", "errorMessage", "statement", "projectId", "queryTypeId")
    VALUES ('1747', '4', '2023-04-19 22:05:55.611541', '2023-04-19 22:05:59.611541', 'False', 'None', 'SELECT Screenings.screening_id, Reviews.user_id FROM Screenings NATURAL JOIN Reviews ON Screenings.screening_id = Reviews.user_id;', '5', '1');
INSERT INTO "QueryColumnAccess" ("queryId", "columnId")
    VALUES ('1747', '1');
INSERT INTO "QueryColumnAccess" ("queryId", "columnId")
    VALUES ('1747', '3');
INSERT INTO "QueryTableAccess" ("queryId", "tableId")
    VALUES ('1747', '5');
INSERT INTO "QueryTableAccess" ("queryId", "tableId")
    VALUES ('1747', '3');
SELECT 'Actors.actor_id', 'Reviews.movie_id' FROM Actors NATURAL JOIN Reviews ON 'Actors.actor_id' = 'Reviews.movie_id';
INSERT INTO "SqlQuery" ("queryId", "userId", "issuedAt", "finishedAt", "hasError", "errorMessage", "statement", "projectId", "queryTypeId")
    VALUES ('1748', '6', '2023-04-29 22:05:55.611550', '2023-04-29 22:05:56.611550', 'False', 'None', 'SELECT Actors.actor_id, Reviews.movie_id FROM Actors NATURAL JOIN Reviews ON Actors.actor_id = Reviews.movie_id;', '5', '1');
INSERT INTO "QueryColumnAccess" ("queryId", "columnId")
    VALUES ('1748', '1');
INSERT INTO "QueryColumnAccess" ("queryId", "columnId")
    VALUES ('1748', '2');
INSERT INTO "QueryTableAccess" ("queryId", "tableId")
    VALUES ('1748', '2');
INSERT INTO "QueryTableAccess" ("queryId", "tableId")
    VALUES ('1748', '3');
SELECT 'Screenings.end_time', 'Movies.movie_id' FROM Screenings NATURAL JOIN Movies ON 'Screenings.end_time' = 'Movies.movie_id';
INSERT INTO "SqlQuery" ("queryId", "userId", "issuedAt", "finishedAt", "hasError", "errorMessage", "statement", "projectId", "queryTypeId")
    VALUES ('1749', '9', '2023-05-01 22:05:55.611559', '2023-05-01 22:05:56.611559', 'False', 'None', 'SELECT Screenings.end_time, Movies.movie_id FROM Screenings NATURAL JOIN Movies ON Screenings.end_time = Movies.movie_id;', '5', '1');
INSERT INTO "QueryColumnAccess" ("queryId", "columnId")
    VALUES ('1749', '5');
INSERT INTO "QueryColumnAccess" ("queryId", "columnId")
    VALUES ('1749', '1');
INSERT INTO "QueryTableAccess" ("queryId", "tableId")
    VALUES ('1749', '5');
INSERT INTO "QueryTableAccess" ("queryId", "tableId")
    VALUES ('1749', '1');
SELECT 'Theaters.theater_name', 'Actors.actor_id' FROM Theaters NATURAL JOIN Actors ON 'Theaters.theater_name' = 'Actors.actor_id';
INSERT INTO "SqlQuery" ("queryId", "userId", "issuedAt", "finishedAt", "hasError", "errorMessage", "statement", "projectId", "queryTypeId")
    VALUES ('1750', '12', '2023-05-04 22:05:55.611567', '2023-05-04 22:05:59.611567', 'False', 'None', 'SELECT Theaters.theater_name, Actors.actor_id FROM Theaters NATURAL JOIN Actors ON Theaters.theater_name = Actors.actor_id;', '5', '1');
INSERT INTO "QueryColumnAccess" ("queryId", "columnId")
    VALUES ('1750', '2');
INSERT INTO "QueryColumnAccess" ("queryId", "columnId")
    VALUES ('1750', '1');
INSERT INTO "QueryTableAccess" ("queryId", "tableId")
    VALUES ('1750', '4');
INSERT INTO "QueryTableAccess" ("queryId", "tableId")
    VALUES ('1750', '2');
SELECT 'Movies.director', 'Theaters.capacity' FROM Movies NATURAL JOIN Theaters ON 'Movies.director' = 'Theaters.capacity';
INSERT INTO "SqlQuery" ("queryId", "userId", "issuedAt", "finishedAt", "hasError", "errorMessage", "statement", "projectId", "queryTypeId")
    VALUES ('1751', '9', '2023-04-12 22:05:55.611576', '2023-04-12 22:05:58.611576', 'False', 'None', 'SELECT Movies.director, Theaters.capacity FROM Movies NATURAL JOIN Theaters ON Movies.director = Theaters.capacity;', '5', '1');
INSERT INTO "QueryColumnAccess" ("queryId", "columnId")
    VALUES ('1751', '5');
INSERT INTO "QueryColumnAccess" ("queryId", "columnId")
    VALUES ('1751', '4');
INSERT INTO "QueryTableAccess" ("queryId", "tableId")
    VALUES ('1751', '1');
INSERT INTO "QueryTableAccess" ("queryId", "tableId")
    VALUES ('1751', '4');
SELECT 'Reviews.comment', 'Theaters.theater_name' FROM Reviews LEFT OUTER JOIN Theaters ON 'Reviews.comment' = 'Theaters.theater_name';
INSERT INTO "SqlQuery" ("queryId", "userId", "issuedAt", "finishedAt", "hasError", "errorMessage", "statement", "projectId", "queryTypeId")
    VALUES ('1752', '4', '2023-06-03 22:05:55.611585', '2023-06-03 22:05:57.611585', 'False', 'None', 'SELECT Reviews.comment, Theaters.theater_name FROM Reviews LEFT OUTER JOIN Theaters ON Reviews.comment = Theaters.theater_name;', '5', '1');
INSERT INTO "QueryColumnAccess" ("queryId", "columnId")
    VALUES ('1752', '5');
INSERT INTO "QueryColumnAccess" ("queryId", "columnId")
    VALUES ('1752', '2');
INSERT INTO "QueryTableAccess" ("queryId", "tableId")
    VALUES ('1752', '3');
INSERT INTO "QueryTableAccess" ("queryId", "tableId")
    VALUES ('1752', '4');
SELECT 'Reviews.review_date', 'Screenings.movie_id' FROM Reviews NATURAL JOIN Screenings ON 'Reviews.review_date' = 'Screenings.movie_id';
INSERT INTO "SqlQuery" ("queryId", "userId", "issuedAt", "finishedAt", "hasError", "errorMessage", "statement", "projectId", "queryTypeId")
    VALUES ('1753', '7', '2023-06-26 22:05:55.611597', '2023-06-26 22:05:57.611597', 'False', 'None', 'SELECT Reviews.review_date, Screenings.movie_id FROM Reviews NATURAL JOIN Screenings ON Reviews.review_date = Screenings.movie_id;', '5', '1');
INSERT INTO "QueryColumnAccess" ("queryId", "columnId")
    VALUES ('1753', '6');
INSERT INTO "QueryColumnAccess" ("queryId", "columnId")
    VALUES ('1753', '2');
INSERT INTO "QueryTableAccess" ("queryId", "tableId")
    VALUES ('1753', '3');
INSERT INTO "QueryTableAccess" ("queryId", "tableId")
    VALUES ('1753', '5');
SELECT 'Theaters.capacity', 'Reviews.review_id' FROM Theaters LEFT OUTER JOIN Reviews ON 'Theaters.capacity' = 'Reviews.review_id';
INSERT INTO "SqlQuery" ("queryId", "userId", "issuedAt", "finishedAt", "hasError", "errorMessage", "statement", "projectId", "queryTypeId")
    VALUES ('1754', '6', '2023-04-30 22:05:55.611606', '2023-04-30 22:05:58.611606', 'False', 'None', 'SELECT Theaters.capacity, Reviews.review_id FROM Theaters LEFT OUTER JOIN Reviews ON Theaters.capacity = Reviews.review_id;', '5', '1');
INSERT INTO "QueryColumnAccess" ("queryId", "columnId")
    VALUES ('1754', '4');
INSERT INTO "QueryColumnAccess" ("queryId", "columnId")
    VALUES ('1754', '1');
INSERT INTO "QueryTableAccess" ("queryId", "tableId")
    VALUES ('1754', '4');
INSERT INTO "QueryTableAccess" ("queryId", "tableId")
    VALUES ('1754', '3');
SELECT 'Theaters.phone_number', 'Movies.title' FROM Theaters RIGHT OUTER JOIN Movies ON 'Theaters.phone_number' = 'Movies.title';
INSERT INTO "SqlQuery" ("queryId", "userId", "issuedAt", "finishedAt", "hasError", "errorMessage", "statement", "projectId", "queryTypeId")
    VALUES ('1755', '5', '2023-06-26 22:05:55.611615', '2023-06-26 22:05:58.611615', 'False', 'None', 'SELECT Theaters.phone_number, Movies.title FROM Theaters RIGHT OUTER JOIN Movies ON Theaters.phone_number = Movies.title;', '5', '1');
INSERT INTO "QueryColumnAccess" ("queryId", "columnId")
    VALUES ('1755', '5');
INSERT INTO "QueryColumnAccess" ("queryId", "columnId")
    VALUES ('1755', '2');
INSERT INTO "QueryTableAccess" ("queryId", "tableId")
    VALUES ('1755', '4');
INSERT INTO "QueryTableAccess" ("queryId", "tableId")
    VALUES ('1755', '1');
SELECT 'Reviews.comment', 'Theaters.capacity' FROM Reviews RIGHT OUTER JOIN Theaters ON 'Reviews.comment' = 'Theaters.capacity';
INSERT INTO "SqlQuery" ("queryId", "userId", "issuedAt", "finishedAt", "hasError", "errorMessage", "statement", "projectId", "queryTypeId")
    VALUES ('1756', '9', '2023-07-10 22:05:55.611624', '2023-07-10 22:05:58.611624', 'False', 'None', 'SELECT Reviews.comment, Theaters.capacity FROM Reviews RIGHT OUTER JOIN Theaters ON Reviews.comment = Theaters.capacity;', '5', '1');
INSERT INTO "QueryColumnAccess" ("queryId", "columnId")
    VALUES ('1756', '5');
INSERT INTO "QueryColumnAccess" ("queryId", "columnId")
    VALUES ('1756', '4');
INSERT INTO "QueryTableAccess" ("queryId", "tableId")
    VALUES ('1756', '3');
INSERT INTO "QueryTableAccess" ("queryId", "tableId")
    VALUES ('1756', '4');
SELECT 'Theaters.theater_id', 'Movies.rating' FROM Theaters RIGHT OUTER JOIN Movies ON 'Theaters.theater_id' = 'Movies.rating';
INSERT INTO "SqlQuery" ("queryId", "userId", "issuedAt", "finishedAt", "hasError", "errorMessage", "statement", "projectId", "queryTypeId")
    VALUES ('1757', '13', '2023-06-18 22:05:55.611633', '2023-06-18 22:05:56.611633', 'False', 'None', 'SELECT Theaters.theater_id, Movies.rating FROM Theaters RIGHT OUTER JOIN Movies ON Theaters.theater_id = Movies.rating;', '5', '1');
INSERT INTO "QueryColumnAccess" ("queryId", "columnId")
    VALUES ('1757', '1');
INSERT INTO "QueryColumnAccess" ("queryId", "columnId")
    VALUES ('1757', '7');
INSERT INTO "QueryTableAccess" ("queryId", "tableId")
    VALUES ('1757', '4');
INSERT INTO "QueryTableAccess" ("queryId", "tableId")
    VALUES ('1757', '1');
SELECT 'Actors.actor_id', 'Reviews.movie_id' FROM Actors RIGHT OUTER JOIN Reviews ON 'Actors.actor_id' = 'Reviews.movie_id';
INSERT INTO "SqlQuery" ("queryId", "userId", "issuedAt", "finishedAt", "hasError", "errorMessage", "statement", "projectId", "queryTypeId")
    VALUES ('1758', '1', '2023-05-20 22:05:55.611642', '2023-05-20 22:05:56.611642', 'False', 'None', 'SELECT Actors.actor_id, Reviews.movie_id FROM Actors RIGHT OUTER JOIN Reviews ON Actors.actor_id = Reviews.movie_id;', '5', '1');
INSERT INTO "QueryColumnAccess" ("queryId", "columnId")
    VALUES ('1758', '1');
INSERT INTO "QueryColumnAccess" ("queryId", "columnId")
    VALUES ('1758', '2');
INSERT INTO "QueryTableAccess" ("queryId", "tableId")
    VALUES ('1758', '2');
INSERT INTO "QueryTableAccess" ("queryId", "tableId")
    VALUES ('1758', '3');
SELECT 'Actors.nationality', 'Movies.director' FROM Actors RIGHT OUTER JOIN Movies ON 'Actors.nationality' = 'Movies.director';
INSERT INTO "SqlQuery" ("queryId", "userId", "issuedAt", "finishedAt", "hasError", "errorMessage", "statement", "projectId", "queryTypeId")
    VALUES ('1759', '11', '2023-05-12 22:05:55.611651', '2023-05-12 22:05:56.611651', 'False', 'None', 'SELECT Actors.nationality, Movies.director FROM Actors RIGHT OUTER JOIN Movies ON Actors.nationality = Movies.director;', '5', '1');
INSERT INTO "QueryColumnAccess" ("queryId", "columnId")
    VALUES ('1759', '6');
INSERT INTO "QueryColumnAccess" ("queryId", "columnId")
    VALUES ('1759', '5');
INSERT INTO "QueryTableAccess" ("queryId", "tableId")
    VALUES ('1759', '2');
INSERT INTO "QueryTableAccess" ("queryId", "tableId")
    VALUES ('1759', '1');
SELECT 'Theaters.theater_name', 'Screenings.ticket_price' FROM Theaters RIGHT OUTER JOIN Screenings ON 'Theaters.theater_name' = 'Screenings.ticket_price';
INSERT INTO "SqlQuery" ("queryId", "userId", "issuedAt", "finishedAt", "hasError", "errorMessage", "statement", "projectId", "queryTypeId")
    VALUES ('1760', '2', '2023-05-25 22:05:55.611659', '2023-05-25 22:05:59.611659', 'False', 'None', 'SELECT Theaters.theater_name, Screenings.ticket_price FROM Theaters RIGHT OUTER JOIN Screenings ON Theaters.theater_name = Screenings.ticket_price;', '5', '1');
INSERT INTO "QueryColumnAccess" ("queryId", "columnId")
    VALUES ('1760', '2');
INSERT INTO "QueryColumnAccess" ("queryId", "columnId")
    VALUES ('1760', '6');
INSERT INTO "QueryTableAccess" ("queryId", "tableId")
    VALUES ('1760', '4');
INSERT INTO "QueryTableAccess" ("queryId", "tableId")
    VALUES ('1760', '5');
SELECT 'Reviews.review_id', 'Actors.first_name' FROM Reviews NATURAL JOIN Actors ON 'Reviews.review_id' = 'Actors.first_name';
INSERT INTO "SqlQuery" ("queryId", "userId", "issuedAt", "finishedAt", "hasError", "errorMessage", "statement", "projectId", "queryTypeId")
    VALUES ('1761', '9', '2023-06-18 22:05:55.611668', '2023-06-18 22:05:56.611668', 'False', 'None', 'SELECT Reviews.review_id, Actors.first_name FROM Reviews NATURAL JOIN Actors ON Reviews.review_id = Actors.first_name;', '5', '1');
INSERT INTO "QueryColumnAccess" ("queryId", "columnId")
    VALUES ('1761', '1');
INSERT INTO "QueryColumnAccess" ("queryId", "columnId")
    VALUES ('1761', '2');
INSERT INTO "QueryTableAccess" ("queryId", "tableId")
    VALUES ('1761', '3');
INSERT INTO "QueryTableAccess" ("queryId", "tableId")
    VALUES ('1761', '2');
SELECT 'Movies.director', 'Screenings.screening_id' FROM Movies LEFT OUTER JOIN Screenings ON 'Movies.director' = 'Screenings.screening_id';
INSERT INTO "SqlQuery" ("queryId", "userId", "issuedAt", "finishedAt", "hasError", "errorMessage", "statement", "projectId", "queryTypeId")
    VALUES ('1762', '8', '2023-04-22 22:05:55.611685', '2023-04-22 22:05:56.611685', 'False', 'None', 'SELECT Movies.director, Screenings.screening_id FROM Movies LEFT OUTER JOIN Screenings ON Movies.director = Screenings.screening_id;', '5', '1');
INSERT INTO "QueryColumnAccess" ("queryId", "columnId")
    VALUES ('1762', '5');
INSERT INTO "QueryColumnAccess" ("queryId", "columnId")
    VALUES ('1762', '1');
INSERT INTO "QueryTableAccess" ("queryId", "tableId")
    VALUES ('1762', '1');
INSERT INTO "QueryTableAccess" ("queryId", "tableId")
    VALUES ('1762', '5');
SELECT 'Actors.actor_id', 'Theaters.phone_number' FROM Actors NATURAL JOIN Theaters ON 'Actors.actor_id' = 'Theaters.phone_number';
INSERT INTO "SqlQuery" ("queryId", "userId", "issuedAt", "finishedAt", "hasError", "errorMessage", "statement", "projectId", "queryTypeId")
    VALUES ('1763', '11', '2023-05-13 22:05:55.611694', '2023-05-13 22:05:59.611694', 'False', 'None', 'SELECT Actors.actor_id, Theaters.phone_number FROM Actors NATURAL JOIN Theaters ON Actors.actor_id = Theaters.phone_number;', '5', '1');
INSERT INTO "QueryColumnAccess" ("queryId", "columnId")
    VALUES ('1763', '1');
INSERT INTO "QueryColumnAccess" ("queryId", "columnId")
    VALUES ('1763', '5');
INSERT INTO "QueryTableAccess" ("queryId", "tableId")
    VALUES ('1763', '2');
INSERT INTO "QueryTableAccess" ("queryId", "tableId")
    VALUES ('1763', '4');
SELECT 'Actors.gender', 'Theaters.theater_id' FROM Actors RIGHT OUTER JOIN Theaters ON 'Actors.gender' = 'Theaters.theater_id';
INSERT INTO "SqlQuery" ("queryId", "userId", "issuedAt", "finishedAt", "hasError", "errorMessage", "statement", "projectId", "queryTypeId")
    VALUES ('1764', '14', '2023-07-06 22:05:55.611703', '2023-07-06 22:05:59.611703', 'False', 'None', 'SELECT Actors.gender, Theaters.theater_id FROM Actors RIGHT OUTER JOIN Theaters ON Actors.gender = Theaters.theater_id;', '5', '1');
INSERT INTO "QueryColumnAccess" ("queryId", "columnId")
    VALUES ('1764', '5');
INSERT INTO "QueryColumnAccess" ("queryId", "columnId")
    VALUES ('1764', '1');
INSERT INTO "QueryTableAccess" ("queryId", "tableId")
    VALUES ('1764', '2');
INSERT INTO "QueryTableAccess" ("queryId", "tableId")
    VALUES ('1764', '4');
SELECT 'Actors.gender', 'Screenings.theater_id' FROM Actors NATURAL JOIN Screenings ON 'Actors.gender' = 'Screenings.theater_id';
INSERT INTO "SqlQuery" ("queryId", "userId", "issuedAt", "finishedAt", "hasError", "errorMessage", "statement", "projectId", "queryTypeId")
    VALUES ('1765', '4', '2023-06-21 22:05:55.611711', '2023-06-21 22:05:57.611711', 'False', 'None', 'SELECT Actors.gender, Screenings.theater_id FROM Actors NATURAL JOIN Screenings ON Actors.gender = Screenings.theater_id;', '5', '1');
INSERT INTO "QueryColumnAccess" ("queryId", "columnId")
    VALUES ('1765', '5');
INSERT INTO "QueryColumnAccess" ("queryId", "columnId")
    VALUES ('1765', '3');
INSERT INTO "QueryTableAccess" ("queryId", "tableId")
    VALUES ('1765', '2');
INSERT INTO "QueryTableAccess" ("queryId", "tableId")
    VALUES ('1765', '5');
SELECT 'Screenings.start_time', 'Movies.movie_id' FROM Screenings RIGHT OUTER JOIN Movies ON 'Screenings.start_time' = 'Movies.movie_id';
INSERT INTO "SqlQuery" ("queryId", "userId", "issuedAt", "finishedAt", "hasError", "errorMessage", "statement", "projectId", "queryTypeId")
    VALUES ('1766', '15', '2023-04-24 22:05:55.611720', '2023-04-24 22:05:58.611720', 'False', 'None', 'SELECT Screenings.start_time, Movies.movie_id FROM Screenings RIGHT OUTER JOIN Movies ON Screenings.start_time = Movies.movie_id;', '5', '1');
INSERT INTO "QueryColumnAccess" ("queryId", "columnId")
    VALUES ('1766', '4');
INSERT INTO "QueryColumnAccess" ("queryId", "columnId")
    VALUES ('1766', '1');
INSERT INTO "QueryTableAccess" ("queryId", "tableId")
    VALUES ('1766', '5');
INSERT INTO "QueryTableAccess" ("queryId", "tableId")
    VALUES ('1766', '1');
SELECT 'Movies.release_date', 'Actors.last_name' FROM Movies LEFT OUTER JOIN Actors ON 'Movies.release_date' = 'Actors.last_name';
INSERT INTO "SqlQuery" ("queryId", "userId", "issuedAt", "finishedAt", "hasError", "errorMessage", "statement", "projectId", "queryTypeId")
    VALUES ('1767', '6', '2023-06-05 22:05:55.611729', '2023-06-05 22:05:59.611729', 'False', 'None', 'SELECT Movies.release_date, Actors.last_name FROM Movies LEFT OUTER JOIN Actors ON Movies.release_date = Actors.last_name;', '5', '1');
INSERT INTO "QueryColumnAccess" ("queryId", "columnId")
    VALUES ('1767', '3');
INSERT INTO "QueryColumnAccess" ("queryId", "columnId")
    VALUES ('1767', '3');
INSERT INTO "QueryTableAccess" ("queryId", "tableId")
    VALUES ('1767', '1');
INSERT INTO "QueryTableAccess" ("queryId", "tableId")
    VALUES ('1767', '2');
SELECT 'Theaters.phone_number', 'Screenings.movie_id' FROM Theaters NATURAL JOIN Screenings ON 'Theaters.phone_number' = 'Screenings.movie_id';
INSERT INTO "SqlQuery" ("queryId", "userId", "issuedAt", "finishedAt", "hasError", "errorMessage", "statement", "projectId", "queryTypeId")
    VALUES ('1768', '9', '2023-06-07 22:05:55.611738', '2023-06-07 22:05:59.611738', 'False', 'None', 'SELECT Theaters.phone_number, Screenings.movie_id FROM Theaters NATURAL JOIN Screenings ON Theaters.phone_number = Screenings.movie_id;', '5', '1');
INSERT INTO "QueryColumnAccess" ("queryId", "columnId")
    VALUES ('1768', '5');
INSERT INTO "QueryColumnAccess" ("queryId", "columnId")
    VALUES ('1768', '2');
INSERT INTO "QueryTableAccess" ("queryId", "tableId")
    VALUES ('1768', '4');
INSERT INTO "QueryTableAccess" ("queryId", "tableId")
    VALUES ('1768', '5');
SELECT 'Reviews.review_date', 'Movies.rating' FROM Reviews RIGHT OUTER JOIN Movies ON 'Reviews.review_date' = 'Movies.rating';
INSERT INTO "SqlQuery" ("queryId", "userId", "issuedAt", "finishedAt", "hasError", "errorMessage", "statement", "projectId", "queryTypeId")
    VALUES ('1769', '2', '2023-07-05 22:05:55.611747', '2023-07-05 22:05:59.611747', 'False', 'None', 'SELECT Reviews.review_date, Movies.rating FROM Reviews RIGHT OUTER JOIN Movies ON Reviews.review_date = Movies.rating;', '5', '1');
INSERT INTO "QueryColumnAccess" ("queryId", "columnId")
    VALUES ('1769', '6');
INSERT INTO "QueryColumnAccess" ("queryId", "columnId")
    VALUES ('1769', '7');
INSERT INTO "QueryTableAccess" ("queryId", "tableId")
    VALUES ('1769', '3');
INSERT INTO "QueryTableAccess" ("queryId", "tableId")
    VALUES ('1769', '1');
SELECT 'Theaters.location', 'Screenings.movie_id' FROM Theaters RIGHT OUTER JOIN Screenings ON 'Theaters.location' = 'Screenings.movie_id';
INSERT INTO "SqlQuery" ("queryId", "userId", "issuedAt", "finishedAt", "hasError", "errorMessage", "statement", "projectId", "queryTypeId")
    VALUES ('1770', '9', '2023-05-27 22:05:55.611756', '2023-05-27 22:05:56.611756', 'False', 'None', 'SELECT Theaters.location, Screenings.movie_id FROM Theaters RIGHT OUTER JOIN Screenings ON Theaters.location = Screenings.movie_id;', '5', '1');
INSERT INTO "QueryColumnAccess" ("queryId", "columnId")
    VALUES ('1770', '3');
INSERT INTO "QueryColumnAccess" ("queryId", "columnId")
    VALUES ('1770', '2');
INSERT INTO "QueryTableAccess" ("queryId", "tableId")
    VALUES ('1770', '4');
INSERT INTO "QueryTableAccess" ("queryId", "tableId")
    VALUES ('1770', '5');
SELECT 'Theaters.capacity', 'Actors.gender' FROM Theaters NATURAL JOIN Actors ON 'Theaters.capacity' = 'Actors.gender';
INSERT INTO "SqlQuery" ("queryId", "userId", "issuedAt", "finishedAt", "hasError", "errorMessage", "statement", "projectId", "queryTypeId")
    VALUES ('1771', '3', '2023-05-04 22:05:55.611765', '2023-05-04 22:05:59.611765', 'False', 'None', 'SELECT Theaters.capacity, Actors.gender FROM Theaters NATURAL JOIN Actors ON Theaters.capacity = Actors.gender;', '5', '1');
INSERT INTO "QueryColumnAccess" ("queryId", "columnId")
    VALUES ('1771', '4');
INSERT INTO "QueryColumnAccess" ("queryId", "columnId")
    VALUES ('1771', '5');
INSERT INTO "QueryTableAccess" ("queryId", "tableId")
    VALUES ('1771', '4');
INSERT INTO "QueryTableAccess" ("queryId", "tableId")
    VALUES ('1771', '2');
SELECT 'Screenings.theater_id', 'Reviews.review_id' FROM Screenings RIGHT OUTER JOIN Reviews ON 'Screenings.theater_id' = 'Reviews.review_id';
INSERT INTO "SqlQuery" ("queryId", "userId", "issuedAt", "finishedAt", "hasError", "errorMessage", "statement", "projectId", "queryTypeId")
    VALUES ('1772', '8', '2023-04-15 22:05:55.611777', '2023-04-15 22:05:56.611777', 'False', 'None', 'SELECT Screenings.theater_id, Reviews.review_id FROM Screenings RIGHT OUTER JOIN Reviews ON Screenings.theater_id = Reviews.review_id;', '5', '1');
INSERT INTO "QueryColumnAccess" ("queryId", "columnId")
    VALUES ('1772', '3');
INSERT INTO "QueryColumnAccess" ("queryId", "columnId")
    VALUES ('1772', '1');
INSERT INTO "QueryTableAccess" ("queryId", "tableId")
    VALUES ('1772', '5');
INSERT INTO "QueryTableAccess" ("queryId", "tableId")
    VALUES ('1772', '3');
SELECT 'Screenings.end_time', 'Movies.director' FROM Screenings RIGHT OUTER JOIN Movies ON 'Screenings.end_time' = 'Movies.director';
INSERT INTO "SqlQuery" ("queryId", "userId", "issuedAt", "finishedAt", "hasError", "errorMessage", "statement", "projectId", "queryTypeId")
    VALUES ('1773', '5', '2023-07-09 22:05:55.611786', '2023-07-09 22:05:58.611786', 'False', 'None', 'SELECT Screenings.end_time, Movies.director FROM Screenings RIGHT OUTER JOIN Movies ON Screenings.end_time = Movies.director;', '5', '1');
INSERT INTO "QueryColumnAccess" ("queryId", "columnId")
    VALUES ('1773', '5');
INSERT INTO "QueryColumnAccess" ("queryId", "columnId")
    VALUES ('1773', '5');
INSERT INTO "QueryTableAccess" ("queryId", "tableId")
    VALUES ('1773', '5');
INSERT INTO "QueryTableAccess" ("queryId", "tableId")
    VALUES ('1773', '1');
SELECT 'Screenings.end_time', 'Movies.title' FROM Screenings RIGHT OUTER JOIN Movies ON 'Screenings.end_time' = 'Movies.title';
INSERT INTO "SqlQuery" ("queryId", "userId", "issuedAt", "finishedAt", "hasError", "errorMessage", "statement", "projectId", "queryTypeId")
    VALUES ('1774', '12', '2023-07-08 22:05:55.611795', '2023-07-08 22:05:59.611795', 'False', 'None', 'SELECT Screenings.end_time, Movies.title FROM Screenings RIGHT OUTER JOIN Movies ON Screenings.end_time = Movies.title;', '5', '1');
INSERT INTO "QueryColumnAccess" ("queryId", "columnId")
    VALUES ('1774', '5');
INSERT INTO "QueryColumnAccess" ("queryId", "columnId")
    VALUES ('1774', '2');
INSERT INTO "QueryTableAccess" ("queryId", "tableId")
    VALUES ('1774', '5');
INSERT INTO "QueryTableAccess" ("queryId", "tableId")
    VALUES ('1774', '1');
SELECT 'Theaters.theater_name', 'Reviews.user_id' FROM Theaters RIGHT OUTER JOIN Reviews ON 'Theaters.theater_name' = 'Reviews.user_id';
INSERT INTO "SqlQuery" ("queryId", "userId", "issuedAt", "finishedAt", "hasError", "errorMessage", "statement", "projectId", "queryTypeId")
    VALUES ('1775', '7', '2023-06-11 22:05:55.611804', '2023-06-11 22:05:58.611804', 'False', 'None', 'SELECT Theaters.theater_name, Reviews.user_id FROM Theaters RIGHT OUTER JOIN Reviews ON Theaters.theater_name = Reviews.user_id;', '5', '1');
INSERT INTO "QueryColumnAccess" ("queryId", "columnId")
    VALUES ('1775', '2');
INSERT INTO "QueryColumnAccess" ("queryId", "columnId")
    VALUES ('1775', '3');
INSERT INTO "QueryTableAccess" ("queryId", "tableId")
    VALUES ('1775', '4');
INSERT INTO "QueryTableAccess" ("queryId", "tableId")
    VALUES ('1775', '3');
SELECT 'Movies.director', 'Reviews.movie_id' FROM Movies RIGHT OUTER JOIN Reviews ON 'Movies.director' = 'Reviews.movie_id';
INSERT INTO "SqlQuery" ("queryId", "userId", "issuedAt", "finishedAt", "hasError", "errorMessage", "statement", "projectId", "queryTypeId")
    VALUES ('1776', '2', '2023-05-31 22:05:55.611812', '2023-05-31 22:05:57.611812', 'False', 'None', 'SELECT Movies.director, Reviews.movie_id FROM Movies RIGHT OUTER JOIN Reviews ON Movies.director = Reviews.movie_id;', '5', '1');
INSERT INTO "QueryColumnAccess" ("queryId", "columnId")
    VALUES ('1776', '5');
INSERT INTO "QueryColumnAccess" ("queryId", "columnId")
    VALUES ('1776', '2');
INSERT INTO "QueryTableAccess" ("queryId", "tableId")
    VALUES ('1776', '1');
INSERT INTO "QueryTableAccess" ("queryId", "tableId")
    VALUES ('1776', '3');
SELECT 'Reviews.movie_id', 'Movies.rating' FROM Reviews NATURAL JOIN Movies ON 'Reviews.movie_id' = 'Movies.rating';
INSERT INTO "SqlQuery" ("queryId", "userId", "issuedAt", "finishedAt", "hasError", "errorMessage", "statement", "projectId", "queryTypeId")
    VALUES ('1777', '4', '2023-05-21 22:05:55.611821', '2023-05-21 22:05:57.611821', 'False', 'None', 'SELECT Reviews.movie_id, Movies.rating FROM Reviews NATURAL JOIN Movies ON Reviews.movie_id = Movies.rating;', '5', '1');
INSERT INTO "QueryColumnAccess" ("queryId", "columnId")
    VALUES ('1777', '2');
INSERT INTO "QueryColumnAccess" ("queryId", "columnId")
    VALUES ('1777', '7');
INSERT INTO "QueryTableAccess" ("queryId", "tableId")
    VALUES ('1777', '3');
INSERT INTO "QueryTableAccess" ("queryId", "tableId")
    VALUES ('1777', '1');
SELECT 'Actors.actor_id', 'Movies.release_date' FROM Actors NATURAL JOIN Movies ON 'Actors.actor_id' = 'Movies.release_date';
INSERT INTO "SqlQuery" ("queryId", "userId", "issuedAt", "finishedAt", "hasError", "errorMessage", "statement", "projectId", "queryTypeId")
    VALUES ('1778', '3', '2023-06-17 22:05:55.611829', '2023-06-17 22:05:57.611829', 'False', 'None', 'SELECT Actors.actor_id, Movies.release_date FROM Actors NATURAL JOIN Movies ON Actors.actor_id = Movies.release_date;', '5', '1');
INSERT INTO "QueryColumnAccess" ("queryId", "columnId")
    VALUES ('1778', '1');
INSERT INTO "QueryColumnAccess" ("queryId", "columnId")
    VALUES ('1778', '3');
INSERT INTO "QueryTableAccess" ("queryId", "tableId")
    VALUES ('1778', '2');
INSERT INTO "QueryTableAccess" ("queryId", "tableId")
    VALUES ('1778', '1');
SELECT 'Actors.first_name', 'Theaters.phone_number' FROM Actors RIGHT OUTER JOIN Theaters ON 'Actors.first_name' = 'Theaters.phone_number';
INSERT INTO "SqlQuery" ("queryId", "userId", "issuedAt", "finishedAt", "hasError", "errorMessage", "statement", "projectId", "queryTypeId")
    VALUES ('1779', '5', '2023-06-27 22:05:55.611838', '2023-06-27 22:05:57.611838', 'False', 'None', 'SELECT Actors.first_name, Theaters.phone_number FROM Actors RIGHT OUTER JOIN Theaters ON Actors.first_name = Theaters.phone_number;', '5', '1');
INSERT INTO "QueryColumnAccess" ("queryId", "columnId")
    VALUES ('1779', '2');
INSERT INTO "QueryColumnAccess" ("queryId", "columnId")
    VALUES ('1779', '5');
INSERT INTO "QueryTableAccess" ("queryId", "tableId")
    VALUES ('1779', '2');
INSERT INTO "QueryTableAccess" ("queryId", "tableId")
    VALUES ('1779', '4');
SELECT 'Reviews.movie_id', 'Movies.director' FROM Reviews LEFT OUTER JOIN Movies ON 'Reviews.movie_id' = 'Movies.director';
INSERT INTO "SqlQuery" ("queryId", "userId", "issuedAt", "finishedAt", "hasError", "errorMessage", "statement", "projectId", "queryTypeId")
    VALUES ('1780', '2', '2023-04-19 22:05:55.611847', '2023-04-19 22:05:57.611847', 'False', 'None', 'SELECT Reviews.movie_id, Movies.director FROM Reviews LEFT OUTER JOIN Movies ON Reviews.movie_id = Movies.director;', '5', '1');
INSERT INTO "QueryColumnAccess" ("queryId", "columnId")
    VALUES ('1780', '2');
INSERT INTO "QueryColumnAccess" ("queryId", "columnId")
    VALUES ('1780', '5');
INSERT INTO "QueryTableAccess" ("queryId", "tableId")
    VALUES ('1780', '3');
INSERT INTO "QueryTableAccess" ("queryId", "tableId")
    VALUES ('1780', '1');
SELECT 'Screenings.end_time', 'Theaters.theater_name' FROM Screenings NATURAL JOIN Theaters ON 'Screenings.end_time' = 'Theaters.theater_name';
INSERT INTO "SqlQuery" ("queryId", "userId", "issuedAt", "finishedAt", "hasError", "errorMessage", "statement", "projectId", "queryTypeId")
    VALUES ('1781', '13', '2023-06-16 22:05:55.611855', '2023-06-16 22:05:59.611855', 'False', 'None', 'SELECT Screenings.end_time, Theaters.theater_name FROM Screenings NATURAL JOIN Theaters ON Screenings.end_time = Theaters.theater_name;', '5', '1');
INSERT INTO "QueryColumnAccess" ("queryId", "columnId")
    VALUES ('1781', '5');
INSERT INTO "QueryColumnAccess" ("queryId", "columnId")
    VALUES ('1781', '2');
INSERT INTO "QueryTableAccess" ("queryId", "tableId")
    VALUES ('1781', '5');
INSERT INTO "QueryTableAccess" ("queryId", "tableId")
    VALUES ('1781', '4');
SELECT 'Theaters.theater_id', 'Actors.nationality' FROM Theaters RIGHT OUTER JOIN Actors ON 'Theaters.theater_id' = 'Actors.nationality';
INSERT INTO "SqlQuery" ("queryId", "userId", "issuedAt", "finishedAt", "hasError", "errorMessage", "statement", "projectId", "queryTypeId")
    VALUES ('1782', '1', '2023-06-14 22:05:55.611871', '2023-06-14 22:05:59.611871', 'False', 'None', 'SELECT Theaters.theater_id, Actors.nationality FROM Theaters RIGHT OUTER JOIN Actors ON Theaters.theater_id = Actors.nationality;', '5', '1');
INSERT INTO "QueryColumnAccess" ("queryId", "columnId")
    VALUES ('1782', '1');
INSERT INTO "QueryColumnAccess" ("queryId", "columnId")
    VALUES ('1782', '6');
INSERT INTO "QueryTableAccess" ("queryId", "tableId")
    VALUES ('1782', '4');
INSERT INTO "QueryTableAccess" ("queryId", "tableId")
    VALUES ('1782', '2');
SELECT 'Movies.title', 'Actors.date_of_birth' FROM Movies LEFT OUTER JOIN Actors ON 'Movies.title' = 'Actors.date_of_birth';
INSERT INTO "SqlQuery" ("queryId", "userId", "issuedAt", "finishedAt", "hasError", "errorMessage", "statement", "projectId", "queryTypeId")
    VALUES ('1783', '6', '2023-07-04 22:05:55.611890', '2023-07-04 22:05:56.611890', 'False', 'None', 'SELECT Movies.title, Actors.date_of_birth FROM Movies LEFT OUTER JOIN Actors ON Movies.title = Actors.date_of_birth;', '5', '1');
INSERT INTO "QueryColumnAccess" ("queryId", "columnId")
    VALUES ('1783', '2');
INSERT INTO "QueryColumnAccess" ("queryId", "columnId")
    VALUES ('1783', '4');
INSERT INTO "QueryTableAccess" ("queryId", "tableId")
    VALUES ('1783', '1');
INSERT INTO "QueryTableAccess" ("queryId", "tableId")
    VALUES ('1783', '2');
SELECT 'Actors.first_name', 'Movies.release_date' FROM Actors NATURAL JOIN Movies ON 'Actors.first_name' = 'Movies.release_date';
INSERT INTO "SqlQuery" ("queryId", "userId", "issuedAt", "finishedAt", "hasError", "errorMessage", "statement", "projectId", "queryTypeId")
    VALUES ('1784', '11', '2023-05-29 22:05:55.611899', '2023-05-29 22:05:59.611899', 'False', 'None', 'SELECT Actors.first_name, Movies.release_date FROM Actors NATURAL JOIN Movies ON Actors.first_name = Movies.release_date;', '5', '1');
INSERT INTO "QueryColumnAccess" ("queryId", "columnId")
    VALUES ('1784', '2');
INSERT INTO "QueryColumnAccess" ("queryId", "columnId")
    VALUES ('1784', '3');
INSERT INTO "QueryTableAccess" ("queryId", "tableId")
    VALUES ('1784', '2');
INSERT INTO "QueryTableAccess" ("queryId", "tableId")
    VALUES ('1784', '1');
SELECT 'Reviews.review_date', 'Screenings.movie_id' FROM Reviews RIGHT OUTER JOIN Screenings ON 'Reviews.review_date' = 'Screenings.movie_id';
INSERT INTO "SqlQuery" ("queryId", "userId", "issuedAt", "finishedAt", "hasError", "errorMessage", "statement", "projectId", "queryTypeId")
    VALUES ('1785', '14', '2023-06-30 22:05:55.611908', '2023-06-30 22:05:56.611908', 'False', 'None', 'SELECT Reviews.review_date, Screenings.movie_id FROM Reviews RIGHT OUTER JOIN Screenings ON Reviews.review_date = Screenings.movie_id;', '5', '1');
INSERT INTO "QueryColumnAccess" ("queryId", "columnId")
    VALUES ('1785', '6');
INSERT INTO "QueryColumnAccess" ("queryId", "columnId")
    VALUES ('1785', '2');
INSERT INTO "QueryTableAccess" ("queryId", "tableId")
    VALUES ('1785', '3');
INSERT INTO "QueryTableAccess" ("queryId", "tableId")
    VALUES ('1785', '5');
SELECT 'Screenings.theater_id', 'Theaters.location' FROM Screenings LEFT OUTER JOIN Theaters ON 'Screenings.theater_id' = 'Theaters.location';
INSERT INTO "SqlQuery" ("queryId", "userId", "issuedAt", "finishedAt", "hasError", "errorMessage", "statement", "projectId", "queryTypeId")
    VALUES ('1786', '10', '2023-07-10 22:05:55.611917', '2023-07-10 22:05:57.611917', 'False', 'None', 'SELECT Screenings.theater_id, Theaters.location FROM Screenings LEFT OUTER JOIN Theaters ON Screenings.theater_id = Theaters.location;', '5', '1');
INSERT INTO "QueryColumnAccess" ("queryId", "columnId")
    VALUES ('1786', '3');
INSERT INTO "QueryColumnAccess" ("queryId", "columnId")
    VALUES ('1786', '3');
INSERT INTO "QueryTableAccess" ("queryId", "tableId")
    VALUES ('1786', '5');
INSERT INTO "QueryTableAccess" ("queryId", "tableId")
    VALUES ('1786', '4');
SELECT 'Screenings.screening_id', 'Actors.nationality' FROM Screenings RIGHT OUTER JOIN Actors ON 'Screenings.screening_id' = 'Actors.nationality';
INSERT INTO "SqlQuery" ("queryId", "userId", "issuedAt", "finishedAt", "hasError", "errorMessage", "statement", "projectId", "queryTypeId")
    VALUES ('1787', '13', '2023-05-07 22:05:55.611925', '2023-05-07 22:05:57.611925', 'False', 'None', 'SELECT Screenings.screening_id, Actors.nationality FROM Screenings RIGHT OUTER JOIN Actors ON Screenings.screening_id = Actors.nationality;', '5', '1');
INSERT INTO "QueryColumnAccess" ("queryId", "columnId")
    VALUES ('1787', '1');
INSERT INTO "QueryColumnAccess" ("queryId", "columnId")
    VALUES ('1787', '6');
INSERT INTO "QueryTableAccess" ("queryId", "tableId")
    VALUES ('1787', '5');
INSERT INTO "QueryTableAccess" ("queryId", "tableId")
    VALUES ('1787', '2');
SELECT 'Theaters.phone_number', 'Actors.actor_id' FROM Theaters RIGHT OUTER JOIN Actors ON 'Theaters.phone_number' = 'Actors.actor_id';
INSERT INTO "SqlQuery" ("queryId", "userId", "issuedAt", "finishedAt", "hasError", "errorMessage", "statement", "projectId", "queryTypeId")
    VALUES ('1788', '8', '2023-07-10 22:05:55.611934', '2023-07-10 22:05:58.611934', 'False', 'None', 'SELECT Theaters.phone_number, Actors.actor_id FROM Theaters RIGHT OUTER JOIN Actors ON Theaters.phone_number = Actors.actor_id;', '5', '1');
INSERT INTO "QueryColumnAccess" ("queryId", "columnId")
    VALUES ('1788', '5');
INSERT INTO "QueryColumnAccess" ("queryId", "columnId")
    VALUES ('1788', '1');
INSERT INTO "QueryTableAccess" ("queryId", "tableId")
    VALUES ('1788', '4');
INSERT INTO "QueryTableAccess" ("queryId", "tableId")
    VALUES ('1788', '2');
SELECT 'Screenings.movie_id', 'Reviews.movie_id' FROM Screenings NATURAL JOIN Reviews ON 'Screenings.movie_id' = 'Reviews.movie_id';
INSERT INTO "SqlQuery" ("queryId", "userId", "issuedAt", "finishedAt", "hasError", "errorMessage", "statement", "projectId", "queryTypeId")
    VALUES ('1789', '5', '2023-05-27 22:05:55.611943', '2023-05-27 22:05:58.611943', 'False', 'None', 'SELECT Screenings.movie_id, Reviews.movie_id FROM Screenings NATURAL JOIN Reviews ON Screenings.movie_id = Reviews.movie_id;', '5', '1');
INSERT INTO "QueryColumnAccess" ("queryId", "columnId")
    VALUES ('1789', '2');
INSERT INTO "QueryColumnAccess" ("queryId", "columnId")
    VALUES ('1789', '2');
INSERT INTO "QueryTableAccess" ("queryId", "tableId")
    VALUES ('1789', '5');
INSERT INTO "QueryTableAccess" ("queryId", "tableId")
    VALUES ('1789', '3');
SELECT 'Actors.nationality', 'Movies.release_date' FROM Actors RIGHT OUTER JOIN Movies ON 'Actors.nationality' = 'Movies.release_date';
INSERT INTO "SqlQuery" ("queryId", "userId", "issuedAt", "finishedAt", "hasError", "errorMessage", "statement", "projectId", "queryTypeId")
    VALUES ('1790', '7', '2023-04-24 22:05:55.611951', '2023-04-24 22:05:58.611951', 'False', 'None', 'SELECT Actors.nationality, Movies.release_date FROM Actors RIGHT OUTER JOIN Movies ON Actors.nationality = Movies.release_date;', '5', '1');
INSERT INTO "QueryColumnAccess" ("queryId", "columnId")
    VALUES ('1790', '6');
INSERT INTO "QueryColumnAccess" ("queryId", "columnId")
    VALUES ('1790', '3');
INSERT INTO "QueryTableAccess" ("queryId", "tableId")
    VALUES ('1790', '2');
INSERT INTO "QueryTableAccess" ("queryId", "tableId")
    VALUES ('1790', '1');
SELECT 'Movies.title', 'Screenings.ticket_price' FROM Movies LEFT OUTER JOIN Screenings ON 'Movies.title' = 'Screenings.ticket_price';
INSERT INTO "SqlQuery" ("queryId", "userId", "issuedAt", "finishedAt", "hasError", "errorMessage", "statement", "projectId", "queryTypeId")
    VALUES ('1791', '12', '2023-05-21 22:05:55.611971', '2023-05-21 22:05:56.611971', 'False', 'None', 'SELECT Movies.title, Screenings.ticket_price FROM Movies LEFT OUTER JOIN Screenings ON Movies.title = Screenings.ticket_price;', '5', '1');
INSERT INTO "QueryColumnAccess" ("queryId", "columnId")
    VALUES ('1791', '2');
INSERT INTO "QueryColumnAccess" ("queryId", "columnId")
    VALUES ('1791', '6');
INSERT INTO "QueryTableAccess" ("queryId", "tableId")
    VALUES ('1791', '1');
INSERT INTO "QueryTableAccess" ("queryId", "tableId")
    VALUES ('1791', '5');
SELECT 'Screenings.movie_id', 'Reviews.review_date' FROM Screenings NATURAL JOIN Reviews ON 'Screenings.movie_id' = 'Reviews.review_date';
INSERT INTO "SqlQuery" ("queryId", "userId", "issuedAt", "finishedAt", "hasError", "errorMessage", "statement", "projectId", "queryTypeId")
    VALUES ('1792', '8', '2023-06-16 22:05:55.611980', '2023-06-16 22:05:57.611980', 'False', 'None', 'SELECT Screenings.movie_id, Reviews.review_date FROM Screenings NATURAL JOIN Reviews ON Screenings.movie_id = Reviews.review_date;', '5', '1');
INSERT INTO "QueryColumnAccess" ("queryId", "columnId")
    VALUES ('1792', '2');
INSERT INTO "QueryColumnAccess" ("queryId", "columnId")
    VALUES ('1792', '6');
INSERT INTO "QueryTableAccess" ("queryId", "tableId")
    VALUES ('1792', '5');
INSERT INTO "QueryTableAccess" ("queryId", "tableId")
    VALUES ('1792', '3');
SELECT 'Theaters.theater_name', 'Movies.title' FROM Theaters NATURAL JOIN Movies ON 'Theaters.theater_name' = 'Movies.title';
INSERT INTO "SqlQuery" ("queryId", "userId", "issuedAt", "finishedAt", "hasError", "errorMessage", "statement", "projectId", "queryTypeId")
    VALUES ('1793', '1', '2023-05-09 22:05:55.611988', '2023-05-09 22:05:58.611988', 'False', 'None', 'SELECT Theaters.theater_name, Movies.title FROM Theaters NATURAL JOIN Movies ON Theaters.theater_name = Movies.title;', '5', '1');
INSERT INTO "QueryColumnAccess" ("queryId", "columnId")
    VALUES ('1793', '2');
INSERT INTO "QueryColumnAccess" ("queryId", "columnId")
    VALUES ('1793', '2');
INSERT INTO "QueryTableAccess" ("queryId", "tableId")
    VALUES ('1793', '4');
INSERT INTO "QueryTableAccess" ("queryId", "tableId")
    VALUES ('1793', '1');
SELECT 'Theaters.capacity', 'Actors.date_of_birth' FROM Theaters LEFT OUTER JOIN Actors ON 'Theaters.capacity' = 'Actors.date_of_birth';
INSERT INTO "SqlQuery" ("queryId", "userId", "issuedAt", "finishedAt", "hasError", "errorMessage", "statement", "projectId", "queryTypeId")
    VALUES ('1794', '3', '2023-05-04 22:05:55.611997', '2023-05-04 22:05:59.611997', 'False', 'None', 'SELECT Theaters.capacity, Actors.date_of_birth FROM Theaters LEFT OUTER JOIN Actors ON Theaters.capacity = Actors.date_of_birth;', '5', '1');
INSERT INTO "QueryColumnAccess" ("queryId", "columnId")
    VALUES ('1794', '4');
INSERT INTO "QueryColumnAccess" ("queryId", "columnId")
    VALUES ('1794', '4');
INSERT INTO "QueryTableAccess" ("queryId", "tableId")
    VALUES ('1794', '4');
INSERT INTO "QueryTableAccess" ("queryId", "tableId")
    VALUES ('1794', '2');
SELECT 'Reviews.movie_id', 'Movies.genre' FROM Reviews LEFT OUTER JOIN Movies ON 'Reviews.movie_id' = 'Movies.genre';
INSERT INTO "SqlQuery" ("queryId", "userId", "issuedAt", "finishedAt", "hasError", "errorMessage", "statement", "projectId", "queryTypeId")
    VALUES ('1795', '7', '2023-06-04 22:05:55.612006', '2023-06-04 22:05:56.612006', 'False', 'None', 'SELECT Reviews.movie_id, Movies.genre FROM Reviews LEFT OUTER JOIN Movies ON Reviews.movie_id = Movies.genre;', '5', '1');
INSERT INTO "QueryColumnAccess" ("queryId", "columnId")
    VALUES ('1795', '2');
INSERT INTO "QueryColumnAccess" ("queryId", "columnId")
    VALUES ('1795', '4');
INSERT INTO "QueryTableAccess" ("queryId", "tableId")
    VALUES ('1795', '3');
INSERT INTO "QueryTableAccess" ("queryId", "tableId")
    VALUES ('1795', '1');
SELECT 'Movies.release_date', 'Reviews.review_id' FROM Movies RIGHT OUTER JOIN Reviews ON 'Movies.release_date' = 'Reviews.review_id';
INSERT INTO "SqlQuery" ("queryId", "userId", "issuedAt", "finishedAt", "hasError", "errorMessage", "statement", "projectId", "queryTypeId")
    VALUES ('1796', '12', '2023-05-18 22:05:55.612015', '2023-05-18 22:05:57.612015', 'False', 'None', 'SELECT Movies.release_date, Reviews.review_id FROM Movies RIGHT OUTER JOIN Reviews ON Movies.release_date = Reviews.review_id;', '5', '1');
INSERT INTO "QueryColumnAccess" ("queryId", "columnId")
    VALUES ('1796', '3');
INSERT INTO "QueryColumnAccess" ("queryId", "columnId")
    VALUES ('1796', '1');
INSERT INTO "QueryTableAccess" ("queryId", "tableId")
    VALUES ('1796', '1');
INSERT INTO "QueryTableAccess" ("queryId", "tableId")
    VALUES ('1796', '3');
SELECT 'Theaters.capacity', 'Screenings.ticket_price' FROM Theaters NATURAL JOIN Screenings ON 'Theaters.capacity' = 'Screenings.ticket_price';
INSERT INTO "SqlQuery" ("queryId", "userId", "issuedAt", "finishedAt", "hasError", "errorMessage", "statement", "projectId", "queryTypeId")
    VALUES ('1797', '11', '2023-04-13 22:05:55.612023', '2023-04-13 22:05:58.612023', 'False', 'None', 'SELECT Theaters.capacity, Screenings.ticket_price FROM Theaters NATURAL JOIN Screenings ON Theaters.capacity = Screenings.ticket_price;', '5', '1');
INSERT INTO "QueryColumnAccess" ("queryId", "columnId")
    VALUES ('1797', '4');
INSERT INTO "QueryColumnAccess" ("queryId", "columnId")
    VALUES ('1797', '6');
INSERT INTO "QueryTableAccess" ("queryId", "tableId")
    VALUES ('1797', '4');
INSERT INTO "QueryTableAccess" ("queryId", "tableId")
    VALUES ('1797', '5');
SELECT 'Screenings.screening_id', 'Actors.actor_id' FROM Screenings NATURAL JOIN Actors ON 'Screenings.screening_id' = 'Actors.actor_id';
INSERT INTO "SqlQuery" ("queryId", "userId", "issuedAt", "finishedAt", "hasError", "errorMessage", "statement", "projectId", "queryTypeId")
    VALUES ('1798', '2', '2023-06-30 22:05:55.612032', '2023-06-30 22:05:59.612032', 'False', 'None', 'SELECT Screenings.screening_id, Actors.actor_id FROM Screenings NATURAL JOIN Actors ON Screenings.screening_id = Actors.actor_id;', '5', '1');
INSERT INTO "QueryColumnAccess" ("queryId", "columnId")
    VALUES ('1798', '1');
INSERT INTO "QueryColumnAccess" ("queryId", "columnId")
    VALUES ('1798', '1');
INSERT INTO "QueryTableAccess" ("queryId", "tableId")
    VALUES ('1798', '5');
INSERT INTO "QueryTableAccess" ("queryId", "tableId")
    VALUES ('1798', '2');
SELECT 'Actors.date_of_birth', 'Movies.director' FROM Actors RIGHT OUTER JOIN Movies ON 'Actors.date_of_birth' = 'Movies.director';
INSERT INTO "SqlQuery" ("queryId", "userId", "issuedAt", "finishedAt", "hasError", "errorMessage", "statement", "projectId", "queryTypeId")
    VALUES ('1799', '1', '2023-04-26 22:05:55.612041', '2023-04-26 22:05:57.612041', 'False', 'None', 'SELECT Actors.date_of_birth, Movies.director FROM Actors RIGHT OUTER JOIN Movies ON Actors.date_of_birth = Movies.director;', '5', '1');
INSERT INTO "QueryColumnAccess" ("queryId", "columnId")
    VALUES ('1799', '4');
INSERT INTO "QueryColumnAccess" ("queryId", "columnId")
    VALUES ('1799', '5');
INSERT INTO "QueryTableAccess" ("queryId", "tableId")
    VALUES ('1799', '2');
INSERT INTO "QueryTableAccess" ("queryId", "tableId")
    VALUES ('1799', '1');
SELECT 'Movies.movie_id', 'Theaters.theater_id' FROM Movies NATURAL JOIN Theaters ON 'Movies.movie_id' = 'Theaters.theater_id';
INSERT INTO "SqlQuery" ("queryId", "userId", "issuedAt", "finishedAt", "hasError", "errorMessage", "statement", "projectId", "queryTypeId")
    VALUES ('1800', '8', '2023-06-02 22:05:55.612050', '2023-06-02 22:05:59.612050', 'False', 'None', 'SELECT Movies.movie_id, Theaters.theater_id FROM Movies NATURAL JOIN Theaters ON Movies.movie_id = Theaters.theater_id;', '5', '1');
INSERT INTO "QueryColumnAccess" ("queryId", "columnId")
    VALUES ('1800', '1');
INSERT INTO "QueryColumnAccess" ("queryId", "columnId")
    VALUES ('1800', '1');
INSERT INTO "QueryTableAccess" ("queryId", "tableId")
    VALUES ('1800', '1');
INSERT INTO "QueryTableAccess" ("queryId", "tableId")
    VALUES ('1800', '4');
SELECT 'Screenings.screening_id', 'Theaters.location' FROM Screenings NATURAL JOIN Theaters ON 'Screenings.screening_id' = 'Theaters.location';
INSERT INTO "SqlQuery" ("queryId", "userId", "issuedAt", "finishedAt", "hasError", "errorMessage", "statement", "projectId", "queryTypeId")
    VALUES ('1801', '3', '2023-06-10 22:05:55.612064', '2023-06-10 22:05:59.612064', 'False', 'None', 'SELECT Screenings.screening_id, Theaters.location FROM Screenings NATURAL JOIN Theaters ON Screenings.screening_id = Theaters.location;', '5', '1');
INSERT INTO "QueryColumnAccess" ("queryId", "columnId")
    VALUES ('1801', '1');
INSERT INTO "QueryColumnAccess" ("queryId", "columnId")
    VALUES ('1801', '3');
INSERT INTO "QueryTableAccess" ("queryId", "tableId")
    VALUES ('1801', '5');
INSERT INTO "QueryTableAccess" ("queryId", "tableId")
    VALUES ('1801', '4');
SELECT 'Reviews.review_id', 'Theaters.capacity' FROM Reviews LEFT OUTER JOIN Theaters ON 'Reviews.review_id' = 'Theaters.capacity';
INSERT INTO "SqlQuery" ("queryId", "userId", "issuedAt", "finishedAt", "hasError", "errorMessage", "statement", "projectId", "queryTypeId")
    VALUES ('1802', '6', '2023-04-15 22:05:55.612073', '2023-04-15 22:05:57.612073', 'False', 'None', 'SELECT Reviews.review_id, Theaters.capacity FROM Reviews LEFT OUTER JOIN Theaters ON Reviews.review_id = Theaters.capacity;', '5', '1');
INSERT INTO "QueryColumnAccess" ("queryId", "columnId")
    VALUES ('1802', '1');
INSERT INTO "QueryColumnAccess" ("queryId", "columnId")
    VALUES ('1802', '4');
INSERT INTO "QueryTableAccess" ("queryId", "tableId")
    VALUES ('1802', '3');
INSERT INTO "QueryTableAccess" ("queryId", "tableId")
    VALUES ('1802', '4');
SELECT 'Actors.first_name', 'Reviews.review_date' FROM Actors RIGHT OUTER JOIN Reviews ON 'Actors.first_name' = 'Reviews.review_date';
INSERT INTO "SqlQuery" ("queryId", "userId", "issuedAt", "finishedAt", "hasError", "errorMessage", "statement", "projectId", "queryTypeId")
    VALUES ('1803', '5', '2023-06-24 22:05:55.612082', '2023-06-24 22:05:59.612082', 'False', 'None', 'SELECT Actors.first_name, Reviews.review_date FROM Actors RIGHT OUTER JOIN Reviews ON Actors.first_name = Reviews.review_date;', '5', '1');
INSERT INTO "QueryColumnAccess" ("queryId", "columnId")
    VALUES ('1803', '2');
INSERT INTO "QueryColumnAccess" ("queryId", "columnId")
    VALUES ('1803', '6');
INSERT INTO "QueryTableAccess" ("queryId", "tableId")
    VALUES ('1803', '2');
INSERT INTO "QueryTableAccess" ("queryId", "tableId")
    VALUES ('1803', '3');
SELECT 'Movies.genre', 'Screenings.end_time' FROM Movies NATURAL JOIN Screenings ON 'Movies.genre' = 'Screenings.end_time';
INSERT INTO "SqlQuery" ("queryId", "userId", "issuedAt", "finishedAt", "hasError", "errorMessage", "statement", "projectId", "queryTypeId")
    VALUES ('1804', '8', '2023-05-26 22:05:55.612091', '2023-05-26 22:05:59.612091', 'False', 'None', 'SELECT Movies.genre, Screenings.end_time FROM Movies NATURAL JOIN Screenings ON Movies.genre = Screenings.end_time;', '5', '1');
INSERT INTO "QueryColumnAccess" ("queryId", "columnId")
    VALUES ('1804', '4');
INSERT INTO "QueryColumnAccess" ("queryId", "columnId")
    VALUES ('1804', '5');
INSERT INTO "QueryTableAccess" ("queryId", "tableId")
    VALUES ('1804', '1');
INSERT INTO "QueryTableAccess" ("queryId", "tableId")
    VALUES ('1804', '5');
SELECT 'Actors.last_name', 'Screenings.end_time' FROM Actors LEFT OUTER JOIN Screenings ON 'Actors.last_name' = 'Screenings.end_time';
INSERT INTO "SqlQuery" ("queryId", "userId", "issuedAt", "finishedAt", "hasError", "errorMessage", "statement", "projectId", "queryTypeId")
    VALUES ('1805', '1', '2023-06-26 22:05:55.612099', '2023-06-26 22:05:56.612099', 'False', 'None', 'SELECT Actors.last_name, Screenings.end_time FROM Actors LEFT OUTER JOIN Screenings ON Actors.last_name = Screenings.end_time;', '5', '1');
INSERT INTO "QueryColumnAccess" ("queryId", "columnId")
    VALUES ('1805', '3');
INSERT INTO "QueryColumnAccess" ("queryId", "columnId")
    VALUES ('1805', '5');
INSERT INTO "QueryTableAccess" ("queryId", "tableId")
    VALUES ('1805', '2');
INSERT INTO "QueryTableAccess" ("queryId", "tableId")
    VALUES ('1805', '5');
SELECT 'Screenings.screening_id', 'Reviews.review_date' FROM Screenings LEFT OUTER JOIN Reviews ON 'Screenings.screening_id' = 'Reviews.review_date';
INSERT INTO "SqlQuery" ("queryId", "userId", "issuedAt", "finishedAt", "hasError", "errorMessage", "statement", "projectId", "queryTypeId")
    VALUES ('1806', '12', '2023-05-22 22:05:55.612108', '2023-05-22 22:05:59.612108', 'False', 'None', 'SELECT Screenings.screening_id, Reviews.review_date FROM Screenings LEFT OUTER JOIN Reviews ON Screenings.screening_id = Reviews.review_date;', '5', '1');
INSERT INTO "QueryColumnAccess" ("queryId", "columnId")
    VALUES ('1806', '1');
INSERT INTO "QueryColumnAccess" ("queryId", "columnId")
    VALUES ('1806', '6');
INSERT INTO "QueryTableAccess" ("queryId", "tableId")
    VALUES ('1806', '5');
INSERT INTO "QueryTableAccess" ("queryId", "tableId")
    VALUES ('1806', '3');
SELECT 'Theaters.theater_name', 'Reviews.comment' FROM Theaters RIGHT OUTER JOIN Reviews ON 'Theaters.theater_name' = 'Reviews.comment';
INSERT INTO "SqlQuery" ("queryId", "userId", "issuedAt", "finishedAt", "hasError", "errorMessage", "statement", "projectId", "queryTypeId")
    VALUES ('1807', '8', '2023-07-05 22:05:55.612117', '2023-07-05 22:05:57.612117', 'False', 'None', 'SELECT Theaters.theater_name, Reviews.comment FROM Theaters RIGHT OUTER JOIN Reviews ON Theaters.theater_name = Reviews.comment;', '5', '1');
INSERT INTO "QueryColumnAccess" ("queryId", "columnId")
    VALUES ('1807', '2');
INSERT INTO "QueryColumnAccess" ("queryId", "columnId")
    VALUES ('1807', '5');
INSERT INTO "QueryTableAccess" ("queryId", "tableId")
    VALUES ('1807', '4');
INSERT INTO "QueryTableAccess" ("queryId", "tableId")
    VALUES ('1807', '3');
SELECT 'Actors.nationality', 'Reviews.user_id' FROM Actors NATURAL JOIN Reviews ON 'Actors.nationality' = 'Reviews.user_id';
INSERT INTO "SqlQuery" ("queryId", "userId", "issuedAt", "finishedAt", "hasError", "errorMessage", "statement", "projectId", "queryTypeId")
    VALUES ('1808', '15', '2023-04-13 22:05:55.612125', '2023-04-13 22:05:56.612125', 'False', 'None', 'SELECT Actors.nationality, Reviews.user_id FROM Actors NATURAL JOIN Reviews ON Actors.nationality = Reviews.user_id;', '5', '1');
INSERT INTO "QueryColumnAccess" ("queryId", "columnId")
    VALUES ('1808', '6');
INSERT INTO "QueryColumnAccess" ("queryId", "columnId")
    VALUES ('1808', '3');
INSERT INTO "QueryTableAccess" ("queryId", "tableId")
    VALUES ('1808', '2');
INSERT INTO "QueryTableAccess" ("queryId", "tableId")
    VALUES ('1808', '3');
SELECT 'Movies.rating', 'Screenings.start_time' FROM Movies RIGHT OUTER JOIN Screenings ON 'Movies.rating' = 'Screenings.start_time';
INSERT INTO "SqlQuery" ("queryId", "userId", "issuedAt", "finishedAt", "hasError", "errorMessage", "statement", "projectId", "queryTypeId")
    VALUES ('1809', '4', '2023-07-10 22:05:55.612134', '2023-07-10 22:05:56.612134', 'False', 'None', 'SELECT Movies.rating, Screenings.start_time FROM Movies RIGHT OUTER JOIN Screenings ON Movies.rating = Screenings.start_time;', '5', '1');
INSERT INTO "QueryColumnAccess" ("queryId", "columnId")
    VALUES ('1809', '7');
INSERT INTO "QueryColumnAccess" ("queryId", "columnId")
    VALUES ('1809', '4');
INSERT INTO "QueryTableAccess" ("queryId", "tableId")
    VALUES ('1809', '1');
INSERT INTO "QueryTableAccess" ("queryId", "tableId")
    VALUES ('1809', '5');
SELECT 'Reviews.movie_id', 'Actors.last_name' FROM Reviews LEFT OUTER JOIN Actors ON 'Reviews.movie_id' = 'Actors.last_name';
INSERT INTO "SqlQuery" ("queryId", "userId", "issuedAt", "finishedAt", "hasError", "errorMessage", "statement", "projectId", "queryTypeId")
    VALUES ('1810', '7', '2023-06-30 22:05:55.612146', '2023-06-30 22:05:59.612146', 'False', 'None', 'SELECT Reviews.movie_id, Actors.last_name FROM Reviews LEFT OUTER JOIN Actors ON Reviews.movie_id = Actors.last_name;', '5', '1');
INSERT INTO "QueryColumnAccess" ("queryId", "columnId")
    VALUES ('1810', '2');
INSERT INTO "QueryColumnAccess" ("queryId", "columnId")
    VALUES ('1810', '3');
INSERT INTO "QueryTableAccess" ("queryId", "tableId")
    VALUES ('1810', '3');
INSERT INTO "QueryTableAccess" ("queryId", "tableId")
    VALUES ('1810', '2');
SELECT 'Movies.rating', 'Screenings.theater_id' FROM Movies NATURAL JOIN Screenings ON 'Movies.rating' = 'Screenings.theater_id';
INSERT INTO "SqlQuery" ("queryId", "userId", "issuedAt", "finishedAt", "hasError", "errorMessage", "statement", "projectId", "queryTypeId")
    VALUES ('1811', '5', '2023-05-27 22:05:55.612155', '2023-05-27 22:05:57.612155', 'False', 'None', 'SELECT Movies.rating, Screenings.theater_id FROM Movies NATURAL JOIN Screenings ON Movies.rating = Screenings.theater_id;', '5', '1');
INSERT INTO "QueryColumnAccess" ("queryId", "columnId")
    VALUES ('1811', '7');
INSERT INTO "QueryColumnAccess" ("queryId", "columnId")
    VALUES ('1811', '3');
INSERT INTO "QueryTableAccess" ("queryId", "tableId")
    VALUES ('1811', '1');
INSERT INTO "QueryTableAccess" ("queryId", "tableId")
    VALUES ('1811', '5');
SELECT 'Theaters.capacity', 'Screenings.movie_id' FROM Theaters NATURAL JOIN Screenings ON 'Theaters.capacity' = 'Screenings.movie_id';
INSERT INTO "SqlQuery" ("queryId", "userId", "issuedAt", "finishedAt", "hasError", "errorMessage", "statement", "projectId", "queryTypeId")
    VALUES ('1812', '14', '2023-04-24 22:05:55.612163', '2023-04-24 22:05:57.612163', 'False', 'None', 'SELECT Theaters.capacity, Screenings.movie_id FROM Theaters NATURAL JOIN Screenings ON Theaters.capacity = Screenings.movie_id;', '5', '1');
INSERT INTO "QueryColumnAccess" ("queryId", "columnId")
    VALUES ('1812', '4');
INSERT INTO "QueryColumnAccess" ("queryId", "columnId")
    VALUES ('1812', '2');
INSERT INTO "QueryTableAccess" ("queryId", "tableId")
    VALUES ('1812', '4');
INSERT INTO "QueryTableAccess" ("queryId", "tableId")
    VALUES ('1812', '5');
SELECT 'Actors.gender', 'Movies.release_date' FROM Actors RIGHT OUTER JOIN Movies ON 'Actors.gender' = 'Movies.release_date';
INSERT INTO "SqlQuery" ("queryId", "userId", "issuedAt", "finishedAt", "hasError", "errorMessage", "statement", "projectId", "queryTypeId")
    VALUES ('1813', '7', '2023-05-16 22:05:55.612172', '2023-05-16 22:05:56.612172', 'False', 'None', 'SELECT Actors.gender, Movies.release_date FROM Actors RIGHT OUTER JOIN Movies ON Actors.gender = Movies.release_date;', '5', '1');
INSERT INTO "QueryColumnAccess" ("queryId", "columnId")
    VALUES ('1813', '5');
INSERT INTO "QueryColumnAccess" ("queryId", "columnId")
    VALUES ('1813', '3');
INSERT INTO "QueryTableAccess" ("queryId", "tableId")
    VALUES ('1813', '2');
INSERT INTO "QueryTableAccess" ("queryId", "tableId")
    VALUES ('1813', '1');
SELECT 'Reviews.rating', 'Movies.director' FROM Reviews LEFT OUTER JOIN Movies ON 'Reviews.rating' = 'Movies.director';
INSERT INTO "SqlQuery" ("queryId", "userId", "issuedAt", "finishedAt", "hasError", "errorMessage", "statement", "projectId", "queryTypeId")
    VALUES ('1814', '5', '2023-04-20 22:05:55.612180', '2023-04-20 22:05:57.612180', 'False', 'None', 'SELECT Reviews.rating, Movies.director FROM Reviews LEFT OUTER JOIN Movies ON Reviews.rating = Movies.director;', '5', '1');
INSERT INTO "QueryColumnAccess" ("queryId", "columnId")
    VALUES ('1814', '4');
INSERT INTO "QueryColumnAccess" ("queryId", "columnId")
    VALUES ('1814', '5');
INSERT INTO "QueryTableAccess" ("queryId", "tableId")
    VALUES ('1814', '3');
INSERT INTO "QueryTableAccess" ("queryId", "tableId")
    VALUES ('1814', '1');
SELECT 'Reviews.movie_id', 'Actors.gender' FROM Reviews RIGHT OUTER JOIN Actors ON 'Reviews.movie_id' = 'Actors.gender';
INSERT INTO "SqlQuery" ("queryId", "userId", "issuedAt", "finishedAt", "hasError", "errorMessage", "statement", "projectId", "queryTypeId")
    VALUES ('1815', '6', '2023-06-13 22:05:55.612189', '2023-06-13 22:05:59.612189', 'False', 'None', 'SELECT Reviews.movie_id, Actors.gender FROM Reviews RIGHT OUTER JOIN Actors ON Reviews.movie_id = Actors.gender;', '5', '1');
INSERT INTO "QueryColumnAccess" ("queryId", "columnId")
    VALUES ('1815', '2');
INSERT INTO "QueryColumnAccess" ("queryId", "columnId")
    VALUES ('1815', '5');
INSERT INTO "QueryTableAccess" ("queryId", "tableId")
    VALUES ('1815', '3');
INSERT INTO "QueryTableAccess" ("queryId", "tableId")
    VALUES ('1815', '2');
SELECT 'Actors.first_name', 'Screenings.theater_id' FROM Actors LEFT OUTER JOIN Screenings ON 'Actors.first_name' = 'Screenings.theater_id';
INSERT INTO "SqlQuery" ("queryId", "userId", "issuedAt", "finishedAt", "hasError", "errorMessage", "statement", "projectId", "queryTypeId")
    VALUES ('1816', '15', '2023-07-05 22:05:55.612197', '2023-07-05 22:05:58.612197', 'False', 'None', 'SELECT Actors.first_name, Screenings.theater_id FROM Actors LEFT OUTER JOIN Screenings ON Actors.first_name = Screenings.theater_id;', '5', '1');
INSERT INTO "QueryColumnAccess" ("queryId", "columnId")
    VALUES ('1816', '2');
INSERT INTO "QueryColumnAccess" ("queryId", "columnId")
    VALUES ('1816', '3');
INSERT INTO "QueryTableAccess" ("queryId", "tableId")
    VALUES ('1816', '2');
INSERT INTO "QueryTableAccess" ("queryId", "tableId")
    VALUES ('1816', '5');
SELECT 'Actors.date_of_birth', 'Screenings.end_time' FROM Actors RIGHT OUTER JOIN Screenings ON 'Actors.date_of_birth' = 'Screenings.end_time';
INSERT INTO "SqlQuery" ("queryId", "userId", "issuedAt", "finishedAt", "hasError", "errorMessage", "statement", "projectId", "queryTypeId")
    VALUES ('1817', '15', '2023-06-14 22:05:55.612207', '2023-06-14 22:05:58.612207', 'False', 'None', 'SELECT Actors.date_of_birth, Screenings.end_time FROM Actors RIGHT OUTER JOIN Screenings ON Actors.date_of_birth = Screenings.end_time;', '5', '1');
INSERT INTO "QueryColumnAccess" ("queryId", "columnId")
    VALUES ('1817', '4');
INSERT INTO "QueryColumnAccess" ("queryId", "columnId")
    VALUES ('1817', '5');
INSERT INTO "QueryTableAccess" ("queryId", "tableId")
    VALUES ('1817', '2');
INSERT INTO "QueryTableAccess" ("queryId", "tableId")
    VALUES ('1817', '5');
SELECT 'Movies.movie_id', 'Actors.last_name' FROM Movies NATURAL JOIN Actors ON 'Movies.movie_id' = 'Actors.last_name';
INSERT INTO "SqlQuery" ("queryId", "userId", "issuedAt", "finishedAt", "hasError", "errorMessage", "statement", "projectId", "queryTypeId")
    VALUES ('1818', '13', '2023-06-26 22:05:55.612215', '2023-06-26 22:05:57.612215', 'False', 'None', 'SELECT Movies.movie_id, Actors.last_name FROM Movies NATURAL JOIN Actors ON Movies.movie_id = Actors.last_name;', '5', '1');
INSERT INTO "QueryColumnAccess" ("queryId", "columnId")
    VALUES ('1818', '1');
INSERT INTO "QueryColumnAccess" ("queryId", "columnId")
    VALUES ('1818', '3');
INSERT INTO "QueryTableAccess" ("queryId", "tableId")
    VALUES ('1818', '1');
INSERT INTO "QueryTableAccess" ("queryId", "tableId")
    VALUES ('1818', '2');
SELECT 'Screenings.theater_id', 'Actors.actor_id' FROM Screenings RIGHT OUTER JOIN Actors ON 'Screenings.theater_id' = 'Actors.actor_id';
INSERT INTO "SqlQuery" ("queryId", "userId", "issuedAt", "finishedAt", "hasError", "errorMessage", "statement", "projectId", "queryTypeId")
    VALUES ('1819', '15', '2023-05-31 22:05:55.612224', '2023-05-31 22:05:57.612224', 'False', 'None', 'SELECT Screenings.theater_id, Actors.actor_id FROM Screenings RIGHT OUTER JOIN Actors ON Screenings.theater_id = Actors.actor_id;', '5', '1');
INSERT INTO "QueryColumnAccess" ("queryId", "columnId")
    VALUES ('1819', '3');
INSERT INTO "QueryColumnAccess" ("queryId", "columnId")
    VALUES ('1819', '1');
INSERT INTO "QueryTableAccess" ("queryId", "tableId")
    VALUES ('1819', '5');
INSERT INTO "QueryTableAccess" ("queryId", "tableId")
    VALUES ('1819', '2');
SELECT 'Reviews.review_id', 'Screenings.ticket_price' FROM Reviews RIGHT OUTER JOIN Screenings ON 'Reviews.review_id' = 'Screenings.ticket_price';
INSERT INTO "SqlQuery" ("queryId", "userId", "issuedAt", "finishedAt", "hasError", "errorMessage", "statement", "projectId", "queryTypeId")
    VALUES ('1820', '3', '2023-05-06 22:05:55.612238', '2023-05-06 22:05:58.612238', 'False', 'None', 'SELECT Reviews.review_id, Screenings.ticket_price FROM Reviews RIGHT OUTER JOIN Screenings ON Reviews.review_id = Screenings.ticket_price;', '5', '1');
INSERT INTO "QueryColumnAccess" ("queryId", "columnId")
    VALUES ('1820', '1');
INSERT INTO "QueryColumnAccess" ("queryId", "columnId")
    VALUES ('1820', '6');
INSERT INTO "QueryTableAccess" ("queryId", "tableId")
    VALUES ('1820', '3');
INSERT INTO "QueryTableAccess" ("queryId", "tableId")
    VALUES ('1820', '5');
SELECT 'Actors.date_of_birth', 'Reviews.comment' FROM Actors RIGHT OUTER JOIN Reviews ON 'Actors.date_of_birth' = 'Reviews.comment';
INSERT INTO "SqlQuery" ("queryId", "userId", "issuedAt", "finishedAt", "hasError", "errorMessage", "statement", "projectId", "queryTypeId")
    VALUES ('1821', '3', '2023-05-25 22:05:55.612247', '2023-05-25 22:05:58.612247', 'False', 'None', 'SELECT Actors.date_of_birth, Reviews.comment FROM Actors RIGHT OUTER JOIN Reviews ON Actors.date_of_birth = Reviews.comment;', '5', '1');
INSERT INTO "QueryColumnAccess" ("queryId", "columnId")
    VALUES ('1821', '4');
INSERT INTO "QueryColumnAccess" ("queryId", "columnId")
    VALUES ('1821', '5');
INSERT INTO "QueryTableAccess" ("queryId", "tableId")
    VALUES ('1821', '2');
INSERT INTO "QueryTableAccess" ("queryId", "tableId")
    VALUES ('1821', '3');
SELECT 'Screenings.ticket_price', 'Movies.rating' FROM Screenings LEFT OUTER JOIN Movies ON 'Screenings.ticket_price' = 'Movies.rating';
INSERT INTO "SqlQuery" ("queryId", "userId", "issuedAt", "finishedAt", "hasError", "errorMessage", "statement", "projectId", "queryTypeId")
    VALUES ('1822', '3', '2023-04-22 22:05:55.612256', '2023-04-22 22:05:57.612256', 'False', 'None', 'SELECT Screenings.ticket_price, Movies.rating FROM Screenings LEFT OUTER JOIN Movies ON Screenings.ticket_price = Movies.rating;', '5', '1');
INSERT INTO "QueryColumnAccess" ("queryId", "columnId")
    VALUES ('1822', '6');
INSERT INTO "QueryColumnAccess" ("queryId", "columnId")
    VALUES ('1822', '7');
INSERT INTO "QueryTableAccess" ("queryId", "tableId")
    VALUES ('1822', '5');
INSERT INTO "QueryTableAccess" ("queryId", "tableId")
    VALUES ('1822', '1');
SELECT 'Movies.director', 'Screenings.end_time' FROM Movies RIGHT OUTER JOIN Screenings ON 'Movies.director' = 'Screenings.end_time';
INSERT INTO "SqlQuery" ("queryId", "userId", "issuedAt", "finishedAt", "hasError", "errorMessage", "statement", "projectId", "queryTypeId")
    VALUES ('1823', '7', '2023-05-25 22:05:55.612264', '2023-05-25 22:05:59.612264', 'False', 'None', 'SELECT Movies.director, Screenings.end_time FROM Movies RIGHT OUTER JOIN Screenings ON Movies.director = Screenings.end_time;', '5', '1');
INSERT INTO "QueryColumnAccess" ("queryId", "columnId")
    VALUES ('1823', '5');
INSERT INTO "QueryColumnAccess" ("queryId", "columnId")
    VALUES ('1823', '5');
INSERT INTO "QueryTableAccess" ("queryId", "tableId")
    VALUES ('1823', '1');
INSERT INTO "QueryTableAccess" ("queryId", "tableId")
    VALUES ('1823', '5');
SELECT 'Theaters.location', 'Actors.first_name' FROM Theaters NATURAL JOIN Actors ON 'Theaters.location' = 'Actors.first_name';
INSERT INTO "SqlQuery" ("queryId", "userId", "issuedAt", "finishedAt", "hasError", "errorMessage", "statement", "projectId", "queryTypeId")
    VALUES ('1824', '10', '2023-05-07 22:05:55.612273', '2023-05-07 22:05:58.612273', 'False', 'None', 'SELECT Theaters.location, Actors.first_name FROM Theaters NATURAL JOIN Actors ON Theaters.location = Actors.first_name;', '5', '1');
INSERT INTO "QueryColumnAccess" ("queryId", "columnId")
    VALUES ('1824', '3');
INSERT INTO "QueryColumnAccess" ("queryId", "columnId")
    VALUES ('1824', '2');
INSERT INTO "QueryTableAccess" ("queryId", "tableId")
    VALUES ('1824', '4');
INSERT INTO "QueryTableAccess" ("queryId", "tableId")
    VALUES ('1824', '2');
SELECT 'Actors.first_name', 'Reviews.comment' FROM Actors RIGHT OUTER JOIN Reviews ON 'Actors.first_name' = 'Reviews.comment';
INSERT INTO "SqlQuery" ("queryId", "userId", "issuedAt", "finishedAt", "hasError", "errorMessage", "statement", "projectId", "queryTypeId")
    VALUES ('1825', '5', '2023-06-18 22:05:55.612282', '2023-06-18 22:05:57.612282', 'False', 'None', 'SELECT Actors.first_name, Reviews.comment FROM Actors RIGHT OUTER JOIN Reviews ON Actors.first_name = Reviews.comment;', '5', '1');
INSERT INTO "QueryColumnAccess" ("queryId", "columnId")
    VALUES ('1825', '2');
INSERT INTO "QueryColumnAccess" ("queryId", "columnId")
    VALUES ('1825', '5');
INSERT INTO "QueryTableAccess" ("queryId", "tableId")
    VALUES ('1825', '2');
INSERT INTO "QueryTableAccess" ("queryId", "tableId")
    VALUES ('1825', '3');
SELECT 'Actors.gender', 'Screenings.movie_id' FROM Actors LEFT OUTER JOIN Screenings ON 'Actors.gender' = 'Screenings.movie_id';
INSERT INTO "SqlQuery" ("queryId", "userId", "issuedAt", "finishedAt", "hasError", "errorMessage", "statement", "projectId", "queryTypeId")
    VALUES ('1826', '6', '2023-07-05 22:05:55.612290', '2023-07-05 22:05:59.612290', 'False', 'None', 'SELECT Actors.gender, Screenings.movie_id FROM Actors LEFT OUTER JOIN Screenings ON Actors.gender = Screenings.movie_id;', '5', '1');
INSERT INTO "QueryColumnAccess" ("queryId", "columnId")
    VALUES ('1826', '5');
INSERT INTO "QueryColumnAccess" ("queryId", "columnId")
    VALUES ('1826', '2');
INSERT INTO "QueryTableAccess" ("queryId", "tableId")
    VALUES ('1826', '2');
INSERT INTO "QueryTableAccess" ("queryId", "tableId")
    VALUES ('1826', '5');
SELECT 'Theaters.phone_number', 'Screenings.ticket_price' FROM Theaters RIGHT OUTER JOIN Screenings ON 'Theaters.phone_number' = 'Screenings.ticket_price';
INSERT INTO "SqlQuery" ("queryId", "userId", "issuedAt", "finishedAt", "hasError", "errorMessage", "statement", "projectId", "queryTypeId")
    VALUES ('1827', '15', '2023-05-19 22:05:55.612299', '2023-05-19 22:05:58.612299', 'False', 'None', 'SELECT Theaters.phone_number, Screenings.ticket_price FROM Theaters RIGHT OUTER JOIN Screenings ON Theaters.phone_number = Screenings.ticket_price;', '5', '1');
INSERT INTO "QueryColumnAccess" ("queryId", "columnId")
    VALUES ('1827', '5');
INSERT INTO "QueryColumnAccess" ("queryId", "columnId")
    VALUES ('1827', '6');
INSERT INTO "QueryTableAccess" ("queryId", "tableId")
    VALUES ('1827', '4');
INSERT INTO "QueryTableAccess" ("queryId", "tableId")
    VALUES ('1827', '5');
SELECT 'Reviews.rating', 'Screenings.end_time' FROM Reviews RIGHT OUTER JOIN Screenings ON 'Reviews.rating' = 'Screenings.end_time';
INSERT INTO "SqlQuery" ("queryId", "userId", "issuedAt", "finishedAt", "hasError", "errorMessage", "statement", "projectId", "queryTypeId")
    VALUES ('1828', '14', '2023-05-14 22:05:55.612308', '2023-05-14 22:05:57.612308', 'False', 'None', 'SELECT Reviews.rating, Screenings.end_time FROM Reviews RIGHT OUTER JOIN Screenings ON Reviews.rating = Screenings.end_time;', '5', '1');
INSERT INTO "QueryColumnAccess" ("queryId", "columnId")
    VALUES ('1828', '4');
INSERT INTO "QueryColumnAccess" ("queryId", "columnId")
    VALUES ('1828', '5');
INSERT INTO "QueryTableAccess" ("queryId", "tableId")
    VALUES ('1828', '3');
INSERT INTO "QueryTableAccess" ("queryId", "tableId")
    VALUES ('1828', '5');
SELECT 'Movies.title', 'Actors.first_name' FROM Movies RIGHT OUTER JOIN Actors ON 'Movies.title' = 'Actors.first_name';
INSERT INTO "SqlQuery" ("queryId", "userId", "issuedAt", "finishedAt", "hasError", "errorMessage", "statement", "projectId", "queryTypeId")
    VALUES ('1829', '8', '2023-05-11 22:05:55.612317', '2023-05-11 22:05:58.612317', 'False', 'None', 'SELECT Movies.title, Actors.first_name FROM Movies RIGHT OUTER JOIN Actors ON Movies.title = Actors.first_name;', '5', '1');
INSERT INTO "QueryColumnAccess" ("queryId", "columnId")
    VALUES ('1829', '2');
INSERT INTO "QueryColumnAccess" ("queryId", "columnId")
    VALUES ('1829', '2');
INSERT INTO "QueryTableAccess" ("queryId", "tableId")
    VALUES ('1829', '1');
INSERT INTO "QueryTableAccess" ("queryId", "tableId")
    VALUES ('1829', '2');
SELECT 'Theaters.theater_name', 'Reviews.review_date' FROM Theaters NATURAL JOIN Reviews ON 'Theaters.theater_name' = 'Reviews.review_date';
INSERT INTO "SqlQuery" ("queryId", "userId", "issuedAt", "finishedAt", "hasError", "errorMessage", "statement", "projectId", "queryTypeId")
    VALUES ('1830', '5', '2023-04-26 22:05:55.612328', '2023-04-26 22:05:58.612328', 'False', 'None', 'SELECT Theaters.theater_name, Reviews.review_date FROM Theaters NATURAL JOIN Reviews ON Theaters.theater_name = Reviews.review_date;', '5', '1');
INSERT INTO "QueryColumnAccess" ("queryId", "columnId")
    VALUES ('1830', '2');
INSERT INTO "QueryColumnAccess" ("queryId", "columnId")
    VALUES ('1830', '6');
INSERT INTO "QueryTableAccess" ("queryId", "tableId")
    VALUES ('1830', '4');
INSERT INTO "QueryTableAccess" ("queryId", "tableId")
    VALUES ('1830', '3');
SELECT 'Movies.movie_id', 'Actors.last_name' FROM Movies NATURAL JOIN Actors ON 'Movies.movie_id' = 'Actors.last_name';
INSERT INTO "SqlQuery" ("queryId", "userId", "issuedAt", "finishedAt", "hasError", "errorMessage", "statement", "projectId", "queryTypeId")
    VALUES ('1831', '13', '2023-06-30 22:05:55.612337', '2023-06-30 22:05:56.612337', 'False', 'None', 'SELECT Movies.movie_id, Actors.last_name FROM Movies NATURAL JOIN Actors ON Movies.movie_id = Actors.last_name;', '5', '1');
INSERT INTO "QueryColumnAccess" ("queryId", "columnId")
    VALUES ('1831', '1');
INSERT INTO "QueryColumnAccess" ("queryId", "columnId")
    VALUES ('1831', '3');
INSERT INTO "QueryTableAccess" ("queryId", "tableId")
    VALUES ('1831', '1');
INSERT INTO "QueryTableAccess" ("queryId", "tableId")
    VALUES ('1831', '2');
SELECT 'Reviews.rating', 'Actors.actor_id' FROM Reviews LEFT OUTER JOIN Actors ON 'Reviews.rating' = 'Actors.actor_id';
INSERT INTO "SqlQuery" ("queryId", "userId", "issuedAt", "finishedAt", "hasError", "errorMessage", "statement", "projectId", "queryTypeId")
    VALUES ('1832', '12', '2023-04-14 22:05:55.612346', '2023-04-14 22:05:56.612346', 'False', 'None', 'SELECT Reviews.rating, Actors.actor_id FROM Reviews LEFT OUTER JOIN Actors ON Reviews.rating = Actors.actor_id;', '5', '1');
INSERT INTO "QueryColumnAccess" ("queryId", "columnId")
    VALUES ('1832', '4');
INSERT INTO "QueryColumnAccess" ("queryId", "columnId")
    VALUES ('1832', '1');
INSERT INTO "QueryTableAccess" ("queryId", "tableId")
    VALUES ('1832', '3');
INSERT INTO "QueryTableAccess" ("queryId", "tableId")
    VALUES ('1832', '2');
SELECT 'Movies.director', 'Theaters.theater_id' FROM Movies RIGHT OUTER JOIN Theaters ON 'Movies.director' = 'Theaters.theater_id';
INSERT INTO "SqlQuery" ("queryId", "userId", "issuedAt", "finishedAt", "hasError", "errorMessage", "statement", "projectId", "queryTypeId")
    VALUES ('1833', '11', '2023-06-08 22:05:55.612354', '2023-06-08 22:05:58.612354', 'False', 'None', 'SELECT Movies.director, Theaters.theater_id FROM Movies RIGHT OUTER JOIN Theaters ON Movies.director = Theaters.theater_id;', '5', '1');
INSERT INTO "QueryColumnAccess" ("queryId", "columnId")
    VALUES ('1833', '5');
INSERT INTO "QueryColumnAccess" ("queryId", "columnId")
    VALUES ('1833', '1');
INSERT INTO "QueryTableAccess" ("queryId", "tableId")
    VALUES ('1833', '1');
INSERT INTO "QueryTableAccess" ("queryId", "tableId")
    VALUES ('1833', '4');
SELECT 'Theaters.theater_name', 'Movies.rating' FROM Theaters NATURAL JOIN Movies ON 'Theaters.theater_name' = 'Movies.rating';
INSERT INTO "SqlQuery" ("queryId", "userId", "issuedAt", "finishedAt", "hasError", "errorMessage", "statement", "projectId", "queryTypeId")
    VALUES ('1834', '10', '2023-06-23 22:05:55.612363', '2023-06-23 22:05:56.612363', 'False', 'None', 'SELECT Theaters.theater_name, Movies.rating FROM Theaters NATURAL JOIN Movies ON Theaters.theater_name = Movies.rating;', '5', '1');
INSERT INTO "QueryColumnAccess" ("queryId", "columnId")
    VALUES ('1834', '2');
INSERT INTO "QueryColumnAccess" ("queryId", "columnId")
    VALUES ('1834', '7');
INSERT INTO "QueryTableAccess" ("queryId", "tableId")
    VALUES ('1834', '4');
INSERT INTO "QueryTableAccess" ("queryId", "tableId")
    VALUES ('1834', '1');
SELECT 'Theaters.location', 'Actors.nationality' FROM Theaters LEFT OUTER JOIN Actors ON 'Theaters.location' = 'Actors.nationality';
INSERT INTO "SqlQuery" ("queryId", "userId", "issuedAt", "finishedAt", "hasError", "errorMessage", "statement", "projectId", "queryTypeId")
    VALUES ('1835', '15', '2023-06-17 22:05:55.612371', '2023-06-17 22:05:58.612371', 'False', 'None', 'SELECT Theaters.location, Actors.nationality FROM Theaters LEFT OUTER JOIN Actors ON Theaters.location = Actors.nationality;', '5', '1');
INSERT INTO "QueryColumnAccess" ("queryId", "columnId")
    VALUES ('1835', '3');
INSERT INTO "QueryColumnAccess" ("queryId", "columnId")
    VALUES ('1835', '6');
INSERT INTO "QueryTableAccess" ("queryId", "tableId")
    VALUES ('1835', '4');
INSERT INTO "QueryTableAccess" ("queryId", "tableId")
    VALUES ('1835', '2');
SELECT 'Movies.rating', 'Theaters.capacity' FROM Movies NATURAL JOIN Theaters ON 'Movies.rating' = 'Theaters.capacity';
INSERT INTO "SqlQuery" ("queryId", "userId", "issuedAt", "finishedAt", "hasError", "errorMessage", "statement", "projectId", "queryTypeId")
    VALUES ('1836', '7', '2023-05-14 22:05:55.612380', '2023-05-14 22:05:59.612380', 'False', 'None', 'SELECT Movies.rating, Theaters.capacity FROM Movies NATURAL JOIN Theaters ON Movies.rating = Theaters.capacity;', '5', '1');
INSERT INTO "QueryColumnAccess" ("queryId", "columnId")
    VALUES ('1836', '7');
INSERT INTO "QueryColumnAccess" ("queryId", "columnId")
    VALUES ('1836', '4');
INSERT INTO "QueryTableAccess" ("queryId", "tableId")
    VALUES ('1836', '1');
INSERT INTO "QueryTableAccess" ("queryId", "tableId")
    VALUES ('1836', '4');
SELECT 'Movies.rating', 'Actors.gender' FROM Movies NATURAL JOIN Actors ON 'Movies.rating' = 'Actors.gender';
INSERT INTO "SqlQuery" ("queryId", "userId", "issuedAt", "finishedAt", "hasError", "errorMessage", "statement", "projectId", "queryTypeId")
    VALUES ('1837', '15', '2023-04-20 22:05:55.612389', '2023-04-20 22:05:58.612389', 'False', 'None', 'SELECT Movies.rating, Actors.gender FROM Movies NATURAL JOIN Actors ON Movies.rating = Actors.gender;', '5', '1');
INSERT INTO "QueryColumnAccess" ("queryId", "columnId")
    VALUES ('1837', '7');
INSERT INTO "QueryColumnAccess" ("queryId", "columnId")
    VALUES ('1837', '5');
INSERT INTO "QueryTableAccess" ("queryId", "tableId")
    VALUES ('1837', '1');
INSERT INTO "QueryTableAccess" ("queryId", "tableId")
    VALUES ('1837', '2');
SELECT 'Movies.title', 'Screenings.end_time' FROM Movies LEFT OUTER JOIN Screenings ON 'Movies.title' = 'Screenings.end_time';
INSERT INTO "SqlQuery" ("queryId", "userId", "issuedAt", "finishedAt", "hasError", "errorMessage", "statement", "projectId", "queryTypeId")
    VALUES ('1838', '11', '2023-04-27 22:05:55.612400', '2023-04-27 22:05:59.612400', 'False', 'None', 'SELECT Movies.title, Screenings.end_time FROM Movies LEFT OUTER JOIN Screenings ON Movies.title = Screenings.end_time;', '5', '1');
INSERT INTO "QueryColumnAccess" ("queryId", "columnId")
    VALUES ('1838', '2');
INSERT INTO "QueryColumnAccess" ("queryId", "columnId")
    VALUES ('1838', '5');
INSERT INTO "QueryTableAccess" ("queryId", "tableId")
    VALUES ('1838', '1');
INSERT INTO "QueryTableAccess" ("queryId", "tableId")
    VALUES ('1838', '5');
SELECT 'Actors.first_name', 'Screenings.ticket_price' FROM Actors NATURAL JOIN Screenings ON 'Actors.first_name' = 'Screenings.ticket_price';
INSERT INTO "SqlQuery" ("queryId", "userId", "issuedAt", "finishedAt", "hasError", "errorMessage", "statement", "projectId", "queryTypeId")
    VALUES ('1839', '1', '2023-05-26 22:05:55.612409', '2023-05-26 22:05:56.612409', 'False', 'None', 'SELECT Actors.first_name, Screenings.ticket_price FROM Actors NATURAL JOIN Screenings ON Actors.first_name = Screenings.ticket_price;', '5', '1');
INSERT INTO "QueryColumnAccess" ("queryId", "columnId")
    VALUES ('1839', '2');
INSERT INTO "QueryColumnAccess" ("queryId", "columnId")
    VALUES ('1839', '6');
INSERT INTO "QueryTableAccess" ("queryId", "tableId")
    VALUES ('1839', '2');
INSERT INTO "QueryTableAccess" ("queryId", "tableId")
    VALUES ('1839', '5');
SELECT 'Theaters.theater_id', 'Actors.actor_id' FROM Theaters RIGHT OUTER JOIN Actors ON 'Theaters.theater_id' = 'Actors.actor_id';
INSERT INTO "SqlQuery" ("queryId", "userId", "issuedAt", "finishedAt", "hasError", "errorMessage", "statement", "projectId", "queryTypeId")
    VALUES ('1840', '12', '2023-05-24 22:05:55.612426', '2023-05-24 22:05:58.612426', 'False', 'None', 'SELECT Theaters.theater_id, Actors.actor_id FROM Theaters RIGHT OUTER JOIN Actors ON Theaters.theater_id = Actors.actor_id;', '5', '1');
INSERT INTO "QueryColumnAccess" ("queryId", "columnId")
    VALUES ('1840', '1');
INSERT INTO "QueryColumnAccess" ("queryId", "columnId")
    VALUES ('1840', '1');
INSERT INTO "QueryTableAccess" ("queryId", "tableId")
    VALUES ('1840', '4');
INSERT INTO "QueryTableAccess" ("queryId", "tableId")
    VALUES ('1840', '2');
SELECT 'Actors.first_name', 'Theaters.capacity' FROM Actors LEFT OUTER JOIN Theaters ON 'Actors.first_name' = 'Theaters.capacity';
INSERT INTO "SqlQuery" ("queryId", "userId", "issuedAt", "finishedAt", "hasError", "errorMessage", "statement", "projectId", "queryTypeId")
    VALUES ('1841', '4', '2023-06-26 22:05:55.612435', '2023-06-26 22:05:57.612435', 'False', 'None', 'SELECT Actors.first_name, Theaters.capacity FROM Actors LEFT OUTER JOIN Theaters ON Actors.first_name = Theaters.capacity;', '5', '1');
INSERT INTO "QueryColumnAccess" ("queryId", "columnId")
    VALUES ('1841', '2');
INSERT INTO "QueryColumnAccess" ("queryId", "columnId")
    VALUES ('1841', '4');
INSERT INTO "QueryTableAccess" ("queryId", "tableId")
    VALUES ('1841', '2');
INSERT INTO "QueryTableAccess" ("queryId", "tableId")
    VALUES ('1841', '4');
SELECT 'Movies.title', 'Actors.nationality' FROM Movies NATURAL JOIN Actors ON 'Movies.title' = 'Actors.nationality';
INSERT INTO "SqlQuery" ("queryId", "userId", "issuedAt", "finishedAt", "hasError", "errorMessage", "statement", "projectId", "queryTypeId")
    VALUES ('1842', '15', '2023-04-17 22:05:55.612444', '2023-04-17 22:05:57.612444', 'False', 'None', 'SELECT Movies.title, Actors.nationality FROM Movies NATURAL JOIN Actors ON Movies.title = Actors.nationality;', '5', '1');
INSERT INTO "QueryColumnAccess" ("queryId", "columnId")
    VALUES ('1842', '2');
INSERT INTO "QueryColumnAccess" ("queryId", "columnId")
    VALUES ('1842', '6');
INSERT INTO "QueryTableAccess" ("queryId", "tableId")
    VALUES ('1842', '1');
INSERT INTO "QueryTableAccess" ("queryId", "tableId")
    VALUES ('1842', '2');
SELECT 'Screenings.start_time', 'Movies.director' FROM Screenings RIGHT OUTER JOIN Movies ON 'Screenings.start_time' = 'Movies.director';
INSERT INTO "SqlQuery" ("queryId", "userId", "issuedAt", "finishedAt", "hasError", "errorMessage", "statement", "projectId", "queryTypeId")
    VALUES ('1843', '9', '2023-05-04 22:05:55.612452', '2023-05-04 22:05:59.612452', 'False', 'None', 'SELECT Screenings.start_time, Movies.director FROM Screenings RIGHT OUTER JOIN Movies ON Screenings.start_time = Movies.director;', '5', '1');
INSERT INTO "QueryColumnAccess" ("queryId", "columnId")
    VALUES ('1843', '4');
INSERT INTO "QueryColumnAccess" ("queryId", "columnId")
    VALUES ('1843', '5');
INSERT INTO "QueryTableAccess" ("queryId", "tableId")
    VALUES ('1843', '5');
INSERT INTO "QueryTableAccess" ("queryId", "tableId")
    VALUES ('1843', '1');
SELECT 'Actors.actor_id', 'Screenings.end_time' FROM Actors RIGHT OUTER JOIN Screenings ON 'Actors.actor_id' = 'Screenings.end_time';
INSERT INTO "SqlQuery" ("queryId", "userId", "issuedAt", "finishedAt", "hasError", "errorMessage", "statement", "projectId", "queryTypeId")
    VALUES ('1844', '5', '2023-04-29 22:05:55.612461', '2023-04-29 22:05:56.612461', 'False', 'None', 'SELECT Actors.actor_id, Screenings.end_time FROM Actors RIGHT OUTER JOIN Screenings ON Actors.actor_id = Screenings.end_time;', '5', '1');
INSERT INTO "QueryColumnAccess" ("queryId", "columnId")
    VALUES ('1844', '1');
INSERT INTO "QueryColumnAccess" ("queryId", "columnId")
    VALUES ('1844', '5');
INSERT INTO "QueryTableAccess" ("queryId", "tableId")
    VALUES ('1844', '2');
INSERT INTO "QueryTableAccess" ("queryId", "tableId")
    VALUES ('1844', '5');
SELECT 'Screenings.start_time', 'Reviews.user_id' FROM Screenings NATURAL JOIN Reviews ON 'Screenings.start_time' = 'Reviews.user_id';
INSERT INTO "SqlQuery" ("queryId", "userId", "issuedAt", "finishedAt", "hasError", "errorMessage", "statement", "projectId", "queryTypeId")
    VALUES ('1845', '11', '2023-06-04 22:05:55.612469', '2023-06-04 22:05:56.612469', 'False', 'None', 'SELECT Screenings.start_time, Reviews.user_id FROM Screenings NATURAL JOIN Reviews ON Screenings.start_time = Reviews.user_id;', '5', '1');
INSERT INTO "QueryColumnAccess" ("queryId", "columnId")
    VALUES ('1845', '4');
INSERT INTO "QueryColumnAccess" ("queryId", "columnId")
    VALUES ('1845', '3');
INSERT INTO "QueryTableAccess" ("queryId", "tableId")
    VALUES ('1845', '5');
INSERT INTO "QueryTableAccess" ("queryId", "tableId")
    VALUES ('1845', '3');
SELECT 'Movies.rating', 'Actors.date_of_birth' FROM Movies NATURAL JOIN Actors ON 'Movies.rating' = 'Actors.date_of_birth';
INSERT INTO "SqlQuery" ("queryId", "userId", "issuedAt", "finishedAt", "hasError", "errorMessage", "statement", "projectId", "queryTypeId")
    VALUES ('1846', '1', '2023-06-07 22:05:55.612478', '2023-06-07 22:05:56.612478', 'False', 'None', 'SELECT Movies.rating, Actors.date_of_birth FROM Movies NATURAL JOIN Actors ON Movies.rating = Actors.date_of_birth;', '5', '1');
INSERT INTO "QueryColumnAccess" ("queryId", "columnId")
    VALUES ('1846', '7');
INSERT INTO "QueryColumnAccess" ("queryId", "columnId")
    VALUES ('1846', '4');
INSERT INTO "QueryTableAccess" ("queryId", "tableId")
    VALUES ('1846', '1');
INSERT INTO "QueryTableAccess" ("queryId", "tableId")
    VALUES ('1846', '2');
SELECT 'Screenings.theater_id', 'Actors.actor_id' FROM Screenings RIGHT OUTER JOIN Actors ON 'Screenings.theater_id' = 'Actors.actor_id';
INSERT INTO "SqlQuery" ("queryId", "userId", "issuedAt", "finishedAt", "hasError", "errorMessage", "statement", "projectId", "queryTypeId")
    VALUES ('1847', '4', '2023-04-30 22:05:55.612486', '2023-04-30 22:05:57.612486', 'False', 'None', 'SELECT Screenings.theater_id, Actors.actor_id FROM Screenings RIGHT OUTER JOIN Actors ON Screenings.theater_id = Actors.actor_id;', '5', '1');
INSERT INTO "QueryColumnAccess" ("queryId", "columnId")
    VALUES ('1847', '3');
INSERT INTO "QueryColumnAccess" ("queryId", "columnId")
    VALUES ('1847', '1');
INSERT INTO "QueryTableAccess" ("queryId", "tableId")
    VALUES ('1847', '5');
INSERT INTO "QueryTableAccess" ("queryId", "tableId")
    VALUES ('1847', '2');
SELECT 'Theaters.theater_id', 'Screenings.screening_id' FROM Theaters NATURAL JOIN Screenings ON 'Theaters.theater_id' = 'Screenings.screening_id';
INSERT INTO "SqlQuery" ("queryId", "userId", "issuedAt", "finishedAt", "hasError", "errorMessage", "statement", "projectId", "queryTypeId")
    VALUES ('1848', '6', '2023-05-30 22:05:55.612495', '2023-05-30 22:05:57.612495', 'False', 'None', 'SELECT Theaters.theater_id, Screenings.screening_id FROM Theaters NATURAL JOIN Screenings ON Theaters.theater_id = Screenings.screening_id;', '5', '1');
INSERT INTO "QueryColumnAccess" ("queryId", "columnId")
    VALUES ('1848', '1');
INSERT INTO "QueryColumnAccess" ("queryId", "columnId")
    VALUES ('1848', '1');
INSERT INTO "QueryTableAccess" ("queryId", "tableId")
    VALUES ('1848', '4');
INSERT INTO "QueryTableAccess" ("queryId", "tableId")
    VALUES ('1848', '5');
SELECT 'Actors.gender', 'Movies.duration' FROM Actors NATURAL JOIN Movies ON 'Actors.gender' = 'Movies.duration';
INSERT INTO "SqlQuery" ("queryId", "userId", "issuedAt", "finishedAt", "hasError", "errorMessage", "statement", "projectId", "queryTypeId")
    VALUES ('1849', '11', '2023-07-03 22:05:55.612507', '2023-07-03 22:05:59.612507', 'False', 'None', 'SELECT Actors.gender, Movies.duration FROM Actors NATURAL JOIN Movies ON Actors.gender = Movies.duration;', '5', '1');
INSERT INTO "QueryColumnAccess" ("queryId", "columnId")
    VALUES ('1849', '5');
INSERT INTO "QueryColumnAccess" ("queryId", "columnId")
    VALUES ('1849', '6');
INSERT INTO "QueryTableAccess" ("queryId", "tableId")
    VALUES ('1849', '2');
INSERT INTO "QueryTableAccess" ("queryId", "tableId")
    VALUES ('1849', '1');
SELECT 'Reviews.movie_id', 'Actors.actor_id' FROM Reviews NATURAL JOIN Actors ON 'Reviews.movie_id' = 'Actors.actor_id';
INSERT INTO "SqlQuery" ("queryId", "userId", "issuedAt", "finishedAt", "hasError", "errorMessage", "statement", "projectId", "queryTypeId")
    VALUES ('1850', '8', '2023-05-15 22:05:55.612516', '2023-05-15 22:05:58.612516', 'False', 'None', 'SELECT Reviews.movie_id, Actors.actor_id FROM Reviews NATURAL JOIN Actors ON Reviews.movie_id = Actors.actor_id;', '5', '1');
INSERT INTO "QueryColumnAccess" ("queryId", "columnId")
    VALUES ('1850', '2');
INSERT INTO "QueryColumnAccess" ("queryId", "columnId")
    VALUES ('1850', '1');
INSERT INTO "QueryTableAccess" ("queryId", "tableId")
    VALUES ('1850', '3');
INSERT INTO "QueryTableAccess" ("queryId", "tableId")
    VALUES ('1850', '2');
SELECT 'Screenings.start_time', 'Reviews.review_id' FROM Screenings RIGHT OUTER JOIN Reviews ON 'Screenings.start_time' = 'Reviews.review_id';
INSERT INTO "SqlQuery" ("queryId", "userId", "issuedAt", "finishedAt", "hasError", "errorMessage", "statement", "projectId", "queryTypeId")
    VALUES ('1851', '11', '2023-06-15 22:05:55.612524', '2023-06-15 22:05:59.612524', 'False', 'None', 'SELECT Screenings.start_time, Reviews.review_id FROM Screenings RIGHT OUTER JOIN Reviews ON Screenings.start_time = Reviews.review_id;', '5', '1');
INSERT INTO "QueryColumnAccess" ("queryId", "columnId")
    VALUES ('1851', '4');
INSERT INTO "QueryColumnAccess" ("queryId", "columnId")
    VALUES ('1851', '1');
INSERT INTO "QueryTableAccess" ("queryId", "tableId")
    VALUES ('1851', '5');
INSERT INTO "QueryTableAccess" ("queryId", "tableId")
    VALUES ('1851', '3');
SELECT 'Movies.duration', 'Actors.actor_id' FROM Movies RIGHT OUTER JOIN Actors ON 'Movies.duration' = 'Actors.actor_id';
INSERT INTO "SqlQuery" ("queryId", "userId", "issuedAt", "finishedAt", "hasError", "errorMessage", "statement", "projectId", "queryTypeId")
    VALUES ('1852', '11', '2023-04-13 22:05:55.612533', '2023-04-13 22:05:59.612533', 'False', 'None', 'SELECT Movies.duration, Actors.actor_id FROM Movies RIGHT OUTER JOIN Actors ON Movies.duration = Actors.actor_id;', '5', '1');
INSERT INTO "QueryColumnAccess" ("queryId", "columnId")
    VALUES ('1852', '6');
INSERT INTO "QueryColumnAccess" ("queryId", "columnId")
    VALUES ('1852', '1');
INSERT INTO "QueryTableAccess" ("queryId", "tableId")
    VALUES ('1852', '1');
INSERT INTO "QueryTableAccess" ("queryId", "tableId")
    VALUES ('1852', '2');
SELECT 'Actors.date_of_birth', 'Reviews.review_id' FROM Actors RIGHT OUTER JOIN Reviews ON 'Actors.date_of_birth' = 'Reviews.review_id';
INSERT INTO "SqlQuery" ("queryId", "userId", "issuedAt", "finishedAt", "hasError", "errorMessage", "statement", "projectId", "queryTypeId")
    VALUES ('1853', '14', '2023-04-30 22:05:55.612541', '2023-04-30 22:05:59.612541', 'False', 'None', 'SELECT Actors.date_of_birth, Reviews.review_id FROM Actors RIGHT OUTER JOIN Reviews ON Actors.date_of_birth = Reviews.review_id;', '5', '1');
INSERT INTO "QueryColumnAccess" ("queryId", "columnId")
    VALUES ('1853', '4');
INSERT INTO "QueryColumnAccess" ("queryId", "columnId")
    VALUES ('1853', '1');
INSERT INTO "QueryTableAccess" ("queryId", "tableId")
    VALUES ('1853', '2');
INSERT INTO "QueryTableAccess" ("queryId", "tableId")
    VALUES ('1853', '3');
SELECT 'Screenings.end_time', 'Actors.nationality' FROM Screenings RIGHT OUTER JOIN Actors ON 'Screenings.end_time' = 'Actors.nationality';
INSERT INTO "SqlQuery" ("queryId", "userId", "issuedAt", "finishedAt", "hasError", "errorMessage", "statement", "projectId", "queryTypeId")
    VALUES ('1854', '13', '2023-05-06 22:05:55.612550', '2023-05-06 22:05:56.612550', 'False', 'None', 'SELECT Screenings.end_time, Actors.nationality FROM Screenings RIGHT OUTER JOIN Actors ON Screenings.end_time = Actors.nationality;', '5', '1');
INSERT INTO "QueryColumnAccess" ("queryId", "columnId")
    VALUES ('1854', '5');
INSERT INTO "QueryColumnAccess" ("queryId", "columnId")
    VALUES ('1854', '6');
INSERT INTO "QueryTableAccess" ("queryId", "tableId")
    VALUES ('1854', '5');
INSERT INTO "QueryTableAccess" ("queryId", "tableId")
    VALUES ('1854', '2');
SELECT 'Reviews.review_id', 'Actors.nationality' FROM Reviews RIGHT OUTER JOIN Actors ON 'Reviews.review_id' = 'Actors.nationality';
INSERT INTO "SqlQuery" ("queryId", "userId", "issuedAt", "finishedAt", "hasError", "errorMessage", "statement", "projectId", "queryTypeId")
    VALUES ('1855', '8', '2023-06-06 22:05:55.612559', '2023-06-06 22:05:58.612559', 'False', 'None', 'SELECT Reviews.review_id, Actors.nationality FROM Reviews RIGHT OUTER JOIN Actors ON Reviews.review_id = Actors.nationality;', '5', '1');
INSERT INTO "QueryColumnAccess" ("queryId", "columnId")
    VALUES ('1855', '1');
INSERT INTO "QueryColumnAccess" ("queryId", "columnId")
    VALUES ('1855', '6');
INSERT INTO "QueryTableAccess" ("queryId", "tableId")
    VALUES ('1855', '3');
INSERT INTO "QueryTableAccess" ("queryId", "tableId")
    VALUES ('1855', '2');
SELECT 'Actors.nationality', 'Movies.rating' FROM Actors RIGHT OUTER JOIN Movies ON 'Actors.nationality' = 'Movies.rating';
INSERT INTO "SqlQuery" ("queryId", "userId", "issuedAt", "finishedAt", "hasError", "errorMessage", "statement", "projectId", "queryTypeId")
    VALUES ('1856', '4', '2023-05-01 22:05:55.612568', '2023-05-01 22:05:58.612568', 'False', 'None', 'SELECT Actors.nationality, Movies.rating FROM Actors RIGHT OUTER JOIN Movies ON Actors.nationality = Movies.rating;', '5', '1');
INSERT INTO "QueryColumnAccess" ("queryId", "columnId")
    VALUES ('1856', '6');
INSERT INTO "QueryColumnAccess" ("queryId", "columnId")
    VALUES ('1856', '7');
INSERT INTO "QueryTableAccess" ("queryId", "tableId")
    VALUES ('1856', '2');
INSERT INTO "QueryTableAccess" ("queryId", "tableId")
    VALUES ('1856', '1');
SELECT 'Reviews.movie_id', 'Movies.release_date' FROM Reviews LEFT OUTER JOIN Movies ON 'Reviews.movie_id' = 'Movies.release_date';
INSERT INTO "SqlQuery" ("queryId", "userId", "issuedAt", "finishedAt", "hasError", "errorMessage", "statement", "projectId", "queryTypeId")
    VALUES ('1857', '9', '2023-05-01 22:05:55.612576', '2023-05-01 22:05:58.612576', 'False', 'None', 'SELECT Reviews.movie_id, Movies.release_date FROM Reviews LEFT OUTER JOIN Movies ON Reviews.movie_id = Movies.release_date;', '5', '1');
INSERT INTO "QueryColumnAccess" ("queryId", "columnId")
    VALUES ('1857', '2');
INSERT INTO "QueryColumnAccess" ("queryId", "columnId")
    VALUES ('1857', '3');
INSERT INTO "QueryTableAccess" ("queryId", "tableId")
    VALUES ('1857', '3');
INSERT INTO "QueryTableAccess" ("queryId", "tableId")
    VALUES ('1857', '1');
SELECT 'Screenings.ticket_price', 'Movies.movie_id' FROM Screenings LEFT OUTER JOIN Movies ON 'Screenings.ticket_price' = 'Movies.movie_id';
INSERT INTO "SqlQuery" ("queryId", "userId", "issuedAt", "finishedAt", "hasError", "errorMessage", "statement", "projectId", "queryTypeId")
    VALUES ('1858', '6', '2023-06-15 22:05:55.612585', '2023-06-15 22:05:58.612585', 'False', 'None', 'SELECT Screenings.ticket_price, Movies.movie_id FROM Screenings LEFT OUTER JOIN Movies ON Screenings.ticket_price = Movies.movie_id;', '5', '1');
INSERT INTO "QueryColumnAccess" ("queryId", "columnId")
    VALUES ('1858', '6');
INSERT INTO "QueryColumnAccess" ("queryId", "columnId")
    VALUES ('1858', '1');
INSERT INTO "QueryTableAccess" ("queryId", "tableId")
    VALUES ('1858', '5');
INSERT INTO "QueryTableAccess" ("queryId", "tableId")
    VALUES ('1858', '1');
SELECT 'Reviews.rating', 'Screenings.end_time' FROM Reviews LEFT OUTER JOIN Screenings ON 'Reviews.rating' = 'Screenings.end_time';
INSERT INTO "SqlQuery" ("queryId", "userId", "issuedAt", "finishedAt", "hasError", "errorMessage", "statement", "projectId", "queryTypeId")
    VALUES ('1859', '5', '2023-07-04 22:05:55.612602', '2023-07-04 22:05:56.612602', 'False', 'None', 'SELECT Reviews.rating, Screenings.end_time FROM Reviews LEFT OUTER JOIN Screenings ON Reviews.rating = Screenings.end_time;', '5', '1');
INSERT INTO "QueryColumnAccess" ("queryId", "columnId")
    VALUES ('1859', '4');
INSERT INTO "QueryColumnAccess" ("queryId", "columnId")
    VALUES ('1859', '5');
INSERT INTO "QueryTableAccess" ("queryId", "tableId")
    VALUES ('1859', '3');
INSERT INTO "QueryTableAccess" ("queryId", "tableId")
    VALUES ('1859', '5');
SELECT 'Actors.date_of_birth', 'Reviews.movie_id' FROM Actors LEFT OUTER JOIN Reviews ON 'Actors.date_of_birth' = 'Reviews.movie_id';
INSERT INTO "SqlQuery" ("queryId", "userId", "issuedAt", "finishedAt", "hasError", "errorMessage", "statement", "projectId", "queryTypeId")
    VALUES ('1860', '3', '2023-04-15 22:05:55.612611', '2023-04-15 22:05:57.612611', 'False', 'None', 'SELECT Actors.date_of_birth, Reviews.movie_id FROM Actors LEFT OUTER JOIN Reviews ON Actors.date_of_birth = Reviews.movie_id;', '5', '1');
INSERT INTO "QueryColumnAccess" ("queryId", "columnId")
    VALUES ('1860', '4');
INSERT INTO "QueryColumnAccess" ("queryId", "columnId")
    VALUES ('1860', '2');
INSERT INTO "QueryTableAccess" ("queryId", "tableId")
    VALUES ('1860', '2');
INSERT INTO "QueryTableAccess" ("queryId", "tableId")
    VALUES ('1860', '3');
SELECT 'Reviews.comment', 'Movies.director' FROM Reviews NATURAL JOIN Movies ON 'Reviews.comment' = 'Movies.director';
INSERT INTO "SqlQuery" ("queryId", "userId", "issuedAt", "finishedAt", "hasError", "errorMessage", "statement", "projectId", "queryTypeId")
    VALUES ('1861', '12', '2023-06-26 22:05:55.612619', '2023-06-26 22:05:56.612619', 'False', 'None', 'SELECT Reviews.comment, Movies.director FROM Reviews NATURAL JOIN Movies ON Reviews.comment = Movies.director;', '5', '1');
INSERT INTO "QueryColumnAccess" ("queryId", "columnId")
    VALUES ('1861', '5');
INSERT INTO "QueryColumnAccess" ("queryId", "columnId")
    VALUES ('1861', '5');
INSERT INTO "QueryTableAccess" ("queryId", "tableId")
    VALUES ('1861', '3');
INSERT INTO "QueryTableAccess" ("queryId", "tableId")
    VALUES ('1861', '1');
SELECT 'Screenings.movie_id', 'Actors.date_of_birth' FROM Screenings LEFT OUTER JOIN Actors ON 'Screenings.movie_id' = 'Actors.date_of_birth';
INSERT INTO "SqlQuery" ("queryId", "userId", "issuedAt", "finishedAt", "hasError", "errorMessage", "statement", "projectId", "queryTypeId")
    VALUES ('1862', '9', '2023-05-26 22:05:55.612628', '2023-05-26 22:05:58.612628', 'False', 'None', 'SELECT Screenings.movie_id, Actors.date_of_birth FROM Screenings LEFT OUTER JOIN Actors ON Screenings.movie_id = Actors.date_of_birth;', '5', '1');
INSERT INTO "QueryColumnAccess" ("queryId", "columnId")
    VALUES ('1862', '2');
INSERT INTO "QueryColumnAccess" ("queryId", "columnId")
    VALUES ('1862', '4');
INSERT INTO "QueryTableAccess" ("queryId", "tableId")
    VALUES ('1862', '5');
INSERT INTO "QueryTableAccess" ("queryId", "tableId")
    VALUES ('1862', '2');
SELECT 'Movies.rating', 'Theaters.phone_number' FROM Movies NATURAL JOIN Theaters ON 'Movies.rating' = 'Theaters.phone_number';
INSERT INTO "SqlQuery" ("queryId", "userId", "issuedAt", "finishedAt", "hasError", "errorMessage", "statement", "projectId", "queryTypeId")
    VALUES ('1863', '7', '2023-04-20 22:05:55.612637', '2023-04-20 22:05:59.612637', 'False', 'None', 'SELECT Movies.rating, Theaters.phone_number FROM Movies NATURAL JOIN Theaters ON Movies.rating = Theaters.phone_number;', '5', '1');
INSERT INTO "QueryColumnAccess" ("queryId", "columnId")
    VALUES ('1863', '7');
INSERT INTO "QueryColumnAccess" ("queryId", "columnId")
    VALUES ('1863', '5');
INSERT INTO "QueryTableAccess" ("queryId", "tableId")
    VALUES ('1863', '1');
INSERT INTO "QueryTableAccess" ("queryId", "tableId")
    VALUES ('1863', '4');
SELECT 'Screenings.ticket_price', 'Actors.nationality' FROM Screenings NATURAL JOIN Actors ON 'Screenings.ticket_price' = 'Actors.nationality';
INSERT INTO "SqlQuery" ("queryId", "userId", "issuedAt", "finishedAt", "hasError", "errorMessage", "statement", "projectId", "queryTypeId")
    VALUES ('1864', '13', '2023-05-03 22:05:55.612646', '2023-05-03 22:05:56.612646', 'False', 'None', 'SELECT Screenings.ticket_price, Actors.nationality FROM Screenings NATURAL JOIN Actors ON Screenings.ticket_price = Actors.nationality;', '5', '1');
INSERT INTO "QueryColumnAccess" ("queryId", "columnId")
    VALUES ('1864', '6');
INSERT INTO "QueryColumnAccess" ("queryId", "columnId")
    VALUES ('1864', '6');
INSERT INTO "QueryTableAccess" ("queryId", "tableId")
    VALUES ('1864', '5');
INSERT INTO "QueryTableAccess" ("queryId", "tableId")
    VALUES ('1864', '2');
SELECT 'Screenings.screening_id', 'Reviews.user_id' FROM Screenings RIGHT OUTER JOIN Reviews ON 'Screenings.screening_id' = 'Reviews.user_id';
INSERT INTO "SqlQuery" ("queryId", "userId", "issuedAt", "finishedAt", "hasError", "errorMessage", "statement", "projectId", "queryTypeId")
    VALUES ('1865', '10', '2023-05-19 22:05:55.612655', '2023-05-19 22:05:59.612655', 'False', 'None', 'SELECT Screenings.screening_id, Reviews.user_id FROM Screenings RIGHT OUTER JOIN Reviews ON Screenings.screening_id = Reviews.user_id;', '5', '1');
INSERT INTO "QueryColumnAccess" ("queryId", "columnId")
    VALUES ('1865', '1');
INSERT INTO "QueryColumnAccess" ("queryId", "columnId")
    VALUES ('1865', '3');
INSERT INTO "QueryTableAccess" ("queryId", "tableId")
    VALUES ('1865', '5');
INSERT INTO "QueryTableAccess" ("queryId", "tableId")
    VALUES ('1865', '3');
SELECT 'Theaters.theater_id', 'Actors.actor_id' FROM Theaters RIGHT OUTER JOIN Actors ON 'Theaters.theater_id' = 'Actors.actor_id';
INSERT INTO "SqlQuery" ("queryId", "userId", "issuedAt", "finishedAt", "hasError", "errorMessage", "statement", "projectId", "queryTypeId")
    VALUES ('1866', '8', '2023-05-31 22:05:55.612664', '2023-05-31 22:05:58.612664', 'False', 'None', 'SELECT Theaters.theater_id, Actors.actor_id FROM Theaters RIGHT OUTER JOIN Actors ON Theaters.theater_id = Actors.actor_id;', '5', '1');
INSERT INTO "QueryColumnAccess" ("queryId", "columnId")
    VALUES ('1866', '1');
INSERT INTO "QueryColumnAccess" ("queryId", "columnId")
    VALUES ('1866', '1');
INSERT INTO "QueryTableAccess" ("queryId", "tableId")
    VALUES ('1866', '4');
INSERT INTO "QueryTableAccess" ("queryId", "tableId")
    VALUES ('1866', '2');
SELECT 'Movies.release_date', 'Screenings.movie_id' FROM Movies NATURAL JOIN Screenings ON 'Movies.release_date' = 'Screenings.movie_id';
INSERT INTO "SqlQuery" ("queryId", "userId", "issuedAt", "finishedAt", "hasError", "errorMessage", "statement", "projectId", "queryTypeId")
    VALUES ('1867', '5', '2023-07-09 22:05:55.612673', '2023-07-09 22:05:57.612673', 'False', 'None', 'SELECT Movies.release_date, Screenings.movie_id FROM Movies NATURAL JOIN Screenings ON Movies.release_date = Screenings.movie_id;', '5', '1');
INSERT INTO "QueryColumnAccess" ("queryId", "columnId")
    VALUES ('1867', '3');
INSERT INTO "QueryColumnAccess" ("queryId", "columnId")
    VALUES ('1867', '2');
INSERT INTO "QueryTableAccess" ("queryId", "tableId")
    VALUES ('1867', '1');
INSERT INTO "QueryTableAccess" ("queryId", "tableId")
    VALUES ('1867', '5');
SELECT 'Reviews.rating', 'Movies.director' FROM Reviews RIGHT OUTER JOIN Movies ON 'Reviews.rating' = 'Movies.director';
INSERT INTO "SqlQuery" ("queryId", "userId", "issuedAt", "finishedAt", "hasError", "errorMessage", "statement", "projectId", "queryTypeId")
    VALUES ('1868', '11', '2023-04-26 22:05:55.612689', '2023-04-26 22:05:56.612689', 'False', 'None', 'SELECT Reviews.rating, Movies.director FROM Reviews RIGHT OUTER JOIN Movies ON Reviews.rating = Movies.director;', '5', '1');
INSERT INTO "QueryColumnAccess" ("queryId", "columnId")
    VALUES ('1868', '4');
INSERT INTO "QueryColumnAccess" ("queryId", "columnId")
    VALUES ('1868', '5');
INSERT INTO "QueryTableAccess" ("queryId", "tableId")
    VALUES ('1868', '3');
INSERT INTO "QueryTableAccess" ("queryId", "tableId")
    VALUES ('1868', '1');
SELECT 'Theaters.phone_number', 'Movies.duration' FROM Theaters RIGHT OUTER JOIN Movies ON 'Theaters.phone_number' = 'Movies.duration';
INSERT INTO "SqlQuery" ("queryId", "userId", "issuedAt", "finishedAt", "hasError", "errorMessage", "statement", "projectId", "queryTypeId")
    VALUES ('1869', '10', '2023-06-02 22:05:55.612698', '2023-06-02 22:05:56.612698', 'False', 'None', 'SELECT Theaters.phone_number, Movies.duration FROM Theaters RIGHT OUTER JOIN Movies ON Theaters.phone_number = Movies.duration;', '5', '1');
INSERT INTO "QueryColumnAccess" ("queryId", "columnId")
    VALUES ('1869', '5');
INSERT INTO "QueryColumnAccess" ("queryId", "columnId")
    VALUES ('1869', '6');
INSERT INTO "QueryTableAccess" ("queryId", "tableId")
    VALUES ('1869', '4');
INSERT INTO "QueryTableAccess" ("queryId", "tableId")
    VALUES ('1869', '1');
SELECT 'Reviews.user_id', 'Theaters.location' FROM Reviews RIGHT OUTER JOIN Theaters ON 'Reviews.user_id' = 'Theaters.location';
INSERT INTO "SqlQuery" ("queryId", "userId", "issuedAt", "finishedAt", "hasError", "errorMessage", "statement", "projectId", "queryTypeId")
    VALUES ('1870', '2', '2023-06-03 22:05:55.612707', '2023-06-03 22:05:56.612707', 'False', 'None', 'SELECT Reviews.user_id, Theaters.location FROM Reviews RIGHT OUTER JOIN Theaters ON Reviews.user_id = Theaters.location;', '5', '1');
INSERT INTO "QueryColumnAccess" ("queryId", "columnId")
    VALUES ('1870', '3');
INSERT INTO "QueryColumnAccess" ("queryId", "columnId")
    VALUES ('1870', '3');
INSERT INTO "QueryTableAccess" ("queryId", "tableId")
    VALUES ('1870', '3');
INSERT INTO "QueryTableAccess" ("queryId", "tableId")
    VALUES ('1870', '4');
SELECT 'Actors.last_name', 'Theaters.theater_id' FROM Actors RIGHT OUTER JOIN Theaters ON 'Actors.last_name' = 'Theaters.theater_id';
INSERT INTO "SqlQuery" ("queryId", "userId", "issuedAt", "finishedAt", "hasError", "errorMessage", "statement", "projectId", "queryTypeId")
    VALUES ('1871', '13', '2023-04-16 22:05:55.612716', '2023-04-16 22:05:56.612716', 'False', 'None', 'SELECT Actors.last_name, Theaters.theater_id FROM Actors RIGHT OUTER JOIN Theaters ON Actors.last_name = Theaters.theater_id;', '5', '1');
INSERT INTO "QueryColumnAccess" ("queryId", "columnId")
    VALUES ('1871', '3');
INSERT INTO "QueryColumnAccess" ("queryId", "columnId")
    VALUES ('1871', '1');
INSERT INTO "QueryTableAccess" ("queryId", "tableId")
    VALUES ('1871', '2');
INSERT INTO "QueryTableAccess" ("queryId", "tableId")
    VALUES ('1871', '4');
SELECT 'Screenings.movie_id', 'Actors.gender' FROM Screenings NATURAL JOIN Actors ON 'Screenings.movie_id' = 'Actors.gender';
INSERT INTO "SqlQuery" ("queryId", "userId", "issuedAt", "finishedAt", "hasError", "errorMessage", "statement", "projectId", "queryTypeId")
    VALUES ('1872', '10', '2023-06-13 22:05:55.612724', '2023-06-13 22:05:57.612724', 'False', 'None', 'SELECT Screenings.movie_id, Actors.gender FROM Screenings NATURAL JOIN Actors ON Screenings.movie_id = Actors.gender;', '5', '1');
INSERT INTO "QueryColumnAccess" ("queryId", "columnId")
    VALUES ('1872', '2');
INSERT INTO "QueryColumnAccess" ("queryId", "columnId")
    VALUES ('1872', '5');
INSERT INTO "QueryTableAccess" ("queryId", "tableId")
    VALUES ('1872', '5');
INSERT INTO "QueryTableAccess" ("queryId", "tableId")
    VALUES ('1872', '2');
SELECT 'Reviews.review_date', 'Screenings.end_time' FROM Reviews LEFT OUTER JOIN Screenings ON 'Reviews.review_date' = 'Screenings.end_time';
INSERT INTO "SqlQuery" ("queryId", "userId", "issuedAt", "finishedAt", "hasError", "errorMessage", "statement", "projectId", "queryTypeId")
    VALUES ('1873', '2', '2023-04-22 22:05:55.612733', '2023-04-22 22:05:59.612733', 'False', 'None', 'SELECT Reviews.review_date, Screenings.end_time FROM Reviews LEFT OUTER JOIN Screenings ON Reviews.review_date = Screenings.end_time;', '5', '1');
INSERT INTO "QueryColumnAccess" ("queryId", "columnId")
    VALUES ('1873', '6');
INSERT INTO "QueryColumnAccess" ("queryId", "columnId")
    VALUES ('1873', '5');
INSERT INTO "QueryTableAccess" ("queryId", "tableId")
    VALUES ('1873', '3');
INSERT INTO "QueryTableAccess" ("queryId", "tableId")
    VALUES ('1873', '5');
SELECT 'Screenings.theater_id', 'Theaters.capacity' FROM Screenings RIGHT OUTER JOIN Theaters ON 'Screenings.theater_id' = 'Theaters.capacity';
INSERT INTO "SqlQuery" ("queryId", "userId", "issuedAt", "finishedAt", "hasError", "errorMessage", "statement", "projectId", "queryTypeId")
    VALUES ('1874', '4', '2023-05-20 22:05:55.612742', '2023-05-20 22:05:59.612742', 'False', 'None', 'SELECT Screenings.theater_id, Theaters.capacity FROM Screenings RIGHT OUTER JOIN Theaters ON Screenings.theater_id = Theaters.capacity;', '5', '1');
INSERT INTO "QueryColumnAccess" ("queryId", "columnId")
    VALUES ('1874', '3');
INSERT INTO "QueryColumnAccess" ("queryId", "columnId")
    VALUES ('1874', '4');
INSERT INTO "QueryTableAccess" ("queryId", "tableId")
    VALUES ('1874', '5');
INSERT INTO "QueryTableAccess" ("queryId", "tableId")
    VALUES ('1874', '4');
SELECT 'Actors.date_of_birth', 'Movies.duration' FROM Actors LEFT OUTER JOIN Movies ON 'Actors.date_of_birth' = 'Movies.duration';
INSERT INTO "SqlQuery" ("queryId", "userId", "issuedAt", "finishedAt", "hasError", "errorMessage", "statement", "projectId", "queryTypeId")
    VALUES ('1875', '4', '2023-05-22 22:05:55.612751', '2023-05-22 22:05:57.612751', 'False', 'None', 'SELECT Actors.date_of_birth, Movies.duration FROM Actors LEFT OUTER JOIN Movies ON Actors.date_of_birth = Movies.duration;', '5', '1');
INSERT INTO "QueryColumnAccess" ("queryId", "columnId")
    VALUES ('1875', '4');
INSERT INTO "QueryColumnAccess" ("queryId", "columnId")
    VALUES ('1875', '6');
INSERT INTO "QueryTableAccess" ("queryId", "tableId")
    VALUES ('1875', '2');
INSERT INTO "QueryTableAccess" ("queryId", "tableId")
    VALUES ('1875', '1');
SELECT 'Movies.duration', 'Reviews.user_id' FROM Movies LEFT OUTER JOIN Reviews ON 'Movies.duration' = 'Reviews.user_id';
INSERT INTO "SqlQuery" ("queryId", "userId", "issuedAt", "finishedAt", "hasError", "errorMessage", "statement", "projectId", "queryTypeId")
    VALUES ('1876', '12', '2023-06-02 22:05:55.612760', '2023-06-02 22:05:59.612760', 'False', 'None', 'SELECT Movies.duration, Reviews.user_id FROM Movies LEFT OUTER JOIN Reviews ON Movies.duration = Reviews.user_id;', '5', '1');
INSERT INTO "QueryColumnAccess" ("queryId", "columnId")
    VALUES ('1876', '6');
INSERT INTO "QueryColumnAccess" ("queryId", "columnId")
    VALUES ('1876', '3');
INSERT INTO "QueryTableAccess" ("queryId", "tableId")
    VALUES ('1876', '1');
INSERT INTO "QueryTableAccess" ("queryId", "tableId")
    VALUES ('1876', '3');
SELECT 'Screenings.ticket_price', 'Actors.gender' FROM Screenings NATURAL JOIN Actors ON 'Screenings.ticket_price' = 'Actors.gender';
INSERT INTO "SqlQuery" ("queryId", "userId", "issuedAt", "finishedAt", "hasError", "errorMessage", "statement", "projectId", "queryTypeId")
    VALUES ('1877', '7', '2023-04-15 22:05:55.612769', '2023-04-15 22:05:59.612769', 'False', 'None', 'SELECT Screenings.ticket_price, Actors.gender FROM Screenings NATURAL JOIN Actors ON Screenings.ticket_price = Actors.gender;', '5', '1');
INSERT INTO "QueryColumnAccess" ("queryId", "columnId")
    VALUES ('1877', '6');
INSERT INTO "QueryColumnAccess" ("queryId", "columnId")
    VALUES ('1877', '5');
INSERT INTO "QueryTableAccess" ("queryId", "tableId")
    VALUES ('1877', '5');
INSERT INTO "QueryTableAccess" ("queryId", "tableId")
    VALUES ('1877', '2');
SELECT 'Screenings.start_time', 'Theaters.location' FROM Screenings LEFT OUTER JOIN Theaters ON 'Screenings.start_time' = 'Theaters.location';
INSERT INTO "SqlQuery" ("queryId", "userId", "issuedAt", "finishedAt", "hasError", "errorMessage", "statement", "projectId", "queryTypeId")
    VALUES ('1878', '6', '2023-05-04 22:05:55.612782', '2023-05-04 22:05:59.612782', 'False', 'None', 'SELECT Screenings.start_time, Theaters.location FROM Screenings LEFT OUTER JOIN Theaters ON Screenings.start_time = Theaters.location;', '5', '1');
INSERT INTO "QueryColumnAccess" ("queryId", "columnId")
    VALUES ('1878', '4');
INSERT INTO "QueryColumnAccess" ("queryId", "columnId")
    VALUES ('1878', '3');
INSERT INTO "QueryTableAccess" ("queryId", "tableId")
    VALUES ('1878', '5');
INSERT INTO "QueryTableAccess" ("queryId", "tableId")
    VALUES ('1878', '4');
SELECT 'Movies.rating', 'Reviews.review_id' FROM Movies RIGHT OUTER JOIN Reviews ON 'Movies.rating' = 'Reviews.review_id';
INSERT INTO "SqlQuery" ("queryId", "userId", "issuedAt", "finishedAt", "hasError", "errorMessage", "statement", "projectId", "queryTypeId")
    VALUES ('1879', '8', '2023-04-20 22:05:55.612792', '2023-04-20 22:05:59.612792', 'False', 'None', 'SELECT Movies.rating, Reviews.review_id FROM Movies RIGHT OUTER JOIN Reviews ON Movies.rating = Reviews.review_id;', '5', '1');
INSERT INTO "QueryColumnAccess" ("queryId", "columnId")
    VALUES ('1879', '7');
INSERT INTO "QueryColumnAccess" ("queryId", "columnId")
    VALUES ('1879', '1');
INSERT INTO "QueryTableAccess" ("queryId", "tableId")
    VALUES ('1879', '1');
INSERT INTO "QueryTableAccess" ("queryId", "tableId")
    VALUES ('1879', '3');
SELECT 'Movies.release_date', 'Theaters.theater_name' FROM Movies LEFT OUTER JOIN Theaters ON 'Movies.release_date' = 'Theaters.theater_name';
INSERT INTO "SqlQuery" ("queryId", "userId", "issuedAt", "finishedAt", "hasError", "errorMessage", "statement", "projectId", "queryTypeId")
    VALUES ('1880', '1', '2023-05-29 22:05:55.612800', '2023-05-29 22:05:56.612800', 'False', 'None', 'SELECT Movies.release_date, Theaters.theater_name FROM Movies LEFT OUTER JOIN Theaters ON Movies.release_date = Theaters.theater_name;', '5', '1');
INSERT INTO "QueryColumnAccess" ("queryId", "columnId")
    VALUES ('1880', '3');
INSERT INTO "QueryColumnAccess" ("queryId", "columnId")
    VALUES ('1880', '2');
INSERT INTO "QueryTableAccess" ("queryId", "tableId")
    VALUES ('1880', '1');
INSERT INTO "QueryTableAccess" ("queryId", "tableId")
    VALUES ('1880', '4');
SELECT 'Screenings.start_time', 'Theaters.theater_name' FROM Screenings RIGHT OUTER JOIN Theaters ON 'Screenings.start_time' = 'Theaters.theater_name';
INSERT INTO "SqlQuery" ("queryId", "userId", "issuedAt", "finishedAt", "hasError", "errorMessage", "statement", "projectId", "queryTypeId")
    VALUES ('1881', '5', '2023-05-10 22:05:55.612809', '2023-05-10 22:05:59.612809', 'False', 'None', 'SELECT Screenings.start_time, Theaters.theater_name FROM Screenings RIGHT OUTER JOIN Theaters ON Screenings.start_time = Theaters.theater_name;', '5', '1');
INSERT INTO "QueryColumnAccess" ("queryId", "columnId")
    VALUES ('1881', '4');
INSERT INTO "QueryColumnAccess" ("queryId", "columnId")
    VALUES ('1881', '2');
INSERT INTO "QueryTableAccess" ("queryId", "tableId")
    VALUES ('1881', '5');
INSERT INTO "QueryTableAccess" ("queryId", "tableId")
    VALUES ('1881', '4');
SELECT 'Actors.last_name', 'Theaters.theater_id' FROM Actors LEFT OUTER JOIN Theaters ON 'Actors.last_name' = 'Theaters.theater_id';
INSERT INTO "SqlQuery" ("queryId", "userId", "issuedAt", "finishedAt", "hasError", "errorMessage", "statement", "projectId", "queryTypeId")
    VALUES ('1882', '5', '2023-07-08 22:05:55.612818', '2023-07-08 22:05:58.612818', 'False', 'None', 'SELECT Actors.last_name, Theaters.theater_id FROM Actors LEFT OUTER JOIN Theaters ON Actors.last_name = Theaters.theater_id;', '5', '1');
INSERT INTO "QueryColumnAccess" ("queryId", "columnId")
    VALUES ('1882', '3');
INSERT INTO "QueryColumnAccess" ("queryId", "columnId")
    VALUES ('1882', '1');
INSERT INTO "QueryTableAccess" ("queryId", "tableId")
    VALUES ('1882', '2');
INSERT INTO "QueryTableAccess" ("queryId", "tableId")
    VALUES ('1882', '4');
SELECT 'Screenings.movie_id', 'Actors.date_of_birth' FROM Screenings RIGHT OUTER JOIN Actors ON 'Screenings.movie_id' = 'Actors.date_of_birth';
INSERT INTO "SqlQuery" ("queryId", "userId", "issuedAt", "finishedAt", "hasError", "errorMessage", "statement", "projectId", "queryTypeId")
    VALUES ('1883', '11', '2023-05-01 22:05:55.612827', '2023-05-01 22:05:59.612827', 'False', 'None', 'SELECT Screenings.movie_id, Actors.date_of_birth FROM Screenings RIGHT OUTER JOIN Actors ON Screenings.movie_id = Actors.date_of_birth;', '5', '1');
INSERT INTO "QueryColumnAccess" ("queryId", "columnId")
    VALUES ('1883', '2');
INSERT INTO "QueryColumnAccess" ("queryId", "columnId")
    VALUES ('1883', '4');
INSERT INTO "QueryTableAccess" ("queryId", "tableId")
    VALUES ('1883', '5');
INSERT INTO "QueryTableAccess" ("queryId", "tableId")
    VALUES ('1883', '2');
SELECT 'Reviews.rating', 'Actors.first_name' FROM Reviews NATURAL JOIN Actors ON 'Reviews.rating' = 'Actors.first_name';
INSERT INTO "SqlQuery" ("queryId", "userId", "issuedAt", "finishedAt", "hasError", "errorMessage", "statement", "projectId", "queryTypeId")
    VALUES ('1884', '4', '2023-06-06 22:05:55.612835', '2023-06-06 22:05:59.612835', 'False', 'None', 'SELECT Reviews.rating, Actors.first_name FROM Reviews NATURAL JOIN Actors ON Reviews.rating = Actors.first_name;', '5', '1');
INSERT INTO "QueryColumnAccess" ("queryId", "columnId")
    VALUES ('1884', '4');
INSERT INTO "QueryColumnAccess" ("queryId", "columnId")
    VALUES ('1884', '2');
INSERT INTO "QueryTableAccess" ("queryId", "tableId")
    VALUES ('1884', '3');
INSERT INTO "QueryTableAccess" ("queryId", "tableId")
    VALUES ('1884', '2');
SELECT 'Theaters.capacity', 'Actors.nationality' FROM Theaters RIGHT OUTER JOIN Actors ON 'Theaters.capacity' = 'Actors.nationality';
INSERT INTO "SqlQuery" ("queryId", "userId", "issuedAt", "finishedAt", "hasError", "errorMessage", "statement", "projectId", "queryTypeId")
    VALUES ('1885', '13', '2023-06-19 22:05:55.612844', '2023-06-19 22:05:58.612844', 'False', 'None', 'SELECT Theaters.capacity, Actors.nationality FROM Theaters RIGHT OUTER JOIN Actors ON Theaters.capacity = Actors.nationality;', '5', '1');
INSERT INTO "QueryColumnAccess" ("queryId", "columnId")
    VALUES ('1885', '4');
INSERT INTO "QueryColumnAccess" ("queryId", "columnId")
    VALUES ('1885', '6');
INSERT INTO "QueryTableAccess" ("queryId", "tableId")
    VALUES ('1885', '4');
INSERT INTO "QueryTableAccess" ("queryId", "tableId")
    VALUES ('1885', '2');
SELECT 'Movies.release_date', 'Reviews.user_id' FROM Movies LEFT OUTER JOIN Reviews ON 'Movies.release_date' = 'Reviews.user_id';
INSERT INTO "SqlQuery" ("queryId", "userId", "issuedAt", "finishedAt", "hasError", "errorMessage", "statement", "projectId", "queryTypeId")
    VALUES ('1886', '13', '2023-04-19 22:05:55.612853', '2023-04-19 22:05:57.612853', 'False', 'None', 'SELECT Movies.release_date, Reviews.user_id FROM Movies LEFT OUTER JOIN Reviews ON Movies.release_date = Reviews.user_id;', '5', '1');
INSERT INTO "QueryColumnAccess" ("queryId", "columnId")
    VALUES ('1886', '3');
INSERT INTO "QueryColumnAccess" ("queryId", "columnId")
    VALUES ('1886', '3');
INSERT INTO "QueryTableAccess" ("queryId", "tableId")
    VALUES ('1886', '1');
INSERT INTO "QueryTableAccess" ("queryId", "tableId")
    VALUES ('1886', '3');
SELECT 'Actors.first_name', 'Theaters.theater_id' FROM Actors NATURAL JOIN Theaters ON 'Actors.first_name' = 'Theaters.theater_id';
INSERT INTO "SqlQuery" ("queryId", "userId", "issuedAt", "finishedAt", "hasError", "errorMessage", "statement", "projectId", "queryTypeId")
    VALUES ('1887', '8', '2023-04-13 22:05:55.612864', '2023-04-13 22:05:57.612864', 'False', 'None', 'SELECT Actors.first_name, Theaters.theater_id FROM Actors NATURAL JOIN Theaters ON Actors.first_name = Theaters.theater_id;', '5', '1');
INSERT INTO "QueryColumnAccess" ("queryId", "columnId")
    VALUES ('1887', '2');
INSERT INTO "QueryColumnAccess" ("queryId", "columnId")
    VALUES ('1887', '1');
INSERT INTO "QueryTableAccess" ("queryId", "tableId")
    VALUES ('1887', '2');
INSERT INTO "QueryTableAccess" ("queryId", "tableId")
    VALUES ('1887', '4');
SELECT 'Movies.release_date', 'Theaters.phone_number' FROM Movies LEFT OUTER JOIN Theaters ON 'Movies.release_date' = 'Theaters.phone_number';
INSERT INTO "SqlQuery" ("queryId", "userId", "issuedAt", "finishedAt", "hasError", "errorMessage", "statement", "projectId", "queryTypeId")
    VALUES ('1888', '5', '2023-07-09 22:05:55.612874', '2023-07-09 22:05:58.612874', 'False', 'None', 'SELECT Movies.release_date, Theaters.phone_number FROM Movies LEFT OUTER JOIN Theaters ON Movies.release_date = Theaters.phone_number;', '5', '1');
INSERT INTO "QueryColumnAccess" ("queryId", "columnId")
    VALUES ('1888', '3');
INSERT INTO "QueryColumnAccess" ("queryId", "columnId")
    VALUES ('1888', '5');
INSERT INTO "QueryTableAccess" ("queryId", "tableId")
    VALUES ('1888', '1');
INSERT INTO "QueryTableAccess" ("queryId", "tableId")
    VALUES ('1888', '4');
SELECT 'Theaters.capacity', 'Movies.rating' FROM Theaters RIGHT OUTER JOIN Movies ON 'Theaters.capacity' = 'Movies.rating';
INSERT INTO "SqlQuery" ("queryId", "userId", "issuedAt", "finishedAt", "hasError", "errorMessage", "statement", "projectId", "queryTypeId")
    VALUES ('1889', '9', '2023-05-04 22:05:55.612882', '2023-05-04 22:05:58.612882', 'False', 'None', 'SELECT Theaters.capacity, Movies.rating FROM Theaters RIGHT OUTER JOIN Movies ON Theaters.capacity = Movies.rating;', '5', '1');
INSERT INTO "QueryColumnAccess" ("queryId", "columnId")
    VALUES ('1889', '4');
INSERT INTO "QueryColumnAccess" ("queryId", "columnId")
    VALUES ('1889', '7');
INSERT INTO "QueryTableAccess" ("queryId", "tableId")
    VALUES ('1889', '4');
INSERT INTO "QueryTableAccess" ("queryId", "tableId")
    VALUES ('1889', '1');
SELECT 'Actors.date_of_birth', 'Theaters.theater_name' FROM Actors RIGHT OUTER JOIN Theaters ON 'Actors.date_of_birth' = 'Theaters.theater_name';
INSERT INTO "SqlQuery" ("queryId", "userId", "issuedAt", "finishedAt", "hasError", "errorMessage", "statement", "projectId", "queryTypeId")
    VALUES ('1890', '11', '2023-06-18 22:05:55.612892', '2023-06-18 22:05:56.612892', 'False', 'None', 'SELECT Actors.date_of_birth, Theaters.theater_name FROM Actors RIGHT OUTER JOIN Theaters ON Actors.date_of_birth = Theaters.theater_name;', '5', '1');
INSERT INTO "QueryColumnAccess" ("queryId", "columnId")
    VALUES ('1890', '4');
INSERT INTO "QueryColumnAccess" ("queryId", "columnId")
    VALUES ('1890', '2');
INSERT INTO "QueryTableAccess" ("queryId", "tableId")
    VALUES ('1890', '2');
INSERT INTO "QueryTableAccess" ("queryId", "tableId")
    VALUES ('1890', '4');
SELECT 'Reviews.rating', 'Actors.first_name' FROM Reviews NATURAL JOIN Actors ON 'Reviews.rating' = 'Actors.first_name';
INSERT INTO "SqlQuery" ("queryId", "userId", "issuedAt", "finishedAt", "hasError", "errorMessage", "statement", "projectId", "queryTypeId")
    VALUES ('1891', '15', '2023-05-07 22:05:55.612900', '2023-05-07 22:05:59.612900', 'False', 'None', 'SELECT Reviews.rating, Actors.first_name FROM Reviews NATURAL JOIN Actors ON Reviews.rating = Actors.first_name;', '5', '1');
INSERT INTO "QueryColumnAccess" ("queryId", "columnId")
    VALUES ('1891', '4');
INSERT INTO "QueryColumnAccess" ("queryId", "columnId")
    VALUES ('1891', '2');
INSERT INTO "QueryTableAccess" ("queryId", "tableId")
    VALUES ('1891', '3');
INSERT INTO "QueryTableAccess" ("queryId", "tableId")
    VALUES ('1891', '2');
SELECT 'Actors.gender', 'Theaters.location' FROM Actors RIGHT OUTER JOIN Theaters ON 'Actors.gender' = 'Theaters.location';
INSERT INTO "SqlQuery" ("queryId", "userId", "issuedAt", "finishedAt", "hasError", "errorMessage", "statement", "projectId", "queryTypeId")
    VALUES ('1892', '15', '2023-06-13 22:05:55.612909', '2023-06-13 22:05:59.612909', 'False', 'None', 'SELECT Actors.gender, Theaters.location FROM Actors RIGHT OUTER JOIN Theaters ON Actors.gender = Theaters.location;', '5', '1');
INSERT INTO "QueryColumnAccess" ("queryId", "columnId")
    VALUES ('1892', '5');
INSERT INTO "QueryColumnAccess" ("queryId", "columnId")
    VALUES ('1892', '3');
INSERT INTO "QueryTableAccess" ("queryId", "tableId")
    VALUES ('1892', '2');
INSERT INTO "QueryTableAccess" ("queryId", "tableId")
    VALUES ('1892', '4');
SELECT 'Movies.duration', 'Screenings.theater_id' FROM Movies LEFT OUTER JOIN Screenings ON 'Movies.duration' = 'Screenings.theater_id';
INSERT INTO "SqlQuery" ("queryId", "userId", "issuedAt", "finishedAt", "hasError", "errorMessage", "statement", "projectId", "queryTypeId")
    VALUES ('1893', '5', '2023-06-26 22:05:55.612917', '2023-06-26 22:05:59.612917', 'False', 'None', 'SELECT Movies.duration, Screenings.theater_id FROM Movies LEFT OUTER JOIN Screenings ON Movies.duration = Screenings.theater_id;', '5', '1');
INSERT INTO "QueryColumnAccess" ("queryId", "columnId")
    VALUES ('1893', '6');
INSERT INTO "QueryColumnAccess" ("queryId", "columnId")
    VALUES ('1893', '3');
INSERT INTO "QueryTableAccess" ("queryId", "tableId")
    VALUES ('1893', '1');
INSERT INTO "QueryTableAccess" ("queryId", "tableId")
    VALUES ('1893', '5');
SELECT 'Actors.last_name', 'Theaters.phone_number' FROM Actors NATURAL JOIN Theaters ON 'Actors.last_name' = 'Theaters.phone_number';
INSERT INTO "SqlQuery" ("queryId", "userId", "issuedAt", "finishedAt", "hasError", "errorMessage", "statement", "projectId", "queryTypeId")
    VALUES ('1894', '8', '2023-05-21 22:05:55.612926', '2023-05-21 22:05:58.612926', 'False', 'None', 'SELECT Actors.last_name, Theaters.phone_number FROM Actors NATURAL JOIN Theaters ON Actors.last_name = Theaters.phone_number;', '5', '1');
INSERT INTO "QueryColumnAccess" ("queryId", "columnId")
    VALUES ('1894', '3');
INSERT INTO "QueryColumnAccess" ("queryId", "columnId")
    VALUES ('1894', '5');
INSERT INTO "QueryTableAccess" ("queryId", "tableId")
    VALUES ('1894', '2');
INSERT INTO "QueryTableAccess" ("queryId", "tableId")
    VALUES ('1894', '4');
SELECT 'Actors.date_of_birth', 'Reviews.comment' FROM Actors NATURAL JOIN Reviews ON 'Actors.date_of_birth' = 'Reviews.comment';
INSERT INTO "SqlQuery" ("queryId", "userId", "issuedAt", "finishedAt", "hasError", "errorMessage", "statement", "projectId", "queryTypeId")
    VALUES ('1895', '10', '2023-05-23 22:05:55.612934', '2023-05-23 22:05:58.612934', 'False', 'None', 'SELECT Actors.date_of_birth, Reviews.comment FROM Actors NATURAL JOIN Reviews ON Actors.date_of_birth = Reviews.comment;', '5', '1');
INSERT INTO "QueryColumnAccess" ("queryId", "columnId")
    VALUES ('1895', '4');
INSERT INTO "QueryColumnAccess" ("queryId", "columnId")
    VALUES ('1895', '5');
INSERT INTO "QueryTableAccess" ("queryId", "tableId")
    VALUES ('1895', '2');
INSERT INTO "QueryTableAccess" ("queryId", "tableId")
    VALUES ('1895', '3');
SELECT 'Reviews.movie_id', 'Movies.title' FROM Reviews RIGHT OUTER JOIN Movies ON 'Reviews.movie_id' = 'Movies.title';
INSERT INTO "SqlQuery" ("queryId", "userId", "issuedAt", "finishedAt", "hasError", "errorMessage", "statement", "projectId", "queryTypeId")
    VALUES ('1896', '1', '2023-06-21 22:05:55.612943', '2023-06-21 22:05:58.612943', 'False', 'None', 'SELECT Reviews.movie_id, Movies.title FROM Reviews RIGHT OUTER JOIN Movies ON Reviews.movie_id = Movies.title;', '5', '1');
INSERT INTO "QueryColumnAccess" ("queryId", "columnId")
    VALUES ('1896', '2');
INSERT INTO "QueryColumnAccess" ("queryId", "columnId")
    VALUES ('1896', '2');
INSERT INTO "QueryTableAccess" ("queryId", "tableId")
    VALUES ('1896', '3');
INSERT INTO "QueryTableAccess" ("queryId", "tableId")
    VALUES ('1896', '1');
SELECT 'Actors.first_name', 'Reviews.user_id' FROM Actors LEFT OUTER JOIN Reviews ON 'Actors.first_name' = 'Reviews.user_id';
INSERT INTO "SqlQuery" ("queryId", "userId", "issuedAt", "finishedAt", "hasError", "errorMessage", "statement", "projectId", "queryTypeId")
    VALUES ('1897', '9', '2023-06-21 22:05:55.612957', '2023-06-21 22:05:57.612957', 'False', 'None', 'SELECT Actors.first_name, Reviews.user_id FROM Actors LEFT OUTER JOIN Reviews ON Actors.first_name = Reviews.user_id;', '5', '1');
INSERT INTO "QueryColumnAccess" ("queryId", "columnId")
    VALUES ('1897', '2');
INSERT INTO "QueryColumnAccess" ("queryId", "columnId")
    VALUES ('1897', '3');
INSERT INTO "QueryTableAccess" ("queryId", "tableId")
    VALUES ('1897', '2');
INSERT INTO "QueryTableAccess" ("queryId", "tableId")
    VALUES ('1897', '3');
SELECT 'Actors.gender', 'Theaters.phone_number' FROM Actors LEFT OUTER JOIN Theaters ON 'Actors.gender' = 'Theaters.phone_number';
INSERT INTO "SqlQuery" ("queryId", "userId", "issuedAt", "finishedAt", "hasError", "errorMessage", "statement", "projectId", "queryTypeId")
    VALUES ('1898', '15', '2023-04-11 22:05:55.612966', '2023-04-11 22:05:56.612966', 'False', 'None', 'SELECT Actors.gender, Theaters.phone_number FROM Actors LEFT OUTER JOIN Theaters ON Actors.gender = Theaters.phone_number;', '5', '1');
INSERT INTO "QueryColumnAccess" ("queryId", "columnId")
    VALUES ('1898', '5');
INSERT INTO "QueryColumnAccess" ("queryId", "columnId")
    VALUES ('1898', '5');
INSERT INTO "QueryTableAccess" ("queryId", "tableId")
    VALUES ('1898', '2');
INSERT INTO "QueryTableAccess" ("queryId", "tableId")
    VALUES ('1898', '4');
SELECT 'Actors.date_of_birth', 'Theaters.theater_id' FROM Actors LEFT OUTER JOIN Theaters ON 'Actors.date_of_birth' = 'Theaters.theater_id';
INSERT INTO "SqlQuery" ("queryId", "userId", "issuedAt", "finishedAt", "hasError", "errorMessage", "statement", "projectId", "queryTypeId")
    VALUES ('1899', '8', '2023-05-03 22:05:55.612975', '2023-05-03 22:05:57.612975', 'False', 'None', 'SELECT Actors.date_of_birth, Theaters.theater_id FROM Actors LEFT OUTER JOIN Theaters ON Actors.date_of_birth = Theaters.theater_id;', '5', '1');
INSERT INTO "QueryColumnAccess" ("queryId", "columnId")
    VALUES ('1899', '4');
INSERT INTO "QueryColumnAccess" ("queryId", "columnId")
    VALUES ('1899', '1');
INSERT INTO "QueryTableAccess" ("queryId", "tableId")
    VALUES ('1899', '2');
INSERT INTO "QueryTableAccess" ("queryId", "tableId")
    VALUES ('1899', '4');
SELECT 'Reviews.rating', 'Movies.duration' FROM Reviews LEFT OUTER JOIN Movies ON 'Reviews.rating' = 'Movies.duration';
INSERT INTO "SqlQuery" ("queryId", "userId", "issuedAt", "finishedAt", "hasError", "errorMessage", "statement", "projectId", "queryTypeId")
    VALUES ('1900', '5', '2023-05-12 22:05:55.612983', '2023-05-12 22:05:56.612983', 'False', 'None', 'SELECT Reviews.rating, Movies.duration FROM Reviews LEFT OUTER JOIN Movies ON Reviews.rating = Movies.duration;', '5', '1');
INSERT INTO "QueryColumnAccess" ("queryId", "columnId")
    VALUES ('1900', '4');
INSERT INTO "QueryColumnAccess" ("queryId", "columnId")
    VALUES ('1900', '6');
INSERT INTO "QueryTableAccess" ("queryId", "tableId")
    VALUES ('1900', '3');
INSERT INTO "QueryTableAccess" ("queryId", "tableId")
    VALUES ('1900', '1');
SELECT 'Movies.genre', 'Reviews.rating' FROM Movies RIGHT OUTER JOIN Reviews ON 'Movies.genre' = 'Reviews.rating';
INSERT INTO "SqlQuery" ("queryId", "userId", "issuedAt", "finishedAt", "hasError", "errorMessage", "statement", "projectId", "queryTypeId")
    VALUES ('1901', '8', '2023-05-18 22:05:55.612992', '2023-05-18 22:05:58.612992', 'False', 'None', 'SELECT Movies.genre, Reviews.rating FROM Movies RIGHT OUTER JOIN Reviews ON Movies.genre = Reviews.rating;', '5', '1');
INSERT INTO "QueryColumnAccess" ("queryId", "columnId")
    VALUES ('1901', '4');
INSERT INTO "QueryColumnAccess" ("queryId", "columnId")
    VALUES ('1901', '4');
INSERT INTO "QueryTableAccess" ("queryId", "tableId")
    VALUES ('1901', '1');
INSERT INTO "QueryTableAccess" ("queryId", "tableId")
    VALUES ('1901', '3');
SELECT 'Movies.title', 'Reviews.comment' FROM Movies NATURAL JOIN Reviews ON 'Movies.title' = 'Reviews.comment';
INSERT INTO "SqlQuery" ("queryId", "userId", "issuedAt", "finishedAt", "hasError", "errorMessage", "statement", "projectId", "queryTypeId")
    VALUES ('1902', '2', '2023-05-06 22:05:55.613001', '2023-05-06 22:05:59.613001', 'False', 'None', 'SELECT Movies.title, Reviews.comment FROM Movies NATURAL JOIN Reviews ON Movies.title = Reviews.comment;', '5', '1');
INSERT INTO "QueryColumnAccess" ("queryId", "columnId")
    VALUES ('1902', '2');
INSERT INTO "QueryColumnAccess" ("queryId", "columnId")
    VALUES ('1902', '5');
INSERT INTO "QueryTableAccess" ("queryId", "tableId")
    VALUES ('1902', '1');
INSERT INTO "QueryTableAccess" ("queryId", "tableId")
    VALUES ('1902', '3');
SELECT 'Reviews.movie_id', 'Theaters.capacity' FROM Reviews LEFT OUTER JOIN Theaters ON 'Reviews.movie_id' = 'Theaters.capacity';
INSERT INTO "SqlQuery" ("queryId", "userId", "issuedAt", "finishedAt", "hasError", "errorMessage", "statement", "projectId", "queryTypeId")
    VALUES ('1903', '8', '2023-05-08 22:05:55.613010', '2023-05-08 22:05:57.613010', 'False', 'None', 'SELECT Reviews.movie_id, Theaters.capacity FROM Reviews LEFT OUTER JOIN Theaters ON Reviews.movie_id = Theaters.capacity;', '5', '1');
INSERT INTO "QueryColumnAccess" ("queryId", "columnId")
    VALUES ('1903', '2');
INSERT INTO "QueryColumnAccess" ("queryId", "columnId")
    VALUES ('1903', '4');
INSERT INTO "QueryTableAccess" ("queryId", "tableId")
    VALUES ('1903', '3');
INSERT INTO "QueryTableAccess" ("queryId", "tableId")
    VALUES ('1903', '4');
SELECT 'Movies.rating', 'Screenings.end_time' FROM Movies RIGHT OUTER JOIN Screenings ON 'Movies.rating' = 'Screenings.end_time';
INSERT INTO "SqlQuery" ("queryId", "userId", "issuedAt", "finishedAt", "hasError", "errorMessage", "statement", "projectId", "queryTypeId")
    VALUES ('1904', '9', '2023-05-13 22:05:55.613018', '2023-05-13 22:05:58.613018', 'False', 'None', 'SELECT Movies.rating, Screenings.end_time FROM Movies RIGHT OUTER JOIN Screenings ON Movies.rating = Screenings.end_time;', '5', '1');
INSERT INTO "QueryColumnAccess" ("queryId", "columnId")
    VALUES ('1904', '7');
INSERT INTO "QueryColumnAccess" ("queryId", "columnId")
    VALUES ('1904', '5');
INSERT INTO "QueryTableAccess" ("queryId", "tableId")
    VALUES ('1904', '1');
INSERT INTO "QueryTableAccess" ("queryId", "tableId")
    VALUES ('1904', '5');
SELECT 'Actors.first_name', 'Theaters.location' FROM Actors RIGHT OUTER JOIN Theaters ON 'Actors.first_name' = 'Theaters.location';
INSERT INTO "SqlQuery" ("queryId", "userId", "issuedAt", "finishedAt", "hasError", "errorMessage", "statement", "projectId", "queryTypeId")
    VALUES ('1905', '7', '2023-05-29 22:05:55.613027', '2023-05-29 22:05:56.613027', 'False', 'None', 'SELECT Actors.first_name, Theaters.location FROM Actors RIGHT OUTER JOIN Theaters ON Actors.first_name = Theaters.location;', '5', '1');
INSERT INTO "QueryColumnAccess" ("queryId", "columnId")
    VALUES ('1905', '2');
INSERT INTO "QueryColumnAccess" ("queryId", "columnId")
    VALUES ('1905', '3');
INSERT INTO "QueryTableAccess" ("queryId", "tableId")
    VALUES ('1905', '2');
INSERT INTO "QueryTableAccess" ("queryId", "tableId")
    VALUES ('1905', '4');
SELECT 'Movies.title', 'Screenings.screening_id' FROM Movies LEFT OUTER JOIN Screenings ON 'Movies.title' = 'Screenings.screening_id';
INSERT INTO "SqlQuery" ("queryId", "userId", "issuedAt", "finishedAt", "hasError", "errorMessage", "statement", "projectId", "queryTypeId")
    VALUES ('1906', '13', '2023-06-30 22:05:55.613036', '2023-06-30 22:05:57.613036', 'False', 'None', 'SELECT Movies.title, Screenings.screening_id FROM Movies LEFT OUTER JOIN Screenings ON Movies.title = Screenings.screening_id;', '5', '1');
INSERT INTO "QueryColumnAccess" ("queryId", "columnId")
    VALUES ('1906', '2');
INSERT INTO "QueryColumnAccess" ("queryId", "columnId")
    VALUES ('1906', '1');
INSERT INTO "QueryTableAccess" ("queryId", "tableId")
    VALUES ('1906', '1');
INSERT INTO "QueryTableAccess" ("queryId", "tableId")
    VALUES ('1906', '5');
SELECT 'Movies.director', 'Theaters.location' FROM Movies RIGHT OUTER JOIN Theaters ON 'Movies.director' = 'Theaters.location';
INSERT INTO "SqlQuery" ("queryId", "userId", "issuedAt", "finishedAt", "hasError", "errorMessage", "statement", "projectId", "queryTypeId")
    VALUES ('1907', '14', '2023-05-07 22:05:55.613047', '2023-05-07 22:05:57.613047', 'False', 'None', 'SELECT Movies.director, Theaters.location FROM Movies RIGHT OUTER JOIN Theaters ON Movies.director = Theaters.location;', '5', '1');
INSERT INTO "QueryColumnAccess" ("queryId", "columnId")
    VALUES ('1907', '5');
INSERT INTO "QueryColumnAccess" ("queryId", "columnId")
    VALUES ('1907', '3');
INSERT INTO "QueryTableAccess" ("queryId", "tableId")
    VALUES ('1907', '1');
INSERT INTO "QueryTableAccess" ("queryId", "tableId")
    VALUES ('1907', '4');
SELECT 'Screenings.end_time', 'Movies.movie_id' FROM Screenings RIGHT OUTER JOIN Movies ON 'Screenings.end_time' = 'Movies.movie_id';
INSERT INTO "SqlQuery" ("queryId", "userId", "issuedAt", "finishedAt", "hasError", "errorMessage", "statement", "projectId", "queryTypeId")
    VALUES ('1908', '15', '2023-06-08 22:05:55.613056', '2023-06-08 22:05:59.613056', 'False', 'None', 'SELECT Screenings.end_time, Movies.movie_id FROM Screenings RIGHT OUTER JOIN Movies ON Screenings.end_time = Movies.movie_id;', '5', '1');
INSERT INTO "QueryColumnAccess" ("queryId", "columnId")
    VALUES ('1908', '5');
INSERT INTO "QueryColumnAccess" ("queryId", "columnId")
    VALUES ('1908', '1');
INSERT INTO "QueryTableAccess" ("queryId", "tableId")
    VALUES ('1908', '5');
INSERT INTO "QueryTableAccess" ("queryId", "tableId")
    VALUES ('1908', '1');
SELECT 'Actors.gender', 'Reviews.rating' FROM Actors NATURAL JOIN Reviews ON 'Actors.gender' = 'Reviews.rating';
INSERT INTO "SqlQuery" ("queryId", "userId", "issuedAt", "finishedAt", "hasError", "errorMessage", "statement", "projectId", "queryTypeId")
    VALUES ('1909', '9', '2023-06-18 22:05:55.613065', '2023-06-18 22:05:56.613065', 'False', 'None', 'SELECT Actors.gender, Reviews.rating FROM Actors NATURAL JOIN Reviews ON Actors.gender = Reviews.rating;', '5', '1');
INSERT INTO "QueryColumnAccess" ("queryId", "columnId")
    VALUES ('1909', '5');
INSERT INTO "QueryColumnAccess" ("queryId", "columnId")
    VALUES ('1909', '4');
INSERT INTO "QueryTableAccess" ("queryId", "tableId")
    VALUES ('1909', '2');
INSERT INTO "QueryTableAccess" ("queryId", "tableId")
    VALUES ('1909', '3');
SELECT 'Actors.first_name', 'Movies.rating' FROM Actors NATURAL JOIN Movies ON 'Actors.first_name' = 'Movies.rating';
INSERT INTO "SqlQuery" ("queryId", "userId", "issuedAt", "finishedAt", "hasError", "errorMessage", "statement", "projectId", "queryTypeId")
    VALUES ('1910', '1', '2023-05-21 22:05:55.613073', '2023-05-21 22:05:57.613073', 'False', 'None', 'SELECT Actors.first_name, Movies.rating FROM Actors NATURAL JOIN Movies ON Actors.first_name = Movies.rating;', '5', '1');
INSERT INTO "QueryColumnAccess" ("queryId", "columnId")
    VALUES ('1910', '2');
INSERT INTO "QueryColumnAccess" ("queryId", "columnId")
    VALUES ('1910', '7');
INSERT INTO "QueryTableAccess" ("queryId", "tableId")
    VALUES ('1910', '2');
INSERT INTO "QueryTableAccess" ("queryId", "tableId")
    VALUES ('1910', '1');
SELECT 'Movies.rating', 'Reviews.user_id' FROM Movies RIGHT OUTER JOIN Reviews ON 'Movies.rating' = 'Reviews.user_id';
INSERT INTO "SqlQuery" ("queryId", "userId", "issuedAt", "finishedAt", "hasError", "errorMessage", "statement", "projectId", "queryTypeId")
    VALUES ('1911', '10', '2023-05-17 22:05:55.613082', '2023-05-17 22:05:58.613082', 'False', 'None', 'SELECT Movies.rating, Reviews.user_id FROM Movies RIGHT OUTER JOIN Reviews ON Movies.rating = Reviews.user_id;', '5', '1');
INSERT INTO "QueryColumnAccess" ("queryId", "columnId")
    VALUES ('1911', '7');
INSERT INTO "QueryColumnAccess" ("queryId", "columnId")
    VALUES ('1911', '3');
INSERT INTO "QueryTableAccess" ("queryId", "tableId")
    VALUES ('1911', '1');
INSERT INTO "QueryTableAccess" ("queryId", "tableId")
    VALUES ('1911', '3');
SELECT 'Actors.date_of_birth', 'Reviews.user_id' FROM Actors NATURAL JOIN Reviews ON 'Actors.date_of_birth' = 'Reviews.user_id';
INSERT INTO "SqlQuery" ("queryId", "userId", "issuedAt", "finishedAt", "hasError", "errorMessage", "statement", "projectId", "queryTypeId")
    VALUES ('1912', '12', '2023-05-28 22:05:55.613091', '2023-05-28 22:05:59.613091', 'False', 'None', 'SELECT Actors.date_of_birth, Reviews.user_id FROM Actors NATURAL JOIN Reviews ON Actors.date_of_birth = Reviews.user_id;', '5', '1');
INSERT INTO "QueryColumnAccess" ("queryId", "columnId")
    VALUES ('1912', '4');
INSERT INTO "QueryColumnAccess" ("queryId", "columnId")
    VALUES ('1912', '3');
INSERT INTO "QueryTableAccess" ("queryId", "tableId")
    VALUES ('1912', '2');
INSERT INTO "QueryTableAccess" ("queryId", "tableId")
    VALUES ('1912', '3');
SELECT 'Reviews.review_id', 'Movies.genre' FROM Reviews LEFT OUTER JOIN Movies ON 'Reviews.review_id' = 'Movies.genre';
INSERT INTO "SqlQuery" ("queryId", "userId", "issuedAt", "finishedAt", "hasError", "errorMessage", "statement", "projectId", "queryTypeId")
    VALUES ('1913', '10', '2023-05-10 22:05:55.613099', '2023-05-10 22:05:58.613099', 'False', 'None', 'SELECT Reviews.review_id, Movies.genre FROM Reviews LEFT OUTER JOIN Movies ON Reviews.review_id = Movies.genre;', '5', '1');
INSERT INTO "QueryColumnAccess" ("queryId", "columnId")
    VALUES ('1913', '1');
INSERT INTO "QueryColumnAccess" ("queryId", "columnId")
    VALUES ('1913', '4');
INSERT INTO "QueryTableAccess" ("queryId", "tableId")
    VALUES ('1913', '3');
INSERT INTO "QueryTableAccess" ("queryId", "tableId")
    VALUES ('1913', '1');
SELECT 'Actors.actor_id', 'Reviews.movie_id' FROM Actors NATURAL JOIN Reviews ON 'Actors.actor_id' = 'Reviews.movie_id';
INSERT INTO "SqlQuery" ("queryId", "userId", "issuedAt", "finishedAt", "hasError", "errorMessage", "statement", "projectId", "queryTypeId")
    VALUES ('1914', '3', '2023-06-24 22:05:55.613108', '2023-06-24 22:05:58.613108', 'False', 'None', 'SELECT Actors.actor_id, Reviews.movie_id FROM Actors NATURAL JOIN Reviews ON Actors.actor_id = Reviews.movie_id;', '5', '1');
INSERT INTO "QueryColumnAccess" ("queryId", "columnId")
    VALUES ('1914', '1');
INSERT INTO "QueryColumnAccess" ("queryId", "columnId")
    VALUES ('1914', '2');
INSERT INTO "QueryTableAccess" ("queryId", "tableId")
    VALUES ('1914', '2');
INSERT INTO "QueryTableAccess" ("queryId", "tableId")
    VALUES ('1914', '3');
SELECT 'Movies.duration', 'Reviews.rating' FROM Movies RIGHT OUTER JOIN Reviews ON 'Movies.duration' = 'Reviews.rating';
INSERT INTO "SqlQuery" ("queryId", "userId", "issuedAt", "finishedAt", "hasError", "errorMessage", "statement", "projectId", "queryTypeId")
    VALUES ('1915', '5', '2023-04-21 22:05:55.613117', '2023-04-21 22:05:56.613117', 'False', 'None', 'SELECT Movies.duration, Reviews.rating FROM Movies RIGHT OUTER JOIN Reviews ON Movies.duration = Reviews.rating;', '5', '1');
INSERT INTO "QueryColumnAccess" ("queryId", "columnId")
    VALUES ('1915', '6');
INSERT INTO "QueryColumnAccess" ("queryId", "columnId")
    VALUES ('1915', '4');
INSERT INTO "QueryTableAccess" ("queryId", "tableId")
    VALUES ('1915', '1');
INSERT INTO "QueryTableAccess" ("queryId", "tableId")
    VALUES ('1915', '3');
SELECT 'Screenings.ticket_price', 'Theaters.phone_number' FROM Screenings RIGHT OUTER JOIN Theaters ON 'Screenings.ticket_price' = 'Theaters.phone_number';
INSERT INTO "SqlQuery" ("queryId", "userId", "issuedAt", "finishedAt", "hasError", "errorMessage", "statement", "projectId", "queryTypeId")
    VALUES ('1916', '12', '2023-06-08 22:05:55.613126', '2023-06-08 22:05:57.613126', 'False', 'None', 'SELECT Screenings.ticket_price, Theaters.phone_number FROM Screenings RIGHT OUTER JOIN Theaters ON Screenings.ticket_price = Theaters.phone_number;', '5', '1');
INSERT INTO "QueryColumnAccess" ("queryId", "columnId")
    VALUES ('1916', '6');
INSERT INTO "QueryColumnAccess" ("queryId", "columnId")
    VALUES ('1916', '5');
INSERT INTO "QueryTableAccess" ("queryId", "tableId")
    VALUES ('1916', '5');
INSERT INTO "QueryTableAccess" ("queryId", "tableId")
    VALUES ('1916', '4');
SELECT 'Reviews.rating', 'Screenings.end_time' FROM Reviews RIGHT OUTER JOIN Screenings ON 'Reviews.rating' = 'Screenings.end_time';
INSERT INTO "SqlQuery" ("queryId", "userId", "issuedAt", "finishedAt", "hasError", "errorMessage", "statement", "projectId", "queryTypeId")
    VALUES ('1917', '7', '2023-05-19 22:05:55.613141', '2023-05-19 22:05:59.613141', 'False', 'None', 'SELECT Reviews.rating, Screenings.end_time FROM Reviews RIGHT OUTER JOIN Screenings ON Reviews.rating = Screenings.end_time;', '5', '1');
INSERT INTO "QueryColumnAccess" ("queryId", "columnId")
    VALUES ('1917', '4');
INSERT INTO "QueryColumnAccess" ("queryId", "columnId")
    VALUES ('1917', '5');
INSERT INTO "QueryTableAccess" ("queryId", "tableId")
    VALUES ('1917', '3');
INSERT INTO "QueryTableAccess" ("queryId", "tableId")
    VALUES ('1917', '5');
SELECT 'Movies.duration', 'Reviews.rating' FROM Movies NATURAL JOIN Reviews ON 'Movies.duration' = 'Reviews.rating';
INSERT INTO "SqlQuery" ("queryId", "userId", "issuedAt", "finishedAt", "hasError", "errorMessage", "statement", "projectId", "queryTypeId")
    VALUES ('1918', '4', '2023-05-08 22:05:55.613150', '2023-05-08 22:05:57.613150', 'False', 'None', 'SELECT Movies.duration, Reviews.rating FROM Movies NATURAL JOIN Reviews ON Movies.duration = Reviews.rating;', '5', '1');
INSERT INTO "QueryColumnAccess" ("queryId", "columnId")
    VALUES ('1918', '6');
INSERT INTO "QueryColumnAccess" ("queryId", "columnId")
    VALUES ('1918', '4');
INSERT INTO "QueryTableAccess" ("queryId", "tableId")
    VALUES ('1918', '1');
INSERT INTO "QueryTableAccess" ("queryId", "tableId")
    VALUES ('1918', '3');
SELECT 'Actors.nationality', 'Reviews.comment' FROM Actors LEFT OUTER JOIN Reviews ON 'Actors.nationality' = 'Reviews.comment';
INSERT INTO "SqlQuery" ("queryId", "userId", "issuedAt", "finishedAt", "hasError", "errorMessage", "statement", "projectId", "queryTypeId")
    VALUES ('1919', '3', '2023-05-03 22:05:55.613159', '2023-05-03 22:05:56.613159', 'False', 'None', 'SELECT Actors.nationality, Reviews.comment FROM Actors LEFT OUTER JOIN Reviews ON Actors.nationality = Reviews.comment;', '5', '1');
INSERT INTO "QueryColumnAccess" ("queryId", "columnId")
    VALUES ('1919', '6');
INSERT INTO "QueryColumnAccess" ("queryId", "columnId")
    VALUES ('1919', '5');
INSERT INTO "QueryTableAccess" ("queryId", "tableId")
    VALUES ('1919', '2');
INSERT INTO "QueryTableAccess" ("queryId", "tableId")
    VALUES ('1919', '3');
SELECT 'Theaters.theater_name', 'Screenings.screening_id' FROM Theaters LEFT OUTER JOIN Screenings ON 'Theaters.theater_name' = 'Screenings.screening_id';
INSERT INTO "SqlQuery" ("queryId", "userId", "issuedAt", "finishedAt", "hasError", "errorMessage", "statement", "projectId", "queryTypeId")
    VALUES ('1920', '4', '2023-05-01 22:05:55.613167', '2023-05-01 22:05:59.613167', 'False', 'None', 'SELECT Theaters.theater_name, Screenings.screening_id FROM Theaters LEFT OUTER JOIN Screenings ON Theaters.theater_name = Screenings.screening_id;', '5', '1');
INSERT INTO "QueryColumnAccess" ("queryId", "columnId")
    VALUES ('1920', '2');
INSERT INTO "QueryColumnAccess" ("queryId", "columnId")
    VALUES ('1920', '1');
INSERT INTO "QueryTableAccess" ("queryId", "tableId")
    VALUES ('1920', '4');
INSERT INTO "QueryTableAccess" ("queryId", "tableId")
    VALUES ('1920', '5');
SELECT 'Movies.release_date', 'Screenings.theater_id' FROM Movies NATURAL JOIN Screenings ON 'Movies.release_date' = 'Screenings.theater_id';
INSERT INTO "SqlQuery" ("queryId", "userId", "issuedAt", "finishedAt", "hasError", "errorMessage", "statement", "projectId", "queryTypeId")
    VALUES ('1921', '1', '2023-06-11 22:05:55.613177', '2023-06-11 22:05:57.613177', 'False', 'None', 'SELECT Movies.release_date, Screenings.theater_id FROM Movies NATURAL JOIN Screenings ON Movies.release_date = Screenings.theater_id;', '5', '1');
INSERT INTO "QueryColumnAccess" ("queryId", "columnId")
    VALUES ('1921', '3');
INSERT INTO "QueryColumnAccess" ("queryId", "columnId")
    VALUES ('1921', '3');
INSERT INTO "QueryTableAccess" ("queryId", "tableId")
    VALUES ('1921', '1');
INSERT INTO "QueryTableAccess" ("queryId", "tableId")
    VALUES ('1921', '5');
SELECT 'Screenings.theater_id', 'Reviews.review_date' FROM Screenings LEFT OUTER JOIN Reviews ON 'Screenings.theater_id' = 'Reviews.review_date';
INSERT INTO "SqlQuery" ("queryId", "userId", "issuedAt", "finishedAt", "hasError", "errorMessage", "statement", "projectId", "queryTypeId")
    VALUES ('1922', '15', '2023-06-25 22:05:55.613186', '2023-06-25 22:05:57.613186', 'False', 'None', 'SELECT Screenings.theater_id, Reviews.review_date FROM Screenings LEFT OUTER JOIN Reviews ON Screenings.theater_id = Reviews.review_date;', '5', '1');
INSERT INTO "QueryColumnAccess" ("queryId", "columnId")
    VALUES ('1922', '3');
INSERT INTO "QueryColumnAccess" ("queryId", "columnId")
    VALUES ('1922', '6');
INSERT INTO "QueryTableAccess" ("queryId", "tableId")
    VALUES ('1922', '5');
INSERT INTO "QueryTableAccess" ("queryId", "tableId")
    VALUES ('1922', '3');
SELECT 'Reviews.movie_id', 'Movies.rating' FROM Reviews NATURAL JOIN Movies ON 'Reviews.movie_id' = 'Movies.rating';
INSERT INTO "SqlQuery" ("queryId", "userId", "issuedAt", "finishedAt", "hasError", "errorMessage", "statement", "projectId", "queryTypeId")
    VALUES ('1923', '3', '2023-04-29 22:05:55.613195', '2023-04-29 22:05:56.613195', 'False', 'None', 'SELECT Reviews.movie_id, Movies.rating FROM Reviews NATURAL JOIN Movies ON Reviews.movie_id = Movies.rating;', '5', '1');
INSERT INTO "QueryColumnAccess" ("queryId", "columnId")
    VALUES ('1923', '2');
INSERT INTO "QueryColumnAccess" ("queryId", "columnId")
    VALUES ('1923', '7');
INSERT INTO "QueryTableAccess" ("queryId", "tableId")
    VALUES ('1923', '3');
INSERT INTO "QueryTableAccess" ("queryId", "tableId")
    VALUES ('1923', '1');
SELECT 'Movies.duration', 'Reviews.review_id' FROM Movies NATURAL JOIN Reviews ON 'Movies.duration' = 'Reviews.review_id';
INSERT INTO "SqlQuery" ("queryId", "userId", "issuedAt", "finishedAt", "hasError", "errorMessage", "statement", "projectId", "queryTypeId")
    VALUES ('1924', '11', '2023-04-13 22:05:55.613204', '2023-04-13 22:05:59.613204', 'False', 'None', 'SELECT Movies.duration, Reviews.review_id FROM Movies NATURAL JOIN Reviews ON Movies.duration = Reviews.review_id;', '5', '1');
INSERT INTO "QueryColumnAccess" ("queryId", "columnId")
    VALUES ('1924', '6');
INSERT INTO "QueryColumnAccess" ("queryId", "columnId")
    VALUES ('1924', '1');
INSERT INTO "QueryTableAccess" ("queryId", "tableId")
    VALUES ('1924', '1');
INSERT INTO "QueryTableAccess" ("queryId", "tableId")
    VALUES ('1924', '3');
SELECT 'Theaters.theater_id', 'Reviews.review_id' FROM Theaters RIGHT OUTER JOIN Reviews ON 'Theaters.theater_id' = 'Reviews.review_id';
INSERT INTO "SqlQuery" ("queryId", "userId", "issuedAt", "finishedAt", "hasError", "errorMessage", "statement", "projectId", "queryTypeId")
    VALUES ('1925', '4', '2023-04-12 22:05:55.613212', '2023-04-12 22:05:59.613212', 'False', 'None', 'SELECT Theaters.theater_id, Reviews.review_id FROM Theaters RIGHT OUTER JOIN Reviews ON Theaters.theater_id = Reviews.review_id;', '5', '1');
INSERT INTO "QueryColumnAccess" ("queryId", "columnId")
    VALUES ('1925', '1');
INSERT INTO "QueryColumnAccess" ("queryId", "columnId")
    VALUES ('1925', '1');
INSERT INTO "QueryTableAccess" ("queryId", "tableId")
    VALUES ('1925', '4');
INSERT INTO "QueryTableAccess" ("queryId", "tableId")
    VALUES ('1925', '3');
SELECT 'Actors.nationality', 'Movies.movie_id' FROM Actors NATURAL JOIN Movies ON 'Actors.nationality' = 'Movies.movie_id';
INSERT INTO "SqlQuery" ("queryId", "userId", "issuedAt", "finishedAt", "hasError", "errorMessage", "statement", "projectId", "queryTypeId")
    VALUES ('1926', '4', '2023-04-15 22:05:55.613224', '2023-04-15 22:05:58.613224', 'False', 'None', 'SELECT Actors.nationality, Movies.movie_id FROM Actors NATURAL JOIN Movies ON Actors.nationality = Movies.movie_id;', '5', '1');
INSERT INTO "QueryColumnAccess" ("queryId", "columnId")
    VALUES ('1926', '6');
INSERT INTO "QueryColumnAccess" ("queryId", "columnId")
    VALUES ('1926', '1');
INSERT INTO "QueryTableAccess" ("queryId", "tableId")
    VALUES ('1926', '2');
INSERT INTO "QueryTableAccess" ("queryId", "tableId")
    VALUES ('1926', '1');
SELECT 'Theaters.theater_id', 'Screenings.ticket_price' FROM Theaters NATURAL JOIN Screenings ON 'Theaters.theater_id' = 'Screenings.ticket_price';
INSERT INTO "SqlQuery" ("queryId", "userId", "issuedAt", "finishedAt", "hasError", "errorMessage", "statement", "projectId", "queryTypeId")
    VALUES ('1927', '2', '2023-05-09 22:05:55.613233', '2023-05-09 22:05:57.613233', 'False', 'None', 'SELECT Theaters.theater_id, Screenings.ticket_price FROM Theaters NATURAL JOIN Screenings ON Theaters.theater_id = Screenings.ticket_price;', '5', '1');
INSERT INTO "QueryColumnAccess" ("queryId", "columnId")
    VALUES ('1927', '1');
INSERT INTO "QueryColumnAccess" ("queryId", "columnId")
    VALUES ('1927', '6');
INSERT INTO "QueryTableAccess" ("queryId", "tableId")
    VALUES ('1927', '4');
INSERT INTO "QueryTableAccess" ("queryId", "tableId")
    VALUES ('1927', '5');
SELECT 'Movies.release_date', 'Theaters.theater_name' FROM Movies NATURAL JOIN Theaters ON 'Movies.release_date' = 'Theaters.theater_name';
INSERT INTO "SqlQuery" ("queryId", "userId", "issuedAt", "finishedAt", "hasError", "errorMessage", "statement", "projectId", "queryTypeId")
    VALUES ('1928', '15', '2023-05-04 22:05:55.613241', '2023-05-04 22:05:59.613241', 'False', 'None', 'SELECT Movies.release_date, Theaters.theater_name FROM Movies NATURAL JOIN Theaters ON Movies.release_date = Theaters.theater_name;', '5', '1');
INSERT INTO "QueryColumnAccess" ("queryId", "columnId")
    VALUES ('1928', '3');
INSERT INTO "QueryColumnAccess" ("queryId", "columnId")
    VALUES ('1928', '2');
INSERT INTO "QueryTableAccess" ("queryId", "tableId")
    VALUES ('1928', '1');
INSERT INTO "QueryTableAccess" ("queryId", "tableId")
    VALUES ('1928', '4');
SELECT 'Theaters.theater_id', 'Movies.title' FROM Theaters NATURAL JOIN Movies ON 'Theaters.theater_id' = 'Movies.title';
INSERT INTO "SqlQuery" ("queryId", "userId", "issuedAt", "finishedAt", "hasError", "errorMessage", "statement", "projectId", "queryTypeId")
    VALUES ('1929', '10', '2023-06-27 22:05:55.613250', '2023-06-27 22:05:56.613250', 'False', 'None', 'SELECT Theaters.theater_id, Movies.title FROM Theaters NATURAL JOIN Movies ON Theaters.theater_id = Movies.title;', '5', '1');
INSERT INTO "QueryColumnAccess" ("queryId", "columnId")
    VALUES ('1929', '1');
INSERT INTO "QueryColumnAccess" ("queryId", "columnId")
    VALUES ('1929', '2');
INSERT INTO "QueryTableAccess" ("queryId", "tableId")
    VALUES ('1929', '4');
INSERT INTO "QueryTableAccess" ("queryId", "tableId")
    VALUES ('1929', '1');
SELECT 'Actors.nationality', 'Reviews.review_id' FROM Actors NATURAL JOIN Reviews ON 'Actors.nationality' = 'Reviews.review_id';
INSERT INTO "SqlQuery" ("queryId", "userId", "issuedAt", "finishedAt", "hasError", "errorMessage", "statement", "projectId", "queryTypeId")
    VALUES ('1930', '10', '2023-06-28 22:05:55.613259', '2023-06-28 22:05:56.613259', 'False', 'None', 'SELECT Actors.nationality, Reviews.review_id FROM Actors NATURAL JOIN Reviews ON Actors.nationality = Reviews.review_id;', '5', '1');
INSERT INTO "QueryColumnAccess" ("queryId", "columnId")
    VALUES ('1930', '6');
INSERT INTO "QueryColumnAccess" ("queryId", "columnId")
    VALUES ('1930', '1');
INSERT INTO "QueryTableAccess" ("queryId", "tableId")
    VALUES ('1930', '2');
INSERT INTO "QueryTableAccess" ("queryId", "tableId")
    VALUES ('1930', '3');
SELECT 'Theaters.location', 'Reviews.review_date' FROM Theaters LEFT OUTER JOIN Reviews ON 'Theaters.location' = 'Reviews.review_date';
INSERT INTO "SqlQuery" ("queryId", "userId", "issuedAt", "finishedAt", "hasError", "errorMessage", "statement", "projectId", "queryTypeId")
    VALUES ('1931', '4', '2023-04-12 22:05:55.613268', '2023-04-12 22:05:58.613268', 'False', 'None', 'SELECT Theaters.location, Reviews.review_date FROM Theaters LEFT OUTER JOIN Reviews ON Theaters.location = Reviews.review_date;', '5', '1');
INSERT INTO "QueryColumnAccess" ("queryId", "columnId")
    VALUES ('1931', '3');
INSERT INTO "QueryColumnAccess" ("queryId", "columnId")
    VALUES ('1931', '6');
INSERT INTO "QueryTableAccess" ("queryId", "tableId")
    VALUES ('1931', '4');
INSERT INTO "QueryTableAccess" ("queryId", "tableId")
    VALUES ('1931', '3');
SELECT 'Screenings.start_time', 'Actors.date_of_birth' FROM Screenings LEFT OUTER JOIN Actors ON 'Screenings.start_time' = 'Actors.date_of_birth';
INSERT INTO "SqlQuery" ("queryId", "userId", "issuedAt", "finishedAt", "hasError", "errorMessage", "statement", "projectId", "queryTypeId")
    VALUES ('1932', '12', '2023-06-14 22:05:55.613276', '2023-06-14 22:05:58.613276', 'False', 'None', 'SELECT Screenings.start_time, Actors.date_of_birth FROM Screenings LEFT OUTER JOIN Actors ON Screenings.start_time = Actors.date_of_birth;', '5', '1');
INSERT INTO "QueryColumnAccess" ("queryId", "columnId")
    VALUES ('1932', '4');
INSERT INTO "QueryColumnAccess" ("queryId", "columnId")
    VALUES ('1932', '4');
INSERT INTO "QueryTableAccess" ("queryId", "tableId")
    VALUES ('1932', '5');
INSERT INTO "QueryTableAccess" ("queryId", "tableId")
    VALUES ('1932', '2');
SELECT 'Theaters.phone_number', 'Movies.director' FROM Theaters NATURAL JOIN Movies ON 'Theaters.phone_number' = 'Movies.director';
INSERT INTO "SqlQuery" ("queryId", "userId", "issuedAt", "finishedAt", "hasError", "errorMessage", "statement", "projectId", "queryTypeId")
    VALUES ('1933', '9', '2023-06-06 22:05:55.613285', '2023-06-06 22:05:56.613285', 'False', 'None', 'SELECT Theaters.phone_number, Movies.director FROM Theaters NATURAL JOIN Movies ON Theaters.phone_number = Movies.director;', '5', '1');
INSERT INTO "QueryColumnAccess" ("queryId", "columnId")
    VALUES ('1933', '5');
INSERT INTO "QueryColumnAccess" ("queryId", "columnId")
    VALUES ('1933', '5');
INSERT INTO "QueryTableAccess" ("queryId", "tableId")
    VALUES ('1933', '4');
INSERT INTO "QueryTableAccess" ("queryId", "tableId")
    VALUES ('1933', '1');
SELECT 'Theaters.phone_number', 'Screenings.start_time' FROM Theaters LEFT OUTER JOIN Screenings ON 'Theaters.phone_number' = 'Screenings.start_time';
INSERT INTO "SqlQuery" ("queryId", "userId", "issuedAt", "finishedAt", "hasError", "errorMessage", "statement", "projectId", "queryTypeId")
    VALUES ('1934', '3', '2023-06-06 22:05:55.613294', '2023-06-06 22:05:57.613294', 'False', 'None', 'SELECT Theaters.phone_number, Screenings.start_time FROM Theaters LEFT OUTER JOIN Screenings ON Theaters.phone_number = Screenings.start_time;', '5', '1');
INSERT INTO "QueryColumnAccess" ("queryId", "columnId")
    VALUES ('1934', '5');
INSERT INTO "QueryColumnAccess" ("queryId", "columnId")
    VALUES ('1934', '4');
INSERT INTO "QueryTableAccess" ("queryId", "tableId")
    VALUES ('1934', '4');
INSERT INTO "QueryTableAccess" ("queryId", "tableId")
    VALUES ('1934', '5');
SELECT 'Theaters.capacity', 'Actors.actor_id' FROM Theaters LEFT OUTER JOIN Actors ON 'Theaters.capacity' = 'Actors.actor_id';
INSERT INTO "SqlQuery" ("queryId", "userId", "issuedAt", "finishedAt", "hasError", "errorMessage", "statement", "projectId", "queryTypeId")
    VALUES ('1935', '13', '2023-06-07 22:05:55.613303', '2023-06-07 22:05:57.613303', 'False', 'None', 'SELECT Theaters.capacity, Actors.actor_id FROM Theaters LEFT OUTER JOIN Actors ON Theaters.capacity = Actors.actor_id;', '5', '1');
INSERT INTO "QueryColumnAccess" ("queryId", "columnId")
    VALUES ('1935', '4');
INSERT INTO "QueryColumnAccess" ("queryId", "columnId")
    VALUES ('1935', '1');
INSERT INTO "QueryTableAccess" ("queryId", "tableId")
    VALUES ('1935', '4');
INSERT INTO "QueryTableAccess" ("queryId", "tableId")
    VALUES ('1935', '2');
SELECT 'Reviews.rating', 'Movies.genre' FROM Reviews RIGHT OUTER JOIN Movies ON 'Reviews.rating' = 'Movies.genre';
INSERT INTO "SqlQuery" ("queryId", "userId", "issuedAt", "finishedAt", "hasError", "errorMessage", "statement", "projectId", "queryTypeId")
    VALUES ('1936', '10', '2023-05-18 22:05:55.613316', '2023-05-18 22:05:56.613316', 'False', 'None', 'SELECT Reviews.rating, Movies.genre FROM Reviews RIGHT OUTER JOIN Movies ON Reviews.rating = Movies.genre;', '5', '1');
INSERT INTO "QueryColumnAccess" ("queryId", "columnId")
    VALUES ('1936', '4');
INSERT INTO "QueryColumnAccess" ("queryId", "columnId")
    VALUES ('1936', '4');
INSERT INTO "QueryTableAccess" ("queryId", "tableId")
    VALUES ('1936', '3');
INSERT INTO "QueryTableAccess" ("queryId", "tableId")
    VALUES ('1936', '1');
SELECT 'Movies.duration', 'Screenings.end_time' FROM Movies LEFT OUTER JOIN Screenings ON 'Movies.duration' = 'Screenings.end_time';
INSERT INTO "SqlQuery" ("queryId", "userId", "issuedAt", "finishedAt", "hasError", "errorMessage", "statement", "projectId", "queryTypeId")
    VALUES ('1937', '1', '2023-05-20 22:05:55.613325', '2023-05-20 22:05:59.613325', 'False', 'None', 'SELECT Movies.duration, Screenings.end_time FROM Movies LEFT OUTER JOIN Screenings ON Movies.duration = Screenings.end_time;', '5', '1');
INSERT INTO "QueryColumnAccess" ("queryId", "columnId")
    VALUES ('1937', '6');
INSERT INTO "QueryColumnAccess" ("queryId", "columnId")
    VALUES ('1937', '5');
INSERT INTO "QueryTableAccess" ("queryId", "tableId")
    VALUES ('1937', '1');
INSERT INTO "QueryTableAccess" ("queryId", "tableId")
    VALUES ('1937', '5');
SELECT 'Actors.first_name', 'Screenings.start_time' FROM Actors NATURAL JOIN Screenings ON 'Actors.first_name' = 'Screenings.start_time';
INSERT INTO "SqlQuery" ("queryId", "userId", "issuedAt", "finishedAt", "hasError", "errorMessage", "statement", "projectId", "queryTypeId")
    VALUES ('1938', '10', '2023-05-25 22:05:55.613334', '2023-05-25 22:05:57.613334', 'False', 'None', 'SELECT Actors.first_name, Screenings.start_time FROM Actors NATURAL JOIN Screenings ON Actors.first_name = Screenings.start_time;', '5', '1');
INSERT INTO "QueryColumnAccess" ("queryId", "columnId")
    VALUES ('1938', '2');
INSERT INTO "QueryColumnAccess" ("queryId", "columnId")
    VALUES ('1938', '4');
INSERT INTO "QueryTableAccess" ("queryId", "tableId")
    VALUES ('1938', '2');
INSERT INTO "QueryTableAccess" ("queryId", "tableId")
    VALUES ('1938', '5');
SELECT 'Movies.title', 'Actors.first_name' FROM Movies RIGHT OUTER JOIN Actors ON 'Movies.title' = 'Actors.first_name';
INSERT INTO "SqlQuery" ("queryId", "userId", "issuedAt", "finishedAt", "hasError", "errorMessage", "statement", "projectId", "queryTypeId")
    VALUES ('1939', '15', '2023-07-02 22:05:55.613343', '2023-07-02 22:05:59.613343', 'False', 'None', 'SELECT Movies.title, Actors.first_name FROM Movies RIGHT OUTER JOIN Actors ON Movies.title = Actors.first_name;', '5', '1');
INSERT INTO "QueryColumnAccess" ("queryId", "columnId")
    VALUES ('1939', '2');
INSERT INTO "QueryColumnAccess" ("queryId", "columnId")
    VALUES ('1939', '2');
INSERT INTO "QueryTableAccess" ("queryId", "tableId")
    VALUES ('1939', '1');
INSERT INTO "QueryTableAccess" ("queryId", "tableId")
    VALUES ('1939', '2');
SELECT 'Reviews.review_date', 'Screenings.theater_id' FROM Reviews NATURAL JOIN Screenings ON 'Reviews.review_date' = 'Screenings.theater_id';
INSERT INTO "SqlQuery" ("queryId", "userId", "issuedAt", "finishedAt", "hasError", "errorMessage", "statement", "projectId", "queryTypeId")
    VALUES ('1940', '14', '2023-06-28 22:05:55.613351', '2023-06-28 22:05:58.613351', 'False', 'None', 'SELECT Reviews.review_date, Screenings.theater_id FROM Reviews NATURAL JOIN Screenings ON Reviews.review_date = Screenings.theater_id;', '5', '1');
INSERT INTO "QueryColumnAccess" ("queryId", "columnId")
    VALUES ('1940', '6');
INSERT INTO "QueryColumnAccess" ("queryId", "columnId")
    VALUES ('1940', '3');
INSERT INTO "QueryTableAccess" ("queryId", "tableId")
    VALUES ('1940', '3');
INSERT INTO "QueryTableAccess" ("queryId", "tableId")
    VALUES ('1940', '5');
SELECT 'Screenings.ticket_price', 'Actors.date_of_birth' FROM Screenings LEFT OUTER JOIN Actors ON 'Screenings.ticket_price' = 'Actors.date_of_birth';
INSERT INTO "SqlQuery" ("queryId", "userId", "issuedAt", "finishedAt", "hasError", "errorMessage", "statement", "projectId", "queryTypeId")
    VALUES ('1941', '1', '2023-04-28 22:05:55.613360', '2023-04-28 22:05:56.613360', 'False', 'None', 'SELECT Screenings.ticket_price, Actors.date_of_birth FROM Screenings LEFT OUTER JOIN Actors ON Screenings.ticket_price = Actors.date_of_birth;', '5', '1');
INSERT INTO "QueryColumnAccess" ("queryId", "columnId")
    VALUES ('1941', '6');
INSERT INTO "QueryColumnAccess" ("queryId", "columnId")
    VALUES ('1941', '4');
INSERT INTO "QueryTableAccess" ("queryId", "tableId")
    VALUES ('1941', '5');
INSERT INTO "QueryTableAccess" ("queryId", "tableId")
    VALUES ('1941', '2');
SELECT 'Movies.release_date', 'Screenings.start_time' FROM Movies NATURAL JOIN Screenings ON 'Movies.release_date' = 'Screenings.start_time';
INSERT INTO "SqlQuery" ("queryId", "userId", "issuedAt", "finishedAt", "hasError", "errorMessage", "statement", "projectId", "queryTypeId")
    VALUES ('1942', '4', '2023-04-29 22:05:55.613369', '2023-04-29 22:05:56.613369', 'False', 'None', 'SELECT Movies.release_date, Screenings.start_time FROM Movies NATURAL JOIN Screenings ON Movies.release_date = Screenings.start_time;', '5', '1');
INSERT INTO "QueryColumnAccess" ("queryId", "columnId")
    VALUES ('1942', '3');
INSERT INTO "QueryColumnAccess" ("queryId", "columnId")
    VALUES ('1942', '4');
INSERT INTO "QueryTableAccess" ("queryId", "tableId")
    VALUES ('1942', '1');
INSERT INTO "QueryTableAccess" ("queryId", "tableId")
    VALUES ('1942', '5');
SELECT 'Movies.rating', 'Screenings.ticket_price' FROM Movies RIGHT OUTER JOIN Screenings ON 'Movies.rating' = 'Screenings.ticket_price';
INSERT INTO "SqlQuery" ("queryId", "userId", "issuedAt", "finishedAt", "hasError", "errorMessage", "statement", "projectId", "queryTypeId")
    VALUES ('1943', '8', '2023-06-12 22:05:55.613378', '2023-06-12 22:05:59.613378', 'False', 'None', 'SELECT Movies.rating, Screenings.ticket_price FROM Movies RIGHT OUTER JOIN Screenings ON Movies.rating = Screenings.ticket_price;', '5', '1');
INSERT INTO "QueryColumnAccess" ("queryId", "columnId")
    VALUES ('1943', '7');
INSERT INTO "QueryColumnAccess" ("queryId", "columnId")
    VALUES ('1943', '6');
INSERT INTO "QueryTableAccess" ("queryId", "tableId")
    VALUES ('1943', '1');
INSERT INTO "QueryTableAccess" ("queryId", "tableId")
    VALUES ('1943', '5');
SELECT 'Movies.title', 'Reviews.review_date' FROM Movies NATURAL JOIN Reviews ON 'Movies.title' = 'Reviews.review_date';
INSERT INTO "SqlQuery" ("queryId", "userId", "issuedAt", "finishedAt", "hasError", "errorMessage", "statement", "projectId", "queryTypeId")
    VALUES ('1944', '3', '2023-04-30 22:05:55.613387', '2023-04-30 22:05:56.613387', 'False', 'None', 'SELECT Movies.title, Reviews.review_date FROM Movies NATURAL JOIN Reviews ON Movies.title = Reviews.review_date;', '5', '1');
INSERT INTO "QueryColumnAccess" ("queryId", "columnId")
    VALUES ('1944', '2');
INSERT INTO "QueryColumnAccess" ("queryId", "columnId")
    VALUES ('1944', '6');
INSERT INTO "QueryTableAccess" ("queryId", "tableId")
    VALUES ('1944', '1');
INSERT INTO "QueryTableAccess" ("queryId", "tableId")
    VALUES ('1944', '3');
SELECT 'Actors.date_of_birth', 'Screenings.end_time' FROM Actors RIGHT OUTER JOIN Screenings ON 'Actors.date_of_birth' = 'Screenings.end_time';
INSERT INTO "SqlQuery" ("queryId", "userId", "issuedAt", "finishedAt", "hasError", "errorMessage", "statement", "projectId", "queryTypeId")
    VALUES ('1945', '7', '2023-05-07 22:05:55.613403', '2023-05-07 22:05:58.613403', 'False', 'None', 'SELECT Actors.date_of_birth, Screenings.end_time FROM Actors RIGHT OUTER JOIN Screenings ON Actors.date_of_birth = Screenings.end_time;', '5', '1');
INSERT INTO "QueryColumnAccess" ("queryId", "columnId")
    VALUES ('1945', '4');
INSERT INTO "QueryColumnAccess" ("queryId", "columnId")
    VALUES ('1945', '5');
INSERT INTO "QueryTableAccess" ("queryId", "tableId")
    VALUES ('1945', '2');
INSERT INTO "QueryTableAccess" ("queryId", "tableId")
    VALUES ('1945', '5');
SELECT 'Reviews.movie_id', 'Theaters.theater_name' FROM Reviews NATURAL JOIN Theaters ON 'Reviews.movie_id' = 'Theaters.theater_name';
INSERT INTO "SqlQuery" ("queryId", "userId", "issuedAt", "finishedAt", "hasError", "errorMessage", "statement", "projectId", "queryTypeId")
    VALUES ('1946', '14', '2023-04-16 22:05:55.613413', '2023-04-16 22:05:57.613413', 'False', 'None', 'SELECT Reviews.movie_id, Theaters.theater_name FROM Reviews NATURAL JOIN Theaters ON Reviews.movie_id = Theaters.theater_name;', '5', '1');
INSERT INTO "QueryColumnAccess" ("queryId", "columnId")
    VALUES ('1946', '2');
INSERT INTO "QueryColumnAccess" ("queryId", "columnId")
    VALUES ('1946', '2');
INSERT INTO "QueryTableAccess" ("queryId", "tableId")
    VALUES ('1946', '3');
INSERT INTO "QueryTableAccess" ("queryId", "tableId")
    VALUES ('1946', '4');
SELECT 'Movies.rating', 'Theaters.capacity' FROM Movies RIGHT OUTER JOIN Theaters ON 'Movies.rating' = 'Theaters.capacity';
INSERT INTO "SqlQuery" ("queryId", "userId", "issuedAt", "finishedAt", "hasError", "errorMessage", "statement", "projectId", "queryTypeId")
    VALUES ('1947', '5', '2023-05-06 22:05:55.613422', '2023-05-06 22:05:58.613422', 'False', 'None', 'SELECT Movies.rating, Theaters.capacity FROM Movies RIGHT OUTER JOIN Theaters ON Movies.rating = Theaters.capacity;', '5', '1');
INSERT INTO "QueryColumnAccess" ("queryId", "columnId")
    VALUES ('1947', '7');
INSERT INTO "QueryColumnAccess" ("queryId", "columnId")
    VALUES ('1947', '4');
INSERT INTO "QueryTableAccess" ("queryId", "tableId")
    VALUES ('1947', '1');
INSERT INTO "QueryTableAccess" ("queryId", "tableId")
    VALUES ('1947', '4');
SELECT 'Movies.duration', 'Theaters.capacity' FROM Movies NATURAL JOIN Theaters ON 'Movies.duration' = 'Theaters.capacity';
INSERT INTO "SqlQuery" ("queryId", "userId", "issuedAt", "finishedAt", "hasError", "errorMessage", "statement", "projectId", "queryTypeId")
    VALUES ('1948', '12', '2023-06-09 22:05:55.613430', '2023-06-09 22:05:59.613430', 'False', 'None', 'SELECT Movies.duration, Theaters.capacity FROM Movies NATURAL JOIN Theaters ON Movies.duration = Theaters.capacity;', '5', '1');
INSERT INTO "QueryColumnAccess" ("queryId", "columnId")
    VALUES ('1948', '6');
INSERT INTO "QueryColumnAccess" ("queryId", "columnId")
    VALUES ('1948', '4');
INSERT INTO "QueryTableAccess" ("queryId", "tableId")
    VALUES ('1948', '1');
INSERT INTO "QueryTableAccess" ("queryId", "tableId")
    VALUES ('1948', '4');
SELECT 'Actors.last_name', 'Theaters.theater_id' FROM Actors LEFT OUTER JOIN Theaters ON 'Actors.last_name' = 'Theaters.theater_id';
INSERT INTO "SqlQuery" ("queryId", "userId", "issuedAt", "finishedAt", "hasError", "errorMessage", "statement", "projectId", "queryTypeId")
    VALUES ('1949', '10', '2023-06-28 22:05:55.613439', '2023-06-28 22:05:59.613439', 'False', 'None', 'SELECT Actors.last_name, Theaters.theater_id FROM Actors LEFT OUTER JOIN Theaters ON Actors.last_name = Theaters.theater_id;', '5', '1');
INSERT INTO "QueryColumnAccess" ("queryId", "columnId")
    VALUES ('1949', '3');
INSERT INTO "QueryColumnAccess" ("queryId", "columnId")
    VALUES ('1949', '1');
INSERT INTO "QueryTableAccess" ("queryId", "tableId")
    VALUES ('1949', '2');
INSERT INTO "QueryTableAccess" ("queryId", "tableId")
    VALUES ('1949', '4');
SELECT 'Theaters.capacity', 'Movies.rating' FROM Theaters NATURAL JOIN Movies ON 'Theaters.capacity' = 'Movies.rating';
INSERT INTO "SqlQuery" ("queryId", "userId", "issuedAt", "finishedAt", "hasError", "errorMessage", "statement", "projectId", "queryTypeId")
    VALUES ('1950', '4', '2023-05-24 22:05:55.613448', '2023-05-24 22:05:56.613448', 'False', 'None', 'SELECT Theaters.capacity, Movies.rating FROM Theaters NATURAL JOIN Movies ON Theaters.capacity = Movies.rating;', '5', '1');
INSERT INTO "QueryColumnAccess" ("queryId", "columnId")
    VALUES ('1950', '4');
INSERT INTO "QueryColumnAccess" ("queryId", "columnId")
    VALUES ('1950', '7');
INSERT INTO "QueryTableAccess" ("queryId", "tableId")
    VALUES ('1950', '4');
INSERT INTO "QueryTableAccess" ("queryId", "tableId")
    VALUES ('1950', '1');
SELECT 'Reviews.movie_id', 'Actors.actor_id' FROM Reviews NATURAL JOIN Actors ON 'Reviews.movie_id' = 'Actors.actor_id';
INSERT INTO "SqlQuery" ("queryId", "userId", "issuedAt", "finishedAt", "hasError", "errorMessage", "statement", "projectId", "queryTypeId")
    VALUES ('1951', '13', '2023-07-10 22:05:55.613456', '2023-07-10 22:05:59.613456', 'False', 'None', 'SELECT Reviews.movie_id, Actors.actor_id FROM Reviews NATURAL JOIN Actors ON Reviews.movie_id = Actors.actor_id;', '5', '1');
INSERT INTO "QueryColumnAccess" ("queryId", "columnId")
    VALUES ('1951', '2');
INSERT INTO "QueryColumnAccess" ("queryId", "columnId")
    VALUES ('1951', '1');
INSERT INTO "QueryTableAccess" ("queryId", "tableId")
    VALUES ('1951', '3');
INSERT INTO "QueryTableAccess" ("queryId", "tableId")
    VALUES ('1951', '2');
SELECT 'Actors.date_of_birth', 'Screenings.movie_id' FROM Actors NATURAL JOIN Screenings ON 'Actors.date_of_birth' = 'Screenings.movie_id';
INSERT INTO "SqlQuery" ("queryId", "userId", "issuedAt", "finishedAt", "hasError", "errorMessage", "statement", "projectId", "queryTypeId")
    VALUES ('1952', '7', '2023-05-15 22:05:55.613465', '2023-05-15 22:05:59.613465', 'False', 'None', 'SELECT Actors.date_of_birth, Screenings.movie_id FROM Actors NATURAL JOIN Screenings ON Actors.date_of_birth = Screenings.movie_id;', '5', '1');
INSERT INTO "QueryColumnAccess" ("queryId", "columnId")
    VALUES ('1952', '4');
INSERT INTO "QueryColumnAccess" ("queryId", "columnId")
    VALUES ('1952', '2');
INSERT INTO "QueryTableAccess" ("queryId", "tableId")
    VALUES ('1952', '2');
INSERT INTO "QueryTableAccess" ("queryId", "tableId")
    VALUES ('1952', '5');
SELECT 'Theaters.capacity', 'Screenings.end_time' FROM Theaters RIGHT OUTER JOIN Screenings ON 'Theaters.capacity' = 'Screenings.end_time';
INSERT INTO "SqlQuery" ("queryId", "userId", "issuedAt", "finishedAt", "hasError", "errorMessage", "statement", "projectId", "queryTypeId")
    VALUES ('1953', '4', '2023-05-08 22:05:55.613474', '2023-05-08 22:05:56.613474', 'False', 'None', 'SELECT Theaters.capacity, Screenings.end_time FROM Theaters RIGHT OUTER JOIN Screenings ON Theaters.capacity = Screenings.end_time;', '5', '1');
INSERT INTO "QueryColumnAccess" ("queryId", "columnId")
    VALUES ('1953', '4');
INSERT INTO "QueryColumnAccess" ("queryId", "columnId")
    VALUES ('1953', '5');
INSERT INTO "QueryTableAccess" ("queryId", "tableId")
    VALUES ('1953', '4');
INSERT INTO "QueryTableAccess" ("queryId", "tableId")
    VALUES ('1953', '5');
SELECT 'Actors.first_name', 'Screenings.movie_id' FROM Actors LEFT OUTER JOIN Screenings ON 'Actors.first_name' = 'Screenings.movie_id';
INSERT INTO "SqlQuery" ("queryId", "userId", "issuedAt", "finishedAt", "hasError", "errorMessage", "statement", "projectId", "queryTypeId")
    VALUES ('1954', '6', '2023-06-10 22:05:55.613483', '2023-06-10 22:05:57.613483', 'False', 'None', 'SELECT Actors.first_name, Screenings.movie_id FROM Actors LEFT OUTER JOIN Screenings ON Actors.first_name = Screenings.movie_id;', '5', '1');
INSERT INTO "QueryColumnAccess" ("queryId", "columnId")
    VALUES ('1954', '2');
INSERT INTO "QueryColumnAccess" ("queryId", "columnId")
    VALUES ('1954', '2');
INSERT INTO "QueryTableAccess" ("queryId", "tableId")
    VALUES ('1954', '2');
INSERT INTO "QueryTableAccess" ("queryId", "tableId")
    VALUES ('1954', '5');
SELECT 'Screenings.end_time', 'Actors.date_of_birth' FROM Screenings LEFT OUTER JOIN Actors ON 'Screenings.end_time' = 'Actors.date_of_birth';
INSERT INTO "SqlQuery" ("queryId", "userId", "issuedAt", "finishedAt", "hasError", "errorMessage", "statement", "projectId", "queryTypeId")
    VALUES ('1955', '1', '2023-05-10 22:05:55.613496', '2023-05-10 22:05:58.613496', 'False', 'None', 'SELECT Screenings.end_time, Actors.date_of_birth FROM Screenings LEFT OUTER JOIN Actors ON Screenings.end_time = Actors.date_of_birth;', '5', '1');
INSERT INTO "QueryColumnAccess" ("queryId", "columnId")
    VALUES ('1955', '5');
INSERT INTO "QueryColumnAccess" ("queryId", "columnId")
    VALUES ('1955', '4');
INSERT INTO "QueryTableAccess" ("queryId", "tableId")
    VALUES ('1955', '5');
INSERT INTO "QueryTableAccess" ("queryId", "tableId")
    VALUES ('1955', '2');
SELECT 'Reviews.review_date', 'Screenings.movie_id' FROM Reviews RIGHT OUTER JOIN Screenings ON 'Reviews.review_date' = 'Screenings.movie_id';
INSERT INTO "SqlQuery" ("queryId", "userId", "issuedAt", "finishedAt", "hasError", "errorMessage", "statement", "projectId", "queryTypeId")
    VALUES ('1956', '12', '2023-04-16 22:05:55.613505', '2023-04-16 22:05:57.613505', 'False', 'None', 'SELECT Reviews.review_date, Screenings.movie_id FROM Reviews RIGHT OUTER JOIN Screenings ON Reviews.review_date = Screenings.movie_id;', '5', '1');
INSERT INTO "QueryColumnAccess" ("queryId", "columnId")
    VALUES ('1956', '6');
INSERT INTO "QueryColumnAccess" ("queryId", "columnId")
    VALUES ('1956', '2');
INSERT INTO "QueryTableAccess" ("queryId", "tableId")
    VALUES ('1956', '3');
INSERT INTO "QueryTableAccess" ("queryId", "tableId")
    VALUES ('1956', '5');
SELECT 'Screenings.theater_id', 'Movies.title' FROM Screenings NATURAL JOIN Movies ON 'Screenings.theater_id' = 'Movies.title';
INSERT INTO "SqlQuery" ("queryId", "userId", "issuedAt", "finishedAt", "hasError", "errorMessage", "statement", "projectId", "queryTypeId")
    VALUES ('1957', '6', '2023-05-21 22:05:55.613514', '2023-05-21 22:05:58.613514', 'False', 'None', 'SELECT Screenings.theater_id, Movies.title FROM Screenings NATURAL JOIN Movies ON Screenings.theater_id = Movies.title;', '5', '1');
INSERT INTO "QueryColumnAccess" ("queryId", "columnId")
    VALUES ('1957', '3');
INSERT INTO "QueryColumnAccess" ("queryId", "columnId")
    VALUES ('1957', '2');
INSERT INTO "QueryTableAccess" ("queryId", "tableId")
    VALUES ('1957', '5');
INSERT INTO "QueryTableAccess" ("queryId", "tableId")
    VALUES ('1957', '1');
SELECT 'Actors.last_name', 'Movies.movie_id' FROM Actors NATURAL JOIN Movies ON 'Actors.last_name' = 'Movies.movie_id';
INSERT INTO "SqlQuery" ("queryId", "userId", "issuedAt", "finishedAt", "hasError", "errorMessage", "statement", "projectId", "queryTypeId")
    VALUES ('1958', '14', '2023-05-09 22:05:55.613522', '2023-05-09 22:05:57.613522', 'False', 'None', 'SELECT Actors.last_name, Movies.movie_id FROM Actors NATURAL JOIN Movies ON Actors.last_name = Movies.movie_id;', '5', '1');
INSERT INTO "QueryColumnAccess" ("queryId", "columnId")
    VALUES ('1958', '3');
INSERT INTO "QueryColumnAccess" ("queryId", "columnId")
    VALUES ('1958', '1');
INSERT INTO "QueryTableAccess" ("queryId", "tableId")
    VALUES ('1958', '2');
INSERT INTO "QueryTableAccess" ("queryId", "tableId")
    VALUES ('1958', '1');
SELECT 'Screenings.screening_id', 'Reviews.review_date' FROM Screenings RIGHT OUTER JOIN Reviews ON 'Screenings.screening_id' = 'Reviews.review_date';
INSERT INTO "SqlQuery" ("queryId", "userId", "issuedAt", "finishedAt", "hasError", "errorMessage", "statement", "projectId", "queryTypeId")
    VALUES ('1959', '6', '2023-06-28 22:05:55.613531', '2023-06-28 22:05:56.613531', 'False', 'None', 'SELECT Screenings.screening_id, Reviews.review_date FROM Screenings RIGHT OUTER JOIN Reviews ON Screenings.screening_id = Reviews.review_date;', '5', '1');
INSERT INTO "QueryColumnAccess" ("queryId", "columnId")
    VALUES ('1959', '1');
INSERT INTO "QueryColumnAccess" ("queryId", "columnId")
    VALUES ('1959', '6');
INSERT INTO "QueryTableAccess" ("queryId", "tableId")
    VALUES ('1959', '5');
INSERT INTO "QueryTableAccess" ("queryId", "tableId")
    VALUES ('1959', '3');
SELECT 'Screenings.ticket_price', 'Actors.last_name' FROM Screenings NATURAL JOIN Actors ON 'Screenings.ticket_price' = 'Actors.last_name';
INSERT INTO "SqlQuery" ("queryId", "userId", "issuedAt", "finishedAt", "hasError", "errorMessage", "statement", "projectId", "queryTypeId")
    VALUES ('1960', '2', '2023-05-23 22:05:55.613540', '2023-05-23 22:05:58.613540', 'False', 'None', 'SELECT Screenings.ticket_price, Actors.last_name FROM Screenings NATURAL JOIN Actors ON Screenings.ticket_price = Actors.last_name;', '5', '1');
INSERT INTO "QueryColumnAccess" ("queryId", "columnId")
    VALUES ('1960', '6');
INSERT INTO "QueryColumnAccess" ("queryId", "columnId")
    VALUES ('1960', '3');
INSERT INTO "QueryTableAccess" ("queryId", "tableId")
    VALUES ('1960', '5');
INSERT INTO "QueryTableAccess" ("queryId", "tableId")
    VALUES ('1960', '2');
SELECT 'Reviews.user_id', 'Movies.director' FROM Reviews LEFT OUTER JOIN Movies ON 'Reviews.user_id' = 'Movies.director';
INSERT INTO "SqlQuery" ("queryId", "userId", "issuedAt", "finishedAt", "hasError", "errorMessage", "statement", "projectId", "queryTypeId")
    VALUES ('1961', '10', '2023-05-05 22:05:55.613549', '2023-05-05 22:05:58.613549', 'False', 'None', 'SELECT Reviews.user_id, Movies.director FROM Reviews LEFT OUTER JOIN Movies ON Reviews.user_id = Movies.director;', '5', '1');
INSERT INTO "QueryColumnAccess" ("queryId", "columnId")
    VALUES ('1961', '3');
INSERT INTO "QueryColumnAccess" ("queryId", "columnId")
    VALUES ('1961', '5');
INSERT INTO "QueryTableAccess" ("queryId", "tableId")
    VALUES ('1961', '3');
INSERT INTO "QueryTableAccess" ("queryId", "tableId")
    VALUES ('1961', '1');
SELECT 'Theaters.theater_id', 'Screenings.ticket_price' FROM Theaters NATURAL JOIN Screenings ON 'Theaters.theater_id' = 'Screenings.ticket_price';
INSERT INTO "SqlQuery" ("queryId", "userId", "issuedAt", "finishedAt", "hasError", "errorMessage", "statement", "projectId", "queryTypeId")
    VALUES ('1962', '6', '2023-05-16 22:05:55.613558', '2023-05-16 22:05:58.613558', 'False', 'None', 'SELECT Theaters.theater_id, Screenings.ticket_price FROM Theaters NATURAL JOIN Screenings ON Theaters.theater_id = Screenings.ticket_price;', '5', '1');
INSERT INTO "QueryColumnAccess" ("queryId", "columnId")
    VALUES ('1962', '1');
INSERT INTO "QueryColumnAccess" ("queryId", "columnId")
    VALUES ('1962', '6');
INSERT INTO "QueryTableAccess" ("queryId", "tableId")
    VALUES ('1962', '4');
INSERT INTO "QueryTableAccess" ("queryId", "tableId")
    VALUES ('1962', '5');
SELECT 'Actors.last_name', 'Theaters.theater_name' FROM Actors LEFT OUTER JOIN Theaters ON 'Actors.last_name' = 'Theaters.theater_name';
INSERT INTO "SqlQuery" ("queryId", "userId", "issuedAt", "finishedAt", "hasError", "errorMessage", "statement", "projectId", "queryTypeId")
    VALUES ('1963', '15', '2023-07-07 22:05:55.613567', '2023-07-07 22:05:57.613567', 'False', 'None', 'SELECT Actors.last_name, Theaters.theater_name FROM Actors LEFT OUTER JOIN Theaters ON Actors.last_name = Theaters.theater_name;', '5', '1');
INSERT INTO "QueryColumnAccess" ("queryId", "columnId")
    VALUES ('1963', '3');
INSERT INTO "QueryColumnAccess" ("queryId", "columnId")
    VALUES ('1963', '2');
INSERT INTO "QueryTableAccess" ("queryId", "tableId")
    VALUES ('1963', '2');
INSERT INTO "QueryTableAccess" ("queryId", "tableId")
    VALUES ('1963', '4');
SELECT 'Actors.nationality', 'Theaters.capacity' FROM Actors NATURAL JOIN Theaters ON 'Actors.nationality' = 'Theaters.capacity';
INSERT INTO "SqlQuery" ("queryId", "userId", "issuedAt", "finishedAt", "hasError", "errorMessage", "statement", "projectId", "queryTypeId")
    VALUES ('1964', '13', '2023-04-30 22:05:55.613575', '2023-04-30 22:05:58.613575', 'False', 'None', 'SELECT Actors.nationality, Theaters.capacity FROM Actors NATURAL JOIN Theaters ON Actors.nationality = Theaters.capacity;', '5', '1');
INSERT INTO "QueryColumnAccess" ("queryId", "columnId")
    VALUES ('1964', '6');
INSERT INTO "QueryColumnAccess" ("queryId", "columnId")
    VALUES ('1964', '4');
INSERT INTO "QueryTableAccess" ("queryId", "tableId")
    VALUES ('1964', '2');
INSERT INTO "QueryTableAccess" ("queryId", "tableId")
    VALUES ('1964', '4');
SELECT 'Movies.movie_id', 'Actors.nationality' FROM Movies LEFT OUTER JOIN Actors ON 'Movies.movie_id' = 'Actors.nationality';
INSERT INTO "SqlQuery" ("queryId", "userId", "issuedAt", "finishedAt", "hasError", "errorMessage", "statement", "projectId", "queryTypeId")
    VALUES ('1965', '9', '2023-05-02 22:05:55.613587', '2023-05-02 22:05:56.613587', 'False', 'None', 'SELECT Movies.movie_id, Actors.nationality FROM Movies LEFT OUTER JOIN Actors ON Movies.movie_id = Actors.nationality;', '5', '1');
INSERT INTO "QueryColumnAccess" ("queryId", "columnId")
    VALUES ('1965', '1');
INSERT INTO "QueryColumnAccess" ("queryId", "columnId")
    VALUES ('1965', '6');
INSERT INTO "QueryTableAccess" ("queryId", "tableId")
    VALUES ('1965', '1');
INSERT INTO "QueryTableAccess" ("queryId", "tableId")
    VALUES ('1965', '2');
SELECT 'Movies.release_date', 'Reviews.review_date' FROM Movies LEFT OUTER JOIN Reviews ON 'Movies.release_date' = 'Reviews.review_date';
INSERT INTO "SqlQuery" ("queryId", "userId", "issuedAt", "finishedAt", "hasError", "errorMessage", "statement", "projectId", "queryTypeId")
    VALUES ('1966', '1', '2023-05-13 22:05:55.613596', '2023-05-13 22:05:56.613596', 'False', 'None', 'SELECT Movies.release_date, Reviews.review_date FROM Movies LEFT OUTER JOIN Reviews ON Movies.release_date = Reviews.review_date;', '5', '1');
INSERT INTO "QueryColumnAccess" ("queryId", "columnId")
    VALUES ('1966', '3');
INSERT INTO "QueryColumnAccess" ("queryId", "columnId")
    VALUES ('1966', '6');
INSERT INTO "QueryTableAccess" ("queryId", "tableId")
    VALUES ('1966', '1');
INSERT INTO "QueryTableAccess" ("queryId", "tableId")
    VALUES ('1966', '3');
SELECT 'Screenings.ticket_price', 'Movies.duration' FROM Screenings NATURAL JOIN Movies ON 'Screenings.ticket_price' = 'Movies.duration';
INSERT INTO "SqlQuery" ("queryId", "userId", "issuedAt", "finishedAt", "hasError", "errorMessage", "statement", "projectId", "queryTypeId")
    VALUES ('1967', '10', '2023-07-06 22:05:55.613605', '2023-07-06 22:05:56.613605', 'False', 'None', 'SELECT Screenings.ticket_price, Movies.duration FROM Screenings NATURAL JOIN Movies ON Screenings.ticket_price = Movies.duration;', '5', '1');
INSERT INTO "QueryColumnAccess" ("queryId", "columnId")
    VALUES ('1967', '6');
INSERT INTO "QueryColumnAccess" ("queryId", "columnId")
    VALUES ('1967', '6');
INSERT INTO "QueryTableAccess" ("queryId", "tableId")
    VALUES ('1967', '5');
INSERT INTO "QueryTableAccess" ("queryId", "tableId")
    VALUES ('1967', '1');
SELECT 'Movies.title', 'Theaters.location' FROM Movies LEFT OUTER JOIN Theaters ON 'Movies.title' = 'Theaters.location';
INSERT INTO "SqlQuery" ("queryId", "userId", "issuedAt", "finishedAt", "hasError", "errorMessage", "statement", "projectId", "queryTypeId")
    VALUES ('1968', '14', '2023-07-04 22:05:55.613614', '2023-07-04 22:05:57.613614', 'False', 'None', 'SELECT Movies.title, Theaters.location FROM Movies LEFT OUTER JOIN Theaters ON Movies.title = Theaters.location;', '5', '1');
INSERT INTO "QueryColumnAccess" ("queryId", "columnId")
    VALUES ('1968', '2');
INSERT INTO "QueryColumnAccess" ("queryId", "columnId")
    VALUES ('1968', '3');
INSERT INTO "QueryTableAccess" ("queryId", "tableId")
    VALUES ('1968', '1');
INSERT INTO "QueryTableAccess" ("queryId", "tableId")
    VALUES ('1968', '4');
SELECT 'Screenings.start_time', 'Actors.gender' FROM Screenings RIGHT OUTER JOIN Actors ON 'Screenings.start_time' = 'Actors.gender';
INSERT INTO "SqlQuery" ("queryId", "userId", "issuedAt", "finishedAt", "hasError", "errorMessage", "statement", "projectId", "queryTypeId")
    VALUES ('1969', '7', '2023-06-19 22:05:55.613623', '2023-06-19 22:05:58.613623', 'False', 'None', 'SELECT Screenings.start_time, Actors.gender FROM Screenings RIGHT OUTER JOIN Actors ON Screenings.start_time = Actors.gender;', '5', '1');
INSERT INTO "QueryColumnAccess" ("queryId", "columnId")
    VALUES ('1969', '4');
INSERT INTO "QueryColumnAccess" ("queryId", "columnId")
    VALUES ('1969', '5');
INSERT INTO "QueryTableAccess" ("queryId", "tableId")
    VALUES ('1969', '5');
INSERT INTO "QueryTableAccess" ("queryId", "tableId")
    VALUES ('1969', '2');
SELECT 'Movies.genre', 'Reviews.comment' FROM Movies NATURAL JOIN Reviews ON 'Movies.genre' = 'Reviews.comment';
INSERT INTO "SqlQuery" ("queryId", "userId", "issuedAt", "finishedAt", "hasError", "errorMessage", "statement", "projectId", "queryTypeId")
    VALUES ('1970', '7', '2023-06-26 22:05:55.613631', '2023-06-26 22:05:59.613631', 'False', 'None', 'SELECT Movies.genre, Reviews.comment FROM Movies NATURAL JOIN Reviews ON Movies.genre = Reviews.comment;', '5', '1');
INSERT INTO "QueryColumnAccess" ("queryId", "columnId")
    VALUES ('1970', '4');
INSERT INTO "QueryColumnAccess" ("queryId", "columnId")
    VALUES ('1970', '5');
INSERT INTO "QueryTableAccess" ("queryId", "tableId")
    VALUES ('1970', '1');
INSERT INTO "QueryTableAccess" ("queryId", "tableId")
    VALUES ('1970', '3');
SELECT 'Actors.nationality', 'Movies.release_date' FROM Actors NATURAL JOIN Movies ON 'Actors.nationality' = 'Movies.release_date';
INSERT INTO "SqlQuery" ("queryId", "userId", "issuedAt", "finishedAt", "hasError", "errorMessage", "statement", "projectId", "queryTypeId")
    VALUES ('1971', '6', '2023-06-27 22:05:55.613640', '2023-06-27 22:05:56.613640', 'False', 'None', 'SELECT Actors.nationality, Movies.release_date FROM Actors NATURAL JOIN Movies ON Actors.nationality = Movies.release_date;', '5', '1');
INSERT INTO "QueryColumnAccess" ("queryId", "columnId")
    VALUES ('1971', '6');
INSERT INTO "QueryColumnAccess" ("queryId", "columnId")
    VALUES ('1971', '3');
INSERT INTO "QueryTableAccess" ("queryId", "tableId")
    VALUES ('1971', '2');
INSERT INTO "QueryTableAccess" ("queryId", "tableId")
    VALUES ('1971', '1');
SELECT 'Screenings.screening_id', 'Actors.last_name' FROM Screenings NATURAL JOIN Actors ON 'Screenings.screening_id' = 'Actors.last_name';
INSERT INTO "SqlQuery" ("queryId", "userId", "issuedAt", "finishedAt", "hasError", "errorMessage", "statement", "projectId", "queryTypeId")
    VALUES ('1972', '6', '2023-06-09 22:05:55.613649', '2023-06-09 22:05:58.613649', 'False', 'None', 'SELECT Screenings.screening_id, Actors.last_name FROM Screenings NATURAL JOIN Actors ON Screenings.screening_id = Actors.last_name;', '5', '1');
INSERT INTO "QueryColumnAccess" ("queryId", "columnId")
    VALUES ('1972', '1');
INSERT INTO "QueryColumnAccess" ("queryId", "columnId")
    VALUES ('1972', '3');
INSERT INTO "QueryTableAccess" ("queryId", "tableId")
    VALUES ('1972', '5');
INSERT INTO "QueryTableAccess" ("queryId", "tableId")
    VALUES ('1972', '2');
SELECT 'Theaters.capacity', 'Actors.first_name' FROM Theaters RIGHT OUTER JOIN Actors ON 'Theaters.capacity' = 'Actors.first_name';
INSERT INTO "SqlQuery" ("queryId", "userId", "issuedAt", "finishedAt", "hasError", "errorMessage", "statement", "projectId", "queryTypeId")
    VALUES ('1973', '3', '2023-05-20 22:05:55.613658', '2023-05-20 22:05:57.613658', 'False', 'None', 'SELECT Theaters.capacity, Actors.first_name FROM Theaters RIGHT OUTER JOIN Actors ON Theaters.capacity = Actors.first_name;', '5', '1');
INSERT INTO "QueryColumnAccess" ("queryId", "columnId")
    VALUES ('1973', '4');
INSERT INTO "QueryColumnAccess" ("queryId", "columnId")
    VALUES ('1973', '2');
INSERT INTO "QueryTableAccess" ("queryId", "tableId")
    VALUES ('1973', '4');
INSERT INTO "QueryTableAccess" ("queryId", "tableId")
    VALUES ('1973', '2');
SELECT 'Actors.first_name', 'Theaters.location' FROM Actors RIGHT OUTER JOIN Theaters ON 'Actors.first_name' = 'Theaters.location';
INSERT INTO "SqlQuery" ("queryId", "userId", "issuedAt", "finishedAt", "hasError", "errorMessage", "statement", "projectId", "queryTypeId")
    VALUES ('1974', '13', '2023-06-22 22:05:55.613675', '2023-06-22 22:05:59.613675', 'False', 'None', 'SELECT Actors.first_name, Theaters.location FROM Actors RIGHT OUTER JOIN Theaters ON Actors.first_name = Theaters.location;', '5', '1');
INSERT INTO "QueryColumnAccess" ("queryId", "columnId")
    VALUES ('1974', '2');
INSERT INTO "QueryColumnAccess" ("queryId", "columnId")
    VALUES ('1974', '3');
INSERT INTO "QueryTableAccess" ("queryId", "tableId")
    VALUES ('1974', '2');
INSERT INTO "QueryTableAccess" ("queryId", "tableId")
    VALUES ('1974', '4');
SELECT 'Movies.director', 'Theaters.theater_name' FROM Movies NATURAL JOIN Theaters ON 'Movies.director' = 'Theaters.theater_name';
INSERT INTO "SqlQuery" ("queryId", "userId", "issuedAt", "finishedAt", "hasError", "errorMessage", "statement", "projectId", "queryTypeId")
    VALUES ('1975', '12', '2023-05-26 22:05:55.613684', '2023-05-26 22:05:56.613684', 'False', 'None', 'SELECT Movies.director, Theaters.theater_name FROM Movies NATURAL JOIN Theaters ON Movies.director = Theaters.theater_name;', '5', '1');
INSERT INTO "QueryColumnAccess" ("queryId", "columnId")
    VALUES ('1975', '5');
INSERT INTO "QueryColumnAccess" ("queryId", "columnId")
    VALUES ('1975', '2');
INSERT INTO "QueryTableAccess" ("queryId", "tableId")
    VALUES ('1975', '1');
INSERT INTO "QueryTableAccess" ("queryId", "tableId")
    VALUES ('1975', '4');
SELECT 'Theaters.capacity', 'Actors.last_name' FROM Theaters RIGHT OUTER JOIN Actors ON 'Theaters.capacity' = 'Actors.last_name';
INSERT INTO "SqlQuery" ("queryId", "userId", "issuedAt", "finishedAt", "hasError", "errorMessage", "statement", "projectId", "queryTypeId")
    VALUES ('1976', '8', '2023-04-25 22:05:55.613692', '2023-04-25 22:05:59.613692', 'False', 'None', 'SELECT Theaters.capacity, Actors.last_name FROM Theaters RIGHT OUTER JOIN Actors ON Theaters.capacity = Actors.last_name;', '5', '1');
INSERT INTO "QueryColumnAccess" ("queryId", "columnId")
    VALUES ('1976', '4');
INSERT INTO "QueryColumnAccess" ("queryId", "columnId")
    VALUES ('1976', '3');
INSERT INTO "QueryTableAccess" ("queryId", "tableId")
    VALUES ('1976', '4');
INSERT INTO "QueryTableAccess" ("queryId", "tableId")
    VALUES ('1976', '2');
SELECT 'Movies.duration', 'Screenings.end_time' FROM Movies LEFT OUTER JOIN Screenings ON 'Movies.duration' = 'Screenings.end_time';
INSERT INTO "SqlQuery" ("queryId", "userId", "issuedAt", "finishedAt", "hasError", "errorMessage", "statement", "projectId", "queryTypeId")
    VALUES ('1977', '2', '2023-06-13 22:05:55.613701', '2023-06-13 22:05:59.613701', 'False', 'None', 'SELECT Movies.duration, Screenings.end_time FROM Movies LEFT OUTER JOIN Screenings ON Movies.duration = Screenings.end_time;', '5', '1');
INSERT INTO "QueryColumnAccess" ("queryId", "columnId")
    VALUES ('1977', '6');
INSERT INTO "QueryColumnAccess" ("queryId", "columnId")
    VALUES ('1977', '5');
INSERT INTO "QueryTableAccess" ("queryId", "tableId")
    VALUES ('1977', '1');
INSERT INTO "QueryTableAccess" ("queryId", "tableId")
    VALUES ('1977', '5');
SELECT 'Theaters.location', 'Actors.first_name' FROM Theaters LEFT OUTER JOIN Actors ON 'Theaters.location' = 'Actors.first_name';
INSERT INTO "SqlQuery" ("queryId", "userId", "issuedAt", "finishedAt", "hasError", "errorMessage", "statement", "projectId", "queryTypeId")
    VALUES ('1978', '15', '2023-05-19 22:05:55.613709', '2023-05-19 22:05:58.613709', 'False', 'None', 'SELECT Theaters.location, Actors.first_name FROM Theaters LEFT OUTER JOIN Actors ON Theaters.location = Actors.first_name;', '5', '1');
INSERT INTO "QueryColumnAccess" ("queryId", "columnId")
    VALUES ('1978', '3');
INSERT INTO "QueryColumnAccess" ("queryId", "columnId")
    VALUES ('1978', '2');
INSERT INTO "QueryTableAccess" ("queryId", "tableId")
    VALUES ('1978', '4');
INSERT INTO "QueryTableAccess" ("queryId", "tableId")
    VALUES ('1978', '2');
SELECT 'Reviews.comment', 'Theaters.location' FROM Reviews RIGHT OUTER JOIN Theaters ON 'Reviews.comment' = 'Theaters.location';
INSERT INTO "SqlQuery" ("queryId", "userId", "issuedAt", "finishedAt", "hasError", "errorMessage", "statement", "projectId", "queryTypeId")
    VALUES ('1979', '13', '2023-05-13 22:05:55.613718', '2023-05-13 22:05:59.613718', 'False', 'None', 'SELECT Reviews.comment, Theaters.location FROM Reviews RIGHT OUTER JOIN Theaters ON Reviews.comment = Theaters.location;', '5', '1');
INSERT INTO "QueryColumnAccess" ("queryId", "columnId")
    VALUES ('1979', '5');
INSERT INTO "QueryColumnAccess" ("queryId", "columnId")
    VALUES ('1979', '3');
INSERT INTO "QueryTableAccess" ("queryId", "tableId")
    VALUES ('1979', '3');
INSERT INTO "QueryTableAccess" ("queryId", "tableId")
    VALUES ('1979', '4');
SELECT 'Reviews.review_id', 'Screenings.movie_id' FROM Reviews LEFT OUTER JOIN Screenings ON 'Reviews.review_id' = 'Screenings.movie_id';
INSERT INTO "SqlQuery" ("queryId", "userId", "issuedAt", "finishedAt", "hasError", "errorMessage", "statement", "projectId", "queryTypeId")
    VALUES ('1980', '12', '2023-04-16 22:05:55.613726', '2023-04-16 22:05:56.613726', 'False', 'None', 'SELECT Reviews.review_id, Screenings.movie_id FROM Reviews LEFT OUTER JOIN Screenings ON Reviews.review_id = Screenings.movie_id;', '5', '1');
INSERT INTO "QueryColumnAccess" ("queryId", "columnId")
    VALUES ('1980', '1');
INSERT INTO "QueryColumnAccess" ("queryId", "columnId")
    VALUES ('1980', '2');
INSERT INTO "QueryTableAccess" ("queryId", "tableId")
    VALUES ('1980', '3');
INSERT INTO "QueryTableAccess" ("queryId", "tableId")
    VALUES ('1980', '5');
SELECT 'Theaters.locationr', 'Actors.nationality' FROM Theaters LEFT OUTER JOIN Actors ON 'Theaters.location' = 'Actors.nationality';
INSERT INTO "SqlQuery" ("queryId", "userId", "issuedAt", "finishedAt", "hasError", "errorMessage", "statement", "projectId", "queryTypeId")
    VALUES ('1981', '14', '2023-05-20 22:42:34.156116', 'None', 'True', 'Table/Column not found', 'SELECT Theaters.locationr, Actors.nationality FROM Theaters LEFT OUTER JOIN Actors ON Theaters.location = Actors.nationality;', '5', '1');
SELECT 'Actors.genderr', 'Theaters.capacity' FROM Actors RIGHT OUTER JOIN Theaters ON 'Actors.gender' = 'Theaters.capacity';
INSERT INTO "SqlQuery" ("queryId", "userId", "issuedAt", "finishedAt", "hasError", "errorMessage", "statement", "projectId", "queryTypeId")
    VALUES ('1982', '2', '2023-05-13 22:42:34.156139', 'None', 'True', 'Table/Column not found', 'SELECT Actors.genderr, Theaters.capacity FROM Actors RIGHT OUTER JOIN Theaters ON Actors.gender = Theaters.capacity;', '5', '1');
SELECT 'Theaters.locationr', 'Reviews.rating' FROM Theaters LEFT OUTER JOIN Reviews ON 'Theaters.location' = 'Reviews.rating';
INSERT INTO "SqlQuery" ("queryId", "userId", "issuedAt", "finishedAt", "hasError", "errorMessage", "statement", "projectId", "queryTypeId")
    VALUES ('1983', '4', '2023-06-12 22:42:34.156149', 'None', 'True', 'Table/Column not found', 'SELECT Theaters.locationr, Reviews.rating FROM Theaters LEFT OUTER JOIN Reviews ON Theaters.location = Reviews.rating;', '5', '1');
SELECT 'Screenings.end_timer', 'Reviews.movie_id' FROM Screenings RIGHT OUTER JOIN Reviews ON 'Screenings.end_time' = 'Reviews.movie_id';
INSERT INTO "SqlQuery" ("queryId", "userId", "issuedAt", "finishedAt", "hasError", "errorMessage", "statement", "projectId", "queryTypeId")
    VALUES ('1984', '7', '2023-05-28 22:42:34.156157', 'None', 'True', 'Table/Column not found', 'SELECT Screenings.end_timer, Reviews.movie_id FROM Screenings RIGHT OUTER JOIN Reviews ON Screenings.end_time = Reviews.movie_id;', '5', '1');
SELECT 'Movies.genrer', 'Actors.date_of_birth' FROM Movies LEFT OUTER JOIN Actors ON 'Movies.genre' = 'Actors.date_of_birth';
INSERT INTO "SqlQuery" ("queryId", "userId", "issuedAt", "finishedAt", "hasError", "errorMessage", "statement", "projectId", "queryTypeId")
    VALUES ('1985', '14', '2023-07-04 22:42:34.156164', 'None', 'True', 'Table/Column not found', 'SELECT Movies.genrer, Actors.date_of_birth FROM Movies LEFT OUTER JOIN Actors ON Movies.genre = Actors.date_of_birth;', '5', '1');
SELECT 'Reviews.user_idr', 'Theaters.capacity' FROM Reviews RIGHT OUTER JOIN Theaters ON 'Reviews.user_id' = 'Theaters.capacity';
INSERT INTO "SqlQuery" ("queryId", "userId", "issuedAt", "finishedAt", "hasError", "errorMessage", "statement", "projectId", "queryTypeId")
    VALUES ('1986', '4', '2023-06-22 22:42:34.156174', 'None', 'True', 'Table/Column not found', 'SELECT Reviews.user_idr, Theaters.capacity FROM Reviews RIGHT OUTER JOIN Theaters ON Reviews.user_id = Theaters.capacity;', '5', '1');
SELECT 'Screenings.theater_idr', 'Actors.gender' FROM Screenings LEFT OUTER JOIN Actors ON 'Screenings.theater_id' = 'Actors.gender';
INSERT INTO "SqlQuery" ("queryId", "userId", "issuedAt", "finishedAt", "hasError", "errorMessage", "statement", "projectId", "queryTypeId")
    VALUES ('1987', '10', '2023-05-31 22:42:34.156181', 'None', 'True', 'Table/Column not found', 'SELECT Screenings.theater_idr, Actors.gender FROM Screenings LEFT OUTER JOIN Actors ON Screenings.theater_id = Actors.gender;', '5', '1');
SELECT 'Screenings.start_timer', 'Reviews.movie_id' FROM Screenings NATURAL JOIN Reviews ON 'Screenings.start_time' = 'Reviews.movie_id';
INSERT INTO "SqlQuery" ("queryId", "userId", "issuedAt", "finishedAt", "hasError", "errorMessage", "statement", "projectId", "queryTypeId")
    VALUES ('1988', '10', '2023-06-28 22:42:34.156189', 'None', 'True', 'Table/Column not found', 'SELECT Screenings.start_timer, Reviews.movie_id FROM Screenings NATURAL JOIN Reviews ON Screenings.start_time = Reviews.movie_id;', '5', '1');
SELECT 'Theaters.theater_namer', 'Movies.release_date' FROM Theaters RIGHT OUTER JOIN Movies ON 'Theaters.theater_name' = 'Movies.release_date';
INSERT INTO "SqlQuery" ("queryId", "userId", "issuedAt", "finishedAt", "hasError", "errorMessage", "statement", "projectId", "queryTypeId")
    VALUES ('1989', '11', '2023-05-07 22:42:34.156196', 'None', 'True', 'Table/Column not found', 'SELECT Theaters.theater_namer, Movies.release_date FROM Theaters RIGHT OUTER JOIN Movies ON Theaters.theater_name = Movies.release_date;', '5', '1');
SELECT 'Reviews.review_dater', 'Actors.first_name' FROM Reviews LEFT OUTER JOIN Actors ON 'Reviews.review_date' = 'Actors.first_name';
INSERT INTO "SqlQuery" ("queryId", "userId", "issuedAt", "finishedAt", "hasError", "errorMessage", "statement", "projectId", "queryTypeId")
    VALUES ('1990', '8', '2023-06-08 22:42:34.156204', 'None', 'True', 'Table/Column not found', 'SELECT Reviews.review_dater, Actors.first_name FROM Reviews LEFT OUTER JOIN Actors ON Reviews.review_date = Actors.first_name;', '5', '1');
SELECT 'Screenings.end_time', 'Theaters.theater_id' FROM Screenings Theaters ON 'Screenings.end_time' = 'Theaters.theater_id';
INSERT INTO "SqlQuery" ("queryId", "userId", "issuedAt", "finishedAt", "hasError", "errorMessage", "statement", "projectId", "queryTypeId")
    VALUES ('1991', '8', '2023-05-28 22:48:56.203898', 'None', 'True', 'Missing keyword', 'SELECT Screenings.end_time, Theaters.theater_id FROM Screenings Theaters ON Screenings.end_time = Theaters.theater_id;', '5', '1');
SELECT 'Screenings.screening_id', 'Reviews.review_id' FROM Screenings Reviews ON 'Screenings.screening_id' = 'Reviews.review_id';
INSERT INTO "SqlQuery" ("queryId", "userId", "issuedAt", "finishedAt", "hasError", "errorMessage", "statement", "projectId", "queryTypeId")
    VALUES ('1992', '9', '2023-05-16 22:48:56.203920', 'None', 'True', 'Missing keyword', 'SELECT Screenings.screening_id, Reviews.review_id FROM Screenings Reviews ON Screenings.screening_id = Reviews.review_id;', '5', '1');
SELECT 'Reviews.user_id', 'Actors.last_name' FROM Reviews Actors ON 'Reviews.user_id' = 'Actors.last_name';
INSERT INTO "SqlQuery" ("queryId", "userId", "issuedAt", "finishedAt", "hasError", "errorMessage", "statement", "projectId", "queryTypeId")
    VALUES ('1993', '2', '2023-07-01 22:48:56.203930', 'None', 'True', 'Missing keyword', 'SELECT Reviews.user_id, Actors.last_name FROM Reviews Actors ON Reviews.user_id = Actors.last_name;', '5', '1');
SELECT 'Screenings.movie_id', 'Actors.actor_id' FROM Screenings Actors ON 'Screenings.movie_id' = 'Actors.actor_id';
INSERT INTO "SqlQuery" ("queryId", "userId", "issuedAt", "finishedAt", "hasError", "errorMessage", "statement", "projectId", "queryTypeId")
    VALUES ('1994', '5', '2023-06-16 22:48:56.203937', 'None', 'True', 'Missing keyword', 'SELECT Screenings.movie_id, Actors.actor_id FROM Screenings Actors ON Screenings.movie_id = Actors.actor_id;', '5', '1');
SELECT 'Screenings.screening_id', 'Theaters.capacity' FROM Screenings Theaters ON 'Screenings.screening_id' = 'Theaters.capacity';
INSERT INTO "SqlQuery" ("queryId", "userId", "issuedAt", "finishedAt", "hasError", "errorMessage", "statement", "projectId", "queryTypeId")
    VALUES ('1995', '11', '2023-06-11 22:48:56.203944', 'None', 'True', 'Missing keyword', 'SELECT Screenings.screening_id, Theaters.capacity FROM Screenings Theaters ON Screenings.screening_id = Theaters.capacity;', '5', '1');
SELECT 'Actors.first_name', 'Reviews.user_id' FROM Actors Reviews ON 'Actors.first_name' = 'Reviews.user_id';
INSERT INTO "SqlQuery" ("queryId", "userId", "issuedAt", "finishedAt", "hasError", "errorMessage", "statement", "projectId", "queryTypeId")
    VALUES ('1996', '11', '2023-07-04 22:48:56.203951', 'None', 'True', 'Missing keyword', 'SELECT Actors.first_name, Reviews.user_id FROM Actors Reviews ON Actors.first_name = Reviews.user_id;', '5', '1');
SELECT 'Reviews.review_date', 'Theaters.theater_name' FROM Reviews Theaters ON 'Reviews.review_date' = 'Theaters.theater_name';
INSERT INTO "SqlQuery" ("queryId", "userId", "issuedAt", "finishedAt", "hasError", "errorMessage", "statement", "projectId", "queryTypeId")
    VALUES ('1997', '13', '2023-06-27 22:48:56.203958', 'None', 'True', 'Missing keyword', 'SELECT Reviews.review_date, Theaters.theater_name FROM Reviews Theaters ON Reviews.review_date = Theaters.theater_name;', '5', '1');
SELECT 'Actors.gender', 'Screenings.end_time' FROM Actors Screenings ON 'Actors.gender' = 'Screenings.end_time';
INSERT INTO "SqlQuery" ("queryId", "userId", "issuedAt", "finishedAt", "hasError", "errorMessage", "statement", "projectId", "queryTypeId")
    VALUES ('1998', '4', '2023-04-16 22:48:56.203965', 'None', 'True', 'Missing keyword', 'SELECT Actors.gender, Screenings.end_time FROM Actors Screenings ON Actors.gender = Screenings.end_time;', '5', '1');
SELECT 'Movies.genre', 'Actors.nationality' FROM Movies Actors ON 'Movies.genre' = 'Actors.nationality';
INSERT INTO "SqlQuery" ("queryId", "userId", "issuedAt", "finishedAt", "hasError", "errorMessage", "statement", "projectId", "queryTypeId")
    VALUES ('1999', '1', '2023-06-24 22:48:56.203971', 'None', 'True', 'Missing keyword', 'SELECT Movies.genre, Actors.nationality FROM Movies Actors ON Movies.genre = Actors.nationality;', '5', '1');
SELECT 'Screenings.end_time', 'Movies.duration' FROM Screenings Movies ON 'Screenings.end_time' = 'Movies.duration';
INSERT INTO "SqlQuery" ("queryId", "userId", "issuedAt", "finishedAt", "hasError", "errorMessage", "statement", "projectId", "queryTypeId")
    VALUES ('2000', '4', '2023-05-05 22:48:56.203978', 'None', 'True', 'Missing keyword', 'SELECT Screenings.end_time, Movies.duration FROM Screenings Movies ON Screenings.end_time = Movies.duration;', '5', '1');
